update step=0 qpos=[5.115576473709027e-13, -1.1561168578941706e-15, 1.7672687317415835e-17, 7.853411024860463e-16, -9.987140238074121e-13, 2.5006567996865847e-12, 1.0, 5.115578100012286e-13, -1.1561144226744473e-15, 1.7668519981489792e-17, 7.853378731729349e-16, -9.987125059243707e-13, 2.5006539807609363e-12, 1.0]
pred step=0 action=[[-0.02122317999601364, 0.01991170644760132, 0.004803180694580078, -0.04080034792423248, -0.03112626075744629, 0.07005900144577026, 1.0174061059951782, 0.0009752064943313599, -0.04723387956619263, 0.0036870241165161133, -0.05542292818427086, -0.01075705885887146, -0.027088522911071777, 0.999443769454956]] left_gripper=1.0174061059951782 right_gripper=0.999443769454956
update step=1 qpos=[-0.0186762772500515, 0.017649652436375618, 0.003962158225476742, -0.03569432348012924, -0.02714085392653942, 0.06112746521830559, 1.0, 0.0008859876543283463, -0.041607800871133804, 0.0031637512147426605, -0.04836167022585869, -0.009403194300830364, -0.023635702207684517, 0.999443769454956]
pred step=1 action=[[-0.021157950162887573, 0.0673256516456604, 0.033788859844207764, -0.06472276151180267, -0.035506635904312134, 0.11667096614837646, 1.0227384567260742, 0.0008880048990249634, -0.05072373151779175, 0.002430856227874756, -0.053471602499485016, -0.009594738483428955, -0.02343195676803589, 1.0026506185531616]] left_gripper=1.0227384567260742 right_gripper=1.0026506185531616
update step=2 qpos=[-0.02086043916642666, 0.0613996796309948, 0.03036617487668991, -0.060975827276706696, -0.03443910926580429, 0.10959306359291077, 1.0, 0.0008884721901267767, -0.049643587321043015, 0.002495007123798132, -0.05282643064856529, -0.009571397677063942, -0.02345930226147175, 1.0]
pred step=2 action=[[-0.019753120839595795, 0.1279923915863037, 0.07456094026565552, -0.11161603778600693, -0.043157994747161865, 0.19217956066131592, 1.0400938987731934, 0.000676468014717102, -0.04521644115447998, -0.0016679763793945312, -0.04677581042051315, -0.004272758960723877, -0.018410086631774902, 1.0071558952331543]] left_gripper=1.0400938987731934 right_gripper=1.0071558952331543
update step=3 qpos=[-0.0198783278465271, 0.12013034522533417, 0.06928123533725739, -0.10514285415410995, -0.04204820469021797, 0.1816532462835312, 1.0, 0.0006899160798639059, -0.04572798311710358, -0.0012137872399762273, -0.047567907720804214, -0.004941395949572325, -0.019053466618061066, 1.0]
pred step=3 action=[[-0.01996246725320816, 0.21955376863479614, 0.13815408945083618, -0.17231705784797668, -0.04921087622642517, 0.2858101725578308, 1.0518546104431152, 0.0006579458713531494, -0.04188382625579834, -0.0048545002937316895, -0.04043096676468849, 0.0024099647998809814, -0.014093577861785889, 1.014167070388794]] left_gripper=1.0518546104431152 right_gripper=1.014167070388794
update step=4 qpos=[-0.019957296550273895, 0.20779235661029816, 0.13003842532634735, -0.16367949545383453, -0.048292383551597595, 0.27253565192222595, 1.0, 0.0006457860581576824, -0.04234222695231438, -0.004411937203258276, -0.04134509339928627, 0.0014819055795669556, -0.014725210145115852, 1.0]
pred step=4 action=[[-0.02799365296959877, 0.38401010632514954, 0.25479450821876526, -0.257644385099411, -0.047307729721069336, 0.42981240153312683, 1.049947738647461, -0.0035867244005203247, -0.05990266799926758, -0.01099860668182373, -0.04888547211885452, 0.0016495585441589355, 0.0028647780418395996, 1.0196900367736816]] left_gripper=1.049947738647461 right_gripper=1.0196900367736816
update step=5 qpos=[-0.02709205262362957, 0.36310258507728577, 0.24036774039268494, -0.24541302025318146, -0.04739883914589882, 0.409767746925354, 1.0, -0.003092861967161298, -0.05780774727463722, -0.010252530686557293, -0.04793781787157059, 0.001639522728510201, 0.000622863182798028, 1.0]
pred step=5 action=[[-0.027829639613628387, 0.5089844465255737, 0.3445550799369812, -0.3440399765968323, -0.046288520097732544, 0.5518866777420044, 1.0794769525527954, -0.004542931914329529, -0.047759950160980225, -0.004831671714782715, -0.04021207243204117, 0.0066261887550354, 0.009351730346679688, 1.0195250511169434]] left_gripper=1.0794769525527954 right_gripper=1.0195250511169434
update step=6 qpos=[-0.027787622064352036, 0.4919103682041168, 0.3322209119796753, -0.3313121795654297, -0.046409424394369125, 0.5337764024734497, 1.0, -0.004384628962725401, -0.04898986592888832, -0.005376038141548634, -0.041162557899951935, 0.00600000936537981, 0.008240179158747196, 1.0]
pred step=6 action=[[-0.03485776484012604, 0.689312756061554, 0.48002633452415466, -0.45572298765182495, -0.04247024655342102, 0.7134963870048523, 1.0886297225952148, -0.007022157311439514, -0.03051161766052246, -0.0051149725914001465, -0.034346140921115875, 0.007239043712615967, 0.007110118865966797, 1.025554895401001]] left_gripper=1.0886297225952148 right_gripper=1.025554895401001
update step=7 qpos=[-0.034091170877218246, 0.6615347862243652, 0.4632408022880554, -0.43942537903785706, -0.04294409975409508, 0.6898578405380249, 1.0, -0.006714473012834787, -0.03267713636159897, -0.005208735354244709, -0.03524257615208626, 0.0070878672413527966, 0.007254965603351593, 1.0]
pred step=7 action=[[-0.03760146722197533, 0.8872078657150269, 0.6319819688796997, -0.5950343608856201, -0.051460832357406616, 0.9089236259460449, 1.1040418148040771, -0.007349669933319092, -0.027873456478118896, -0.0024079084396362305, -0.04067384824156761, 0.007122218608856201, -0.00541841983795166, 1.0415759086608887]] left_gripper=1.1040418148040771 right_gripper=1.0415759086608887
update step=8 qpos=[-0.03718440607190132, 0.8411920666694641, 0.6132145524024963, -0.5747343301773071, -0.050376199185848236, 0.8690800070762634, 1.0, -0.00727375503629446, -0.02844429761171341, -0.0027285476680845022, -0.039977625012397766, 0.007117782719433308, -0.003802634309977293, 1.0]
pred step=8 action=[[-0.0337948240339756, 1.059505820274353, 0.7553402781486511, -0.7096421122550964, -0.05007097125053406, 1.108841896057129, 1.0879619121551514, -0.011812657117843628, -0.03246605396270752, -0.016256868839263916, -0.03507890924811363, 0.0055043697357177734, 0.006969362497329712, 1.0291595458984375]] left_gripper=1.0879619121551514 right_gripper=1.0291595458984375
update step=9 qpos=[-0.0341995544731617, 1.019234299659729, 0.7395730018615723, -0.6920640468597412, -0.05011443793773651, 1.0528850555419922, 1.0, -0.011277821846306324, -0.03194399178028107, -0.014773737639188766, -0.03576129302382469, 0.005718643311411142, 0.005595760885626078, 1.0]
pred step=9 action=[[-0.042066801339387894, 1.1699682474136353, 0.842469334602356, -0.7861257791519165, -0.046891599893569946, 1.1798819303512573, 1.1096186637878418, -0.006888717412948608, -0.03323894739151001, -0.0005581974983215332, -0.029684606939554214, 0.010671913623809814, 0.013121098279953003, 1.038557529449463]] left_gripper=1.1096186637878418 right_gripper=1.038557529449463
update step=10 qpos=[-0.04120443016290665, 1.1523618698120117, 0.8306871056556702, -0.7736915349960327, -0.047284625470638275, 1.163703203201294, 1.0, -0.007416434120386839, -0.033193815499544144, -0.0019399031298235059, -0.03034079447388649, 0.010037953034043312, 0.012162023223936558, 1.0]
pred step=10 action=[[-0.04537620767951012, 1.401496171951294, 1.0192697048187256, -0.8933414220809937, -0.04061141610145569, 1.367984414100647, 1.1305583715438843, -0.004175305366516113, -0.00546574592590332, -0.005869626998901367, -0.017631858587265015, 0.003981560468673706, 0.0039198994636535645, 1.055064082145691]] left_gripper=1.1305583715438843 right_gripper=1.055064082145691
update step=11 qpos=[-0.04493756219744682, 1.3353016376495361, 0.9954468607902527, -0.8778086304664612, -0.04144088551402092, 1.3365001678466797, 1.0, -0.00454083364456892, -0.00867434311658144, -0.005611269269138575, -0.019333722069859505, 0.004739764612168074, 0.004970339592546225, 1.0]
pred step=11 action=[[-0.056602101773023605, 1.5235223770141602, 1.0901541709899902, -0.942733645439148, -0.029051929712295532, 1.4429163932800293, 1.1549172401428223, 0.004828661680221558, 0.02849268913269043, 0.007244527339935303, -0.015008889138698578, -0.007254123687744141, -0.006198674440383911, 1.065434455871582]] left_gripper=1.1549172401428223 right_gripper=1.065434455871582
update step=12 qpos=[-0.05532437562942505, 1.4988203048706055, 1.079502820968628, -0.9339116215705872, -0.03060547634959221, 1.4293529987335205, 1.0, 0.003756549209356308, 0.024051908403635025, 0.005833959672600031, -0.015526801347732544, -0.005758758168667555, -0.004776874091476202, 1.0]
pred step=12 action=[[-0.0439651794731617, 1.653892159461975, 1.1807620525360107, -1.0217738151550293, -0.021522819995880127, 1.5714458227157593, 1.1356377601623535, 0.0011686235666275024, 0.02267909049987793, 0.006614506244659424, -0.01653268001973629, -0.002850860357284546, 0.008947938680648804, 1.063597321510315]] left_gripper=1.1356377601623535 right_gripper=1.063597321510315
update step=13 qpos=[-0.04525743052363396, 1.6352728605270386, 1.169477939605713, -1.0099848508834839, -0.022696424275636673, 1.553322196006775, 1.0, 0.0014660600572824478, 0.02284988947212696, 0.006519407965242863, -0.016403252258896828, -0.003212569048628211, 0.007198002655059099, 1.0]
pred step=13 action=[[-0.039203595370054245, 1.7406840324401855, 1.2482523918151855, -1.0795934200286865, -0.023899942636489868, 1.6540050506591797, 1.0821870565414429, -0.000422552227973938, 0.013963639736175537, 0.007820487022399902, -0.02380693331360817, 0.0001341104507446289, 0.010848313570022583, 1.0619629621505737]] left_gripper=1.0821870565414429 right_gripper=1.0619629621505737
update step=14 qpos=[-0.03989703580737114, 1.7278857231140137, 1.2393707036972046, -1.0703253746032715, -0.023755207657814026, 1.641167402267456, 1.0, -0.0002091190981445834, 0.01501518115401268, 0.007667304016649723, -0.02285643108189106, -0.0002843030379153788, 0.010384022258222103, 1.0]
pred step=14 action=[[-0.030017346143722534, 1.7573773860931396, 1.2538459300994873, -1.0819060802459717, -0.03199771046638489, 1.6815354824066162, 1.0561819076538086, -0.0014532506465911865, 0.006292462348937988, 0.0005179643630981445, -0.019635507836937904, 0.002602219581604004, 0.013666242361068726, 1.0607494115829468]] left_gripper=1.0561819076538086 right_gripper=1.0607494115829468
update step=15 qpos=[-0.03107067383825779, 1.7536007165908813, 1.2524092197418213, -1.080316424369812, -0.0309707373380661, 1.676390290260315, 1.0, -0.0013142134994268417, 0.0073424759320914745, 0.0013160094385966659, -0.020067913457751274, 0.002240611705929041, 0.01324828527867794, 1.0]
pred step=15 action=[[-0.05110429599881172, 1.864321231842041, 1.3058106899261475, -1.1129546165466309, -0.012914448976516724, 1.734561562538147, 1.0480449199676514, -0.0030675679445266724, 0.006754755973815918, 0.007207810878753662, -0.01666194386780262, 0.01126188039779663, -0.00158613920211792, 1.0580620765686035]] left_gripper=1.0480449199676514 right_gripper=1.0580620765686035
update step=16 qpos=[-0.049019042402505875, 1.8516669273376465, 1.2995986938476562, -1.108384609222412, -0.015166370198130608, 1.7271407842636108, 1.0, -0.002878776518628001, 0.0067787314765155315, 0.006631694734096527, -0.01704750768840313, 0.01012377068400383, 0.00030608175438828766, 1.0]
pred step=16 action=[[-0.034199755638837814, 1.876662015914917, 1.3255963325500488, -1.1283466815948486, -0.024481892585754395, 1.7905348539352417, 1.005143165588379, -0.0036487579345703125, -0.012318849563598633, 0.000352323055267334, -0.02742299810051918, 0.009617209434509277, 0.010574549436569214, 1.0529078245162964]] left_gripper=1.005143165588379 right_gripper=1.0529078245162964
update step=17 qpos=[-0.03562459722161293, 1.8729758262634277, 1.323041319847107, -1.1256548166275024, -0.023336177691817284, 1.7824504375457764, 1.0, -0.0035595656372606754, -0.010014915838837624, 0.0009804221335798502, -0.02613603137433529, 0.0096847303211689, 0.009264730848371983, 1.0]
pred step=17 action=[[-0.037791941314935684, 1.9190164804458618, 1.3573614358901978, -1.1489484310150146, -0.025962918996810913, 1.8227545022964478, 0.908653736114502, -0.004295840859413147, -0.025009334087371826, -0.0026702284812927246, -0.026439346373081207, 0.01496836543083191, 0.01766812801361084, 1.0541555881500244]] left_gripper=0.908653736114502 right_gripper=1.0541555881500244
update step=18 qpos=[-0.037650931626558304, 1.9137245416641235, 1.353272795677185, -1.1458126306533813, -0.025620145723223686, 1.817616581916809, 0.908653736114502, -0.004222055431455374, -0.023249614983797073, -0.002199172042310238, -0.026387356221675873, 0.014303197152912617, 0.0165976881980896, 1.0]
pred step=18 action=[[-0.034994762390851974, 1.9309176206588745, 1.3611809015274048, -1.153700590133667, -0.022684812545776367, 1.8300737142562866, 0.8722148537635803, -0.007798314094543457, -0.041043996810913086, 0.0002643465995788574, -0.026645835489034653, 0.017794936895370483, 0.014115124940872192, 1.0483076572418213]] left_gripper=0.8722148537635803 right_gripper=1.0483076572418213
update step=19 qpos=[-0.035263657569885254, 1.9287165403366089, 1.3603718280792236, -1.1526391506195068, -0.02306262217462063, 1.8284857273101807, 0.8722148537635803, -0.0073860762640833855, -0.03897104784846306, 6.730620953021571e-05, -0.026568317785859108, 0.017361119389533997, 0.01443268172442913, 1.0]
pred step=19 action=[[-0.04342523589730263, 1.9414528608322144, 1.3541972637176514, -1.1533362865447998, -0.027101635932922363, 1.850854516029358, 0.7806694507598877, -0.00788956880569458, -0.04901599884033203, -0.01636725664138794, -0.012714933604001999, 0.01806536316871643, 0.01443779468536377, 1.046316146850586]] left_gripper=0.7806694507598877 right_gripper=1.046316146850586
update step=20 qpos=[-0.04259178042411804, 1.9399621486663818, 1.3549294471740723, -1.1532461643218994, -0.026573948562145233, 1.8480037450790405, 0.7806694507598877, -0.007832503877580166, -0.0477752722799778, -0.014563149772584438, -0.014543354511260986, 0.017977677285671234, 0.014437186531722546, 1.0]
pred step=20 action=[[-0.0394507572054863, 1.9327571392059326, 1.3490731716156006, -1.1491858959197998, -0.0359404981136322, 1.8893089294433594, 0.6642959117889404, -0.01011018455028534, -0.05484539270401001, -0.028272509574890137, -0.012140059843659401, 0.01570954918861389, 0.023974090814590454, 1.0455198287963867]] left_gripper=0.6642959117889404 right_gripper=1.0455198287963867
update step=21 qpos=[-0.03970576077699661, 1.933375597000122, 1.3499082326889038, -1.1497238874435425, -0.034765902906656265, 1.8840428590774536, 0.6642959117889404, -0.009839378297328949, -0.053986676037311554, -0.026709161698818207, -0.012485271319746971, 0.0160019900649786, 0.022758325561881065, 1.0]
pred step=21 action=[[-0.03661675751209259, 1.9511351585388184, 1.3674545288085938, -1.1596636772155762, -0.03939175605773926, 1.895680546760559, 0.5742372274398804, -0.011309310793876648, -0.06364983320236206, -0.02171427011489868, -0.01895826682448387, 0.022087812423706055, 0.026892155408859253, 1.0474591255187988]] left_gripper=0.5742372274398804 right_gripper=1.0474591255187988
update step=22 qpos=[-0.036955446004867554, 1.949148416519165, 1.3653322458267212, -1.1583201885223389, -0.03880976140499115, 1.8941969871520996, 0.5742372274398804, -0.01115066185593605, -0.06255636364221573, -0.02216203324496746, -0.01807701215147972, 0.021322159096598625, 0.02636611834168434, 1.0]
pred step=22 action=[[-0.04289500042796135, 1.9459733963012695, 1.3505167961120605, -1.1461765766143799, -0.04269075393676758, 1.8824787139892578, 0.5390151143074036, -0.011166617274284363, -0.05255550146102905, -0.024000942707061768, -0.01900452747941017, 0.020488470792770386, 0.01952570676803589, 1.0439964532852173]] left_gripper=0.5390151143074036 right_gripper=1.0439964532852173
update step=23 qpos=[-0.0423002764582634, 1.9463341236114502, 1.3523122072219849, -1.1477495431900024, -0.04218510910868645, 1.8839744329452515, 0.5390151143074037, -0.011162017472088337, -0.05370151624083519, -0.023899970576167107, -0.01893092691898346, 0.02059340663254261, 0.020397935062646866, 1.0]
pred step=23 action=[[-0.03828636184334755, 1.951398253440857, 1.3548215627670288, -1.1581966876983643, -0.0434357225894928, 1.8859108686447144, 0.4615944027900696, -0.010471895337104797, -0.05793023109436035, -0.024493038654327393, -0.01613357476890087, 0.026749134063720703, 0.019089818000793457, 1.0417307615280151]] left_gripper=0.4615944027900696 right_gripper=1.0417307615280151
update step=24 qpos=[-0.038660451769828796, 1.9507402181625366, 1.3545156717300415, -1.1568738222122192, -0.0432886928319931, 1.8856635093688965, 0.4615944027900696, -0.010565669275820255, -0.057451047003269196, -0.02435413934290409, -0.016468321904540062, 0.025969546288251877, 0.019256602972745895, 1.0]
pred step=24 action=[[-0.03442505747079849, 1.9522385597229004, 1.3521454334259033, -1.1381146907806396, -0.04371240735054016, 1.9114688634872437, 0.38087737560272217, -0.01595841348171234, -0.060437917709350586, -0.029712557792663574, -0.01061557698994875, 0.026027590036392212, 0.023515969514846802, 1.03769850730896]] left_gripper=0.38087737560272217 right_gripper=1.03769850730896
update step=25 qpos=[-0.03511885181069374, 1.9516502618789673, 1.3528283834457397, -1.1404749155044556, -0.04350988566875458, 1.9081928730010986, 0.38087737560272217, -0.01532561145722866, -0.06007268279790878, -0.029109368100762367, -0.0113773662596941, 0.026031970977783203, 0.02297343499958515, 1.0]
pred step=25 action=[[-0.033202432096004486, 1.9306720495224, 1.355504035949707, -1.1483559608459473, -0.04685404896736145, 1.9040734767913818, 0.31519874930381775, -0.01135040819644928, -0.07404518127441406, -0.03467327356338501, -0.005612875800579786, 0.02240729331970215, 0.03673440217971802, 1.0356537103652954]] left_gripper=0.31519874930381775 right_gripper=1.0356537103652954
update step=26 qpos=[-0.03344816341996193, 1.932952642440796, 1.3552987575531006, -1.1472725868225098, -0.046376537531614304, 1.9046003818511963, 0.31519874930381775, -0.01181308925151825, -0.07240227609872818, -0.03397093340754509, -0.006334363017231226, 0.022859323769807816, 0.034979648888111115, 1.0]
pred step=26 action=[[-0.03440575301647186, 1.9364955425262451, 1.3353508710861206, -1.1400024890899658, -0.04046893119812012, 1.91588294506073, 0.3252723217010498, -0.014910012483596802, -0.05959266424179077, -0.03504812717437744, -0.008552109822630882, 0.018451154232025146, 0.03298079967498779, 1.0334762334823608]] left_gripper=0.3252723217010498 right_gripper=1.0334762334823608
update step=27 qpos=[-0.03185135871171951, 1.9266493320465088, 1.3469722270965576, -1.1391730308532715, -0.043346211314201355, 1.9142110347747803, 0.32527232170104975, -0.014535523019731045, -0.06108551844954491, -0.0350055992603302, -0.008305350318551064, 0.01901383511722088, 0.03323628753423691, 1.0]
pred step=27 action=[[-0.029456567019224167, 1.9396734237670898, 1.3720576763153076, -1.1742613315582275, -0.059473395347595215, 1.9179469347000122, 0.25548458099365234, -0.015693172812461853, -0.06599593162536621, -0.03359133005142212, -0.021779939532279968, 0.02969422936439514, 0.03115871548652649, 1.0393949747085571]] left_gripper=0.25548458099365234 right_gripper=1.0393949747085571
update step=28 qpos=[-0.030675480142235756, 1.9383906126022339, 1.3697651624679565, -1.1686090230941772, -0.05653693154454231, 1.9175001382827759, 0.25548458099365234, -0.015579601749777794, -0.06541109085083008, -0.0337584987282753, -0.0200605858117342, 0.028346337378025055, 0.03142426908016205, 1.0]
pred step=28 action=[[-0.03651794046163559, 1.9270864725112915, 1.3440545797348022, -1.1560254096984863, -0.0512830913066864, 1.8932440280914307, 0.23971450328826904, -0.01312592625617981, -0.05647355318069458, -0.03396707773208618, -0.0027422220446169376, 0.026466399431228638, 0.025878816843032837, 1.0333503484725952]] left_gripper=0.23971450328826904 right_gripper=1.0333503484725952
update step=29 qpos=[-0.03357982635498047, 1.9264034032821655, 1.3509923219680786, -1.1551389694213867, -0.054174382239580154, 1.8960412740707397, 0.2790042809866093, -0.013409765437245369, -0.05756199359893799, -0.03386649116873741, -0.0049306233413517475, 0.026698997244238853, 0.026585400104522705, 1.0]
pred step=29 action=[[-0.03166339546442032, 1.9230648279190063, 1.3741672039031982, -1.1810309886932373, -0.05796131491661072, 1.911100149154663, 0.1907672882080078, -0.014256566762924194, -0.06015866994857788, -0.03188127279281616, -0.017216019332408905, 0.030440419912338257, 0.030404508113861084, 1.035836935043335]] left_gripper=0.1907672882080078 right_gripper=1.035836935043335
update step=30 qpos=[-0.032202206552028656, 1.9236500263214111, 1.3718414306640625, -1.1769241094589233, -0.05717049166560173, 1.9091755151748657, 0.24916208419534894, -0.014164868742227554, -0.05982920899987221, -0.03217267245054245, -0.015662873163819313, 0.029969582334160805, 0.029917610809206963, 1.0]
pred step=30 action=[[-0.03094109520316124, 1.9246189594268799, 1.3664100170135498, -1.1772453784942627, -0.052363693714141846, 1.9153785705566406, 0.21303212642669678, -0.01507897675037384, -0.06408613920211792, -0.04076606035232544, -0.009711034595966339, 0.022386789321899414, 0.033832699060440063, 1.036515235900879]] left_gripper=0.21303212642669678 right_gripper=1.036515235900879
update step=31 qpos=[-0.03022611513733864, 1.9219154119491577, 1.3707444667816162, -1.1754581928253174, -0.05370151251554489, 1.9144675731658936, 0.23395627703931596, -0.014956849627196789, -0.06347953528165817, -0.036371007561683655, -0.010506080463528633, 0.02334776520729065, 0.03333338350057602, 1.0]
pred step=31 action=[[-0.03545527532696724, 1.9301642179489136, 1.3660961389541626, -1.1706149578094482, -0.05222633481025696, 1.9087321758270264, 0.19373971223831177, -0.01579633355140686, -0.056128621101379395, -0.030926406383514404, -0.012395074591040611, 0.027674168348312378, 0.032469362020492554, 1.0309308767318726]] left_gripper=0.19373971223831177 right_gripper=1.0309308767318726
update step=32 qpos=[-0.03321566432714462, 1.9249626398086548, 1.371698021888733, -1.1694837808609009, -0.05394531786441803, 1.9092978239059448, 0.20655271391625757, -0.01570633053779602, -0.057005226612091064, -0.03156451880931854, -0.012146515771746635, 0.027128394693136215, 0.03258002549409866, 1.0]
pred step=32 action=[[-0.029993634670972824, 1.9316294193267822, 1.370004415512085, -1.1786174774169922, -0.05162942409515381, 1.9084017276763916, 0.14026349782943726, -0.013500109314918518, -0.06769043207168579, -0.037787437438964844, -0.00243552029132843, 0.02535918354988098, 0.039842426776885986, 1.0344922542572021]] left_gripper=0.14026349782943726 right_gripper=1.0344922542572021
update step=33 qpos=[-0.030913949012756348, 1.92710542678833, 1.3745999336242676, -1.1759499311447144, -0.05141196772456169, 1.9085077047348022, 0.2173418617358914, -0.013756487518548965, -0.06628043949604034, -0.036333560943603516, -0.003769457573071122, 0.025579657405614853, 0.038916219025850296, 1.0]
pred step=33 action=[[-0.025483250617980957, 1.9046310186386108, 1.3734084367752075, -1.1839141845703125, -0.06179535388946533, 1.9212855100631714, 0.11538714170455933, -0.019597560167312622, -0.0530400276184082, -0.029033184051513672, -0.01919957809150219, 0.03374239802360535, 0.028188467025756836, 1.0299098491668701]] left_gripper=0.11538714170455933 right_gripper=1.0299098491668701
update step=34 qpos=[-0.026346074417233467, 1.9072222709655762, 1.3738292455673218, -1.1826242208480835, -0.06032828986644745, 1.9196586608886719, 0.19476329115805802, -0.018925879150629044, -0.054581016302108765, -0.029992638155817986, -0.017258187755942345, 0.03272091969847679, 0.029557524248957634, 1.0]
pred step=34 action=[[-0.02707546204328537, 1.9175585508346558, 1.3776981830596924, -1.1871919631958008, -0.05732640624046326, 1.9267563819885254, 0.09303081035614014, -0.017764493823051453, -0.06077998876571655, -0.03648859262466431, -0.012544915080070496, 0.02980726957321167, 0.03877490758895874, 1.0349304676055908]] left_gripper=0.09303081035614014 right_gripper=1.0349304676055908
update step=35 qpos=[-0.02742394246160984, 1.9157458543777466, 1.378677248954773, -1.1856952905654907, -0.05746961757540703, 1.9258605241775513, 0.12037766029437383, -0.017897434532642365, -0.06003594398498535, -0.03573281317949295, -0.013158181682229042, 0.030174991115927696, 0.037599001079797745, 1.0]
pred step=35 action=[[-0.022874437272548676, 1.9197776317596436, 1.3905143737792969, -1.206953763961792, -0.06289282441139221, 1.9260270595550537, 0.09978973865509033, -0.015999630093574524, -0.07317662239074707, -0.03698617219924927, -0.012791913002729416, 0.026699602603912354, 0.0453609824180603, 1.0379257202148438]] left_gripper=0.09978973865509033 right_gripper=1.0379257202148438
update step=36 qpos=[-0.02370736002922058, 1.9189679622650146, 1.3896859884262085, -1.2038108110427856, -0.061987243592739105, 1.9260156154632568, 0.09978973865509033, -0.016216788440942764, -0.07164524495601654, -0.036282144486904144, -0.012797025963664055, 0.02713586576282978, 0.04437146708369255, 1.0]
pred step=36 action=[[-0.024627920240163803, 1.9291210174560547, 1.4059765338897705, -1.2148652076721191, -0.06857505440711975, 1.9242674112319946, 0.04796046018600464, -0.016127049922943115, -0.06987875699996948, -0.035050034523010254, -0.011683997698128223, 0.03404611349105835, 0.039728790521621704, 1.0360709428787231]] left_gripper=0.04796046018600464 right_gripper=1.0360709428787231
update step=37 qpos=[-0.024776052683591843, 1.9273648262023926, 1.4043241739273071, -1.2135905027389526, -0.06771040707826614, 1.9244937896728516, 0.047960460186004646, -0.016150720417499542, -0.07008714228868484, -0.035207103937864304, -0.011827151291072369, 0.033171698451042175, 0.040321510285139084, 1.0]
pred step=37 action=[[-0.022470366209745407, 1.92707097530365, 1.4114952087402344, -1.2244207859039307, -0.07243335247039795, 1.9323930740356445, 0.03445082902908325, -0.017824068665504456, -0.07192343473434448, -0.035537540912628174, -0.018282875418663025, 0.03216168284416199, 0.04086312651634216, 1.0357261896133423]] left_gripper=0.03445082902908325 right_gripper=1.0357261896133423
update step=38 qpos=[-0.02278832532465458, 1.9267568588256836, 1.4109987020492554, -1.2228591442108154, -0.07182049006223679, 1.931391716003418, 0.03445082902908324, -0.017625603824853897, -0.07168953120708466, -0.035542335361242294, -0.017473775893449783, 0.03229328244924545, 0.040793947875499725, 1.0]
pred step=38 action=[[-0.020908821374177933, 1.9071283340454102, 1.419623613357544, -1.2359881401062012, -0.07682088017463684, 1.928855061531067, 0.01679372787475586, -0.017346158623695374, -0.06808757781982422, -0.027926385402679443, -0.02810731530189514, 0.033684343099594116, 0.034534603357315063, 1.0322022438049316]] left_gripper=0.01679372787475586 right_gripper=1.0322022438049316
update step=39 qpos=[-0.021232333034276962, 1.9094409942626953, 1.4186471700668335, -1.2342400550842285, -0.0761493444442749, 1.9291828870773315, 0.016793727874755866, -0.017381321638822556, -0.06852623075246811, -0.028800180181860924, -0.026734484359622, 0.03350728005170822, 0.035332635045051575, 1.0]
pred step=39 action=[[-0.01736392080783844, 1.9077348709106445, 1.426145076751709, -1.2455213069915771, -0.08323082327842712, 1.921004056930542, -0.05364435911178589, -0.015558570623397827, -0.06935697793960571, -0.03005737066268921, -0.02627253532409668, 0.03586086630821228, 0.037070512771606445, 1.0324786901474]] left_gripper=-0.05364435911178589 right_gripper=1.0324786901474
update step=40 qpos=[-0.01776672527194023, 1.9081710577011108, 1.4250600337982178, -1.244104027748108, -0.08234000205993652, 1.9220484495162964, 0.0, -0.015777701511979103, -0.06924526393413544, -0.029942162334918976, -0.026343489065766335, 0.03556003421545029, 0.03684861212968826, 1.0]
pred step=40 action=[[-0.023803919553756714, 1.9089065790176392, 1.4453537464141846, -1.261387586593628, -0.08565562963485718, 1.9153523445129395, -0.014385700225830078, -0.015226408839225769, -0.07048821449279785, -0.024539530277252197, -0.028687577694654465, 0.03893113136291504, 0.030980825424194336, 1.0332081317901611]] left_gripper=-0.014385700225830078 right_gripper=1.0332081317901611
update step=41 qpos=[-0.023202484473586082, 1.9087700843811035, 1.4429361820220947, -1.2591526508331299, -0.08522184938192368, 1.9162068367004395, 0.0, -0.015297274105250835, -0.07036421447992325, -0.025114452466368675, -0.02835901640355587, 0.038503438234329224, 0.03172916918992996, 1.0]
pred step=41 action=[[-0.022071342915296555, 1.9040695428848267, 1.4337122440338135, -1.2592494487762451, -0.07915803790092468, 1.9085644483566284, -0.05333834886550903, -0.01693032681941986, -0.06532961130142212, -0.028399348258972168, -0.02822284772992134, 0.03564262390136719, 0.032535403966903687, 1.0342779159545898]] left_gripper=-0.05333834886550903 right_gripper=1.0342779159545898
update step=42 qpos=[-0.022159982472658157, 1.9047679901123047, 1.434685230255127, -1.2592931985855103, -0.07993268966674805, 1.909539818763733, 0.0, -0.016732215881347656, -0.0658913403749466, -0.02810990996658802, -0.028278853744268417, 0.03600761294364929, 0.03243226185441017, 1.0]
pred step=42 action=[[-0.02532036602497101, 1.900831699371338, 1.4560489654541016, -1.2944262027740479, -0.08745875954627991, 1.9103327989578247, -0.049607932567596436, -0.01686832308769226, -0.0665556788444519, -0.03259927034378052, -0.042455945163965225, 0.03305432200431824, 0.03240996599197388, 1.032110571861267]] left_gripper=-0.049607932567596436 right_gripper=1.032110571861267
update step=43 qpos=[-0.024983584880828857, 1.9010703563690186, 1.4534940719604492, -1.2899833917617798, -0.08650065958499908, 1.9102336168289185, 0.0, -0.01684635877609253, -0.0664389505982399, -0.03217163681983948, -0.04069191589951515, 0.03342776373028755, 0.032412607222795486, 1.0]
pred step=43 action=[[-0.03056998923420906, 1.882922649383545, 1.463677167892456, -1.3063271045684814, -0.08625873923301697, 1.8872836828231812, -0.061250388622283936, -0.013173937797546387, -0.06523144245147705, -0.02249622344970703, -0.05529402568936348, 0.033011943101882935, 0.029621422290802002, 1.025625228881836]] left_gripper=-0.061250388622283936 right_gripper=1.025625228881836
update step=44 qpos=[-0.02997843362390995, 1.885045051574707, 1.4623984098434448, -1.3042964935302734, -0.08628080785274506, 1.8902132511138916, 0.0, -0.013604288920760155, -0.06540852785110474, -0.023550722748041153, -0.053393326699733734, 0.03305673971772194, 0.02997679077088833, 1.0]
pred step=44 action=[[-0.028464052826166153, 1.8969171047210693, 1.4503779411315918, -1.2841484546661377, -0.08336710929870605, 1.8944467306137085, -0.0666576623916626, -0.014676570892333984, -0.07609665393829346, -0.041538774967193604, -0.03577932342886925, 0.026166319847106934, 0.0408482551574707, 1.0284355878829956]] left_gripper=-0.0666576623916626 right_gripper=1.0284355878829956
update step=45 qpos=[-0.02859111689031124, 1.8960201740264893, 1.451628565788269, -1.2866746187210083, -0.08374032378196716, 1.8939037322998047, 0.0, -0.014535604976117611, -0.0743478536605835, -0.03627873212099075, -0.0383409783244133, 0.02704053558409214, 0.03946182131767273, 1.0]
pred step=45 action=[[-0.027216631919145584, 1.8855788707733154, 1.4785587787628174, -1.3133289813995361, -0.08634975552558899, 1.8834340572357178, -0.06098419427871704, -0.012378871440887451, -0.08188498020172119, -0.03223162889480591, -0.05563950911164284, 0.028254300355911255, 0.03479498624801636, 1.0271912813186646]] left_gripper=-0.06098419427871704 right_gripper=1.0271912813186646
update step=46 qpos=[-0.027361126616597176, 1.886308193206787, 1.4755860567092896, -1.309911847114563, -0.08602194488048553, 1.8847702741622925, 0.0, -0.012634290382266045, -0.08096449822187424, -0.03279198333621025, -0.05344770476222038, 0.028095779940485954, 0.035390328615903854, 1.0]
pred step=46 action=[[-0.025175102055072784, 1.8732211589813232, 1.4884748458862305, -1.342832326889038, -0.09734433889389038, 1.8642510175704956, -0.1056627631187439, -0.009664356708526611, -0.07411134243011475, -0.026504158973693848, -0.07323653995990753, 0.026518642902374268, 0.029254168272018433, 1.018295168876648]] left_gripper=-0.1056627631187439 right_gripper=1.018295168876648
update step=47 qpos=[-0.025387465953826904, 1.8748911619186401, 1.486696720123291, -1.338730812072754, -0.09591463953256607, 1.8668713569641113, 0.0, -0.010008675046265125, -0.07489923387765884, -0.0273293424397707, -0.07073605060577393, 0.026711415499448776, 0.03003573976457119, 1.0]
pred step=47 action=[[-0.03070315346121788, 1.8863636255264282, 1.482369303703308, -1.3456385135650635, -0.07624432444572449, 1.8517357110977173, -0.08490484952926636, -0.010990828275680542, -0.06280183792114258, -0.03397876024246216, -0.07364798337221146, 0.03050169348716736, 0.0145779550075531, 1.0225296020507812]] left_gripper=-0.08490484952926636 right_gripper=1.0225296020507812
update step=48 qpos=[-0.03021104820072651, 1.8853607177734375, 1.4826503992080688, -1.3447738885879517, -0.07872531563043594, 1.8536664247512817, 0.0, -0.010879886336624622, -0.06418807059526443, -0.03332651033997536, -0.0733397826552391, 0.030022382736206055, 0.01654869131743908, 1.0]
pred step=48 action=[[-0.02477937564253807, 1.8809313774108887, 1.5137799978256226, -1.350005865097046, -0.061030298471450806, 1.8386051654815674, -0.08870983123779297, -0.008437827229499817, -0.06347101926803589, -0.026804745197296143, -0.06736394762992859, 0.033939480781555176, 0.01125401258468628, 1.0205888748168945]] left_gripper=-0.08870983123779297 right_gripper=1.0205888748168945
update step=49 qpos=[-0.025332411751151085, 1.881109595298767, 1.5103559494018555, -1.349217414855957, -0.0632825493812561, 1.8405228853225708, 0.0, -0.008732421323657036, -0.06362541019916534, -0.027375008910894394, -0.06805393844842911, 0.03343921899795532, 0.011928318999707699, 1.0]
pred step=49 action=[[-0.025020360946655273, 1.87252676486969, 1.50434410572052, -1.3555688858032227, -0.05443906784057617, 1.8233610391616821, -0.10143125057220459, -0.005493640899658203, -0.0701717734336853, -0.029175519943237305, -0.09210021793842316, 0.03652492165565491, 0.009005695581436157, 1.0130555629730225]] left_gripper=-0.10143125057220459 right_gripper=1.0130555629730225
update step=50 qpos=[-0.025096174329519272, 1.8738049268722534, 1.504844307899475, -1.3548287153244019, -0.055557943880558014, 1.8255517482757568, 0.0, -0.005879632197320461, -0.06932259351015091, -0.02916763164103031, -0.08910015970468521, 0.03612833470106125, 0.009377766400575638, 1.0]
pred step=50 action=[[-0.01853596419095993, 1.9341351985931396, 1.6535234451293945, -1.4298651218414307, -0.012290865182876587, 1.7159255743026733, 0.11158138513565063, -0.0021045953035354614, -0.08648085594177246, -0.05117213726043701, 0.023625683039426804, 0.025192081928253174, 0.0008011758327484131, 1.012195348739624]] left_gripper=0.11158138513565063 right_gripper=1.012195348739624
update step=51 qpos=[-0.019311465322971344, 1.9268299341201782, 1.6360015869140625, -1.4197380542755127, -0.01776902750134468, 1.729900598526001, 0.11158138513565065, -0.002525467425584793, -0.08472864329814911, -0.03621245175600052, 0.00968659296631813, 0.026565484702587128, 0.0018943636678159237, 1.0]
pred step=51 action=[[-0.01817992329597473, 1.9321057796478271, 1.6516902446746826, -1.414081335067749, 0.0030020475387573242, 1.7013607025146484, 0.1224328875541687, -0.00134257972240448, -0.08982980251312256, -0.05248665809631348, 0.018866345286369324, 0.030891329050064087, -0.0026930570602416992, 1.0084999799728394]] left_gripper=0.1224328875541687 right_gripper=1.0084999799728394
update step=52 qpos=[-0.018366215750575066, 1.9318687915802002, 1.649714469909668, -1.4147013425827026, 0.00037331352359615266, 1.7049940824508667, 0.1224328875541687, -0.001490029157139361, -0.0890585407614708, -0.03619052469730377, 0.017758777365088463, 0.030340926721692085, -0.002108353888615966, 1.0]
pred step=52 action=[[-0.028698164969682693, 1.9288960695266724, 1.63901686668396, -1.3912718296051025, 0.021365463733673096, 1.6700655221939087, 0.1056058406829834, -0.0015994012355804443, -0.09232616424560547, -0.0505867600440979, 0.015204244293272495, 0.032956451177597046, -0.005511850118637085, 1.011633038520813]] left_gripper=0.1056058406829834 right_gripper=1.011633038520813
update step=53 qpos=[-0.027668481692671776, 1.9293477535247803, 1.640366792678833, -1.394216537475586, 0.018724989145994186, 1.6745197772979736, 0.1056058406829834, -0.0015921107260510325, -0.0917559489607811, -0.03615167737007141, 0.015534404665231705, 0.03262601047754288, -0.0050779650919139385, 1.0]
pred step=53 action=[[-0.03411724418401718, 1.926007628440857, 1.628190517425537, -1.3615193367004395, 0.04865187406539917, 1.6311562061309814, 0.11012732982635498, -0.002527564764022827, -0.09185135364532471, -0.04765629768371582, 0.011280790902674198, 0.03350231051445007, -0.00887155532836914, 1.0106759071350098]] left_gripper=0.11012732982635498 right_gripper=1.0106759071350098
update step=54 qpos=[-0.033399198204278946, 1.9264627695083618, 1.62978994846344, -1.3656169176101685, 0.04486324265599251, 1.6366850137710571, 0.11012732982635498, -0.0024194479919970036, -0.09190427511930466, -0.03615177050232887, 0.011801696382462978, 0.03339309245347977, -0.008387970738112926, 1.0]
pred step=54 action=[[-0.04116155207157135, 1.9072016477584839, 1.5842540264129639, -1.3087785243988037, 0.08450546860694885, 1.583655595779419, 0.09317547082901001, -0.006427451968193054, -0.09406805038452148, -0.04882967472076416, 0.006557050161063671, 0.043985605239868164, -0.007635682821273804, 1.0166218280792236]] left_gripper=0.09317547082901001 right_gripper=1.0166218280792236
update step=55 qpos=[-0.04036405310034752, 1.9095900058746338, 1.5898561477661133, -1.3160430192947388, 0.07948647439479828, 1.5904194116592407, 0.09317547082901001, -0.005978712346404791, -0.09366767853498459, -0.036125291138887405, 0.007206285372376442, 0.04265500232577324, -0.007730789016932249, 1.0]
pred step=55 action=[[-0.042010001838207245, 1.9017466306686401, 1.5749056339263916, -1.26430082321167, 0.12430320680141449, 1.5530319213867188, 0.08651465177536011, -0.004439860582351685, -0.10285592079162598, -0.047869980335235596, 0.006964807398617268, 0.0373082160949707, -0.015441834926605225, 1.0134553909301758]] left_gripper=0.08651465177536011 right_gripper=1.0134553909301758
update step=56 qpos=[-0.0418255589902401, 1.9027278423309326, 1.5769422054290771, -1.2707825899124146, 0.11861792206764221, 1.5577964782714844, 0.08651465177536011, -0.004610763862729073, -0.10164511948823929, -0.0360419824719429, 0.007023634389042854, 0.03798101469874382, -0.01445904653519392, 1.0]
pred step=56 action=[[-0.048876140266656876, 1.8749327659606934, 1.50923490524292, -1.1505491733551025, 0.19135360419750214, 1.4770234823226929, 0.07607120275497437, -0.006966248154640198, -0.12007057666778564, -0.05338454246520996, 0.009327138774096966, 0.05195465683937073, -0.00994807481765747, 1.0158149003982544]] left_gripper=0.07607120275497437 right_gripper=1.0158149003982544
update step=57 qpos=[-0.048242390155792236, 1.878572702407837, 1.517662525177002, -1.1658024787902832, 0.18212896585464478, 1.4873262643814087, 0.07607120275497437, -0.006719883531332016, -0.11772650480270386, -0.03592263162136078, 0.009099289774894714, 0.050193991512060165, -0.010522284545004368, 1.0]
pred step=57 action=[[-0.053347401320934296, 1.862241506576538, 1.489664077758789, -1.1024010181427002, 0.21544545888900757, 1.445652961730957, 0.11127209663391113, -0.0029266923666000366, -0.11498236656188965, -0.0474240779876709, 0.010977870784699917, 0.04420897364616394, -0.010062485933303833, 1.0059574842453003]] left_gripper=0.11127209663391113 right_gripper=1.0059574842453003
update step=58 qpos=[-0.052771128714084625, 1.8641986846923828, 1.493286371231079, -1.1104103326797485, 0.21122132241725922, 1.4509652853012085, 0.11127209663391113, -0.003362571820616722, -0.1158440038561821, -0.03593073785305023, 0.010737301781773567, 0.0449589304625988, -0.010121558792889118, 1.0]
pred step=58 action=[[-0.06694664061069489, 1.8502943515777588, 1.4443002939224243, -1.009566068649292, 0.27749717235565186, 1.3721637725830078, 0.0834188461303711, -0.006136775016784668, -0.12179112434387207, -0.042278409004211426, 0.008442751131951809, 0.04404628276824951, -0.011145204305648804, 1.0125815868377686]] left_gripper=0.0834188461303711 right_gripper=1.0125815868377686
update step=59 qpos=[-0.06553839147090912, 1.8522624969482422, 1.4504315853118896, -1.0223358869552612, 0.2690984010696411, 1.382216215133667, 0.0834188461303711, -0.005808298476040363, -0.12101560086011887, -0.03587118908762932, 0.00874457135796547, 0.04416664317250252, -0.011014481075108051, 1.0]
pred step=59 action=[[-0.07558848708868027, 1.8350895643234253, 1.398658037185669, -0.9133151173591614, 0.32986918091773987, 1.2980620861053467, 0.07203167676925659, -0.0025646984577178955, -0.12366688251495361, -0.04305547475814819, 0.008989532478153706, 0.04357641935348511, -0.0073396265506744385, 1.0093111991882324]] left_gripper=0.07203167676925659 right_gripper=1.0093111991882324
update step=60 qpos=[-0.07449301332235336, 1.8372550010681152, 1.4052515029907227, -0.9271209239959717, 0.3221552073955536, 1.3087959289550781, 0.07203167676925659, -0.00294666038826108, -0.12326630204916, -0.03587017208337784, 0.008968672715127468, 0.04364514350891113, -0.007808459457010031, 1.0]
pred step=60 action=[[-0.07990739494562149, 1.8267940282821655, 1.3564257621765137, -0.8021621704101562, 0.38541606068611145, 1.223755121231079, 0.09860104322433472, -0.005619436502456665, -0.14338970184326172, -0.047744035720825195, 0.007846509106457233, 0.05970489978790283, -0.00353318452835083, 1.0057306289672852]] left_gripper=0.09860104322433472 right_gripper=1.0057306289672852
update step=61 qpos=[-0.07932333648204803, 1.8282713890075684, 1.3626952171325684, -0.8179569840431213, 0.377370685338974, 1.2346018552780151, 0.09860104322433472, -0.005339720752090216, -0.14091716706752777, -0.035849958658218384, 0.008049080148339272, 0.05768159031867981, -0.004076628480106592, 1.0]
pred step=61 action=[[-0.10149194300174713, 1.8055778741836548, 1.2888948917388916, -0.6481372117996216, 0.475655734539032, 1.12596595287323, 0.061821579933166504, -0.005507737398147583, -0.14506900310516357, -0.05562931299209595, 0.006799840368330479, 0.0690034031867981, 0.005054295063018799, 1.0125374794006348]] left_gripper=0.061821579933166504 right_gripper=1.0125374794006348
update step=62 qpos=[-0.09929611533880234, 1.8085057735443115, 1.2982388734817505, -0.6698296666145325, 0.4631945490837097, 1.139829397201538, 0.0618215799331665, -0.005515510216355324, -0.14440806210041046, -0.03589221090078354, 0.006967910099774599, 0.0675753578543663, 0.003891172120347619, 1.0]
pred step=62 action=[[-0.11384393274784088, 1.8029934167861938, 1.2730486392974854, -0.6060687303543091, 0.4912183880805969, 1.0784932374954224, 0.07698440551757812, -0.005109027028083801, -0.13799428939819336, -0.04825073480606079, 0.013121194206178188, 0.06186458468437195, 0.006059736013412476, 1.0112066268920898]] left_gripper=0.07698440551757812 right_gripper=1.0112066268920898
update step=63 qpos=[-0.11213188618421555, 1.8036993741989136, 1.2762821912765503, -0.614145040512085, 0.48766371607780457, 1.0863163471221924, 0.07698440551757811, -0.005147858988493681, -0.13938076794147491, -0.03589634224772453, 0.012339718639850616, 0.06258643418550491, 0.005783326458185911, 1.0]
pred step=63 action=[[-0.11734643578529358, 1.7921645641326904, 1.226099967956543, -0.4978535771369934, 0.5522446632385254, 1.0198349952697754, 0.05406355857849121, -0.005541950464248657, -0.15573573112487793, -0.06194537878036499, -0.00653642974793911, 0.08169764280319214, 0.01419493556022644, 1.0051058530807495]] left_gripper=0.05406355857849121 right_gripper=1.0051058530807495
update step=64 qpos=[-0.1167747899889946, 1.7936556339263916, 1.2324159145355225, -0.5126465559005737, 0.5440313816070557, 1.028319239616394, 0.0540635585784912, -0.005539561156183481, -0.1534820944070816, -0.03582935780286789, -0.004233942367136478, 0.07928407192230225, 0.013123944401741028, 1.0]
pred step=64 action=[[-0.13364450633525848, 1.777310848236084, 1.1906006336212158, -0.4070435166358948, 0.5960773825645447, 0.933169960975647, 0.056739866733551025, -0.0053243935108184814, -0.1462702751159668, -0.05712175369262695, 0.005378413945436478, 0.06607478857040405, 0.015339821577072144, 1.0123051404953003]] left_gripper=0.056739866733551025 right_gripper=1.0123051404953003
update step=65 qpos=[-0.13190703094005585, 1.7792675495147705, 1.1959114074707031, -0.4204769730567932, 0.5894900560379028, 0.9453144669532776, 0.056739866733551025, -0.0053282915614545345, -0.1482054591178894, -0.03594034165143967, 0.004165398422628641, 0.06774519383907318, 0.01505692582577467, 1.0]
pred step=65 action=[[-0.14520306885242462, 1.7704339027404785, 1.1636332273483276, -0.3270489275455475, 0.6371161937713623, 0.8914716243743896, 0.0814242959022522, -0.007542416453361511, -0.13419783115386963, -0.05044102668762207, 0.00844228733330965, 0.0715780258178711, 0.019168347120285034, 1.0162715911865234]] left_gripper=0.0814242959022522 right_gripper=1.0162715911865234
update step=66 qpos=[-0.1437395215034485, 1.771601915359497, 1.1676888465881348, -0.3389374613761902, 0.6310719847679138, 0.8983433246612549, 0.0814242959022522, -0.007291616406291723, -0.13649985194206238, -0.03591545298695564, 0.007869413122534752, 0.07109701633453369, 0.018644532188773155, 1.0]
pred step=66 action=[[-0.17580097913742065, 1.7520431280136108, 1.108372449874878, -0.2080565094947815, 0.6956367492675781, 0.7861324548721313, 0.06932681798934937, -0.003897622227668762, -0.12824022769927979, -0.05361860990524292, -0.0012722918763756752, 0.06559750437736511, 0.018763959407806396, 1.0208569765090942]] left_gripper=0.06932681798934937 right_gripper=1.0208569765090942
update step=67 qpos=[-0.17249464988708496, 1.7544081211090088, 1.1157071590423584, -0.22477427124977112, 0.6874918937683105, 0.800460696220398, 0.06932681798934938, -0.004289323929697275, -0.12999242544174194, -0.03593863919377327, -0.0001675293897278607, 0.06628595292568207, 0.018748069182038307, 1.0]
pred step=67 action=[[-0.1816224753856659, 1.7491555213928223, 1.0849840641021729, -0.12011652439832687, 0.7356698513031006, 0.7322022318840027, 0.06583476066589355, -0.00869661569595337, -0.1431058645248413, -0.06721305847167969, -0.01781894639134407, 0.08953890204429626, 0.01714456081390381, 1.0279160737991333]] left_gripper=0.06583476066589355 right_gripper=1.0279160737991333
update step=68 qpos=[-0.1804630011320114, 1.7498114109039307, 1.0889099836349487, -0.1334199160337448, 0.7295395135879517, 0.7409131526947021, 0.06583476066589355, -0.008228992111980915, -0.1412595957517624, -0.035818856209516525, -0.01568308286368847, 0.0866083949804306, 0.017350714653730392, 1.0]
pred step=68 action=[[-0.18889173865318298, 1.739180564880371, 1.054316759109497, -0.04025501012802124, 0.7750043272972107, 0.6701617240905762, 0.06724560260772705, -0.0058934688568115234, -0.134649395942688, -0.06495052576065063, -0.013211162760853767, 0.07664266228675842, 0.021869659423828125, 1.0251158475875854]] left_gripper=0.06724560260772705 right_gripper=1.0251158475875854
update step=69 qpos=[-0.18800455331802368, 1.7404468059539795, 1.0585864782333374, -0.05214278772473335, 0.7692466974258423, 0.6791945695877075, 0.06724560260772705, -0.006155180744826794, -0.1365496814250946, -0.035858556628227234, -0.013658342882990837, 0.077899269759655, 0.021292701363563538, 1.0]
pred step=69 action=[[-0.1964491307735443, 1.7253304719924927, 1.0310914516448975, 0.012357845902442932, 0.7957496643066406, 0.6313465237617493, 0.0628894567489624, -0.009863987565040588, -0.13401556015014648, -0.06402909755706787, -0.012496240437030792, 0.07374829053878784, 0.023379862308502197, 1.0307011604309082]] left_gripper=0.0628894567489624 right_gripper=1.0307011604309082
update step=70 qpos=[-0.19554179906845093, 1.727079153060913, 1.034441351890564, 0.0041150180622935295, 0.7924103140830994, 0.6374554634094238, 0.0628894567489624, -0.00942422915250063, -0.1353713572025299, -0.035896383225917816, -0.01270152535289526, 0.07427960634231567, 0.02311408892273903, 1.0]
pred step=70 action=[[-0.201130211353302, 1.722138524055481, 1.0160025358200073, 0.05283614993095398, 0.8234878778457642, 0.5972015261650085, 0.05564916133880615, -0.012445390224456787, -0.15056228637695312, -0.0707845687866211, -0.03622420132160187, 0.08755707740783691, 0.013613104820251465, 1.0356897115707397]] left_gripper=0.05564916133880615 right_gripper=1.0356897115707397
update step=71 qpos=[-0.20053108036518097, 1.7227588891983032, 1.0182098150253296, 0.046602487564086914, 0.8195542693138123, 0.6023407578468323, 0.055649161338806145, -0.012121290899813175, -0.1484851986169815, -0.03578993305563927, -0.03329380974173546, 0.08588413894176483, 0.014825364574790001, 1.0]
pred step=71 action=[[-0.21163950860500336, 1.7080730199813843, 0.9908206462860107, 0.1231665313243866, 0.8579723834991455, 0.5361486077308655, 0.040679872035980225, -0.012161597609519958, -0.13526344299316406, -0.06786143779754639, -0.0341389924287796, 0.08040279150009155, 0.018062353134155273, 1.0379183292388916]] left_gripper=0.040679872035980225 right_gripper=1.0379183292388916
update step=72 qpos=[-0.21050697565078735, 1.7097046375274658, 0.9942067265510559, 0.1134011447429657, 0.8531322479248047, 0.5446018576622009, 0.04067987203598024, -0.012151157483458519, -0.13802854716777802, -0.03583313524723053, -0.03420194610953331, 0.0810960978269577, 0.017648587003350258, 1.0]
pred step=72 action=[[-0.22081805765628815, 1.710334062576294, 0.9851910471916199, 0.1640322506427765, 0.8716601133346558, 0.5112375617027283, 0.04107612371444702, -0.009576663374900818, -0.12744855880737305, -0.06610560417175293, -0.015708623453974724, 0.07186192274093628, 0.02051505446434021, 1.0359188318252563]] left_gripper=0.04107612371444702 right_gripper=1.0359188318252563
update step=73 qpos=[-0.21968214213848114, 1.710347294807434, 0.9862909317016602, 0.1575784832239151, 0.8693147301673889, 0.5154964923858643, 0.04107612371444703, -0.009865745902061462, -0.12981948256492615, -0.03584476187825203, -0.018150078132748604, 0.07302320748567581, 0.02014913409948349, 1.0]
pred step=73 action=[[-0.23942625522613525, 1.6789129972457886, 0.9337729215621948, 0.2626083791255951, 0.9045912027359009, 0.42200353741645813, 0.04243123531341553, -0.011856749653816223, -0.13148534297943115, -0.07736319303512573, -0.03965318575501442, 0.07383406162261963, 0.015288680791854858, 1.0418301820755005]] left_gripper=0.04243123531341553 right_gripper=1.0418301820755005
update step=74 qpos=[-0.2374131977558136, 1.682416319847107, 0.9401117563247681, 0.2491859495639801, 0.9002014398574829, 0.4339463412761688, 0.04243123531341553, -0.011626514606177807, -0.13103316724300385, -0.03581511229276657, -0.036994364112615585, 0.07373429089784622, 0.015908317640423775, 1.0]
pred step=74 action=[[-0.24230888485908508, 1.6611864566802979, 0.9238864183425903, 0.2776055634021759, 0.8995919227600098, 0.40845659375190735, 0.04545789957046509, -0.011340036988258362, -0.12967050075531006, -0.07485657930374146, -0.036001477390527725, 0.07499441504478455, 0.015245765447616577, 1.037329912185669]] left_gripper=0.04545789957046509 right_gripper=1.037329912185669
update step=75 qpos=[-0.24167947471141815, 1.663691759109497, 0.9257529973983765, 0.2739616930484772, 0.8996939659118652, 0.41170835494995117, 0.045457899570465095, -0.011381235904991627, -0.1305307149887085, -0.035877831280231476, -0.03616045042872429, 0.07483451813459396, 0.015329942107200623, 1.0]
pred step=75 action=[[-0.24551014602184296, 1.659005880355835, 0.9152067303657532, 0.31119778752326965, 0.912433385848999, 0.3910774290561676, 0.03905564546585083, -0.013955831527709961, -0.13404154777526855, -0.078643798828125, -0.046769384294748306, 0.08257550001144409, 0.013246357440948486, 1.040846824645996]] left_gripper=0.03905564546585083 right_gripper=1.040846824645996
update step=76 qpos=[-0.24510352313518524, 1.6596379280090332, 0.9164043664932251, 0.30643022060394287, 0.9108269810676575, 0.3937128186225891, 0.039055645465850844, -0.013672315515577793, -0.1333199143409729, -0.03581405058503151, -0.04545962065458298, 0.08160214126110077, 0.013512478210031986, 1.0]
pred step=76 action=[[-0.2585720419883728, 1.6558113098144531, 0.9065846800804138, 0.3355591297149658, 0.9252721071243286, 0.3673746883869171, 0.03185546398162842, -0.010580182075500488, -0.12114489078521729, -0.07822078466415405, -0.047305431216955185, 0.07129237055778503, 0.010667890310287476, 1.0383021831512451]] left_gripper=0.03185546398162842 right_gripper=1.0383021831512451
update step=77 qpos=[-0.2571716606616974, 1.6562445163726807, 0.90775066614151, 0.3318385183811188, 0.9234732985496521, 0.3707393705844879, 0.03185546398162842, -0.01092696562409401, -0.12368739396333694, -0.03581647947430611, -0.04712866619229317, 0.07258926331996918, 0.011029242537915707, 1.0]
pred step=77 action=[[-0.2693839371204376, 1.6379367113113403, 0.8839011192321777, 0.38915807008743286, 0.9364041090011597, 0.32037848234176636, 0.036553263664245605, -0.009060829877853394, -0.11658859252929688, -0.07924473285675049, -0.051986947655677795, 0.06788769364356995, 0.009712547063827515, 1.0420634746551514]] left_gripper=0.036553263664245605 right_gripper=1.0420634746551514
update step=78 qpos=[-0.26807916164398193, 1.6399530172348022, 0.8867945075035095, 0.3818559944629669, 0.934813916683197, 0.32681143283843994, 0.036553263664245626, -0.00927320308983326, -0.11851353198289871, -0.03581890091300011, -0.051452282816171646, 0.06847692281007767, 0.00987950712442398, 1.0]
pred step=78 action=[[-0.2718227803707123, 1.6308367252349854, 0.8848563432693481, 0.3865216374397278, 0.9255985021591187, 0.31292566657066345, 0.04665029048919678, -0.0041435956954956055, -0.09454464912414551, -0.06718301773071289, -0.03188532218337059, 0.054151564836502075, 0.014647185802459717, 1.036937952041626]] left_gripper=0.04665029048919678 right_gripper=1.036937952041626
update step=79 qpos=[-0.271354615688324, 1.6319843530654907, 0.8850176334381104, 0.3859139382839203, 0.9267746210098267, 0.31469544768333435, 0.04665029048919677, -0.004720045253634453, -0.09843898564577103, -0.03581395000219345, -0.03449973836541176, 0.05595126748085022, 0.014037826098501682, 1.0]
pred step=79 action=[[-0.2910690903663635, 1.6269571781158447, 0.8686684370040894, 0.4539327621459961, 0.9575530290603638, 0.26641082763671875, 0.04581761360168457, -2.1249055862426758e-05, -0.0592992901802063, -0.049024105072021484, -0.005387263838201761, 0.014659225940704346, 0.01742839813232422, 1.0338366031646729]] left_gripper=0.04581761360168457 right_gripper=1.0338366031646729
update step=80 qpos=[-0.28905192017555237, 1.6274914741516113, 0.8706496357917786, 0.4452674388885498, 0.9537001848220825, 0.2725812494754791, 0.04581761360168457, -0.00048740662168711424, -0.06453387439250946, -0.03578709065914154, -0.009102721698582172, 0.01986636593937874, 0.01699327491223812, 1.0]
pred step=80 action=[[-0.29737305641174316, 1.6012152433395386, 0.8491380214691162, 0.4778324365615845, 0.946560263633728, 0.23980244994163513, 0.050226449966430664, 0.0008262842893600464, -0.05609774589538574, -0.04601937532424927, -0.014026306569576263, 0.02215522527694702, 0.01976877450942993, 1.0372258424758911]] left_gripper=0.050226449966430664 right_gripper=1.0372258424758911
update step=81 qpos=[-0.29642266035079956, 1.6041982173919678, 0.8516839146614075, 0.47368505597114563, 0.9475167989730835, 0.2439880073070526, 0.050226449966430664, 0.000668057007715106, -0.057512056082487106, -0.035701364278793335, -0.013439983129501343, 0.021860653534531593, 0.019415009766817093, 1.0]
pred step=81 action=[[-0.3064076900482178, 1.5826594829559326, 0.836609423160553, 0.5006693005561829, 0.9483494758605957, 0.2116328626871109, 0.05592602491378784, 0.008727170526981354, -0.028520643711090088, -0.03108280897140503, -0.004762663505971432, 0.000991523265838623, 0.02123090624809265, 1.0393980741500854]] left_gripper=0.05592602491378784 right_gripper=1.0393980741500854
update step=82 qpos=[-0.305340439081192, 1.5851794481277466, 0.8383198380470276, 0.4972176253795624, 0.9482915997505188, 0.215764582157135, 0.05592602491378785, 0.007824395783245564, -0.031967174261808395, -0.031611718237400055, -0.005873038433492184, 0.003613346954807639, 0.02099732682108879, 1.0]
pred step=82 action=[[-0.3063376843929291, 1.565138339996338, 0.8136782646179199, 0.51866215467453, 0.9516699314117432, 0.19891060888767242, 0.046163320541381836, 0.008023254573345184, -0.02776658535003662, -0.03482091426849365, -0.014506077393889427, 0.009477227926254272, 0.02803117036819458, 1.0392950773239136]] left_gripper=0.046163320541381836 right_gripper=1.0392950773239136
update step=83 qpos=[-0.3062216341495514, 1.5675156116485596, 0.816443681716919, 0.5158873796463013, 0.9512816667556763, 0.2010633498430252, 0.046163320541381836, 0.007988827303051949, -0.02822626382112503, -0.03453424200415611, -0.013444619253277779, 0.008734894916415215, 0.027134831994771957, 1.0]
pred step=83 action=[[-0.3230323791503906, 1.5491979122161865, 0.7998809814453125, 0.5670723915100098, 0.965015172958374, 0.14819663763046265, 0.06422191858291626, 0.020420826971530914, 0.02223902940750122, -0.006097257137298584, 0.009707950986921787, -0.039144307374954224, 0.025701552629470825, 1.0296229124069214]] left_gripper=0.06422191858291626 right_gripper=1.0296229124069214
update step=84 qpos=[-0.32128268480300903, 1.5511665344238281, 0.8019156455993652, 0.5605813264846802, 0.9633390307426453, 0.15495042502880096, 0.06422191858291626, 0.019061796367168427, 0.016122248023748398, -0.009108433499932289, 0.00688562635332346, -0.033117298036813736, 0.025880353525280952, 1.0]
pred step=84 action=[[-0.32721877098083496, 1.558391809463501, 0.8006805181503296, 0.5752437710762024, 0.9769148826599121, 0.15062737464904785, 0.05005478858947754, 0.029147110879421234, 0.08110404014587402, 0.018371939659118652, 0.04582909867167473, -0.08449074625968933, 0.041045576333999634, 1.0378998517990112]] left_gripper=0.05005478858947754 right_gripper=1.0378998517990112
update step=85 qpos=[-0.32656022906303406, 1.5577229261398315, 0.8006923794746399, 0.5733361840248108, 0.9751935005187988, 0.15117792785167694, 0.05005478858947753, 0.02807256020605564, 0.07334688305854797, 0.015311596915125847, 0.04093940183520317, -0.07801909744739532, 0.039108164608478546, 1.0]
pred step=85 action=[[-0.33133232593536377, 1.5434048175811768, 0.7911825180053711, 0.5856613516807556, 0.9717957973480225, 0.14446410536766052, 0.051850199699401855, 0.039231181144714355, 0.13619089126586914, 0.04617011547088623, 0.06824994832277298, -0.11726576089859009, 0.04719424247741699, 1.0211964845657349]] left_gripper=0.051850199699401855 right_gripper=1.0211964845657349
update step=86 qpos=[-0.33081501722335815, 1.5449258089065552, 0.792380154132843, 0.5841216444969177, 0.9722605347633362, 0.1453237235546112, 0.051850199699401855, 0.03800561651587486, 0.1287076473236084, 0.042698901146650314, 0.06484463065862656, -0.11232797056436539, 0.046161092817783356, 1.0]
pred step=86 action=[[-0.3466998338699341, 1.5426223278045654, 0.7922396063804626, 0.6219419836997986, 0.9937880039215088, 0.11872124671936035, 0.05370330810546875, 0.05368591099977493, 0.19502896070480347, 0.06879395246505737, 0.09618914872407913, -0.16851356625556946, 0.0482313334941864, 1.0257291793823242]] left_gripper=0.05370330810546875 right_gripper=1.0257291793823242
update step=87 qpos=[-0.34503433108329773, 1.5428497791290283, 0.7922841906547546, 0.6171436309814453, 0.9910911917686462, 0.12212160229682922, 0.05370330810546875, 0.05196754261851311, 0.18716852366924286, 0.06583897024393082, 0.09224167466163635, -0.16144154965877533, 0.04796372354030609, 1.0]
pred step=87 action=[[-0.35036081075668335, 1.5438852310180664, 0.7966147065162659, 0.6164097189903259, 1.005919098854065, 0.12453922629356384, 0.04168367385864258, 0.08171452581882477, 0.34869033098220825, 0.1461206078529358, 0.1876925379037857, -0.2913675308227539, 0.05646240711212158, 1.017282247543335]] left_gripper=0.04168367385864258 right_gripper=1.017282247543335
update step=88 qpos=[-0.3497786521911621, 1.543851375579834, 0.7960256934165955, 0.6164910197257996, 1.0040428638458252, 0.12423001974821091, 0.04168367385864258, 0.0785054937005043, 0.3293120861053467, 0.13761992752552032, 0.17585274577140808, -0.27497920393943787, 0.05537046119570732, 1.0]
pred step=88 action=[[-0.3565044701099396, 1.5354524850845337, 0.7876537442207336, 0.6464740633964539, 1.0249958038330078, 0.10428950190544128, 0.04670077562332153, 0.10669839382171631, 0.47894755005836487, 0.20302030444145203, 0.27324140071868896, -0.40161553025245667, 0.06562504172325134, 1.0123244524002075]] left_gripper=0.04670077562332153 right_gripper=1.0123244524002075
update step=89 qpos=[-0.3558216094970703, 1.5363218784332275, 0.7886718511581421, 0.6426756978034973, 1.022373080253601, 0.10683959722518921, 0.04670077562332154, 0.10366390645503998, 0.4612586498260498, 0.19587798416614532, 0.2610009014606476, -0.38561883568763733, 0.06431124359369278, 1.0]
pred step=89 action=[[-0.3606024384498596, 1.5190520286560059, 0.780455470085144, 0.667776346206665, 1.0307841300964355, 0.08305245637893677, 0.055523574352264404, 0.1379147171974182, 0.6374648809432983, 0.28231483697891235, 0.3711102604866028, -0.5243781805038452, 0.07639753818511963, 1.0113165378570557]] left_gripper=0.055523574352264404 right_gripper=1.0113165378570557
update step=90 qpos=[-0.36009830236434937, 1.5209780931472778, 0.7814396619796753, 0.6646050810813904, 1.0297530889511108, 0.08609140664339066, 0.055523574352264404, 0.1341867595911026, 0.616553008556366, 0.2731006443500519, 0.3573473393917084, -0.5068135261535645, 0.07484977692365646, 1.0]
pred step=90 action=[[-0.3737246096134186, 1.5396220684051514, 0.7873331308364868, 0.6896345019340515, 1.059206247329712, 0.08026733994483948, 0.028897225856781006, 0.1685042530298233, 0.791907012462616, 0.35168856382369995, 0.4646237790584564, -0.6443495154380798, 0.0842263400554657, 0.9946188926696777]] left_gripper=0.028897225856781006 right_gripper=0.9946188926696777
update step=91 qpos=[-0.37228837609291077, 1.5376156568527222, 0.7865267992019653, 0.6864091753959656, 1.0554728507995605, 0.08101257681846619, 0.028897225856781016, 0.16475509107112885, 0.771298885345459, 0.3432530462741852, 0.45112547278404236, -0.6268967390060425, 0.08302519470453262, 0.9946188926696777]
pred step=91 action=[[-0.37171366810798645, 1.5217175483703613, 0.7803879380226135, 0.6869094371795654, 1.0529754161834717, 0.0782763659954071, 0.030963540077209473, 0.19481822848320007, 0.9117116332054138, 0.4195058047771454, 0.5420342683792114, -0.7532181739807129, 0.0841207206249237, 1.0030404329299927]] left_gripper=0.030963540077209473 right_gripper=1.0030404329299927
update step=92 qpos=[-0.37175363302230835, 1.5233982801437378, 0.7812095880508423, 0.6868897676467896, 1.0533145666122437, 0.0786268338561058, 0.030963540077209462, 0.19156000018119812, 0.8951475024223328, 0.41134530305862427, 0.5306350588798523, -0.7371682524681091, 0.08397385478019714, 1.0]
pred step=92 action=[[-0.363590270280838, 1.5108134746551514, 0.7707794308662415, 0.6876480579376221, 1.0441737174987793, 0.07469490170478821, 0.04670703411102295, 0.21022355556488037, 0.9973632097244263, 0.46087342500686646, 0.6047256588935852, -0.8169839382171631, 0.09075462818145752, 1.0078387260437012]] left_gripper=0.04670703411102295 right_gripper=1.0078387260437012
update step=93 qpos=[-0.3644518554210663, 1.512346863746643, 0.7719189524650574, 0.6875314712524414, 1.0453382730484009, 0.07519599050283432, 0.046707034111022956, 0.20819827914237976, 0.9854381680488586, 0.45548662543296814, 0.5953518748283386, -0.8068158626556396, 0.08988453447818756, 1.0]
pred step=93 action=[[-0.37250322103500366, 1.510897159576416, 0.7620648145675659, 0.7259035706520081, 1.0630120038986206, 0.05111619830131531, 0.044048309326171875, 0.22353754937648773, 1.052789330482483, 0.4870213270187378, 0.6375448107719421, -0.8549003005027771, 0.08965176343917847, 1.0011893510818481]] left_gripper=0.044048309326171875 right_gripper=1.0011893510818481
update step=94 qpos=[-0.3716908097267151, 1.5110000371932983, 0.7632238864898682, 0.7210226655006409, 1.0608036518096924, 0.05419468134641647, 0.044048309326171875, 0.22184878587722778, 1.0449564456939697, 0.48356541991233826, 0.6321954727172852, -0.8487725257873535, 0.08967840671539307, 1.0]
pred step=94 action=[[-0.3661065995693207, 1.514986276626587, 0.7567048072814941, 0.7247254252433777, 1.0696104764938354, 0.057280153036117554, 0.06304216384887695, 0.2508586049079895, 1.1823623180389404, 0.5438006520271301, 0.7336841225624084, -0.9585740566253662, 0.09523677825927734, 1.0162323713302612]] left_gripper=0.06304216384887695 right_gripper=1.0162323713302612
update step=95 qpos=[-0.36670517921447754, 1.5145918130874634, 0.7573963403701782, 0.7242271900177002, 1.0684871673583984, 0.05688534304499626, 0.06304216384887695, 0.2476842701435089, 1.166270136833191, 0.5373209118843079, 0.7207998633384705, -0.9445551037788391, 0.09451819211244583, 1.0]
pred step=95 action=[[-0.37505102157592773, 1.533785104751587, 0.7548285722732544, 0.7694588899612427, 1.0936015844345093, 0.04529917240142822, 0.04074126482009888, 0.27096566557884216, 1.2593101263046265, 0.5784478783607483, 0.774557888507843, -1.0006219148635864, 0.09642836451530457, 0.9909600019454956]] left_gripper=0.04074126482009888 right_gripper=0.9909600019454956
update step=96 qpos=[-0.37419846653938293, 1.531469464302063, 0.7551941871643066, 0.7637029886245728, 1.09042227268219, 0.04678379371762276, 0.040741264820098884, 0.2683849334716797, 1.2484111785888672, 0.5740191340446472, 0.7677286267280579, -0.9934482574462891, 0.09617966413497925, 0.9909600019454956]
pred step=96 action=[[-0.3734741508960724, 1.5249731540679932, 0.7497368454933167, 0.770207941532135, 1.0890527963638306, 0.04526594281196594, 0.04837489128112793, 0.2740936875343323, 1.2782763242721558, 0.5906978845596313, 0.784661054611206, -1.0139610767364502, 0.094646155834198, 0.9965832829475403]] left_gripper=0.04837489128112793 right_gripper=0.9965832829475403
update step=97 qpos=[-0.3735417127609253, 1.5255944728851318, 0.7504647374153137, 0.769412636756897, 1.089239478111267, 0.045460861176252365, 0.04837489128112794, 0.27348142862319946, 1.2746529579162598, 0.5889841318130493, 0.7825490236282349, -1.0113354921340942, 0.09483863413333893, 0.9965832829475403]
pred step=97 action=[[-0.37083473801612854, 1.493119239807129, 0.7278331518173218, 0.7652037739753723, 1.0770798921585083, 0.04440149664878845, 0.05529606342315674, 0.2842734456062317, 1.3098390102386475, 0.605823814868927, 0.8044877648353577, -1.0312870740890503, 0.09155583381652832, 0.9890059232711792]] left_gripper=0.05529606342315674 right_gripper=0.9890059232711792
update step=98 qpos=[-0.37113142013549805, 1.4967862367630005, 0.7304711937904358, 0.7657643556594849, 1.0786774158477783, 0.044538505375385284, 0.05529606342315674, 0.2830834686756134, 1.305768609046936, 0.603932797908783, 0.8016839027404785, -1.028733253479004, 0.09197208285331726, 0.9890059232711792]
pred step=98 action=[[-0.36898788809776306, 1.498018503189087, 0.7274922132492065, 0.7710009217262268, 1.075026512145996, 0.04121258854866028, 0.06602740287780762, 0.29023444652557373, 1.343480110168457, 0.6203407645225525, 0.8192006945610046, -1.0487611293792725, 0.09561991691589355, 0.981492280960083]] left_gripper=0.06602740287780762 right_gripper=0.981492280960083
update step=99 qpos=[-0.36920878291130066, 1.4979956150054932, 0.7277462482452393, 0.7703019976615906, 1.0754847526550293, 0.04163648188114166, 0.06602740287780762, 0.28945016860961914, 1.339127779006958, 0.6184968948364258, 0.8169490098953247, -1.046185851097107, 0.09515362977981567, 0.981492280960083]
pred step=99 action=[[-0.3679249882698059, 1.481603741645813, 0.7008677124977112, 0.7844145894050598, 1.0768585205078125, 0.02753579616546631, 0.07516282796859741, 0.2908741235733032, 1.3383195400238037, 0.6115056276321411, 0.8174787759780884, -1.0441455841064453, 0.10020586848258972, 0.9861810207366943]] left_gripper=0.07516282796859741 right_gripper=0.9861810207366943
update step=100 qpos=[-0.368093341588974, 1.483433485031128, 0.7039675712585449, 0.782612681388855, 1.0767335891723633, 0.02933851256966591, 0.07516282796859741, 0.29072025418281555, 1.3383311033248901, 0.6123817563056946, 0.8174225091934204, -1.0444165468215942, 0.09956075251102448, 0.9861810207366943]
pred step=100 action=[[-0.3932549059391022, 1.6961567401885986, 0.8276076316833496, 0.6682481169700623, 1.2822593450546265, 0.14268457889556885, 0.03516197204589844, 0.3504616320133209, 1.7280975580215454, 0.7549610733985901, 1.0910017490386963, -1.2902557849884033, 0.08613729476928711, 0.3527563214302063]] left_gripper=0.03516197204589844 right_gripper=0.3527563214302063
update step=101 qpos=[-0.3905295133590698, 1.6526376008987427, 0.8142592906951904, 0.6832729578018188, 1.250302791595459, 0.12821745872497559, 0.03516197204589843, 0.34367334842681885, 1.5253961086273193, 0.7400137782096863, 1.0058996677398682, -1.2288721799850464, 0.08784936368465424, 0.6551141426519111]
pred step=101 action=[[-0.39860716462135315, 1.6904256343841553, 0.827844500541687, 0.6849214434623718, 1.2876663208007812, 0.13860145211219788, 0.04297548532485962, 0.3579134941101074, 1.7408870458602905, 0.758064866065979, 1.1056326627731323, -1.3031141757965088, 0.09218445420265198, 0.3242749571800232]] left_gripper=0.04297548532485962 right_gripper=0.3242749571800232
update step=102 qpos=[-0.3977336287498474, 1.6848657131195068, 0.8271898031234741, 0.6849232316017151, 1.282918095588684, 0.13728708028793335, 0.042975485324859626, 0.35630685091018677, 1.6976279020309448, 0.7568445205688477, 1.0932340621948242, -1.293704867362976, 0.09160549193620682, 0.5065464611406679]
pred step=102 action=[[-0.3985002934932709, 1.694347620010376, 0.8313500285148621, 0.6866485476493835, 1.281062126159668, 0.13663873076438904, 0.031239986419677734, 0.36204278469085693, 1.7369146347045898, 0.7581285238265991, 1.110775113105774, -1.3062734603881836, 0.10004287958145142, 0.3229260742664337]] left_gripper=0.031239986419677734 right_gripper=0.3229260742664337
update step=103 qpos=[-0.39838525652885437, 1.6930983066558838, 0.8310100436210632, 0.686456024646759, 1.281282901763916, 0.13672195374965668, 0.031239986419677745, 0.36144623160362244, 1.730949878692627, 0.7589730024337769, 1.1087628602981567, -1.3046444654464722, 0.09895681589841843, 0.37089574083133975]
pred step=103 action=[[-0.39858725666999817, 1.6917548179626465, 0.8319734334945679, 0.6906569600105286, 1.2783740758895874, 0.13777196407318115, 0.01607877016067505, 0.36279624700546265, 1.738931655883789, 0.7583509683609009, 1.1147817373275757, -1.3122215270996094, 0.1057160496711731, 0.341321736574173]] left_gripper=0.01607877016067505 right_gripper=0.341321736574173
update step=104 qpos=[-0.3985632658004761, 1.6918386220932007, 0.8319249153137207, 0.6901407837867737, 1.2787437438964844, 0.13763867318630219, 0.016078770160675045, 0.3626505434513092, 1.7377859354019165, 0.7585612535476685, 1.1140445470809937, -1.3112560510635376, 0.1048521175980568, 0.34132173657417303]
pred step=104 action=[[-0.3988419473171234, 1.6820063591003418, 0.8322800397872925, 0.6840144991874695, 1.2712613344192505, 0.13536113500595093, -0.01695007085800171, 0.3653329610824585, 1.7423334121704102, 0.7578937411308289, 1.1208893060684204, -1.3121154308319092, 0.10683849453926086, 0.33117181062698364]] left_gripper=-0.01695007085800171 right_gripper=0.33117181062698364
update step=105 qpos=[-0.39880746603012085, 1.6831295490264893, 0.832252562046051, 0.684807538986206, 1.272218942642212, 0.1356513500213623, 0.0, 0.3650450110435486, 1.741765022277832, 0.7579942345619202, 1.1200199127197266, -1.3120076656341553, 0.10658426582813263, 0.33117181062698364]
pred step=105 action=[[-0.3992568850517273, 1.674026370048523, 0.8315672874450684, 0.687050461769104, 1.2664997577667236, 0.1285751461982727, -0.06234031915664673, 0.3694900572299957, 1.743556261062622, 0.7559840679168701, 1.1197309494018555, -1.314002513885498, 0.10818397998809814, 0.3183833658695221]] left_gripper=-0.06234031915664673 right_gripper=0.3183833658695221
update step=106 qpos=[-0.3993193209171295, 1.6750794649124146, 0.8311960101127625, 0.6866739988327026, 1.2675628662109375, 0.12947490811347961, 0.0, 0.3684527277946472, 1.7432695627212524, 0.7565172910690308, 1.1198123693466187, -1.3134260177612305, 0.10797233134508133, 0.3183833658695221]
pred step=106 action=[[-0.3982219696044922, 1.6650078296661377, 0.8305190205574036, 0.6811265349388123, 1.2535536289215088, 0.13670942187309265, -0.0777428150177002, 0.3698011636734009, 1.7334258556365967, 0.7533704042434692, 1.1125174760818481, -1.3009616136550903, 0.11049607396125793, 0.3241133689880371]] left_gripper=-0.0777428150177002 right_gripper=0.3241133689880371
update step=107 qpos=[-0.3987845182418823, 1.6659742593765259, 0.8303553462028503, 0.681821882724762, 1.255728006362915, 0.13578550517559052, 0.0, 0.3691026568412781, 1.7347323894500732, 0.7540119290351868, 1.113420844078064, -1.302153468132019, 0.11017575860023499, 0.3241133689880371]
pred step=107 action=[[-0.3952333331108093, 1.654706597328186, 0.8330978751182556, 0.6624598503112793, 1.2398782968521118, 0.14036133885383606, -0.10143637657165527, 0.372342050075531, 1.7380383014678955, 0.7501259446144104, 1.104691743850708, -1.296843409538269, 0.10972562432289124, 0.3469122052192688]] left_gripper=-0.10143637657165527 right_gripper=0.3469122052192688
update step=108 qpos=[-0.3960491716861725, 1.65627121925354, 0.8317326307296753, 0.6646926403045654, 1.2425131797790527, 0.13976478576660156, 0.0, 0.37072354555130005, 1.737496256828308, 0.7513117790222168, 1.1058845520019531, -1.29683518409729, 0.10977588593959808, 0.3469122052192688]
pred step=108 action=[[-0.39485859870910645, 1.6489474773406982, 0.8326150178909302, 0.6699039340019226, 1.2379183769226074, 0.13267189264297485, -0.11276036500930786, 0.37813568115234375, 1.7477567195892334, 0.7547040581703186, 1.107900857925415, -1.2983630895614624, 0.10733407735824585, 0.3316013813018799]] left_gripper=-0.11276036500930786 right_gripper=0.3316013813018799
update step=109 qpos=[-0.3951493203639984, 1.650069236755371, 0.8309913277626038, 0.668887734413147, 1.2393635511398315, 0.1335502415895462, 0.0, 0.37518808245658875, 1.7460708618164062, 0.7553591132164001, 1.1078130006790161, -1.2972468137741089, 0.10763312131166458, 0.3316013813018799]
pred step=109 action=[[-0.3908567428588867, 1.6433981657028198, 0.8323695659637451, 0.6444239616394043, 1.2221165895462036, 0.1393219530582428, -0.09957379102706909, 0.3750168979167938, 1.7378301620483398, 0.753034770488739, 1.0917491912841797, -1.2901766300201416, 0.10340198874473572, 0.3437780737876892]] left_gripper=-0.09957379102706909 right_gripper=0.3437780737876892
update step=110 qpos=[-0.39221063256263733, 1.6434897184371948, 0.8319662809371948, 0.6475815176963806, 1.2251064777374268, 0.13856761157512665, 0.0, 0.3738829493522644, 1.7394858598709106, 0.7535340189933777, 1.0936075448989868, -1.2902898788452148, 0.1039620041847229, 0.3437780737876892]
pred step=110 action=[[-0.3874399960041046, 1.6292904615402222, 0.8282362222671509, 0.630912184715271, 1.2038301229476929, 0.14522004127502441, -0.09656453132629395, 0.3745359778404236, 1.73494291305542, 0.7470393180847168, 1.074313998222351, -1.276897668838501, 0.09877842664718628, 0.3669687509536743]] left_gripper=-0.09656453132629395 right_gripper=0.3669687509536743
update step=111 qpos=[-0.38839536905288696, 1.630999207496643, 0.8281136751174927, 0.6329025030136108, 1.2069579362869263, 0.14435327053070068, 0.0, 0.3737715482711792, 1.7354881763458252, 0.7482389807701111, 1.0767955780029297, -1.2781481742858887, 0.0994386374950409, 0.3669687509536743]
pred step=111 action=[[-0.3871936798095703, 1.6397637128829956, 0.8332891464233398, 0.6343772411346436, 1.2081818580627441, 0.14885947108268738, -0.08470040559768677, 0.374442994594574, 1.7500886917114258, 0.7582848072052002, 1.076684832572937, -1.2847975492477417, 0.09117904305458069, 0.3762841522693634]] left_gripper=-0.08470040559768677 right_gripper=0.3762841522693634
update step=112 qpos=[-0.3871847093105316, 1.638702630996704, 0.8319655656814575, 0.6340266466140747, 1.2084914445877075, 0.14826494455337524, 0.0, 0.3729110062122345, 1.7483936548233032, 0.7574424147605896, 1.0767048597335815, -1.2834217548370361, 0.0922335535287857, 0.3762841522693634]
pred step=112 action=[[-0.39454561471939087, 1.6424317359924316, 0.8436722159385681, 0.6511194109916687, 1.2314780950546265, 0.1360127329826355, -0.04534345865249634, 0.3824036717414856, 1.7660064697265625, 0.7501651644706726, 1.102363109588623, -1.2986881732940674, 0.1217254102230072, 0.42310625314712524]] left_gripper=-0.04534345865249634 right_gripper=0.42310625314712524
update step=113 qpos=[-0.39390891790390015, 1.642227053642273, 0.8415141105651855, 0.6487656235694885, 1.228891372680664, 0.1375572234392166, 0.0, 0.380082368850708, 1.7636054754257202, 0.7516178488731384, 1.0991723537445068, -1.2963519096374512, 0.11795230209827423, 0.42310625314712524]
pred step=113 action=[[-0.39485815167427063, 1.6501530408859253, 0.8452049493789673, 0.6620511412620544, 1.2324180603027344, 0.13049378991127014, 0.004149973392486572, 0.38106605410575867, 1.769441843032837, 0.7545211315155029, 1.1076946258544922, -1.305342674255371, 0.12120509147644043, 0.4261990487575531]] left_gripper=0.004149973392486572 right_gripper=0.4261990487575531
update step=114 qpos=[-0.3947339355945587, 1.6493635177612305, 0.8447070121765137, 0.6603361368179321, 1.2319551706314087, 0.13139492273330688, 0.004149973392486572, 0.3809235990047455, 1.7685860395431519, 0.7542942762374878, 1.1066391468048096, -1.3041950464248657, 0.1207893118262291, 0.4261990487575531]
pred step=114 action=[[-0.39294669032096863, 1.6430243253707886, 0.8462342023849487, 0.6479224562644958, 1.223520040512085, 0.13915827870368958, 0.0365942120552063, 0.3772927522659302, 1.772120714187622, 0.751595139503479, 1.0871167182922363, -1.302230715751648, 0.11628755927085876, 0.43845152854919434]] left_gripper=0.0365942120552063 right_gripper=0.43845152854919434
update step=115 qpos=[-0.39312514662742615, 1.6437207460403442, 0.8460907340049744, 0.6495196223258972, 1.224591851234436, 0.13816598057746887, 0.03659421205520631, 0.3776704668998718, 1.771809697151184, 0.7518619894981384, 1.0895713567733765, -1.3024739027023315, 0.11686579883098602, 0.43845152854919434]
pred step=115 action=[[-0.3941746950149536, 1.6393717527389526, 0.8539008498191833, 0.632936954498291, 1.2149696350097656, 0.14341172575950623, 0.05993092060089111, 0.3712449073791504, 1.755244255065918, 0.7429190278053284, 1.0704336166381836, -1.2947981357574463, 0.11873048543930054, 0.4553963541984558]] left_gripper=0.05993092060089111 right_gripper=0.4553963541984558
update step=116 qpos=[-0.39405444264411926, 1.6399186849594116, 0.8529744148254395, 0.6350539326667786, 1.2161839008331299, 0.14274027943611145, 0.059930920600891106, 0.37193402647972107, 1.7570585012435913, 0.7440346479415894, 1.072903037071228, -1.2957868576049805, 0.11849405616521835, 0.4553963541984558]
pred step=116 action=[[-0.39675021171569824, 1.6555407047271729, 0.8563926815986633, 0.6561706066131592, 1.2345837354660034, 0.142339289188385, 0.1030774712562561, 0.37147605419158936, 1.7766058444976807, 0.7496622800827026, 1.0732451677322388, -1.3075106143951416, 0.11317160725593567, 0.4376227855682373]] left_gripper=0.1030774712562561 right_gripper=0.4376227855682373
update step=117 qpos=[-0.39648041129112244, 1.6538149118423462, 0.855940043926239, 0.6534583568572998, 1.2322335243225098, 0.14239273965358734, 0.10307747125625612, 0.3715420067310333, 1.7745152711868286, 0.7488917708396912, 1.0731415748596191, -1.3060007095336914, 0.11385250091552734, 0.4376227855682373]
pred step=117 action=[[-0.3936774730682373, 1.6657333374023438, 0.8738925457000732, 0.6537335515022278, 1.2424663305282593, 0.14590191841125488, 0.1838899850845337, 0.3619934022426605, 1.7631655931472778, 0.7428949475288391, 1.0685702562332153, -1.3067433834075928, 0.1182883083820343, 0.46089911460876465]] left_gripper=0.1838899850845337 right_gripper=0.46089911460876465
update step=118 qpos=[-0.3939622938632965, 1.6642568111419678, 0.8719062805175781, 0.6537344455718994, 1.2411314249038696, 0.14545342326164246, 0.1838899850845337, 0.3630114793777466, 1.7643011808395386, 0.7437102794647217, 1.0691981315612793, -1.3066555261611938, 0.11772148311138153, 0.46089911460876465]
pred step=118 action=[[-0.3936287760734558, 1.669325828552246, 0.8681339025497437, 0.6712234616279602, 1.2501871585845947, 0.1367562711238861, 0.18865394592285156, 0.3630297780036926, 1.7697148323059082, 0.7446556687355042, 1.0749646425247192, -1.313938021659851, 0.11983296275138855, 0.4640759229660034]] left_gripper=0.18865394592285156 right_gripper=0.4640759229660034
update step=119 qpos=[-0.393689900636673, 1.668762445449829, 0.8685532808303833, 0.668983519077301, 1.2490395307540894, 0.13786835968494415, 0.18865394592285156, 0.3630571961402893, 1.76915442943573, 0.7444830536842346, 1.074210524559021, -1.3130131959915161, 0.11956328898668289, 0.4640759229660034]
pred step=119 action=[[-0.39254263043403625, 1.6858470439910889, 0.8811009526252747, 0.6892871260643005, 1.2714858055114746, 0.13119864463806152, 0.2621943950653076, 0.3548298478126526, 1.767817497253418, 0.7417462468147278, 1.0822827816009521, -1.3252946138381958, 0.12500369548797607, 0.4845033288002014]] left_gripper=0.2621943950653076 right_gripper=0.4845033288002014
update step=120 qpos=[-0.3926765024662018, 1.6838032007217407, 0.8796988129615784, 0.6867168545722961, 1.2686079740524292, 0.1320512741804123, 0.2621943950653076, 0.355715811252594, 1.767910361289978, 0.7420800924301147, 1.0812691450119019, -1.3237361907958984, 0.12430791556835175, 0.4845033288002014]
pred step=120 action=[[-0.38864701986312866, 1.6829001903533936, 0.8753297328948975, 0.6893630027770996, 1.2643579244613647, 0.13762974739074707, 0.277879923582077, 0.35029172897338867, 1.7615103721618652, 0.7383657693862915, 1.0693790912628174, -1.3186336755752563, 0.11775562167167664, 0.49584072828292847]] left_gripper=0.277879923582077 right_gripper=0.49584072828292847
update step=121 qpos=[-0.3890745937824249, 1.6829826831817627, 0.8758617043495178, 0.6890292167663574, 1.2648999691009521, 0.13691794872283936, 0.277879923582077, 0.35088273882865906, 1.7622694969177246, 0.7387924194335938, 1.070895791053772, -1.3192858695983887, 0.11859357357025146, 0.4958407282829285]
pred step=121 action=[[-0.38845428824424744, 1.6832995414733887, 0.8748685121536255, 0.6979689002037048, 1.2772941589355469, 0.12908935546875, 0.2824917137622833, 0.3515400290489197, 1.7712023258209229, 0.746822714805603, 1.0685824155807495, -1.3272302150726318, 0.11261633038520813, 0.4851799011230469]] left_gripper=0.2824917137622833 right_gripper=0.4851799011230469
update step=122 qpos=[-0.38854941725730896, 1.6832138299942017, 0.8749969005584717, 0.6968370676040649, 1.2757264375686646, 0.1300904005765915, 0.2824917137622833, 0.35148489475250244, 1.7702091932296753, 0.7458633184432983, 1.0688605308532715, -1.3262053728103638, 0.11337945610284805, 0.4851799011230469]
pred step=122 action=[[-0.3821171224117279, 1.684372901916504, 0.8733880519866943, 0.6872968077659607, 1.2663894891738892, 0.14175927639007568, 0.31321606040000916, 0.3407355546951294, 1.756021499633789, 0.7389175891876221, 1.0561833381652832, -1.3223105669021606, 0.10716921091079712, 0.5232422351837158]] left_gripper=0.31321606040000916 right_gripper=0.5232422351837158
update step=123 qpos=[-0.3827819526195526, 1.6842987537384033, 0.8735496401786804, 0.6884989738464355, 1.2675648927688599, 0.14026778936386108, 0.31321606040000916, 0.34187448024749756, 1.7575998306274414, 0.7397748827934265, 1.0578252077102661, -1.3228123188018799, 0.10796239227056503, 0.5232422351837159]
pred step=123 action=[[-0.38132092356681824, 1.6857874393463135, 0.8819533586502075, 0.7048352956771851, 1.278428554534912, 0.1364581286907196, 0.3393940031528473, 0.34131354093551636, 1.7632982730865479, 0.7419594526290894, 1.0716071128845215, -1.3295881748199463, 0.11663153767585754, 0.5110592842102051]] left_gripper=0.3393940031528473 right_gripper=0.5110592842102051
update step=124 qpos=[-0.38150814175605774, 1.6854923963546753, 0.8810678720474243, 0.7027897834777832, 1.2770402431488037, 0.13694724440574646, 0.3393940031528473, 0.3414030075073242, 1.7626762390136719, 0.7416623830795288, 1.0698391199111938, -1.3287246227264404, 0.11552363634109497, 0.5110592842102051]
pred step=124 action=[[-0.3711528778076172, 1.6710231304168701, 0.8681780099868774, 0.6983375549316406, 1.2607070207595825, 0.14033034443855286, 0.35583561658859253, 0.32743406295776367, 1.7498281002044678, 0.7406085729598999, 1.044646978378296, -1.3213951587677002, 0.09710070490837097, 0.5278068780899048]] left_gripper=0.35583561658859253 right_gripper=0.5278068780899048
update step=125 qpos=[-0.37223389744758606, 1.6727770566940308, 0.8696297407150269, 0.6988905072212219, 1.2627930641174316, 0.13989751040935516, 0.35583561658859253, 0.3289095163345337, 1.7512974739074707, 0.7407775521278381, 1.0478752851486206, -1.3223164081573486, 0.09945524483919144, 0.5278068780899048]
pred step=125 action=[[-0.3614140748977661, 1.6642471551895142, 0.8742498159408569, 0.6689727306365967, 1.2388081550598145, 0.1598021686077118, 0.3826123774051666, 0.3179549276828766, 1.7273173332214355, 0.7330136299133301, 1.0219006538391113, -1.3013522624969482, 0.09030213952064514, 0.5179853439331055]] left_gripper=0.3826123774051666 right_gripper=0.5179853439331055
update step=126 qpos=[-0.3625588119029999, 1.6652969121932983, 0.8737003803253174, 0.6727856993675232, 1.241835117340088, 0.15725724399089813, 0.3826123774051666, 0.31913551688194275, 1.7300963401794434, 0.7339453101158142, 1.0252317190170288, -1.3040244579315186, 0.09147274494171143, 0.5179853439331055]
pred step=126 action=[[-0.35303598642349243, 1.660022497177124, 0.8740510940551758, 0.6489994525909424, 1.2207067012786865, 0.1737169474363327, 0.39498788118362427, 0.31226569414138794, 1.7119076251983643, 0.7296277284622192, 0.9951007962226868, -1.2839250564575195, 0.07452920079231262, 0.5115468502044678]] left_gripper=0.39498788118362427 right_gripper=0.5115468502044678
update step=127 qpos=[-0.354058176279068, 1.6607367992401123, 0.8739583492279053, 0.652012825012207, 1.2233749628067017, 0.17161314189434052, 0.39498788118362427, 0.3130035698413849, 1.714106559753418, 0.7300935387611389, 0.9989368915557861, -1.2864818572998047, 0.07669530063867569, 0.5115468502044679]
pred step=127 action=[[-0.343985915184021, 1.6533303260803223, 0.8773928880691528, 0.6252525448799133, 1.1921091079711914, 0.18674539029598236, 0.43152916431427, 0.30388393998146057, 1.6944998502731323, 0.7299164533615112, 0.9747135639190674, -1.2623460292816162, 0.06505855917930603, 0.4929746389389038]] left_gripper=0.43152916431427 right_gripper=0.4929746389389038
update step=128 qpos=[-0.3450464606285095, 1.6542274951934814, 0.8770075440406799, 0.628665030002594, 1.196058988571167, 0.18481017649173737, 0.43152916431427, 0.3048446774482727, 1.6967862844467163, 0.7299744486808777, 0.977818489074707, -1.2654048204421997, 0.06654645502567291, 0.4929746389389038]
pred step=128 action=[[-0.32824501395225525, 1.62391996383667, 0.8792425394058228, 0.5974396467208862, 1.154708981513977, 0.19889409840106964, 0.4342467188835144, 0.2875012159347534, 1.6529024839401245, 0.714564859867096, 0.9414708018302917, -1.233683705329895, 0.06221926212310791, 0.519422709941864]] left_gripper=0.4342467188835144 right_gripper=0.519422709941864
update step=129 qpos=[-0.3300008773803711, 1.6274076700210571, 0.8790521025657654, 0.6014536619186401, 1.159948706626892, 0.1970924735069275, 0.4342467188835144, 0.2893374562263489, 1.6579616069793701, 0.716403067111969, 0.946143388748169, -1.2377322912216187, 0.06277542561292648, 0.519422709941864]
pred step=129 action=[[-0.31222304701805115, 1.6099615097045898, 0.8845186233520508, 0.5256326794624329, 1.106966257095337, 0.23879513144493103, 0.4555653929710388, 0.27449899911880493, 1.6090445518493652, 0.7043181657791138, 0.8857805132865906, -1.1861727237701416, 0.0356922447681427, 0.5029265880584717]] left_gripper=0.4555653929710388 right_gripper=0.5029265880584717
update step=130 qpos=[-0.31408798694610596, 1.6123427152633667, 0.8836315274238586, 0.5352332592010498, 1.113659143447876, 0.23346184194087982, 0.4555653929710388, 0.2760566174983978, 1.6147955656051636, 0.7057128548622131, 0.8934934735298157, -1.1927356719970703, 0.039156004786491394, 0.5029265880584718]
pred step=130 action=[[-0.29457855224609375, 1.5825480222702026, 0.8838046193122864, 0.4672139286994934, 1.0446202754974365, 0.267747700214386, 0.46912676095962524, 0.25645798444747925, 1.5385569334030151, 0.6893259882926941, 0.8110460638999939, -1.1275006532669067, 0.011547207832336426, 0.5086318254470825]] left_gripper=0.46912676095962524 right_gripper=0.5086318254470825
update step=131 qpos=[-0.2966087758541107, 1.586066484451294, 0.8837506771087646, 0.47587770223617554, 1.053366780281067, 0.2633642256259918, 0.46912676095962524, 0.25849995017051697, 1.547355055809021, 0.6913111209869385, 0.8216169476509094, -1.1358118057250977, 0.015078269876539707, 0.5086318254470826]
pred step=131 action=[[-0.27476048469543457, 1.5582935810089111, 0.8893222808837891, 0.44667279720306396, 1.001360535621643, 0.27913159132003784, 0.4769544005393982, 0.24236677587032318, 1.5193121433258057, 0.6941609978675842, 0.7861464023590088, -1.092284083366394, -0.007856577634811401, 0.49735894799232483]] left_gripper=0.4769544005393982 right_gripper=0.49735894799232483
update step=132 qpos=[-0.27705591917037964, 1.5616158246994019, 0.8886399269104004, 0.4504031538963318, 1.0079306364059448, 0.2771146893501282, 0.4769544005393982, 0.24406448006629944, 1.522822618484497, 0.6936739087104797, 0.7906374335289001, -1.097785472869873, -0.004924089182168245, 0.4973589479923249]
pred step=132 action=[[-0.2496558427810669, 1.5158677101135254, 0.9020670652389526, 0.3411400318145752, 0.906645655632019, 0.32699209451675415, 0.47250688076019287, 0.2211349904537201, 1.4247570037841797, 0.6604332327842712, 0.6986759901046753, -1.0118331909179688, -0.02392733097076416, 0.5229766368865967]] left_gripper=0.47250688076019287 right_gripper=0.5229766368865967
update step=133 qpos=[-0.25245457887649536, 1.521452784538269, 0.9002661108970642, 0.35503554344177246, 0.9194599986076355, 0.32061201333999634, 0.4725068807601929, 0.2235092967748642, 1.435965895652771, 0.6644085645675659, 0.7104668617248535, -1.0227949619293213, -0.021494532003998756, 0.5229766368865967]
pred step=133 action=[[-0.22864112257957458, 1.477790117263794, 0.9133310317993164, 0.24349889159202576, 0.8351421356201172, 0.36817559599876404, 0.49219781160354614, 0.19737061858177185, 1.3462483882904053, 0.6377384662628174, 0.614474356174469, -0.9328473806381226, -0.05425530672073364, 0.5270126461982727]] left_gripper=0.49219781160354614 right_gripper=0.5270126461982727
update step=134 qpos=[-0.23110230267047882, 1.4831428527832031, 0.9114447832107544, 0.25764694809913635, 0.8458138704299927, 0.3620942234992981, 0.49219781160354625, 0.2000856250524521, 1.3567231893539429, 0.6407023668289185, 0.6267003417015076, -0.9442829489707947, -0.050064679235219955, 0.5270126461982727]
pred step=134 action=[[-0.20325011014938354, 1.4421250820159912, 0.9153577089309692, 0.1951403021812439, 0.7641725540161133, 0.39183419942855835, 0.5052974820137024, 0.18145962059497833, 1.291588544845581, 0.6258858442306519, 0.5611682534217834, -0.8797109127044678, -0.08065426349639893, 0.5264439582824707]] left_gripper=0.5052974820137024 right_gripper=0.5264439582824707
update step=135 qpos=[-0.20611637830734253, 1.4470959901809692, 0.9146518707275391, 0.20305366814136505, 0.7744908332824707, 0.3880312442779541, 0.5052974820137025, 0.18340905010700226, 1.2992048263549805, 0.6274580359458923, 0.5695079565048218, -0.8879148960113525, -0.07674550265073776, 0.5264439582824708]
pred step=135 action=[[-0.1654021292924881, 1.386781930923462, 0.9395875930786133, -0.014351427555084229, 0.6134865283966064, 0.4888140857219696, 0.4915273189544678, 0.1361670345067978, 1.157613754272461, 0.5922475457191467, 0.3933020830154419, -0.7422763705253601, -0.1623057872056961, 0.551548957824707]] left_gripper=0.4915273189544678 right_gripper=0.551548957824707
update step=136 qpos=[-0.16943205893039703, 1.3939955234527588, 0.9368212223052979, 0.02473689429461956, 0.6338005661964417, 0.4759422540664673, 0.4915273189544677, 0.14110295474529266, 1.1738225221633911, 0.5963644981384277, 0.4162198305130005, -0.7607402205467224, -0.15137314796447754, 0.5515489578247071]
pred step=136 action=[[-0.11272861808538437, 1.3221614360809326, 0.962444543838501, -0.21003416180610657, 0.46273958683013916, 0.5914371013641357, 0.5101094245910645, 0.09589144587516785, 0.9705749750137329, 0.5353468656539917, 0.23256944119930267, -0.580662727355957, -0.20864301919937134, 0.5702786445617676]] left_gripper=0.5101094245910645 right_gripper=0.5702786445617676
update step=137 qpos=[-0.11842934042215347, 1.3307580947875977, 0.9596287608146667, -0.15810902416706085, 0.4844381511211395, 0.5766910910606384, 0.5101094245910645, 0.10055868327617645, 1.001997470855713, 0.5421504378318787, 0.2565896809101105, -0.6040781140327454, -0.20131608843803406, 0.5702786445617676]
pred step=137 action=[[-0.0844842940568924, 1.2819781303405762, 0.9769872426986694, -0.3138960897922516, 0.3679805099964142, 0.6417670249938965, 0.5095847845077515, 0.07249833643436432, 0.9394370317459106, 0.5402985215187073, 0.16477841138839722, -0.5080686807632446, -0.26376113295555115, 0.5776107311248779]] left_gripper=0.5095847845077515 right_gripper=0.5776107311248779
update step=138 qpos=[-0.0879383385181427, 1.2878086566925049, 0.9741459488868713, -0.2943069338798523, 0.38268372416496277, 0.6334577202796936, 0.5095847845077515, 0.0754668116569519, 0.9468329548835754, 0.5400737524032593, 0.17637544870376587, -0.5201862454414368, -0.2557860016822815, 0.577610731124878]
pred step=138 action=[[-0.07689951360225677, 1.271752953529358, 0.9889408946037292, -0.34633782505989075, 0.3484609127044678, 0.6627307534217834, 0.4973474144935608, 0.06484717130661011, 0.8893461227416992, 0.5156576037406921, 0.12455631047487259, -0.4755810499191284, -0.2634340226650238, 0.5877898931503296]] left_gripper=0.4973474144935608 right_gripper=0.5877898931503296
update step=139 qpos=[-0.0780620127916336, 1.2737019062042236, 0.9868842363357544, -0.3397916853427887, 0.3527809679508209, 0.6589958071708679, 0.49734741449356085, 0.06597105413675308, 0.8959957361221313, 0.5182332396507263, 0.13104382157325745, -0.48123934864997864, -0.2624581754207611, 0.5877898931503296]
pred step=139 action=[[-0.05367452651262283, 1.2425634860992432, 0.992701530456543, -0.45118558406829834, 0.2921716570854187, 0.7125183343887329, 0.5158940553665161, 0.04273153841495514, 0.8424642086029053, 0.507400393486023, 0.03140498325228691, -0.4029858708381653, -0.304195374250412, 0.5838651657104492]] left_gripper=0.5158940553665161 right_gripper=0.5838651657104492
update step=140 qpos=[-0.056195348501205444, 1.2461291551589966, 0.9914648532867432, -0.437217652797699, 0.29981139302253723, 0.7056857347488403, 0.5158940553665162, 0.04522152245044708, 0.8486578464508057, 0.5083433389663696, 0.04399019479751587, -0.4128676652908325, -0.29886218905448914, 0.5838651657104492]
pred step=140 action=[[-0.030404020100831985, 1.1933186054229736, 1.000973105430603, -0.5637093782424927, 0.19209223985671997, 0.7691078782081604, 0.4986853003501892, 0.022629112005233765, 0.7671173810958862, 0.5037453174591064, -0.07654473930597305, -0.3181683421134949, -0.36629247665405273, 0.5944842100143433]] left_gripper=0.4986853003501892 right_gripper=0.5944842100143433
update step=141 qpos=[-0.03296725079417229, 1.19913911819458, 0.9994148015975952, -0.5478470325469971, 0.2056981921195984, 0.7610138058662415, 0.4986853003501893, 0.025023583322763443, 0.7763644456863403, 0.5041155815124512, -0.061259862035512924, -0.3301425278186798, -0.3576842248439789, 0.5944842100143433]
pred step=141 action=[[-0.002568252384662628, 1.1572332382202148, 1.0051614046096802, -0.6600538492202759, 0.11889475584030151, 0.82415771484375, 0.5146768689155579, -0.0005999654531478882, 0.6501201391220093, 0.4625418186187744, -0.15774422883987427, -0.22827580571174622, -0.3798237442970276, 0.6324653029441833]] left_gripper=0.5146768689155579 right_gripper=0.6324653029441833
update step=142 qpos=[-0.00571139482781291, 1.1620182991027832, 1.0038493871688843, -0.6460731029510498, 0.12982337176799774, 0.8161012530326843, 0.5146768689155579, 0.002141032600775361, 0.6644791960716248, 0.467220276594162, -0.14564791321754456, -0.24114713072776794, -0.37699660658836365, 0.6324653029441833]
pred step=142 action=[[0.000260278582572937, 1.1490064859390259, 0.9893327355384827, -0.682150661945343, 0.0958593338727951, 0.8354318141937256, 0.5076577663421631, -0.0034712404012680054, 0.6243268251419067, 0.45560720562934875, -0.17287182807922363, -0.22184038162231445, -0.39719173312187195, 0.6402888298034668]] left_gripper=0.5076577663421631 right_gripper=0.6402888298034668
update step=143 qpos=[-0.00032689154613763094, 1.1506309509277344, 0.9906343817710876, -0.6777632236480713, 0.10014820098876953, 0.8329698443412781, 0.5076577663421632, -0.0028579651843756437, 0.6289006471633911, 0.45687779784202576, -0.1694730818271637, -0.22427998483181, -0.3946162462234497, 0.6402888298034667]
pred step=143 action=[[0.01064997911453247, 1.1197254657745361, 0.9719289541244507, -0.7021677494049072, 0.0723029375076294, 0.8449243307113647, 0.5166915059089661, -0.015636295080184937, 0.6079858541488647, 0.4491993188858032, -0.2079855501651764, -0.17868217825889587, -0.41202038526535034, 0.6461176872253418]] left_gripper=0.5166915059089661 right_gripper=0.6461176872253418
update step=144 qpos=[0.00949300080537796, 1.1230500936508179, 0.9740931391716003, -0.6992148756980896, 0.07580795884132385, 0.843400239944458, 0.5166915059089662, -0.014251749031245708, 0.6104398369789124, 0.4498693645000458, -0.20317429304122925, -0.18442976474761963, -0.40979740023612976, 0.6461176872253418]
pred step=144 action=[[0.05530788004398346, 1.0825684070587158, 1.014716625213623, -0.8711279630661011, -0.03116467595100403, 0.9584400653839111, 0.5099390745162964, -0.038899898529052734, 0.47168436646461487, 0.41170060634613037, -0.30877548456192017, -0.06776252388954163, -0.4494471549987793, 0.6775275468826294]] left_gripper=0.5099390745162964 right_gripper=0.6775275468826294
update step=145 qpos=[0.05044838786125183, 1.0867469310760498, 1.0094938278198242, -0.8493990898132324, -0.01772584393620491, 0.9437605738639832, 0.5099390745162965, -0.03627646341919899, 0.48745301365852356, 0.41615307331085205, -0.2955179214477539, -0.08248762041330338, -0.4443838894367218, 0.6775275468826294]
pred step=145 action=[[0.04268164932727814, 1.0646170377731323, 0.9774203300476074, -0.848357081413269, -0.008925139904022217, 0.9264219999313354, 0.5112098455429077, -0.0363893061876297, 0.47699156403541565, 0.3989333510398865, -0.30882200598716736, -0.07340991497039795, -0.43531376123428345, 0.6730139255523682]] left_gripper=0.5112098455429077 right_gripper=0.6730139255523682
update step=146 qpos=[0.043549247086048126, 1.0674986839294434, 0.9807583093643188, -0.8487327694892883, -0.01002469751983881, 0.9286452531814575, 0.5112098455429078, -0.03640563040971756, 0.47825589776039124, 0.4007302224636078, -0.30724725127220154, -0.07455147057771683, -0.4364730417728424, 0.6730139255523682]
pred step=146 action=[[0.053031012415885925, 1.034016489982605, 0.9583683013916016, -0.87907475233078, -0.04801762104034424, 0.9523979425430298, 0.5185786485671997, -0.046672359108924866, 0.43333661556243896, 0.39636415243148804, -0.35047850012779236, -0.030385196208953857, -0.4707198143005371, 0.6939777731895447]] left_gripper=0.5185786485671997 right_gripper=0.6939777731895447
update step=147 qpos=[0.0520474947988987, 1.0376276969909668, 0.9609131217002869, -0.8754260540008545, -0.04322386533021927, 0.9493686556816101, 0.5185786485671997, -0.045559026300907135, 0.438416987657547, 0.3969264328479767, -0.34500521421432495, -0.03595765680074692, -0.46634823083877563, 0.6939777731895446]
pred step=147 action=[[0.04364101588726044, 1.0213778018951416, 0.9115506410598755, -0.8191869258880615, -0.03041723370552063, 0.9255577325820923, 0.5253417491912842, -0.042727187275886536, 0.4485980272293091, 0.3819170594215393, -0.32710233330726624, -0.04108017683029175, -0.46554267406463623, 0.684036910533905]] left_gripper=0.5253417491912842 right_gripper=0.684036910533905
update step=148 qpos=[0.04458034783601761, 1.0235008001327515, 0.9173146486282349, -0.8264492750167847, -0.03202584385871887, 0.9285988807678223, 0.5253417491912842, -0.043052610009908676, 0.44751349091529846, 0.38354626297950745, -0.32944780588150024, -0.04043310880661011, -0.46564823389053345, 0.684036910533905]
pred step=148 action=[[0.07113507390022278, 0.9987426400184631, 0.9210882186889648, -0.8844423890113831, -0.07018709182739258, 0.9857760667800903, 0.5456858277320862, -0.04652690887451172, 0.41079628467559814, 0.3650411367416382, -0.3477023243904114, -0.012736409902572632, -0.46006667613983154, 0.7117438316345215]] left_gripper=0.5456858277320862 right_gripper=0.7117438316345215
update step=149 qpos=[0.06818749755620956, 1.0012047290802002, 0.9206438660621643, -0.8771932125091553, -0.06541269272565842, 0.9784785509109497, 0.5456858277320862, -0.046181485056877136, 0.41501379013061523, 0.36720016598701477, -0.3454454839229584, -0.016234707087278366, -0.46077755093574524, 0.7117438316345215]
pred step=149 action=[[0.06716181337833405, 0.9846340417861938, 0.8896868228912354, -0.853093683719635, -0.07065671682357788, 0.9696009159088135, 0.5466089844703674, -0.04102122783660889, 0.3943204879760742, 0.34380674362182617, -0.3254290819168091, -0.01617521047592163, -0.4581565856933594, 0.7160918712615967]] left_gripper=0.5466089844703674 right_gripper=0.7160918712615967
update step=150 qpos=[0.06730096787214279, 0.9867104291915894, 0.8931902050971985, -0.8562818765640259, -0.06999246776103973, 0.9707377552986145, 0.5466089844703675, -0.04162956029176712, 0.39673230051994324, 0.34657052159309387, -0.32802802324295044, -0.01619073562324047, -0.45849189162254333, 0.7160918712615967]
pred step=150 action=[[0.01317489892244339, 1.68977689743042, 1.2967902421951294, -1.0937902927398682, 0.14537566900253296, 1.383294939994812, 0.9153107404708862, -0.0021619200706481934, 0.07730972766876221, 0.014228224754333496, 0.01102661993354559, -0.013503819704055786, 0.021805673837661743, 1.042195200920105]] left_gripper=0.9153107404708862 right_gripper=1.042195200920105
update step=151 qpos=[0.019393382593989372, 1.1783894300460815, 1.0838806629180908, -1.040530800819397, 0.10764264315366745, 1.1663165092468262, 0.8640541443118344, -0.006797937676310539, 0.20815598964691162, 0.1585392951965332, -0.1346925050020218, -0.0139243109151721, -0.26054251194000244, 1.0]
pred step=151 action=[[0.0048313140869140625, 1.6799556016921997, 1.269309163093567, -1.066300630569458, 0.15677428245544434, 1.3633369207382202, 0.889006495475769, -0.0031190067529678345, 0.08894836902618408, 0.016660332679748535, 0.01177977491170168, -0.011930346488952637, 0.027179360389709473, 1.0423352718353271]] left_gripper=0.889006495475769 right_gripper=1.0423352718353271
update step=152 qpos=[0.0063959709368646145, 1.373896598815918, 1.2467145919799805, -1.0623730421066284, 0.1506248563528061, 1.334891438484192, 0.889006495475769, -0.0035561861004680395, 0.10284943878650665, 0.033717915415763855, -0.006967026740312576, -0.012183856219053268, -0.07065970450639725, 1.0]
pred step=152 action=[[-0.0027804672718048096, 1.6439058780670166, 1.2240662574768066, -1.043905258178711, 0.15625447034835815, 1.3158761262893677, 0.820905327796936, -0.00035065412521362305, 0.09406566619873047, 0.02403658628463745, -0.00010650511831045151, 0.0031760036945343018, 0.0267791748046875, 1.042335033416748]] left_gripper=0.820905327796936 right_gripper=1.042335033416748
update step=153 qpos=[-0.001715871156193316, 1.5535755157470703, 1.227118730545044, -1.0460941791534424, 0.15554334223270416, 1.318310260772705, 0.820905327796936, -0.0007752359961159527, 0.0949338898062706, 0.025566620752215385, -0.0008739705081097782, 0.0012401924468576908, 0.014372184872627258, 1.0]
pred step=153 action=[[-0.00539003312587738, 1.6218972206115723, 1.187666654586792, -1.0271236896514893, 0.15695199370384216, 1.2642358541488647, 0.7874176502227783, 0.0034280866384506226, 0.11761718988418579, 0.03692394495010376, -0.008388332091271877, 0.0008382797241210938, 0.027689069509506226, 1.0416303873062134]] left_gripper=0.7874176502227783 right_gripper=1.0416303873062134
update step=154 qpos=[-0.004967616405338049, 1.6126089096069336, 1.1936091184616089, -1.029300332069397, 0.15679021179676056, 1.2711284160614014, 0.7874176502227783, 0.0029341874178498983, 0.11491755396127701, 0.03561659902334213, -0.007413877174258232, 0.0008831730810925364, 0.025995364412665367, 1.0]
pred step=154 action=[[-0.009418129920959473, 1.6014286279678345, 1.164590835571289, -1.0074636936187744, 0.1579519659280777, 1.2236796617507935, 0.7412378787994385, 0.007415413856506348, 0.1343201994895935, 0.0438917875289917, -0.011033493094146252, -0.0005363523960113525, 0.028099417686462402, 1.0427451133728027]] left_gripper=0.7412378787994385 right_gripper=1.0427451133728027
update step=155 qpos=[-0.008930490352213383, 1.6019790172576904, 1.1686362028121948, -1.0102349519729614, 0.1578216552734375, 1.2297301292419434, 0.7412378787994385, 0.00689367949962616, 0.1320338398218155, 0.0429045706987381, -0.01057220809161663, -0.00036599879967980087, 0.027831150218844414, 1.0]
pred step=155 action=[[-0.014163412153720856, 1.5993030071258545, 1.1542820930480957, -0.9965242743492126, 0.16627320647239685, 1.2188102006912231, 0.7111800909042358, 0.007764384150505066, 0.13388270139694214, 0.047329723834991455, -0.009407196193933487, 0.000844419002532959, 0.03126037120819092, 1.0410267114639282]] left_gripper=0.7111800909042358 right_gripper=1.0410267114639282
update step=156 qpos=[-0.013612058013677597, 1.5996218919754028, 1.156011700630188, -0.9982907176017761, 0.1652095913887024, 1.220202088356018, 0.7111800909042358, 0.007659900933504105, 0.1336493194103241, 0.04685744270682335, -0.009533199481666088, 0.0006898081628605723, 0.03082319162786007, 1.0]
pred step=156 action=[[-0.02305716648697853, 1.5688955783843994, 1.1146893501281738, -0.9682948589324951, 0.17422598600387573, 1.1721516847610474, 0.653842031955719, 0.0134010910987854, 0.1404426097869873, 0.05423229932785034, -0.011279366910457611, 0.0007884800434112549, 0.0340629518032074, 1.0326560735702515]] left_gripper=0.653842031955719 right_gripper=1.0326560735702515
update step=157 qpos=[-0.02205815538764, 1.5723857879638672, 1.1196401119232178, -0.972251296043396, 0.17310132086277008, 1.1782845258712769, 0.653842031955719, 0.012727524153888226, 0.1396332085132599, 0.053379688411951065, -0.011040497571229935, 0.0007645264849998057, 0.033649325370788574, 1.0]
pred step=157 action=[[-0.025252316147089005, 1.5533332824707031, 1.0950860977172852, -0.9552955031394958, 0.1754380762577057, 1.1562702655792236, 0.622209906578064, 0.01782366633415222, 0.1528988480567932, 0.05729794502258301, -0.01360291801393032, -0.00033655762672424316, 0.03321024775505066, 1.0271248817443848]] left_gripper=0.622209906578064 right_gripper=1.0271248817443848
update step=158 qpos=[-0.02489638514816761, 1.5555278062820435, 1.0979914665222168, -0.9575415253639221, 0.17514564096927643, 1.1590783596038818, 0.6222099065780641, 0.017229916527867317, 0.15135526657104492, 0.05677791312336922, -0.013293838128447533, -0.0002081005513900891, 0.03326566517353058, 1.0]
pred step=158 action=[[-0.029857441782951355, 1.560181975364685, 1.0929198265075684, -0.9502711892127991, 0.18301916122436523, 1.1560096740722656, 0.586657702922821, 0.018853522837162018, 0.15296828746795654, 0.056079328060150146, -0.003871715161949396, -0.006026417016983032, 0.03490060567855835, 1.0151325464248657]] left_gripper=0.586657702922821 right_gripper=1.0151325464248657
update step=159 qpos=[-0.029332488775253296, 1.55971360206604, 1.0935009717941284, -0.9511918425559998, 0.18202795088291168, 1.1564007997512817, 0.5866577029228209, 0.01867620460689068, 0.15276171267032623, 0.056216564029455185, -0.005057235714048147, -0.005294418893754482, 0.034691549837589264, 1.0]
pred step=159 action=[[-0.03368786722421646, 1.5475411415100098, 1.0823489427566528, -0.9520508050918579, 0.17892815172672272, 1.1385252475738525, 0.577825129032135, 0.02251093089580536, 0.16306781768798828, 0.06796252727508545, -0.020983390510082245, 0.00047644972801208496, 0.025733590126037598, 1.0133919715881348]] left_gripper=0.577825129032135 right_gripper=1.0133919715881348
update step=160 qpos=[-0.03320447728037834, 1.5488438606262207, 1.0836924314498901, -0.9520030617713928, 0.17933228611946106, 1.1408073902130127, 0.5778251290321351, 0.02205122634768486, 0.1618518829345703, 0.06656426936388016, -0.018942072987556458, -0.0002623891632538289, 0.026875624433159828, 1.0]
pred step=160 action=[[-0.03529910370707512, 1.5397305488586426, 1.0807867050170898, -0.9443108439445496, 0.18279282748699188, 1.1197717189788818, 0.5512364506721497, 0.025649935007095337, 0.16580480337142944, 0.06698930263519287, -0.020809900015592575, -0.002820432186126709, 0.03282821178436279, 1.0100528001785278]] left_gripper=0.5512364506721497 right_gripper=1.0100528001785278
update step=161 qpos=[-0.03507090359926224, 1.5407567024230957, 1.0811821222305298, -0.9452941417694092, 0.18235822021961212, 1.1224545240402222, 0.5512364506721497, 0.025233207270503044, 0.16535869240760803, 0.06689146906137466, -0.020588668063282967, -0.0025036248844116926, 0.03206823393702507, 1.0]
pred step=161 action=[[-0.039246805012226105, 1.5324256420135498, 1.0631284713745117, -0.9339427947998047, 0.18092863261699677, 1.1105743646621704, 0.53082275390625, 0.027440540492534637, 0.17502498626708984, 0.06958949565887451, -0.02528492361307144, 0.004583418369293213, 0.023526787757873535, 0.9967989325523376]] left_gripper=0.53082275390625 right_gripper=0.9967989325523376
update step=162 qpos=[-0.03879054635763168, 1.5334968566894531, 1.0651663541793823, -0.9354596138000488, 0.18111473321914673, 1.1120909452438354, 0.53082275390625, 0.027168961241841316, 0.1738932728767395, 0.06924641132354736, -0.024695316329598427, 0.003681799629703164, 0.02461620792746544, 0.9967989325523378]
pred step=162 action=[[-0.0348723828792572, 1.5224494934082031, 1.0579371452331543, -0.9370288848876953, 0.17589358985424042, 1.0889317989349365, 0.5162674784660339, 0.02587876468896866, 0.16947656869888306, 0.06427007913589478, -0.02864202857017517, 0.008605390787124634, 0.02989298105239868, 0.9894400835037231]] left_gripper=0.5162674784660339 right_gripper=0.9894400835037231
update step=163 qpos=[-0.03527488186955452, 1.5236248970031738, 1.058829426765442, -0.9368699789047241, 0.1765480786561966, 1.0918853282928467, 0.5162674784660339, 0.026018625125288963, 0.170017272233963, 0.06480927020311356, -0.028162522241473198, 0.007986827753484249, 0.029220303520560265, 0.9894400835037231]
pred step=163 action=[[-0.043023671954870224, 1.5261428356170654, 1.0654668807983398, -0.9385923743247986, 0.18207958340644836, 1.0959765911102295, 0.49085739254951477, 0.029460161924362183, 0.17293667793273926, 0.06045806407928467, -0.029054220765829086, 8.64267349243164e-05, 0.02714666724205017, 0.9857281446456909]] left_gripper=0.49085739254951477 right_gripper=0.9857281446456909
update step=164 qpos=[-0.04220026358962059, 1.5258632898330688, 1.0646891593933105, -0.9383493065834045, 0.1813957691192627, 1.095454454421997, 0.49085739254951477, 0.029073921963572502, 0.17260460555553436, 0.060936760157346725, -0.02896248549222946, 0.001077963039278984, 0.027410373091697693, 0.9857281446456909]
pred step=164 action=[[-0.040456563234329224, 1.5066173076629639, 1.0527218580245972, -0.9347209334373474, 0.18037351965904236, 1.0737295150756836, 0.4739459156990051, 0.028284549713134766, 0.1712193489074707, 0.06433701515197754, -0.03337892144918442, 0.00476837158203125, 0.030262082815170288, 0.9798358678817749]] left_gripper=0.4739459156990051 right_gripper=0.9798358678817749
update step=165 qpos=[-0.040632594376802444, 1.5087825059890747, 1.0541399717330933, -0.9352545738220215, 0.18050050735473633, 1.0765025615692139, 0.4739459156990051, 0.028369300067424774, 0.17135800421237946, 0.06399884819984436, -0.032791342586278915, 0.004303260240703821, 0.029898708686232567, 0.979835867881775]
pred step=165 action=[[-0.04129327833652496, 1.5242412090301514, 1.0566813945770264, -0.9379615187644958, 0.18455281853675842, 1.084993600845337, 0.4744712710380554, 0.03035302460193634, 0.18601536750793457, 0.07241612672805786, -0.030421417206525803, -0.00028705596923828125, 0.02840903401374817, 0.9781246185302734]] left_gripper=0.4744712710380554 right_gripper=0.9781246185302734
update step=166 qpos=[-0.04123194143176079, 1.5226181745529175, 1.0562604665756226, -0.9376001358032227, 0.18403592705726624, 1.083909034729004, 0.4744712710380554, 0.03013063408434391, 0.1842719316482544, 0.07145798951387405, -0.030703749507665634, 0.00028910659602843225, 0.028598545119166374, 0.9781246185302734]
pred step=166 action=[[-0.04252928867936134, 1.5109870433807373, 1.0552327632904053, -0.933610200881958, 0.18258261680603027, 1.068968415260315, 0.47409048676490784, 0.030732356011867523, 0.17767882347106934, 0.07020878791809082, -0.03313764929771423, 0.00032806396484375, 0.030540913343429565, 0.9720786809921265]] left_gripper=0.47409048676490784 right_gripper=0.9720786809921265
update step=167 qpos=[-0.042381372302770615, 1.5121526718139648, 1.0555182695388794, -0.9341097474098206, 0.18277384340763092, 1.0708752870559692, 0.47409048676490784, 0.030661772936582565, 0.17847134172916412, 0.07032483071088791, -0.032835688441991806, 0.00032175873639062047, 0.030293114483356476, 0.9720786809921265]
pred step=167 action=[[-0.042907893657684326, 1.510451078414917, 1.0536794662475586, -0.9350230097770691, 0.18428300321102142, 1.0648835897445679, 0.4474267363548279, 0.031436070799827576, 0.1835622787475586, 0.07299554347991943, -0.03188461810350418, 0.000979691743850708, 0.030196040868759155, 0.965686559677124]] left_gripper=0.4474267363548279 right_gripper=0.965686559677124
update step=168 qpos=[-0.042853135615587234, 1.5107297897338867, 1.0538097620010376, -0.9349323511123657, 0.18409119546413422, 1.065647840499878, 0.4474267363548279, 0.03134409338235855, 0.18295526504516602, 0.07269395142793655, -0.031999051570892334, 0.0008948830654844642, 0.030208442360162735, 0.965686559677124]
pred step=168 action=[[-0.04164059832692146, 1.4987868070602417, 1.0462805032730103, -0.9321731925010681, 0.18130920827388763, 1.0479477643966675, 0.4379003942012787, 0.03193248063325882, 0.1817074418067932, 0.07453012466430664, -0.03325187787413597, 0.0019740164279937744, 0.031589657068252563, 0.9636667966842651]] left_gripper=0.4379003942012787 right_gripper=0.9636667966842651
update step=169 qpos=[-0.04176270216703415, 1.5001156330108643, 1.0471882820129395, -0.9325650334358215, 0.18166030943393707, 1.050206184387207, 0.4379003942012787, 0.03186103701591492, 0.18185114860534668, 0.07432438433170319, -0.033084627240896225, 0.0018365669529885054, 0.03141352906823158, 0.9636667966842651]
pred step=169 action=[[-0.04104136675596237, 1.4863154888153076, 1.043463945388794, -0.9371307492256165, 0.17742398381233215, 1.0368261337280273, 0.43937423825263977, 0.03156182914972305, 0.17333561182022095, 0.07443699240684509, -0.043336838483810425, 0.007565110921859741, 0.030182451009750366, 0.9652811288833618]] left_gripper=0.43937423825263977 right_gripper=0.9652811288833618
update step=170 qpos=[-0.041110727936029434, 1.4878543615341187, 1.0438878536224365, -0.9366008043289185, 0.17796196043491364, 1.0385329723358154, 0.43937423825263977, 0.03158479183912277, 0.17435237765312195, 0.07438427209854126, -0.042039062827825546, 0.006841644644737244, 0.030339879915118217, 0.9652811288833619]
pred step=170 action=[[-0.04341962933540344, 1.4929912090301514, 1.047463059425354, -0.935344934463501, 0.1789131760597229, 1.0407166481018066, 0.4376988112926483, 0.03226327896118164, 0.17796283960342407, 0.07385331392288208, -0.04072757065296173, -0.00034937262535095215, 0.031980693340301514, 0.963873565196991]] left_gripper=0.4376988112926483 right_gripper=0.963873565196991
update step=171 qpos=[-0.04317045584321022, 1.492486596107483, 1.0469918251037598, -0.9354880452156067, 0.17879533767700195, 1.04043710231781, 0.4376988112926483, 0.03219875320792198, 0.17754118144512177, 0.07390197366476059, -0.04090222716331482, 0.0005587488412857056, 0.03177091106772423, 0.963873565196991]
pred step=171 action=[[-0.04193364456295967, 1.4781417846679688, 1.0423903465270996, -0.9351951479911804, 0.1774127185344696, 1.029637336730957, 0.4269980490207672, 0.03308331221342087, 0.16896015405654907, 0.07589331269264221, -0.03961179777979851, 0.0026808083057403564, 0.031135112047195435, 0.9558670520782471]] left_gripper=0.4269980490207672 right_gripper=0.9558670520782471
update step=172 qpos=[-0.04206257313489914, 1.4796996116638184, 1.042986273765564, -0.9352676272392273, 0.17758826911449432, 1.0310156345367432, 0.4269980490207672, 0.032975297421216965, 0.1699434071779251, 0.07573811709880829, -0.03974350541830063, 0.0024101329036056995, 0.03121623769402504, 0.9558670520782471]
pred step=172 action=[[-0.04450719431042671, 1.4931392669677734, 1.0460660457611084, -0.931995153427124, 0.1773456335067749, 1.0334209203720093, 0.4247269928455353, 0.031701259315013885, 0.17894065380096436, 0.07822132110595703, -0.03344208747148514, -0.0004994571208953857, 0.0306834876537323, 0.9514374732971191]] left_gripper=0.4247269928455353 right_gripper=0.9514374732971191
update step=173 qpos=[-0.0442390963435173, 1.4917492866516113, 1.045617699623108, -0.9323805570602417, 0.17737647891044617, 1.0331130027770996, 0.4247269928455353, 0.03185714781284332, 0.177884042263031, 0.07791687548160553, -0.03424631059169769, -0.00012895867985207587, 0.030751381069421768, 0.9514374732971191]
pred step=173 action=[[-0.04209286719560623, 1.4784040451049805, 1.0405778884887695, -0.937229573726654, 0.17971618473529816, 1.0209527015686035, 0.4063088893890381, 0.0343082994222641, 0.1780838966369629, 0.08227688074111938, -0.036575835198163986, -0.0023000240325927734, 0.030201077461242676, 0.9482331275939941]] left_gripper=0.4063088893890381 right_gripper=0.9482331275939941
update step=174 qpos=[-0.04232902452349663, 1.4797861576080322, 1.0412460565567017, -0.9366539120674133, 0.17941945791244507, 1.0225048065185547, 0.4063088893890381, 0.03402560204267502, 0.17805056273937225, 0.08179060369729996, -0.03626183420419693, -0.002030965406447649, 0.030270740389823914, 0.9482331275939941]
pred step=174 action=[[-0.03794041648507118, 1.4799445867538452, 1.0439369678497314, -0.9406331181526184, 0.17399270832538605, 1.0205458402633667, 0.40700772404670715, 0.032887622714042664, 0.17237353324890137, 0.08029809594154358, -0.042230717837810516, 0.004767417907714844, 0.03544837236404419, 0.9478857517242432]] left_gripper=0.40700772404670715 right_gripper=0.9478857517242432
update step=175 qpos=[-0.03840726613998413, 1.4799673557281494, 1.0435675382614136, -0.9401316046714783, 0.17467078566551208, 1.020794153213501, 0.40700772404670715, 0.03300594165921211, 0.17306366562843323, 0.08041661977767944, -0.04148807376623154, 0.003910901956260204, 0.03478876128792763, 0.9478857517242432]
pred step=175 action=[[-0.03817009553313255, 1.4938254356384277, 1.0551555156707764, -0.951810359954834, 0.17683768272399902, 1.029520034790039, 0.4112078845500946, 0.03528377413749695, 0.17070752382278442, 0.08000257611274719, -0.03757727891206741, -0.001534581184387207, 0.03715372085571289, 0.9478851556777954]] left_gripper=0.4112078845500946 right_gripper=0.9478851556777954
update step=176 qpos=[-0.038205835968256, 1.4922587871551514, 1.0537453889846802, -0.9502856135368347, 0.17656274139881134, 1.0284061431884766, 0.4112078845500946, 0.03502755984663963, 0.17097070813179016, 0.08009013533592224, -0.03806329146027565, -0.0008502625278197229, 0.036851804703474045, 0.9478851556777954]
pred step=176 action=[[-0.040209077298641205, 1.4802101850509644, 1.0470603704452515, -0.9431419968605042, 0.1710980385541916, 1.020531177520752, 0.40271952748298645, 0.033309079706668854, 0.16542953252792358, 0.08114832639694214, -0.04197635501623154, 0.00015351176261901855, 0.03265821933746338, 0.9441130757331848]] left_gripper=0.40271952748298645 right_gripper=0.9441130757331848
update step=177 qpos=[-0.039978768676519394, 1.4815207719802856, 1.047925353050232, -0.9440735578536987, 0.17179664969444275, 1.021537184715271, 0.40271952748298645, 0.033509522676467896, 0.16608139872550964, 0.08102346211671829, -0.04147278144955635, 2.933075484179426e-05, 0.03319330886006355, 0.9441130757331848]
pred step=177 action=[[-0.043020639568567276, 1.479968547821045, 1.0534754991531372, -0.9522438645362854, 0.17389871180057526, 1.0138603448867798, 0.40139269828796387, 0.036447763442993164, 0.1722051501274109, 0.0854979157447815, -0.0450064055621624, -0.0026891231536865234, 0.03342875838279724, 0.9410955905914307]] left_gripper=0.40139269828796387 right_gripper=0.9410955905914307
update step=178 qpos=[-0.042692095041275024, 1.4801440238952637, 1.0527880191802979, -0.9512088894844055, 0.17364001274108887, 1.0148401260375977, 0.40139269828796387, 0.036108892410993576, 0.1714840680360794, 0.08496150374412537, -0.04455345869064331, -0.002351466566324234, 0.033397987484931946, 0.9410955905914307]
pred step=178 action=[[-0.037294529378414154, 1.4692773818969727, 1.0439484119415283, -0.9496307969093323, 0.16562296450138092, 1.0007498264312744, 0.4129595458507538, 0.034855522215366364, 0.15969586372375488, 0.0832093358039856, -0.04573609307408333, -0.0005061030387878418, 0.03348526358604431, 0.9428348541259766]] left_gripper=0.4129595458507538 right_gripper=0.9428348541259766
update step=179 qpos=[-0.03785950690507889, 1.4705394506454468, 1.0449496507644653, -0.9498864412307739, 0.16662642359733582, 1.0025469064712524, 0.4129595458507538, 0.034998856484889984, 0.16108156740665436, 0.08343019336462021, -0.04557880386710167, -0.0007369873346760869, 0.033474408090114594, 0.9428348541259766]
pred step=179 action=[[-0.03872537612915039, 1.4702104330062866, 1.0506186485290527, -0.9617924690246582, 0.17128795385360718, 1.0038167238235474, 0.4055737853050232, 0.038521215319633484, 0.17015182971954346, 0.08844524621963501, -0.05158878490328789, -0.004367083311080933, 0.033648014068603516, 0.9413543939590454]] left_gripper=0.4055737853050232 right_gripper=0.9413543939590454
update step=180 qpos=[-0.03864696994423866, 1.4702140092849731, 1.0499204397201538, -0.9602870941162109, 0.17070193588733673, 1.0036544799804688, 0.4055737853050232, 0.038115888833999634, 0.16909024119377136, 0.08782180398702621, -0.05082781985402107, -0.00391531502828002, 0.03362521529197693, 0.9413543939590454]
pred step=180 action=[[-0.037861522287130356, 1.4627323150634766, 1.052544116973877, -0.9671911597251892, 0.16348417103290558, 0.9913811683654785, 0.40372467041015625, 0.03599293529987335, 0.1563393473625183, 0.08569538593292236, -0.053040266036987305, 0.001795738935470581, 0.031087130308151245, 0.939913809299469]] left_gripper=0.40372467041015625 right_gripper=0.939913809299469
update step=181 qpos=[-0.03792843222618103, 1.463544249534607, 1.0522345304489136, -0.966331958770752, 0.16439957916736603, 0.9929472804069519, 0.40372467041015625, 0.036230552941560745, 0.15783733129501343, 0.08596385270357132, -0.05275169759988785, 0.0010776669951155782, 0.03141137585043907, 0.9399138092994691]
pred step=181 action=[[-0.03915562108159065, 1.4452247619628906, 1.0396976470947266, -0.9488950967788696, 0.16404367983341217, 0.9840061664581299, 0.4036976099014282, 0.03555355966091156, 0.15264010429382324, 0.08548891544342041, -0.05364188551902771, 0.0014338791370391846, 0.03020903468132019, 0.940447211265564]] left_gripper=0.4036976099014282 right_gripper=0.940447211265564
update step=182 qpos=[-0.039021220058202744, 1.447352647781372, 1.0412074327468872, -0.9511569738388062, 0.16409045457839966, 0.98514723777771, 0.4036976099014282, 0.03563180938363075, 0.1532513052225113, 0.08554216474294662, -0.05352737754583359, 0.001390571822412312, 0.030362332239747047, 0.940447211265564]
pred step=182 action=[[-0.039449721574783325, 1.454048991203308, 1.0501720905303955, -0.9631323218345642, 0.16559013724327087, 0.9811434745788574, 0.39451146125793457, 0.038961976766586304, 0.15878689289093018, 0.08952993154525757, -0.051792241632938385, -0.005004256963729858, 0.03308477997779846, 0.9352561235427856]] left_gripper=0.39451146125793457 right_gripper=0.9352561235427856
update step=183 qpos=[-0.03940450772643089, 1.4533241987228394, 1.049034833908081, -0.9615978002548218, 0.16540099680423737, 0.9816535711288452, 0.3945114612579345, 0.03858456015586853, 0.1581236571073532, 0.08908548951148987, -0.05199985206127167, -0.0042024776339530945, 0.03273676335811615, 0.9352561235427856]
pred step=183 action=[[-0.03802141547203064, 1.420536994934082, 1.0368967056274414, -0.9560496807098389, 0.15568560361862183, 0.9532283544540405, 0.4030354619026184, 0.03900928050279617, 0.13493722677230835, 0.08139374852180481, -0.06448394805192947, 0.0017555654048919678, 0.03159323334693909, 0.9388551115989685]] left_gripper=0.4030354619026184 right_gripper=0.9388551115989685
update step=184 qpos=[-0.03814634680747986, 1.424135684967041, 1.0384483337402344, -0.9568334817886353, 0.15691828727722168, 0.9568560123443604, 0.4030354619026184, 0.038947511464357376, 0.13770118355751038, 0.08221633732318878, -0.06292451173067093, 0.001000998425297439, 0.031739491969347, 0.9388551115989685]
pred step=184 action=[[-0.03633229061961174, 1.422115445137024, 1.028433084487915, -0.9518944621086121, 0.16034801304340363, 0.9561851024627686, 0.40308088064193726, 0.03831417113542557, 0.14461523294448853, 0.09222137928009033, -0.0594768188893795, 0.0011026859283447266, 0.02973279356956482, 0.9356329441070557]] left_gripper=0.40308088064193726 right_gripper=0.9356329441070557
update step=185 qpos=[-0.03654070198535919, 1.4225482940673828, 1.029431700706482, -0.9525803327560425, 0.15990445017814636, 0.9562696814537048, 0.40308088064193726, 0.03838847577571869, 0.14374394714832306, 0.09117668867111206, -0.059858985245227814, 0.0010912459110841155, 0.02998865395784378, 0.9356329441070557]
pred step=185 action=[[-0.035928357392549515, 1.392455816268921, 1.0282407999038696, -0.9602686762809753, 0.1520940661430359, 0.925395131111145, 0.4034210443496704, 0.03972919285297394, 0.12044501304626465, 0.08537295460700989, -0.0723598301410675, 0.007123678922653198, 0.026509463787078857, 0.9341800212860107]] left_gripper=0.4034210443496704 right_gripper=0.9341800212860107
update step=186 qpos=[-0.035973358899354935, 1.3956454992294312, 1.0285526514053345, -0.9593387842178345, 0.15309038758277893, 0.9293352365493774, 0.4034210443496704, 0.03955945372581482, 0.1232314333319664, 0.0859493613243103, -0.07080069929361343, 0.006358157377690077, 0.026953207328915596, 0.9341800212860107]
pred step=186 action=[[-0.03335447981953621, 1.394463062286377, 1.021348237991333, -0.9584124088287354, 0.15239882469177246, 0.931745171546936, 0.4145568907260895, 0.03855094313621521, 0.12805014848709106, 0.09024366736412048, -0.07783029973506927, 0.006440490484237671, 0.02471300959587097, 0.9417938590049744]] left_gripper=0.4145568907260895 right_gripper=0.9417938590049744
update step=187 qpos=[-0.03364335745573044, 1.3948196172714233, 1.021978735923767, -0.9585906267166138, 0.15247619152069092, 0.9314364194869995, 0.4145568907260895, 0.03866961598396301, 0.1274755299091339, 0.08973421156406403, -0.07693109661340714, 0.006432258989661932, 0.02499859780073166, 0.9417938590049744]
pred step=187 action=[[-0.03525720536708832, 1.3915135860443115, 1.0158631801605225, -0.9498623013496399, 0.15880709886550903, 0.9317551851272583, 0.40803319215774536, 0.04014810919761658, 0.1294957995414734, 0.09058737754821777, -0.07819001376628876, 0.0027877092361450195, 0.029834836721420288, 0.9459801912307739]] left_gripper=0.40803319215774536 right_gripper=0.9459801912307739
update step=188 qpos=[-0.035094257444143295, 1.3918735980987549, 1.016635537147522, -0.9509762525558472, 0.1580081433057785, 0.9317153096199036, 0.40803319215774536, 0.03998139873147011, 0.1292618066072464, 0.09047731757164001, -0.07803236693143845, 0.003245931351557374, 0.029217669740319252, 0.9459801912307739]
pred step=188 action=[[-0.03548292815685272, 1.3629363775253296, 1.0047215223312378, -0.9324752688407898, 0.15760883688926697, 0.8988913297653198, 0.4218284487724304, 0.04107256978750229, 0.12020349502563477, 0.09300693869590759, -0.07525812834501266, -0.0026587247848510742, 0.02439454197883606, 0.9377939701080322]] left_gripper=0.4218284487724304 right_gripper=0.9377939701080322
update step=189 qpos=[-0.03543133661150932, 1.3661413192749023, 1.0062932968139648, -0.9348628520965576, 0.15766233205795288, 0.9030799269676208, 0.4218284487724304, 0.040957868099212646, 0.12123959511518478, 0.09279689192771912, -0.07557514309883118, -0.0019155081827193499, 0.02500923164188862, 0.9377939701080322]
pred step=189 action=[[-0.03290882706642151, 1.3652369976043701, 1.014346957206726, -0.9520974159240723, 0.14849857985973358, 0.8997087478637695, 0.40874388813972473, 0.04031669348478317, 0.11109882593154907, 0.09035027027130127, -0.08105900883674622, 0.005238056182861328, 0.027099817991256714, 0.929624080657959]] left_gripper=0.40874388813972473 right_gripper=0.929624080657959
update step=190 qpos=[-0.03316713497042656, 1.3654022216796875, 1.0132522583007812, -0.949932336807251, 0.14965508878231049, 0.9001367688179016, 0.4087438881397248, 0.040376823395490646, 0.11231794208288193, 0.09056896716356277, -0.08038102835416794, 0.004335031844675541, 0.026833551004529, 0.929624080657959]
pred step=190 action=[[-0.029837872833013535, 1.3350911140441895, 0.9838330745697021, -0.9182212352752686, 0.1565340757369995, 0.8873767852783203, 0.4052791893482208, 0.040352962911129, 0.10725033283233643, 0.09068173170089722, -0.0728316381573677, -0.005734115839004517, 0.030407249927520752, 0.9273031949996948]] left_gripper=0.4052791893482208 right_gripper=0.9273031949996948
update step=191 qpos=[-0.030220242217183113, 1.3385906219482422, 0.9873586893081665, -0.9223504066467285, 0.15565276145935059, 0.8890057802200317, 0.4052791893482208, 0.040375690907239914, 0.10782100260257721, 0.09074118733406067, -0.07376787066459656, -0.004460439085960388, 0.029951073229312897, 0.9273031949996948]
pred step=191 action=[[-0.033459100872278214, 1.3118115663528442, 0.9741015434265137, -0.9124880433082581, 0.15327246487140656, 0.8596994280815125, 0.42627623677253723, 0.04174000769853592, 0.11009007692337036, 0.09807160496711731, -0.07915360480546951, -0.004426062107086182, 0.020152777433395386, 0.9327013492584229]] left_gripper=0.42627623677253723 right_gripper=0.9327013492584229
update step=192 qpos=[-0.033090099692344666, 1.3148229122161865, 0.9757152795791626, -0.9138107895851135, 0.15358342230319977, 0.8634396195411682, 0.42627623677253723, 0.04158172383904457, 0.10981464385986328, 0.09721916168928146, -0.07844965159893036, -0.004435018636286259, 0.021402109414339066, 0.9327013492584229]
pred step=192 action=[[-0.03209589421749115, 1.284323811531067, 0.9715081453323364, -0.9088338017463684, 0.14791084825992584, 0.8261279463768005, 0.43898916244506836, 0.04162420332431793, 0.10016530752182007, 0.09487715363502502, -0.08616440743207932, -0.001799255609512329, 0.014246821403503418, 0.9340829849243164]] left_gripper=0.43898916244506836 right_gripper=0.9340829849243164
update step=193 qpos=[-0.03218483924865723, 1.2877391576766968, 0.9720823764801025, -0.9095137119293213, 0.1486298143863678, 0.8308874368667603, 0.43898916244506836, 0.041615065187215805, 0.10132788121700287, 0.09508278220891953, -0.08520391583442688, -0.0021333799231797457, 0.015158838592469692, 0.9340829849243164]
pred step=193 action=[[-0.03302950784564018, 1.2331523895263672, 0.924218475818634, -0.8529093861579895, 0.15000759065151215, 0.7866909503936768, 0.4431104362010956, 0.043452680110931396, 0.09247070550918579, 0.081196129322052, -0.07425432652235031, -0.009551703929901123, 0.01871505379676819, 0.9290052652359009]] left_gripper=0.4431104362010956 right_gripper=0.9290052652359009
update step=194 qpos=[-0.032929714769124985, 1.2395151853561401, 0.9299060106277466, -0.8602692484855652, 0.1498299539089203, 0.7923307418823242, 0.4431104362010956, 0.043251700699329376, 0.0935380682349205, 0.08278298377990723, -0.07568720728158951, -0.008617152459919453, 0.018260594457387924, 0.9290052652359009]
pred step=194 action=[[-0.027865823358297348, 1.2379943132400513, 0.9410884380340576, -0.8825771808624268, 0.14771175384521484, 0.7901715636253357, 0.4375448524951935, 0.043940700590610504, 0.09269028902053833, 0.09200802445411682, -0.08637918531894684, -0.0018104612827301025, 0.01458844542503357, 0.9260465502738953]] left_gripper=0.4375448524951935 right_gripper=0.9260465502738953
update step=195 qpos=[-0.028428707271814346, 1.2381551265716553, 0.9396718740463257, -0.8797541856765747, 0.14797160029411316, 0.7904440760612488, 0.4375448524951935, 0.04384671524167061, 0.09274379909038544, 0.09102445840835571, -0.08496859669685364, -0.002673238283023238, 0.015057156793773174, 0.9260465502738952]
pred step=195 action=[[-0.024345722049474716, 1.1918041706085205, 0.9107505083084106, -0.8309118747711182, 0.15519273281097412, 0.7532393932342529, 0.44803333282470703, 0.04714859277009964, 0.09348040819168091, 0.0958755612373352, -0.07272395491600037, -0.016168415546417236, 0.0151863694190979, 0.9250484704971313]] left_gripper=0.44803333282470703 right_gripper=0.9250484704971313
update step=196 qpos=[-0.024810289964079857, 1.1970771551132202, 0.9143843054771423, -0.8371838331222534, 0.15426701307296753, 0.7579865455627441, 0.44803333282470703, 0.046788863837718964, 0.09336747229099274, 0.0953846350312233, -0.07424765825271606, -0.014468865469098091, 0.015168481506407261, 0.9250484704971313]
pred step=196 action=[[-0.01386115700006485, 1.185031533241272, 0.906810998916626, -0.8235577940940857, 0.14153200387954712, 0.7433158159255981, 0.48570799827575684, 0.0429038479924202, 0.07981842756271362, 0.09779652953147888, -0.06999915093183517, -0.01846441626548767, 0.012785494327545166, 0.9316303730010986]] left_gripper=0.48570799827575684 right_gripper=0.9316303730010986
update step=197 qpos=[-0.015057333745062351, 1.1865376234054565, 0.9076220393180847, -0.825323760509491, 0.14311639964580536, 0.745182991027832, 0.4857079982757569, 0.043369110673666, 0.08139880746603012, 0.09756234288215637, -0.07051098346710205, -0.017952902242541313, 0.013089476153254509, 0.9316303730010986]
pred step=197 action=[[-0.013535872101783752, 1.0905096530914307, 0.8337777853012085, -0.7706466317176819, 0.13925699889659882, 0.6736395359039307, 0.4815004765987396, 0.04228387027978897, 0.07454872131347656, 0.09515741467475891, -0.0731249451637268, -0.011054247617721558, 0.004311740398406982, 0.9157019853591919]] left_gripper=0.4815004765987396 right_gripper=0.9157019853591919
update step=198 qpos=[-0.013685348443686962, 1.101302981376648, 0.8427152037620544, -0.7778775691986084, 0.13974542915821075, 0.6827704310417175, 0.4815004765987397, 0.04239785671234131, 0.07538432627916336, 0.09535966068506241, -0.07281644642353058, -0.011925280094146729, 0.005431394558399916, 0.9157019853591919]
pred step=198 action=[[-0.010015524923801422, 1.088016152381897, 0.8386502861976624, -0.743108332157135, 0.1495896726846695, 0.6636660695075989, 0.49014800786972046, 0.045168109238147736, 0.08501601219177246, 0.10264289379119873, -0.07224154472351074, -0.02604740858078003, 0.005819827318191528, 0.9242106676101685]] left_gripper=0.49014800786972046 right_gripper=0.9242106676101685
update step=199 qpos=[-0.010446676053106785, 1.0896153450012207, 0.8392332196235657, -0.7474908828735352, 0.1483294516801834, 0.6660990118980408, 0.4901480078697205, 0.04487154632806778, 0.08385790139436722, 0.10183897614479065, -0.0722883865237236, -0.024267330765724182, 0.005768706556409597, 0.9242106676101685]
pred step=199 action=[[-0.007011637091636658, 1.0158071517944336, 0.7654909491539001, -0.6933712363243103, 0.1381329894065857, 0.6056731343269348, 0.5273528695106506, 0.041217200458049774, 0.07085341215133667, 0.09390109777450562, -0.0635671466588974, -0.0176389217376709, -0.004100531339645386, 0.9234172105789185]] left_gripper=0.5273528695106506 right_gripper=0.9234172105789185
update step=200 qpos=[-0.007364614866673946, 1.0243045091629028, 0.774141252040863, -0.700533926486969, 0.1394144594669342, 0.6133838295936584, 0.5273528695106507, 0.04163479804992676, 0.07239721715450287, 0.09482282400131226, -0.0646902322769165, -0.018471652641892433, -0.0028413916006684303, 0.9234172105789185]
pred step=200 action=[[0.015535183250904083, 1.7140984535217285, 1.3342156410217285, -1.177781105041504, 0.01583823561668396, 1.5761688947677612, 1.0163196325302124, -0.014230698347091675, -0.06909680366516113, -0.01623433828353882, -0.011859634891152382, 0.02613610029220581, 0.005495220422744751, 0.9959859848022461]] left_gripper=1.0163196325302124 right_gripper=0.9959859848022461
update step=201 qpos=[0.01318767573684454, 1.2151412963867188, 0.9675479531288147, -0.8991755843162537, 0.03143879771232605, 0.8132425546646118, 0.8206156037471913, -0.007766720838844776, -0.05225595459342003, -0.0034296319354325533, -0.01881471462547779, 0.020613305270671844, 0.004440255928784609, 0.9959859848022461]
pred step=201 action=[[0.013736866414546967, 1.751035213470459, 1.34934401512146, -1.1801378726959229, 0.01510360836982727, 1.59524667263031, 1.008835792541504, -0.015916526317596436, -0.06837582588195801, -0.014580249786376953, -0.0201333686709404, 0.028917014598846436, 0.005069762468338013, 0.9900907874107361]] left_gripper=1.008835792541504 right_gripper=0.9900907874107361
update step=202 qpos=[0.013703243806958199, 1.4143619537353516, 1.1644129753112793, -1.0886293649673462, 0.017162011936306953, 1.0132607221603394, 0.9597391569504032, -0.014987585134804249, -0.06659536063671112, -0.01298169232904911, -0.019894074648618698, 0.02788872830569744, 0.004991445690393448, 0.9900907874107361]
pred step=202 action=[[0.0060838982462882996, 1.7850966453552246, 1.3708126544952393, -1.1903486251831055, 0.02202737331390381, 1.6180087327957153, 0.9889888763427734, -0.013248234987258911, -0.07249301671981812, -0.013974428176879883, -0.02291451022028923, 0.03228354454040527, 0.0063443779945373535, 0.992607831954956]] left_gripper=0.9889888763427734 right_gripper=0.992607831954956
update step=203 qpos=[0.006934094242751598, 1.6073917150497437, 1.3385589122772217, -1.1774343252182007, 0.021442146971821785, 1.213240385055542, 0.9889888763427735, -0.013463581912219524, -0.07181131839752197, -0.01381693035364151, -0.022516964003443718, 0.031725604087114334, 0.006172067020088434, 0.992607831954956]
pred step=203 action=[[0.0024729520082473755, 1.8202253580093384, 1.3840303421020508, -1.1973116397857666, 0.02196943759918213, 1.6250512599945068, 0.9660758376121521, -0.012340858578681946, -0.06965053081512451, -0.012604832649230957, -0.024332329630851746, 0.032071471214294434, 0.003455430269241333, 0.989791750907898]] left_gripper=0.9660758376121521 right_gripper=0.989791750907898
update step=204 qpos=[0.0029873342718929052, 1.7785286903381348, 1.3797286748886108, -1.1945165395736694, 0.021916121244430542, 1.4096744060516357, 0.9660758376121521, -0.012472880072891712, -0.06990610063076019, -0.01275373250246048, -0.024102147668600082, 0.03202538937330246, 0.00380175793543458, 0.9897917509078981]
pred step=204 action=[[-0.00470801442861557, 1.8500059843063354, 1.4112319946289062, -1.2235658168792725, 0.022456467151641846, 1.6458501815795898, 0.9273810386657715, -0.011083155870437622, -0.06900066137313843, -0.019083738327026367, -0.02502908930182457, 0.037109702825546265, 0.003366231918334961, 0.9956415891647339]] left_gripper=0.9273810386657715 right_gripper=0.9956415891647339
update step=205 qpos=[-0.00387781229801476, 1.8398462533950806, 1.4086804389953613, -1.219581961631775, 0.02241567149758339, 1.5929068326950073, 0.9273810386657715, -0.011256431229412556, -0.06907550990581512, -0.018422329798340797, -0.024950258433818817, 0.03646417334675789, 0.00342178693972528, 0.9956415891647339]
pred step=205 action=[[-0.007578447461128235, 1.8720380067825317, 1.4160735607147217, -1.2255756855010986, 0.03091365098953247, 1.6643974781036377, 0.8715846538543701, -0.010767132043838501, -0.07388544082641602, -0.013074755668640137, -0.03245459869503975, 0.037564605474472046, -0.0006466805934906006, 0.9988794922828674]] left_gripper=0.8715846538543701 right_gripper=0.9988794922828674
update step=206 qpos=[-0.007164253853261471, 1.867963194847107, 1.4154173135757446, -1.2247201204299927, 0.029839148744940758, 1.6552966833114624, 0.87158465385437, -0.010826666839420795, -0.07334872335195541, -0.013614845462143421, -0.03145973011851311, 0.03742457926273346, -0.00012794499343726784, 0.9988794922828674]
pred step=206 action=[[-0.022060982882976532, 1.904938817024231, 1.4580738544464111, -1.2599611282348633, 0.030347377061843872, 1.6725146770477295, 0.8313733339309692, -0.00799444317817688, -0.0857090950012207, -0.01393049955368042, -0.027360927313566208, 0.04013019800186157, -0.0008289813995361328, 1.0097360610961914]] left_gripper=0.8313733339309692 right_gripper=1.0097360610961914
update step=207 qpos=[-0.020465901121497154, 1.9003028869628906, 1.4531490802764893, -1.255315899848938, 0.030312074348330498, 1.6703212261199951, 0.8313733339309692, -0.008333120495080948, -0.08425627648830414, -0.013855558820068836, -0.027863655239343643, 0.03978276252746582, -0.0007397864246740937, 1.0]
pred step=207 action=[[-0.02037994936108589, 1.9120193719863892, 1.4505691528320312, -1.2601275444030762, 0.025955647230148315, 1.6729391813278198, 0.7553174495697021, -0.0076920390129089355, -0.09111881256103516, -0.01887333393096924, -0.03189094737172127, 0.03924596309661865, -0.0023582875728607178, 1.0145055055618286]] left_gripper=0.7553174495697021 right_gripper=1.0145055055618286
update step=208 qpos=[-0.02027486450970173, 1.910621166229248, 1.4508744478225708, -1.2595140933990479, 0.02649877779185772, 1.672606110572815, 0.7553174495697021, -0.007765739690512419, -0.0902719721198082, -0.01837661862373352, -0.03141160309314728, 0.03931248560547829, -0.0021520722657442093, 1.0]
pred step=208 action=[[-0.016279101371765137, 1.919095754623413, 1.4505326747894287, -1.26576566696167, 0.024386823177337646, 1.6951828002929688, 0.7031199336051941, -0.008443906903266907, -0.0959169864654541, -0.01768815517425537, -0.03525837883353233, 0.033974409103393555, -0.0001061558723449707, 1.0153462886810303]] left_gripper=0.7031199336051941 right_gripper=1.0153462886810303
update step=209 qpos=[-0.01669285260140896, 1.9179837703704834, 1.450613021850586, -1.264971375465393, 0.02464659884572029, 1.6923037767410278, 0.7031199336051941, -0.00835377350449562, -0.09526248276233673, -0.017731236293911934, -0.03475314751267433, 0.03465075418353081, -0.00036732523585669696, 1.0]
pred step=209 action=[[-0.01971352845430374, 1.9336830377578735, 1.4628095626831055, -1.27907395362854, 0.021206945180892944, 1.688941240310669, 0.6580702066421509, -0.004811495542526245, -0.09855127334594727, -0.02079308032989502, -0.03183625638484955, 0.03593161702156067, 0.0016273260116577148, 1.023543357849121]] left_gripper=0.6580702066421509 right_gripper=1.023543357849121
update step=210 qpos=[-0.019422268494963646, 1.931773066520691, 1.4613685607910156, -1.277235746383667, 0.021651921793818474, 1.6893706321716309, 0.6580702066421509, -0.005230966489762068, -0.09815534949302673, -0.020447874441742897, -0.032216209918260574, 0.03576262295246124, 0.0013729068450629711, 1.0]
pred step=210 action=[[-0.017006292939186096, 1.9318416118621826, 1.4683713912963867, -1.2853243350982666, 0.008303016424179077, 1.679412603378296, 0.6092216372489929, -0.004896387457847595, -0.1015312671661377, -0.028386950492858887, -0.029258832335472107, 0.03624677658081055, 0.002628803253173828, 1.0260008573532104]] left_gripper=0.6092216372489929 right_gripper=1.0260008573532104
update step=211 qpos=[-0.01720849797129631, 1.9316903352737427, 1.4675995111465454, -1.2842869758605957, 0.009990179911255836, 1.68068265914917, 0.6092216372489929, -0.004936294164508581, -0.1011095643043518, -0.027505844831466675, -0.029665520414710045, 0.03618505597114563, 0.0024688055273145437, 1.0]
pred step=211 action=[[-0.02112635225057602, 1.9341444969177246, 1.4602439403533936, -1.2774860858917236, 0.003973037004470825, 1.6763579845428467, 0.5677443146705627, -0.0005629360675811768, -0.09567344188690186, -0.03208798170089722, -0.027751877903938293, 0.03715282678604126, 0.006495952606201172, 1.0279234647750854]] left_gripper=0.5677443146705627 right_gripper=1.0279234647750854
update step=212 qpos=[-0.02073732018470764, 1.9339812994003296, 1.4610692262649536, -1.2783567905426025, 0.004743561148643494, 1.6769094467163086, 0.5677443146705629, -0.0010794622357934713, -0.09631089866161346, -0.031568385660648346, -0.0280150193721056, 0.037022240459918976, 0.00598221505060792, 1.0]
pred step=212 action=[[-0.013712219893932343, 1.927435278892517, 1.4490242004394531, -1.278397798538208, 0.00017827749252319336, 1.6723542213439941, 0.5078227519989014, -0.0014704614877700806, -0.09783279895782471, -0.02962648868560791, -0.02320021204650402, 0.03253525495529175, 0.009981811046600342, 1.0254689455032349]] left_gripper=0.5078227519989014 right_gripper=1.0254689455032349
update step=213 qpos=[-0.014399036765098572, 1.9281047582626343, 1.4504743814468384, -1.2784533500671387, 0.000740654650144279, 1.672935962677002, 0.5078227519989014, -0.0014154044911265373, -0.0976882055401802, -0.029752330854535103, -0.023777760565280914, 0.03310365602374077, 0.0094718923792243, 1.0]
pred step=213 action=[[-0.012408733367919922, 1.9240139722824097, 1.4499255418777466, -1.284700870513916, -0.0001939237117767334, 1.6765289306640625, 0.45510345697402954, -0.0013722032308578491, -0.09174990653991699, -0.03799939155578613, -0.02485170215368271, 0.03628763556480408, 0.008639872074127197, 1.0248456001281738]] left_gripper=0.45510345697402954 right_gripper=1.0248456001281738
update step=214 qpos=[-0.012666473165154457, 1.9244369268417358, 1.4499787092208862, -1.2839375734329224, -7.52906416892074e-05, 1.676071286201477, 0.45510345697402954, -0.001383068854920566, -0.09239581227302551, -0.03718667849898338, -0.02478272095322609, 0.03588448092341423, 0.008746271952986717, 1.0]
pred step=214 action=[[-0.01150543987751007, 1.9151102304458618, 1.4476550817489624, -1.2819838523864746, -0.001360088586807251, 1.6644399166107178, 0.4284769594669342, -0.0031751245260238647, -0.102874755859375, -0.040941596031188965, -0.026347272098064423, 0.03582724928855896, 0.010313153266906738, 1.0264312028884888]] left_gripper=0.4284769594669342 right_gripper=1.0264312028884888
update step=215 qpos=[-0.011636731214821339, 1.9161896705627441, 1.4479376077651978, -1.2822556495666504, -0.0011980055132880807, 1.6659244298934937, 0.4284769594669342, -0.0029651192016899586, -0.10166662186384201, -0.039208851754665375, -0.025999613106250763, 0.03583863005042076, 0.010113568976521492, 1.0]
pred step=215 action=[[-0.010898768901824951, 1.923350214958191, 1.4386711120605469, -1.2731688022613525, -0.0024469494819641113, 1.6674729585647583, 0.39406344294548035, -0.0021413564682006836, -0.09798884391784668, -0.03447908163070679, -0.024165082722902298, 0.035842299461364746, 0.009887158870697021, 1.0292248725891113]] left_gripper=0.39406344294548035 right_gripper=1.0292248725891113
update step=216 qpos=[-0.010981731116771698, 1.922727108001709, 1.4396830797195435, -1.2743208408355713, -0.002290917094796896, 1.6672744750976562, 0.3940634429454804, -0.0022378519643098116, -0.09837206453084946, -0.0351056233048439, -0.024445438757538795, 0.0358399897813797, 0.009915964677929878, 1.0]
pred step=216 action=[[-0.013302333652973175, 1.9157140254974365, 1.443105936050415, -1.277513027191162, 0.00020700693130493164, 1.6578738689422607, 0.3755139410495758, -0.0025153160095214844, -0.10803091526031494, -0.03753554821014404, -0.02476581558585167, 0.03185570240020752, 0.009667158126831055, 1.0317189693450928]] left_gripper=0.3755139410495758 right_gripper=1.0317189693450928
update step=217 qpos=[-0.013073048554360867, 1.91629159450531, 1.4428355693817139, -1.2771087884902954, -0.00010308653872925788, 1.6590739488601685, 0.3755139410495758, -0.002474905224516988, -0.10689066350460052, -0.035936977714300156, -0.024704519659280777, 0.03235992044210434, 0.009698710404336452, 1.0]
pred step=217 action=[[-0.010833501815795898, 1.9061815738677979, 1.438401460647583, -1.2702734470367432, -0.0018800199031829834, 1.6600844860076904, 0.330509752035141, -0.0026672184467315674, -0.10447132587432861, -0.03752857446670532, -0.02513698861002922, 0.03684264421463013, 0.010524898767471313, 1.03098464012146]] left_gripper=0.330509752035141 right_gripper=1.03098464012146
update step=218 qpos=[-0.011044035665690899, 1.9074475765228271, 1.4388983249664307, -1.271165370941162, -0.0016608595615252852, 1.659955382347107, 0.330509752035141, -0.0026538758538663387, -0.10483522713184357, -0.035960499197244644, -0.025091946125030518, 0.03627624362707138, 0.010419834405183792, 1.0]
pred step=218 action=[[-0.006197415292263031, 1.8999301195144653, 1.4313113689422607, -1.2686998844146729, -0.0018771588802337646, 1.6534061431884766, 0.30800050497055054, -0.0033210813999176025, -0.10143768787384033, -0.03932994604110718, -0.0191492959856987, 0.03517153859138489, 0.014005124568939209, 1.0304583311080933]] left_gripper=0.30800050497055054 right_gripper=1.0304583311080933
update step=219 qpos=[-0.006712590344250202, 1.9008746147155762, 1.4321593046188354, -1.269054889678955, -0.0018585161305963993, 1.6542423963546753, 0.30800050497055054, -0.0032412968575954437, -0.10202738642692566, -0.03600098565220833, -0.019896144047379494, 0.035313185304403305, 0.013548078946769238, 1.0]
pred step=219 action=[[-0.009520016610622406, 1.8933446407318115, 1.4368901252746582, -1.2804343700408936, -0.0032746493816375732, 1.6389819383621216, 0.2838776707649231, -0.003880143165588379, -0.10144150257110596, -0.04050421714782715, -0.018371261656284332, 0.03534391522407532, 0.01070055365562439, 1.0362197160720825]] left_gripper=0.2838776707649231 right_gripper=1.0362197160720825
update step=220 qpos=[-0.009259404614567757, 1.894148826599121, 1.4363152980804443, -1.279016375541687, -0.0030862195417284966, 1.640929937362671, 0.2838776707649231, -0.0038053581956773996, -0.1017504334449768, -0.03601318597793579, -0.018561221659183502, 0.03534088656306267, 0.011063839308917522, 1.0]
pred step=220 action=[[-0.013224415481090546, 1.884716272354126, 1.4406155347824097, -1.2767267227172852, -0.0038344860076904297, 1.6438078880310059, 0.28740546107292175, -0.0036113858222961426, -0.10302507877349854, -0.04194158315658569, -0.021551284939050674, 0.038041502237319946, 0.010468661785125732, 1.0338653326034546]] left_gripper=0.28740546107292175 right_gripper=1.0338653326034546
update step=221 qpos=[-0.012796401046216488, 1.885864019393921, 1.4400988817214966, -1.277016282081604, -0.003733445890247822, 1.6434404850006104, 0.28740546107292175, -0.0036402568221092224, -0.1028372049331665, -0.03599795326590538, -0.021180860698223114, 0.03769974410533905, 0.010544541291892529, 1.0]
pred step=221 action=[[-0.010739229619503021, 1.8853063583374023, 1.440216302871704, -1.2784175872802734, -0.003185182809829712, 1.638331413269043, 0.22792425751686096, -0.0038626492023468018, -0.10055363178253174, -0.03970104455947876, -0.019265493378043175, 0.0341353714466095, 0.01366424560546875, 1.0395413637161255]] left_gripper=0.22792425751686096 right_gripper=1.0395413637161255
update step=222 qpos=[-0.010927969589829445, 1.8855124711990356, 1.4401092529296875, -1.2782478332519531, -0.003261331468820572, 1.638983130455017, 0.22792425751686096, -0.0038299935404211283, -0.10102105885744095, -0.03601560741662979, -0.019510433077812195, 0.0345868244767189, 0.013266267254948616, 1.0]
pred step=222 action=[[-0.012330926954746246, 1.8891093730926514, 1.439575433731079, -1.2766435146331787, -0.004169493913650513, 1.6348636150360107, 0.24042397737503052, -0.004502594470977783, -0.10199213027954102, -0.046052515506744385, -0.02297419123351574, 0.03618741035461426, 0.018923521041870117, 1.0362591743469238]] left_gripper=0.24042397737503052 right_gripper=1.0362591743469238
update step=223 qpos=[-0.01219615526497364, 1.8887214660644531, 1.439631462097168, -1.2768363952636719, -0.0040506841614842415, 1.6353888511657715, 0.24042397737503052, -0.004428531043231487, -0.10183990001678467, -0.03602943941950798, -0.022539302706718445, 0.03598694130778313, 0.018202560022473335, 1.0]
pred step=223 action=[[-0.006565161049365997, 1.8706445693969727, 1.4308744668960571, -1.2752788066864014, -0.00048097968101501465, 1.6195427179336548, 0.17528533935546875, -0.003651171922683716, -0.0984189510345459, -0.04066210985183716, -0.009411167353391647, 0.034473717212677, 0.015183746814727783, 1.040675401687622]] left_gripper=0.17528533935546875 right_gripper=1.040675401687622
update step=224 qpos=[-0.007142429705709219, 1.8726054430007935, 1.4319829940795898, -1.2755420207977295, -0.0009445603936910629, 1.6215648651123047, 0.17528533935546878, -0.0037398873828351498, -0.09910431504249573, -0.036039505153894424, -0.011047111824154854, 0.034663125872612, 0.015568808652460575, 1.0]
pred step=224 action=[[-0.0090666264295578, 1.8701106309890747, 1.4390590190887451, -1.2736337184906006, -0.004370242357254028, 1.6226757764816284, 0.18493181467056274, -0.005923181772232056, -0.10053062438964844, -0.04266291856765747, -0.01668660342693329, 0.04025983810424805, 0.01624271273612976, 1.041825532913208]] left_gripper=0.18493181467056274 right_gripper=1.041825532913208
update step=225 qpos=[-0.008892714977264404, 1.8705198764801025, 1.4381771087646484, -1.2738498449325562, -0.003929493948817253, 1.6225330829620361, 0.18493181467056274, -0.005678448360413313, -0.10031437128782272, -0.036028873175382614, -0.015988018363714218, 0.03955679386854172, 0.01615716889500618, 1.0]
pred step=225 action=[[-0.0049080029129981995, 1.8658090829849243, 1.4496345520019531, -1.286264419555664, -0.00991523265838623, 1.6332136392593384, 0.15733373165130615, -0.004857391119003296, -0.1020275354385376, -0.040625154972076416, -0.01473396085202694, 0.04119911789894104, 0.021110743284225464, 1.0403809547424316]] left_gripper=0.15733373165130615 right_gripper=1.0403809547424316
update step=226 qpos=[-0.00530014093965292, 1.866332769393921, 1.448245882987976, -1.2846873998641968, -0.009164839051663876, 1.631851077079773, 0.15733373165130615, -0.0049590179696679115, -0.10179294645786285, -0.03600432351231575, -0.014882240444421768, 0.04099099338054657, 0.020479287952184677, 1.0]
pred step=226 action=[[-0.006090514361858368, 1.8669017553329468, 1.442528247833252, -1.2819242477416992, -0.007485002279281616, 1.6309374570846558, 0.16337668895721436, -0.006069734692573547, -0.10100078582763672, -0.04473841190338135, -0.01456677820533514, 0.03813698887825012, 0.01927781105041504, 1.042317271232605]] left_gripper=0.16337668895721436 right_gripper=1.042317271232605
update step=227 qpos=[-0.006039972882717848, 1.8670134544372559, 1.4431012868881226, -1.2822952270507812, -0.007695563603192568, 1.6310546398162842, 0.16337668895721436, -0.005934249609708786, -0.10154891759157181, -0.03604234382510185, -0.014608077704906464, 0.0384998545050621, 0.019431155174970627, 1.0]
pred step=227 action=[[-0.009841859340667725, 1.873882532119751, 1.4611725807189941, -1.29758882522583, -0.0034928321838378906, 1.6255892515182495, 0.13398844003677368, -0.004538387060165405, -0.09569573402404785, -0.04352366924285889, -0.0121005205437541, 0.03850442171096802, 0.022138625383377075, 1.041487455368042]] left_gripper=0.13398844003677368 right_gripper=1.041487455368042
update step=228 qpos=[-0.009448439814150333, 1.8729606866836548, 1.4590651988983154, -1.295595407485962, -0.0040170843712985516, 1.6262861490249634, 0.13398844003677368, -0.0047037615440785885, -0.09678088128566742, -0.03608369082212448, -0.012430953793227673, 0.038501109927892685, 0.02179322950541973, 1.0]
pred step=228 action=[[-0.011489532887935638, 1.8626233339309692, 1.4501867294311523, -1.2873735427856445, -0.0030894875526428223, 1.6094166040420532, 0.1358906626701355, -0.004131332039833069, -0.09575748443603516, -0.04289698600769043, -0.007183270528912544, 0.03937876224517822, 0.01908665895462036, 1.0436710119247437]] left_gripper=0.1358906626701355 right_gripper=1.0436710119247437
update step=229 qpos=[-0.01125401072204113, 1.8638694286346436, 1.4512394666671753, -1.2884544134140015, -0.003205155720934272, 1.6115696430206299, 0.1358906626701355, -0.004200841765850782, -0.09625375270843506, -0.036085955798625946, -0.007835455238819122, 0.03926632180809975, 0.01943189464509487, 1.0]
pred step=229 action=[[-0.013353727757930756, 1.856937050819397, 1.4685440063476562, -1.3029370307922363, 0.0006568431854248047, 1.608796238899231, 0.11789816617965698, -0.004014194011688232, -0.09253084659576416, -0.04200756549835205, -0.0050989845767617226, 0.04184776544570923, 0.01982325315475464, 1.0461647510528564]] left_gripper=0.11789816617965698 right_gripper=1.0461647510528564
update step=230 qpos=[-0.013130901381373405, 1.8576585054397583, 1.466505527496338, -1.3010785579681396, 0.00017192728410009295, 1.6091495752334595, 0.11789816617965698, -0.004042059648782015, -0.09328867495059967, -0.036110661923885345, -0.005449710879474878, 0.041521135717630386, 0.019773362204432487, 1.0]
pred step=230 action=[[-0.012306511402130127, 1.856529951095581, 1.4757106304168701, -1.3102638721466064, -0.0008727908134460449, 1.6086950302124023, 0.13035595417022705, -0.0026118308305740356, -0.08890235424041748, -0.038569867610931396, -0.004599275533109903, 0.03657221794128418, 0.01951339840888977, 1.0484611988067627]] left_gripper=0.13035595417022705 right_gripper=1.0484611988067627
update step=231 qpos=[-0.012375328689813614, 1.8568212985992432, 1.4744935035705566, -1.3090935945510864, -0.000743234995752573, 1.6087528467178345, 0.13035595417022705, -0.0027699412312358618, -0.08954692631959915, -0.03612613305449486, -0.004719576798379421, 0.03719491511583328, 0.01954609528183937, 1.0]
pred step=231 action=[[-0.021511655300855637, 1.8512706756591797, 1.4750161170959473, -1.2992374897003174, 0.008102834224700928, 1.5829790830612183, 0.13530993461608887, -0.004999443888664246, -0.09953546524047852, -0.04142189025878906, -0.007004364859312773, 0.039471179246902466, 0.017606377601623535, 1.0498831272125244]] left_gripper=0.13530993461608887 right_gripper=1.0498831272125244
update step=232 qpos=[-0.02058621123433113, 1.8519806861877441, 1.4749852418899536, -1.3004658222198486, 0.0069999899715185165, 1.586267352104187, 0.13530993461608887, -0.004742471035569906, -0.09833855926990509, -0.036048900336027145, -0.006687733810395002, 0.03918755427002907, 0.01785406656563282, 1.0]
pred step=232 action=[[-0.021589450538158417, 1.845196008682251, 1.4830043315887451, -1.3010621070861816, 0.012837529182434082, 1.574653148651123, 0.13960087299346924, -0.003732532262802124, -0.09216761589050293, -0.040195584297180176, -0.003384524956345558, 0.03567323088645935, 0.018811076879501343, 1.0478590726852417]] left_gripper=0.13960087299346924 right_gripper=1.0478590726852417
update step=233 qpos=[-0.021435769274830818, 1.8459922075271606, 1.482070803642273, -1.300965666770935, 0.012095870450139046, 1.576133370399475, 0.13960087299346924, -0.003844896098598838, -0.09308964014053345, -0.036099206656217575, -0.0038147601298987865, 0.036115601658821106, 0.018688637763261795, 1.0]
pred step=233 action=[[-0.019748922437429428, 1.8434021472930908, 1.4880859851837158, -1.2907710075378418, 0.020978659391403198, 1.5588111877441406, 0.0874108076095581, -0.004560008645057678, -0.0928506851196289, -0.036341726779937744, 0.006625107489526272, 0.038304269313812256, 0.01432645320892334, 1.0520143508911133]] left_gripper=0.0874108076095581 right_gripper=1.0520143508911133
update step=234 qpos=[-0.019930489361286163, 1.8438488245010376, 1.4873714447021484, -1.2920135259628296, 0.019848983734846115, 1.5610188245773315, 0.0874108076095581, -0.004479810129851103, -0.09292163699865341, -0.03606772422790527, 0.005329584237188101, 0.038028255105018616, 0.014882921241223812, 1.0]
pred step=234 action=[[-0.02139340341091156, 1.8292934894561768, 1.4785575866699219, -1.287334680557251, 0.030306220054626465, 1.5455549955368042, 0.1165723204612732, -0.002033516764640808, -0.08457350730895996, -0.03538459539413452, 0.0054412903264164925, 0.03231769800186157, 0.018267840147018433, 1.0527796745300293]] left_gripper=0.1165723204612732 right_gripper=1.0527796745300293
update step=235 qpos=[-0.021270494908094406, 1.831017017364502, 1.4795892238616943, -1.2879842519760132, 0.02898453176021576, 1.5475282669067383, 0.1165723204612732, -0.002309619914740324, -0.08554945141077042, -0.035507507622241974, 0.005411091726273298, 0.03303500637412071, 0.01783543825149536, 1.0]
pred step=235 action=[[-0.02554924413561821, 1.8210026025772095, 1.4837403297424316, -1.2667124271392822, 0.044152677059173584, 1.5047818422317505, 0.15211200714111328, -0.002511247992515564, -0.09551560878753662, -0.03530913591384888, 0.0032278839498758316, 0.03271150588989258, 0.018629074096679688, 1.049921989440918]] left_gripper=0.15211200714111328 right_gripper=1.049921989440918
update step=236 qpos=[-0.02511605992913246, 1.822274923324585, 1.4833375215530396, -1.2693458795547485, 0.042237699031829834, 1.510233759880066, 0.15211200714111328, -0.0024868804030120373, -0.09434725344181061, -0.03528658673167229, 0.0035262254532426596, 0.03275261074304581, 0.018528103828430176, 1.0]
pred step=236 action=[[-0.033073462545871735, 1.8276598453521729, 1.47163987159729, -1.249154806137085, 0.05670854449272156, 1.493471622467041, 0.13826274871826172, -0.0018848925828933716, -0.09520113468170166, -0.037093937397003174, 0.008428244851529598, 0.03455051779747009, 0.01886841654777527, 1.0513418912887573]] left_gripper=0.13826274871826172 right_gripper=1.0513418912887573
update step=237 qpos=[-0.032241106033325195, 1.8273314237594604, 1.4729598760604858, -1.251697063446045, 0.054884061217308044, 1.495607614517212, 0.13826274871826172, -0.0019595075864344835, -0.09510350227355957, -0.0360591746866703, 0.007812091149389744, 0.0343221016228199, 0.01882515847682953, 1.0]
pred step=237 action=[[-0.03936878964304924, 1.8114393949508667, 1.4630898237228394, -1.2193489074707031, 0.06930798292160034, 1.4745944738388062, 0.10341429710388184, -0.0011216700077056885, -0.10215795040130615, -0.03817737102508545, 0.010567045770585537, 0.03748080134391785, 0.019096702337265015, 1.058144450187683]] left_gripper=0.10341429710388184 right_gripper=1.058144450187683
update step=238 qpos=[-0.03860173001885414, 1.8131462335586548, 1.4645277261734009, -1.223422646522522, 0.06749046593904495, 1.4772738218307495, 0.10341429710388184, -0.0012272332096472383, -0.10133468359708786, -0.03600078076124191, 0.010250766761600971, 0.037080179899930954, 0.01906229555606842, 1.0]
pred step=238 action=[[-0.053111590445041656, 1.8117188215255737, 1.4534668922424316, -1.1633076667785645, 0.11648981273174286, 1.4072561264038086, 0.10267883539199829, -0.001014813780784607, -0.09710037708282471, -0.03977179527282715, 0.024254348129034042, 0.025961875915527344, 0.02181228995323181, 1.0561119318008423]] left_gripper=0.10267883539199829 right_gripper=1.0561119318008423
update step=239 qpos=[-0.05163549259305, 1.8122432231903076, 1.4549380540847778, -1.1708115339279175, 0.11029448360204697, 1.4161860942840576, 0.10267883539199829, -0.001017889124341309, -0.09783555567264557, -0.03604712337255478, 0.022507689893245697, 0.027367115020751953, 0.02146103046834469, 1.0]
pred step=239 action=[[-0.05742674320936203, 1.7916163206100464, 1.4396543502807617, -1.1099908351898193, 0.14050613343715668, 1.3680143356323242, 0.10562074184417725, -0.0006145238876342773, -0.10033774375915527, -0.033327579498291016, 0.019213322550058365, 0.02640262246131897, 0.024332195520401, 1.0551562309265137]] left_gripper=0.10562074184417725 right_gripper=1.0551562309265137
update step=240 qpos=[-0.05676364526152611, 1.7940951585769653, 1.441771149635315, -1.1176334619522095, 0.13667619228363037, 1.374155044555664, 0.10562074184417725, -0.000660131627228111, -0.10004367679357529, -0.03363998606801033, 0.019643407315015793, 0.026523346081376076, 0.023966161534190178, 1.0]
pred step=240 action=[[-0.07811586558818817, 1.7913213968276978, 1.4147028923034668, -1.0234527587890625, 0.19774462282657623, 1.2919135093688965, 0.08936423063278198, 0.0036159753799438477, -0.09711575508117676, -0.0291595458984375, 0.0337255522608757, 0.021946102380752563, 0.025253504514694214, 1.0506067276000977]] left_gripper=0.08936423063278198 right_gripper=1.0506067276000977
update step=241 qpos=[-0.07594329863786697, 1.792156457901001, 1.4181541204452515, -1.035280704498291, 0.19002090394496918, 1.3024026155471802, 0.08936423063278197, 0.003122272901237011, -0.09750324487686157, -0.029578935354948044, 0.03197344392538071, 0.022516096010804176, 0.02508891187608242, 1.0]
pred step=241 action=[[-0.08474181592464447, 1.7526003122329712, 1.3815865516662598, -0.967028021812439, 0.2222861349582672, 1.24529230594635, 0.10454738140106201, 0.0022170543670654297, -0.10443830490112305, -0.02834784984588623, 0.027858812361955643, 0.020106077194213867, 0.03351312875747681, 1.055050015449524]] left_gripper=0.10454738140106201 right_gripper=1.055050015449524
update step=242 qpos=[-0.08372752368450165, 1.7571656703948975, 1.3862676620483398, -0.9757255911827087, 0.2181992083787918, 1.2525763511657715, 0.10454738140106201, 0.0023282261099666357, -0.10360034555196762, -0.0285341739654541, 0.028379390016198158, 0.02041316218674183, 0.03243907168507576, 1.0]
pred step=242 action=[[-0.08987780660390854, 1.7395766973495483, 1.3713409900665283, -0.9063493609428406, 0.25626832246780396, 1.1914069652557373, 0.11613500118255615, 8.499622344970703e-05, -0.09566795825958252, -0.021224915981292725, 0.02706441655755043, 0.012919396162033081, 0.03193017840385437, 1.055273175239563]] left_gripper=0.11613500118255615 right_gripper=1.055273175239563
update step=243 qpos=[-0.08922968059778214, 1.7420387268066406, 1.3732235431671143, -0.9151028394699097, 0.2514333724975586, 1.1992084980010986, 0.11613500118255615, 0.00036419491516426206, -0.09662236273288727, -0.022056911140680313, 0.027250230312347412, 0.01387069933116436, 0.03199513256549835, 1.0]
pred step=243 action=[[-0.11652930080890656, 1.7096959352493286, 1.29937744140625, -0.7255823612213135, 0.348961740732193, 1.0651394128799438, 0.11943751573562622, 0.0008634030818939209, -0.10820639133453369, -0.025915145874023438, 0.01999611034989357, 0.018514186143875122, 0.03338155150413513, 1.056671380996704]] left_gripper=0.11943751573562622 right_gripper=1.056671380996704
update step=244 qpos=[-0.11382507532835007, 1.7140448093414307, 1.3084123134613037, -0.7516549825668335, 0.33660927414894104, 1.0822486877441406, 0.11943751573562622, 0.0007947188569232821, -0.10680300742387772, -0.025535088032484055, 0.02089727856218815, 0.017926158383488655, 0.033205047249794006, 1.0]
pred step=244 action=[[-0.11789675056934357, 1.7050716876983643, 1.2996838092803955, -0.7213232517242432, 0.3436402678489685, 1.0611237287521362, 0.124203622341156, -0.000762253999710083, -0.10599660873413086, -0.03638875484466553, 0.02247917279601097, 0.015127688646316528, 0.04773896932601929, 1.0539946556091309]] left_gripper=0.124203622341156 right_gripper=1.0539946556091309
update step=245 qpos=[-0.11726102232933044, 1.7062127590179443, 1.3007988929748535, -0.7251523733139038, 0.3427363336086273, 1.0638123750686646, 0.124203622341156, -0.0005746068782173097, -0.10605315119028091, -0.035216134041547775, 0.022222571074962616, 0.015486489981412888, 0.045886047184467316, 1.0]
pred step=245 action=[[-0.14477796852588654, 1.6823080778121948, 1.2216064929962158, -0.4969440698623657, 0.4743364751338959, 0.9052143096923828, 0.09331059455871582, 0.004497408866882324, -0.08377015590667725, -0.021038293838500977, 0.03139638900756836, 0.0018424391746520996, 0.044658511877059937, 1.0507510900497437]] left_gripper=0.09331059455871582 right_gripper=1.0507510900497437
update step=246 qpos=[-0.14217081665992737, 1.6853034496307373, 1.2305513620376587, -0.5438245534896851, 0.4577055871486664, 0.9254592657089233, 0.09331059455871582, 0.003928655292838812, -0.08649583905935287, -0.022492146119475365, 0.030306071043014526, 0.003556339768692851, 0.04481435567140579, 1.0]
pred step=246 action=[[-0.1452321708202362, 1.642906665802002, 1.1921335458755493, -0.4367838501930237, 0.4914649426937103, 0.8474644422531128, 0.09603363275527954, 0.004778549075126648, -0.09316515922546387, -0.02353876829147339, 0.017370667308568954, 0.012061655521392822, 0.041150838136672974, 1.0476903915405273]] left_gripper=0.09603363275527954 right_gripper=1.0476903915405273
update step=247 qpos=[-0.1447320580482483, 1.6479419469833374, 1.1970312595367432, -0.4503820240497589, 0.48716601729393005, 0.8574124574661255, 0.09603363275527954, 0.00466295937076211, -0.09232005476951599, -0.023552365601062775, 0.018979661166667938, 0.010983636602759361, 0.04161835089325905, 1.0]
pred step=247 action=[[-0.16992148756980896, 1.5876357555389404, 1.0828614234924316, -0.24038654565811157, 0.5775349140167236, 0.6963573098182678, 0.1020088791847229, 0.005258694291114807, -0.09284353256225586, -0.023205995559692383, 0.02622125670313835, 0.006004065275192261, 0.03689536452293396, 1.043203592300415]] left_gripper=0.1020088791847229 right_gripper=1.043203592300415
update step=248 qpos=[-0.16752545535564423, 1.5950400829315186, 1.0958986282348633, -0.2747529447078705, 0.5661547183990479, 0.7169194221496582, 0.1020088791847229, 0.00519908033311367, -0.09280848503112793, -0.02317480556666851, 0.02532130479812622, 0.0066321659833192825, 0.03749696537852287, 1.0]
pred step=248 action=[[-0.19551779329776764, 1.5648549795150757, 1.037667155265808, -0.06636258959770203, 0.6662184596061707, 0.5728965401649475, 0.09763318300247192, 0.008650653064250946, -0.08008921146392822, -0.012793421745300293, 0.015376548282802105, 0.0015978813171386719, 0.02838703989982605, 1.0464229583740234]] left_gripper=0.09763318300247192 right_gripper=1.0464229583740234
update step=249 qpos=[-0.19263958930969238, 1.5685336589813232, 1.0444706678390503, -0.10008975118398666, 0.6535812616348267, 0.5912781357765198, 0.09763318300247192, 0.00825639721006155, -0.08159658312797546, -0.014026857912540436, 0.016652530059218407, 0.0022258649114519358, 0.029547641053795815, 1.0]
pred step=249 action=[[-0.19616395235061646, 1.4854555130004883, 0.9759085178375244, -0.04797597974538803, 0.6317514777183533, 0.5312091112136841, 0.12816733121871948, 0.009907416999340057, -0.09542274475097656, -0.029892325401306152, -0.0024742218665778637, 0.005486011505126953, 0.02796691656112671, 1.0394606590270996]] left_gripper=0.12816733121871948 right_gripper=1.0394606590270996
update step=250 qpos=[-0.19563613831996918, 1.4950729608535767, 0.9838852286338806, -0.05479868873953819, 0.6345861554145813, 0.5388743877410889, 0.12816733121871948, 0.009707591496407986, -0.09367790073156357, -0.028295375406742096, -0.00014578858099412173, 0.005070204846560955, 0.028168141841888428, 1.0]
pred step=250 action=[[-0.2272198647260666, 1.9234987497329712, 1.6067571640014648, -1.0757015943527222, 0.09182153642177582, 1.0033074617385864, 0.49027538299560547, -0.011593952775001526, -0.04186451435089111, -0.05638730525970459, -0.003960828296840191, 0.027502983808517456, 0.007448703050613403, 0.987112283706665]] left_gripper=0.49027538299560547 right_gripper=0.987112283706665
update step=251 qpos=[-0.22347784042358398, 1.6729919910430908, 1.1802594661712646, -0.24561196565628052, 0.4359116852283478, 0.7363033890724182, 0.4880822391145759, -0.009131764993071556, -0.0485871247947216, -0.036595191806554794, -0.0037382664158940315, 0.024706829339265823, 0.01009360235184431, 0.987112283706665]
pred step=251 action=[[-0.22665885090827942, 1.9270116090774536, 1.605921745300293, -1.0711252689361572, 0.10515817999839783, 1.0024025440216064, 0.49241429567337036, -0.009303957223892212, -0.03473687171936035, -0.04951977729797363, -0.007426327094435692, 0.026598989963531494, 0.010794073343276978, 0.9842177629470825]] left_gripper=0.49241429567337036 right_gripper=0.9842177629470825
update step=252 qpos=[-0.2260659635066986, 1.8593939542770386, 1.3772063255310059, -0.43956273794174194, 0.24277609586715698, 0.9238749146461487, 0.49241429567337036, -0.009292099624872208, -0.036979660391807556, -0.036635514348745346, -0.00701775960624218, 0.026362057775259018, 0.010703841224312782, 0.9842177629470825]
pred step=252 action=[[-0.2240632325410843, 1.922729253768921, 1.6019363403320312, -1.059837818145752, 0.11210328340530396, 0.9857101440429688, 0.47456783056259155, -0.007047563791275024, -0.040056049823760986, -0.04809778928756714, -0.01359855942428112, 0.03001725673675537, 0.010690271854400635, 0.9877711534500122]] left_gripper=0.47456783056259155 right_gripper=0.9877711534500122
update step=253 qpos=[-0.22427743673324585, 1.9153597354888916, 1.549263596534729, -0.6384289860725403, 0.12865851819515228, 0.9778349995613098, 0.47456783056259166, -0.007319186348468065, -0.0395694263279438, -0.03658009320497513, -0.012775739654898643, 0.029550882056355476, 0.010692013427615166, 0.9877711534500122]
pred step=253 action=[[-0.21937189996242523, 1.9171589612960815, 1.5882015228271484, -1.0400713682174683, 0.1260976791381836, 0.9658763408660889, 0.46722733974456787, -0.00340484082698822, -0.022662639617919922, -0.034917235374450684, -0.02177515998482704, 0.028146892786026, 0.011512219905853271, 0.9864680767059326]] left_gripper=0.46722733974456787 right_gripper=0.9864680767059326
update step=254 qpos=[-0.22005850076675415, 1.9179359674453735, 1.5831316709518433, -0.8308495879173279, 0.1264038234949112, 0.9674030542373657, 0.46722733974456787, -0.0038606994785368443, -0.02463410422205925, -0.035214900970458984, -0.02066884934902191, 0.02831650711596012, 0.011407003737986088, 0.9864680767059326]
pred step=254 action=[[-0.21285128593444824, 1.9104644060134888, 1.5735652446746826, -1.0179097652435303, 0.1439550518989563, 0.9453643560409546, 0.43150272965431213, -0.0038225501775741577, -0.03056246042251587, -0.030741870403289795, -0.03238014504313469, 0.032495975494384766, 0.00478699803352356, 0.9921382665634155]] left_gripper=0.43150272965431213 right_gripper=0.9921382665634155
update step=255 qpos=[-0.21364814043045044, 1.9110379219055176, 1.5739469528198242, -0.9931917190551758, 0.141734316945076, 0.9481840133666992, 0.43150272965431213, -0.0038343484047800303, -0.02987664006650448, -0.03121277131140232, -0.030861876904964447, 0.031966857612133026, 0.005631302949041128, 0.9921382665634155]
pred step=255 action=[[-0.21131815016269684, 1.9215927124023438, 1.5942449569702148, -1.0273332595825195, 0.15345530211925507, 0.9487485885620117, 0.42029431462287903, 0.0010329633951187134, -0.01787745952606201, -0.013763368129730225, -0.03464888408780098, 0.027999192476272583, 0.00340193510055542, 0.9940067529678345]] left_gripper=0.42029431462287903 right_gripper=0.9940067529678345
update step=256 qpos=[-0.21163219213485718, 1.9201054573059082, 1.5918210744857788, -1.0229812860488892, 0.15197668969631195, 0.9486755132675171, 0.42029431462287903, 0.0004703047452494502, -0.019347913563251495, -0.015704913064837456, -0.03410462290048599, 0.028490759432315826, 0.0036850073374807835, 0.9940067529678345]
pred step=256 action=[[-0.20334455370903015, 1.8942301273345947, 1.534550428390503, -0.965445876121521, 0.18404874205589294, 0.9010610580444336, 0.38000813126564026, 0.0056319087743759155, -0.024744689464569092, -0.008392870426177979, -0.05100817233324051, 0.04272952675819397, 0.00581088662147522, 1.0055861473083496]] left_gripper=0.38000813126564026 right_gripper=1.0055861473083496
update step=257 qpos=[-0.20425745844841003, 1.897365689277649, 1.5415178537368774, -0.972891628742218, 0.1799604743719101, 0.9071371555328369, 0.38000813126564026, 0.004997193347662687, -0.024073170498013496, -0.009342226199805737, -0.048863861709833145, 0.04091942682862282, 0.0055399625562131405, 1.0]
pred step=257 action=[[-0.1973588466644287, 1.8997009992599487, 1.5390026569366455, -0.9783331751823425, 0.17808131873607635, 0.9119830131530762, 0.37148427963256836, 0.013581030070781708, 0.004489898681640625, 0.009335517883300781, -0.0437733493745327, 0.027068793773651123, -0.0002295076847076416, 1.0051310062408447]] left_gripper=0.37148427963256836 right_gripper=1.0051310062408447
update step=258 qpos=[-0.19813214242458344, 1.8993313312530518, 1.5393178462982178, -0.9776514172554016, 0.1783149391412735, 0.9113622903823853, 0.37148427963256836, 0.012603936716914177, 0.0010589321609586477, 0.007244290318340063, -0.044367872178554535, 0.028801951557397842, 0.000504257099237293, 1.0]
pred step=258 action=[[-0.19172322750091553, 1.8853070735931396, 1.5145719051361084, -0.9408237934112549, 0.18845625221729279, 0.8781955242156982, 0.32128873467445374, 0.012804046273231506, -8.761882781982422e-05, 0.0096932053565979, -0.05140708386898041, 0.025847196578979492, -0.003920942544937134, 1.0124582052230835]] left_gripper=0.32128873467445374 right_gripper=1.0124582052230835
update step=259 qpos=[-0.19247418642044067, 1.8869746923446655, 1.5176568031311035, -0.9455347657203674, 0.18716008961200714, 0.8824272155761719, 0.32128873467445374, 0.012789225205779076, 8.544127194909379e-05, 0.009314818307757378, -0.05053120106458664, 0.026218490675091743, -0.003357320325449109, 1.0]
pred step=259 action=[[-0.18565988540649414, 1.8798880577087402, 1.502687692642212, -0.9384990930557251, 0.18495118618011475, 0.8872212171554565, 0.3129461407661438, 0.018228769302368164, 0.012599468231201172, 0.021757423877716064, -0.05154307931661606, 0.023399263620376587, -0.007746607065200806, 1.0191295146942139]] left_gripper=0.3129461407661438 right_gripper=1.0191295146942139
update step=260 qpos=[-0.18641938269138336, 1.8807390928268433, 1.5044474601745605, -0.9394510984420776, 0.18522325158119202, 0.8866086006164551, 0.3129461407661438, 0.017597051337361336, 0.011082903482019901, 0.020376725122332573, -0.05137086659669876, 0.02374379336833954, -0.007188039366155863, 1.0]
pred step=260 action=[[-0.17798994481563568, 1.8652563095092773, 1.4779412746429443, -0.915319561958313, 0.19121810793876648, 0.8561310768127441, 0.2956375777721405, 0.019755564630031586, 0.00018960237503051758, 0.019167840480804443, -0.06162174046039581, 0.03268754482269287, -0.011813491582870483, 1.0186142921447754]] left_gripper=0.2956375777721405 right_gripper=1.0186142921447754
update step=261 qpos=[-0.17893236875534058, 1.867063283920288, 1.4811604022979736, -0.9184603691101074, 0.1904449164867401, 0.8600202798843384, 0.29563757777214056, 0.019485201686620712, 0.0015144826611503959, 0.01921902410686016, -0.06034013256430626, 0.0315520279109478, -0.011223705485463142, 1.0]
pred step=261 action=[[-0.176138237118721, 1.8460136651992798, 1.4375691413879395, -0.8824948072433472, 0.1935035139322281, 0.8348075747489929, 0.2688640058040619, 0.025781042873859406, 0.021492600440979004, 0.02538120746612549, -0.06071145087480545, 0.036134421825408936, -0.009141743183135986, 1.0251235961914062]] left_gripper=0.2688640058040619 right_gripper=1.0251235961914062
update step=262 qpos=[-0.17650680243968964, 1.8485095500946045, 1.4428048133850098, -0.8871946930885315, 0.19311420619487762, 0.8380252122879028, 0.2688640058040619, 0.02503286302089691, 0.019125118851661682, 0.024650106206536293, -0.060665279626846313, 0.035543061792850494, -0.009407952427864075, 1.0]
pred step=262 action=[[-0.17562277615070343, 1.8488497734069824, 1.4409761428833008, -0.8933968544006348, 0.18536658585071564, 0.8193358182907104, 0.24580118060112, 0.03144072741270065, 0.03905719518661499, 0.03955996036529541, -0.05759614333510399, 0.02132892608642578, -0.01258915662765503, 1.0240850448608398]] left_gripper=0.24580118060112 right_gripper=1.0240850448608398
update step=263 qpos=[-0.17571726441383362, 1.8487318754196167, 1.4411985874176025, -0.8926208019256592, 0.18634963035583496, 0.8217192888259888, 0.24580118060112, 0.03071998432278633, 0.03665516525506973, 0.03792360797524452, -0.05793171003460884, 0.023112162947654724, -0.012185130268335342, 1.0]
pred step=263 action=[[-0.17106294631958008, 1.82809579372406, 1.4139118194580078, -0.8632557392120361, 0.19263067841529846, 0.8107093572616577, 0.22777631878852844, 0.029993601143360138, 0.03620040416717529, 0.035278379917144775, -0.07049974799156189, 0.02361634373664856, -0.021200746297836304, 1.02740478515625]] left_gripper=0.22777631878852844 right_gripper=1.02740478515625
update step=264 qpos=[-0.1715654879808426, 1.8305097818374634, 1.4172309637069702, -0.8670659065246582, 0.19182473421096802, 0.8121140599250793, 0.22777631878852844, 0.03008081205189228, 0.03632136061787605, 0.035414919257164, -0.06895721703767776, 0.023551736027002335, -0.020051484927535057, 1.0]
pred step=264 action=[[-0.16988122463226318, 1.8210140466690063, 1.4093786478042603, -0.8622007966041565, 0.19489048421382904, 0.7931513786315918, 0.2202519178390503, 0.03346271812915802, 0.045230209827423096, 0.04117012023925781, -0.0726841613650322, 0.03235292434692383, -0.02044498920440674, 1.0309693813323975]] left_gripper=0.2202519178390503 right_gripper=1.0309693813323975
update step=265 qpos=[-0.17009428143501282, 1.8221819400787354, 1.4102638959884644, -0.8628629446029663, 0.1945011466741562, 0.7955707907676697, 0.22025191783905032, 0.033047646284103394, 0.04415280371904373, 0.04054872691631317, -0.07218778133392334, 0.03123362921178341, -0.020395150408148766, 1.0]
pred step=265 action=[[-0.17477774620056152, 1.8231806755065918, 1.402374029159546, -0.8549330830574036, 0.19336576759815216, 0.7980430126190186, 0.22638428211212158, 0.034668952226638794, 0.07340985536575317, 0.057437002658843994, -0.06245582178235054, 0.013890177011489868, -0.022227168083190918, 1.0314881801605225]] left_gripper=0.22638428211212158 right_gripper=1.0314881801605225
update step=266 qpos=[-0.17430511116981506, 1.8231279850006104, 1.403295636177063, -0.8559576869010925, 0.1935187578201294, 0.7977277040481567, 0.22638428211212158, 0.03451620042324066, 0.06990223377943039, 0.05557769536972046, -0.06363663077354431, 0.01607908122241497, -0.021994896233081818, 1.0]
pred step=266 action=[[-0.17754872143268585, 1.830505132675171, 1.395721673965454, -0.8603614568710327, 0.19487333297729492, 0.8066740036010742, 0.2225264310836792, 0.04204320162534714, 0.10687196254730225, 0.07121667265892029, -0.057216644287109375, -0.004377216100692749, -0.01942881941795349, 1.0312442779541016]] left_gripper=0.2225264310836792 right_gripper=1.0312442779541016
update step=267 qpos=[-0.1771755963563919, 1.829569697380066, 1.3966362476348877, -0.8598197102546692, 0.19470499455928802, 0.8055334687232971, 0.2225264310836792, 0.04120398312807083, 0.10250875353813171, 0.06937804073095322, -0.05801903083920479, -0.0018079240107908845, -0.01975828781723976, 1.0]
pred step=267 action=[[-0.17842435836791992, 1.8156251907348633, 1.3988063335418701, -0.8634055852890015, 0.17060570418834686, 0.7795859575271606, 0.20217865705490112, 0.04106801003217697, 0.10385513305664062, 0.06885230541229248, -0.06986474245786667, 0.008583754301071167, -0.025581538677215576, 1.0320883989334106]] left_gripper=0.20217865705490112 right_gripper=1.0320883989334106
update step=268 qpos=[-0.17821137607097626, 1.8170769214630127, 1.398645043373108, -0.8629528284072876, 0.17366334795951843, 0.7828966975212097, 0.20217865705490112, 0.04106496647000313, 0.10374542325735092, 0.06879539787769318, -0.06839443743228912, 0.0072682099416852, -0.024838371202349663, 1.0]
pred step=268 action=[[-0.1803688406944275, 1.8263731002807617, 1.4032926559448242, -0.8595916032791138, 0.1746448427438736, 0.782295823097229, 0.2113288938999176, 0.0455595925450325, 0.11967790126800537, 0.08324965834617615, -0.06102845072746277, -0.01130300760269165, -0.02879279851913452, 1.02933669090271]] left_gripper=0.2113288938999176 right_gripper=1.02933669090271
update step=269 qpos=[-0.18015478551387787, 1.8255083560943604, 1.4026422500610352, -0.8599942922592163, 0.17451907694339752, 0.7823710441589355, 0.2113288938999176, 0.04507208988070488, 0.11772751808166504, 0.08173173666000366, -0.06189025565981865, -0.00896452460438013, -0.028290536254644394, 1.0]
pred step=269 action=[[-0.18201570212841034, 1.816894769668579, 1.3907673358917236, -0.8117552399635315, 0.2106885015964508, 0.7662051916122437, 0.2046460211277008, 0.04834908992052078, 0.14100724458694458, 0.09794759750366211, -0.03878550976514816, -0.030596882104873657, -0.023643165826797485, 1.029403567314148]] left_gripper=0.2046460211277008 right_gripper=1.029403567314148
update step=270 qpos=[-0.18187576532363892, 1.8179155588150024, 1.3924298286437988, -0.8178282976150513, 0.2061007171869278, 0.7682681679725647, 0.2046460211277008, 0.04801094904541969, 0.13821348547935486, 0.0961899384856224, -0.04165690019726753, -0.027869848534464836, -0.02423749677836895, 1.0]
pred step=270 action=[[-0.18081030249595642, 1.8073503971099854, 1.3946104049682617, -0.8310277462005615, 0.17520682513713837, 0.7631677389144897, 0.19125163555145264, 0.04018685966730118, 0.1273600459098816, 0.0932576060295105, -0.06049274280667305, -0.01370459794998169, -0.02986830472946167, 1.0361154079437256]] left_gripper=0.19125163555145264 right_gripper=1.0361154079437256
update step=271 qpos=[-0.18081341683864594, 1.8086466789245605, 1.3942198753356934, -0.8293962478637695, 0.17912040650844574, 0.7638170719146729, 0.19125163555145264, 0.04107668623328209, 0.12872187793254852, 0.09338662028312683, -0.058157943189144135, -0.015481330454349518, -0.02914833277463913, 1.0]
pred step=271 action=[[-0.18964524567127228, 1.823114275932312, 1.4170479774475098, -0.8274387121200562, 0.19480182230472565, 0.7565715312957764, 0.18734419345855713, 0.05239091068506241, 0.1616552472114563, 0.12291985750198364, -0.03354683518409729, -0.04305264353752136, -0.026121199131011963, 1.029366374015808]] left_gripper=0.18734419345855713 right_gripper=1.029366374015808
update step=272 qpos=[-0.1887872815132141, 1.8215655088424683, 1.4143482446670532, -0.8275742530822754, 0.19282777607440948, 0.7574958801269531, 0.18734419345855713, 0.05112002417445183, 0.1576259434223175, 0.1198403462767601, -0.036516860127449036, -0.03958849236369133, -0.026510275900363922, 1.0]
pred step=272 action=[[-0.19867397844791412, 1.8384085893630981, 1.420423984527588, -0.8339866399765015, 0.2028176486492157, 0.7788315415382385, 0.18128597736358643, 0.05931176245212555, 0.1989099383354187, 0.13904869556427002, -0.013682879507541656, -0.06874293088912964, -0.01809394359588623, 1.0168755054473877]] left_gripper=0.18128597736358643 right_gripper=1.0168755054473877
update step=273 qpos=[-0.19757841527462006, 1.8364489078521729, 1.4197107553482056, -0.8331273794174194, 0.2015625387430191, 0.7761095762252808, 0.18128597736358643, 0.058413513004779816, 0.19407260417938232, 0.13679398596286774, -0.016564710065722466, -0.0650733932852745, -0.019169310107827187, 1.0]
pred step=273 action=[[-0.19979599118232727, 1.841241478919983, 1.4315221309661865, -0.8336101174354553, 0.19058555364608765, 0.7643744945526123, 0.16309547424316406, 0.06328212469816208, 0.2254728078842163, 0.15209749341011047, -0.015450732782483101, -0.08618631958961487, -0.02436414361000061, 1.0123083591461182]] left_gripper=0.16309547424316406 right_gripper=1.0123083591461182
update step=274 qpos=[-0.19943198561668396, 1.8405439853668213, 1.4302600622177124, -0.8334693908691406, 0.19197115302085876, 0.7658712267875671, 0.16309547424316406, 0.0627589151263237, 0.22180642187595367, 0.15027226507663727, -0.015582324005663395, -0.08352894335985184, -0.023702824488282204, 1.0]
pred step=274 action=[[-0.20431402325630188, 1.8433284759521484, 1.4550122022628784, -0.8401373028755188, 0.18014957010746002, 0.7509006261825562, 0.1507241129875183, 0.0627802237868309, 0.22749412059783936, 0.16619464755058289, -0.010880853049457073, -0.08743232488632202, -0.021219074726104736, 1.003922700881958]] left_gripper=0.1507241129875183 right_gripper=1.003922700881958
update step=275 qpos=[-0.20377032458782196, 1.8431017398834229, 1.452051043510437, -0.8392021059989929, 0.1816529780626297, 0.7528092265129089, 0.1507241129875183, 0.06278669089078903, 0.22677136957645416, 0.1644820272922516, -0.011400037445127964, -0.08693980425596237, -0.021536264568567276, 1.0]
pred step=275 action=[[-0.20747996866703033, 1.8545057773590088, 1.4764963388442993, -0.8637527823448181, 0.17545881867408752, 0.7632102966308594, 0.1210176944732666, 0.06708522140979767, 0.252133309841156, 0.18130773305892944, -0.002608031965792179, -0.10234197974205017, -0.019043803215026855, 0.998946487903595]] left_gripper=0.1210176944732666 right_gripper=0.998946487903595
update step=276 qpos=[-0.2070479840040207, 1.853297472000122, 1.4734435081481934, -0.8605836629867554, 0.17624695599079132, 0.7618817090988159, 0.1210176944732666, 0.0666128396987915, 0.24916259944438934, 0.17934970557689667, -0.0036959205754101276, -0.1004016250371933, -0.019362550228834152, 0.998946487903595]
pred step=276 action=[[-0.21084877848625183, 1.8592443466186523, 1.4519736766815186, -0.8469099998474121, 0.20443880558013916, 0.7879692912101746, 0.139634370803833, 0.07445558905601501, 0.2958832383155823, 0.19862762093544006, 0.026678133755922318, -0.1405632644891739, -0.0031255483627319336, 0.9875820279121399]] left_gripper=0.139634370803833 right_gripper=0.9875820279121399
update step=277 qpos=[-0.21048779785633087, 1.8585484027862549, 1.4545700550079346, -0.8486912250518799, 0.20086969435214996, 0.7846430540084839, 0.139634370803833, 0.07361902296543121, 0.29038161039352417, 0.19650523364543915, 0.02287079207599163, -0.13549602031707764, -0.0051984707824885845, 0.9875820279121399]
pred step=277 action=[[-0.21859955787658691, 1.869279146194458, 1.4787790775299072, -0.8604707717895508, 0.18957775831222534, 0.7690496444702148, 0.149993896484375, 0.07894779741764069, 0.33146560192108154, 0.2325601577758789, 0.011492597870528698, -0.1413213461637497, -0.012684941291809082, 0.9879825115203857]] left_gripper=0.149993896484375 right_gripper=0.9879825115203857
update step=278 qpos=[-0.21765919029712677, 1.8678152561187744, 1.4760559797286987, -0.8588531613349915, 0.1910209059715271, 0.7710393071174622, 0.14999389648437503, 0.07833630591630936, 0.3266361653804779, 0.22842100262641907, 0.013028908520936966, -0.14059486985206604, -0.011729470454156399, 0.9879825115203857]
pred step=278 action=[[-0.22078560292720795, 1.8726625442504883, 1.4829442501068115, -0.8499292135238647, 0.1980704665184021, 0.7642277479171753, 0.12038958072662354, 0.08281965553760529, 0.3250904083251953, 0.2357402741909027, 0.020887576043605804, -0.1485653966665268, -0.00442388653755188, 0.9772422313690186]] left_gripper=0.12038958072662354 right_gripper=0.9772422313690186
update step=279 qpos=[-0.22039809823036194, 1.872210144996643, 1.482137680053711, -0.8510122299194336, 0.19717121124267578, 0.7650954723358154, 0.12038958072662354, 0.08231168240308762, 0.32527875900268555, 0.23490048944950104, 0.01991034485399723, -0.14756694436073303, -0.005356895737349987, 0.9772422313690186]
pred step=279 action=[[-0.23831918835639954, 1.8851306438446045, 1.477195143699646, -0.812954306602478, 0.2561641335487366, 0.7742465734481812, 0.1463381052017212, 0.10524850338697433, 0.4416932463645935, 0.30193114280700684, 0.06808824092149734, -0.23147496581077576, 0.001287013292312622, 0.9675032496452332]] left_gripper=0.1463381052017212 right_gripper=0.9675032496452332
update step=280 qpos=[-0.23653165996074677, 1.8836870193481445, 1.477997064590454, -0.8176961541175842, 0.24870917201042175, 0.7730813026428223, 0.1463381052017212, 0.1027364507317543, 0.4279349446296692, 0.29462674260139465, 0.062199998646974564, -0.2208879142999649, 0.0004347434442024678, 0.9675032496452333]
pred step=280 action=[[-0.23854877054691315, 1.886447787284851, 1.4855146408081055, -0.7999255061149597, 0.24844035506248474, 0.7507007122039795, 0.13611871004104614, 0.10595723986625671, 0.45180654525756836, 0.3148926794528961, 0.06472881138324738, -0.2336241602897644, -0.003928154706954956, 0.9598486423492432]] left_gripper=0.13611871004104614 right_gripper=0.9598486423492432
update step=281 qpos=[-0.23806266486644745, 1.886082410812378, 1.4847956895828247, -0.8020870089530945, 0.24845333397388458, 0.7535541653633118, 0.13611871004104614, 0.10561113804578781, 0.44911929965019226, 0.312441349029541, 0.06442119926214218, -0.2320196032524109, -0.0033716391772031784, 0.9598486423492432]
pred step=281 action=[[-0.24651794135570526, 1.8952436447143555, 1.4880008697509766, -0.7814858555793762, 0.27896204590797424, 0.7347941994667053, 0.1611916422843933, 0.12160971760749817, 0.53147292137146, 0.36848345398902893, 0.08851440995931625, -0.2820354700088501, -0.012043267488479614, 0.9496267437934875]] left_gripper=0.1611916422843933 right_gripper=0.9496267437934875
update step=282 qpos=[-0.24567702412605286, 1.8942756652832031, 1.4877049922943115, -0.7840346097946167, 0.275100976228714, 0.7371876835823059, 0.16119164228439334, 0.11984115839004517, 0.5218185782432556, 0.36227402091026306, 0.08563091605901718, -0.2757205069065094, -0.0109403682872653, 0.9496267437934875]
pred step=282 action=[[-0.25571924448013306, 1.9080873727798462, 1.4853839874267578, -0.7526239156723022, 0.3147526979446411, 0.7452137470245361, 0.16217315196990967, 0.13060930371284485, 0.5762789249420166, 0.3908720016479492, 0.11881759017705917, -0.3266551196575165, 0.0040454864501953125, 0.9451897740364075]] left_gripper=0.16217315196990967 right_gripper=0.9451897740364075
update step=283 qpos=[-0.2546117901802063, 1.9064421653747559, 1.4858899116516113, -0.7565205097198486, 0.30972766876220703, 0.7441895604133606, 0.16217315196990967, 0.12946033477783203, 0.5700135827064514, 0.3876359164714813, 0.114657461643219, -0.3202159106731415, 0.002131381770595908, 0.9451897740364075]
pred step=283 action=[[-0.25425541400909424, 1.9018206596374512, 1.500180721282959, -0.7606282234191895, 0.29968738555908203, 0.7302922010421753, 0.1505821943283081, 0.13342484831809998, 0.5941081047058105, 0.40817755460739136, 0.10318255424499512, -0.3179806172847748, -0.006308257579803467, 0.9419467449188232]] left_gripper=0.1505821943283081 right_gripper=0.9419467449188232
update step=284 qpos=[-0.25410425662994385, 1.9023489952087402, 1.4985158443450928, -0.7600521445274353, 0.300947368144989, 0.7320637106895447, 0.1505821943283081, 0.13295389711856842, 0.5913733839988708, 0.4057466387748718, 0.10467066615819931, -0.31826603412628174, -0.00522990757599473, 0.9419467449188232]
pred step=284 action=[[-0.268033504486084, 1.898490309715271, 1.4494932889938354, -0.678213357925415, 0.3769240975379944, 0.716652512550354, 0.18514150381088257, 0.15803177654743195, 0.7248579859733582, 0.47693562507629395, 0.17143353819847107, -0.4160764813423157, 0.004615277051925659, 0.9384992122650146]] left_gripper=0.18514150381088257 right_gripper=0.9384992122650146
update step=285 qpos=[-0.2667504847049713, 1.8991611003875732, 1.4555575847625732, -0.6886538863182068, 0.3673005998134613, 0.7186241149902344, 0.18514150381088257, 0.15530547499656677, 0.7092553377151489, 0.4692942798137665, 0.16319584846496582, -0.40368589758872986, 0.003354153595864773, 0.9384992122650146]
pred step=285 action=[[-0.26890379190444946, 1.9013473987579346, 1.47698175907135, -0.6688475608825684, 0.38278067111968994, 0.7068455219268799, 0.18614459037780762, 0.1669166535139084, 0.7370664477348328, 0.4949069321155548, 0.17134365439414978, -0.4307612478733063, 0.015489280223846436, 0.9155460596084595]] left_gripper=0.18614459037780762 right_gripper=0.9155460596084595
update step=286 qpos=[-0.2684411108493805, 1.9010676145553589, 1.4746465682983398, -0.6712138056755066, 0.3807981312274933, 0.7083455324172974, 0.1861445903778076, 0.16563239693641663, 0.7338590025901794, 0.4920382797718048, 0.17038238048553467, -0.42735087871551514, 0.01394039299339056, 0.9155460596084595]
pred step=286 action=[[-0.27622509002685547, 1.8868777751922607, 1.4272775650024414, -0.5812227725982666, 0.4480844736099243, 0.6733016967773438, 0.18858695030212402, 0.18932068347930908, 0.8521608710289001, 0.5519914031028748, 0.23678049445152283, -0.49672114849090576, 0.02495211362838745, 0.904127299785614]] left_gripper=0.18858695030212402 right_gripper=0.904127299785614
update step=287 qpos=[-0.27550435066223145, 1.8888297080993652, 1.433089256286621, -0.5927213430404663, 0.4395471215248108, 0.6777780652046204, 0.18858695030212405, 0.18669703602790833, 0.83848637342453, 0.5454835295677185, 0.22850720584392548, -0.4879123568534851, 0.023544562980532646, 0.904127299785614]
pred step=287 action=[[-0.2726683020591736, 1.8547677993774414, 1.4260908365249634, -0.6046145558357239, 0.4113706350326538, 0.6662030220031738, 0.1509791612625122, 0.18085163831710815, 0.8179317712783813, 0.5541682243347168, 0.17929713428020477, -0.4564134478569031, 0.00045940279960632324, 0.8956333994865417]] left_gripper=0.1509791612625122 right_gripper=0.8956333994865417
update step=288 qpos=[-0.27273884415626526, 1.858790397644043, 1.4268018007278442, -0.603190541267395, 0.41493886709213257, 0.667677104473114, 0.1509791612625122, 0.18146149814128876, 0.8202412724494934, 0.5531632900238037, 0.18559856712818146, -0.46040433645248413, 0.0034079505130648613, 0.8956333994865417]
pred step=288 action=[[-0.27992767095565796, 1.8669441938400269, 1.4096508026123047, -0.5586813688278198, 0.4556024670600891, 0.6575359106063843, 0.1773248314857483, 0.19512762129306793, 0.9022627472877502, 0.586976170539856, 0.23166531324386597, -0.5196200013160706, 0.019279509782791138, 0.882537841796875]] left_gripper=0.1773248314857483 right_gripper=0.882537841796875
update step=289 qpos=[-0.2793107032775879, 1.866262435913086, 1.4117177724838257, -0.5643471479415894, 0.4504457712173462, 0.6588326096534729, 0.1773248314857483, 0.1936611831188202, 0.8929124474525452, 0.583210825920105, 0.2258613407611847, -0.5120903849601746, 0.017251988872885704, 0.882537841796875]
pred step=289 action=[[-0.28957241773605347, 1.8513805866241455, 1.3665437698364258, -0.4674951136112213, 0.503023624420166, 0.6256855726242065, 0.18426388502120972, 0.21263709664344788, 0.9705926179885864, 0.6274822950363159, 0.27896764874458313, -0.5696223974227905, 0.035582542419433594, 0.8554750680923462]] left_gripper=0.18426388502120972 right_gripper=0.8554750680923462
update step=290 qpos=[-0.28847604990005493, 1.8530713319778442, 1.372321367263794, -0.47981181740760803, 0.49636009335517883, 0.6299206018447876, 0.18426388502120972, 0.2105714976787567, 0.9614904522895813, 0.6228259205818176, 0.27238380908966064, -0.562321126461029, 0.033240195363759995, 0.8554750680923462]
pred step=290 action=[[-0.2914694547653198, 1.844225287437439, 1.3744659423828125, -0.4568599462509155, 0.5078831911087036, 0.613932728767395, 0.18401473760604858, 0.220529705286026, 0.997811496257782, 0.6543347835540771, 0.27182647585868835, -0.5813060998916626, 0.034167706966400146, 0.8158482909202576]] left_gripper=0.18401473760604858 right_gripper=0.8158482909202576
update step=291 qpos=[-0.29100197553634644, 1.8454067707061768, 1.374229073524475, -0.45975422859191895, 0.5064088106155396, 0.6159712672233582, 0.18401473760604858, 0.21942837536334991, 0.9936220645904541, 0.650797963142395, 0.2719775140285492, -0.5788953900337219, 0.034050215035676956, 0.8158482909202576]
pred step=291 action=[[-0.2938254475593567, 1.8272731304168701, 1.3261725902557373, -0.3900905251502991, 0.549002468585968, 0.5842108130455017, 0.18538528680801392, 0.22617530822753906, 1.0284768342971802, 0.6748450994491577, 0.3089141249656677, -0.6215100288391113, 0.041253626346588135, 0.8293898105621338]] left_gripper=0.18538528680801392 right_gripper=0.8293898105621338
update step=292 qpos=[-0.2935689687728882, 1.8295453786849976, 1.3319534063339233, -0.39905884861946106, 0.5436010956764221, 0.5882681608200073, 0.18538528680801392, 0.22549763321876526, 1.0244206190109253, 0.6722530126571655, 0.3042945861816406, -0.6160953640937805, 0.0403309240937233, 0.8293898105621338]
pred step=292 action=[[-0.29051682353019714, 1.8122329711914062, 1.311943769454956, -0.3508203625679016, 0.5507962107658386, 0.5642740726470947, 0.20189017057418823, 0.23177096247673035, 1.0447617769241333, 0.6911777853965759, 0.3062300384044647, -0.6350460052490234, 0.03674471378326416, 0.8088724613189697]] left_gripper=0.20189017057418823 right_gripper=0.8088724613189697
update step=293 qpos=[-0.2907605767250061, 1.8142892122268677, 1.314450979232788, -0.35696902871131897, 0.5498729944229126, 0.5673361420631409, 0.20189017057418823, 0.23109793663024902, 1.042457103729248, 0.6890003681182861, 0.30601766705513, -0.6326411366462708, 0.03720193728804588, 0.8088724613189697]
pred step=293 action=[[-0.2933093309402466, 1.798789143562317, 1.2812455892562866, -0.28256821632385254, 0.5831644535064697, 0.5332762002944946, 0.21253499388694763, 0.24062931537628174, 1.0797030925750732, 0.7160411477088928, 0.3279005289077759, -0.6631965637207031, 0.05429455637931824, 0.7963765859603882]] left_gripper=0.21253499388694763 right_gripper=0.7963765859603882
update step=294 qpos=[-0.29313090443611145, 1.8007900714874268, 1.2852667570114136, -0.2920887768268585, 0.5789434313774109, 0.5376266241073608, 0.21253499388694766, 0.239603191614151, 1.0754207372665405, 0.7130293846130371, 0.325176864862442, -0.6593075394630432, 0.0521123893558979, 0.7963765859603883]
pred step=294 action=[[-0.2905392646789551, 1.7944077253341675, 1.2476880550384521, -0.2394382655620575, 0.5981470346450806, 0.5277339220046997, 0.23798751831054688, 0.23756809532642365, 1.0662044286727905, 0.711407482624054, 0.34030213952064514, -0.6837795972824097, 0.06008139252662659, 0.7971907258033752]] left_gripper=0.23798751831054688 right_gripper=0.7971907258033752
update step=295 qpos=[-0.2907792925834656, 1.795158863067627, 1.2522540092468262, -0.24619485437870026, 0.5957053899765015, 0.528998076915741, 0.23798751831054688, 0.23786082863807678, 1.06715726852417, 0.7117003798484802, 0.33841225504875183, -0.6806862950325012, 0.05906243249773979, 0.7971907258033752]
pred step=295 action=[[-0.30164045095443726, 1.7397783994674683, 1.1913642883300781, -0.13122998178005219, 0.648788571357727, 0.46967610716819763, 0.17199325561523438, 0.2624140977859497, 1.1493481397628784, 0.749891459941864, 0.403099000453949, -0.7403863072395325, 0.0818447470664978, 0.7534492015838623]] left_gripper=0.17199325561523438 right_gripper=0.7534492015838623
update step=296 qpos=[-0.3006482720375061, 1.746170163154602, 1.198867678642273, -0.14593973755836487, 0.6421066522598267, 0.47725731134414673, 0.17199325561523438, 0.25972309708595276, 1.1399909257888794, 0.7456516027450562, 0.39491501450538635, -0.7327814698219299, 0.07893382757902145, 0.7534492015838623]
pred step=296 action=[[-0.2888791263103485, 1.7075753211975098, 1.1392934322357178, -0.061531178653240204, 0.64779132604599, 0.4400079548358917, 0.221443772315979, 0.25875526666641235, 1.1530508995056152, 0.766636312007904, 0.3947615623474121, -0.7450790405273438, 0.07748067378997803, 0.7479567527770996]] left_gripper=0.221443772315979 right_gripper=0.7479567527770996
update step=297 qpos=[-0.2899247407913208, 1.712435245513916, 1.1461734771728516, -0.07244598120450974, 0.6470489501953125, 0.44476228952407837, 0.221443772315979, 0.25888592004776, 1.151313066482544, 0.7644763588905334, 0.39489197731018066, -0.7435041069984436, 0.0776660367846489, 0.7479567527770996]
pred step=297 action=[[-0.29055482149124146, 1.655390977859497, 1.075814962387085, 0.022579506039619446, 0.6689764261245728, 0.3880467116832733, 0.22664785385131836, 0.26153266429901123, 1.1683895587921143, 0.7834028601646423, 0.4107094407081604, -0.7571122646331787, 0.07589352130889893, 0.7207539677619934]] left_gripper=0.22664785385131836 right_gripper=0.7207539677619934
update step=298 qpos=[-0.29061639308929443, 1.6619535684585571, 1.0842175483703613, 0.010353568941354752, 0.6662535667419434, 0.3952925503253937, 0.22664785385131836, 0.26125502586364746, 1.1664724349975586, 0.7812393307685852, 0.40872836112976074, -0.7553671598434448, 0.0761183649301529, 0.7207539677619934]
pred step=298 action=[[-0.2937329411506653, 1.6034693717956543, 1.0111382007598877, 0.10557638108730316, 0.6984176635742188, 0.34253305196762085, 0.21150964498519897, 0.27425894141197205, 1.2414906024932861, 0.8082100749015808, 0.4528239965438843, -0.8016520738601685, 0.09192425012588501, 0.709815263748169]] left_gripper=0.21150964498519897 right_gripper=0.709815263748169
update step=299 qpos=[-0.29345786571502686, 1.6103137731552124, 1.0196963548660278, 0.09329632669687271, 0.694400429725647, 0.3492737412452698, 0.21150964498519897, 0.2728656232357025, 1.2329720258712769, 0.8051953911781311, 0.44721466302871704, -0.7957265377044678, 0.08990562707185745, 0.709815263748169]
pred step=299 action=[[-0.2846384048461914, 1.5688514709472656, 0.9607113599777222, 0.16128188371658325, 0.6873692274093628, 0.32021522521972656, 0.2547200620174408, 0.26305246353149414, 1.2160733938217163, 0.7940130233764648, 0.44922739267349243, -0.7985895276069641, 0.08218082785606384, 0.7177618145942688]] left_gripper=0.2547200620174408 right_gripper=0.7177618145942688
