update step=0 qpos=[5.115576473709027e-13, -1.1561168578941706e-15, 1.7672687317415835e-17, 7.853411024860463e-16, -9.987140238074121e-13, 2.5006567996865847e-12, 1.0, 5.115578100012286e-13, -1.1561144226744473e-15, 1.7668519981489792e-17, 7.853378731729349e-16, -9.987125059243707e-13, 2.5006539807609363e-12, 1.0]
pred step=0 action=[[-0.0018316283822059631, -0.085945725440979, -0.03723102807998657, 0.038987353444099426, -0.007103979587554932, -0.05838438868522644, 1.0017592906951904, 0.02417284995317459, -0.06692725419998169, -0.003548741340637207, -0.00682587455958128, 0.016402244567871094, 0.04202106595039368, 0.994542121887207]] left_gripper=1.0017592906951904 right_gripper=0.994542121887207
update step=1 qpos=[-0.0015957893338054419, -0.07581353187561035, -0.03265438973903656, 0.034064386039972305, -0.006209829356521368, -0.05094097927212715, 1.0, 0.02129475027322769, -0.05906788259744644, -0.0029131006449460983, -0.005856879521161318, 0.014285167679190636, 0.03666217625141144, 0.994542121887207]
pred step=1 action=[[-0.0026038140058517456, -0.08650517463684082, -0.039214253425598145, 0.03983660042285919, -0.010776549577713013, -0.04950803518295288, 1.006077527999878, 0.03101196140050888, -0.03884166479110718, 0.009865105152130127, -0.005628935061395168, 0.017036914825439453, 0.03698238730430603, 1.001326322555542]] left_gripper=1.006077527999878 right_gripper=1.001326322555542
update step=2 qpos=[-0.002475715707987547, -0.08517620712518692, -0.03616702929139137, 0.03908947482705116, -0.010197932831943035, -0.04969385266304016, 1.0, 0.02986825257539749, -0.041231848299503326, 0.008301613852381706, -0.005658962298184633, 0.016670407727360725, 0.036942873150110245, 1.0]
pred step=2 action=[[-0.0019287168979644775, -0.0847088098526001, -0.03658705949783325, 0.038501203060150146, -0.010773628950119019, -0.04584091901779175, 1.0069553852081299, 0.039462678134441376, -0.006223738193511963, 0.03210979700088501, -0.02113308571279049, 0.01917058229446411, 0.02549302577972412, 1.0079036951065063]] left_gripper=1.0069553852081299 right_gripper=1.0079036951065063
update step=3 qpos=[-0.0019922740757465363, -0.08477937430143356, -0.036161426454782486, 0.03857031464576721, -0.010701799765229225, -0.04633217304944992, 1.0, 0.03833376243710518, -0.010372107848525047, 0.02930777333676815, -0.019135506823658943, 0.018833976238965988, 0.026951920241117477, 1.0]
pred step=3 action=[[-0.002493157982826233, -0.07993948459625244, -0.0404471755027771, 0.030888527631759644, -0.014170140027999878, -0.03134077787399292, 1.0128437280654907, 0.05854366719722748, 0.07879209518432617, 0.0884329080581665, -0.04397779330611229, 0.0173952579498291, -0.00488966703414917, 1.0184245109558105]] left_gripper=1.0128437280654907 right_gripper=1.0184245109558105
update step=4 qpos=[-0.0024283132515847683, -0.08067077398300171, -0.03622695431113243, 0.03182222321629524, -0.013729186728596687, -0.03325209021568298, 1.0, 0.05618010833859444, 0.0681803971529007, 0.0816366896033287, -0.040697336196899414, 0.017532983794808388, -0.0008331043063662946, 1.0]
pred step=4 action=[[-0.0021958500146865845, -0.06778872013092041, -0.03246200084686279, 0.020281732082366943, -0.017319083213806152, -0.020346611738204956, 1.0150172710418701, 0.08753715455532074, 0.21063488721847534, 0.1840161383152008, -0.1232823058962822, 0.021599680185317993, -0.06867274641990662, 1.0336127281188965]] left_gripper=1.0150172710418701 right_gripper=1.0336127281188965
update step=5 qpos=[-0.0022170511074364185, -0.0692967101931572, -0.03296259045600891, 0.021730955690145493, -0.016864540055394173, -0.021991442888975143, 1.0, 0.08386658877134323, 0.19379718601703644, 0.1720448136329651, -0.11260239779949188, 0.02101324498653412, -0.060029175132513046, 1.0]
pred step=5 action=[[0.0011732280254364014, -0.0625985860824585, -0.037809908390045166, 0.016501247882843018, -0.016774147748947144, -0.01766917109489441, 1.018489122390747, 0.11992307007312775, 0.3460218906402588, 0.29959145188331604, -0.1985662579536438, 0.028798580169677734, -0.13370254635810852, 1.0402417182922363]] left_gripper=1.018489122390747 right_gripper=1.0402417182922363
update step=6 qpos=[0.0007747863419353962, -0.06326309591531754, -0.03636503592133522, 0.01700454205274582, -0.016792163252830505, -0.01821986213326454, 1.0, 0.11570188403129578, 0.3280273377895355, 0.28488993644714355, -0.18731053173542023, 0.02773113176226616, -0.12431777268648148, 1.0]
pred step=6 action=[[0.00243387371301651, -0.06531673669815063, -0.03819561004638672, 0.012489572167396545, -0.01878577470779419, -0.003826320171356201, 1.0198854207992554, 0.15938663482666016, 0.5188580751419067, 0.43608540296554565, -0.29910197854042053, 0.030476927757263184, -0.21660509705543518, 1.089581847190857]] left_gripper=1.0198854207992554 right_gripper=1.089581847190857
update step=7 qpos=[0.002241926034912467, -0.06503687053918839, -0.03634791076183319, 0.013054427690804005, -0.01853564940392971, -0.005661459174007177, 1.0, 0.1542891263961792, 0.49389591813087463, 0.41872939467430115, -0.2844372093677521, 0.030031507834792137, -0.2048492282629013, 1.0]
pred step=7 action=[[0.00612032413482666, -0.06968921422958374, -0.05067002773284912, 0.010333418846130371, -0.01764938235282898, 0.002756059169769287, 1.0296179056167603, 0.21393610537052155, 0.7706400156021118, 0.6211717128753662, -0.4324387013912201, 0.045524269342422485, -0.3371554911136627, 1.1130605936050415]] left_gripper=1.0296179056167603 right_gripper=1.1130605936050415
update step=8 qpos=[0.005662030540406704, -0.06897196173667908, -0.03637157380580902, 0.010691240429878235, -0.0177683774381876, 0.0016832681139931083, 1.0, 0.20695000886917114, 0.6805727481842041, 0.5902071595191956, -0.4136021137237549, 0.043424639850854874, -0.32030412554740906, 1.0]
pred step=8 action=[[0.005173012614250183, -0.0644034743309021, -0.0350533127784729, 0.008088305592536926, -0.021371513605117798, -0.0023802518844604492, 1.0193005800247192, 0.25998058915138245, 0.9193331599235535, 0.7563442587852478, -0.5242998600006104, 0.03574112057685852, -0.4162929654121399, 1.1358094215393066]] left_gripper=1.0193005800247192 right_gripper=1.1358094215393066
update step=9 qpos=[0.005239125341176987, -0.06493892520666122, -0.03523120656609535, 0.008412419818341732, -0.020915690809488297, -0.001861917320638895, 1.0, 0.2538442015647888, 0.8618840575218201, 0.7379694581031799, -0.5096541047096252, 0.03660042583942413, -0.40406984090805054, 1.0]
pred step=9 action=[[0.004501260817050934, -0.07334262132644653, -0.04909241199493408, 0.02229440212249756, -0.019765198230743408, -0.00997769832611084, 1.022881269454956, 0.2988053262233734, 1.1327017545700073, 0.92034912109375, -0.6461500525474548, 0.046886056661605835, -0.5366595387458801, 1.1590337753295898]] left_gripper=1.022881269454956 right_gripper=1.1590337753295898
update step=10 qpos=[0.004586558789014816, -0.07226534932851791, -0.03633342310786247, 0.020599737763404846, -0.019910357892513275, -0.008943138644099236, 1.0, 0.2936074733734131, 1.0493046045303345, 0.8986288905143738, -0.628261923789978, 0.045485008507966995, -0.519766092300415, 1.0]
pred step=10 action=[[0.003828495740890503, -0.07050931453704834, -0.043934166431427, 0.013484328985214233, -0.019696831703186035, -0.0020203590393066406, 1.018022060394287, 0.3618896007537842, 1.3869515657424927, 1.1195842027664185, -0.7979944348335266, 0.05512118339538574, -0.6647037267684937, 1.1720256805419922]] left_gripper=1.018022060394287 right_gripper=1.1720256805419922
update step=11 qpos=[0.003916206769645214, -0.07105053216218948, -0.03633692488074303, 0.014360147528350353, -0.019721409305930138, -0.002903249580413103, 1.0, 0.35403791069984436, 1.2420334815979004, 1.0774965286254883, -0.776921808719635, 0.05373213812708855, -0.6462563872337341, 1.0]
pred step=11 action=[[-0.00033364444971084595, -0.06363600492477417, -0.038065969944000244, 0.022529706358909607, -0.020128577947616577, -0.0007256865501403809, 1.009574294090271, 0.40472549200057983, 1.5657621622085571, 1.254826307296753, -0.8963455557823181, 0.05682593584060669, -0.7642232179641724, 1.2056071758270264]] left_gripper=1.009574294090271 right_gripper=1.2056071758270264
update step=12 qpos=[0.00016618560766801238, -0.0646008774638176, -0.03635258600115776, 0.021493231877684593, -0.020068209618330002, -0.0010026111267507076, 1.0, 0.39893218874931335, 1.4311259984970093, 1.2344307899475098, -0.8805925846099854, 0.05634627491235733, -0.7491942048072815, 1.0]
pred step=12 action=[[-0.000968150794506073, -0.06302708387374878, -0.045108258724212646, 0.023078903555870056, -0.01613500714302063, -0.008062154054641724, 1.0082663297653198, 0.43410277366638184, 1.7173713445663452, 1.381784200668335, -0.971985399723053, 0.058679163455963135, -0.8489868640899658, 1.1949797868728638]] left_gripper=1.0082663297653198 right_gripper=1.1949797868728638
update step=13 qpos=[-0.0008428273722529411, -0.06362977623939514, -0.036406032741069794, 0.022878296673297882, -0.01663060300052166, -0.007161642424762249, 1.0, 0.4300501346588135, 1.6176612377166748, 1.3654236793518066, -0.9598194360733032, 0.0583387166261673, -0.8362685441970825, 1.0]
pred step=13 action=[[0.0004998445510864258, -0.07235193252563477, -0.032356321811676025, 0.03158514201641083, -0.01276513934135437, -0.011110246181488037, 1.0067837238311768, 0.47425052523612976, 1.8446407318115234, 1.4915722608566284, -1.0656100511550903, 0.06828078627586365, -0.9065996408462524, 1.183892846107483]] left_gripper=1.0067837238311768 right_gripper=1.183892846107483
update step=14 qpos=[0.0003341642441228032, -0.0713641569018364, -0.03270181640982628, 0.030531175434589386, -0.01325658243149519, -0.010607092641294003, 1.0, 0.46913760900497437, 1.7972056865692139, 1.478153109550476, -1.0517750978469849, 0.06696924567222595, -0.8976404070854187, 1.0]
pred step=14 action=[[-0.0017222091555595398, -0.06046527624130249, -0.03526103496551514, 0.020259752869606018, -0.01116839051246643, -0.007384002208709717, 1.0000739097595215, 0.48593196272850037, 1.9337451457977295, 1.55814528465271, -1.0939350128173828, 0.059544920921325684, -0.9605902433395386, 1.187058687210083]] left_gripper=1.0000739097595215 right_gripper=1.187058687210083
update step=15 qpos=[-0.0014846182893961668, -0.06168271601200104, -0.035171013325452805, 0.02149263024330139, -0.011427652090787888, -0.007794747594743967, 1.0, 0.48377877473831177, 1.9160336256027222, 1.5499451160430908, -1.087895154953003, 0.06050591915845871, -0.9525567293167114, 1.0]
pred step=15 action=[[-0.003491505980491638, -0.05383777618408203, -0.03600907325744629, 0.02063196897506714, -0.010031074285507202, -0.008965283632278442, 1.0046530961990356, 0.5093283653259277, 2.0409421920776367, 1.6183462142944336, -1.125423550605774, 0.051664531230926514, -0.9896714687347412, 1.1552159786224365]] left_gripper=1.0046530961990356 right_gripper=1.1552159786224365
update step=16 qpos=[-0.003258767770603299, -0.05477510020136833, -0.035886652767658234, 0.02073926292359829, -0.010203479789197445, -0.008815593086183071, 1.0, 0.5063821077346802, 2.0251009464263916, 1.6111376285552979, -1.1200642585754395, 0.052774153649806976, -0.9849352240562439, 1.0]
pred step=16 action=[[-0.0032608434557914734, -0.07018023729324341, -0.03412890434265137, 0.02107638120651245, -0.0074995458126068115, -0.01636826992034912, 1.0091347694396973, 0.5268903970718384, 2.0726053714752197, 1.6565601825714111, -1.1376405954360962, 0.04367092251777649, -1.000510811805725, 1.1370850801467896]] left_gripper=1.0091347694396973 right_gripper=1.1370850801467896
update step=17 qpos=[-0.0032659159041941166, -0.06839162111282349, -0.0342203713953495, 0.021081743761897087, -0.007842066697776318, -0.015405255369842052, 1.0, 0.5243786573410034, 2.066032648086548, 1.651787519454956, -1.1350988149642944, 0.04482440650463104, -0.9985222220420837, 1.0]
pred step=17 action=[[-0.003465510904788971, -0.061297595500946045, -0.02313894033432007, 0.012263834476470947, -0.0108070969581604, -0.019445180892944336, 0.9927040934562683, 0.5562472939491272, 2.152681827545166, 1.6978349685668945, -1.172404170036316, 0.04536759853363037, -1.0300824642181396, 1.0539718866348267]] left_gripper=0.9927040934562683 right_gripper=1.0539718866348267
update step=18 qpos=[-0.003435309510678053, -0.062143392860889435, -0.02444884553551674, 0.013403910212218761, -0.010432349517941475, -0.018930621445178986, 0.9927040934562683, 0.5525023937225342, 2.142052173614502, 1.6926568746566772, -1.167319893836975, 0.04527977854013443, -1.0260564088821411, 1.0]
pred step=18 action=[[-0.003002151846885681, -0.04958999156951904, -0.025855541229248047, 0.02186603844165802, -0.004956066608428955, -0.022481769323349, 1.0077108144760132, 0.5476666688919067, 2.1750903129577637, 1.7184998989105225, -1.177704930305481, 0.04541999101638794, -1.0367830991744995, 1.0480132102966309]] left_gripper=1.0077108144760132 right_gripper=1.0480132102966309
update step=19 qpos=[-0.003063536249101162, -0.051054514944553375, -0.025751277804374695, 0.020759372040629387, -0.005649677477777004, -0.022028911858797073, 1.0, 0.5476879477500916, 2.1704111099243164, 1.7158830165863037, -1.176195502281189, 0.045446865260601044, -1.0354100465774536, 1.0]
pred step=19 action=[[0.0009329915046691895, -0.05679047107696533, -0.020634233951568604, 0.014805540442466736, -0.010954409837722778, -0.018196523189544678, 0.9910749197006226, 0.5743117332458496, 2.2043943405151367, 1.7716147899627686, -1.2363619804382324, 0.05699688196182251, -1.073919653892517, 0.9284235835075378]] left_gripper=0.9910749197006226 right_gripper=0.9284235835075378
update step=20 qpos=[0.00047372918925248086, -0.05613447725772858, -0.021166043356060982, 0.015598775818943977, -0.010291234590113163, -0.01868598908185959, 0.9910749197006226, 0.5715359449386597, 2.200147867202759, 1.7648680210113525, -1.2285822629928589, 0.05548800528049469, -1.069012999534607, 0.9284235835075378]
pred step=20 action=[[0.0014594122767448425, -0.058853983879089355, -0.021596670150756836, 0.012558713555335999, -0.014702558517456055, -0.012173742055892944, 0.9940497875213623, 0.5802750587463379, 2.226212501525879, 1.7681245803833008, -1.2238786220550537, 0.05695292353630066, -1.069446086883545, 0.8287494778633118]] left_gripper=0.9940497875213623 right_gripper=0.8287494778633118
update step=21 qpos=[0.0013526376569643617, -0.05851330980658531, -0.021598244085907936, 0.012931255623698235, -0.014146706089377403, -0.013004207983613014, 0.9940497875213622, 0.5772521495819092, 2.2179946899414062, 1.7707219123840332, -1.2247732877731323, 0.05920363962650299, -1.0688446760177612, 0.8287494778633117]
pred step=21 action=[[-0.0004215538501739502, -0.055526673793792725, -0.019265353679656982, 0.013699591159820557, -0.012938439846038818, -0.01516735553741455, 1.001442790031433, 0.5909755229949951, 2.2547197341918945, 1.77870774269104, -1.2149025201797485, 0.05075627565383911, -1.0632485151290894, 0.7385140061378479]] left_gripper=1.001442790031433 right_gripper=0.7385140061378479
update step=22 qpos=[-0.00021498453861568123, -0.0558905303478241, -0.019516507163643837, 0.013611522503197193, -0.01308815460652113, -0.014891006983816624, 1.0, 0.5788843631744385, 2.2293968200683594, 1.7877715826034546, -1.2188775539398193, 0.06077146902680397, -1.061911702156067, 0.7385140061378479]
pred step=22 action=[[0.00028464198112487793, -0.04281723499298096, -0.01392275094985962, 0.014878705143928528, -0.009831994771957397, -0.017006248235702515, 1.013242483139038, 0.5882929563522339, 2.2816853523254395, 1.7961034774780273, -1.2324278354644775, 0.05886015295982361, -1.0696616172790527, 0.6699171662330627]] left_gripper=1.013242483139038 right_gripper=0.6699171662330627
update step=23 qpos=[0.00021941575687378645, -0.0443715825676918, -0.014572512358427048, 0.014723087660968304, -0.010244622826576233, -0.016736485064029694, 1.0, 0.5788198113441467, 2.242232084274292, 1.8083940744400024, -1.2316406965255737, 0.06672533601522446, -1.067121982574463, 0.6699171662330627]
pred step=23 action=[[0.0027465075254440308, -0.04155445098876953, -0.013055860996246338, 0.015950098633766174, -0.013225048780441284, -0.018847137689590454, 1.0078368186950684, 0.5958802103996277, 2.2639975547790527, 1.8028197288513184, -1.2517722845077515, 0.06448772549629211, -1.0833995342254639, 0.5745252370834351]] left_gripper=1.0078368186950684 right_gripper=0.5745252370834351
update step=24 qpos=[0.00245603802613914, -0.0418868251144886, -0.013232658617198467, 0.01579577662050724, -0.012853461317718029, -0.018578559160232544, 1.0, 0.5856378078460693, 2.2447192668914795, 1.8133286237716675, -1.2491902112960815, 0.07204083353281021, -1.0799603462219238, 0.5745252370834351]
pred step=24 action=[[0.00011699646711349487, -0.034173548221588135, -0.004756450653076172, 0.004176050424575806, -0.014443427324295044, -0.01083141565322876, 1.0141297578811646, 0.5946431756019592, 2.276761531829834, 1.7953605651855469, -1.246717095375061, 0.06582891941070557, -1.0747379064559937, 0.4914223551750183]] left_gripper=1.0141297578811646 right_gripper=0.4914223551750183
update step=25 qpos=[0.00039479322731494904, -0.03508641570806503, -0.0057645440101623535, 0.005664346739649773, -0.014237191528081894, -0.011819076724350452, 1.0, 0.586725652217865, 2.2446811199188232, 1.8126755952835083, -1.2457163333892822, 0.07361643761396408, -1.0743646621704102, 0.49142235517501837]
pred step=25 action=[[0.0028707608580589294, -0.03525000810623169, -0.0025430917739868164, 0.007793456315994263, -0.0205078125, -0.008858025074005127, 1.0151448249816895, 0.601077675819397, 2.246882438659668, 1.7858614921569824, -1.2579180002212524, 0.07595682144165039, -1.0755741596221924, 0.3886890709400177]] left_gripper=1.0151448249816895 right_gripper=0.3886890709400177
update step=26 qpos=[0.002591981552541256, -0.03524179011583328, -0.002888261806219816, 0.007538964040577412, -0.019719941541552544, -0.009235788136720657, 1.0, 0.5972131490707397, 2.236111640930176, 1.7977800369262695, -1.253653645515442, 0.07865767925977707, -1.0752314329147339, 0.3886890709400177]
pred step=26 action=[[0.00012361258268356323, -0.026952028274536133, -0.009025156497955322, 0.007529795169830322, -0.012328565120697021, -0.007563203573226929, 1.0240099430084229, 0.5960855484008789, 2.2666068077087402, 1.7954480648040771, -1.2459778785705566, 0.06866317987442017, -1.0730042457580566, 0.30874043703079224]] left_gripper=1.0240099430084229 right_gripper=0.30874043703079224
update step=27 qpos=[0.0003990217228420079, -0.027882298454642296, -0.00843923632055521, 0.007472418714314699, -0.013258088380098343, -0.007775564678013325, 1.0, 0.5917249917984009, 2.2434301376342773, 1.8084882497787476, -1.2459157705307007, 0.0747823566198349, -1.072776198387146, 0.30874043703079224]
pred step=27 action=[[0.0016228929162025452, -0.02835261821746826, -0.004411518573760986, 0.0057892948389053345, -0.014802306890487671, -0.00916224718093872, 1.0257805585861206, 0.5954159498214722, 2.2769935131073, 1.8105905055999756, -1.265229344367981, 0.07448431849479675, -1.0756659507751465, 0.3009224534034729]] left_gripper=1.0257805585861206 right_gripper=0.3009224534034729
update step=28 qpos=[0.00148181919939816, -0.028335710987448692, -0.004778308793902397, 0.006042970344424248, -0.014609207399189472, -0.008985576219856739, 1.0, 0.5925104022026062, 2.253242254257202, 1.8241709470748901, -1.2605949640274048, 0.07821164280176163, -1.0750246047973633, 0.3009224534034729]
pred step=28 action=[[0.0014176592230796814, -0.029116392135620117, -0.00531238317489624, 0.004033952951431274, -0.02060583233833313, -0.0059472620487213135, 1.021183729171753, 0.6006112098693848, 2.262798309326172, 1.810495138168335, -1.2768234014511108, 0.08590665459632874, -1.084810733795166, 0.24174407124519348]] left_gripper=1.021183729171753 right_gripper=0.24174407124519348
update step=29 qpos=[0.0014374186284840107, -0.02900795079767704, -0.005293011199682951, 0.004276323597878218, -0.019847579300403595, -0.006335066165775061, 1.0, 0.5993607640266418, 2.2521097660064697, 1.8203318119049072, -1.272091269493103, 0.08643865585327148, -1.0836288928985596, 0.24174407124519345]
pred step=29 action=[[0.0013836398720741272, -0.025565624237060547, -0.01129060983657837, 0.010892391204833984, -0.017138808965682983, -0.006776154041290283, 1.0251214504241943, 0.5885238647460938, 2.2565951347351074, 1.7860636711120605, -1.2438822984695435, 0.07398918271064758, -1.061039686203003, 0.23047444224357605]] left_gripper=1.0251214504241943 right_gripper=0.23047444224357605
update step=30 qpos=[0.0013845885405316949, -0.025957990437746048, -0.01062207855284214, 0.010024148970842361, -0.01748143881559372, -0.006719599943608046, 1.0, 0.5925105810165405, 2.241111993789673, 1.802327275276184, -1.244305968284607, 0.07491880655288696, -1.064276933670044, 0.23047444224357605]
pred step=30 action=[[0.002069711685180664, -0.02477431297302246, -0.006158769130706787, 0.007062539458274841, -0.01888212561607361, -0.008853256702423096, 1.0259374380111694, 0.595201849937439, 2.2578201293945312, 1.8047170639038086, -1.2795510292053223, 0.08184301853179932, -1.075291395187378, 0.18772363662719727]] left_gripper=1.0259374380111694 right_gripper=0.18772363662719727
update step=31 qpos=[0.001992330187931657, -0.024940554052591324, -0.006615450140088797, 0.007468188647180796, -0.018706565722823143, -0.008581395260989666, 1.0, 0.5964615941047668, 2.2482876777648926, 1.8107528686523438, -1.2731504440307617, 0.08062193542718887, -1.0740447044372559, 0.18772363662719724]
pred step=31 action=[[0.0008622333407402039, -0.020783424377441406, -0.007326066493988037, 0.009729892015457153, -0.014751464128494263, -0.008528590202331543, 1.0245643854141235, 0.5857318639755249, 2.260122299194336, 1.7966680526733398, -1.2566750049591064, 0.07503610849380493, -1.0716506242752075, 0.1721464991569519]] left_gripper=1.0245643854141235 right_gripper=0.1721464991569519
update step=32 qpos=[0.000987032544799149, -0.021262329071760178, -0.00727818300947547, 0.00942737516015768, -0.015249154530465603, -0.008535059168934822, 1.0, 0.5895140171051025, 2.2463696002960205, 1.8078136444091797, -1.2570263147354126, 0.07471205294132233, -1.0721763372421265, 0.1721464991569519]
pred step=32 action=[[0.0007775723934173584, -0.02027982473373413, -0.0032457709312438965, 0.008556932210922241, -0.019279152154922485, -0.0077592432498931885, 1.0261950492858887, 0.5980316996574402, 2.259542465209961, 1.7954227924346924, -1.2593543529510498, 0.07334226369857788, -1.0620778799057007, 0.15080809593200684]] left_gripper=1.0261950492858887 right_gripper=0.15080809593200684
update step=33 qpos=[0.0008100839331746101, -0.020414479076862335, -0.003671415848657489, 0.008690021000802517, -0.01876899227499962, -0.007858376950025558, 1.0, 0.5926381945610046, 2.24482798576355, 1.804982304573059, -1.2594878673553467, 0.07762101292610168, -1.063210129737854, 0.15080809593200684]
pred step=33 action=[[0.0016008839011192322, -0.024712204933166504, -0.008027374744415283, 0.0071976035833358765, -0.018710434436798096, -0.004976421594619751, 1.0277239084243774, 0.5888441801071167, 2.253230333328247, 1.8005294799804688, -1.2757757902145386, 0.08820560574531555, -1.0746229887008667, 0.11556404829025269]] left_gripper=1.0277239084243774 right_gripper=0.11556404829025269
update step=34 qpos=[0.001507559441961348, -0.024176372215151787, -0.007583491038531065, 0.0073610045947134495, -0.018719375133514404, -0.005343894474208355, 1.0, 0.5903397798538208, 2.247119426727295, 1.805326223373413, -1.2725682258605957, 0.08646420389413834, -1.0732307434082031, 0.11556404829025269]
pred step=34 action=[[0.0015856102108955383, -0.019673824310302734, -0.003506183624267578, 0.003640979528427124, -0.02059262990951538, -0.0063672661781311035, 1.0317550897598267, 0.5972013473510742, 2.2705817222595215, 1.8259358406066895, -1.297722578048706, 0.08448371291160583, -1.0920162200927734, 0.11101317405700684]] left_gripper=1.0317550897598267 right_gripper=0.11101317405700684
update step=35 qpos=[0.0015806155279278755, -0.020221523940563202, -0.0039538233540952206, 0.004129086621105671, -0.02035616524517536, -0.006236752960830927, 1.0, 0.59340500831604, 2.2614588737487793, 1.8270263671875, -1.2951020002365112, 0.0874876081943512, -1.0895593166351318, 0.11101317405700684]
pred step=35 action=[[0.0019618645310401917, -0.020632147789001465, -0.0028015971183776855, 0.0003463476896286011, -0.01996341347694397, -0.00646325945854187, 1.0332491397857666, 0.6004703044891357, 2.268444299697876, 1.8352820873260498, -1.3074387311935425, 0.08461952209472656, -1.0948535203933716, 0.0783190131187439]] left_gripper=1.0332491397857666 right_gripper=0.0783190131187439
update step=36 qpos=[0.0019163978286087513, -0.020576152950525284, -0.0029560690745711327, 0.0008246430079452693, -0.02001400664448738, -0.006434433627873659, 1.0, 0.5996541976928711, 2.2675042152404785, 1.8342952728271484, -1.3059303760528564, 0.08514853566884995, -1.0941816568374634, 0.0783190131187439]
pred step=36 action=[[0.002549998462200165, -0.03077167272567749, -0.00901573896408081, 0.0015916377305984497, -0.025668829679489136, -0.002450317144393921, 1.023817539215088, 0.6014572381973267, 2.2637579441070557, 1.8352534770965576, -1.3134514093399048, 0.09742432832717896, -1.110045075416565, 0.06441646814346313]] left_gripper=1.023817539215088 right_gripper=0.06441646814346313
update step=37 qpos=[0.0024866564199328423, -0.029552631080150604, -0.008327364921569824, 0.0014802777441218495, -0.02495497465133667, -0.0029587382450699806, 1.0, 0.6011344194412231, 2.2641983032226562, 1.8350938558578491, -1.3125269412994385, 0.09587118029594421, -1.1080217361450195, 0.06441646814346315]
pred step=37 action=[[0.000905252993106842, -0.014129221439361572, -0.007256269454956055, 0.008795037865638733, -0.01786532998085022, -0.006379157304763794, 1.0369964838027954, 0.5989032983779907, 2.2743752002716064, 1.8571109771728516, -1.3330981731414795, 0.09269517660140991, -1.1068636178970337, 0.03190600872039795]] left_gripper=1.0369964838027954 right_gripper=0.03190600872039795
update step=38 qpos=[0.0010771910892799497, -0.015964053571224213, -0.007369122933596373, 0.007860022597014904, -0.018758872523903847, -0.0059422398917376995, 1.0, 0.5991383194923401, 2.2731807231903076, 1.8543810844421387, -1.3304388523101807, 0.09310252964496613, -1.1070116758346558, 0.031906008720397935]
pred step=38 action=[[0.0014635026454925537, -0.01315915584564209, -0.008071303367614746, 0.008029818534851074, -0.015290290117263794, -0.007490038871765137, 1.0374107360839844, 0.5876805782318115, 2.2759857177734375, 1.8537113666534424, -1.3343449831008911, 0.09203162789344788, -1.104520559310913, 0.006253659725189209]] left_gripper=1.0374107360839844 right_gripper=0.006253659725189209
update step=39 qpos=[0.0014107918832451105, -0.013486980460584164, -0.007992991246283054, 0.008003521710634232, -0.01572910137474537, -0.007292675320059061, 1.0, 0.5889571309089661, 2.2756333351135254, 1.8537847995758057, -1.3338565826416016, 0.09217873215675354, -1.1048377752304077, 0.006253659725189197]
pred step=39 action=[[0.002790704369544983, -0.025582969188690186, -0.011127114295959473, 0.00527644157409668, -0.024598538875579834, -0.005649358034133911, 1.0275111198425293, 0.5935198068618774, 2.2622437477111816, 1.8585069179534912, -1.3489896059036255, 0.10211658477783203, -1.1163078546524048, -0.007756710052490234]] left_gripper=1.0275111198425293 right_gripper=-0.007756710052490234
update step=40 qpos=[0.002646637847647071, -0.024151280522346497, -0.010748878121376038, 0.00562735740095377, -0.023480026051402092, -0.005859674420207739, 1.0, 0.5932224988937378, 2.263849973678589, 1.8578498363494873, -1.347123622894287, 0.10083489865064621, -1.11484694480896, 0.0]
pred step=40 action=[[0.0015329867601394653, -0.024113357067108154, -0.010827422142028809, 0.007240772247314453, -0.0196688175201416, 0.0007475912570953369, 1.037851095199585, 0.5914470553398132, 2.2723536491394043, 1.86141037940979, -1.3438087701797485, 0.10343754291534424, -1.1052132844924927, -0.0036153197288513184]] left_gripper=1.037851095199585 right_gripper=-0.0036153197288513184
update step=41 qpos=[0.0016554584726691246, -0.024122899398207664, -0.01081019639968872, 0.007037715055048466, -0.02014811523258686, -9.438055712962523e-05, 1.0, 0.5915510058403015, 2.2714946269989014, 1.8609387874603271, -1.3441884517669678, 0.10311715304851532, -1.1064412593841553, 0.0]
pred step=41 action=[[0.0002369806170463562, -0.010885953903198242, -0.009844183921813965, 0.007339179515838623, -0.017980843782424927, -0.003376185894012451, 1.037041425704956, 0.5899319052696228, 2.271857261657715, 1.8803560733795166, -1.370953917503357, 0.09812676906585693, -1.1150033473968506, -0.04014796018600464]] left_gripper=1.037041425704956 right_gripper=-0.04014796018600464
update step=42 qpos=[0.0003994314174633473, -0.012439356185495853, -0.01000155694782734, 0.007281043566763401, -0.018251881003379822, -0.002957113552838564, 1.0, 0.5901548266410828, 2.2717137336730957, 1.877951979637146, -1.3675565719604492, 0.09875776618719101, -1.1139116287231445, 0.0]
pred step=42 action=[[0.0021947771310806274, -0.011956334114074707, -0.004375576972961426, 0.0030666589736938477, -0.024738341569900513, -0.008127927780151367, 1.0361957550048828, 0.5959295034408569, 2.261038303375244, 1.8916025161743164, -1.4025107622146606, 0.0975445806980133, -1.1267805099487305, -0.01901799440383911]] left_gripper=1.0361957550048828 right_gripper=-0.01901799440383911
update step=43 qpos=[0.001997839193791151, -0.012036222033202648, -0.004973456263542175, 0.003632976906374097, -0.023922640830278397, -0.007469416130334139, 1.0, 0.5953319668769836, 2.2624547481536865, 1.889702320098877, -1.398154616355896, 0.09768489003181458, -1.1251424551010132, 0.0]
pred step=43 action=[[-7.368624210357666e-06, -0.007052004337310791, -0.006689310073852539, 0.018854811787605286, -0.012671619653701782, -0.011991649866104126, 1.0500363111495972, 0.5862101316452026, 2.2687387466430664, 1.9187114238739014, -1.4385663270950317, 0.10579642653465271, -1.1316426992416382, -0.06309646368026733]] left_gripper=1.0500363111495972 right_gripper=-0.06309646368026733
update step=44 qpos=[0.00020586937898769975, -0.0076485080644488335, -0.006466514430940151, 0.01691751554608345, -0.014090540818870068, -0.011414476670324802, 1.0, 0.5870775580406189, 2.2681281566619873, 1.914965271949768, -1.4334375858306885, 0.10478433966636658, -1.1308141946792603, 0.0]
pred step=44 action=[[0.0007916241884231567, -0.010578155517578125, -0.0023266077041625977, 0.012963399291038513, -0.019716531038284302, -0.013030409812927246, 1.0435513257980347, 0.5907527208328247, 2.2535829544067383, 1.9160597324371338, -1.433568000793457, 0.10686740279197693, -1.1258903741836548, -0.05062001943588257]] left_gripper=1.0435513257980347 right_gripper=-0.05062001943588257
update step=45 qpos=[0.0007340782904066145, -0.010241324082016945, -0.002786775352433324, 0.013486352749168873, -0.01900607906281948, -0.012825003825128078, 1.0, 0.5905364155769348, 2.2554728984832764, 1.9158560037612915, -1.433577060699463, 0.10658646374940872, -1.1265203952789307, 0.0]
pred step=45 action=[[0.0009849965572357178, -0.012632489204406738, -0.00802910327911377, 0.010562360286712646, -0.018928110599517822, -0.012832880020141602, 1.0453053712844849, 0.5826651453971863, 2.2504148483276367, 1.921844244003296, -1.4491153955459595, 0.1012108325958252, -1.1451622247695923, -0.08034104108810425]] left_gripper=1.0453053712844849 right_gripper=-0.08034104108810425
update step=46 qpos=[0.0009556439472362399, -0.012311779893934727, -0.007511853706091642, 0.010895497165620327, -0.018938902765512466, -0.0128319775685668, 1.0, 0.5834416151046753, 2.251185894012451, 1.9209539890289307, -1.447182297706604, 0.10190515965223312, -1.1427839994430542, 0.0]
pred step=46 action=[[0.0020743831992149353, -0.017275691032409668, -0.013820171356201172, 0.010187685489654541, -0.019104033708572388, -0.01598075032234192, 1.0432729721069336, 0.5824235677719116, 2.2353157997131348, 1.932443380355835, -1.4756240844726562, 0.09673577547073364, -1.1559069156646729, -0.08218502998352051]] left_gripper=1.0432729721069336 right_gripper=-0.08218502998352051
update step=47 qpos=[0.0019437349401414394, -0.016679896041750908, -0.013094986788928509, 0.010261760093271732, -0.01908581703901291, -0.01557944342494011, 1.0, 0.5826775431632996, 2.2373199462890625, 1.9308607578277588, -1.4720900058746338, 0.09737928956747055, -1.1542366743087769, 0.0]
pred step=47 action=[[0.001461610198020935, -0.01933908462524414, -0.010442733764648438, 0.005503252148628235, -0.021312087774276733, -0.0135267972946167, 1.0447617769241333, 0.5851892232894897, 2.2381153106689453, 1.920837163925171, -1.455055832862854, 0.09165260195732117, -1.1425652503967285, -0.09977680444717407]] left_gripper=1.0447617769241333 right_gripper=-0.09977680444717407
update step=48 qpos=[0.0015226945979520679, -0.019043998792767525, -0.010704879648983479, 0.00613044761121273, -0.021029602736234665, -0.013788744807243347, 1.0, 0.5849294066429138, 2.2382709980010986, 1.9220095872879028, -1.4572020769119263, 0.0923759788274765, -1.1440541744232178, 0.0]
pred step=48 action=[[0.0004146844148635864, -0.024296998977661133, -0.009183704853057861, 0.008557736873626709, -0.02006015181541443, -0.020850807428359985, 1.0435395240783691, 0.5716495513916016, 2.218266487121582, 1.9023382663726807, -1.4403228759765625, 0.06804850697517395, -1.1275670528411865, -0.0819697380065918]] left_gripper=1.0435395240783691 right_gripper=-0.0819697380065918
update step=49 qpos=[0.0005436179344542325, -0.023688845336437225, -0.009324009530246258, 0.008267282508313656, -0.020181456580758095, -0.019950194284319878, 1.0, 0.5730366706848145, 2.2206225395202637, 1.9047905206680298, -1.4425232410430908, 0.07115359604358673, -1.1296697854995728, 0.0]
pred step=49 action=[[-0.00016251951456069946, -0.02613246440887451, -0.015129029750823975, 0.014179199934005737, -0.02213957905769348, -0.02128884196281433, 1.039433479309082, 0.5719929933547974, 2.1963298320770264, 1.9011294841766357, -1.4424175024032593, 0.053743183612823486, -1.122727632522583, -0.10916250944137573]] left_gripper=1.039433479309082 right_gripper=-0.10916250944137573
update step=50 qpos=[-7.56230074330233e-05, -0.025822732597589493, -0.014498434960842133, 0.013401377946138382, -0.021890714764595032, -0.02111860364675522, 1.0, 0.5723351240158081, 2.199457883834839, 1.9014478921890259, -1.442490577697754, 0.0559348464012146, -1.1236145496368408, 0.0]
pred step=50 action=[[0.004205495119094849, -0.014648139476776123, -0.018327176570892334, 0.00328962504863739, -0.009362637996673584, -0.006051540374755859, 1.0022372007369995, 0.5612155795097351, 2.160088539123535, 1.872600793838501, -1.2856080532073975, -0.010940372943878174, -0.9920378923416138, -0.014474868774414062]] left_gripper=1.0022372007369995 right_gripper=-0.014474868774414062
update step=51 qpos=[0.003674991661682725, -0.015925539657473564, -0.018005384132266045, 0.00452217273414135, -0.010952984914183617, -0.00797209981828928, 1.0, 0.5624825358390808, 2.165802001953125, 1.8764575719833374, -1.3052176237106323, -0.0024218859616667032, -1.0088149309158325, 0.0]
pred step=51 action=[[-0.0005876123905181885, -0.004930436611175537, -0.010021865367889404, 0.008858844637870789, -0.0016543567180633545, -0.006481438875198364, 1.0027564764022827, 0.5496648550033569, 2.1544032096862793, 1.8751494884490967, -1.263906717300415, -0.054604142904281616, -0.9566835165023804, -0.02050471305847168]] left_gripper=1.0027564764022827 right_gripper=-0.02050471305847168
update step=52 qpos=[-0.00010630711767589673, -0.006291345227509737, -0.010804379358887672, 0.00836118869483471, -0.0028199886437505484, -0.006669705733656883, 1.0, 0.5512366890907288, 2.156238317489624, 1.8753135204315186, -1.2690485715866089, -0.04797390475869179, -0.9633260369300842, 0.0]
pred step=52 action=[[-0.003791503608226776, -0.011129796504974365, -0.0032439827919006348, 0.014039546251296997, -0.006377965211868286, -0.00742378830909729, 1.0055530071258545, 0.5392668843269348, 2.1394059658050537, 1.8433361053466797, -1.1981940269470215, -0.10191363096237183, -0.9288761615753174, -0.02412015199661255]] left_gripper=1.0055530071258545 right_gripper=-0.02412015199661255
update step=53 qpos=[-0.003352533793076873, -0.010591825470328331, -0.004032605327665806, 0.013367327861487865, -0.00592012656852603, -0.007327407132834196, 1.0, 0.5407804250717163, 2.141692638397217, 1.8474054336547852, -1.2071430683135986, -0.09506189823150635, -0.9332678318023682, 0.0]
pred step=53 action=[[-0.00631975382566452, -0.011850059032440186, -0.00025278329849243164, 0.014803364872932434, -0.004217326641082764, -0.0074980854988098145, 1.0061631202697754, 0.5171371698379517, 2.0990965366363525, 1.7863047122955322, -1.0805288553237915, -0.1906813234090805, -0.8698809146881104, -0.04355102777481079]] left_gripper=1.0061631202697754 right_gripper=-0.04355102777481079
update step=54 qpos=[-0.005975295323878527, -0.011693228967487812, -0.00072268903022632, 0.01462393719702959, -0.004426742438226938, -0.007475967053323984, 1.0, 0.5199189186096191, 2.104696035385132, 1.7940059900283813, -1.0965790748596191, -0.17851677536964417, -0.8779653310775757, 0.0]
pred step=54 action=[[-0.009472958743572235, -0.01822042465209961, -0.006016850471496582, 0.027251839637756348, -0.005206376314163208, -0.013640403747558594, 1.0095785856246948, 0.4993303120136261, 2.0547008514404297, 1.680267572402954, -0.8928877711296082, -0.3007330596446991, -0.79283607006073, -0.026877105236053467]] left_gripper=1.0095785856246948 right_gripper=-0.026877105236053467
update step=55 qpos=[-0.009060472249984741, -0.017447814345359802, -0.005386537406593561, 0.025641167536377907, -0.005101304966956377, -0.01285421010106802, 1.0, 0.5019760727882385, 2.061068296432495, 1.693926453590393, -0.9243139028549194, -0.2852136194705963, -0.8037009239196777, 0.0]
pred step=55 action=[[-0.008876390755176544, -0.015199422836303711, -0.012970983982086182, 0.03282634913921356, -0.00617489218711853, -0.024742215871810913, 1.0117006301879883, 0.4745440185070038, 1.9984034299850464, 1.5775189399719238, -0.7043207883834839, -0.39963722229003906, -0.702655553817749, -0.01660466194152832]] left_gripper=1.0117006301879883 right_gripper=-0.01660466194152832
update step=56 qpos=[-0.00889480859041214, -0.01544281467795372, -0.012138739228248596, 0.03187742456793785, -0.006040950305759907, -0.023226970806717873, 1.0, 0.47776177525520325, 2.006011724472046, 1.5910054445266724, -0.7450065612792969, -0.38511791825294495, -0.7155508399009705, 0.0]
pred step=56 action=[[-0.020798057317733765, 0.00919198989868164, -0.0017921924591064453, 0.03677952289581299, 0.021794527769088745, -0.011420965194702148, 1.0173532962799072, 0.4387556314468384, 1.982533574104309, 1.478261947631836, -0.5176858901977539, -0.5348823666572571, -0.6259015798568726, -0.017229557037353516]] left_gripper=1.0173532962799072 right_gripper=-0.017229557037353516
update step=57 qpos=[-0.019458981230854988, 0.0062339347787201405, -0.0029107637237757444, 0.03618967533111572, 0.018301408737897873, -0.01292383298277855, 1.0, 0.4433751404285431, 1.9853109121322632, 1.4913661479949951, -0.5631745457649231, -0.5158811807632446, -0.6373395919799805, 0.0]
pred step=57 action=[[-0.012385182082653046, -0.004614889621734619, -0.01545494794845581, 0.039064109325408936, 0.007353693246841431, -0.032457053661346436, 1.0186777114868164, 0.4222172498703003, 1.9277219772338867, 1.3788657188415527, -0.2953309416770935, -0.6572945713996887, -0.5129925012588501, -0.03996264934539795]] left_gripper=1.0186777114868164 right_gripper=-0.03996264934539795
update step=58 qpos=[-0.013193265534937382, -0.003280228702351451, -0.014089870266616344, 0.03864637017250061, 0.008722992613911629, -0.029967451468110085, 1.0, 0.42503228783607483, 1.9341613054275513, 1.392059087753296, -0.3764418363571167, -0.6394328474998474, -0.5288630127906799, 0.0]
pred step=58 action=[[-0.010678470134735107, -0.014996170997619629, -0.01812952756881714, 0.03851425647735596, -0.0028027594089508057, -0.02904936671257019, 1.0202834606170654, 0.4040807783603668, 1.8826273679733276, 1.2720322608947754, -0.09474021196365356, -0.7524142265319824, -0.44418033957481384, -0.02529364824295044]] left_gripper=1.0202834606170654 right_gripper=-0.02529364824295044
update step=59 qpos=[-0.010948814451694489, -0.013631264679133892, -0.01759200543165207, 0.03854852914810181, -0.001351917744614184, -0.02916833944618702, 1.0, 0.4065035879611969, 1.888549566268921, 1.2859774827957153, -0.1883012354373932, -0.7381455302238464, -0.454988032579422, 0.0]
pred step=59 action=[[-0.008055098354816437, -0.013941705226898193, -0.01760929822921753, 0.03563493490219116, -0.008168905973434448, -0.032901376485824585, 1.0206698179244995, 0.3746713399887085, 1.8238112926483154, 1.1290404796600342, 0.19300414621829987, -0.9030476808547974, -0.32713204622268677, -0.0284268856048584]] left_gripper=1.0206698179244995 right_gripper=-0.0284268856048584
update step=60 qpos=[-0.008379600010812283, -0.013901366852223873, -0.01762319542467594, 0.036001186817884445, -0.007314476650208235, -0.03242611885070801, 1.0, 0.378207802772522, 1.8306983709335327, 1.1477596759796143, 0.0027842046692967415, -0.8822395205497742, -0.3434607684612274, 0.0]
pred step=60 action=[[-0.008063413202762604, -0.02775639295578003, -0.02003425359725952, 0.03329037129878998, -0.015988945960998535, -0.03910857439041138, 1.0168697834014893, 0.36698031425476074, 1.8047080039978027, 1.0600802898406982, 0.3183249235153198, -0.9690937995910645, -0.2793138325214386, -0.03747814893722534]] left_gripper=1.0168697834014893 right_gripper=-0.03747814893722534
update step=61 qpos=[-0.00808132253587246, -0.02612009271979332, -0.019731050357222557, 0.033645350486040115, -0.014894646592438221, -0.03825739398598671, 1.0, 0.36840274930000305, 1.807285189628601, 1.070479393005371, 0.19281455874443054, -0.958178699016571, -0.28750330209732056, 0.0]
pred step=61 action=[[-0.0008369684219360352, -0.05054032802581787, -0.03683191537857056, 0.026449337601661682, -0.0338234007358551, -0.05005848407745361, 1.015939712524414, 0.3535563051700592, 1.7667582035064697, 0.9724619388580322, 0.4928365647792816, -1.073832392692566, -0.20693852007389069, -0.051788270473480225]] left_gripper=1.015939712524414 right_gripper=-0.051788270473480225
update step=62 qpos=[-0.0016471754061058164, -0.047586388885974884, -0.034972622990608215, 0.027300095185637474, -0.03144792467355728, -0.04855628311634064, 1.0, 0.355264276266098, 1.7710953950881958, 0.9838947057723999, 0.3827578127384186, -1.0592948198318481, -0.21722640097141266, 0.0]
pred step=62 action=[[-0.0010148361325263977, -0.04629397392272949, -0.027303218841552734, 0.02169013023376465, -0.03166717290878296, -0.03944021463394165, 1.0144942998886108, 0.3502352833747864, 1.7217681407928467, 0.9109232425689697, 0.6223013997077942, -1.139256238937378, -0.14134278893470764, -0.03730630874633789]] left_gripper=1.0144942998886108 right_gripper=-0.03730630874633789
update step=63 qpos=[-0.0010880978079512715, -0.0465032123029232, -0.028069980442523956, 0.022458277642726898, -0.0316411554813385, -0.04060310870409012, 1.0, 0.3508962094783783, 1.7272762060165405, 0.9193702936172485, 0.5662819743156433, -1.1292482614517212, -0.1510278284549713, 0.0]
pred step=63 action=[[0.0024558231234550476, -0.06262630224227905, -0.03348761796951294, 0.02179962396621704, -0.04051658511161804, -0.04333898425102234, 1.0161893367767334, 0.345143586397171, 1.7080941200256348, 0.875109076499939, 0.704210102558136, -1.18272066116333, -0.09823396801948547, -0.035295307636260986]] left_gripper=1.0161893367767334 right_gripper=-0.035295307636260986
update step=64 qpos=[0.0020581460557878017, -0.06069590896368027, -0.0328923799097538, 0.021870722994208336, -0.03940250724554062, -0.04299071431159973, 1.0, 0.34579792618751526, 1.7104324102401733, 0.8801312446594238, 0.6866269111633301, -1.1760085821151733, -0.10498631000518799, 0.0]
pred step=64 action=[[0.003143914043903351, -0.06482380628585815, -0.031048357486724854, 0.01671379804611206, -0.045215994119644165, -0.036385565996170044, 1.01846182346344, 0.3434993326663971, 1.6824102401733398, 0.8432439565658569, 0.7653615474700928, -1.2188618183135986, -0.0770377516746521, -0.034298598766326904]] left_gripper=1.01846182346344 right_gripper=-0.034298598766326904
update step=65 qpos=[0.0030283010564744473, -0.06434087455272675, -0.03125620260834694, 0.017379527911543846, -0.04448346793651581, -0.0372283011674881, 1.0, 0.34382131695747375, 1.6854839324951172, 0.8475337028503418, 0.7553725242614746, -1.2135182619094849, -0.08061622828245163, 0.0]
pred step=65 action=[[0.005469121038913727, -0.07041460275650024, -0.035484254360198975, 0.017481163144111633, -0.04684174060821533, -0.04080238938331604, 1.0165306329727173, 0.34602540731430054, 1.6770808696746826, 0.8271242380142212, 0.7969954609870911, -1.2314714193344116, -0.05847066640853882, -0.039293527603149414]] left_gripper=1.0165306329727173 right_gripper=-0.039293527603149414
update step=66 qpos=[0.005187826231122017, -0.0696801096200943, -0.03502320498228073, 0.017452524974942207, -0.04654949903488159, -0.04034681245684624, 1.0, 0.3458159267902374, 1.6781232357025146, 0.8293783664703369, 0.7916755080223083, -1.2292418479919434, -0.06130203232169151, 0.0]
pred step=66 action=[[0.007103465497493744, -0.08858472108840942, -0.04689216613769531, 0.015587151050567627, -0.0651918351650238, -0.04528912901878357, 1.0196374654769897, 0.34575480222702026, 1.6546528339385986, 0.7824298739433289, 0.8685677647590637, -1.2733142375946045, -0.013830304145812988, -0.0381007194519043]] left_gripper=1.0196374654769897 right_gripper=-0.0381007194519043
update step=67 qpos=[0.006919176317751408, -0.08625592291355133, -0.03619285672903061, 0.01587418094277382, -0.06284084171056747, -0.04466068744659424, 1.0, 0.34584522247314453, 1.6571365594863892, 0.7878771424293518, 0.8588097095489502, -1.2678338289260864, -0.01990201324224472, 0.0]
pred step=67 action=[[0.00866147130727768, -0.09573101997375488, -0.04706090688705444, 0.007464021444320679, -0.07194653153419495, -0.04340791702270508, 1.0199123620986938, 0.3521653115749359, 1.6369675397872925, 0.7704362869262695, 0.8848403096199036, -1.2784192562103271, -0.009108364582061768, -0.03879225254058838]] left_gripper=1.0199123620986938 right_gripper=-0.03879225254058838
update step=68 qpos=[0.008477579802274704, -0.09447834640741348, -0.036114223301410675, 0.00853548850864172, -0.07080093026161194, -0.04356864467263222, 1.0, 0.3515125513076782, 1.6391619443893433, 0.7724825143814087, 0.8815689086914062, -1.277140498161316, -0.01049018558114767, 0.0]
pred step=68 action=[[0.0092531219124794, -0.09725219011306763, -0.05115610361099243, 0.013290613889694214, -0.06876975297927856, -0.04617592692375183, 1.017490267753601, 0.3532777726650238, 1.643064260482788, 0.760932207107544, 0.9073415398597717, -1.2879341840744019, 0.0029074549674987793, -0.04318106174468994]] left_gripper=1.017490267753601 right_gripper=-0.04318106174468994
update step=69 qpos=[0.009160848334431648, -0.09675700962543488, -0.03610149025917053, 0.0127125708386302, -0.06902911514043808, -0.04584348574280739, 1.0, 0.35308602452278137, 1.6427264213562012, 0.7621517181396484, 0.9040247201919556, -1.286583662033081, 0.0011950721964240074, 0.0]
pred step=69 action=[[0.011201232671737671, -0.09862560033798218, -0.05297046899795532, 0.007516101002693176, -0.06785976886749268, -0.042554110288619995, 1.017740249633789, 0.3565424084663391, 1.6350586414337158, 0.7585396766662598, 0.9141430854797363, -1.2853095531463623, 0.008946359157562256, -0.03719496726989746]] left_gripper=1.017740249633789 right_gripper=-0.03719496726989746
update step=70 qpos=[0.010960975661873817, -0.09828241914510727, -0.03610212355852127, 0.00814953725785017, -0.06801119446754456, -0.04297364875674248, 1.0, 0.356172651052475, 1.6358025074005127, 0.7590494155883789, 0.9128922820091248, -1.285489797592163, 0.007955234497785568, 0.0]
pred step=70 action=[[0.009009428322315216, -0.0981408953666687, -0.05286973714828491, 0.00845995545387268, -0.06867784261703491, -0.04316172003746033, 1.0218465328216553, 0.3580651879310608, 1.6314398050308228, 0.7489041686058044, 0.9232946038246155, -1.2869759798049927, 0.019816488027572632, -0.030994296073913574]] left_gripper=1.0218465328216553 right_gripper=-0.030994296073913574
update step=71 qpos=[0.009242882020771503, -0.09818879514932632, -0.03611141815781593, 0.008413014002144337, -0.06858964264392853, -0.04313743859529495, 1.0, 0.3578653633594513, 1.6319905519485474, 0.7500206828117371, 0.9219571948051453, -1.2868101596832275, 0.018301570788025856, 0.0]
pred step=71 action=[[0.007576242089271545, -0.08264130353927612, -0.050595879554748535, 0.01771080493927002, -0.05415165424346924, -0.038659244775772095, 1.0161339044570923, 0.3586692214012146, 1.6422967910766602, 0.755742609500885, 0.9281402826309204, -1.2881265878677368, 0.012956112623214722, -0.04014396667480469]] left_gripper=1.0161339044570923 right_gripper=-0.04014396667480469
update step=72 qpos=[0.007743427529931068, -0.0850907638669014, -0.036245666444301605, 0.01650790311396122, -0.0559721440076828, -0.03922903910279274, 1.0, 0.35856956243515015, 1.6411211490631104, 0.7550827264785767, 0.927344024181366, -1.287941336631775, 0.013638769276440144, 0.0]
pred step=72 action=[[0.007261946797370911, -0.08442485332489014, -0.05309891700744629, 0.013843491673469543, -0.05594891309738159, -0.04374697804450989, 1.0167802572250366, 0.36022818088531494, 1.6424293518066406, 0.7544707655906677, 0.9297021627426147, -1.2916536331176758, 0.018221527338027954, -0.045643389225006104]] left_gripper=1.0167802572250366 right_gripper=-0.045643389225006104
update step=73 qpos=[0.007320394739508629, -0.08478101342916489, -0.036256883293390274, 0.014162849634885788, -0.055950380861759186, -0.04317064210772514, 1.0, 0.36005717515945435, 1.6422405242919922, 0.7545607089996338, 0.9294067621231079, -1.2911858558654785, 0.01763582043349743, 0.0]
pred step=73 action=[[0.005532257258892059, -0.07818061113357544, -0.04756039381027222, 0.008504107594490051, -0.05046188831329346, -0.03782251477241516, 1.0138412714004517, 0.37062352895736694, 1.6392247676849365, 0.7545779347419739, 0.9251039028167725, -1.2832098007202148, 0.017004728317260742, -0.04382526874542236]] left_gripper=1.0138412714004517 right_gripper=-0.04382526874542236
update step=74 qpos=[0.005731713026762009, -0.07938673347234726, -0.036282144486904144, 0.009181536734104156, -0.05115131661295891, -0.038503967225551605, 1.0, 0.36948487162590027, 1.6395570039749146, 0.7545945048332214, 0.9256587624549866, -1.2842369079589844, 0.01708543859422207, 0.0]
pred step=74 action=[[0.00334235280752182, -0.0763048529624939, -0.050811707973480225, 0.01098620891571045, -0.05077597498893738, -0.0350206196308136, 1.019226312637329, 0.3711051642894745, 1.6330595016479492, 0.7466718554496765, 0.9288038611412048, -1.2794907093048096, 0.02578634023666382, -0.03739696741104126]] left_gripper=1.019226312637329 right_gripper=-0.03739696741104126
update step=75 qpos=[0.0036228755488991737, -0.07734328508377075, -0.0363210029900074, 0.010752077214419842, -0.05081772804260254, -0.03546421602368355, 1.0, 0.3709142804145813, 1.6338144540786743, 0.7475805878639221, 0.9284030795097351, -1.2801098823547363, 0.02467532828450203, 0.0]
pred step=75 action=[[0.0011417344212532043, -0.059217631816864014, -0.04056423902511597, 0.013575747609138489, -0.03688329458236694, -0.03135943412780762, 1.0124965906143188, 0.3744666576385498, 1.6367413997650146, 0.7554852366447449, 0.9146988987922668, -1.2714310884475708, 0.012232214212417603, -0.04483598470687866]] left_gripper=1.0124965906143188 right_gripper=-0.04483598470687866
update step=76 qpos=[0.001404139562509954, -0.061516281217336655, -0.03639571741223335, 0.013165244832634926, -0.03863866254687309, -0.03188134729862213, 1.0, 0.37406307458877563, 1.6364445686340332, 0.7545705437660217, 0.9164391756057739, -1.2725176811218262, 0.013822843320667744, 0.0]
pred step=76 action=[[-0.0023939162492752075, -0.03662550449371338, -0.025995254516601562, 0.01016119122505188, -0.01718848943710327, -0.02754858136177063, 1.0118159055709839, 0.37873131036758423, 1.6305203437805176, 0.7535624504089355, 0.9170251488685608, -1.2676441669464111, 0.022191107273101807, -0.04365348815917969]] left_gripper=1.0118159055709839 right_gripper=-0.04365348815917969
update step=77 qpos=[-0.0019930440466850996, -0.03959178179502487, -0.02718466706573963, 0.010558133944869041, -0.019890103489160538, -0.028098873794078827, 1.0, 0.3782271444797516, 1.6311691999435425, 0.7537077069282532, 0.9169630408287048, -1.268273949623108, 0.021122153848409653, 0.0]
pred step=77 action=[[-0.007831186056137085, -0.011610150337219238, -0.013130724430084229, 0.013235911726951599, -0.002227604389190674, -0.016525954008102417, 1.0103284120559692, 0.38186314702033997, 1.6329023838043213, 0.7589153051376343, 0.9059823751449585, -1.257047176361084, 0.011403471231460571, -0.04158109426498413]] left_gripper=1.0103284120559692 right_gripper=-0.04158109426498413
update step=78 qpos=[-0.007184321526437998, -0.014950607903301716, -0.014723693951964378, 0.012923531234264374, -0.004445345140993595, -0.017999419942498207, 1.0, 0.38144516944885254, 1.6327801942825317, 0.7582871913909912, 0.9073677062988281, -1.258461833000183, 0.012646275572478771, 0.0]
pred step=78 action=[[-0.01474490761756897, 0.02761155366897583, 0.010479748249053955, 0.020118817687034607, 0.0280073881149292, -0.0020408034324645996, 1.0038657188415527, 0.38496723771095276, 1.6365504264831543, 0.7635011672973633, 0.9021291136741638, -1.249969482421875, 0.007663160562515259, -0.044622719287872314]] left_gripper=1.0038657188415527 right_gripper=-0.044622719287872314
update step=79 qpos=[-0.01392766647040844, 0.022518007084727287, 0.0076452093198895454, 0.019267132505774498, 0.02392461523413658, -0.004072101786732674, 1.0, 0.38457000255584717, 1.6361403465270996, 0.7629073262214661, 0.902790904045105, -1.2510358095169067, 0.00829994399100542, 0.0]
pred step=79 action=[[-0.034241653978824615, 0.11275434494018555, 0.0613560676574707, 0.026896268129348755, 0.09734126925468445, 0.01358005404472351, 1.0057473182678223, 0.3875671923160553, 1.6330677270889282, 0.7643829584121704, 0.8948688507080078, -1.2440232038497925, 0.008876591920852661, -0.04788661003112793]] left_gripper=1.0057473182678223 right_gripper=-0.04788661003112793
update step=80 qpos=[-0.03201412782073021, 0.10198187083005905, 0.055283427238464355, 0.026052197441458702, 0.08810624480247498, 0.011336228810250759, 1.0, 0.3872342109680176, 1.6334164142608643, 0.7642309069633484, 0.8958827257156372, -1.2449145317077637, 0.008803767152130604, 0.0]
pred step=80 action=[[-0.051716893911361694, 0.20545798540115356, 0.11271452903747559, 0.03184202313423157, 0.1666138619184494, 0.04602786898612976, 1.0016785860061646, 0.38770031929016113, 1.6354531049728394, 0.768221378326416, 0.8918783664703369, -1.2347571849822998, 0.007516741752624512, -0.04743480682373047]] left_gripper=1.0016785860061646 right_gripper=-0.04743480682373047
update step=81 qpos=[-0.049577903002500534, 0.19320301711559296, 0.10611341893672943, 0.031205318868160248, 0.15673236548900604, 0.041610658168792725, 1.0, 0.38762691617012024, 1.6352603435516357, 0.7677592039108276, 0.8923807740211487, -1.2360330820083618, 0.007682505529373884, 0.0]
pred step=81 action=[[-0.06753713637590408, 0.2780657410621643, 0.16359850764274597, 0.03783059120178223, 0.22288112342357635, 0.07594233751296997, 1.0017262697219849, 0.3867771327495575, 1.6309659481048584, 0.7696163654327393, 0.8895992636680603, -1.2294590473175049, 0.0021055936813354492, -0.04256719350814819]] left_gripper=1.0017262697219849 right_gripper=-0.04256719350814819
update step=82 qpos=[-0.0655779168009758, 0.26801255345344543, 0.15707415342330933, 0.03712613880634308, 0.21455472707748413, 0.07157033681869507, 1.0, 0.3868613839149475, 1.6314380168914795, 0.7694336771965027, 0.8899673223495483, -1.2302912473678589, 0.002817518310621381, 0.0]
pred step=82 action=[[-0.10818015038967133, 0.45025429129600525, 0.2704894244670868, 0.052101269364356995, 0.3651960492134094, 0.12359324097633362, 0.998889148235321, 0.3859609067440033, 1.633537769317627, 0.7645658850669861, 0.8839212656021118, -1.225517749786377, -0.0009971559047698975, -0.049224793910980225]] left_gripper=0.998889148235321 right_gripper=-0.049224793910980225
update step=83 qpos=[-0.10351674258708954, 0.4280265271663666, 0.25787508487701416, 0.050534527748823166, 0.3462020456790924, 0.11696863919496536, 0.998889148235321, 0.386054128408432, 1.633406639099121, 0.7650542855262756, 0.8846592307090759, -1.2261241674423218, -0.0005091969505883753, 0.0]
pred step=83 action=[[-0.1401379406452179, 0.5971958041191101, 0.3590843677520752, 0.06857864558696747, 0.4745304584503174, 0.16237840056419373, 1.0074836015701294, 0.38804569840431213, 1.6193411350250244, 0.7601838707923889, 0.8805233836174011, -1.2177531719207764, 0.0037081241607666016, -0.03954511880874634]] left_gripper=1.0074836015701294 right_gripper=-0.03954511880874634
update step=84 qpos=[-0.13612057268619537, 0.5773736238479614, 0.34770673513412476, 0.06654053926467896, 0.45831385254859924, 0.15659262239933014, 1.0, 0.3878345489501953, 1.6208354234695435, 0.7608411908149719, 0.8810888528823853, -1.2188372611999512, 0.003168958704918623, 0.0]
pred step=84 action=[[-0.18605336546897888, 0.8044366836547852, 0.48578059673309326, 0.09972226619720459, 0.6471017599105835, 0.2133667767047882, 1.0120896100997925, 0.3834034204483032, 1.6130831241607666, 0.7556065320968628, 0.8840585350990295, -1.216443419456482, 0.0032381415367126465, -0.04037398099899292]] left_gripper=1.0120896100997925 right_gripper=-0.04037398099899292
update step=85 qpos=[-0.18064293265342712, 0.7570046782493591, 0.47147098183631897, 0.09632215648889542, 0.6216512322425842, 0.20615628361701965, 1.0, 0.38387173414230347, 1.6140276193618774, 0.7561708688735962, 0.883676290512085, -1.2167541980743408, 0.0032292145770043135, 0.0]
pred step=85 action=[[-0.2171691209077835, 0.9550954103469849, 0.5737269520759583, 0.11737802624702454, 0.7578602433204651, 0.26565253734588623, 1.0119019746780396, 0.38058751821517944, 1.6154758930206299, 0.7589641809463501, 0.8794183731079102, -1.2111108303070068, 0.006568223237991333, -0.035502731800079346]] left_gripper=1.0119019746780396 right_gripper=-0.035502731800079346
update step=86 qpos=[-0.21322354674339294, 0.926799476146698, 0.5627411007881165, 0.11511477082967758, 0.7406208515167236, 0.2580747604370117, 1.0, 0.38093313574790955, 1.6153628826141357, 0.7586206197738647, 0.8799493312835693, -1.21181321144104, 0.006143706385046244, 0.0]
pred step=86 action=[[-0.23769991099834442, 1.0388411283493042, 0.6271321773529053, 0.13281649351119995, 0.8256038427352905, 0.28372815251350403, 1.0190666913986206, 0.38115018606185913, 1.6123652458190918, 0.7578600645065308, 0.8764016032218933, -1.207802653312683, 0.0024538934230804443, -0.039544105529785156]] left_gripper=1.0190666913986206 right_gripper=-0.039544105529785156
update step=87 qpos=[-0.2350255846977234, 1.025707721710205, 0.6201977133750916, 0.13079768419265747, 0.8147904276847839, 0.28045955300331116, 1.0, 0.381132036447525, 1.61270272731781, 0.7579570412635803, 0.8768579363822937, -1.208315372467041, 0.0029251519590616226, 0.0]
pred step=87 action=[[-0.2791406512260437, 1.2321827411651611, 0.7321380376815796, 0.1828189492225647, 0.9743183851242065, 0.3260292410850525, 1.0499603748321533, 0.3809511661529541, 1.6075592041015625, 0.74919593334198, 0.8816319704055786, -1.2103984355926514, 0.011781692504882812, -0.02511119842529297]] left_gripper=1.0499603748321533 right_gripper=-0.02511119842529297
update step=88 qpos=[-0.2743850648403168, 1.1980831623077393, 0.7206904292106628, 0.17680644989013672, 0.9541438221931458, 0.3202386498451233, 1.0, 0.38098087906837463, 1.6081554889678955, 0.7501863241195679, 0.881019651889801, -1.2101521492004395, 0.010650228708982468, 0.0]
pred step=88 action=[[-0.3083920180797577, 1.3566408157348633, 0.8046026229858398, 0.20132777094841003, 1.0710369348526, 0.349779337644577, 1.0556756258010864, 0.3782188296318054, 1.5992010831832886, 0.7438926696777344, 0.88489830493927, -1.2123209238052368, 0.017337560653686523, -0.031085669994354248]] left_gripper=1.0556756258010864 right_gripper=-0.031085669994354248
update step=89 qpos=[-0.30465593934059143, 1.33791184425354, 0.7957160472869873, 0.19850946962833405, 1.0560834407806396, 0.34601354598999023, 1.0, 0.3785219192504883, 1.60017728805542, 0.7446444034576416, 0.8844215869903564, -1.2120604515075684, 0.016483306884765625, 0.0]
pred step=89 action=[[-0.32649338245391846, 1.4422962665557861, 0.8467310667037964, 0.22518563270568848, 1.1327458620071411, 0.3773505389690399, 1.0580451488494873, 0.37556785345077515, 1.6080743074417114, 0.7440941333770752, 0.885989248752594, -1.2132914066314697, 0.01575753092765808, -0.025795578956604004]] left_gripper=1.0580451488494873 right_gripper=-0.025795578956604004
update step=90 qpos=[-0.3241181969642639, 1.429819941520691, 0.841443657875061, 0.22199735045433044, 1.122934103012085, 0.3733586072921753, 1.0, 0.3758835196495056, 1.607262372970581, 0.7440908551216125, 0.8857578039169312, -1.2131232023239136, 0.015851395204663277, 0.0]
pred step=90 action=[[-0.3415203094482422, 1.4850122928619385, 0.8717470169067383, 0.23033201694488525, 1.1644338369369507, 0.38950344920158386, 1.0491864681243896, 0.3750307857990265, 1.6064242124557495, 0.7414209842681885, 0.8843185305595398, -1.2141616344451904, 0.01376640796661377, -0.025182902812957764]] left_gripper=1.0491864681243896 right_gripper=-0.025182902812957764
update step=91 qpos=[-0.33963537216186523, 1.4783084392547607, 0.8686073422431946, 0.22939884662628174, 1.1591330766677856, 0.3874482214450836, 1.0, 0.37513285875320435, 1.6064599752426147, 0.7417683005332947, 0.8845123648643494, -1.2140346765518188, 0.01403206679970026, 0.0]
pred step=91 action=[[-0.3503660261631012, 1.5254852771759033, 0.8951766490936279, 0.23228541016578674, 1.198240041732788, 0.393231600522995, 1.0516808032989502, 0.37369924783706665, 1.6012234687805176, 0.7397465705871582, 0.886347234249115, -1.2188074588775635, 0.014586180448532104, -0.027446508407592773]] left_gripper=1.0516808032989502 right_gripper=-0.027446508407592773
update step=92 qpos=[-0.3492041230201721, 1.519901156425476, 0.8922685384750366, 0.2319898009300232, 1.1932330131530762, 0.3924943506717682, 1.0, 0.3738642930984497, 1.6017755270004272, 0.7400025129318237, 0.8861295580863953, -1.2182103395462036, 0.014514347538352013, 0.0]
pred step=92 action=[[-0.36057960987091064, 1.5671541690826416, 0.9179580211639404, 0.24448835849761963, 1.2220836877822876, 0.41045859456062317, 1.0360009670257568, 0.37371984124183655, 1.6066744327545166, 0.7434909343719482, 0.8850147128105164, -1.2187132835388184, 0.009297221899032593, -0.009138941764831543]] left_gripper=1.0360009670257568 right_gripper=-0.009138941764831543
update step=93 qpos=[-0.35934218764305115, 1.5615637302398682, 0.9151737689971924, 0.24297454953193665, 1.218373417854309, 0.4081690311431885, 1.0, 0.3737318515777588, 1.6061656475067139, 0.7430527806282043, 0.8851428627967834, -1.2186394929885864, 0.009963728487491608, 0.0]
pred step=93 action=[[-0.3723887801170349, 1.5959035158157349, 0.9338208436965942, 0.25594019889831543, 1.2447360754013062, 0.4164431691169739, 1.0178799629211426, 0.37152785062789917, 1.6099717617034912, 0.7431669235229492, 0.8862172365188599, -1.218977689743042, 0.00933849811553955, -0.00964212417602539]] left_gripper=1.0178799629211426 right_gripper=-0.00964212417602539
update step=94 qpos=[-0.370982825756073, 1.5917686223983765, 0.931846022605896, 0.25435495376586914, 1.2413625717163086, 0.4153915047645569, 1.0, 0.37176379561424255, 1.60953688621521, 0.7431569695472717, 0.8860746622085571, -1.218927025794983, 0.009418309666216373, 0.0]
pred step=94 action=[[-0.37989482283592224, 1.6291959285736084, 0.9500809907913208, 0.25693973898887634, 1.2710881233215332, 0.4329780638217926, 1.011218786239624, 0.37145310640335083, 1.606635332107544, 0.7379298210144043, 0.8918965458869934, -1.2289882898330688, 0.012125581502914429, -0.004544317722320557]] left_gripper=1.011218786239624 right_gripper=-0.004544317722320557
update step=95 qpos=[-0.3789219856262207, 1.624795913696289, 0.9480577707290649, 0.25665345788002014, 1.2672773599624634, 0.43073567748069763, 1.0, 0.3715112507343292, 1.6069148778915405, 0.7385432720184326, 0.891165018081665, -1.2277264595031738, 0.011778241023421288, 0.0]
pred step=95 action=[[-0.38816583156585693, 1.6446330547332764, 0.9615890979766846, 0.2631336450576782, 1.282698392868042, 0.43899261951446533, 0.9828040599822998, 0.3711647391319275, 1.6188966035842896, 0.7454044818878174, 0.8985971212387085, -1.2335381507873535, 0.015612512826919556, 0.0024129152297973633]] left_gripper=0.9828040599822998 right_gripper=0.0024129152297973633
update step=96 qpos=[-0.3871653079986572, 1.6421416997909546, 0.9601970314979553, 0.26236850023269653, 1.2807281017303467, 0.4379425346851349, 0.9828040599822998, 0.3711967170238495, 1.617539405822754, 0.7446015477180481, 0.8976373076438904, -1.2327795028686523, 0.015123450197279453, 0.0024129152297973537]
pred step=96 action=[[-0.39533498883247375, 1.6645245552062988, 0.9693637490272522, 0.28178834915161133, 1.3005157709121704, 0.4306955635547638, 0.9367544651031494, 0.3715464472770691, 1.6146249771118164, 0.7452380657196045, 0.9065725207328796, -1.2423222064971924, 0.009091079235076904, 0.0030862092971801758]] left_gripper=0.9367544651031494 right_gripper=0.0030862092971801758
update step=97 qpos=[-0.3944457173347473, 1.661899447441101, 0.9683743715286255, 0.2793358564376831, 1.2979810237884521, 0.43162304162979126, 0.9367544651031494, 0.3715285360813141, 1.6148529052734375, 0.7452225685119629, 0.9054655432701111, -1.241119623184204, 0.009858574718236923, 0.0030862092971801623]
pred step=97 action=[[-0.40289032459259033, 1.6662108898162842, 0.9718698263168335, 0.27895450592041016, 1.303497076034546, 0.42344632744789124, 0.9096294045448303, 0.370361328125, 1.6219370365142822, 0.7478342056274414, 0.9128901958465576, -1.243504285812378, 0.011482656002044678, 0.003123641014099121]] left_gripper=0.9096294045448303 right_gripper=0.003123641014099121
update step=98 qpos=[-0.40197721123695374, 1.6655981540679932, 0.9715486168861389, 0.27902519702911377, 1.302802562713623, 0.42448967695236206, 0.9096294045448303, 0.3704811632633209, 1.6211825609207153, 0.7474924921989441, 0.9119266867637634, -1.2431901693344116, 0.011275074444711208, 0.0031236410140991202]
pred step=98 action=[[-0.39727896451950073, 1.6718671321868896, 0.9780850410461426, 0.2595236301422119, 1.2957767248153687, 0.44914770126342773, 0.899413526058197, 0.3648509979248047, 1.6149672269821167, 0.7493330240249634, 0.9016838669776917, -1.2400448322296143, 0.007768005132675171, 0.019731462001800537]] left_gripper=0.899413526058197 right_gripper=0.019731462001800537
update step=99 qpos=[-0.3977240324020386, 1.6711808443069458, 0.9772943258285522, 0.2620154917240143, 1.29664945602417, 0.4459981918334961, 0.899413526058197, 0.365452378988266, 1.6156362295150757, 0.7491679787635803, 0.9030078649520874, -1.240437626838684, 0.008216770365834236, 0.019731462001800537]
pred step=99 action=[[-0.40353694558143616, 1.6785428524017334, 0.9769805073738098, 0.2746807932853699, 1.3022669553756714, 0.43939101696014404, 0.8566855192184448, 0.366080105304718, 1.6100680828094482, 0.7425210475921631, 0.9192624688148499, -1.2493096590042114, 0.012384265661239624, 0.013136506080627441]] left_gripper=0.8566855192184448 right_gripper=0.013136506080627441
update step=100 qpos=[-0.4029560685157776, 1.677646517753601, 0.9770681858062744, 0.2730725109577179, 1.3015543222427368, 0.4402373135089874, 0.8566855192184448, 0.3660440742969513, 1.6106860637664795, 0.7432708740234375, 0.9172013401985168, -1.248206377029419, 0.011849134229123592, 0.013136506080627455]
pred step=100 action=[[-0.4255707561969757, 1.6848030090332031, 1.006951093673706, 0.19505348801612854, 1.269142746925354, 0.49226877093315125, -0.06500047445297241, 0.36440467834472656, 1.6839408874511719, 0.7263861894607544, 0.9644891619682312, -1.2609964609146118, 0.0588763952255249, 0.7165343761444092]] left_gripper=-0.06500047445297241 right_gripper=0.7165343761444092
update step=101 qpos=[-0.4231261909008026, 1.6840041875839233, 1.0033936500549316, 0.20503759384155273, 1.2732512950897217, 0.48561960458755493, 0.5522764001731519, 0.36454716324806213, 1.67606782913208, 0.72806715965271, 0.9582282900810242, -1.2593038082122803, 0.052877914160490036, 0.5185973078426388]
pred step=101 action=[[-0.41796237230300903, 1.697568416595459, 1.0263311862945557, 0.15006020665168762, 1.264224648475647, 0.5233993530273438, -0.05890852212905884, 0.3624555766582489, 1.6797785758972168, 0.7237772345542908, 0.9618322253227234, -1.2577800750732422, 0.061559706926345825, 0.6516513824462891]] left_gripper=-0.05890852212905884 right_gripper=0.6516513824462891
update step=102 qpos=[-0.41934934258461, 1.6951396465301514, 1.0232973098754883, 0.15690124034881592, 1.2663278579711914, 0.5185081362724304, 0.390525364710225, 0.36138689517974854, 1.6796761751174927, 0.7248885631561279, 0.9613170027732849, -1.2570550441741943, 0.06035985052585602, 0.6072794042251728]
pred step=102 action=[[-0.41443344950675964, 1.6910834312438965, 1.0247751474380493, 0.14697051048278809, 1.2622220516204834, 0.5234459638595581, -0.05880439281463623, 0.35924002528190613, 1.6856284141540527, 0.7280237078666687, 0.9659549593925476, -1.2656012773513794, 0.05886644124984741, 0.7461069226264954]] left_gripper=-0.05880439281463623 right_gripper=0.7461069226264954
update step=103 qpos=[-0.4156617522239685, 1.6916587352752686, 1.0238795280456543, 0.14795562624931335, 1.263123869895935, 0.522801399230957, 0.3354992051919301, 0.3587501049041748, 1.684745192527771, 0.7284161448478699, 0.9655213952064514, -1.2639224529266357, 0.058982864022254944, 0.5812681683511646]
pred step=103 action=[[-0.41051775217056274, 1.690230131149292, 1.0281975269317627, 0.14370214939117432, 1.2639367580413818, 0.5256320238113403, -0.05759304761886597, 0.3572520613670349, 1.7046493291854858, 0.7393138408660889, 0.9754942655563354, -1.2797712087631226, 0.057766079902648926, 0.7992748618125916]] left_gripper=-0.05759304761886597 right_gripper=0.7992748618125916
update step=104 qpos=[-0.4110053479671478, 1.6919465065002441, 1.0256068706512451, 0.14356929063796997, 1.2638720273971558, 0.5252709984779358, 0.29933729486332994, 0.356227308511734, 1.7008116245269775, 0.7396525144577026, 0.9747718572616577, -1.2773057222366333, 0.05784497410058975, 0.5627028219677783]
pred step=104 action=[[-0.4075983762741089, 1.6860994100570679, 1.0310657024383545, 0.1321779191493988, 1.2583155632019043, 0.5277571082115173, -0.048938632011413574, 0.3540022373199463, 1.6975020170211792, 0.7344038486480713, 0.9739172458648682, -1.27756667137146, 0.057421594858169556, 0.8428841829299927]] left_gripper=-0.048938632011413574 right_gripper=0.8428841829299927
update step=105 qpos=[-0.4088439345359802, 1.687424659729004, 1.0289314985275269, 0.13310131430625916, 1.2594876289367676, 0.5274285078048706, 0.25337685349362865, 0.35310763120651245, 1.697190284729004, 0.7363827228546143, 0.9743654131889343, -1.2767508029937744, 0.05739635229110718, 0.5343599682880772]
pred step=105 action=[[-0.4032878279685974, 1.686478853225708, 1.0398297309875488, 0.10550267994403839, 1.2488045692443848, 0.5431973338127136, -0.052929043769836426, 0.35079991817474365, 1.6863173246383667, 0.7305741310119629, 0.9638834595680237, -1.2705941200256348, 0.056051015853881836, 0.8442083597183228]] left_gripper=-0.052929043769836426 right_gripper=0.8442083597183228
update step=106 qpos=[-0.4054977595806122, 1.6856689453125, 1.038083553314209, 0.10874783247709274, 1.2513033151626587, 0.541130542755127, 0.1880848459623478, 0.34958115220069885, 1.6885550022125244, 0.7317001223564148, 0.9650872349739075, -1.2701561450958252, 0.056127455085515976, 0.4902262212915553]
pred step=106 action=[[-0.3988688588142395, 1.685004711151123, 1.0425872802734375, 0.10158638656139374, 1.2453052997589111, 0.5437416434288025, -0.05360281467437744, 0.3481995463371277, 1.6916420459747314, 0.735292911529541, 0.9660364389419556, -1.2751452922821045, 0.05716085433959961, 0.8812160491943359]] left_gripper=-0.05360281467437744 right_gripper=0.8812160491943359
update step=107 qpos=[-0.4013083279132843, 1.6846493482589722, 1.0411250591278076, 0.10206872969865799, 1.2471516132354736, 0.5433768630027771, 0.12274191750696412, 0.346831738948822, 1.6918259859085083, 0.7357864379882812, 0.9659234285354614, -1.2732030153274536, 0.056940652430057526, 0.4416649753986685]
pred step=107 action=[[-0.3875718116760254, 1.6787419319152832, 1.0481126308441162, 0.0891767144203186, 1.2326997518539429, 0.5483728051185608, -0.05331319570541382, 0.34041064977645874, 1.6905593872070312, 0.7424114942550659, 0.968322217464447, -1.277019739151001, 0.05941802263259888, 0.9273295402526855]] left_gripper=-0.05331319570541382 right_gripper=0.9273295402526855
update step=108 qpos=[-0.39134329557418823, 1.6783088445663452, 1.0465205907821655, 0.09040647000074387, 1.2361027002334595, 0.547733724117279, 0.032889700542997426, 0.3390653133392334, 1.6917963027954102, 0.7425397038459778, 0.9678676128387451, -1.2747842073440552, 0.059050776064395905, 0.3957670706151812]
pred step=108 action=[[-0.37862199544906616, 1.6816623210906982, 1.0571004152297974, 0.0577826201915741, 1.219292163848877, 0.5625556707382202, -0.0496060848236084, 0.33536186814308167, 1.6719324588775635, 0.7338907718658447, 0.9586257934570312, -1.2641302347183228, 0.05873629450798035, 0.9243407249450684]] left_gripper=-0.0496060848236084 right_gripper=0.9243407249450684
update step=109 qpos=[-0.3800100088119507, 1.681401014328003, 1.0557373762130737, 0.0619349330663681, 1.2214010953903198, 0.5606585144996643, 0.0, 0.33578312397003174, 1.6742092370986938, 0.7348952293395996, 0.9598255753517151, -1.265513300895691, 0.05877679958939552, 0.5261997543827251]
pred step=109 action=[[-0.3654770851135254, 1.684280276298523, 1.073232889175415, 0.01620069146156311, 1.191818356513977, 0.585064172744751, -0.06296980381011963, 0.329192578792572, 1.6518462896347046, 0.7286351919174194, 0.9481645822525024, -1.2506358623504639, 0.05994877219200134, 0.9159350395202637]] left_gripper=-0.06296980381011963 right_gripper=0.9159350395202637
update step=110 qpos=[-0.36703652143478394, 1.6839607954025269, 1.0711437463760376, 0.022059869021177292, 1.1955450773239136, 0.5819430947303772, 0.0, 0.329892635345459, 1.6544294357299805, 0.7293705344200134, 0.9496732950210571, -1.2525415420532227, 0.05980057269334793, 0.6805715589059723]
pred step=110 action=[[-0.3626660704612732, 1.6777021884918213, 1.071136474609375, 0.013735458254814148, 1.1945000886917114, 0.5829586982727051, -0.05102616548538208, 0.3249587118625641, 1.6531513929367065, 0.7300848364830017, 0.9516226649284363, -1.2576489448547363, 0.059543222188949585, 0.9718190431594849]] left_gripper=-0.05102616548538208 right_gripper=0.9718190431594849
update step=111 qpos=[-0.3632166385650635, 1.6784193515777588, 1.0711088180541992, 0.014786695130169392, 1.1946402788162231, 0.5828297138214111, 0.0, 0.32550421357154846, 1.6533979177474976, 0.729917585849762, 0.9513567686080933, -1.2569975852966309, 0.059576526284217834, 0.8279731555669397]
pred step=111 action=[[-0.33615580201148987, 1.678174614906311, 1.1005699634552002, -0.06392979621887207, 1.1329888105392456, 0.6265184283256531, -0.06408941745758057, 0.3071420192718506, 1.575495719909668, 0.7057950496673584, 0.923767626285553, -1.2141507863998413, 0.06262728571891785, 0.9804720878601074]] left_gripper=-0.06408941745758057 right_gripper=0.9804720878601074
update step=112 qpos=[-0.3389287292957306, 1.6783370971679688, 1.09697687625885, -0.05385247617959976, 1.1407588720321655, 0.620930016040802, 0.0, 0.3090669810771942, 1.5841164588928223, 0.7089512348175049, 0.9274476766586304, -1.2196440696716309, 0.06223825365304947, 0.9562051327140244]
pred step=112 action=[[-0.3249547779560089, 1.6842350959777832, 1.1247994899749756, -0.11845940351486206, 1.102489709854126, 0.6548087000846863, -0.07115203142166138, 0.2981640100479126, 1.5221797227859497, 0.684984028339386, 0.8987114429473877, -1.1813783645629883, 0.066435307264328, 0.9738223552703857]] left_gripper=-0.07115203142166138 right_gripper=0.9738223552703857
update step=113 qpos=[-0.32654526829719543, 1.6836491823196411, 1.1213734149932861, -0.11019757390022278, 1.1073189973831177, 0.6504782438278198, 0.0, 0.299320250749588, 1.5294859409332275, 0.6876448392868042, 0.9023911952972412, -1.1862907409667969, 0.06590421497821808, 0.9738223552703857]
pred step=113 action=[[-0.3157927989959717, 1.6897013187408447, 1.1376328468322754, -0.14188353717327118, 1.0897973775863647, 0.665753960609436, -0.07231944799423218, 0.2945277690887451, 1.508880853652954, 0.6796274781227112, 0.8955225348472595, -1.172319769859314, 0.06757229566574097, 0.9691340923309326]] left_gripper=-0.07231944799423218 right_gripper=0.9691340923309326
update step=114 qpos=[-0.3169907331466675, 1.6890358924865723, 1.135658860206604, -0.13782230019569397, 1.0919997692108154, 0.6638011336326599, 0.0, 0.2950383424758911, 1.5114409923553467, 0.6804047226905823, 0.8963733911514282, -1.1741080284118652, 0.06736187636852264, 0.9691340923309326]
pred step=114 action=[[-0.27310633659362793, 1.6817134618759155, 1.1696202754974365, -0.25806838274002075, 0.9929342269897461, 0.7181898951530457, -0.0684477686882019, 0.26441359519958496, 1.3642014265060425, 0.6373194456100464, 0.8131950497627258, -1.0819511413574219, 0.07107475399971008, 0.9925239682197571]] left_gripper=-0.0684477686882019 right_gripper=0.9925239682197571
update step=115 qpos=[-0.277612566947937, 1.6826540231704712, 1.165400743484497, -0.2427034080028534, 1.005441427230835, 0.7112316489219666, 0.0, 0.2676023840904236, 1.380602240562439, 0.6429930925369263, 0.8240705728530884, -1.0937212705612183, 0.07060703635215759, 0.9925239682197571]
pred step=115 action=[[-0.2594549059867859, 1.6851428747177124, 1.1930153369903564, -0.31756412982940674, 0.9531129598617554, 0.7596835494041443, -0.08235514163970947, 0.25375017523765564, 1.300062894821167, 0.6131739616394043, 0.7709844708442688, -1.0379226207733154, 0.07157489657402039, 0.9890509247779846]] left_gripper=-0.08235514163970947 right_gripper=0.9890509247779846
update step=116 qpos=[-0.26159098744392395, 1.6849466562271118, 1.1895108222961426, -0.30801913142204285, 0.9597392678260803, 0.7534946203231812, 0.0, 0.255202978849411, 1.3096877336502075, 0.6162962317466736, 0.7777045965194702, -1.0450549125671387, 0.07146071642637253, 0.9890509247779846]
pred step=116 action=[[-0.24903590977191925, 1.688355803489685, 1.2147095203399658, -0.3811282515525818, 0.9186776876449585, 0.7806177139282227, -0.07833683490753174, 0.24667172133922577, 1.249488115310669, 0.5980822443962097, 0.7353225350379944, -0.9982361197471619, 0.06940707564353943, 0.974401593208313]] left_gripper=-0.07833683490753174 right_gripper=0.974401593208313
update step=117 qpos=[-0.25042545795440674, 1.6879767179489136, 1.2115219831466675, -0.37181025743484497, 0.9238788485527039, 0.7771506905555725, 0.0, 0.24755333364009857, 1.256496787071228, 0.6001104116439819, 0.7407394051551819, -1.0042128562927246, 0.06967426091432571, 0.974401593208313]
pred step=117 action=[[-0.22407887876033783, 1.687433123588562, 1.2345988750457764, -0.4364978075027466, 0.8642479181289673, 0.825177788734436, -0.0946117639541626, 0.23365503549575806, 1.1989237070083618, 0.5740218162536621, 0.6991969347000122, -0.9448198080062866, 0.06897512078285217, 0.9600173234939575]] left_gripper=-0.0946117639541626 right_gripper=0.9600173234939575
update step=118 qpos=[-0.22682511806488037, 1.687520980834961, 1.2317034006118774, -0.4282355308532715, 0.8717795014381409, 0.8190414905548096, 0.0, 0.23511254787445068, 1.205652117729187, 0.5769391655921936, 0.7044788599014282, -0.9523780941963196, 0.06907046586275101, 0.9600173234939576]
pred step=118 action=[[-0.19782692193984985, 1.6941649913787842, 1.2758426666259766, -0.5363030433654785, 0.7916676998138428, 0.8897449970245361, -0.10304021835327148, 0.21564264595508575, 1.082798719406128, 0.5296343564987183, 0.6362480521202087, -0.862966001033783, 0.07014986872673035, 0.9679710268974304]] left_gripper=-0.10304021835327148 right_gripper=0.9679710268974304
update step=119 qpos=[-0.2009216696023941, 1.6934341192245483, 1.2702960968017578, -0.5225026607513428, 0.8017998337745667, 0.8807129859924316, 0.0, 0.21770071983337402, 1.0966664552688599, 0.5353536605834961, 0.6450675129890442, -0.8743788599967957, 0.07001525908708572, 0.9679710268974304]
pred step=119 action=[[-0.17098575830459595, 1.6844661235809326, 1.2948994636535645, -0.6088117361068726, 0.7230781316757202, 0.9210755825042725, -0.10600703954696655, 0.2006571888923645, 1.0098930597305298, 0.5028176307678223, 0.5751898288726807, -0.7866154313087463, 0.06166037917137146, 0.9473732709884644]] left_gripper=-0.10600703954696655 right_gripper=0.9473732709884644
update step=120 qpos=[-0.174183189868927, 1.6855287551879883, 1.2916661500930786, -0.5978614091873169, 0.733038604259491, 0.9159197807312012, 0.0, 0.20242862403392792, 1.0200085639953613, 0.5063896179199219, 0.5840643644332886, -0.7977681159973145, 0.06273460388183594, 0.9473732709884644]
pred step=120 action=[[-0.1493918001651764, 1.7018611431121826, 1.340104341506958, -0.7032318711280823, 0.6661224365234375, 0.981049656867981, -0.1150701642036438, 0.1837240755558014, 0.9308590292930603, 0.45993316173553467, 0.5500998497009277, -0.7269035577774048, 0.056699156761169434, 0.9543389081954956]] left_gripper=-0.1150701642036438 right_gripper=0.9543389081954956
update step=121 qpos=[-0.1520923525094986, 1.700019359588623, 1.333966612815857, -0.6897905468940735, 0.6745854616165161, 0.9727311730384827, 0.0, 0.18574292957782745, 0.9410526156425476, 0.4652908444404602, 0.5544369220733643, -0.7359201312065125, 0.05746971070766449, 0.9543389081954956]
pred step=121 action=[[-0.12135767936706543, 1.692171335220337, 1.3641581535339355, -0.7708179354667664, 0.599132776260376, 1.0220316648483276, -0.1077849268913269, 0.16344070434570312, 0.8352143168449402, 0.4269813597202301, 0.48731809854507446, -0.658406674861908, 0.05488729476928711, 0.9795384407043457]] left_gripper=-0.1077849268913269 right_gripper=0.9795384407043457
update step=122 qpos=[-0.12459620088338852, 1.6930181980133057, 1.360311508178711, -0.7605301141738892, 0.6086738109588623, 1.0157369375228882, 0.0, 0.16586989164352417, 0.8472996950149536, 0.431443452835083, 0.49591127038002014, -0.6682524085044861, 0.05522025749087334, 0.9795384407043457]
pred step=122 action=[[-0.09411196410655975, 1.699589729309082, 1.4090393781661987, -0.8787888884544373, 0.5176722407341003, 1.0734628438949585, -0.1212192177772522, 0.14602895081043243, 0.7282532453536987, 0.3807496726512909, 0.4223228096961975, -0.5645535588264465, 0.04597148299217224, 0.9588675498962402]] left_gripper=-0.1212192177772522 right_gripper=0.9588675498962402
update step=123 qpos=[-0.09733709692955017, 1.6989117860794067, 1.402711033821106, -0.8637813925743103, 0.5291799902915955, 1.0660908222198486, 0.0, 0.14813265204429626, 0.7419276833534241, 0.38654518127441406, 0.4316856265068054, -0.5777183175086975, 0.047155555337667465, 0.9588675498962402]
pred step=123 action=[[-0.0844406858086586, 1.705898404121399, 1.4253908395767212, -0.9197841286659241, 0.4947183132171631, 1.0959625244140625, -0.10694766044616699, 0.13949215412139893, 0.6800249814987183, 0.3614635467529297, 0.39432138204574585, -0.5378412008285522, 0.046506017446517944, 0.9767979383468628]] left_gripper=-0.10694766044616699 right_gripper=0.9767979383468628
update step=124 qpos=[-0.08595160394906998, 1.7051039934158325, 1.4224212169647217, -0.9126975536346436, 0.49908447265625, 1.092151403427124, 0.0, 0.1404244303703308, 0.687149167060852, 0.36428380012512207, 0.3990626037120819, -0.5429055690765381, 0.046589866280555725, 0.9767979383468629]
pred step=124 action=[[-0.0149398073554039, 1.6876572370529175, 1.4991695880889893, -1.1281434297561646, 0.3137553036212921, 1.219112753868103, -0.13894200325012207, 0.09257772564888, 0.45186471939086914, 0.25683459639549255, 0.2534913718700409, -0.348440021276474, 0.03301849961280823, 0.9861820936203003]] left_gripper=-0.13894200325012207 right_gripper=0.9861820936203003
update step=125 qpos=[-0.021915821358561516, 1.6899858713150024, 1.4902610778808594, -1.0904557704925537, 0.3384213149547577, 1.2028950452804565, 0.0, 0.09786252677440643, 0.5068221688270569, 0.2683027982711792, 0.2713792324066162, -0.3757348954677582, 0.03478075936436653, 0.9861820936203002]
pred step=125 action=[[0.02122650295495987, 1.703092098236084, 1.5523478984832764, -1.2690134048461914, 0.21435809135437012, 1.2992931604385376, -0.14003700017929077, 0.06196857988834381, 0.28839367628097534, 0.1821257770061493, 0.1649470180273056, -0.2361152619123459, 0.0349726676940918, 1.013059377670288]] left_gripper=-0.14003700017929077 right_gripper=1.013059377670288
update step=126 qpos=[0.016585590317845345, 1.701985239982605, 1.543904185295105, -1.2459217309951782, 0.23002077639102936, 1.2869967222213745, 0.0, 0.06585321575403214, 0.3283584713935852, 0.19168488681316376, 0.17811095714569092, -0.2536754906177521, 0.034966062754392624, 1.0]
pred step=126 action=[[0.043583810329437256, 1.698625087738037, 1.5651581287384033, -1.306645393371582, 0.1735718995332718, 1.3268777132034302, -0.1312829852104187, 0.0482923686504364, 0.24480104446411133, 0.15403839945793152, 0.14380908012390137, -0.1975705474615097, 0.03124174475669861, 1.0227185487747192]] left_gripper=-0.1312829852104187 right_gripper=1.0227185487747192
update step=127 qpos=[0.04065529257059097, 1.6989805698394775, 1.562334418296814, -1.2990366220474243, 0.18068967759609222, 1.3217936754226685, 0.0, 0.05023463815450668, 0.2544935941696167, 0.15842433273792267, 0.14814428985118866, -0.20463481545448303, 0.03171960636973381, 1.0]
pred step=127 action=[[0.07278434932231903, 1.6943788528442383, 1.6055898666381836, -1.4137184619903564, 0.08340230584144592, 1.3871876001358032, -0.16698789596557617, 0.029234543442726135, 0.12552863359451294, 0.10903650522232056, 0.06115032732486725, -0.09686219692230225, 0.037213146686553955, 1.0162936449050903]] left_gripper=-0.16698789596557617 right_gripper=1.0162936449050903
update step=128 qpos=[0.06952883303165436, 1.6947764158248901, 1.5999507904052734, -1.3993223905563354, 0.09567727893590927, 1.3788471221923828, 0.0, 0.03147820755839348, 0.14070762693881989, 0.11457295715808868, 0.07211632281541824, -0.11044967174530029, 0.03652063384652138, 1.0]
pred step=128 action=[[0.10028423368930817, 1.684603214263916, 1.6176695823669434, -1.4589548110961914, 0.03780388832092285, 1.4292329549789429, -0.1568184494972229, 0.011156141757965088, 0.05509370565414429, 0.06915360689163208, 0.024165906012058258, -0.0514070987701416, 0.03787946701049805, 1.0371248722076416]] left_gripper=-0.1568184494972229 right_gripper=1.0371248722076416
update step=129 qpos=[0.09705472737550735, 1.6859475374221802, 1.6151727437973022, -1.4515184164047241, 0.045080188661813736, 1.4228081703186035, 0.0, 0.013416677713394165, 0.06520434468984604, 0.0743047371506691, 0.030160265043377876, -0.0588243193924427, 0.0377119816839695, 1.0]
pred step=129 action=[[0.12716707587242126, 1.6843990087509155, 1.6285350322723389, -1.5226719379425049, -0.0373060405254364, 1.4748061895370483, -0.18857115507125854, -0.005147099494934082, -0.042957425117492676, 0.020920932292938232, -0.01772460713982582, 0.01703062653541565, 0.04592815041542053, 1.0365891456604004]] left_gripper=-0.18857115507125854 right_gripper=1.0365891456604004
update step=130 qpos=[0.12407460063695908, 1.6846553087234497, 1.6265205144882202, -1.5138094425201416, -0.026922807097434998, 1.4681768417358398, 0.0, -0.0031291116029024124, -0.03014463745057583, 0.027037736028432846, -0.011736641637980938, 0.007487623952329159, 0.04488740488886833, 1.0]
pred step=130 action=[[0.1363692432641983, 1.6886329650878906, 1.6284077167510986, -1.5230727195739746, -0.049139946699142456, 1.4765061140060425, -0.17032980918884277, -0.011104688048362732, -0.05416429042816162, 0.012539923191070557, -0.01882559061050415, 0.023596465587615967, 0.04513624310493469, 1.0391710996627808]] left_gripper=-0.17032980918884277 right_gripper=1.0391710996627808
update step=131 qpos=[0.13500933349132538, 1.6882805824279785, 1.6280747652053833, -1.5219119787216187, -0.04634406790137291, 1.4754456281661987, 0.0, -0.010205837897956371, -0.05138595774769783, 0.014368383213877678, -0.017908405512571335, 0.021582309156656265, 0.045106835663318634, 1.0]
pred step=131 action=[[0.1430601179599762, 1.680285096168518, 1.6237776279449463, -1.5215442180633545, -0.04992395639419556, 1.491395115852356, -0.1583801507949829, -0.013605162501335144, -0.06520950794219971, 0.0035766959190368652, -0.021698804572224617, 0.018317490816116333, 0.051594078540802, 1.0532617568969727]] left_gripper=-0.1583801507949829 right_gripper=1.0532617568969727
update step=132 qpos=[0.14217667281627655, 1.681135892868042, 1.6243253946304321, -1.5216299295425415, -0.04948437213897705, 1.4893608093261719, 0.0, -0.0132016371935606, -0.06356468796730042, 0.0048192087560892105, -0.02124009281396866, 0.018738994374871254, 0.050767190754413605, 1.0]
pred step=132 action=[[0.1487424224615097, 1.6932547092437744, 1.6340575218200684, -1.5332057476043701, -0.06725072860717773, 1.5028468370437622, -0.13879388570785522, -0.017935723066329956, -0.08082425594329834, -0.0024587512016296387, -0.02117392234504223, 0.030563682317733765, 0.058677494525909424, 1.0492463111877441]] left_gripper=-0.13879388570785522 right_gripper=1.0492463111877441
update step=133 qpos=[0.14805883169174194, 1.691929578781128, 1.6328049898147583, -1.5317044258117676, -0.06501035392284393, 1.5011258125305176, 0.0, -0.017405183985829353, -0.07879573106765747, -0.0015588612295687199, -0.021174976602196693, 0.02907964214682579, 0.05767054855823517, 1.0]
pred step=133 action=[[0.15836256742477417, 1.6878167390823364, 1.6317481994628906, -1.539062261581421, -0.07802942395210266, 1.5253491401672363, -0.142561137676239, -0.015505209565162659, -0.0956418514251709, -0.010275483131408691, -0.03081698715686798, 0.03572368621826172, 0.06321454048156738, 1.0504560470581055]] left_gripper=-0.142561137676239 right_gripper=1.0504560470581055
update step=134 qpos=[0.15727803111076355, 1.6881587505340576, 1.6319012641906738, -1.5381722450256348, -0.07639985531568527, 1.5222594738006592, 0.0, -0.015744298696517944, -0.0936175212264061, -0.009329707361757755, -0.029621781781315804, 0.03488216921687126, 0.0625084713101387, 1.0]
pred step=134 action=[[0.16791529953479767, 1.684601068496704, 1.6183879375457764, -1.539337158203125, -0.08178085088729858, 1.5145854949951172, -0.1073032021522522, -0.017319396138191223, -0.09154927730560303, -0.007354080677032471, -0.04179917648434639, 0.0361846387386322, 0.05966785550117493, 1.047944188117981]] left_gripper=-0.1073032021522522 right_gripper=1.047944188117981
update step=135 qpos=[0.16677255928516388, 1.6851060390472412, 1.619916558265686, -1.5392515659332275, -0.0811181366443634, 1.5155659914016724, 0.0, -0.01713627204298973, -0.09179430454969406, -0.0076010203920304775, -0.04025240242481232, 0.0360233336687088, 0.06003046780824661, 1.0]
pred step=135 action=[[0.17212322354316711, 1.6938610076904297, 1.6303789615631104, -1.5528881549835205, -0.07938686013221741, 1.5172423124313354, -0.039010822772979736, -0.021001160144805908, -0.09578168392181396, -0.014413177967071533, -0.03570559248328209, 0.026810258626937866, 0.06842383742332458, 1.0539586544036865]] left_gripper=-0.039010822772979736 right_gripper=1.0539586544036865
update step=136 qpos=[0.17152197659015656, 1.6927554607391357, 1.6291180849075317, -1.5511401891708374, -0.0796145498752594, 1.517027735710144, 0.0, -0.02052917331457138, -0.09529945999383926, -0.01362895593047142, -0.036302268505096436, 0.027983378618955612, 0.06735341250896454, 1.0]
pred step=136 action=[[0.17311811447143555, 1.7018113136291504, 1.6153388023376465, -1.5376267433166504, -0.0719643235206604, 1.541972279548645, 0.034871816635131836, -0.01829749345779419, -0.09474766254425049, -0.022787392139434814, -0.02735982835292816, 0.021362483501434326, 0.06654655933380127, 1.0631638765335083]] left_gripper=0.034871816635131836 right_gripper=1.0631638765335083
update step=137 qpos=[0.17291554808616638, 1.7008756399154663, 1.6169673204421997, -1.539333701133728, -0.0729360431432724, 1.53878915309906, 0.03487181663513182, -0.018546614795923233, -0.09480170160531998, -0.02173381671309471, -0.02852475270628929, 0.02219414710998535, 0.06664927303791046, 1.0]
pred step=137 action=[[0.1818145513534546, 1.7025961875915527, 1.6190063953399658, -1.5481581687927246, -0.07555639743804932, 1.5330051183700562, 0.02629721164703369, -0.018092080950737, -0.09904468059539795, -0.020639538764953613, -0.03488297760486603, 0.028097540140151978, 0.06347838044166565, 1.0544047355651855]] left_gripper=0.02629721164703369 right_gripper=1.0544047355651855
update step=138 qpos=[0.1808789074420929, 1.7021381855010986, 1.618850827217102, -1.5470582246780396, -0.07524167746305466, 1.5337443351745605, 0.026297211647033688, -0.01815691404044628, -0.09855697304010391, -0.020726753398776054, -0.034056901931762695, 0.02734970673918724, 0.06388293951749802, 1.0]
pred step=138 action=[[0.1876143515110016, 1.7063500881195068, 1.6123206615447998, -1.554276943206787, -0.07200086116790771, 1.5330836772918701, 0.11761331558227539, -0.017575368285179138, -0.09561002254486084, -0.02047252655029297, -0.036521054804325104, 0.022068321704864502, 0.0634889006614685, 1.0561641454696655]] left_gripper=0.11761331558227539 right_gripper=1.0561641454696655
update step=139 qpos=[0.18686921894550323, 1.7059088945388794, 1.613016963005066, -1.5533981323242188, -0.07242270559072495, 1.5331681966781616, 0.11761331558227539, -0.017632875591516495, -0.09595032781362534, -0.020531119778752327, -0.036217644810676575, 0.022735033184289932, 0.0635385736823082, 1.0]
pred step=139 action=[[0.1928187906742096, 1.7109520435333252, 1.6057028770446777, -1.544276475906372, -0.07209017872810364, 1.5417346954345703, 0.12904906272888184, -0.0172421932220459, -0.09945189952850342, -0.024918973445892334, -0.029202301055192947, 0.026162952184677124, 0.06606703996658325, 1.0482995510101318]] left_gripper=0.12904906272888184 right_gripper=1.0482995510101318
update step=140 qpos=[0.1921686977148056, 1.710344672203064, 1.6066185235977173, -1.5454257726669312, -0.07214237004518509, 1.5406403541564941, 0.12904906272888184, -0.017295269295573235, -0.09904015064239502, -0.024385439231991768, -0.030097242444753647, 0.02572879008948803, 0.06574486941099167, 1.0]
pred step=140 action=[[0.19459331035614014, 1.7100169658660889, 1.5926525592803955, -1.5361454486846924, -0.0652112066745758, 1.550251841545105, 0.23526975512504578, -0.01621849834918976, -0.10043656826019287, -0.03011101484298706, -0.027313247323036194, 0.021315336227416992, 0.06294390559196472, 1.0486021041870117]] left_gripper=0.23526975512504578 right_gripper=1.0486021041870117
update step=141 qpos=[0.19430457055568695, 1.710013747215271, 1.5943562984466553, -1.5373529195785522, -0.0660930797457695, 1.5490258932113647, 0.23526975512504578, -0.016335677355527878, -0.10025656223297119, -0.029473675414919853, -0.027689184993505478, 0.02187088504433632, 0.06330078095197678, 1.0]
pred step=141 action=[[0.19846951961517334, 1.7073272466659546, 1.5794923305511475, -1.5263259410858154, -0.059925585985183716, 1.5557645559310913, 0.29140540957450867, -0.015093311667442322, -0.10167086124420166, -0.033081114292144775, -0.025028258562088013, 0.021650642156600952, 0.06078800559043884, 1.0454646348953247]] left_gripper=0.29140540957450867 right_gripper=1.0454646348953247
update step=142 qpos=[0.19801117479801178, 1.7076146602630615, 1.5813015699386597, -1.5277577638626099, -0.06071498245000839, 1.5549050569534302, 0.29140540957450867, -0.015238368883728981, -0.1015067994594574, -0.03264344856142998, -0.02537001110613346, 0.021675322204828262, 0.06110811233520508, 1.0]
pred step=142 action=[[0.2039148211479187, 1.7021539211273193, 1.5654480457305908, -1.5278074741363525, -0.054723531007766724, 1.5512847900390625, 0.3537668287754059, -0.013872355222702026, -0.10090267658233643, -0.031219661235809326, -0.023388467729091644, 0.022021740674972534, 0.05809706449508667, 1.0433332920074463]] left_gripper=0.3537668287754059 right_gripper=1.0433332920074463
update step=143 qpos=[0.20327021181583405, 1.7027440071105957, 1.5673205852508545, -1.5278751850128174, -0.055493712425231934, 1.5517477989196777, 0.3537668287754059, -0.014033164829015732, -0.10099088400602341, -0.03134303539991379, -0.023624908179044724, 0.02197478525340557, 0.05848071351647377, 1.0]
pred step=143 action=[[0.20315203070640564, 1.68863844871521, 1.5432610511779785, -1.5033328533172607, -0.046102941036224365, 1.5493282079696655, 0.4318084418773651, -0.013578400015830994, -0.09406876564025879, -0.030101656913757324, -0.02624906226992607, 0.017796069383621216, 0.056848227977752686, 1.047811508178711]] left_gripper=0.4318084418773651 right_gripper=1.047811508178711
update step=144 qpos=[0.2031310498714447, 1.6903012990951538, 1.5461928844451904, -1.5065008401870728, -0.0472915954887867, 1.5496370792388916, 0.4318084418773651, -0.013622605241835117, -0.0948752760887146, -0.030291426926851273, -0.02592976577579975, 0.018323030322790146, 0.05705589801073074, 1.0]
pred step=144 action=[[0.20247817039489746, 1.6792187690734863, 1.5260746479034424, -1.4879255294799805, -0.03937584161758423, 1.543619155883789, 0.47113868594169617, -0.012818664312362671, -0.09309947490692139, -0.0303078293800354, -0.030892759561538696, 0.01717054843902588, 0.057704389095306396, 1.0457966327667236]] left_gripper=0.47113868594169617 right_gripper=1.0457966327667236
update step=145 qpos=[0.20253385603427887, 1.6805624961853027, 1.52849280834198, -1.4903289079666138, -0.040377963334321976, 1.5443871021270752, 0.47113868594169617, -0.012910641729831696, -0.09330049902200699, -0.03033006750047207, -0.030270200222730637, 0.017314383760094643, 0.057621486485004425, 1.0]
pred step=145 action=[[0.2008679211139679, 1.6519432067871094, 1.4926140308380127, -1.4593687057495117, -0.029886335134506226, 1.5158737897872925, 0.55406254529953, -0.012789115309715271, -0.0840994119644165, -0.024183213710784912, -0.04090399667620659, 0.011519908905029297, 0.05202847719192505, 1.0554628372192383]] left_gripper=0.55406254529953 right_gripper=1.0554628372192383
update step=146 qpos=[0.20102769136428833, 1.6552737951278687, 1.4969666004180908, -1.46340811252594, -0.0312130656093359, 1.51951265335083, 0.55406254529953, -0.012790480628609657, -0.08518867939710617, -0.024921094998717308, -0.03954886272549629, 0.01225131843239069, 0.052741166204214096, 1.0]
pred step=146 action=[[0.2012573480606079, 1.6432584524154663, 1.4758422374725342, -1.444368600845337, -0.0237882137298584, 1.5069103240966797, 0.5919501781463623, -0.01228506863117218, -0.0792238712310791, -0.021182596683502197, -0.042850084602832794, 0.014656782150268555, 0.04977336525917053, 1.0556367635726929]] left_gripper=0.5919501781463623 right_gripper=1.0556367635726929
update step=147 qpos=[0.20122450590133667, 1.6447957754135132, 1.4783241748809814, -1.446834683418274, -0.024730730801820755, 1.5085169076919556, 0.5919501781463623, -0.012348723597824574, -0.07993148267269135, -0.021622169762849808, -0.042426712810993195, 0.014350996352732182, 0.05015154555439949, 1.0]
pred step=147 action=[[0.19701674580574036, 1.6235721111297607, 1.449312686920166, -1.4212703704833984, -0.023772895336151123, 1.4929801225662231, 0.6028218269348145, -0.011045694351196289, -0.077178955078125, -0.023024141788482666, -0.04810267314314842, 0.011709809303283691, 0.048309147357940674, 1.0554393529891968]] left_gripper=0.6028218269348145 right_gripper=1.0554393529891968
update step=148 qpos=[0.19746433198451996, 1.6260515451431274, 1.4528170824050903, -1.4246004819869995, -0.023886166512966156, 1.4949626922607422, 0.6028218269348143, -0.011192974634468555, -0.07747968286275864, -0.022927843034267426, -0.047405894845724106, 0.012041009031236172, 0.048543620854616165, 1.0]
pred step=148 action=[[0.19257307052612305, 1.5952394008636475, 1.4155960083007812, -1.384934425354004, -0.019645988941192627, 1.4608209133148193, 0.63136887550354, -0.01166050136089325, -0.07455503940582275, -0.021887660026550293, -0.05958159267902374, 0.008503764867782593, 0.04912713170051575, 1.0583161115646362]] left_gripper=0.63136887550354 right_gripper=1.0583161115646362
update step=149 qpos=[0.1930960863828659, 1.5988796949386597, 1.420102834701538, -1.390065312385559, -0.0201752707362175, 1.4651767015457153, 0.63136887550354, -0.011598007753491402, -0.0748869851231575, -0.022054387256503105, -0.058046262711286545, 0.008951682597398758, 0.049052465707063675, 1.0]
pred step=149 action=[[0.18564113974571228, 1.5554388761520386, 1.37265145778656, -1.3428928852081299, -0.016088277101516724, 1.421766757965088, 0.6494136452674866, -0.01127740740776062, -0.07241600751876831, -0.023831307888031006, -0.060300324112176895, 0.010311275720596313, 0.053291499614715576, 1.0601603984832764]] left_gripper=0.6494136452674866 right_gripper=1.0601603984832764
update step=150 qpos=[0.18643948435783386, 1.560536503791809, 1.3783800601959229, -1.3490242958068848, -0.016592586413025856, 1.4273048639297485, 0.6494136452674866, -0.011318360455334187, -0.07270197570323944, -0.023639749735593796, -0.06002543121576309, 0.010139082558453083, 0.05275113508105278, 1.0]
pred step=150 action=[[0.19296607375144958, 1.641356348991394, 1.4483015537261963, -1.3512437343597412, 0.041071295738220215, 1.6344913244247437, 0.9400596618652344, 0.060275547206401825, 0.14969217777252197, 0.08164522051811218, -0.03872857242822647, 0.03374335169792175, -0.01451331377029419, 1.0309667587280273]] left_gripper=0.9400596618652344 right_gripper=1.0309667587280273
update step=151 qpos=[0.19212856888771057, 1.6322826147079468, 1.4400869607925415, -1.3504918813705444, 0.033752549439668655, 1.6014941930770874, 0.9169531975631362, 0.05182132124900818, 0.10628414899110794, 0.07070465385913849, -0.04078838974237442, 0.030618099495768547, -0.005942700896412134, 1.0]
pred step=151 action=[[0.19666802883148193, 1.600511074066162, 1.4052784442901611, -1.3231348991394043, 0.03854814171791077, 1.5799039602279663, 0.9406377673149109, 0.06707708537578583, 0.18602067232131958, 0.08922725915908813, -0.048644453287124634, 0.033169716596603394, -0.013717442750930786, 1.024914026260376]] left_gripper=0.9406377673149109 right_gripper=1.024914026260376
update step=152 qpos=[0.19617944955825806, 1.6037416458129883, 1.4097574949264526, -1.3267290592193604, 0.037935417145490646, 1.5826717615127563, 0.9406377673149109, 0.0652979239821434, 0.17682088911533356, 0.08668007701635361, -0.047759171575307846, 0.03281311318278313, -0.012732043862342834, 1.0]
pred step=152 action=[[0.19733741879463196, 1.567007303237915, 1.3802989721298218, -1.303039789199829, 0.037454694509506226, 1.559525489807129, 0.9569105505943298, 0.07412181794643402, 0.20483911037445068, 0.09852391481399536, -0.06194659322500229, 0.03546306490898132, -0.0197182297706604, 1.0252230167388916]] left_gripper=0.9569105505943298 right_gripper=1.0252230167388916
update step=153 qpos=[0.19721157848834991, 1.5712926387786865, 1.3838251829147339, -1.306177020072937, 0.037512462586164474, 1.5624784231185913, 0.9569105505943297, 0.07308632135391235, 0.20153188705444336, 0.09716544300317764, -0.060124099254608154, 0.03510826453566551, -0.018829239532351494, 1.0]
pred step=153 action=[[0.19230681657791138, 1.5351706743240356, 1.353485345840454, -1.286545753479004, 0.03940582275390625, 1.5139018297195435, 0.9816665649414062, 0.07998569309711456, 0.23299729824066162, 0.10764199495315552, -0.06372751295566559, 0.03448796272277832, -0.021203935146331787, 1.0209293365478516]] left_gripper=0.9816665649414062 right_gripper=1.0209293365478516
update step=154 qpos=[0.19283020496368408, 1.5394423007965088, 1.3570481538772583, -1.289183497428894, 0.03917532041668892, 1.5200984477996826, 0.9816665649414062, 0.07918136566877365, 0.22929678857326508, 0.10640230029821396, -0.06326662003993988, 0.03455089405179024, -0.02090279944241047, 1.0]
pred step=154 action=[[0.18803083896636963, 1.4973781108856201, 1.320490837097168, -1.2635655403137207, 0.03305935859680176, 1.4744441509246826, 1.0009369850158691, 0.08589395880699158, 0.25743573904037476, 0.12077650427818298, -0.07816904783248901, 0.035251736640930176, -0.032026320695877075, 1.0203919410705566]] left_gripper=1.0009369850158691 right_gripper=1.0203919410705566
update step=155 qpos=[0.1885707676410675, 1.5022953748703003, 1.324823260307312, -1.266984462738037, 0.03384288772940636, 1.4802674055099487, 1.0, 0.08511021733283997, 0.25413039326667786, 0.11906249076128006, -0.0762639120221138, 0.035146791487932205, -0.030609499663114548, 1.0]
pred step=155 action=[[0.18518590927124023, 1.4508278369903564, 1.2773911952972412, -1.233180284500122, 0.033519208431243896, 1.4213277101516724, 1.0056641101837158, 0.09406153112649918, 0.28361618518829346, 0.13860398530960083, -0.0850364938378334, 0.035866737365722656, -0.03406023979187012, 1.0200068950653076]] left_gripper=1.0056641101837158 right_gripper=1.0200068950653076
update step=156 qpos=[0.18556399643421173, 1.4568179845809937, 1.2830235958099365, -1.2376792430877686, 0.03356500715017319, 1.4288452863693237, 1.0, 0.09301416575908661, 0.2801247537136078, 0.13636153936386108, -0.08387663960456848, 0.03575562685728073, -0.03362239524722099, 1.0]
pred step=156 action=[[0.17616474628448486, 1.3802924156188965, 1.2080446481704712, -1.1694529056549072, 0.0322796106338501, 1.3475701808929443, 1.0236598253250122, 0.10918209701776505, 0.31807100772857666, 0.15255725383758545, -0.10031572729349136, 0.04448100924491882, -0.04027113318443298, 1.016648769378662]] left_gripper=1.0236598253250122 right_gripper=1.016648769378662
update step=157 qpos=[0.17720186710357666, 1.3891468048095703, 1.2170557975769043, -1.1783872842788696, 0.032460007816553116, 1.357936978340149, 1.0, 0.10727325826883316, 0.31365492939949036, 0.15054088830947876, -0.09823905676603317, 0.04334133863449097, -0.039426177740097046, 1.0]
pred step=157 action=[[0.17237678170204163, 1.3310070037841797, 1.164656162261963, -1.1347718238830566, 0.02436777949333191, 1.2987991571426392, 1.0105180740356445, 0.11281339824199677, 0.3403104543685913, 0.1713235080242157, -0.11757319420576096, 0.04769125580787659, -0.055004894733428955, 1.0174403190612793]] left_gripper=1.0105180740356445 right_gripper=1.0174403190612793
update step=158 qpos=[0.17294056713581085, 1.3377755880355835, 1.1708661317825317, -1.1405247449874878, 0.025400768965482712, 1.3063400983810425, 1.0, 0.11216177046298981, 0.33716121315956116, 0.16891440749168396, -0.11507072299718857, 0.04712727293372154, -0.053020037710666656, 1.0]
pred step=158 action=[[0.16496698558330536, 1.2609742879867554, 1.097135305404663, -1.0734951496124268, 0.019657433032989502, 1.2255464792251587, 1.0283644199371338, 0.12249378859996796, 0.3656504154205322, 0.18707126379013062, -0.12468773871660233, 0.04221329092979431, -0.05061647295951843, 1.0174012184143066]] left_gripper=1.0283644199371338 right_gripper=1.0174012184143066
update step=159 qpos=[0.16588008403778076, 1.2698217630386353, 1.1059684753417969, -1.082277536392212, 0.020399123430252075, 1.2358511686325073, 1.0, 0.12129644304513931, 0.3623107671737671, 0.18493181467056274, -0.12343689799308777, 0.04281160235404968, -0.05092605948448181, 1.0]
pred step=159 action=[[0.1544080525636673, 1.1710600852966309, 1.022261142730713, -1.007727861404419, 0.011155575513839722, 1.1478724479675293, 1.0291411876678467, 0.1327154040336609, 0.3980821967124939, 0.21440398693084717, -0.15651170909404755, 0.04578137397766113, -0.07058966159820557, 1.0212310552597046]] left_gripper=1.0291411876678467 right_gripper=1.0212310552597046
update step=160 qpos=[0.15572957694530487, 1.1822806596755981, 1.0323785543441772, -1.0175126791000366, 0.012350144796073437, 1.1590938568115234, 1.0, 0.1313796490430832, 0.39389175176620483, 0.21089398860931396, -0.1522648185491562, 0.04537688195705414, -0.06808490306138992, 1.0]
pred step=160 action=[[0.14098899066448212, 1.0343880653381348, 0.9010111689567566, -0.9042619466781616, 0.00038740038871765137, 1.0172719955444336, 1.0169509649276733, 0.1431700736284256, 0.41679972410202026, 0.2433592975139618, -0.17061936855316162, 0.055788397789001465, -0.07717296481132507, 1.0029369592666626]] left_gripper=1.0169509649276733 right_gripper=1.0029369592666626
update step=161 qpos=[0.14271728694438934, 1.0511268377304077, 0.9168832898139954, -0.9191203713417053, 0.0019318897975608706, 1.0353609323501587, 1.0, 0.14177168905735016, 0.41406381130218506, 0.23966184258460999, -0.16818498075008392, 0.05444463714957237, -0.07601700723171234, 1.0]
pred step=161 action=[[0.13466252386569977, 1.0345900058746338, 0.8939064741134644, -0.8848395943641663, 0.004927635192871094, 1.0043116807937622, 1.0317970514297485, 0.14569957554340363, 0.4390147626399994, 0.2534593939781189, -0.18532180786132812, 0.048476457595825195, -0.0833158791065216, 1.0188504457473755]] left_gripper=1.0317970514297485 right_gripper=1.0188504457473755
update step=162 qpos=[0.1355883926153183, 1.0366795063018799, 0.896537721157074, -0.8892472386360168, 0.004561048466712236, 1.0082658529281616, 1.0, 0.14525826275348663, 0.43617746233940125, 0.25164759159088135, -0.1831713616847992, 0.049220286309719086, -0.08238741755485535, 1.0]
pred step=162 action=[[0.12767650187015533, 0.9326597452163696, 0.7971251010894775, -0.8089573383331299, 0.0011532902717590332, 0.9024293422698975, 1.021614670753479, 0.15256455540657043, 0.4545268416404724, 0.27390256524086, -0.19193890690803528, 0.057959020137786865, -0.09024976193904877, 0.9963205456733704]] left_gripper=1.021614670753479 right_gripper=0.9963205456733704
update step=163 qpos=[0.12862394750118256, 0.9444579482078552, 0.8090624809265137, -0.8194952011108398, 0.0015974185662344098, 0.9159286022186279, 1.0, 0.15169338881969452, 0.45232707262039185, 0.2714182138442993, -0.1907396912574768, 0.05683648958802223, -0.0892486721277237, 0.9963205456733704]
pred step=163 action=[[0.10613511502742767, 0.7873218655586243, 0.6698122024536133, -0.6768733859062195, -0.004642486572265625, 0.7775206565856934, 1.0280590057373047, 0.15749718248844147, 0.4889349341392517, 0.30603235960006714, -0.22330734133720398, 0.05850216746330261, -0.1141338050365448, 0.9809569716453552]] left_gripper=1.0280590057373047 right_gripper=0.9809569716453552
update step=164 qpos=[0.10879103094339371, 0.8051415681838989, 0.6867647171020508, -0.6953569054603577, -0.0038127677980810404, 0.7951723337173462, 1.0, 0.1568237543106079, 0.48466965556144714, 0.30190759897232056, -0.2191077619791031, 0.058274880051612854, -0.11096309870481491, 0.9809569716453552]
pred step=164 action=[[0.1005449891090393, 0.7206339240074158, 0.6045138835906982, -0.6270320415496826, 0.0019015073776245117, 0.6998016834259033, 1.0156711339950562, 0.15629027783870697, 0.4656200110912323, 0.31444376707077026, -0.21266628801822662, 0.062392234802246094, -0.10451768338680267, 0.9729294180870056]] left_gripper=1.0156711339950562 right_gripper=0.9729294180870056
update step=165 qpos=[0.10152102261781693, 0.7303493022918701, 0.6142564415931702, -0.635962724685669, 0.0011889412999153137, 0.7119594812393188, 1.0, 0.1563425362110138, 0.4677679240703583, 0.31317293643951416, -0.21339701116085052, 0.0618751086294651, -0.10533982515335083, 0.9729294180870056]
pred step=165 action=[[0.09125488996505737, 0.6625614762306213, 0.5444671511650085, -0.5631005764007568, -0.003341972827911377, 0.6698132753372192, 1.0155198574066162, 0.17439524829387665, 0.5258904695510864, 0.34882214665412903, -0.2390921264886856, 0.062384992837905884, -0.10888156294822693, 0.9723427891731262]] left_gripper=1.0155198574066162 right_gripper=0.9723427891731262
update step=166 qpos=[0.09248007088899612, 0.6703678369522095, 0.5528440475463867, -0.5725169777870178, -0.0027536207344383, 0.6751856207847595, 1.0, 0.17228640615940094, 0.5192020535469055, 0.34446272253990173, -0.2357894480228424, 0.062276892364025116, -0.10843411087989807, 0.9723427891731262]
pred step=166 action=[[0.08264152705669403, 0.5586479902267456, 0.4657425880432129, -0.47939378023147583, -0.000576019287109375, 0.5477486848831177, 1.0202194452285767, 0.16338498890399933, 0.49578800797462463, 0.34834912419319153, -0.23259437084197998, 0.06515374779701233, -0.1169680505990982, 0.9412491321563721]] left_gripper=1.0202194452285767 right_gripper=0.9412491321563721
update step=167 qpos=[0.08382587879896164, 0.5714381337165833, 0.47637397050857544, -0.4913836419582367, -0.0008460012613795698, 0.563997745513916, 1.0, 0.1644226312637329, 0.49844029545783997, 0.3480643928050995, -0.23294509947299957, 0.06481125205755234, -0.11587774753570557, 0.9412491321563721]
pred step=167 action=[[0.07078713178634644, 0.4724116325378418, 0.3883817195892334, -0.3987956941127777, -0.0031763315200805664, 0.44389981031417847, 1.0083740949630737, 0.1666075736284256, 0.5291544198989868, 0.3744896650314331, -0.26060470938682556, 0.06245380640029907, -0.12815111875534058, 0.9457278847694397]] left_gripper=1.0083740949630737 right_gripper=0.9457278847694397
update step=168 qpos=[0.07235453277826309, 0.4838709831237793, 0.3989194333553314, -0.4107397496700287, -0.0028686870355159044, 0.4592092037200928, 1.0, 0.16636143624782562, 0.5256275534629822, 0.3712490200996399, -0.2570624053478241, 0.06274400651454926, -0.1265878528356552, 0.9457278847694397]
pred step=168 action=[[0.053626060485839844, 0.34004029631614685, 0.26846742630004883, -0.2843043804168701, -0.005222588777542114, 0.3343566954135895, 1.0048493146896362, 0.1618655025959015, 0.5265253782272339, 0.3831340968608856, -0.256326287984848, 0.05639919638633728, -0.1285143941640854, 0.9246395826339722]] left_gripper=1.0048493146896362 right_gripper=0.9246395826339722
update step=169 qpos=[0.05585967376828194, 0.35673612356185913, 0.28407996892929077, -0.30060890316963196, -0.004903129767626524, 0.350273460149765, 1.0, 0.16240745782852173, 0.5263851881027222, 0.3818401098251343, -0.2563633918762207, 0.05721158906817436, -0.12826856970787048, 0.9246395826339722]
pred step=169 action=[[0.0409364178776741, 0.24387741088867188, 0.19488310813903809, -0.20131468772888184, -0.01605546474456787, 0.25798675417900085, 1.006687879562378, 0.16089415550231934, 0.5233326554298401, 0.388333797454834, -0.2614123523235321, 0.053116172552108765, -0.12933678925037384, 0.907219648361206]] left_gripper=1.006687879562378 right_gripper=0.907219648361206
update step=170 qpos=[0.04273112490773201, 0.25694069266319275, 0.20581328868865967, -0.21398843824863434, -0.014631018973886967, 0.2697482705116272, 1.0, 0.16108056902885437, 0.5236999988555908, 0.38753387331962585, -0.2607652246952057, 0.05363694205880165, -0.12920065224170685, 0.907219648361206]
pred step=170 action=[[0.0353892520070076, 0.22388190031051636, 0.17802682518959045, -0.1828082948923111, -0.012699007987976074, 0.22526784241199493, 1.0110081434249878, 0.15445522964000702, 0.49725306034088135, 0.3726796805858612, -0.26579591631889343, 0.0511704683303833, -0.1342548131942749, 0.9237076044082642]] left_gripper=1.0110081434249878 right_gripper=0.9237076044082642
update step=171 qpos=[0.036253921687603, 0.22770226001739502, 0.18143434822559357, -0.186778724193573, -0.012935143895447254, 0.23093527555465698, 1.0, 0.15523433685302734, 0.5003458857536316, 0.3743167519569397, -0.26522836089134216, 0.05149765685200691, -0.13360939919948578, 0.9237076044082642]
pred step=171 action=[[0.018279075622558594, 0.08433753252029419, 0.06337222456932068, -0.06817670166492462, -0.01767483353614807, 0.10340872406959534, 1.0073117017745972, 0.1509859412908554, 0.5059619545936584, 0.3847495913505554, -0.26929423213005066, 0.04254594445228577, -0.1369675099849701, 0.9028478860855103]] left_gripper=1.0073117017745972 right_gripper=0.9028478860855103
update step=172 qpos=[0.02042044885456562, 0.10119523108005524, 0.07742693275213242, -0.08340825140476227, -0.017058242112398148, 0.11966715008020401, 1.0, 0.1515040248632431, 0.5052597522735596, 0.38361337780952454, -0.26872682571411133, 0.04368721693754196, -0.13653907179832458, 0.9028478860855103]
pred step=172 action=[[0.02006526291370392, 0.11091941595077515, 0.07708734273910522, -0.08517255634069443, -0.017307788133621216, 0.11345478892326355, 0.9986385703086853, 0.1522272378206253, 0.5089606642723083, 0.38740259408950806, -0.28693872690200806, 0.05201372504234314, -0.14739744365215302, 0.9155459403991699]] left_gripper=0.9986385703086853 right_gripper=0.9155459403991699
update step=173 qpos=[0.020106056705117226, 0.10967107862234116, 0.07730591297149658, -0.08489514887332916, -0.017276925966143608, 0.11424045264720917, 0.9986385703086853, 0.15212544798851013, 0.5085722804069519, 0.3868204355239868, -0.2846550941467285, 0.05095692723989487, -0.14601311087608337, 0.9155459403991699]
pred step=173 action=[[0.009458072483539581, 0.02146834135055542, 0.009134113788604736, -0.0218251571059227, -0.014839082956314087, 0.04149329662322998, 1.0102425813674927, 0.14285776019096375, 0.47972387075424194, 0.3695251941680908, -0.25745731592178345, 0.04369184374809265, -0.1402391642332077, 0.8940179347991943]] left_gripper=1.0102425813674927 right_gripper=0.8940179347991943
update step=174 qpos=[0.010713535360991955, 0.031906891614198685, 0.017196543514728546, -0.029932787641882896, -0.015135887078940868, 0.05076882615685463, 1.0, 0.14395542442798615, 0.4830280542373657, 0.3717033565044403, -0.26091721653938293, 0.04463440552353859, -0.14097397029399872, 0.8940179347991943]
pred step=174 action=[[0.005255855619907379, 0.010008454322814941, 0.00118333101272583, -0.013808883726596832, -0.017105937004089355, 0.03877228498458862, 1.0152393579483032, 0.14832383394241333, 0.5143392086029053, 0.38839495182037354, -0.2679370045661926, 0.039781391620635986, -0.1352219432592392, 0.8889087438583374]] left_gripper=1.0152393579483032 right_gripper=0.8889087438583374
update step=175 qpos=[0.005900099407881498, 0.012535115703940392, 0.003215168137103319, -0.015833666548132896, -0.0168474018573761, 0.040298495441675186, 1.0, 0.1478230208158493, 0.5107259154319763, 0.3864021599292755, -0.26700735092163086, 0.040384482592344284, -0.13595633208751678, 0.8889087438583374]
pred step=175 action=[[0.004656679928302765, -0.004182577133178711, -0.009303092956542969, -0.0033285170793533325, -0.014885127544403076, 0.025093257427215576, 1.019693374633789, 0.1438782662153244, 0.4878975749015808, 0.3701015114784241, -0.252977192401886, 0.039558589458465576, -0.1334340125322342, 0.877812385559082]] left_gripper=1.019693374633789 right_gripper=0.877812385559082
update step=176 qpos=[0.004799678921699524, -0.00221197959035635, -0.007801498752087355, -0.004925845190882683, -0.015132627449929714, 0.02703140676021576, 1.0, 0.14434030652046204, 0.4905448853969574, 0.37204447388648987, -0.2547946274280548, 0.03967277705669403, -0.13375450670719147, 0.877812385559082]
pred step=176 action=[[0.002765551209449768, -0.023261725902557373, -0.023611903190612793, 0.017579808831214905, -0.016169071197509766, 0.016075044870376587, 1.0186737775802612, 0.13357652723789215, 0.4622034728527069, 0.3582269549369812, -0.2505428194999695, 0.032343924045562744, -0.13743144273757935, 0.8912109136581421]] left_gripper=1.0186737775802612 right_gripper=0.8912109136581421
update step=177 qpos=[0.0030073951929807663, -0.020787466317415237, -0.021686293184757233, 0.014717002399265766, -0.0160352885723114, 0.01747116819024086, 1.0, 0.13485099375247955, 0.4654650092124939, 0.3598765432834625, -0.25111135840415955, 0.033295731991529465, -0.13696074485778809, 0.8912109136581421]
pred step=177 action=[[-0.0005748867988586426, -0.045659422874450684, -0.03780174255371094, 0.02732090651988983, -0.014102250337600708, -0.0019080042839050293, 1.0256786346435547, 0.13050733506679535, 0.437103271484375, 0.34023597836494446, -0.2340882271528244, 0.03204178810119629, -0.12523745000362396, 0.884520947933197]] left_gripper=1.0256786346435547 right_gripper=0.884520947933197
update step=178 qpos=[-0.00015642524522263557, -0.04271130636334419, -0.0358976274728775, 0.025704234838485718, -0.014341827481985092, 0.0005625459598377347, 1.0, 0.13101278245449066, 0.4403902292251587, 0.3425656855106354, -0.23629260063171387, 0.03221208602190018, -0.12673163414001465, 0.884520947933197]
pred step=178 action=[[-0.0017999187111854553, -0.03400486707687378, -0.03311944007873535, 0.015890970826148987, -0.01500171422958374, 0.0009738504886627197, 1.0166349411010742, 0.13764996826648712, 0.4653070271015167, 0.3563935458660126, -0.24907593429088593, 0.035313695669174194, -0.1267646849155426, 0.887184739112854]] left_gripper=1.0166349411010742 right_gripper=0.887184739112854
update step=179 qpos=[-0.0016060381894931197, -0.035032279789447784, -0.033479370176792145, 0.01713031344115734, -0.01491477619856596, 0.000920624181162566, 1.0, 0.13686613738536835, 0.46241146326065063, 0.3547442853450775, -0.24742341041564941, 0.034906163811683655, -0.1267610341310501, 0.887184739112854]
pred step=179 action=[[-0.002549506723880768, -0.04061490297317505, -0.03452855348587036, 0.023317962884902954, -0.014105468988418579, 0.0037038326263427734, 1.0232338905334473, 0.13219588994979858, 0.4516127407550812, 0.35002508759498596, -0.24524977803230286, 0.03046002984046936, -0.13114693760871887, 0.8874965310096741]] left_gripper=1.0232338905334473 right_gripper=0.8874965310096741
update step=180 qpos=[-0.002441197168081999, -0.03997613862156868, -0.034332580864429474, 0.02255275659263134, -0.014205526560544968, 0.0033491153735667467, 1.0, 0.1327541470527649, 0.45285671949386597, 0.35060641169548035, -0.24553172290325165, 0.031032612547278404, -0.13058701157569885, 0.8874965310096741]
pred step=180 action=[[-0.0026219263672828674, -0.042910099029541016, -0.035224735736846924, 0.031818047165870667, -0.011435151100158691, -0.015722811222076416, 1.0278491973876953, 0.13380463421344757, 0.4521162211894989, 0.3528178930282593, -0.24186255037784576, 0.030125588178634644, -0.12824717164039612, 0.8880420923233032]] left_gripper=1.0278491973876953 right_gripper=0.8880420923233032
update step=181 qpos=[-0.002604285255074501, -0.042576491832733154, -0.03508158028125763, 0.03065156377851963, -0.011787045747041702, -0.013290953822433949, 1.0, 0.1336827129125595, 0.4521864354610443, 0.3525998294353485, -0.24231106042861938, 0.03023814782500267, -0.1285458654165268, 0.8880420923233032]
pred step=181 action=[[-0.007721744477748871, -0.08076095581054688, -0.06430035829544067, 0.047627612948417664, -0.011424392461776733, -0.021445482969284058, 1.0224436521530151, 0.11825268715620041, 0.3961150050163269, 0.31879884004592896, -0.2268671840429306, 0.03355264663696289, -0.12099474668502808, 0.8946851491928101]] left_gripper=1.0224436521530151 right_gripper=0.8946851491928101
update step=182 qpos=[-0.007120647933334112, -0.07610468566417694, -0.036012791097164154, 0.04556172341108322, -0.011460443027317524, -0.020406397059559822, 1.0, 0.12004643678665161, 0.40262630581855774, 0.3227621018886566, -0.22891458868980408, 0.03317103162407875, -0.12195441126823425, 0.89468514919281]
pred step=182 action=[[-0.009619094431400299, -0.04868447780609131, -0.045700013637542725, 0.04218535125255585, 0.0016364455223083496, -0.02933230996131897, 1.026196002960205, 0.12646427750587463, 0.4255979061126709, 0.3348260521888733, -0.21948647499084473, 0.03246316313743591, -0.11790253221988678, 0.8787514567375183]] left_gripper=1.026196002960205 right_gripper=0.8787514567375183
update step=183 qpos=[-0.009351060725748539, -0.052301108837127686, -0.03631695359945297, 0.04250491410493851, -1.5081157471286133e-05, -0.02819366566836834, 1.0, 0.12571172416210175, 0.4228825867176056, 0.3335261344909668, -0.22062116861343384, 0.032539647072553635, -0.11841978132724762, 0.8787514567375183]
pred step=183 action=[[-0.0063177719712257385, -0.06926017999649048, -0.05475825071334839, 0.046234264969825745, -0.0076291561126708984, -0.019935011863708496, 1.0294532775878906, 0.12314015626907349, 0.41039639711380005, 0.32223471999168396, -0.21870267391204834, 0.03289535641670227, -0.11438633501529694, 0.881740152835846]] left_gripper=1.0294532775878906 right_gripper=0.881740152835846
update step=184 qpos=[-0.006659747567027807, -0.06712734699249268, -0.036185700446367264, 0.0458289198577404, -0.006670910399407148, -0.020989082753658295, 1.0, 0.12343992292881012, 0.4118891656398773, 0.32347604632377625, -0.21899685263633728, 0.03285638615489006, -0.11490006744861603, 0.881740152835846]
pred step=184 action=[[-0.006701014935970306, -0.07158106565475464, -0.058136165142059326, 0.043467551469802856, -0.00913587212562561, -0.024426758289337158, 1.0200231075286865, 0.1205490306019783, 0.4077526926994324, 0.3235543668270111, -0.22937488555908203, 0.0302484929561615, -0.13078506290912628, 0.8911577463150024]] left_gripper=1.0200231075286865 right_gripper=0.8911577463150024
update step=185 qpos=[-0.006689048837870359, -0.07083065062761307, -0.03613966330885887, 0.04377835988998413, -0.008825339376926422, -0.023988235741853714, 1.0, 0.12089626491069794, 0.40821632742881775, 0.3235411047935486, -0.22805796563625336, 0.03058309480547905, -0.12875902652740479, 0.8911577463150024]
pred step=185 action=[[-0.009720072150230408, -0.07693415880203247, -0.06384581327438354, 0.049238696694374084, -0.0032712221145629883, -0.03217753767967224, 1.0217458009719849, 0.11540472507476807, 0.385090708732605, 0.31342872977256775, -0.2160557210445404, 0.035229653120040894, -0.11535608768463135, 0.8779952526092529]] left_gripper=1.0217458009719849 right_gripper=0.8779952526092529
update step=186 qpos=[-0.009373070672154427, -0.07593726366758347, -0.03601180016994476, 0.0484880656003952, -0.003968125209212303, -0.031133072450757027, 1.0, 0.11603301018476486, 0.3877497613430023, 0.3146993815898895, -0.21758107841014862, 0.03465665131807327, -0.1170644760131836, 0.8779952526092529]
pred step=186 action=[[-0.011046484112739563, -0.10434740781784058, -0.082461416721344, 0.05657969415187836, -0.00554463267326355, -0.026176273822784424, 1.0282630920410156, 0.10741175711154938, 0.3650885820388794, 0.29247531294822693, -0.19459795951843262, 0.03221374750137329, -0.10758686065673828, 0.8832722306251526]] left_gripper=1.0282630920410156 right_gripper=0.8832722306251526
update step=187 qpos=[-0.010847195982933044, -0.10073480010032654, -0.03565213829278946, 0.055623725056648254, -0.005340878386050463, -0.026808572933077812, 1.0, 0.10842294991016388, 0.36775436997413635, 0.2950584292411804, -0.19757576286792755, 0.03254363685846329, -0.10879325866699219, 0.8832722306251526]
pred step=187 action=[[-0.011118985712528229, -0.08844822645187378, -0.07356429100036621, 0.05537717044353485, -0.0003464818000793457, -0.026387453079223633, 1.0209628343582153, 0.11316686868667603, 0.40163910388946533, 0.31777116656303406, -0.21937741339206696, 0.03317919373512268, -0.12471631169319153, 0.8785374164581299]] left_gripper=1.0209628343582153 right_gripper=0.8785374164581299
update step=188 qpos=[-0.011096552014350891, -0.09106839448213577, -0.035767268389463425, 0.05536096915602684, -0.0009773789206519723, -0.02644057385623455, 1.0, 0.1126130074262619, 0.39766427874565125, 0.3151187002658844, -0.21655026078224182, 0.03308623284101486, -0.12268635630607605, 0.8785374164581299]
pred step=188 action=[[-0.012092351913452148, -0.09590107202529907, -0.07406973838806152, 0.061998650431632996, -0.0002783536911010742, -0.029903531074523926, 1.0317661762237549, 0.10169176757335663, 0.3449208736419678, 0.27637234330177307, -0.1823721081018448, 0.025573432445526123, -0.09583193063735962, 0.8824551105499268]] left_gripper=1.0317661762237549 right_gripper=0.8824551105499268
update step=189 qpos=[-0.01197541318833828, -0.09499633312225342, -0.035726986825466156, 0.06111939251422882, -0.00036481497227214277, -0.029461907222867012, 1.0, 0.10298006981611252, 0.3510701656341553, 0.28096845746040344, -0.18679118156433105, 0.026552006602287292, -0.09925530850887299, 0.8824551105499266]
pred step=189 action=[[-0.010808415710926056, -0.10407042503356934, -0.08052563667297363, 0.06206737458705902, -0.0039972662925720215, -0.03431767225265503, 1.0332787036895752, 0.09600500017404556, 0.3370373845100403, 0.2696910500526428, -0.1833270788192749, 0.027388274669647217, -0.10386405885219574, 0.8937571048736572]] left_gripper=1.0332787036895752 right_gripper=0.8937571048736572
update step=190 qpos=[-0.010936717502772808, -0.10268700867891312, -0.0356166735291481, 0.061923377215862274, -0.0035411622375249863, -0.03369909152388573, 1.0, 0.09681899100542068, 0.33865970373153687, 0.27101895213127136, -0.18378880620002747, 0.027297386899590492, -0.10327383875846863, 0.8937571048736572]
pred step=190 action=[[-0.014181442558765411, -0.11347752809524536, -0.09243088960647583, 0.05864328145980835, -0.0004051327705383301, -0.021581202745437622, 1.020603895187378, 0.09298966079950333, 0.3306182026863098, 0.26449576020240784, -0.17222803831100464, 0.029601097106933594, -0.09804828464984894, 0.8812429904937744]] left_gripper=1.020603895187378 right_gripper=0.8812429904937744
update step=191 qpos=[-0.013806144706904888, -0.1119074672460556, -0.03548019006848335, 0.059042707085609436, -0.0007939654169604182, -0.023125983774662018, 1.0, 0.09343069046735764, 0.33153384923934937, 0.26532885432243347, -0.17369191348552704, 0.029319344088435173, -0.0987139344215393, 0.8812429904937744]
pred step=191 action=[[-0.01489412784576416, -0.11079305410385132, -0.0903862714767456, 0.07014866173267365, 0.005092114210128784, -0.03302884101867676, 1.0244238376617432, 0.09188865125179291, 0.3170846104621887, 0.2572174668312073, -0.1627475917339325, 0.024513155221939087, -0.09865903854370117, 0.8840557336807251]] left_gripper=1.0244238376617432 right_gripper=0.8840557336807251
update step=192 qpos=[-0.014777191914618015, -0.1118888333439827, -0.03551919013261795, 0.06872037798166275, 0.004349485505372286, -0.03176524117588997, 1.0, 0.09207873791456223, 0.3187597095966339, 0.2582106292247772, -0.1641424596309662, 0.025124790146946907, -0.09866567701101303, 0.8840557336807251]
pred step=192 action=[[-0.014131709933280945, -0.12196511030197144, -0.0914379358291626, 0.060997456312179565, -0.0020919740200042725, -0.03481528162956238, 1.0201555490493774, 0.08893197774887085, 0.30662840604782104, 0.24798902869224548, -0.1675824075937271, 0.03071323037147522, -0.09691691398620605, 0.8849002122879028]] left_gripper=1.0201555490493774 right_gripper=0.8849002122879028
update step=193 qpos=[-0.014193497598171234, -0.12046652287244797, -0.035350944846868515, 0.061946019530296326, -0.0012793774949386716, -0.03442740440368652, 1.0, 0.08928747475147247, 0.30807414650917053, 0.2491007149219513, -0.16719138622283936, 0.030013449490070343, -0.09713917225599289, 0.8849002122879028]
pred step=193 action=[[-0.014949627220630646, -0.13174086809158325, -0.09326106309890747, 0.07070960104465485, -0.004482060670852661, -0.045435309410095215, 1.0305219888687134, 0.08216017484664917, 0.2610335946083069, 0.21009963750839233, -0.1408318430185318, 0.02486678957939148, -0.07388833165168762, 0.9007700681686401]] left_gripper=1.0305219888687134 right_gripper=0.9007700681686401
update step=194 qpos=[-0.014851357787847519, -0.13016711175441742, -0.0351964496076107, 0.06962152570486069, -0.00407774094492197, -0.04403213784098625, 1.0, 0.08299931138753891, 0.2665417492389679, 0.2146853506565094, -0.14426113665103912, 0.025537149980664253, -0.07685201615095139, 0.9007700681686401]
pred step=194 action=[[-0.015477150678634644, -0.12262082099914551, -0.09228163957595825, 0.06888933479785919, -0.0006290674209594727, -0.039008885622024536, 1.0293822288513184, 0.07973380386829376, 0.25911766290664673, 0.21230211853981018, -0.12932263314723969, 0.023057520389556885, -0.0708254873752594, 0.8968656063079834]] left_gripper=1.0293822288513184 right_gripper=0.8968656063079834
update step=195 qpos=[-0.015409586019814014, -0.12492508441209793, -0.03582879900932312, 0.06894782930612564, -0.0010635729413479567, -0.03964962065219879, 1.0, 0.08011936396360397, 0.2599075734615326, 0.2127709537744522, -0.13116902112960815, 0.023379063233733177, -0.07159220427274704, 0.8968656063079834]
pred step=195 action=[[-0.015356078743934631, -0.1183357834815979, -0.0888243317604065, 0.0717453807592392, 0.004690259695053101, -0.037155747413635254, 1.036479115486145, 0.07644790410995483, 0.25755417346954346, 0.20141321420669556, -0.11452999711036682, 0.014334529638290405, -0.0642487108707428, 0.895322322845459]] left_gripper=1.036479115486145 right_gripper=0.895322322845459
update step=196 qpos=[-0.015373414382338524, -0.1205422580242157, -0.03586547076702118, 0.07133413106203079, 0.0039634015411138535, -0.037473127245903015, 1.0, 0.07689598947763443, 0.2578662931919098, 0.20269140601158142, -0.11668562144041061, 0.015486407093703747, -0.0651848167181015, 0.895322322845459]
pred step=196 action=[[-0.014928705990314484, -0.12600278854370117, -0.0902320146560669, 0.0677437037229538, -0.0013242661952972412, -0.04363676905632019, 1.0320745706558228, 0.07056370377540588, 0.2261413335800171, 0.18150070309638977, -0.10979283601045609, 0.018617689609527588, -0.057441890239715576, 0.9044374227523804]] left_gripper=1.0320745706558228 right_gripper=0.9044374227523804
update step=197 qpos=[-0.014968340285122395, -0.12514956295490265, -0.03583351522684097, 0.06819788366556168, -0.0006573955179192126, -0.04285118356347084, 1.0, 0.07129635661840439, 0.22986015677452087, 0.18398559093475342, -0.1107075959444046, 0.018236255273222923, -0.05842771381139755, 0.9044374227523804]
pred step=197 action=[[-0.014441072940826416, -0.15906286239624023, -0.11862343549728394, 0.06295788288116455, -0.012627661228179932, -0.04890012741088867, 1.0122897624969482, 0.05821595340967178, 0.18437927961349487, 0.1577572226524353, -0.1151261106133461, 0.02898964285850525, -0.06281647086143494, 0.914589524269104]] left_gripper=1.0122897624969482 right_gripper=0.914589524269104
update step=198 qpos=[-0.014476901851594448, -0.15491630136966705, -0.03580322116613388, 0.06370528787374496, -0.011117133311927319, -0.04812996834516525, 1.0, 0.059724707156419754, 0.1897241622209549, 0.160783052444458, -0.11462382227182388, 0.027658788487315178, -0.06225394457578659, 0.914589524269104]
pred step=198 action=[[-0.015337489545345306, -0.150657057762146, -0.10974407196044922, 0.06683038175106049, -0.007121652364730835, -0.04403260350227356, 1.02266526222229, 0.05691467225551605, 0.17795032262802124, 0.1479358971118927, -0.09808661043643951, 0.01953798532485962, -0.052288562059402466, 0.9155912399291992]] left_gripper=1.02266526222229 right_gripper=0.9155912399291992
update step=199 qpos=[-0.015242393128573895, -0.15262693166732788, -0.03585536405444145, 0.06639403104782104, -0.007625282742083073, -0.04455503821372986, 1.0, 0.05725666135549545, 0.1793002337217331, 0.14952953159809113, -0.10018990188837051, 0.02057296596467495, -0.05355939641594887, 0.9155912399291992]
pred step=199 action=[[-0.015314750373363495, -0.16657984256744385, -0.12196946144104004, 0.06351754069328308, -0.012945950031280518, -0.05062559247016907, 1.017822265625, 0.047768279910087585, 0.14266473054885864, 0.12151297926902771, -0.0831562951207161, 0.01978251338005066, -0.04454749822616577, 0.9227365255355835]] left_gripper=1.017822265625 right_gripper=0.9227365255355835
update step=200 qpos=[-0.015293260104954243, -0.1647355854511261, -0.03581521660089493, 0.06390587240457535, -0.012274024076759815, -0.04985175281763077, 1.0, 0.04887981340289116, 0.1469871550798416, 0.12478505820035934, -0.08537440747022629, 0.019903359934687614, -0.04569478705525398, 0.9227365255355836]
pred step=200 action=[[0.0022225230932235718, -0.03538715839385986, -0.0028238296508789062, 0.021499335765838623, -0.020572423934936523, 0.011062294244766235, 0.9944482445716858, 0.11575902998447418, 0.26207661628723145, 0.20312711596488953, -0.13633286952972412, -0.0006267130374908447, -0.1297519952058792, 0.9991720914840698]] left_gripper=0.9944482445716858 right_gripper=0.9991720914840698
update step=201 qpos=[0.00017131507047452033, -0.05059586092829704, -0.0070485929027199745, 0.026768341660499573, -0.019549457356333733, 0.0032945882994681597, 0.9944482445716858, 0.10797098278999329, 0.24840205907821655, 0.19417732954025269, -0.12964977324008942, 0.001826925901696086, -0.11904361099004745, 0.9991720914840697]
pred step=201 action=[[0.0011063739657402039, -0.03943014144897461, -0.006246745586395264, 0.02307896316051483, -0.027095288038253784, 0.017533093690872192, 0.9975821375846863, 0.13458240032196045, 0.3383605480194092, 0.252445787191391, -0.16460049152374268, -0.004269272089004517, -0.15852494537830353, 1.0124064683914185]] left_gripper=0.9975821375846863 right_gripper=1.0124064683914185
update step=202 qpos=[0.0010134025942534208, -0.040773194283246994, -0.0062179770320653915, 0.023570938035845757, -0.026142612099647522, 0.01572021283209324, 0.9975821375846863, 0.13149693608283997, 0.3278380334377289, 0.24558709561824799, -0.16005761921405792, -0.0035608001053333282, -0.15349936485290527, 1.0]
pred step=202 action=[[0.0017439424991607666, -0.0349961519241333, -0.004151880741119385, 0.018818870186805725, -0.025185853242874146, 0.017119884490966797, 0.999630331993103, 0.16584664583206177, 0.44669902324676514, 0.3271239995956421, -0.22588105499744415, -0.00356215238571167, -0.2050519585609436, 1.028753399848938]] left_gripper=0.999630331993103 right_gripper=1.028753399848938
update step=203 qpos=[0.0016563527751713991, -0.03568028658628464, -0.004392485599964857, 0.01942376419901848, -0.0253085158765316, 0.01694217324256897, 0.9996303319931029, 0.16183899343013763, 0.432784765958786, 0.3175818622112274, -0.21733558177947998, -0.003639697562903166, -0.19848619401454926, 1.0]
pred step=203 action=[[0.002980627119541168, -0.03648024797439575, -0.006965517997741699, 0.00824788212776184, -0.027786314487457275, 0.016757816076278687, 1.0031377077102661, 0.21504122018814087, 0.6426869630813599, 0.469423770904541, -0.32028597593307495, -0.011366456747055054, -0.28895267844200134, 1.0512726306915283]] left_gripper=1.0031377077102661 right_gripper=1.0512726306915283
update step=204 qpos=[0.002830305602401495, -0.03635287284851074, -0.006748175714164972, 0.009638945572078228, -0.027475761249661446, 0.016781186684966087, 1.0, 0.2088562399148941, 0.6079177856445312, 0.45269355177879333, -0.3065687119960785, -0.010505927726626396, -0.2774282991886139, 1.0]
pred step=204 action=[[0.004134722054004669, -0.0373995304107666, -0.0019382238388061523, -0.00027745962142944336, -0.027320683002471924, 0.009406030178070068, 1.0039277076721191, 0.2594146132469177, 0.8146331906318665, 0.6007744669914246, -0.42886027693748474, -0.011542439460754395, -0.37206506729125977, 1.071932077407837]] left_gripper=1.0039277076721191 right_gripper=1.071932077407837
update step=205 qpos=[0.00398238655179739, -0.03729341924190521, -0.0024607230443507433, 0.001006845384836197, -0.027344098314642906, 0.010346214286983013, 1.0, 0.2535446882247925, 0.7819085717201233, 0.5842123627662659, -0.41275832056999207, -0.011528357863426208, -0.36001133918762207, 1.0]
pred step=205 action=[[0.005089163780212402, -0.037215471267700195, -0.004900336265563965, 0.0006105750799179077, -0.025617480278015137, 0.005742192268371582, 1.0082699060440063, 0.3140265941619873, 1.0299237966537476, 0.783504068851471, -0.5533749461174011, -0.010499894618988037, -0.4974265694618225, 1.0762501955032349]] left_gripper=1.0082699060440063 right_gripper=1.0762501955032349
update step=206 qpos=[0.004956415854394436, -0.037206560373306274, -0.004661031998693943, 0.0006412338116206229, -0.025838470086455345, 0.006328834220767021, 1.0, 0.30702900886535645, 0.9666420221328735, 0.7542836666107178, -0.5353809595108032, -0.010780246928334236, -0.4799252450466156, 1.0]
pred step=206 action=[[0.005233392119407654, -0.04369932413101196, -0.006958484649658203, -0.0005473196506500244, -0.02743518352508545, 0.000719904899597168, 1.0048789978027344, 0.37223199009895325, 1.2499232292175293, 0.9472078680992126, -0.6785835027694702, -0.009041577577590942, -0.6060446500778198, 1.1093308925628662]] left_gripper=1.0048789978027344 right_gripper=1.1093308925628662
update step=207 qpos=[0.005204920191317797, -0.04293389245867729, -0.006675535812973976, -0.0003932426043320447, -0.027234625071287155, 0.0014346245443448424, 1.0, 0.3647327423095703, 1.1542717218399048, 0.921863317489624, -0.6600459814071655, -0.00941389799118042, -0.5899842977523804, 1.0]
pred step=207 action=[[0.003180190920829773, -0.05301642417907715, -0.022187471389770508, 0.00418497622013092, -0.02860283851623535, -3.2782554626464844e-05, 1.0057373046875, 0.4328308403491974, 1.4839154481887817, 1.111248254776001, -0.7878429293632507, -0.004728823900222778, -0.7154453992843628, 1.108520269393921]] left_gripper=1.0057373046875 right_gripper=1.108520269393921
update step=208 qpos=[0.003421087982133031, -0.051778074353933334, -0.020470652729272842, 0.00354388146661222, -0.02842617593705654, 0.00015407711907755584, 1.0, 0.4250304102897644, 1.3448201417922974, 1.0870496034622192, -0.7711764574050903, -0.0054640076123178005, -0.6994661688804626, 1.0]
pred step=208 action=[[0.004099592566490173, -0.04236072301864624, -0.006850242614746094, 0.002355903387069702, -0.02610650658607483, -0.011654406785964966, 0.9863542318344116, 0.4732309579849243, 1.5999245643615723, 1.2052150964736938, -0.8592166304588318, -0.00493738055229187, -0.769695520401001, 1.1058133840560913]] left_gripper=0.9863542318344116 right_gripper=1.1058133840560913
update step=209 qpos=[0.004016380291432142, -0.043554894626140594, -0.008256741799414158, 0.00258735753595829, -0.026402508839964867, -0.010148855857551098, 0.9863542318344116, 0.46772730350494385, 1.52676522731781, 1.192297339439392, -0.8476194143295288, -0.0050953407771885395, -0.7607532739639282, 1.0]
pred step=209 action=[[0.0011210963129997253, -0.047189295291900635, -0.02187126874923706, 0.009753137826919556, -0.03125965595245361, -0.007574290037155151, 0.9941040277481079, 0.5128283500671387, 1.7708505392074585, 1.3364076614379883, -0.9532501697540283, 0.005803853273391724, -0.8671973943710327, 1.0922954082489014]] left_gripper=0.9941040277481079 right_gripper=1.0922954082489014
update step=210 qpos=[0.0014709981624037027, -0.04668709635734558, -0.02044711820781231, 0.00876286905258894, -0.030639447271823883, -0.00790317915380001, 0.9941040277481079, 0.5076258778572083, 1.7118821144104004, 1.321014642715454, -0.9393596053123474, 0.004348714370280504, -0.8536320924758911, 1.0]
pred step=210 action=[[0.0032543540000915527, -0.04412180185317993, -0.01936894655227661, 0.013821840286254883, -0.034017473459243774, -0.010613590478897095, 0.9888471364974976, 0.5574149489402771, 1.9008145332336426, 1.4394415616989136, -1.0293927192687988, 0.015478968620300293, -0.924073338508606, 1.0620850324630737]] left_gripper=0.9888471364974976 right_gripper=1.0620850324630737
update step=211 qpos=[0.003051718696951866, -0.044467635452747345, -0.01938469521701336, 0.013210915960371494, -0.03359466791152954, -0.010268313810229301, 0.9888471364974976, 0.5516340136528015, 1.8757933378219604, 1.4265891313552856, -1.0171383619308472, 0.014021198265254498, -0.9150916934013367, 1.0]
pred step=211 action=[[0.0015971511602401733, -0.04530078172683716, -0.020956575870513916, 0.011460945010185242, -0.03478148579597473, -0.00844639539718628, 0.9814039468765259, 0.5769258141517639, 1.9706708192825317, 1.4873707294464111, -1.0674772262573242, 0.023898333311080933, -0.9601926803588867, 1.0703762769699097]] left_gripper=0.9814039468765259 right_gripper=1.0703762769699097
update step=212 qpos=[0.0017706328071653843, -0.04518686607480049, -0.020810961723327637, 0.011669603176414967, -0.03462863713502884, -0.008678745478391647, 0.9814039468765259, 0.5737790465354919, 1.9582993984222412, 1.4810130596160889, -1.0606400966644287, 0.0226440466940403, -0.954440176486969, 1.0]
pred step=212 action=[[0.003095962107181549, -0.044358789920806885, -0.02390158176422119, 0.010465443134307861, -0.032370686531066895, -0.011449664831161499, 0.9840409755706787, 0.5913758873939514, 2.032668113708496, 1.5395829677581787, -1.1036816835403442, 0.023606687784194946, -0.9975751638412476, 1.013136863708496]] left_gripper=0.9840409755706787 right_gripper=1.013136863708496
update step=213 qpos=[0.002935762284323573, -0.044444240629673004, -0.023571189492940903, 0.010601307265460491, -0.03265906870365143, -0.011096257716417313, 0.9840409755706787, 0.5892461538314819, 2.0232925415039062, 1.5330411195755005, -1.0978689193725586, 0.023480162024497986, -0.9920737147331238, 1.0]
pred step=213 action=[[0.003943994641304016, -0.05065488815307617, -0.019473671913146973, 0.012142449617385864, -0.03189939260482788, -0.007583141326904297, 0.9887572526931763, 0.617274284362793, 2.084493637084961, 1.5850646495819092, -1.1411525011062622, 0.027994632720947266, -1.0204095840454102, 0.9740866422653198]] left_gripper=0.9887572526931763 right_gripper=0.9740866422653198
update step=214 qpos=[0.0038236412219703197, -0.049959246069192886, -0.01984388753771782, 0.011992090381681919, -0.03199700638651848, -0.008031300269067287, 0.9887572526931763, 0.6140837669372559, 2.0768020153045654, 1.5791484117507935, -1.1353824138641357, 0.027395054697990417, -1.016797423362732, 0.9740866422653198]
pred step=214 action=[[0.0037941336631774902, -0.04897516965866089, -0.021078646183013916, 0.007041946053504944, -0.03013819456100464, -0.007600158452987671, 0.9885702133178711, 0.6229368448257446, 2.1155552864074707, 1.612666368484497, -1.1511467695236206, 0.02290859818458557, -1.0447781085968018, 0.9448244571685791]] left_gripper=0.9885702133178711 right_gripper=0.9448244571685791
update step=215 qpos=[0.0037939539179205894, -0.04905656725168228, -0.02103310264647007, 0.007639871444553137, -0.030372969806194305, -0.007654785644263029, 0.9885702133178711, 0.6216379404067993, 2.110625982284546, 1.6089279651641846, -1.1489428281784058, 0.023493004962801933, -1.0412076711654663, 0.9448244571685791]
pred step=215 action=[[0.0023376941680908203, -0.04298466444015503, -0.01919180154800415, 0.00826697051525116, -0.026795893907546997, -0.007751762866973877, 0.9924364686012268, 0.6287676692008972, 2.1362075805664062, 1.610649585723877, -1.150076985359192, 0.02344706654548645, -1.0380703210830688, 0.8930011987686157]] left_gripper=0.9924364686012268 right_gripper=0.8930011987686157
update step=216 qpos=[0.0025014467537403107, -0.043713901191949844, -0.019384367391467094, 0.008193446323275566, -0.027244899421930313, -0.0077389879152178764, 0.9924364686012268, 0.6235684156417847, 2.1213479042053223, 1.6169209480285645, -1.1508008241653442, 0.02759883925318718, -1.0375406742095947, 0.8930011987686158]
pred step=216 action=[[0.002811618149280548, -0.047689855098724365, -0.01736372709274292, 0.00685882568359375, -0.025918692350387573, -0.00746309757232666, 0.9975944757461548, 0.643173336982727, 2.1438798904418945, 1.621971845626831, -1.1525670289993286, 0.02369329333305359, -1.0309244394302368, 0.8121457695960999]] left_gripper=0.9975944757461548 right_gripper=0.8121457695960999
update step=217 qpos=[0.002772056497633457, -0.047229211777448654, -0.017569491639733315, 0.007045140024274588, -0.026086684316396713, -0.007498239167034626, 0.9975944757461547, 0.634641706943512, 2.128722906112671, 1.6279916763305664, -1.1534661054611206, 0.02975383587181568, -1.0304911136627197, 0.8121457695960997]
pred step=217 action=[[0.0032194778323173523, -0.04420936107635498, -0.010854840278625488, 0.003928884863853455, -0.027578681707382202, -0.011405855417251587, 0.9959022998809814, 0.6532621383666992, 2.1562814712524414, 1.6207430362701416, -1.1610904932022095, 0.02838549017906189, -1.0327638387680054, 0.7038043737411499]] left_gripper=0.9959022998809814 right_gripper=0.7038043737411499
update step=218 qpos=[0.003170562442392111, -0.04457917436957359, -0.011620043776929379, 0.00434545474126935, -0.027391420677304268, -0.010907744988799095, 0.9959022998809814, 0.6408490538597107, 2.1322169303894043, 1.6332820653915405, -1.1613162755966187, 0.0377354696393013, -1.0304737091064453, 0.7038043737411499]
pred step=218 action=[[0.002953842282295227, -0.038828909397125244, -0.012738704681396484, 0.006073713302612305, -0.025441259145736694, -0.011785417795181274, 1.0047850608825684, 0.6475504636764526, 2.1607608795166016, 1.6320643424987793, -1.170065999031067, 0.02816838026046753, -1.0431889295578003, 0.6838430166244507]] left_gripper=1.0047850608825684 right_gripper=0.6838430166244507
update step=219 qpos=[0.00297561869956553, -0.039486728608608246, -0.012669393792748451, 0.005829350557178259, -0.02568744122982025, -0.011673541739583015, 1.0, 0.6389318704605103, 2.13851261138916, 1.6434584856033325, -1.1692756414413452, 0.03649351745843887, -1.0400468111038208, 0.6838430166244508]
pred step=219 action=[[0.005082227289676666, -0.046922922134399414, -0.006220042705535889, 0.005045801401138306, -0.030590206384658813, -0.009570688009262085, 0.9991978406906128, 0.6554112434387207, 2.1502246856689453, 1.6361918449401855, -1.184182047843933, 0.03427189588546753, -1.0519627332687378, 0.5935362577438354]] left_gripper=0.9991978406906128 right_gripper=0.5935362577438354
update step=220 qpos=[0.004844375420361757, -0.04608561098575592, -0.006857579108327627, 0.005199992097914219, -0.029974564909934998, -0.009839381091296673, 0.9991978406906128, 0.6491532921791077, 2.1387813091278076, 1.6442909240722656, -1.1811151504516602, 0.03879796341061592, -1.0497806072235107, 0.5935362577438354]
pred step=220 action=[[0.00552716851234436, -0.05523395538330078, -0.006014585494995117, 0.000950247049331665, -0.03409755229949951, -0.005349695682525635, 1.0021896362304688, 0.6534732580184937, 2.1464688777923584, 1.6157891750335693, -1.169539451599121, 0.032741159200668335, -1.0392166376113892, 0.5232575535774231]] left_gripper=1.0021896362304688 right_gripper=0.5232575535774231
update step=221 qpos=[0.005455239675939083, -0.054134950041770935, -0.006158207077533007, 0.0014867568388581276, -0.033577822148799896, -0.005922350101172924, 1.0, 0.6505807638168335, 2.1307239532470703, 1.63097083568573, -1.1682426929473877, 0.036752913147211075, -1.0404101610183716, 0.5232575535774231]
pred step=221 action=[[0.003946878015995026, -0.04577279090881348, -0.0036072731018066406, 0.0020398348569869995, -0.03084239363670349, -0.002579420804977417, 1.008544683456421, 0.6567645072937012, 2.155458688735962, 1.6212515830993652, -1.1613930463790894, 0.030209243297576904, -1.0354018211364746, 0.44063442945480347]] left_gripper=1.008544683456421 right_gripper=0.44063442945480347
update step=222 qpos=[0.0041184574365615845, -0.046758491545915604, -0.003928408492356539, 0.0019632827024906874, -0.03118486888706684, -0.003005043603479862, 1.0, 0.6488292813301086, 2.133875846862793, 1.6344051361083984, -1.1619024276733398, 0.037762805819511414, -1.035005807876587, 0.44063442945480347]
pred step=222 action=[[0.003917261958122253, -0.040674567222595215, -0.0034822821617126465, 0.0012425482273101807, -0.029112011194229126, -0.0029272735118865967, 1.0140275955200195, 0.6527607440948486, 2.16056752204895, 1.6199557781219482, -1.1661118268966675, 0.03101789951324463, -1.0312883853912354, 0.3927266001701355]] left_gripper=1.0140275955200195 right_gripper=0.3927266001701355
update step=223 qpos=[0.003936397843062878, -0.041385531425476074, -0.0035581649281084538, 0.0013240723637863994, -0.02937326207756996, -0.0029368253890424967, 1.0, 0.6481505036354065, 2.135791540145874, 1.6371968984603882, -1.1632745265960693, 0.03678325191140175, -1.0313799381256104, 0.3927266001701355]
pred step=223 action=[[0.004411682486534119, -0.03485828638076782, -0.0005830526351928711, 0.006036892533302307, -0.02979809045791626, -0.0055793821811676025, 1.0129735469818115, 0.6599292755126953, 2.1477761268615723, 1.6325807571411133, -1.1836419105529785, 0.035922497510910034, -1.0389927625656128, 0.3145279288291931]] left_gripper=1.0129735469818115 right_gripper=0.3145279288291931
update step=224 qpos=[0.00435697752982378, -0.03564981371164322, -0.0008820439106784761, 0.0054540312848985195, -0.029745427891612053, -0.00524253211915493, 1.0, 0.6565911173820496, 2.138261079788208, 1.6400930881500244, -1.1789844036102295, 0.03846057504415512, -1.0379106998443604, 0.3145279288291931]
pred step=224 action=[[0.004352308809757233, -0.0382075309753418, 0.0006095170974731445, -0.0007591098546981812, -0.031917423009872437, -0.0018508732318878174, 1.0109424591064453, 0.6536369323730469, 2.1510400772094727, 1.6201424598693848, -1.1809186935424805, 0.037743180990219116, -1.033569097518921, 0.2833484709262848]] left_gripper=1.0109424591064453 right_gripper=0.2833484709262848
update step=225 qpos=[0.00435700174421072, -0.03789422661066055, 0.0004071347648277879, 2.874101664929185e-05, -0.03164262697100639, -0.002283536596223712, 1.0, 0.6561325192451477, 2.135746955871582, 1.6352136135101318, -1.1764405965805054, 0.03742048889398575, -1.0346274375915527, 0.2833484709262848]
pred step=225 action=[[0.0046452730894088745, -0.03450280427932739, 0.0046364665031433105, 0.005563616752624512, -0.031674861907958984, -0.0033770203590393066, 1.0142490863800049, 0.6556485891342163, 2.124473810195923, 1.6069583892822266, -1.1792340278625488, 0.039958834648132324, -1.0207977294921875, 0.21319156885147095]] left_gripper=1.0142490863800049 right_gripper=0.21319156885147095
update step=226 qpos=[0.004611631855368614, -0.0349297970533371, 0.004204957280308008, 0.004885533358901739, -0.031671587377786636, -0.003237491473555565, 1.0, 0.6554704904556274, 2.123631477355957, 1.6122491359710693, -1.1784014701843262, 0.040006306022405624, -1.0225852727890015, 0.21319156885147098]
pred step=226 action=[[0.0034017562866210938, -0.030172288417816162, 0.000850975513458252, 0.0010862797498703003, -0.02908363938331604, -0.0014109909534454346, 1.017929196357727, 0.6525641679763794, 2.137988567352295, 1.622612476348877, -1.1838865280151367, 0.03698822855949402, -1.025589942932129, 0.17005693912506104]] left_gripper=1.017929196357727 right_gripper=0.17005693912506104
update step=227 qpos=[0.0035385554656386375, -0.030690638348460197, 0.00112679332960397, 0.0015249211573973298, -0.029408004134893417, -0.0016435591969639063, 1.0, 0.6516696810722351, 2.1323204040527344, 1.624507188796997, -1.1826529502868652, 0.03846761956810951, -1.0251928567886353, 0.170056939125061]
pred step=227 action=[[0.0031781643629074097, -0.027364373207092285, 0.0016867518424987793, 0.002167150378227234, -0.02824506163597107, -0.0008241832256317139, 1.0228521823883057, 0.6525094509124756, 2.142209053039551, 1.6353304386138916, -1.1977205276489258, 0.040154218673706055, -1.0299327373504639, 0.14445173740386963]] left_gripper=1.0228521823883057 right_gripper=0.14445173740386963
update step=228 qpos=[0.003217753954231739, -0.027773745357990265, 0.0016644868301227689, 0.0020963058341294527, -0.02839098498225212, -0.0009284422849304974, 1.0, 0.6524779200553894, 2.1404905319213867, 1.6344435214996338, -1.1956731081008911, 0.039949651807546616, -1.029330849647522, 0.14445173740386963]
pred step=228 action=[[0.002956278622150421, -0.02979809045791626, 0.0021215081214904785, 0.0026656687259674072, -0.03068000078201294, -8.45789909362793e-05, 1.0173168182373047, 0.6533311605453491, 2.126972198486328, 1.6257364749908447, -1.1919902563095093, 0.04284632205963135, -1.0266456604003906, 0.10709774494171143]] left_gripper=1.0173168182373047 right_gripper=0.10709774494171143
update step=229 qpos=[0.0029914674814790487, -0.029565079137682915, 0.00208786828443408, 0.0026014475151896477, -0.03039001114666462, -0.00019226199947297573, 1.0, 0.6532155275344849, 2.128535747528076, 1.6267918348312378, -1.1925081014633179, 0.04247919097542763, -1.0269895792007446, 0.10709774494171143]
pred step=229 action=[[0.00319623202085495, -0.029826998710632324, -0.0015087127685546875, 0.00381527841091156, -0.030590951442718506, 0.002710670232772827, 1.0196136236190796, 0.6464433670043945, 2.1281564235687256, 1.6223225593566895, -1.1883267164230347, 0.043170034885406494, -1.0210697650909424, 0.1049429178237915]] left_gripper=1.0196136236190796 right_gripper=0.1049429178237915
update step=230 qpos=[0.0031722295098006725, -0.02977919951081276, -0.0011292715789750218, 0.003640512004494667, -0.03056573122739792, 0.0023405766114592552, 1.0, 0.6471337676048279, 2.128328800201416, 1.6227980852127075, -1.1888697147369385, 0.04309503361582756, -1.0218242406845093, 0.10494291782379152]
pred step=230 action=[[0.0032855793833732605, -0.027919113636016846, 0.0012557506561279297, 0.003953233361244202, -0.03072229027748108, -0.0012287497520446777, 1.0200573205947876, 0.6484237909317017, 2.1226820945739746, 1.63252854347229, -1.2102060317993164, 0.04681980609893799, -1.028384804725647, 0.06688863039016724]] left_gripper=1.0200573205947876 right_gripper=0.06688863039016724
update step=231 qpos=[0.0032730766106396914, -0.028157228603959084, 0.001021312433294952, 0.003930752165615559, -0.03070317581295967, -0.0007735631661489606, 1.0, 0.6483861804008484, 2.1232502460479736, 1.6313097476959229, -1.2075281143188477, 0.04633553698658943, -1.0275492668151855, 0.06688863039016725]
pred step=231 action=[[0.002162553369998932, -0.027112841606140137, 0.0005116462707519531, 0.0060997456312179565, -0.02864900231361389, 3.272294998168945e-05, 1.023949384689331, 0.6419075727462769, 2.1273648738861084, 1.6379890441894531, -1.208005666732788, 0.04484972357749939, -1.0363337993621826, 0.0466194748878479]] left_gripper=1.023949384689331 right_gripper=0.0466194748878479
update step=232 qpos=[0.0022887198720127344, -0.02723173424601555, 0.0005604713805951178, 0.005818906705826521, -0.028906287625432014, -7.001514313742518e-05, 1.0, 0.6425684094429016, 2.1270289421081543, 1.6371246576309204, -1.2079167366027832, 0.04505086690187454, -1.0352120399475098, 0.0466194748878479]
pred step=232 action=[[0.0013546198606491089, -0.020993173122406006, 0.0024875998497009277, 0.006794571876525879, -0.027218401432037354, 0.0007285475730895996, 1.0228731632232666, 0.647732138633728, 2.119426727294922, 1.6278760433197021, -1.1942387819290161, 0.04175904393196106, -1.0180453062057495, 0.019631385803222656]] left_gripper=1.0228731632232666 right_gripper=0.019631385803222656
update step=233 qpos=[0.0014606064651161432, -0.02173415757715702, 0.002265303861349821, 0.006671792361885309, -0.02742951549589634, 0.0006270019221119583, 1.0, 0.6472941040992737, 2.120330572128296, 1.629036545753479, -1.1959881782531738, 0.042161695659160614, -1.020236611366272, 0.01963138580322266]
pred step=233 action=[[0.001654110848903656, -0.030245065689086914, 0.0005055069923400879, 0.010148316621780396, -0.02909347414970398, 0.00023663043975830078, 1.0234509706497192, 0.6434979438781738, 2.112990379333496, 1.639301061630249, -1.2126245498657227, 0.04834020137786865, -1.0316815376281738, -0.009528577327728271]] left_gripper=1.0234509706497192 right_gripper=-0.009528577327728271
update step=234 qpos=[0.0016345385229215026, -0.02924787811934948, 0.0007483199588023126, 0.009718508459627628, -0.028883565217256546, 0.0002862530527636409, 1.0, 0.643801748752594, 2.113854169845581, 1.6379932165145874, -1.2105330228805542, 0.047567181289196014, -1.0302205085754395, 0.0]
pred step=234 action=[[0.0011829063296318054, -0.02146613597869873, 0.0015563368797302246, 0.005658388137817383, -0.027535825967788696, -0.0003408491611480713, 1.0283491611480713, 0.6500991582870483, 2.1195309162139893, 1.6536757946014404, -1.2291606664657593, 0.04601660370826721, -1.0394279956817627, -0.02095496654510498]] left_gripper=1.0283491611480713 right_gripper=-0.02095496654510498
update step=235 qpos=[0.0012334776110947132, -0.022366490215063095, 0.00139695405960083, 0.006153016816824675, -0.0277053602039814, -0.00026071665342897177, 1.0, 0.6495097875595093, 2.1189897060394287, 1.6516579389572144, -1.2267802953720093, 0.04619740694761276, -1.0382550954818726, 0.0]
pred step=235 action=[[0.0015316680073738098, -0.020607471466064453, 0.0020142197608947754, 0.006402492523193359, -0.02621549367904663, -0.00227317214012146, 1.0302462577819824, 0.6491881608963013, 2.113394021987915, 1.6560237407684326, -1.230040192604065, 0.04473230242729187, -1.040788173675537, -0.0461423397064209]] left_gripper=1.0302462577819824 right_gripper=-0.0461423397064209
update step=236 qpos=[0.0014937351224943995, -0.020823681727051735, 0.00196661613881588, 0.006377589423209429, -0.02640451304614544, -0.002016556914895773, 1.0, 0.6491273045539856, 2.1140644550323486, 1.6554852724075317, -1.2296308279037476, 0.04492509365081787, -1.040464997291565, 0.0]
pred step=236 action=[[0.0015161186456680298, -0.02334195375442505, -0.0017251968383789062, 0.006293505430221558, -0.029883503913879395, 0.0014104247093200684, 1.0253511667251587, 0.6482037305831909, 2.1133687496185303, 1.6633038520812988, -1.2379536628723145, 0.05247119069099426, -1.0506151914596558, -0.06729966402053833]] left_gripper=1.0253511667251587 right_gripper=-0.06729966402053833
update step=237 qpos=[0.0015202118083834648, -0.023029815405607224, -0.001324882498010993, 0.006287799682468176, -0.029443349689245224, 0.0009731799364089966, 1.0, 0.6482941508293152, 2.113539457321167, 1.6622852087020874, -1.2368954420089722, 0.051514942198991776, -1.0493202209472656, 0.0]
pred step=237 action=[[0.00014787167310714722, -0.016877710819244385, -0.0017650723457336426, 0.012031391263008118, -0.024789422750473022, 0.0007733404636383057, 1.034835696220398, 0.6465423107147217, 2.116273880004883, 1.6777009963989258, -1.2546864748001099, 0.05225035548210144, -1.0498719215393066, -0.08213353157043457]] left_gripper=1.034835696220398 right_gripper=-0.08213353157043457
update step=238 qpos=[0.00029959576204419136, -0.01761641912162304, -0.0016866277437657118, 0.011303127743303776, -0.025375040248036385, 0.0007994133629836142, 1.0, 0.6467445492744446, 2.115971326828003, 1.6757783889770508, -1.252410888671875, 0.05215832591056824, -1.0498021841049194, 0.0]
pred step=238 action=[[0.0006566792726516724, -0.014226853847503662, -0.0010929703712463379, 0.011984333395957947, -0.022804737091064453, 0.00017645955085754395, 1.0358332395553589, 0.639228343963623, 2.11586594581604, 1.6829278469085693, -1.2595558166503906, 0.053237855434417725, -1.0493942499160767, -0.10238409042358398]] left_gripper=1.0358332395553589 right_gripper=-0.10238409042358398
update step=239 qpos=[0.0006092200055718422, -0.014628577046096325, -0.0011597932316362858, 0.01189771294593811, -0.023129994049668312, 0.00025601882953196764, 1.0, 0.6400352120399475, 2.115935802459717, 1.6820170879364014, -1.2586424350738525, 0.05311136320233345, -1.0494458675384521, 0.0]
pred step=239 action=[[0.0014982745051383972, -0.019992291927337646, -0.0026113390922546387, 0.008303359150886536, -0.029528170824050903, 0.000538259744644165, 1.0291128158569336, 0.6438308954238892, 2.109344005584717, 1.6825308799743652, -1.2644110918045044, 0.05467060208320618, -1.0532466173171997, -0.12391340732574463]] left_gripper=1.0291128158569336 right_gripper=-0.12391340732574463
update step=240 qpos=[0.0014069977914914489, -0.01935090869665146, -0.002454570960253477, 0.008756909519433975, -0.02872118353843689, 0.000501748058013618, 1.0, 0.6435472369194031, 2.110152244567871, 1.6824140548706055, -1.263710856437683, 0.054457034915685654, -1.0527632236480713, 0.0]
pred step=240 action=[[0.0011396482586860657, -0.018862426280975342, -0.0045348405838012695, 0.010757669806480408, -0.02653840184211731, 0.00596734881401062, 1.0338910818099976, 0.6421065330505371, 2.107952117919922, 1.684598684310913, -1.2631275653839111, 0.05631285905838013, -1.0426671504974365, -0.12088841199874878]] left_gripper=1.0338910818099976 right_gripper=-0.12088841199874878
update step=241 qpos=[0.0011661362368613482, -0.018917415291070938, -0.004298673942685127, 0.010495507158339024, -0.026813523843884468, 0.005270685534924269, 1.0, 0.6421940922737122, 2.108297824859619, 1.6842981576919556, -1.2631969451904297, 0.05608493089675903, -1.0439544916152954, 0.0]
pred step=241 action=[[0.00036544352769851685, -0.014947116374969482, -0.0027799010276794434, 0.011134728789329529, -0.025237679481506348, 0.0016988515853881836, 1.0341317653656006, 0.6401499509811401, 2.1058902740478516, 1.694746971130371, -1.2806953191757202, 0.05275890231132507, -1.0515353679656982, -0.14230620861053467]] left_gripper=1.0341317653656006 right_gripper=-0.14230620861053467
update step=242 qpos=[0.00045661136391572654, -0.015424514189362526, -0.002940732752904296, 0.01105921994894743, -0.02543545886874199, 0.0021547009237110615, 1.0, 0.6403942108154297, 2.1061739921569824, 1.6934126615524292, -1.2784889936447144, 0.05318036302924156, -1.0505685806274414, 0.0]
pred step=242 action=[[0.001713298261165619, -0.01793086528778076, -0.0009462237358093262, 0.008830800652503967, -0.027377545833587646, -0.0016399621963500977, 1.0350422859191895, 0.6447286605834961, 2.10267972946167, 1.7049221992492676, -1.2977313995361328, 0.050503820180892944, -1.0592788457870483, -0.12962913513183594]] left_gripper=1.0350422859191895 right_gripper=-0.12962913513183594
update step=243 qpos=[0.0015700443182140589, -0.01764010451734066, -0.0011635745177045465, 0.00912547018378973, -0.027135012671351433, -0.001156590529717505, 1.0, 0.6443092823028564, 2.1031534671783447, 1.7034187316894531, -1.2953110933303833, 0.050831638276576996, -1.0581696033477783, 0.0]
pred step=243 action=[[0.0007125809788703918, -0.01490718126296997, -0.005171418190002441, 0.017315402626991272, -0.02343389391899109, -0.0015575289726257324, 1.0418076515197754, 0.6375768184661865, 2.107355833053589, 1.7237236499786377, -1.3239156007766724, 0.05633831024169922, -1.0636731386184692, -0.15632766485214233]] left_gripper=1.0418076515197754 right_gripper=-0.15632766485214233
update step=244 qpos=[0.0008059647516347468, -0.01522069238126278, -0.004724382422864437, 0.016255799680948257, -0.02390008233487606, -0.0015062978491187096, 1.0, 0.6382013559341431, 2.1069176197052, 1.7211381196975708, -1.320279836654663, 0.05565460026264191, -1.0629709959030151, 0.0]
pred step=244 action=[[0.0018869265913963318, -0.020108282566070557, -0.0025649070739746094, 0.012820348143577576, -0.02510249614715576, -0.003420531749725342, 1.0389988422393799, 0.640163779258728, 2.0896220207214355, 1.7095236778259277, -1.3116579055786133, 0.05261141061782837, -1.0558855533599854, -0.1556115746498108]] left_gripper=1.0389988422393799 right_gripper=-0.1556115746498108
update step=245 qpos=[0.001762433908879757, -0.019545312970876694, -0.0027757678180933, 0.013278425671160221, -0.024952758103609085, -0.0031766912434250116, 1.0, 0.6400721669197083, 2.0917510986328125, 1.7108869552612305, -1.312814712524414, 0.05298532173037529, -1.0567911863327026, 0.0]
pred step=245 action=[[0.0011837184429168701, -0.019563734531402588, -0.0052512288093566895, 0.015107572078704834, -0.025169402360916138, -0.001880258321762085, 1.0423684120178223, 0.6340880393981934, 2.090884208679199, 1.7318854331970215, -1.3352904319763184, 0.05099669098854065, -1.070146918296814, -0.18813693523406982]] left_gripper=1.0423684120178223 right_gripper=-0.18813693523406982
update step=246 qpos=[0.0012521932367235422, -0.01954733021557331, -0.004998857155442238, 0.014858190901577473, -0.025140786543488503, -0.0020456004422158003, 1.0, 0.6346808075904846, 2.091081380844116, 1.729231357574463, -1.3324214220046997, 0.05125972628593445, -1.0684419870376587, 0.0]
pred step=246 action=[[0.0025336965918540955, -0.02279806137084961, -0.0065978169441223145, 0.01500941812992096, -0.025842756032943726, -0.004797607660293579, 1.0395056009292603, 0.6340103149414062, 2.0846362113952637, 1.7413058280944824, -1.3473728895187378, 0.042910248041152954, -1.0760592222213745, -0.1756364107131958]] left_gripper=1.0395056009292603 right_gripper=-0.1756364107131958
update step=247 qpos=[0.0023848596028983593, -0.022416280582547188, -0.0063993618823587894, 0.014991922304034233, -0.02575698308646679, -0.00444686459377408, 1.0, 0.6341789960861206, 2.085519552230835, 1.7397308349609375, -1.3454885482788086, 0.043961867690086365, -1.0750892162322998, 0.0]
pred step=247 action=[[0.0016121119260787964, -0.026688754558563232, -0.0034873485565185547, 0.013364210724830627, -0.026394546031951904, -0.004061281681060791, 1.0403413772583008, 0.6348028182983398, 2.0747413635253906, 1.732193946838379, -1.3394562005996704, 0.041448891162872314, -1.066361427307129, -0.19568830728530884]] left_gripper=1.0403413772583008 right_gripper=-0.19568830728530884
update step=248 qpos=[0.0017043169355019927, -0.026200424879789352, -0.0037845547776669264, 0.013593971729278564, -0.02631252259016037, -0.004110568203032017, 1.0, 0.6347393989562988, 2.0761818885803223, 1.7330231666564941, -1.340261697769165, 0.04176578298211098, -1.0674760341644287, 0.0]
pred step=248 action=[[0.001357927918434143, -0.028705239295959473, -0.0029033422470092773, 0.01484757661819458, -0.02483496069908142, -0.0016279518604278564, 1.0372283458709717, 0.6257308125495911, 2.068551778793335, 1.7292985916137695, -1.3354963064193726, 0.03231412172317505, -1.0613583326339722, -0.18933260440826416]] left_gripper=1.0372283458709717 right_gripper=-0.18933260440826416
update step=249 qpos=[0.0013951169094070792, -0.028408797457814217, -0.0030080906581133604, 0.014691796153783798, -0.025020752102136612, -0.0019443408818915486, 1.0, 0.6266664862632751, 2.069533348083496, 1.7297199964523315, -1.3361177444458008, 0.03352859616279602, -1.0621379613876343, 0.0]
pred step=249 action=[[0.002798512578010559, -0.03425520658493042, -0.005820333957672119, 0.013357236981391907, -0.025670886039733887, -0.0023230314254760742, 1.0339487791061401, 0.6231540441513062, 2.0527334213256836, 1.7292976379394531, -1.3433194160461426, 0.023789286613464355, -1.0656704902648926, -0.1955500841140747]] left_gripper=1.0339487791061401 right_gripper=-0.1955500841140747
update step=250 qpos=[0.0026348966639488935, -0.03355016931891441, -0.005522336810827255, 0.01351559441536665, -0.025591518729925156, -0.002274814760312438, 1.0, 0.6236493587493896, 2.0547642707824707, 1.7292735576629639, -1.3424651622772217, 0.025018421933054924, -1.0652214288711548, 0.0]
pred step=250 action=[[0.0054788291454315186, -0.044400691986083984, -0.007574737071990967, 0.02902156114578247, -5.6862831115722656e-05, 0.0011252164840698242, 1.0314245223999023, 0.6991584300994873, 2.20636248588562, 1.834104061126709, -1.405278205871582, 0.13163506984710693, -1.0040003061294556, 0.11803621053695679]] left_gripper=1.0314245223999023 right_gripper=0.11803621053695679
update step=251 qpos=[0.005091859493404627, -0.043159980326890945, -0.007207268383353949, 0.027089178562164307, -0.003289460903033614, 0.0006929466035217047, 1.0, 0.6905968189239502, 2.188190460205078, 1.8219754695892334, -1.396560549736023, 0.11804255098104477, -1.0118045806884766, 0.11803621053695679]
pred step=251 action=[[0.0032057613134384155, -0.041856229305267334, -0.00937795639038086, 0.02716568112373352, 0.000680088996887207, -0.004512012004852295, 1.0315220355987549, 0.6971340179443359, 2.204986333847046, 1.851801872253418, -1.425889492034912, 0.1205187439918518, -0.9909319877624512, 0.09285843372344971]] left_gripper=1.0315220355987549 right_gripper=0.09285843372344971
update step=252 qpos=[0.003419936867430806, -0.04198338836431503, -0.009201674722135067, 0.02712884359061718, 0.0001831953995861113, -0.0038478022906929255, 1.0, 0.6953362822532654, 2.2017438411712646, 1.8487900495529175, -1.4220728874206543, 0.12028597295284271, -0.9935871362686157, 0.09285843372344971]
pred step=252 action=[[-0.0011347010731697083, -0.038568079471588135, -0.008450627326965332, 0.025535687804222107, 0.003046005964279175, -0.007353276014328003, 1.034545660018921, 0.6904065608978271, 2.1923768520355225, 1.854968786239624, -1.428321361541748, 0.10532370209693909, -0.979692816734314, 0.09734529256820679]] left_gripper=1.034545660018921 right_gripper=0.09734529256820679
update step=253 qpos=[-0.0006052497774362564, -0.038974713534116745, -0.008534287102520466, 0.025738727301359177, 0.002693154849112034, -0.006906013935804367, 1.0, 0.6908934712409973, 2.193694829940796, 1.8541007041931152, -1.4275416135787964, 0.10723059624433517, -0.981464684009552, 0.09734529256820679]
pred step=253 action=[[-0.0007683262228965759, -0.040918171405792236, -0.0070365071296691895, 0.01912325620651245, -0.003292083740234375, -0.007763266563415527, 1.0314526557922363, 0.6824294328689575, 2.174515962600708, 1.8473455905914307, -1.4053969383239746, 0.07675251364707947, -0.9557620286941528, 0.07125097513198853]] left_gripper=1.0314526557922363 right_gripper=0.07125097513198853
update step=254 qpos=[-0.0007376435096375644, -0.04068482667207718, -0.007221035659313202, 0.019966784864664078, -0.0025351180229336023, -0.007654507178813219, 1.0, 0.6834314465522766, 2.1770384311676025, 1.8481541872024536, -1.4082022905349731, 0.08062433451414108, -0.9590398669242859, 0.07125097513198854]
pred step=254 action=[[-0.002322681248188019, -0.04427134990692139, -0.01055842638015747, 0.01700398325920105, -0.00540432333946228, -0.010385870933532715, 1.0289608240127563, 0.6649183034896851, 2.149101495742798, 1.812835931777954, -1.332214593887329, 0.018539875745773315, -0.9190315008163452, 0.06797701120376587]] left_gripper=1.0289608240127563 right_gripper=0.06797701120376587
update step=255 qpos=[-0.00213012401945889, -0.04382992535829544, -0.010209222324192524, 0.01736299879848957, -0.00503928866237402, -0.010037733241915703, 1.0, 0.6670587658882141, 2.1528468132019043, 1.8172458410263062, -1.3418251276016235, 0.026435596868395805, -0.9241317510604858, 0.06797701120376587]
pred step=255 action=[[-0.006297871470451355, -0.03494882583618164, -0.01167219877243042, 0.03076009452342987, -0.007770150899887085, -0.011095583438873291, 1.0226067304611206, 0.6461828947067261, 2.129450798034668, 1.7783176898956299, -1.256740927696228, -0.028481870889663696, -0.8813155889511108, 0.06393063068389893]] left_gripper=1.0226067304611206 right_gripper=0.06393063068389893
update step=256 qpos=[-0.005802544765174389, -0.036020293831825256, -0.011448046192526817, 0.029061056673526764, -0.00741688022390008, -0.010960649698972702, 1.0, 0.6486930251121521, 2.132580518722534, 1.7832427024841309, -1.2674882411956787, -0.021498948335647583, -0.8867737650871277, 0.06393063068389893]
pred step=256 action=[[-0.011242546141147614, -0.0319254994392395, -0.012603163719177246, 0.03868629038333893, 0.0056220293045043945, -0.013931334018707275, 1.0271697044372559, 0.6253082752227783, 2.1164398193359375, 1.7554852962493896, -1.2001419067382812, -0.08081516623497009, -0.8556283712387085, 0.07671999931335449]] left_gripper=1.0271697044372559 right_gripper=0.07671999931335449
update step=257 qpos=[-0.010630495846271515, -0.03242020681500435, -0.012435933575034142, 0.03746628016233444, 0.003984534647315741, -0.013551320880651474, 1.0, 0.6281356811523438, 2.118600845336914, 1.7590394020080566, -1.208635926246643, -0.07327449321746826, -0.8595982193946838, 0.07671999931335449]
pred step=257 action=[[-0.008175604045391083, -0.04118907451629639, -0.021888554096221924, 0.03581759333610535, -0.002486497163772583, -0.021365255117416382, 1.0234127044677734, 0.615689754486084, 2.0911917686462402, 1.7093069553375244, -1.101064682006836, -0.14284184575080872, -0.8000257015228271, 0.05562847852706909]] left_gripper=1.0234127044677734 right_gripper=0.05562847852706909
update step=258 qpos=[-0.008451106958091259, -0.0401143804192543, -0.020864056423306465, 0.035987842828035355, -0.0016734746750444174, -0.02036980912089348, 1.0, 0.6174061298370361, 2.0947928428649902, 1.7156167030334473, -1.1146804094314575, -0.13401304185390472, -0.8076248168945312, 0.0556284785270691]
pred step=258 action=[[-0.00919061154127121, -0.04425293207168579, -0.022331714630126953, 0.039172857999801636, -0.006604045629501343, -0.02654173970222473, 1.0223939418792725, 0.5938727259635925, 2.050262689590454, 1.65263032913208, -0.9685920476913452, -0.21566393971443176, -0.7503758668899536, 0.06022590398788452]] left_gripper=1.0223939418792725 right_gripper=0.06022590398788452
update step=259 qpos=[-0.009092451073229313, -0.04379018768668175, -0.02208595722913742, 0.038788311183452606, -0.005980617832392454, -0.025755489245057106, 1.0, 0.5965734124183655, 2.05610728263855, 1.6605793237686157, -0.9871065616607666, -0.20526356995105743, -0.7576760649681091, 0.06022590398788453]
pred step=259 action=[[-0.01101367175579071, -0.04880928993225098, -0.024080872535705566, 0.046153098344802856, -0.006194651126861572, -0.03365710377693176, 1.0254486799240112, 0.5676308274269104, 2.033633232116699, 1.5529732704162598, -0.7721355557441711, -0.3320218622684479, -0.6778409481048584, 0.04584401845932007]] left_gripper=1.0254486799240112 right_gripper=0.04584401845932007
update step=260 qpos=[-0.010786703787744045, -0.04822736606001854, -0.023810336366295815, 0.04522639513015747, -0.006164978723973036, -0.03264985606074333, 1.0, 0.571154773235321, 2.036534547805786, 1.565616250038147, -0.8094024062156677, -0.3159215748310089, -0.688029944896698, 0.045844018459320075]
pred step=260 action=[[-0.00893663614988327, -0.05707210302352905, -0.029318034648895264, 0.04134988784790039, -0.014427006244659424, -0.041985780000686646, 1.0213967561721802, 0.5438403487205505, 1.9956597089767456, 1.5009733438491821, -0.6522719264030457, -0.40985405445098877, -0.6373085975646973, 0.039312541484832764]] left_gripper=1.0213967561721802 right_gripper=0.039312541484832764
update step=261 qpos=[-0.009136374108493328, -0.055998530238866806, -0.028736580163240433, 0.04181861877441406, -0.013387675397098064, -0.040796615183353424, 1.0, 0.5471466183662415, 2.000730037689209, 1.509249210357666, -0.6722058653831482, -0.39790934324264526, -0.643780529499054, 0.039312541484832764]
pred step=261 action=[[-0.004418700933456421, -0.066611647605896, -0.03876543045043945, 0.03657585382461548, -0.023364394903182983, -0.050698816776275635, 1.0216784477233887, 0.5163796544075012, 1.9598616361618042, 1.4046250581741333, -0.46104300022125244, -0.5142731666564941, -0.5691611766815186, 0.00138092041015625]] left_gripper=1.0216784477233887 right_gripper=0.00138092041015625
update step=262 qpos=[-0.004950121510773897, -0.06502874940633774, -0.036351971328258514, 0.03698690980672836, -0.022115960717201233, -0.0494379960000515, 1.0, 0.5200537443161011, 1.9650683403015137, 1.4167752265930176, -0.49604469537734985, -0.4994962513446808, -0.5786865949630737, 0.0013809204101562342]
pred step=262 action=[[-0.004628293216228485, -0.05969041585922241, -0.034655630588531494, 0.03703060746192932, -0.022564351558685303, -0.04769119620323181, 1.0218989849090576, 0.49998074769973755, 1.9232816696166992, 1.3411622047424316, -0.335090309381485, -0.5929558277130127, -0.5198590755462646, 0.01605057716369629]] left_gripper=1.0218989849090576 right_gripper=0.01605057716369629
update step=263 qpos=[-0.0046642739325761795, -0.06032082438468933, -0.03487052768468857, 0.037020422518253326, -0.022508911788463593, -0.04791444167494774, 1.0, 0.5025119185447693, 1.9284179210662842, 1.3505048751831055, -0.3556424677371979, -0.5810918807983398, -0.5273720026016235, 0.0160505771636963]
pred step=263 action=[[-0.0013929009437561035, -0.07565069198608398, -0.04284924268722534, 0.0325712114572525, -0.02751043438911438, -0.05434724688529968, 1.019429326057434, 0.47439825534820557, 1.893023133277893, 1.2556579113006592, -0.14824838936328888, -0.6883595585823059, -0.43963882327079773, -0.002560257911682129]] left_gripper=1.019429326057434 right_gripper=-0.002560257911682129
update step=264 qpos=[-0.001765439403243363, -0.07378257066011429, -0.03629123792052269, 0.03316390886902809, -0.0268858652561903, -0.05352764576673508, 1.0, 0.47760534286499023, 1.8974788188934326, 1.2666901350021362, -0.18132242560386658, -0.6747444868087769, -0.45083895325660706, 0.0]
pred step=264 action=[[-0.0003516972064971924, -0.07095968723297119, -0.038562893867492676, 0.03466549515724182, -0.028803497552871704, -0.04654696583747864, 1.0193500518798828, 0.44854113459587097, 1.8496992588043213, 1.1817829608917236, 0.005171856842935085, -0.7679880857467651, -0.39960533380508423, -0.00761646032333374]] left_gripper=1.0193500518798828 right_gripper=-0.00761646032333374
update step=265 qpos=[-0.0005138173000887036, -0.07140206545591354, -0.03629826381802559, 0.03446981683373451, -0.02856350876390934, -0.04743752256035805, 1.0, 0.4518778920173645, 1.855388879776001, 1.1920005083084106, -0.020255422219634056, -0.7561680674552917, -0.4061523377895355, 0.0]
pred step=265 action=[[5.1721930503845215e-05, -0.07148623466491699, -0.04161250591278076, 0.03523048758506775, -0.02650982141494751, -0.05108568072319031, 1.0176948308944702, 0.43470969796180725, 1.8324705362319946, 1.1366938352584839, 0.10433311760425568, -0.8273557424545288, -0.35867512226104736, -0.02120119333267212]] left_gripper=1.0176948308944702 right_gripper=-0.02120119333267212
update step=266 qpos=[-1.7645001207711175e-05, -0.07154637575149536, -0.03631225973367691, 0.03512880578637123, -0.026771092787384987, -0.05062014237046242, 1.0, 0.43681493401527405, 1.8353506326675415, 1.1432360410690308, 0.08837427198886871, -0.8183408379554749, -0.3647429049015045, 0.0]
pred step=266 action=[[0.0038956552743911743, -0.07867693901062012, -0.04906618595123291, 0.0267496258020401, -0.04630652070045471, -0.053951919078826904, 1.0081268548965454, 0.3968161940574646, 1.7817668914794922, 1.0229432582855225, 0.32684895396232605, -0.9600961804389954, -0.2675926089286804, -0.023300886154174805]] left_gripper=1.0081268548965454 right_gripper=-0.023300886154174805
update step=267 qpos=[0.003478036494925618, -0.0776667594909668, -0.03628838062286377, 0.027810266241431236, -0.04384582117199898, -0.05352890491485596, 1.0, 0.4011306166648865, 1.7878473997116089, 1.0367602109909058, 0.27174171805381775, -0.9422087669372559, -0.2799905836582184, 0.0]
pred step=267 action=[[0.00852503627538681, -0.0908849835395813, -0.0517808198928833, 0.021509692072868347, -0.05879327654838562, -0.05170208215713501, 1.0091309547424316, 0.3828214406967163, 1.7462902069091797, 0.9561630487442017, 0.4638214111328125, -1.031996488571167, -0.2241491675376892, -0.03925889730453491]] left_gripper=1.0091309547424316 right_gripper=-0.03925889730453491
update step=268 qpos=[0.007965805009007454, -0.08915780484676361, -0.03619009256362915, 0.022331003099679947, -0.05691597983241081, -0.051936592906713486, 1.0, 0.3850261867046356, 1.750959038734436, 0.9656708240509033, 0.43695080280303955, -1.020707607269287, -0.23129205405712128, 0.0]
pred step=268 action=[[0.00847739726305008, -0.09100478887557983, -0.05699104070663452, 0.023277074098587036, -0.05640140175819397, -0.05148574709892273, 1.005907654762268, 0.36667659878730774, 1.7252960205078125, 0.8953397274017334, 0.5997540950775146, -1.1127740144729614, -0.16401103138923645, -0.04390597343444824]] left_gripper=1.005907654762268 right_gripper=-0.04390597343444824
update step=269 qpos=[0.008420527912676334, -0.09058745205402374, -0.03620070219039917, 0.023170020431280136, -0.056468576192855835, -0.051543205976486206, 1.0, 0.3687513470649719, 1.7281944751739502, 0.9035406112670898, 0.5789868831634521, -1.1011794805526733, -0.17261619865894318, 0.0]
pred step=269 action=[[0.009266659617424011, -0.09062057733535767, -0.056868016719818115, 0.020537495613098145, -0.05732369422912598, -0.0467548668384552, 1.0059211254119873, 0.3691701889038086, 1.717355489730835, 0.887213945388794, 0.6214451193809509, -1.1160924434661865, -0.1516624540090561, -0.03327071666717529]] left_gripper=1.0059211254119873 right_gripper=-0.03327071666717529
update step=270 qpos=[0.009171336889266968, -0.09056050330400467, -0.03621028736233711, 0.020852291956543922, -0.057216692715883255, -0.04736541956663132, 1.0, 0.369196355342865, 1.7185628414154053, 0.8891139626502991, 0.6160462498664856, -1.1142432689666748, -0.1543399840593338, 0.0]
pred step=270 action=[[0.0096774622797966, -0.0975414514541626, -0.06267058849334717, 0.01653897762298584, -0.06616446375846863, -0.04586640000343323, 1.0065795183181763, 0.3612469732761383, 1.700405240058899, 0.8488122820854187, 0.6833797693252563, -1.1547138690948486, -0.11857716739177704, -0.029208719730377197]] left_gripper=1.0065795183181763 right_gripper=-0.029208719730377197
update step=271 qpos=[0.00963964406400919, -0.09635613113641739, -0.03608069196343422, 0.017003795132040977, -0.06503435969352722, -0.046058084815740585, 1.0, 0.3621380031108856, 1.702418565750122, 0.8534681797027588, 0.6747907996177673, -1.149645447731018, -0.12315066903829575, 0.0]
pred step=271 action=[[0.00651366263628006, -0.08802193403244019, -0.061674296855926514, 0.027487561106681824, -0.053249239921569824, -0.04857909679412842, 1.0064852237701416, 0.3605155646800995, 1.701488971710205, 0.8388749957084656, 0.7240830659866333, -1.173046588897705, -0.10292308032512665, -0.045742154121398926]] left_gripper=1.0064852237701416 right_gripper=-0.045742154121398926
update step=272 qpos=[0.006860832218080759, -0.08998852223157883, -0.03618711978197098, 0.026083186268806458, -0.05473286285996437, -0.048256807029247284, 1.0, 0.3607305884361267, 1.7015148401260376, 0.8405901789665222, 0.7178136110305786, -1.1701040267944336, -0.10550988465547562, 0.0]
pred step=272 action=[[0.007821589708328247, -0.09646570682525635, -0.06583023071289062, 0.020398318767547607, -0.062001049518585205, -0.048426300287246704, 1.0078126192092896, 0.3578740954399109, 1.6897218227386475, 0.8201659321784973, 0.7588329315185547, -1.1981706619262695, -0.0797843337059021, -0.048155784606933594]] left_gripper=1.0078126192092896 right_gripper=-0.048155784606933594
update step=273 qpos=[0.007726169191300869, -0.09528623521327972, -0.03607112914323807, 0.02102530747652054, -0.061083484441041946, -0.04840541630983353, 1.0, 0.3582238256931305, 1.6909517049789429, 0.8225595951080322, 0.7536283135414124, -1.1946558952331543, -0.08307371288537979, 0.0]
pred step=273 action=[[0.010439373552799225, -0.09862959384918213, -0.06741154193878174, 0.026102349162101746, -0.0673643946647644, -0.043853044509887695, 1.0086568593978882, 0.3622831702232361, 1.673194169998169, 0.7992932200431824, 0.8064907789230347, -1.2164547443389893, -0.062400609254837036, -0.04722374677658081]] left_gripper=1.0086568593978882 right_gripper=-0.04722374677658081
update step=274 qpos=[0.01013648696243763, -0.09783422946929932, -0.03603828698396683, 0.025391671806573868, -0.066575787961483, -0.04443417862057686, 1.0, 0.3619072735309601, 1.675092101097107, 0.8020259141921997, 0.7997934222221375, -1.2137575149536133, -0.06504736840724945, 0.0]
pred step=274 action=[[0.007194295525550842, -0.09862655401229858, -0.07162952423095703, 0.027292400598526, -0.06938159465789795, -0.04181632399559021, 1.013369083404541, 0.3641071915626526, 1.6646487712860107, 0.7910581827163696, 0.8170050382614136, -1.2195510864257812, -0.0453241765499115, -0.039418041706085205]] left_gripper=1.013369083404541 right_gripper=-0.039418041706085205
update step=275 qpos=[0.007549947593361139, -0.09839718788862228, -0.03604089096188545, 0.02700117416679859, -0.0690212994813919, -0.042149756103754044, 1.0, 0.36386799812316895, 1.6658824682235718, 0.7922748327255249, 0.8148106932640076, -1.2188470363616943, -0.04784312844276428, 0.0]
pred step=275 action=[[0.008215032517910004, -0.09324246644973755, -0.06880158185958862, 0.03033202886581421, -0.06114703416824341, -0.03932380676269531, 1.0126980543136597, 0.3656429648399353, 1.6609694957733154, 0.7887891530990601, 0.8261282444000244, -1.2203829288482666, -0.04735612869262695, -0.04567420482635498]] left_gripper=1.0126980543136597 right_gripper=-0.04567420482635498
update step=276 qpos=[0.008123052306473255, -0.09489455074071884, -0.03611023724079132, 0.029812244698405266, -0.062142957001924515, -0.039683565497398376, 1.0, 0.36545029282569885, 1.661531925201416, 0.7891842126846313, 0.8246938586235046, -1.2202019691467285, -0.04741935431957245, 0.0]
pred step=276 action=[[0.008804544806480408, -0.09964191913604736, -0.07188582420349121, 0.023268163204193115, -0.0673663318157196, -0.04146936535835266, 1.015352487564087, 0.3644375205039978, 1.6539437770843506, 0.779431164264679, 0.8478190898895264, -1.2341649532318115, -0.030278712511062622, -0.04207271337509155]] left_gripper=1.015352487564087 right_gripper=-0.04207271337509155
update step=277 qpos=[0.008738578297197819, -0.09862500429153442, -0.03602273389697075, 0.024014070630073547, -0.0667073130607605, -0.041241832077503204, 1.0, 0.3645660877227783, 1.6547693014144897, 0.7805545926094055, 0.8448856472969055, -1.2324185371398926, -0.03247010335326195, 0.0]
pred step=277 action=[[0.005612559616565704, -0.08371579647064209, -0.06973552703857422, 0.030536144971847534, -0.058544278144836426, -0.03551459312438965, 1.0171023607254028, 0.3684406876564026, 1.648029088973999, 0.7745174765586853, 0.8632950782775879, -1.2368658781051636, -0.023810356855392456, -0.042107224464416504]] left_gripper=1.0171023607254028 right_gripper=-0.042107224464416504
update step=278 qpos=[0.0059659443795681, -0.08647556602954865, -0.03620914742350578, 0.029650356620550156, -0.05956929177045822, -0.03624396026134491, 1.0, 0.36804014444351196, 1.6487693786621094, 0.7752190232276917, 0.860964834690094, -1.2363265752792358, -0.024918032810091972, 0.0]
pred step=278 action=[[0.004455268383026123, -0.07400673627853394, -0.06328898668289185, 0.02965405583381653, -0.05443468689918518, -0.0288524329662323, 1.0143382549285889, 0.371448278427124, 1.6498477458953857, 0.7767809629440308, 0.8615565299987793, -1.2312085628509521, -0.028592437505722046, -0.045378804206848145]] left_gripper=1.0143382549285889 right_gripper=-0.045378804206848145
update step=279 qpos=[0.0046230098232626915, -0.07649867981672287, -0.03629777207970619, 0.02953200787305832, -0.055078644305467606, -0.02979402430355549, 1.0, 0.3710646629333496, 1.6497808694839478, 0.7765690684318542, 0.8614723086357117, -1.231857419013977, -0.028122877702116966, 0.0]
pred step=279 action=[[-0.0013764798641204834, -0.048092544078826904, -0.04942739009857178, 0.031653016805648804, -0.025503456592559814, -0.02162712812423706, 1.0182719230651855, 0.3748587965965271, 1.6466655731201172, 0.7734255790710449, 0.8775662779808044, -1.23846435546875, -0.018543243408203125, -0.043546319007873535]] left_gripper=1.0182719230651855 right_gripper=-0.043546319007873535
update step=280 qpos=[-0.0007325010956265032, -0.05194263532757759, -0.036526598036289215, 0.03129475191235542, -0.029227877035737038, -0.022665277123451233, 1.0, 0.37446263432502747, 1.646960973739624, 0.7738155126571655, 0.8755325675010681, -1.23764169216156, -0.019768809899687767, 0.0]
pred step=280 action=[[-0.004685677587985992, -0.031176984310150146, -0.04485297203063965, 0.03656527400016785, -0.013088345527648926, -0.015911728143692017, 1.0186328887939453, 0.3761833608150482, 1.6455439329147339, 0.7779693007469177, 0.8743467330932617, -1.2350597381591797, -0.018844246864318848, -0.04273885488510132]] left_gripper=1.0186328887939453 right_gripper=-0.04273885488510132
update step=281 qpos=[-0.004256619606167078, -0.03396625816822052, -0.036622773855924606, 0.035842414945364, -0.015117187052965164, -0.016770854592323303, 1.0, 0.37598273158073425, 1.6457231044769287, 0.7774876356124878, 0.8745022416114807, -1.23538339138031, -0.01896144449710846, 0.0]
pred step=281 action=[[-0.006940171122550964, -0.022268235683441162, -0.03802788257598877, 0.03649070858955383, -0.010213494300842285, -0.01152774691581726, 1.0191526412963867, 0.37808358669281006, 1.6426262855529785, 0.7775511145591736, 0.875295102596283, -1.2306103706359863, -0.02025046944618225, -0.04014688730239868]] left_gripper=1.0191526412963867 right_gripper=-0.04014688730239868
update step=282 qpos=[-0.006636690814048052, -0.02368985302746296, -0.03664182499051094, 0.03637121990323067, -0.010826014913618565, -0.012195257470011711, 1.0, 0.37785235047340393, 1.6430022716522217, 0.7775371074676514, 0.8751957416534424, -1.2312206029891968, -0.020086053758859634, 0.0]
pred step=282 action=[[-0.013030432164669037, 0.007367432117462158, -0.022636830806732178, 0.03906415402889252, 0.013008475303649902, -0.005349963903427124, 1.0206470489501953, 0.37842342257499695, 1.6423715353012085, 0.7722020149230957, 0.8848350644111633, -1.2363927364349365, -0.01912742853164673, -0.04457855224609375]] left_gripper=1.0206470489501953 right_gripper=-0.04457855224609375
update step=283 qpos=[-0.012330407276749611, 0.0036517749540507793, -0.024205407127738, 0.03875212371349335, 0.010009928606450558, -0.006220262032002211, 1.0, 0.3783695697784424, 1.6424603462219238, 0.7727887034416199, 0.8836014270782471, -1.2357478141784668, -0.019251443445682526, 0.0]
pred step=283 action=[[-0.025595303624868393, 0.06478482484817505, 0.011387526988983154, 0.04257240891456604, 0.05053257942199707, 0.014750301837921143, 1.022751808166504, 0.38587403297424316, 1.6392161846160889, 0.7723578214645386, 0.876836895942688, -1.228560209274292, -0.01694503426551819, -0.04023289680480957]] left_gripper=1.022751808166504 right_gripper=-0.04023289680480957
update step=284 qpos=[-0.024127041921019554, 0.05747096240520477, 0.007373305968940258, 0.042170051485300064, 0.045442063361406326, 0.012080667540431023, 1.0, 0.3850647509098053, 1.639580488204956, 0.7724204659461975, 0.8777028918266296, -1.2294847965240479, -0.017238913103938103, 0.0]
pred step=284 action=[[-0.041445668786764145, 0.13895392417907715, 0.0609106719493866, 0.05252020061016083, 0.1156976968050003, 0.03415846824645996, 1.0223660469055176, 0.38392770290374756, 1.6375482082366943, 0.7758065462112427, 0.8833763003349304, -1.231802225112915, -0.016011327505111694, -0.04562985897064209]] left_gripper=1.0223660469055176 right_gripper=-0.04562985897064209
update step=285 qpos=[-0.03956759721040726, 0.12921598553657532, 0.05487895384430885, 0.05133901163935661, 0.10685691237449646, 0.031349897384643555, 1.0, 0.3840336501598358, 1.63774836063385, 0.7754427790641785, 0.8826686143875122, -1.2315022945404053, -0.01616859808564186, 0.0]
pred step=285 action=[[-0.05838910490274429, 0.23278403282165527, 0.112139493227005, 0.0562744140625, 0.17781803011894226, 0.06670117378234863, 1.0217713117599487, 0.38447684049606323, 1.6387393474578857, 0.7808691263198853, 0.876572847366333, -1.2231590747833252, -0.01879635453224182, -0.0455554723739624]] left_gripper=1.0217713117599487 right_gripper=-0.0455554723739624
update step=286 qpos=[-0.056337811052799225, 0.22053469717502594, 0.10552512109279633, 0.05573328584432602, 0.1688867211341858, 0.062199126929044724, 1.0, 0.3844156861305237, 1.6386882066726685, 0.7802210450172424, 0.877341091632843, -1.2242060899734497, -0.01845933496952057, 0.0]
pred step=286 action=[[-0.08596181124448776, 0.3545414209365845, 0.189193993806839, 0.06822127103805542, 0.2756904363632202, 0.10198494791984558, 1.028592824935913, 0.3881966769695282, 1.6360160112380981, 0.7801426649093628, 0.8726827502250671, -1.2175087928771973, -0.016571909189224243, -0.04798626899719238]] left_gripper=1.028592824935913 right_gripper=-0.04798626899719238
update step=287 qpos=[-0.08272486925125122, 0.3386273682117462, 0.17981354892253876, 0.06685131788253784, 0.2622356414794922, 0.09691933542490005, 1.0, 0.38778868317604065, 1.6363407373428345, 0.7801489233970642, 0.8732746839523315, -1.2183643579483032, -0.01681230030953884, 0.0]
pred step=287 action=[[-0.11013486981391907, 0.4622171223163605, 0.2520545721054077, 0.08163028955459595, 0.35934311151504517, 0.12949106097221375, 1.0372142791748047, 0.38876307010650635, 1.642153263092041, 0.7769123315811157, 0.873039960861206, -1.216848373413086, -0.011637568473815918, -0.04036647081375122]] left_gripper=1.0372142791748047 right_gripper=-0.04036647081375122
update step=288 qpos=[-0.10713494569063187, 0.447704941034317, 0.24382200837135315, 0.0798952579498291, 0.3470955193042755, 0.12534311413764954, 1.0, 0.38864758610725403, 1.6415588855743408, 0.7772372364997864, 0.8730413317680359, -1.217037558555603, -0.012297024019062519, 0.0]
pred step=288 action=[[-0.14183861017227173, 0.5979171991348267, 0.337083101272583, 0.08762598037719727, 0.47109255194664, 0.16391679644584656, 1.0444893836975098, 0.38879215717315674, 1.6364558935165405, 0.7747641205787659, 0.8731797337532043, -1.213329553604126, -0.007715553045272827, -0.04548424482345581]] left_gripper=1.0444893836975098 right_gripper=-0.04548424482345581
update step=289 qpos=[-0.13804103434085846, 0.5802636742591858, 0.3266143202781677, 0.08688043802976608, 0.4554269015789032, 0.15900200605392456, 1.0, 0.38877391815185547, 1.6369433403015137, 0.7751256823539734, 0.8731861114501953, -1.2138077020645142, -0.008300562389194965, 0.0]
pred step=289 action=[[-0.1736736297607422, 0.7547701597213745, 0.4273316264152527, 0.1088075190782547, 0.5896407961845398, 0.20265723764896393, 1.0580147504806519, 0.3852595090866089, 1.6416652202606201, 0.7729033827781677, 0.8722044229507446, -1.2071540355682373, -0.013677209615707397, -0.03981715440750122]] left_gripper=1.0580147504806519 right_gripper=-0.03981715440750122
update step=290 qpos=[-0.16977864503860474, 0.7343524694442749, 0.41614627838134766, 0.10629475116729736, 0.5726362466812134, 0.19709241390228271, 1.0, 0.38562148809432983, 1.6412098407745361, 0.7731144428253174, 0.8723034858703613, -1.207987904548645, -0.012989631853997707, 0.0]
pred step=290 action=[[-0.20391282439231873, 0.881168007850647, 0.5075810551643372, 0.12396195530891418, 0.6889395117759705, 0.23646648228168488, 1.0647790431976318, 0.38506489992141724, 1.6419408321380615, 0.769564151763916, 0.8703976273536682, -1.2051773071289062, -0.014687597751617432, -0.037439167499542236]] left_gripper=1.0647790431976318 right_gripper=-0.037439167499542236
update step=291 qpos=[-0.20016196370124817, 0.8640413284301758, 0.4974496066570282, 0.12197847664356232, 0.6741838455200195, 0.23144714534282684, 1.0, 0.3851322829723358, 1.6418237686157227, 0.7699995636940002, 0.8706414699554443, -1.2055373191833496, -0.014471091330051422, 0.0]
pred step=291 action=[[-0.22821570932865143, 0.9971710443496704, 0.5790392160415649, 0.1372092068195343, 0.7832016944885254, 0.25847166776657104, 1.0790278911590576, 0.3842979073524475, 1.6347911357879639, 0.7618604898452759, 0.8777812719345093, -1.211462378501892, -0.014117926359176636, -0.04403191804885864]] left_gripper=1.0790278911590576 right_gripper=-0.04403191804885864
update step=292 qpos=[-0.22516022622585297, 0.9817102551460266, 0.5699743628501892, 0.13549503684043884, 0.7693369388580322, 0.2550254166126251, 1.0, 0.3844057321548462, 1.6355262994766235, 0.7628287076950073, 0.8768895268440247, -1.210731863975525, -0.014165292493999004, 0.0]
pred step=292 action=[[-0.2498762011528015, 1.1044137477874756, 0.6396536231040955, 0.14830484986305237, 0.8579361438751221, 0.2984745502471924, 1.0809757709503174, 0.38168609142303467, 1.6341652870178223, 0.7622721791267395, 0.8656274676322937, -1.201958179473877, -0.023974120616912842, -0.03255736827850342]] left_gripper=1.0809757709503174 right_gripper=-0.03255736827850342
update step=293 qpos=[-0.24717159569263458, 1.090199589729309, 0.6319357752799988, 0.1468689739704132, 0.8466394543647766, 0.2929326295852661, 1.0, 0.3819614350795746, 1.6343809366226196, 0.7623102068901062, 0.8670506477355957, -1.2030662298202515, -0.022720469161868095, 0.0]
pred step=293 action=[[-0.25788652896881104, 1.128899335861206, 0.6568455696105957, 0.1549762487411499, 0.8764441013336182, 0.30493849515914917, 1.0817831754684448, 0.38109034299850464, 1.6391451358795166, 0.7585065960884094, 0.8663953542709351, -1.200404167175293, -0.02149912714958191, -0.03579586744308472]] left_gripper=1.0817831754684448 right_gripper=-0.03579586744308472
update step=294 qpos=[-0.25672218203544617, 1.124300479888916, 0.6542145609855652, 0.1540498584508896, 0.8726567029953003, 0.3034108579158783, 1.0, 0.38118621706962585, 1.6386399269104004, 0.758919358253479, 0.8664572834968567, -1.2007395029067993, -0.021654773503541946, 0.0]
pred step=294 action=[[-0.29197973012924194, 1.2922700643539429, 0.7460190653800964, 0.17376580834388733, 0.9984384775161743, 0.3477762043476105, 1.0999276638031006, 0.3782309293746948, 1.6263833045959473, 0.7464985251426697, 0.8738386034965515, -1.207871675491333, -0.02381804585456848, -0.029069960117340088]] left_gripper=1.0999276638031006 right_gripper=-0.029069960117340088
update step=295 qpos=[-0.28809332847595215, 1.272843837738037, 0.7358738780021667, 0.17149771749973297, 0.9823468327522278, 0.3421142101287842, 1.0, 0.3785723149776459, 1.6276625394821167, 0.7479946613311768, 0.8729309439659119, -1.2069973945617676, -0.0235449206084013, 0.0]
pred step=295 action=[[-0.3070022165775299, 1.3407881259918213, 0.7760345935821533, 0.18174871802330017, 1.0312163829803467, 0.3657134771347046, 1.0957369804382324, 0.3785088062286377, 1.636458158493042, 0.7503033876419067, 0.870142936706543, -1.2029461860656738, -0.022261738777160645, -0.02543705701828003]] left_gripper=1.0957369804382324 right_gripper=-0.02543705701828003
update step=296 qpos=[-0.30494481325149536, 1.3325878381729126, 0.7718850374221802, 0.18062840402126312, 1.0249857902526855, 0.362708181142807, 1.0, 0.3785029351711273, 1.635547399520874, 0.7499781250953674, 0.8704662919044495, -1.2034449577331543, -0.022423870861530304, 0.0]
pred step=296 action=[[-0.3234303593635559, 1.4037396907806396, 0.8092811703681946, 0.20128121972084045, 1.0820754766464233, 0.37803706526756287, 1.0844244956970215, 0.375762939453125, 1.6301864385604858, 0.7435079216957092, 0.8791062235832214, -1.205132246017456, -0.021710723638534546, -0.025245368480682373]] left_gripper=1.0844244956970215 right_gripper=-0.025245368480682373
update step=297 qpos=[-0.3214276134967804, 1.395450472831726, 0.8051860332489014, 0.19875666499137878, 1.074775218963623, 0.3760845959186554, 1.0, 0.37606698274612427, 1.630699872970581, 0.7443210482597351, 0.8780297636985779, -1.2049305438995361, -0.02180365100502968, 0.0]
pred step=297 action=[[-0.33711764216423035, 1.452512264251709, 0.8330879211425781, 0.20272570848464966, 1.1176252365112305, 0.3839947283267975, 1.0817009210586548, 0.37372109293937683, 1.6297111511230469, 0.740001916885376, 0.8849555253982544, -1.2035493850708008, -0.01889243721961975, -0.019412696361541748]] left_gripper=1.0817009210586548 right_gripper=-0.019412696361541748
update step=298 qpos=[-0.33541807532310486, 1.4458168745040894, 0.8300480246543884, 0.20229896903038025, 1.1121459007263184, 0.3829862177371979, 1.0, 0.3739749789237976, 1.6298407316207886, 0.7404869794845581, 0.884068489074707, -1.2037285566329956, -0.019264595583081245, 0.0]
pred step=298 action=[[-0.3369298279285431, 1.4658942222595215, 0.8424490690231323, 0.19332069158554077, 1.1212490797042847, 0.40490835905075073, 1.0809216499328613, 0.37071657180786133, 1.626953363418579, 0.7431401610374451, 0.8695128560066223, -1.1974810361862183, -0.028469473123550415, -0.003920853137969971]] left_gripper=1.0809216499328613 right_gripper=-0.003920853137969971
update step=299 qpos=[-0.3367548882961273, 1.463396668434143, 0.8411891460418701, 0.19453001022338867, 1.1200791597366333, 0.40211209654808044, 1.0, 0.3710586130619049, 1.627296805381775, 0.7428414225578308, 0.8713701367378235, -1.198265552520752, -0.027292676270008087, 0.0]
pred step=299 action=[[-0.3457002341747284, 1.4892239570617676, 0.849755585193634, 0.20538797974586487, 1.142027497291565, 0.39521199464797974, 1.0699299573898315, 0.3701236844062805, 1.627324104309082, 0.730728268623352, 0.8960809707641602, -1.2088236808776855, -0.016810476779937744, -0.015001356601715088]] left_gripper=1.0699299573898315 right_gripper=-0.015001356601715088
