policy_step,act_chunk_number,act_chunk_index,act_chunk_refresh,act_action_14d,left_arm_joints,left_gripper,right_arm_joints,right_gripper,left_end_effector_pose,right_end_effector_pose,coin_position,coin_orientation_wxyz,coin_z_delta,reward,score,success,episode_ended,max_internal_tracking_error
1,0,0,True,"[-0.0018316283822059631,-0.085945725440979,-0.03723102807998657,0.038987353444099426,-0.007103979587554932,-0.05838438868522644,1.0017592906951904,0.02417284995317459,-0.06692725419998169,-0.003548741340637207,-0.00682587455958128,0.016402244567871094,0.04202106595039368,0.994542121887207]","[-0.0015957893338054419,-0.07581353187561035,-0.03265438973903656,0.034064386039972305,-0.006209829356521368,-0.05094097927212715]",0.0439981147646904,"[0.02129475027322769,-0.05906788259744644,-0.0029131006449460983,-0.005856879521161318,0.014285167679190636,0.03666217625141144]",0.04388519003987312,"[-0.29955586791038513,-0.354475200176239,0.9194831252098083,0.7053046822547913,0.00923378486186266,-0.04542824625968933,0.70738685131073]","[0.2988729476928711,-0.3554963171482086,0.9244392514228821,0.7038441300392151,0.031003909185528755,-0.004451957065612078,0.709663450717926]","[0.13372355699539185,-0.11550566554069519,0.7805881500244141]","[0.09688034653663635,0.15189416706562042,0.6923665404319763,0.698692262172699]",0.0,0.0,0.0,False,False,0.017140530049800873
2,0,1,False,"[-0.0026038140058517456,-0.08650517463684082,-0.039214253425598145,0.03983660042285919,-0.010776549577713013,-0.04950803518295288,1.006077527999878,0.03101196140050888,-0.03884166479110718,0.009865105152130127,-0.005628935061395168,0.017036914825439453,0.03698238730430603,1.001326322555542]","[-0.002475715707987547,-0.08517620712518692,-0.03616702929139137,0.03908947482705116,-0.010197932831943035,-0.04969385266304016]",0.04399990662932396,"[0.02986825257539749,-0.041231848299503326,0.008301613852381706,-0.005658962298184633,0.016670407727360725,0.036942873150110245]",0.04394062981009483,"[-0.2995879054069519,-0.354757696390152,0.9194839000701904,0.7041324377059937,0.013454674743115902,-0.04894043505191803,0.7082521915435791]","[0.2981242835521698,-0.35525941848754883,0.926921010017395,0.7017359137535095,0.028835734352469444,-0.001995374681428075,0.7118505239486694]","[0.13372357189655304,-0.115505650639534,0.7805881500244141]","[0.09688010066747665,0.1518944799900055,0.6923672556877136,0.6986916065216064]",0.0,0.0,0.0,False,False,0.00409296527504921
3,0,2,False,"[-0.0019287168979644775,-0.0847088098526001,-0.03658705949783325,0.038501203060150146,-0.010773628950119019,-0.04584091901779175,1.0069553852081299,0.039462678134441376,-0.006223738193511963,0.03210979700088501,-0.02113308571279049,0.01917058229446411,0.02549302577972412,1.0079036951065063]","[-0.0019922740757465363,-0.08477937430143356,-0.036161426454782486,0.03857031464576721,-0.010701799765229225,-0.04633217304944992]",0.043999746441841125,"[0.03833376243710518,-0.010372107848525047,0.02930777333676815,-0.019135506823658943,0.018833976238965988,0.026951920241117477]",0.0439685620367527,"[-0.2996484935283661,-0.3547322452068329,0.9194059371948242,0.703765332698822,0.01432601734995842,-0.04743526875972748,0.7087022662162781]","[0.29736489057540894,-0.35475635528564453,0.9304229617118835,0.699870228767395,0.01690143346786499,0.0025710519403219223,0.7140653133392334]","[0.13372355699539185,-0.115505650639534,0.7805881500244141]","[0.09688014537096024,0.15189436078071594,0.6923670172691345,0.6986918449401855]",0.0,0.0,0.0,False,False,0.006952074356377125
4,0,3,False,"[-0.002493157982826233,-0.07993948459625244,-0.0404471755027771,0.030888527631759644,-0.014170140027999878,-0.03134077787399292,1.0128437280654907,0.05854366719722748,0.07879209518432617,0.0884329080581665,-0.04397779330611229,0.0173952579498291,-0.00488966703414917,1.0184245109558105]","[-0.0024283132515847683,-0.08067077398300171,-0.03622695431113243,0.03182222321629524,-0.013729186728596687,-0.03325209021568298]",0.04399999976158142,"[0.05618010833859444,0.0681803971529007,0.0816366896033287,-0.040697336196899414,0.017532983794808388,-0.0008331043063662946]",0.04398427903652191,"[-0.2996939420700073,-0.35445570945739746,0.9184234738349915,0.7028290629386902,0.015060462057590485,-0.03898164629936218,0.7101301550865173]","[0.295502632856369,-0.3526012599468231,0.9401435852050781,0.693134605884552,-0.010269254446029663,0.008967895060777664,0.7206791639328003]","[0.13372357189655304,-0.1155056357383728,0.7805881500244141]","[0.09687993675470352,0.15189465880393982,0.6923676133155823,0.698691189289093]",0.0,0.0,0.0,False,False,0.017755776643753052
5,0,4,False,"[-0.0021958500146865845,-0.06778872013092041,-0.03246200084686279,0.020281732082366943,-0.017319083213806152,-0.020346611738204956,1.0150172710418701,0.08753715455532074,0.21063488721847534,0.1840161383152008,-0.1232823058962822,0.021599680185317993,-0.06867274641990662,1.0336127281188965]","[-0.0022170511074364185,-0.0692967101931572,-0.03296259045600891,0.021730955690145493,-0.016864540055394173,-0.021991442888975143]",0.043999992311000824,"[0.08386658877134323,0.19379718601703644,0.1720448136329651,-0.11260239779949188,0.02101324498653412,-0.060029175132513046]",0.04399999976158142,"[-0.29980412125587463,-0.35402965545654297,0.9176949858665466,0.7016868591308594,0.012618066743016243,-0.028546586632728577,0.7118014097213745]","[0.2924523949623108,-0.3473469018936157,0.9540484547615051,0.68108069896698,-0.07036621123552322,0.02305436134338379,0.7284544706344604]","[0.13372355699539185,-0.1155056580901146,0.7805881500244141]","[0.09688027948141098,0.1518942266702652,0.6923667788505554,0.6986920237541199]",0.0,0.0,0.0,False,False,0.028417274355888367
6,0,5,False,"[0.0011732280254364014,-0.0625985860824585,-0.037809908390045166,0.016501247882843018,-0.016774147748947144,-0.01766917109489441,1.018489122390747,0.11992307007312775,0.3460218906402588,0.29959145188331604,-0.1985662579536438,0.028798580169677734,-0.13370254635810852,1.0402417182922363]","[0.0007747863419353962,-0.06326309591531754,-0.03636503592133522,0.01700454205274582,-0.016792163252830505,-0.01821986213326454]",0.04399999976158142,"[0.11570188403129578,0.3280273377895355,0.28488993644714355,-0.18731053173542023,0.02773113176226616,-0.12431777268648148]",0.04399999976158142,"[-0.3000897169113159,-0.35346391797065735,0.9156225919723511,0.7007033228874207,0.009015493094921112,-0.022139063104987144,0.7130521535873413]","[0.2884015738964081,-0.3392014503479004,0.9738517999649048,0.6640471816062927,-0.1284208446741104,0.029586834833025932,0.7359850406646729]","[0.13372355699539185,-0.11550568789243698,0.7805881500244141]","[0.09687985479831696,0.15189461410045624,0.6923658847808838,0.6986929774284363]",0.0,0.0,0.0,False,False,0.03037923574447632
7,0,6,False,"[0.00243387371301651,-0.06531673669815063,-0.03819561004638672,0.012489572167396545,-0.01878577470779419,-0.003826320171356201,1.0198854207992554,0.15938663482666016,0.5188580751419067,0.43608540296554565,-0.29910197854042053,0.030476927757263184,-0.21660509705543518,1.089581847190857]","[0.002241926034912467,-0.06503687053918839,-0.03634791076183319,0.013054427690804005,-0.01853564940392971,-0.005661459174007177]",0.04399999976158142,"[0.1542891263961792,0.49389591813087463,0.41872939467430115,-0.2844372093677521,0.030031507834792137,-0.2048492282629013]",0.04399999976158142,"[-0.30028170347213745,-0.35353872179985046,0.9153825044631958,0.6995010375976562,0.012658881954848766,-0.016897184774279594,0.7143195271492004]","[0.2818659842014313,-0.3247324228286743,0.9940707683563232,0.6335800886154175,-0.2034202516078949,0.03823885694146156,0.7454757690429688]","[0.13372355699539185,-0.11550566554069519,0.7805881500244141]","[0.09688016027212143,0.15189412236213684,0.6923666000366211,0.698692262172699]",0.0,0.0,0.0,False,False,0.04138651490211487
8,0,7,False,"[0.00612032413482666,-0.06968921422958374,-0.05067002773284912,0.010333418846130371,-0.01764938235282898,0.002756059169769287,1.0296179056167603,0.21393610537052155,0.7706400156021118,0.6211717128753662,-0.4324387013912201,0.045524269342422485,-0.3371554911136627,1.1130605936050415]","[0.005662030540406704,-0.06897196173667908,-0.03637157380580902,0.010691240429878235,-0.0177683774381876,0.0016832681139931083]",0.04399999976158142,"[0.20695000886917114,0.6805727481842041,0.5902071595191956,-0.4136021137237549,0.043424639850854874,-0.32030412554740906]",0.04399999976158142,"[-0.3005882203578949,-0.35372480750083923,0.9154466390609741,0.6984897255897522,0.01580210216343403,-0.014793002046644688,0.7152925729751587]","[0.27115875482559204,-0.30429306626319885,1.0185972452163696,0.5870257616043091,-0.2943347096443176,0.03315228968858719,0.7534379363059998]","[0.13372358679771423,-0.1155056431889534,0.7805881500244141]","[0.09688017517328262,0.15189410746097565,0.6923673748970032,0.6986914873123169]",0.0,0.0,0.0,False,False,0.10979616641998291
9,0,8,False,"[0.005173012614250183,-0.0644034743309021,-0.0350533127784729,0.008088305592536926,-0.021371513605117798,-0.0023802518844604492,1.0193005800247192,0.25998058915138245,0.9193331599235535,0.7563442587852478,-0.5242998600006104,0.03574112057685852,-0.4162929654121399,1.1358094215393066]","[0.005239125341176987,-0.06493892520666122,-0.03523120656609535,0.008412419818341732,-0.020915690809488297,-0.001861917320638895]",0.04399999976158142,"[0.2538442015647888,0.8618840575218201,0.7379694581031799,-0.5096541047096252,0.03660042583942413,-0.40406984090805054]",0.04399999976158142,"[-0.3006393313407898,-0.35359373688697815,0.915306031703949,0.697576642036438,0.0127235297113657,-0.014246858656406403,0.7162554264068604]","[0.2572377324104309,-0.27917054295539856,1.0339462757110596,0.5327693819999695,-0.3641727864742279,0.03358585759997368,0.7631558775901794]","[0.13372357189655304,-0.1155056357383728,0.7805881500244141]","[0.09688009321689606,0.15189464390277863,0.692367672920227,0.6986911296844482]",0.0,0.0,0.0,False,False,0.07728266716003418
10,0,9,False,"[0.004501260817050934,-0.07334262132644653,-0.04909241199493408,0.02229440212249756,-0.019765198230743408,-0.00997769832611084,1.022881269454956,0.2988053262233734,1.1327017545700073,0.92034912109375,-0.6461500525474548,0.046886056661605835,-0.5366595387458801,1.1590337753295898]","[0.004586558789014816,-0.07226534932851791,-0.03633342310786247,0.020599737763404846,-0.019910357892513275,-0.008943138644099236]",0.04399845749139786,"[0.2936074733734131,1.0493046045303345,0.8986288905143738,-0.628261923789978,0.045485008507966995,-0.519766092300415]",0.04399999976158142,"[-0.3005456328392029,-0.3539426326751709,0.9166672825813293,0.6980875730514526,0.016712386161088943,-0.023333197459578514,0.7154368162155151]","[0.2415100783109665,-0.2504803538322449,1.0450845956802368,0.46933960914611816,-0.4455392360687256,0.024296432733535767,0.7619873881340027]","[0.13372357189655304,-0.1155056357383728,0.7805881500244141]","[0.0968800038099289,0.1518944948911667,0.692367434501648,0.6986913681030273]",0.0,0.0,0.0,False,False,0.10284280776977539
11,0,10,False,"[0.003828495740890503,-0.07050931453704834,-0.043934166431427,0.013484328985214233,-0.019696831703186035,-0.0020203590393066406,1.018022060394287,0.3618896007537842,1.3869515657424927,1.1195842027664185,-0.7979944348335266,0.05512118339538574,-0.6647037267684937,1.1720256805419922]","[0.003916206769645214,-0.07105053216218948,-0.03633692488074303,0.014360147528350353,-0.019721409305930138,-0.002903249580413103]",0.043998025357723236,"[0.35403791069984436,1.2420334815979004,1.0774965286254883,-0.776921808719635,0.05373213812708855,-0.6462563872337341]",0.04399999976158142,"[-0.3004761040210724,-0.3538482189178467,0.9159711003303528,0.6984065175056458,0.0161997489631176,-0.01852087303996086,0.7152782082557678]","[0.21778196096420288,-0.22183342278003693,1.0523346662521362,0.3810129463672638,-0.5273017287254333,0.008356777019798756,0.7594157457351685]","[0.13372357189655304,-0.1155056431889534,0.7805881500244141]","[0.09688003361225128,0.15189434587955475,0.6923672556877136,0.6986915469169617]",0.0,0.0,0.0,False,False,0.1648871898651123
12,0,11,False,"[-0.00033364444971084595,-0.06363600492477417,-0.038065969944000244,0.022529706358909607,-0.020128577947616577,-0.0007256865501403809,1.009574294090271,0.40472549200057983,1.5657621622085571,1.254826307296753,-0.8963455557823181,0.05682593584060669,-0.7642232179641724,1.2056071758270264]","[0.00016618560766801238,-0.0646008774638176,-0.03635258600115776,0.021493231877684593,-0.020068209618330002,-0.0010026111267507076]",0.04399649798870087,"[0.39893218874931335,1.4311259984970093,1.2344307899475098,-0.8805925846099854,0.05634627491235733,-0.7491942048072815]",0.04399999976158142,"[-0.30012571811676025,-0.35355421900749207,0.9161627292633057,0.6996012330055237,0.017060693353414536,-0.018114041537046432,0.7141000032424927]","[0.19302666187286377,-0.1909569799900055,1.048848032951355,0.3009742200374603,-0.5860334634780884,-0.00410840567201376,0.7523046731948853]","[0.13372357189655304,-0.1155056431889534,0.7805881500244141]","[0.09687983989715576,0.15189450979232788,0.6923670172691345,0.6986918449401855]",0.0,0.0,0.0,False,False,0.15347683429718018
13,0,12,False,"[-0.000968150794506073,-0.06302708387374878,-0.045108258724212646,0.023078903555870056,-0.01613500714302063,-0.008062154054641724,1.0082663297653198,0.43410277366638184,1.7173713445663452,1.381784200668335,-0.971985399723053,0.058679163455963135,-0.8489868640899658,1.1949797868728638]","[-0.0008428273722529411,-0.06362977623939514,-0.036406032741069794,0.022878296673297882,-0.01663060300052166,-0.007161642424762249]",0.04399619251489639,"[0.4300501346588135,1.6176612377166748,1.3654236793518066,-0.9598194360733032,0.0583387166261673,-0.8362685441970825]",0.04398671165108681,"[-0.2999289631843567,-0.35350632667541504,0.9162040948867798,0.7012335658073425,0.015048404224216938,-0.020414752885699272,0.7124803066253662]","[0.1695222556591034,-0.16051387786865234,1.0317950248718262,0.22547383606433868,-0.6344648003578186,-0.007470258511602879,0.7392970323562622]","[0.13372357189655304,-0.115505650639534,0.7805881500244141]","[0.09687996655702591,0.15189442038536072,0.6923670172691345,0.6986917853355408]",0.0,0.0,0.0,False,False,0.11886250972747803
14,0,13,False,"[0.0004998445510864258,-0.07235193252563477,-0.032356321811676025,0.03158514201641083,-0.01276513934135437,-0.011110246181488037,1.0067837238311768,0.47425052523612976,1.8446407318115234,1.4915722608566284,-1.0656100511550903,0.06828078627586365,-0.9065996408462524,1.183892846107483]","[0.0003341642441228032,-0.0713641569018364,-0.03270181640982628,0.030531175434589386,-0.01325658243149519,-0.010607092641294003]",0.04399491846561432,"[0.46913760900497437,1.7972056865692139,1.478153109550476,-1.0517750978469849,0.06696924567222595,-0.8976404070854187]",0.04399999976158142,"[-0.29994428157806396,-0.3542096018791199,0.9187895059585571,0.7018767595291138,0.0205818060785532,-0.02838600054383278,0.7114348411560059]","[0.14444702863693237,-0.13795453310012817,1.0043785572052002,0.1459290087223053,-0.6809669733047485,0.001774527714587748,0.717624843120575]","[0.13372357189655304,-0.11550566554069519,0.7805881500244141]","[0.09688010066747665,0.1518939733505249,0.6923664212226868,0.6986925005912781]",0.0,0.0,0.0,False,False,0.06717610359191895
15,0,14,False,"[-0.0017222091555595398,-0.06046527624130249,-0.03526103496551514,0.020259752869606018,-0.01116839051246643,-0.007384002208709717,1.0000739097595215,0.48593196272850037,1.9337451457977295,1.55814528465271,-1.0939350128173828,0.059544920921325684,-0.9605902433395386,1.187058687210083]","[-0.0014846182893961668,-0.06168271601200104,-0.035171013325452805,0.02149263024330139,-0.011427652090787888,-0.007794747594743967]",0.04399716854095459,"[0.48377877473831177,1.9160336256027222,1.5499451160430908,-1.087895154953003,0.06050591915845871,-0.9525567293167114]",0.0439002625644207,"[-0.29971638321876526,-0.35348203778266907,0.9163413047790527,0.7033330798149109,0.014122222550213337,-0.019846273586153984,0.7104430198669434]","[0.13006895780563354,-0.12197861075401306,0.9825217723846436,0.09487001597881317,-0.7004935145378113,0.0022101937793195248,0.7073214054107666]","[0.13372357189655304,-0.1155056357383728,0.7805881500244141]","[0.09687983989715576,0.15189455449581146,0.6923673748970032,0.6986914873123169]",0.0,0.0,0.0,False,False,0.030017971992492676
16,0,15,False,"[-0.003491505980491638,-0.05383777618408203,-0.03600907325744629,0.02063196897506714,-0.010031074285507202,-0.008965283632278442,1.0046530961990356,0.5093283653259277,2.0409421920776367,1.6183462142944336,-1.125423550605774,0.051664531230926514,-0.9896714687347412,1.1552159786224365]","[-0.003258767770603299,-0.05477510020136833,-0.035886652767658234,0.02073926292359829,-0.010203479789197445,-0.008815593086183071]",0.04399710148572922,"[0.5063821077346802,2.0251009464263916,1.6111376285552979,-1.1200642585754395,0.052774153649806976,-0.9849352240562439]",0.043896205723285675,"[-0.2995084524154663,-0.35308387875556946,0.9154951572418213,0.7044561505317688,0.010812212713062763,-0.01722893863916397,0.7094559669494629]","[0.11434082686901093,-0.11130500584840775,0.9588479399681091,0.04910844564437866,-0.7153626084327698,0.007519726641476154,0.6969850063323975]","[0.13372358679771423,-0.1155056357383728,0.7805881500244141]","[0.09687983989715576,0.1518944352865219,0.6923673748970032,0.6986914873123169]",0.0,0.0,0.0,False,False,0.02767324447631836
17,0,16,False,"[-0.0032608434557914734,-0.07018023729324341,-0.03412890434265137,0.02107638120651245,-0.0074995458126068115,-0.01636826992034912,1.0091347694396973,0.5268903970718384,2.0726053714752197,1.6565601825714111,-1.1376405954360962,0.04367092251777649,-1.000510811805725,1.1370850801467896]","[-0.0032659159041941166,-0.06839162111282349,-0.0342203713953495,0.021081743761897087,-0.007842066697776318,-0.015405255369842052]",0.043996479362249374,"[0.5243786573410034,2.066032648086548,1.651787519454956,-1.1350988149642944,0.04482440650463104,-0.9985222220420837]",0.043939221650362015,"[-0.2994418144226074,-0.3538888096809387,0.917136549949646,0.705239474773407,0.013994931243360043,-0.025094684213399887,0.7083866000175476]","[0.10401084274053574,-0.1077907532453537,0.9537845849990845,0.03172256052494049,-0.7162533402442932,0.002257333602756262,0.6971151828765869]","[0.13372355699539185,-0.115505650639534,0.7805881500244141]","[0.09687996655702591,0.1518944501876831,0.6923670768737793,0.6986917853355408]",0.0,0.0,0.0,False,False,0.011791825294494629
18,0,17,False,"[-0.003465510904788971,-0.061297595500946045,-0.02313894033432007,0.012263834476470947,-0.0108070969581604,-0.019445180892944336,0.9927040934562683,0.5562472939491272,2.152681827545166,1.6978349685668945,-1.172404170036316,0.04536759853363037,-1.0300824642181396,1.0539718866348267]","[-0.003435309510678053,-0.062143392860889435,-0.02444884553551674,0.013403910212218761,-0.010432349517941475,-0.018930621445178986]",0.04383751004934311,"[0.5525023937225342,2.142052173614502,1.6926568746566772,-1.167319893836975,0.04527977854013443,-1.0260564088821411]",0.04390398785471916,"[-0.29950153827667236,-0.3542037010192871,0.9192370176315308,0.7044296264648438,0.011274079792201519,-0.024900563061237335,0.7092472910881042]","[0.08977624773979187,-0.10581263899803162,0.9350210428237915,-0.008714902214705944,-0.7288522124290466,0.0022799200378358364,0.6846117377281189]","[0.13372357189655304,-0.1155056580901146,0.7805881500244141]","[0.09688003361225128,0.15189404785633087,0.6923666596412659,0.698692262172699]",0.0,0.0,0.0,False,False,0.02099609375
19,0,18,False,"[-0.003002151846885681,-0.04958999156951904,-0.025855541229248047,0.02186603844165802,-0.004956066608428955,-0.022481769323349,1.0077108144760132,0.5476666688919067,2.1750903129577637,1.7184998989105225,-1.177704930305481,0.04541999101638794,-1.0367830991744995,1.0480132102966309]","[-0.003063536249101162,-0.051054514944553375,-0.025751277804374695,0.020759372040629387,-0.005649677477777004,-0.022028911858797073]",0.04390351101756096,"[0.5476879477500916,2.1704111099243164,1.7158830165863037,-1.176195502281189,0.045446865260601044,-1.0354100465774536]",0.04394062981009483,"[-0.29939690232276917,-0.3535556495189667,0.9186608791351318,0.7060333490371704,0.008439544588327408,-0.024148862808942795,0.7077162861824036]","[0.0890452191233635,-0.10087816417217255,0.9296990633010864,-0.014800903387367725,-0.7312706708908081,0.004931955598294735,0.6819089651107788]","[0.13372355699539185,-0.115505650639534,0.7805881500244141]","[0.09688053280115128,0.1518942415714264,0.6923671960830688,0.6986916661262512]",0.0,0.0,0.0,False,False,0.0077245235443115234
20,0,19,False,"[0.0009329915046691895,-0.05679047107696533,-0.020634233951568604,0.014805540442466736,-0.010954409837722778,-0.018196523189544678,0.9910749197006226,0.5743117332458496,2.2043943405151367,1.7716147899627686,-1.2363619804382324,0.05699688196182251,-1.073919653892517,0.9284235835075378]","[0.00047372918925248086,-0.05613447725772858,-0.021166043356060982,0.015598775818943977,-0.010291234590113163,-0.01868598908185959]",0.04374437779188156,"[0.5715359449386597,2.200147867202759,1.7648680210113525,-1.2285822629928589,0.05548800528049469,-1.069012999534607]",0.04236665740609169,"[-0.29987189173698425,-0.3541167378425598,0.9201073050498962,0.7030940651893616,0.011222590692341328,-0.024600977078080177,0.7105824947357178]","[0.078709177672863,-0.10225304216146469,0.930153489112854,-0.04387189820408821,-0.7392579913139343,-0.007405152078717947,0.6719508767127991]","[0.13372357189655304,-0.1155056431889534,0.7805881500244141]","[0.09687992930412292,0.15189464390277863,0.6923672556877136,0.6986916065216064]",0.0,0.0,0.0,False,False,0.01201319694519043
21,0,20,False,"[0.0014594122767448425,-0.058853983879089355,-0.021596670150756836,0.012558713555335999,-0.014702558517456055,-0.012173742055892944,0.9940497875213623,0.5802750587463379,2.226212501525879,1.7681245803833008,-1.2238786220550537,0.05695292353630066,-1.069446086883545,0.8287494778633118]","[0.0013526376569643617,-0.05851330980658531,-0.021598244085907936,0.012931255623698235,-0.014146706089377403,-0.013004207983613014]",0.04372122138738632,"[0.5772521495819092,2.2179946899414062,1.7707219123840332,-1.2247732877731323,0.05920363962650299,-1.0688446760177612]",0.03934438154101372,"[-0.300067663192749,-0.35420483350753784,0.9198832511901855,0.7013792395591736,0.012950949370861053,-0.022363198921084404,0.712319552898407]","[0.07553209364414215,-0.1014966368675232,0.9244855642318726,-0.04767462983727455,-0.7416596412658691,-0.0077966987155377865,0.6690345406532288]","[0.13372357189655304,-0.1155056431889534,0.7805881500244141]","[0.09688016027212143,0.15189434587955475,0.6923671960830688,0.6986916661262512]",0.0,0.0,0.0,False,False,0.008854389190673828
22,0,21,False,"[-0.0004215538501739502,-0.055526673793792725,-0.019265353679656982,0.013699591159820557,-0.012938439846038818,-0.01516735553741455,1.001442790031433,0.5909755229949951,2.2547197341918945,1.77870774269104,-1.2149025201797485,0.05075627565383911,-1.0632485151290894,0.7385140061378479]","[-0.00021498453861568123,-0.0558905303478241,-0.019516507163643837,0.013611522503197193,-0.01308815460652113,-0.014891006983816624]",0.0438375249505043,"[0.5788843631744385,2.2293968200683594,1.7877715826034546,-1.2188775539398193,0.06077146902680397,-1.061911702156067]",0.0355253629386425,"[-0.29988688230514526,-0.3542095422744751,0.9204567074775696,0.702325165271759,0.012326765805482864,-0.023082410916686058,0.7113750576972961]","[0.07291540503501892,-0.09864901006221771,0.9239382743835449,-0.04178321361541748,-0.7403661012649536,-0.009769856929779053,0.6708328127861023]","[0.13372358679771423,-0.1155056580901146,0.7805881500244141]","[0.09687996655702591,0.1518942415714264,0.6923667192459106,0.6986921429634094]",0.0,0.0,0.0,False,False,0.02640700340270996
23,0,22,False,"[0.00028464198112487793,-0.04281723499298096,-0.01392275094985962,0.014878705143928528,-0.009831994771957397,-0.017006248235702515,1.013242483139038,0.5882929563522339,2.2816853523254395,1.7961034774780273,-1.2324278354644775,0.05886015295982361,-1.0696616172790527,0.6699171662330627]","[0.00021941575687378645,-0.0443715825676918,-0.014572512358427048,0.014723087660968304,-0.010244622826576233,-0.016736485064029694]",0.043902233242988586,"[0.5788198113441467,2.242232084274292,1.8083940744400024,-1.2316406965255737,0.06672533601522446,-1.067121982574463]",0.03167854622006416,"[-0.29984623193740845,-0.35391461849212646,0.9213682413101196,0.7032225131988525,0.009778562933206558,-0.021762767806649208,0.7105693221092224]","[0.07165779173374176,-0.09636221081018448,0.9238155484199524,-0.04425865411758423,-0.7428039312362671,-0.011220039799809456,0.6679502129554749]","[0.13372357189655304,-0.115505650639534,0.7805881500244141]","[0.09687992185354233,0.15189409255981445,0.6923670172691345,0.6986919045448303]",0.0,0.0,0.0,False,False,0.03995203971862793
24,0,23,False,"[0.0027465075254440308,-0.04155445098876953,-0.013055860996246338,0.015950098633766174,-0.013225048780441284,-0.018847137689590454,1.0078368186950684,0.5958802103996277,2.2639975547790527,1.8028197288513184,-1.2517722845077515,0.06448772549629211,-1.0833995342254639,0.5745252370834351]","[0.00245603802613914,-0.0418868251144886,-0.013232658617198467,0.01579577662050724,-0.012853461317718029,-0.018578559160232544]",0.04393910616636276,"[0.5856378078460693,2.2447192668914795,1.8133286237716675,-1.2491902112960815,0.07204083353281021,-1.0799603462219238]",0.027364840731024742,"[-0.30013683438301086,-0.35387134552001953,0.9217382073402405,0.7015073299407959,0.009118486195802689,-0.02241041325032711,0.7122513651847839]","[0.0698278620839119,-0.09851737320423126,0.9241675734519958,-0.05518239736557007,-0.7464296817779541,-0.014687536284327507,0.6630095839500427]","[0.13372357189655304,-0.1155056580901146,0.7805881500244141]","[0.09688028693199158,0.1518937349319458,0.6923667788505554,0.6986922025680542]",0.0,0.0,0.0,False,False,0.019429683685302734
25,0,24,False,"[0.00011699646711349487,-0.034173548221588135,-0.004756450653076172,0.004176050424575806,-0.014443427324295044,-0.01083141565322876,1.0141297578811646,0.5946431756019592,2.276761531829834,1.7953605651855469,-1.246717095375061,0.06582891941070557,-1.0747379064559937,0.4914223551750183]","[0.00039479322731494904,-0.03508641570806503,-0.0057645440101623535,0.005664346739649773,-0.014237191528081894,-0.011819076724350452]",0.04396854713559151,"[0.586725652217865,2.2446811199188232,1.8126755952835083,-1.2457163333892822,0.07361643761396408,-1.0743646621704102]",0.02295856364071369,"[-0.29997870326042175,-0.3539466857910156,0.9227800965309143,0.7017600536346436,0.008137688040733337,-0.016661008819937706,0.7121719121932983]","[0.06935310363769531,-0.09854679554700851,0.9239960312843323,-0.052296578884124756,-0.7465661764144897,-0.014386331662535667,0.6630964279174805]","[0.13372357189655304,-0.1155056580901146,0.7805881500244141]","[0.09687963128089905,0.1518947184085846,0.6923667192459106,0.6986920833587646]",0.0,0.0,0.0,False,False,0.03208041191101074
26,0,25,False,"[0.0028707608580589294,-0.03525000810623169,-0.0025430917739868164,0.007793456315994263,-0.0205078125,-0.008858025074005127,1.0151448249816895,0.601077675819397,2.246882438659668,1.7858614921569824,-1.2579180002212524,0.07595682144165039,-1.0755741596221924,0.3886890709400177]","[0.002591981552541256,-0.03524179011583328,-0.002888261806219816,0.007538964040577412,-0.019719941541552544,-0.009235788136720657]",0.04397803544998169,"[0.5972131490707397,2.236111640930176,1.7977800369262695,-1.253653645515442,0.07865767925977707,-1.0752314329147339]",0.018094493076205254,"[-0.30034777522087097,-0.3541589081287384,0.9239503145217896,0.6989846229553223,0.010756283067166805,-0.017522497102618217,0.7148410677909851]","[0.0677545964717865,-0.10377505421638489,0.9240133166313171,-0.05974745750427246,-0.7502092123031616,-0.01548644620925188,0.6583133339881897]","[0.13372357189655304,-0.115505650639534,0.7805881500244141]","[0.09687991440296173,0.15189458429813385,0.6923670768737793,0.698691725730896]",0.0,0.0,0.0,False,False,0.013341546058654785
27,0,26,False,"[0.00012361258268356323,-0.026952028274536133,-0.009025156497955322,0.007529795169830322,-0.012328565120697021,-0.007563203573226929,1.0240099430084229,0.5960855484008789,2.2666068077087402,1.7954480648040771,-1.2459778785705566,0.06866317987442017,-1.0730042457580566,0.30874043703079224]","[0.0003990217228420079,-0.027882298454642296,-0.00843923632055521,0.007472418714314699,-0.013258088380098343,-0.007775564678013325]",0.043994054198265076,"[0.5917249917984009,2.2434301376342773,1.8084882497787476,-1.2459157705307007,0.0747823566198349,-1.072776198387146]",0.013512825593352318,"[-0.29995113611221313,-0.35336989164352417,0.9214950203895569,0.7021222114562988,0.006725988816469908,-0.012343095615506172,0.7119176387786865]","[0.06802432239055634,-0.1002763882279396,0.9235154986381531,-0.05415410175919533,-0.74741530418396,-0.015052607282996178,0.661975085735321]","[0.13372357189655304,-0.11550566554069519,0.7805881500244141]","[0.09688010066747665,0.15189406275749207,0.6923664808273315,0.6986924409866333]",0.0,0.0,0.0,False,False,0.023825883865356445
28,0,27,False,"[0.0016228929162025452,-0.02835261821746826,-0.004411518573760986,0.0057892948389053345,-0.014802306890487671,-0.00916224718093872,1.0257805585861206,0.5954159498214722,2.2769935131073,1.8105905055999756,-1.265229344367981,0.07448431849479675,-1.0756659507751465,0.3009224534034729]","[0.00148181919939816,-0.028335710987448692,-0.004778308793902397,0.006042970344424248,-0.014609207399189472,-0.008985576219856739]",0.04398990795016289,"[0.5925104022026062,2.253242254257202,1.8241709470748901,-1.2605949640274048,0.07821164280176163,-1.0750246047973633]",0.010526388883590698,"[-0.3000943958759308,-0.3536264896392822,0.9226377606391907,0.7012501955032349,0.007247021421790123,-0.01373415719717741,0.7127460241317749]","[0.06700639426708221,-0.09917811304330826,0.923440158367157,-0.057464275509119034,-0.7497506737709045,-0.014234368689358234,0.6590667963027954]","[0.13372358679771423,-0.1155056431889534,0.7805881500244141]","[0.09687990695238113,0.1518941968679428,0.6923670172691345,0.6986919045448303]",0.0,0.0,0.0,False,False,0.024545907974243164
29,0,28,False,"[0.0014176592230796814,-0.029116392135620117,-0.00531238317489624,0.004033952951431274,-0.02060583233833313,-0.0059472620487213135,1.021183729171753,0.6006112098693848,2.262798309326172,1.810495138168335,-1.2768234014511108,0.08590665459632874,-1.084810733795166,0.24174407124519348]","[0.0014374186284840107,-0.02900795079767704,-0.005293011199682951,0.004276323597878218,-0.019847579300403595,-0.006335066165775061]",0.04399462789297104,"[0.5993607640266418,2.2521097660064697,1.8203318119049072,-1.272091269493103,0.08643865585327148,-1.0836288928985596]",0.007481209002435207,"[-0.30024173855781555,-0.3536296784877777,0.9223429560661316,0.6993927359580994,0.007590674329549074,-0.012248674407601357,0.7145922183990479]","[0.06578069925308228,-0.10207649320363998,0.9231544733047485,-0.06609659641981125,-0.7540339827537537,-0.01721419207751751,0.6532745957374573]","[0.13372357189655304,-0.1155056431889534,0.7805881500244141]","[0.09687963128089905,0.15189485251903534,0.6923671364784241,0.6986916661262512]",0.0,0.0,0.0,False,False,0.010688543319702148
30,0,29,False,"[0.0013836398720741272,-0.025565624237060547,-0.01129060983657837,0.010892391204833984,-0.017138808965682983,-0.006776154041290283,1.0251214504241943,0.5885238647460938,2.2565951347351074,1.7860636711120605,-1.2438822984695435,0.07398918271064758,-1.061039686203003,0.23047444224357605]","[0.0013845885405316949,-0.025957990437746048,-0.01062207855284214,0.010024148970842361,-0.01748143881559372,-0.006719599943608046]",0.04399852454662323,"[0.5925105810165405,2.241111993789673,1.802327275276184,-1.244305968284607,0.07491880655288696,-1.064276933670044]",0.005451919976621866,"[-0.3001690208911896,-0.3531343340873718,0.920850396156311,0.7002671360969543,0.006542171351611614,-0.011434645392000675,0.7137592434883118]","[0.06825403869152069,-0.10120032727718353,0.9229762554168701,-0.05191474035382271,-0.7480377554893494,-0.011915648356080055,0.6615151166915894]","[0.13372355699539185,-0.1155056431889534,0.7805881500244141]","[0.09688004851341248,0.15189439058303833,0.6923671364784241,0.6986916661262512]",0.0,0.0,0.0,False,False,0.017813920974731445
31,0,30,False,"[0.002069711685180664,-0.02477431297302246,-0.006158769130706787,0.007062539458274841,-0.01888212561607361,-0.008853256702423096,1.0259374380111694,0.595201849937439,2.2578201293945312,1.8047170639038086,-1.2795510292053223,0.08184301853179932,-1.075291395187378,0.18772363662719727]","[0.001992330187931657,-0.024940554052591324,-0.006615450140088797,0.007468188647180796,-0.018706565722823143,-0.008581395260989666]",0.0439971461892128,"[0.5964615941047668,2.2482876777648926,1.8107528686523438,-1.2731504440307617,0.08062193542718887,-1.0740447044372559]",0.00327794230543077,"[-0.3002628982067108,-0.3533227741718292,0.921890139579773,0.6996172666549683,0.006042113993316889,-0.012258797883987427,0.7143869400024414]","[0.06762990355491638,-0.10293304920196533,0.9224491119384766,-0.06461801379919052,-0.7537803053855896,-0.009820022620260715,0.6538680195808411]","[0.13372357189655304,-0.1155056357383728,0.7805881500244141]","[0.09687985479831696,0.15189458429813385,0.6923676133155823,0.6986912488937378]",0.0,0.0,0.0,False,False,0.010098695755004883
32,0,31,False,"[0.0008622333407402039,-0.020783424377441406,-0.007326066493988037,0.009729892015457153,-0.014751464128494263,-0.008528590202331543,1.0245643854141235,0.5857318639755249,2.260122299194336,1.7966680526733398,-1.2566750049591064,0.07503610849380493,-1.0716506242752075,0.1721464991569519]","[0.000987032544799149,-0.021262329071760178,-0.00727818300947547,0.00942737516015768,-0.015249154530465603,-0.008535059168934822]",0.04399693012237549,"[0.5895140171051025,2.2463696002960205,1.8078136444091797,-1.2570263147354126,0.07471205294132233,-1.0721763372421265]",0.001686323550529778,"[-0.3000659644603729,-0.3530772626399994,0.9215711951255798,0.7012162804603577,0.005226556211709976,-0.0113767609000206,0.7128385901451111]","[0.06935141980648041,-0.10059458017349243,0.9223095178604126,-0.05783850699663162,-0.7497924566268921,-0.009744400158524513,0.65906822681427]","[0.13372357189655304,-0.1155056282877922,0.7805881500244141]","[0.09688020497560501,0.151894211769104,0.692367672920227,0.698691189289093]",0.0,0.0,0.0,False,False,0.01375269889831543
33,0,32,False,"[0.0007775723934173584,-0.02027982473373413,-0.0032457709312438965,0.008556932210922241,-0.019279152154922485,-0.0077592432498931885,1.0261950492858887,0.5980316996574402,2.259542465209961,1.7954227924346924,-1.2593543529510498,0.07334226369857788,-1.0620778799057007,0.15080809593200684]","[0.0008100839331746101,-0.020414479076862335,-0.003671415848657489,0.008690021000802517,-0.01876899227499962,-0.007858376950025558]",0.043994586914777756,"[0.5926381945610046,2.24482798576355,1.804982304573059,-1.2594878673553467,0.07762101292610168,-1.063210129737854]",0.00021998118609189987,"[-0.3001505136489868,-0.3532533645629883,0.9226638674736023,0.7000159621238708,0.006161459721624851,-0.011876299977302551,0.7140018343925476]","[0.0687471479177475,-0.10188823938369751,0.9222992062568665,-0.05620680749416351,-0.7514667510986328,-0.0074805598706007,0.6573297381401062]","[0.13372357189655304,-0.1155056580901146,0.7805881500244141]","[0.09688006341457367,0.15189412236213684,0.6923667192459106,0.6986921429634094]",0.0,0.0,0.0,False,False,0.014714479446411133
34,0,33,False,"[0.0016008839011192322,-0.024712204933166504,-0.008027374744415283,0.0071976035833358765,-0.018710434436798096,-0.004976421594619751,1.0277239084243774,0.5888441801071167,2.253230333328247,1.8005294799804688,-1.2757757902145386,0.08820560574531555,-1.0746229887008667,0.11556404829025269]","[0.001507559441961348,-0.024176372215151787,-0.007583491038531065,0.0073610045947134495,-0.018719375133514404,-0.005343894474208355]",0.04399815946817398,"[0.5903397798538208,2.247119426727295,1.805326223373413,-1.2725682258605957,0.08646420389413834,-1.0732307434082031]",0.0,"[-0.3002166152000427,-0.3532187342643738,0.9214913845062256,0.6997814774513245,0.006527103949338198,-0.010448633693158627,0.7142507433891296]","[0.0703546404838562,-0.10210276395082474,0.9216607809066772,-0.06254088133573532,-0.7560704946517944,-0.007398569956421852,0.6514531970024109]","[0.13372358679771423,-0.1155056431889534,0.7805881500244141]","[0.09688013792037964,0.15189403295516968,0.6923671364784241,0.698691725730896]",0.0,0.0,0.0,False,False,0.0062601566314697266
35,0,34,False,"[0.0015856102108955383,-0.019673824310302734,-0.003506183624267578,0.003640979528427124,-0.02059262990951538,-0.0063672661781311035,1.0317550897598267,0.5972013473510742,2.2705817222595215,1.8259358406066895,-1.297722578048706,0.08448371291160583,-1.0920162200927734,0.11101317405700684]","[0.0015806155279278755,-0.020221523940563202,-0.0039538233540952206,0.004129086621105671,-0.02035616524517536,-0.006236752960830927]",0.04399922862648964,"[0.59340500831604,2.2614588737487793,1.8270263671875,-1.2951020002365112,0.0874876081943512,-1.0895593166351318]",0.0,"[-0.30027109384536743,-0.35321587324142456,0.9221120476722717,0.6991832256317139,0.004964110441505909,-0.009506922215223312,0.7148619890213013]","[0.06826271116733551,-0.10123466700315475,0.9213014245033264,-0.07435930520296097,-0.7581098079681396,-0.009696966037154198,0.6478009223937988]","[0.13372357189655304,-0.115505650639534,0.7805881500244141]","[0.0968797504901886,0.15189458429813385,0.6923670172691345,0.6986918449401855]",0.0,0.0,0.0,False,False,0.010344505310058594
36,0,35,False,"[0.0019618645310401917,-0.020632147789001465,-0.0028015971183776855,0.0003463476896286011,-0.01996341347694397,-0.00646325945854187,1.0332491397857666,0.6004703044891357,2.268444299697876,1.8352820873260498,-1.3074387311935425,0.08461952209472656,-1.0948535203933716,0.0783190131187439]","[0.0019163978286087513,-0.020576152950525284,-0.0029560690745711327,0.0008246430079452693,-0.02001400664448738,-0.006434433627873659]",0.043999794870615005,"[0.5996541976928711,2.2675042152404785,1.8342952728271484,-1.3059303760528564,0.08514853566884995,-1.0941816568374634]",0.0,"[-0.300293505191803,-0.35329145193099976,0.9221595525741577,0.6991904377937317,0.004213170148432255,-0.008878613822162151,0.7148677706718445]","[0.06582050770521164,-0.10241852700710297,0.920727014541626,-0.0815325677394867,-0.7586688995361328,-0.010291931219398975,0.6462722420692444]","[0.13372355699539185,-0.1155056580901146,0.7805881500244141]","[0.09688001871109009,0.15189425647258759,0.6923667192459106,0.6986921429634094]",0.0,0.0,0.0,False,False,0.005770773161202669
37,0,36,False,"[0.002549998462200165,-0.03077167272567749,-0.00901573896408081,0.0015916377305984497,-0.025668829679489136,-0.002450317144393921,1.023817539215088,0.6014572381973267,2.2637579441070557,1.8352534770965576,-1.3134514093399048,0.09742432832717896,-1.110045075416565,0.06441646814346313]","[0.0024866564199328423,-0.029552631080150604,-0.008327364921569824,0.0014802777441218495,-0.02495497465133667,-0.0029587382450699806]",0.04399864748120308,"[0.6011344194412231,2.2641983032226562,1.8350938558578491,-1.3125269412994385,0.09587118029594421,-1.1080217361450195]",0.0,"[-0.3004911243915558,-0.3534633219242096,0.9210816025733948,0.6971963047981262,0.0069064488634467125,-0.009176196530461311,0.7167881727218628]","[0.0659523755311966,-0.1031607985496521,0.9223639369010925,-0.08643174916505814,-0.7614922523498535,-0.016837039962410927,0.6421648263931274]","[0.13372358679771423,-0.1155056282877922,0.7805881500244141]","[0.09688009321689606,0.15189404785633087,0.692367672920227,0.6986912488937378]",0.0,0.0,0.0,False,False,0.0065215108916163445
38,0,37,False,"[0.000905252993106842,-0.014129221439361572,-0.007256269454956055,0.008795037865638733,-0.01786532998085022,-0.006379157304763794,1.0369964838027954,0.5989032983779907,2.2743752002716064,1.8571109771728516,-1.3330981731414795,0.09269517660140991,-1.1068636178970337,0.03190600872039795]","[0.0010771910892799497,-0.015964053571224213,-0.007369122933596373,0.007860022597014904,-0.018758872523903847,-0.0059422398917376995]",0.043994829058647156,"[0.5991383194923401,2.2731807231903076,1.8543810844421387,-1.3304388523101807,0.09310252964496613,-1.1070116758346558]",0.0,"[-0.300176739692688,-0.35277509689331055,0.9209803342819214,0.6999415159225464,0.0036873039789497852,-0.007989752106368542,0.714145839214325]","[0.06567388772964478,-0.10141429305076599,0.9234986901283264,-0.0882444977760315,-0.7618708610534668,-0.012971250340342522,0.6415585875511169]","[0.13372357189655304,-0.1155056282877922,0.7805881500244141]","[0.09688007086515427,0.15189437568187714,0.6923679113388062,0.6986909508705139]",0.0,0.0,0.0,False,False,0.008277075365185738
39,0,38,False,"[0.0014635026454925537,-0.01315915584564209,-0.008071303367614746,0.008029818534851074,-0.015290290117263794,-0.007490038871765137,1.0374107360839844,0.5876805782318115,2.2759857177734375,1.8537113666534424,-1.3343449831008911,0.09203162789344788,-1.104520559310913,0.006253659725189209]","[0.0014107918832451105,-0.013486980460584164,-0.007992991246283054,0.008003521710634232,-0.01572910137474537,-0.007292675320059061]",0.0439925454556942,"[0.5889571309089661,2.2756333351135254,1.8537847995758057,-1.3338565826416016,0.09217873215675354,-1.1048377752304077]",0.0,"[-0.3001217246055603,-0.3525998592376709,0.920589804649353,0.7009099721908569,0.0021827761083841324,-0.007405940443277359,0.7132079005241394]","[0.06936292350292206,-0.09928584098815918,0.9224385023117065,-0.0863480493426323,-0.7626791596412659,-0.006323951296508312,0.6409558057785034]","[0.13372357189655304,-0.1155056431889534,0.7805881500244141]","[0.09688003361225128,0.15189433097839355,0.6923673748970032,0.6986914873123169]",0.0,0.0,0.0,False,False,0.00966230221092701
40,0,39,False,"[0.002790704369544983,-0.025582969188690186,-0.011127114295959473,0.00527644157409668,-0.024598538875579834,-0.005649358034133911,1.0275111198425293,0.5935198068618774,2.2622437477111816,1.8585069179534912,-1.3489896059036255,0.10211658477783203,-1.1163078546524048,-0.007756710052490234]","[0.002646637847647071,-0.024151280522346497,-0.010748878121376038,0.00562735740095377,-0.023480026051402092,-0.005859674420207739]",0.04399195313453674,"[0.5932224988937378,2.263849973678589,1.8578498363494873,-1.347123622894287,0.10083489865064621,-1.11484694480896]",0.0,"[-0.3004652261734009,-0.3530219495296478,0.9202430248260498,0.6976864337921143,0.004614484496414661,-0.008895481005311012,0.7163331508636475]","[0.06884931772947311,-0.10127952694892883,0.92833012342453,-0.08943738788366318,-0.7643124461174011,-0.013712805695831776,0.638466477394104]","[0.13372355699539185,-0.11550568789243698,0.7805881500244141]","[0.09688020497560501,0.15189416706562042,0.6923658847808838,0.6986929178237915]",0.0,0.0,0.0,False,False,0.009999999776482582
41,0,40,False,"[0.0015329867601394653,-0.024113357067108154,-0.010827422142028809,0.007240772247314453,-0.0196688175201416,0.0007475912570953369,1.037851095199585,0.5914470553398132,2.2723536491394043,1.86141037940979,-1.3438087701797485,0.10343754291534424,-1.1052132844924927,-0.0036153197288513184]","[0.0016554584726691246,-0.024122899398207664,-0.01081019639968872,0.007037715055048466,-0.02014811523258686,-9.438055712962523e-05]",0.04399712011218071,"[0.5915510058403015,2.2714946269989014,1.8609387874603271,-1.3441884517669678,0.10311715304851532,-1.1064412593841553]",0.0,"[-0.3002726435661316,-0.35301658511161804,0.9203562140464783,0.6992124319076538,0.007095959037542343,-0.007293563336133957,0.7148414850234985]","[0.06882541626691818,-0.09987267106771469,0.9259442687034607,-0.08587320148944855,-0.7655670046806335,-0.010400946252048016,0.6375144720077515]","[0.13372354209423065,-0.11550569534301758,0.7805881500244141]","[0.09688040614128113,0.15189392864704132,0.6923656463623047,0.6986932158470154]",0.0,0.0,0.0,False,False,0.009999999776482582
42,0,41,False,"[0.0002369806170463562,-0.010885953903198242,-0.009844183921813965,0.007339179515838623,-0.017980843782424927,-0.003376185894012451,1.037041425704956,0.5899319052696228,2.271857261657715,1.8803560733795166,-1.370953917503357,0.09812676906585693,-1.1150033473968506,-0.04014796018600464]","[0.0003994314174633473,-0.012439356185495853,-0.01000155694782734,0.007281043566763401,-0.018251881003379822,-0.002957113552838564]",0.0439969003200531,"[0.5901548266410828,2.2717137336730957,1.877951979637146,-1.3675565719604492,0.09875776618719101,-1.1139116287231445]",0.0,"[-0.3000963628292084,-0.3524262607097626,0.9197530150413513,0.700370192527771,0.002370314672589302,-0.004521649330854416,0.7137614488601685]","[0.06911922246217728,-0.09948453307151794,0.930167019367218,-0.09103000164031982,-0.7649346590042114,-0.009431873448193073,0.6375730633735657]","[0.13372354209423065,-0.11550568789243698,0.7805881500244141]","[0.09688013046979904,0.15189415216445923,0.6923655867576599,0.6986933350563049]",0.0,0.0,0.0,False,False,0.009999999776482582
43,0,42,False,"[0.0021947771310806274,-0.011956334114074707,-0.004375576972961426,0.0030666589736938477,-0.024738341569900513,-0.008127927780151367,1.0361957550048828,0.5959295034408569,2.261038303375244,1.8916025161743164,-1.4025107622146606,0.0975445806980133,-1.1267805099487305,-0.01901799440383911]","[0.001997839193791151,-0.012036222033202648,-0.004973456263542175,0.003632976906374097,-0.023922640830278397,-0.007469416130334139]",0.04399372264742851,"[0.5953319668769836,2.2624547481536865,1.889702320098877,-1.398154616355896,0.09768489003181458,-1.1251424551010132]",0.0,"[-0.30041590332984924,-0.3526970148086548,0.9210855960845947,0.6977744102478027,0.0011343781370669603,-0.00649725366383791,0.7162870764732361]","[0.06837640702724457,-0.10231675207614899,0.9371250867843628,-0.10019968450069427,-0.7653908133506775,-0.011975121684372425,0.6356048583984375]","[0.13372355699539185,-0.11550567299127579,0.7805881500244141]","[0.0968804657459259,0.15189382433891296,0.692366361618042,0.6986925005912781]",0.0,0.0,0.0,False,False,0.009999999776482582
44,0,43,False,"[-7.368624210357666e-06,-0.007052004337310791,-0.006689310073852539,0.018854811787605286,-0.012671619653701782,-0.011991649866104126,1.0500363111495972,0.5862101316452026,2.2687387466430664,1.9187114238739014,-1.4385663270950317,0.10579642653465271,-1.1316426992416382,-0.06309646368026733]","[0.00020586937898769975,-0.0076485080644488335,-0.006466514430940151,0.01691751554608345,-0.014090540818870068,-0.011414476670324802]",0.043992284685373306,"[0.5870775580406189,2.2681281566619873,1.914965271949768,-1.4334375858306885,0.10478433966636658,-1.1308141946792603]",0.0,"[-0.2999570071697235,-0.3523772358894348,0.921520471572876,0.7019228339195251,0.002349426271393895,-0.010507050901651382,0.7121716141700745]","[0.07122986763715744,-0.10001121461391449,0.941375732421875,-0.10381020605564117,-0.7692626118659973,-0.007527777925133705,0.6303980350494385]","[0.13372358679771423,-0.11550566554069519,0.7805881500244141]","[0.09688009321689606,0.15189413726329803,0.6923664212226868,0.6986924409866333]",0.0,0.0,0.0,False,False,0.009999999776482582
45,0,44,False,"[0.0007916241884231567,-0.010578155517578125,-0.0023266077041625977,0.012963399291038513,-0.019716531038284302,-0.013030409812927246,1.0435513257980347,0.5907527208328247,2.2535829544067383,1.9160597324371338,-1.433568000793457,0.10686740279197693,-1.1258903741836548,-0.05062001943588257]","[0.0007340782904066145,-0.010241324082016945,-0.002786775352433324,0.013486352749168873,-0.01900607906281948,-0.012825003825128078]",0.04398661106824875,"[0.5905364155769348,2.2554728984832764,1.9158560037612915,-1.433577060699463,0.10658646374940872,-1.1265203952789307]",0.0,"[-0.3001505434513092,-0.3527369797229767,0.9226458072662354,0.6999796628952026,0.002848187694326043,-0.012048956006765366,0.7140553593635559]","[0.0705619603395462,-0.10151822119951248,0.9466210603713989,-0.0986800491809845,-0.7681864500045776,-0.011776686646044254,0.6324659585952759]","[0.13372355699539185,-0.11550566554069519,0.7805881500244141]","[0.09687989950180054,0.15189453959465027,0.6923664808273315,0.6986923217773438]",0.0,0.0,0.0,False,False,0.009999999776482582
46,0,45,False,"[0.0009849965572357178,-0.012632489204406738,-0.00802910327911377,0.010562360286712646,-0.018928110599517822,-0.012832880020141602,1.0453053712844849,0.5826651453971863,2.2504148483276367,1.921844244003296,-1.4491153955459595,0.1012108325958252,-1.1451622247695923,-0.08034104108810425]","[0.0009556439472362399,-0.012311779893934727,-0.007511853706091642,0.010895497165620327,-0.018938902765512466,-0.0128319775685668]",0.043995048850774765,"[0.5834416151046753,2.251185894012451,1.9209539890289307,-1.447182297706604,0.10190515965223312,-1.1427839994430542]",0.0,"[-0.300170361995697,-0.3525688052177429,0.9209427833557129,0.6999296545982361,0.0010091804433614016,-0.01018001139163971,0.7141384482383728]","[0.07349005341529846,-0.10082510858774185,0.949748158454895,-0.10468834638595581,-0.7666319608688354,-0.011996280401945114,0.6333813071250916]","[0.13372357189655304,-0.1155056431889534,0.7805881500244141]","[0.09687985479831696,0.15189440548419952,0.6923672556877136,0.6986916661262512]",0.0,0.0,0.0,False,False,0.009999999776482582
47,0,46,False,"[0.0020743831992149353,-0.017275691032409668,-0.013820171356201172,0.010187685489654541,-0.019104033708572388,-0.01598075032234192,1.0432729721069336,0.5824235677719116,2.2353157997131348,1.932443380355835,-1.4756240844726562,0.09673577547073364,-1.1559069156646729,-0.08218502998352051]","[0.0019437349401414394,-0.016679896041750908,-0.013094986788928509,0.010261760093271732,-0.01908581703901291,-0.01557944342494011]",0.043996699154376984,"[0.5826775431632996,2.2373199462890625,1.9308607578277588,-1.4720900058746338,0.09737928956747055,-1.1542366743087769]",0.0,"[-0.3002711236476898,-0.3524804711341858,0.9193136096000671,0.6995246410369873,-0.0005948506295681,-0.01050277054309845,0.7145310044288635]","[0.07497623562812805,-0.10273808240890503,0.9579892754554749,-0.10981248319149017,-0.7648735642433167,-0.014068784192204475,0.6345956921577454]","[0.13372357189655304,-0.11550567299127579,0.7805881500244141]","[0.09688034653663635,0.15189382433891296,0.6923662424087524,0.6986926198005676]",0.0,0.0,0.0,False,False,0.009999999776482582
48,0,47,False,"[0.001461610198020935,-0.01933908462524414,-0.010442733764648438,0.005503252148628235,-0.021312087774276733,-0.0135267972946167,1.0447617769241333,0.5851892232894897,2.2381153106689453,1.920837163925171,-1.455055832862854,0.09165260195732117,-1.1425652503967285,-0.09977680444717407]","[0.0015226945979520679,-0.019043998792767525,-0.010704879648983479,0.00613044761121273,-0.021029602736234665,-0.013788744807243347]",0.043999120593070984,"[0.5849294066429138,2.2382709980010986,1.9220095872879028,-1.4572020769119263,0.0923759788274765,-1.1440541744232178]",0.0,"[-0.3002857565879822,-0.3527444899082184,0.9199129343032837,0.6989808082580566,0.0002473676868248731,-0.010094834491610527,0.715069055557251]","[0.07381949573755264,-0.10294005274772644,0.9552662968635559,-0.10567998886108398,-0.763306200504303,-0.012163255363702774,0.6372185349464417]","[0.13372355699539185,-0.1155056580901146,0.7805881500244141]","[0.0968799963593483,0.15189456939697266,0.6923667192459106,0.6986920833587646]",0.0,0.0,0.0,False,False,0.009999999776482582
49,0,48,False,"[0.0004146844148635864,-0.024296998977661133,-0.009183704853057861,0.008557736873626709,-0.02006015181541443,-0.020850807428359985,1.0435395240783691,0.5716495513916016,2.218266487121582,1.9023382663726807,-1.4403228759765625,0.06804850697517395,-1.1275670528411865,-0.0819697380065918]","[0.0005436179344542325,-0.023688845336437225,-0.009324009530246258,0.008267282508313656,-0.020181456580758095,-0.019950194284319878]",0.0439983494579792,"[0.5730366706848145,2.2206225395202637,1.9047905206680298,-1.4425232410430908,0.07115359604358673,-1.1296697854995728]",0.0,"[-0.30016574263572693,-0.35308638215065,0.9209484457969666,0.6996330618858337,0.00094513816293329,-0.015204718336462975,0.7143398523330688]","[0.07867035269737244,-0.10249943286180496,0.957892894744873,-0.09450270235538483,-0.7558950185775757,-0.0031481788028031588,0.6478285789489746]","[0.13372358679771423,-0.115505650639534,0.7805881500244141]","[0.096880242228508,0.1518939882516861,0.6923670172691345,0.6986919045448303]",0.0,0.0,0.0,False,False,0.009999999776482582
50,0,49,False,"[-0.00016251951456069946,-0.02613246440887451,-0.015129029750823975,0.014179199934005737,-0.02213957905769348,-0.02128884196281433,1.039433479309082,0.5719929933547974,2.1963298320770264,1.9011294841766357,-1.4424175024032593,0.053743183612823486,-1.122727632522583,-0.10916250944137573]","[-7.56230074330233e-05,-0.025822732597589493,-0.014498434960842133,0.013401377946138382,-0.021890714764595032,-0.02111860364675522]",0.04399707913398743,"[0.5723351240158081,2.199457883834839,1.9014478921890259,-1.442490577697754,0.0559348464012146,-1.1236145496368408]",0.0,"[-0.3001553416252136,-0.35289838910102844,0.919844925403595,0.6992428302764893,0.001263133017346263,-0.01638326421380043,0.7146952152252197]","[0.07985785603523254,-0.10461912304162979,0.9653559923171997,-0.08848843723535538,-0.7492328882217407,-0.003155089681968093,0.6563609838485718]","[0.13372357189655304,-0.1155056357383728,0.7805881500244141]","[0.09687968343496323,0.15189459919929504,0.6923673748970032,0.6986914277076721]",0.0,0.0,0.0,False,False,0.009999999776482582
51,1,0,True,"[0.004205495119094849,-0.014648139476776123,-0.018327176570892334,0.00328962504863739,-0.009362637996673584,-0.006051540374755859,1.0022372007369995,0.5612155795097351,2.160088539123535,1.872600793838501,-1.2856080532073975,-0.010940372943878174,-0.9920378923416138,-0.014474868774414062]","[0.003674991661682725,-0.015925539657473564,-0.018005384132266045,0.00452217273414135,-0.010952984914183617,-0.00797209981828928]",0.04399741068482399,"[0.5624825358390808,2.165802001953125,1.8764575719833374,-1.3052176237106323,-0.0024218859616667032,-1.0088149309158325]",1.2939944099343847e-05,"[-0.300205796957016,-0.35215264558792114,0.9170224070549011,0.7018058896064758,-0.0019367665518075228,-0.0037061148323118687,0.7123558521270752]","[0.07815985381603241,-0.09752928465604782,0.9712256193161011,-0.007837850600481033,-0.7108131051063538,0.007289780769497156,0.703299343585968]","[0.13372357189655304,-0.1155056431889534,0.7805881500244141]","[0.09687965363264084,0.1518947333097458,0.6923671960830688,0.6986916065216064]",0.0,0.0,0.0,False,False,0.031323909759521484
52,1,1,False,"[-0.0005876123905181885,-0.004930436611175537,-0.010021865367889404,0.008858844637870789,-0.0016543567180633545,-0.006481438875198364,1.0027564764022827,0.5496648550033569,2.1544032096862793,1.8751494884490967,-1.263906717300415,-0.054604142904281616,-0.9566835165023804,-0.02050471305847168]","[-0.00010630711767589673,-0.006291345227509737,-0.010804379358887672,0.00836118869483471,-0.0028199886437505484,-0.006669705733656883]",0.04399142041802406,"[0.5512366890907288,2.156238317489624,1.8753135204315186,-1.2690485715866089,-0.04797390475869179,-0.9633260369300842]",1.5923741329970653e-06,"[-0.2996004521846771,-0.35204529762268066,0.9191049933433533,0.7060389518737793,-0.0009957795264199376,-0.003724002279341221,0.7081624269485474]","[0.07978831231594086,-0.09375397115945816,0.9747698903083801,0.01646127551794052,-0.6883742809295654,0.02271619811654091,0.7248128652572632]","[0.13372357189655304,-0.1155056580901146,0.7805881500244141]","[0.09688015282154083,0.15189382433891296,0.6923666000366211,0.6986923217773438]",0.0,0.0,0.0,False,False,0.010397791862487793
53,1,2,False,"[-0.003791503608226776,-0.011129796504974365,-0.0032439827919006348,0.014039546251296997,-0.006377965211868286,-0.00742378830909729,1.0055530071258545,0.5392668843269348,2.1394059658050537,1.8433361053466797,-1.1981940269470215,-0.10191363096237183,-0.9288761615753174,-0.02412015199661255]","[-0.003352533793076873,-0.010591825470328331,-0.004032605327665806,0.013367327861487865,-0.00592012656852603,-0.007327407132834196]",0.0439877063035965,"[0.5407804250717163,2.141692638397217,1.8474054336547852,-1.2071430683135986,-0.09506189823150635,-0.9332678318023682]",7.354687454608211e-07,"[-0.29937413334846497,-0.35267892479896545,0.9222365617752075,0.7060773372650146,0.004426675848662853,-0.009670917876064777,0.7080547213554382]","[0.08171433210372925,-0.0910966694355011,0.9738255739212036,0.03456355631351471,-0.6635946035385132,0.031161876395344734,0.7466434240341187]","[0.13372357189655304,-0.1155056431889534,0.7805881500244141]","[0.09687992185354233,0.15189485251903534,0.6923672556877136,0.6986915469169617]",0.0,0.0,0.0,False,False,0.014130353927612305
54,1,3,False,"[-0.00631975382566452,-0.011850059032440186,-0.00025278329849243164,0.014803364872932434,-0.004217326641082764,-0.0074980854988098145,1.0061631202697754,0.5171371698379517,2.0990965366363525,1.7863047122955322,-1.0805288553237915,-0.1906813234090805,-0.8698809146881104,-0.04355102777481079]","[-0.005975295323878527,-0.011693228967487812,-0.00072268903022632,0.01462393719702959,-0.004426742438226938,-0.007475967053323984]",0.04399314522743225,"[0.5199189186096191,2.104696035385132,1.7940059900283813,-1.0965790748596191,-0.17851677536964417,-0.8779653310775757]",4.088071364094503e-06,"[-0.2990770936012268,-0.35294660925865173,0.9235721230506897,0.7075181603431702,0.006358305457979441,-0.011735641397535801,0.7065690755844116]","[0.08700336515903473,-0.08751533180475235,0.9762214422225952,0.06683069467544556,-0.6153675317764282,0.04392286390066147,0.7841728925704956]","[0.13372357189655304,-0.1155056357383728,0.7805881500244141]","[0.09687992185354233,0.1518944352865219,0.692367434501648,0.6986913681030273]",0.0,0.0,0.0,False,False,0.02528226375579834
55,1,4,False,"[-0.009472958743572235,-0.01822042465209961,-0.006016850471496582,0.027251839637756348,-0.005206376314163208,-0.013640403747558594,1.0095785856246948,0.4993303120136261,2.0547008514404297,1.680267572402954,-0.8928877711296082,-0.3007330596446991,-0.79283607006073,-0.026877105236053467]","[-0.009060472249984741,-0.017447814345359802,-0.005386537406593561,0.025641167536377907,-0.005101304966956377,-0.01285421010106802]",0.04399403557181358,"[0.5019760727882385,2.061068296432495,1.693926453590393,-0.9243139028549194,-0.2852136194705963,-0.8037009239196777]",4.480436473386362e-06,"[-0.2987978458404541,-0.35302895307540894,0.9234897494316101,0.7083433270454407,0.008683753199875355,-0.01795615814626217,0.7055862545967102]","[0.09138136357069016,-0.08606099337339401,0.9708999991416931,0.09709826111793518,-0.5509809255599976,0.058176878839731216,0.8268055319786072]","[0.13372358679771423,-0.1155056431889534,0.7805881500244141]","[0.09687970578670502,0.15189439058303833,0.6923670768737793,0.6986918449401855]",0.0,0.0,0.0,False,False,0.04865527153015137
56,1,5,False,"[-0.008876390755176544,-0.015199422836303711,-0.012970983982086182,0.03282634913921356,-0.00617489218711853,-0.024742215871810913,1.0117006301879883,0.4745440185070038,1.9984034299850464,1.5775189399719238,-0.7043207883834839,-0.39963722229003906,-0.702655553817749,-0.01660466194152832]","[-0.00889480859041214,-0.01544281467795372,-0.012138739228248596,0.03187742456793785,-0.006040950305759907,-0.023226970806717873]",0.04399370774626732,"[0.47776177525520325,2.006011724472046,1.5910054445266724,-0.7450065612792969,-0.38511791825294495,-0.7155508399009705]",4.899608484265627e-06,"[-0.298836886882782,-0.352521687746048,0.9216338396072388,0.7079944610595703,0.00412473501637578,-0.020727727562189102,0.705901563167572]","[0.09947183728218079,-0.08554067462682724,0.9706420302391052,0.12959802150726318,-0.4809376299381256,0.07094290107488632,0.8642165660858154]","[0.13372355699539185,-0.1155056431889534,0.7805881500244141]","[0.09688039124011993,0.15189407765865326,0.6923673748970032,0.6986915469169617]",0.0,0.0,0.0,False,False,0.06031304597854614
57,1,6,False,"[-0.020798057317733765,0.00919198989868164,-0.0017921924591064453,0.03677952289581299,0.021794527769088745,-0.011420965194702148,1.0173532962799072,0.4387556314468384,1.982533574104309,1.478261947631836,-0.5176858901977539,-0.5348823666572571,-0.6259015798568726,-0.017229557037353516]","[-0.019458981230854988,0.0062339347787201405,-0.0029107637237757444,0.03618967533111572,0.018301408737897873,-0.01292383298277855]",0.04397605359554291,"[0.4433751404285431,1.9853109121322632,1.4913661479949951,-0.5631745457649231,-0.5158811807632446,-0.6373395919799805]",4.511003226070898e-06,"[-0.29708951711654663,-0.3518710136413574,0.9235177636146545,0.7202062606811523,0.004903616849333048,-0.014047621749341488,0.6936003565788269]","[0.10973107814788818,-0.08176790922880173,0.9593544006347656,0.13912954926490784,-0.40759533643722534,0.09262190759181976,0.8977360725402832]","[0.13372357189655304,-0.1155056431889534,0.7805881500244141]","[0.09687984734773636,0.15189453959465027,0.6923670768737793,0.6986917853355408]",0.0,0.0,0.0,False,False,0.06543976068496704
58,1,7,False,"[-0.012385182082653046,-0.004614889621734619,-0.01545494794845581,0.039064109325408936,0.007353693246841431,-0.032457053661346436,1.0186777114868164,0.4222172498703003,1.9277219772338867,1.3788657188415527,-0.2953309416770935,-0.6572945713996887,-0.5129925012588501,-0.03996264934539795]","[-0.013193265534937382,-0.003280228702351451,-0.014089870266616344,0.03864637017250061,0.008722992613911629,-0.029967451468110085]",0.04395776987075806,"[0.42503228783607483,1.9341613054275513,1.392059087753296,-0.3764418363571167,-0.6394328474998474,-0.5288630127906799]",2.3620689262315864e-06,"[-0.29798051714897156,-0.3517640233039856,0.9206739068031311,0.7147048115730286,-0.0008878389489836991,-0.020339051261544228,0.6991297602653503]","[0.116444431245327,-0.08543701469898224,0.9615245461463928,0.14388422667980194,-0.3271489441394806,0.10633621364831924,0.927881121635437]","[0.13372355699539185,-0.11550566554069519,0.7805881500244141]","[0.09687985479831696,0.1518944352865219,0.6923666000366211,0.6986922025680542]",0.0,0.0,0.0,False,False,0.10094553232192993
59,1,8,False,"[-0.010678470134735107,-0.014996170997619629,-0.01812952756881714,0.03851425647735596,-0.0028027594089508057,-0.02904936671257019,1.0202834606170654,0.4040807783603668,1.8826273679733276,1.2720322608947754,-0.09474021196365356,-0.7524142265319824,-0.44418033957481384,-0.02529364824295044]","[-0.010948814451694489,-0.013631264679133892,-0.01759200543165207,0.03854852914810181,-0.001351917744614184,-0.02916833944618702]",0.043984122574329376,"[0.4065035879611969,1.888549566268921,1.2859774827957153,-0.1883012354373932,-0.7381455302238464,-0.454988032579422]",1.4976038187342056e-07,"[-0.2984965741634369,-0.3521239161491394,0.9202746748924255,0.710381031036377,0.0017947542946785688,-0.022562289610505104,0.7034531831741333]","[0.12478410452604294,-0.09127870947122574,0.9601709246635437,0.13952718675136566,-0.261954128742218,0.1020616888999939,0.9494711756706238]","[0.13372355699539185,-0.11550568789243698,0.7805881500244141]","[0.09688038378953934,0.15189410746097565,0.692365825176239,0.698693037033081]",0.0,0.0,0.0,False,False,0.11307142674922943
60,1,9,False,"[-0.008055098354816437,-0.013941705226898193,-0.01760929822921753,0.03563493490219116,-0.008168905973434448,-0.032901376485824585,1.0206698179244995,0.3746713399887085,1.8238112926483154,1.1290404796600342,0.19300414621829987,-0.9030476808547974,-0.32713204622268677,-0.0284268856048584]","[-0.008379600010812283,-0.013901366852223873,-0.01762319542467594,0.036001186817884445,-0.007314476650208235,-0.03242611885070801]",0.0439959354698658,"[0.378207802772522,1.8306983709335327,1.1477596759796143,0.0027842046692967415,-0.8822395205497742,-0.3434607684612274]",4.056950274389237e-06,"[-0.29892072081565857,-0.35212448239326477,0.9200387001037598,0.7073751091957092,-0.00014434453623834997,-0.022955769672989845,0.7064653635025024]","[0.1391930729150772,-0.10477516055107117,0.9552823901176453,0.11443303525447845,-0.19202129542827606,0.12380404025316238,0.966801643371582]","[0.13372357189655304,-0.11550566554069519,0.7805881500244141]","[0.09688032418489456,0.15189389884471893,0.6923665404319763,0.6986923217773438]",0.0,0.0,0.0,False,False,0.20787313487380743
61,1,10,False,"[-0.008063413202762604,-0.02775639295578003,-0.02003425359725952,0.03329037129878998,-0.015988945960998535,-0.03910857439041138,1.0168697834014893,0.36698031425476074,1.8047080039978027,1.0600802898406982,0.3183249235153198,-0.9690937995910645,-0.2793138325214386,-0.03747814893722534]","[-0.00808132253587246,-0.02612009271979332,-0.019731050357222557,0.033645350486040115,-0.014894646592438221,-0.03825739398598671]",0.04399988800287247,"[0.36840274930000305,1.807285189628601,1.070479393005371,0.19281455874443054,-0.958178699016571,-0.28750330209732056]",0.0,"[-0.2991735339164734,-0.35265693068504333,0.9200394749641418,0.7045842409133911,0.0005151126533746719,-0.027880661189556122,0.7090721130371094]","[0.1438906341791153,-0.11028642952442169,0.9553249478340149,0.09784147143363953,-0.14207446575164795,0.0975460633635521,0.9801666736602783]","[0.13372355699539185,-0.1155056580901146,0.7805881500244141]","[0.09688008576631546,0.15189450979232788,0.6923668384552002,0.6986920237541199]",0.0,0.0,0.0,False,False,0.14481167495250702
62,1,11,False,"[-0.0008369684219360352,-0.05054032802581787,-0.03683191537857056,0.026449337601661682,-0.0338234007358551,-0.05005848407745361,1.015939712524414,0.3535563051700592,1.7667582035064697,0.9724619388580322,0.4928365647792816,-1.073832392692566,-0.20693852007389069,-0.051788270473480225]","[-0.0016471754061058164,-0.047586388885974884,-0.034972622990608215,0.027300095185637474,-0.03144792467355728,-0.04855628311634064]",0.043998025357723236,"[0.355264276266098,1.7710953950881958,0.9838947057723999,0.3827578127384186,-1.0592948198318481,-0.21722640097141266]",0.0,"[-0.3002792000770569,-0.3528178930282593,0.915885865688324,0.6963772177696228,-0.0030283567029982805,-0.03175464645028114,0.7169666290283203]","[0.1513301134109497,-0.12072321772575378,0.9579589366912842,0.0667094886302948,-0.09214597940444946,0.07531963288784027,0.9906492233276367]","[0.13372357189655304,-0.1155056580901146,0.7805881500244141]","[0.09688005596399307,0.15189410746097565,0.6923666596412659,0.6986922025680542]",0.0,0.0,0.0,False,False,0.1296665370464325
63,1,12,False,"[-0.0010148361325263977,-0.04629397392272949,-0.027303218841552734,0.02169013023376465,-0.03166717290878296,-0.03944021463394165,1.0144942998886108,0.3502352833747864,1.7217681407928467,0.9109232425689697,0.6223013997077942,-1.139256238937378,-0.14134278893470764,-0.03730630874633789]","[-0.0010880978079512715,-0.0465032123029232,-0.028069980442523956,0.022458277642726898,-0.0316411554813385,-0.04060310870409012]",0.043999072164297104,"[0.3508962094783783,1.7272762060165405,0.9193702936172485,0.5662819743156433,-1.1292482614517212,-0.1510278284549713]",0.0,"[-0.30033937096595764,-0.35318344831466675,0.9176865220069885,0.6961139440536499,8.900876127881929e-05,-0.02925683744251728,0.7173348665237427]","[0.15593034029006958,-0.13140259683132172,0.9687034487724304,0.041196148842573166,-0.04977909475564957,0.036038294434547424,0.9972593188285828]","[0.13372358679771423,-0.115505650639534,0.7805881500244141]","[0.09688006341457367,0.15189410746097565,0.6923671364784241,0.698691725730896]",0.0,0.0,0.0,False,False,0.07601422071456909
64,1,13,False,"[0.0024558231234550476,-0.06262630224227905,-0.03348761796951294,0.02179962396621704,-0.04051658511161804,-0.04333898425102234,1.0161893367767334,0.345143586397171,1.7080941200256348,0.875109076499939,0.704210102558136,-1.18272066116333,-0.09823396801948547,-0.035295307636260986]","[0.0020581460557878017,-0.06069590896368027,-0.0328923799097538,0.021870722994208336,-0.03940250724554062,-0.04299071431159973]",0.0439964234828949,"[0.34579792618751526,1.7104324102401733,0.8801312446594238,0.6866269111633301,-1.1760085821151733,-0.10498631000518799]",0.0,"[-0.30086749792099,-0.3536088466644287,0.9170759916305542,0.6921855807304382,0.0023555364459753036,-0.03338637575507164,0.7209429740905762]","[0.15950629115104675,-0.137699693441391,0.9725732803344727,0.02288566529750824,-0.027223242446780205,0.014492562040686607,0.999262273311615]","[0.13372355699539185,-0.115505650639534,0.7805881500244141]","[0.0968802273273468,0.15189413726329803,0.6923670172691345,0.6986919045448303]",0.0,0.0,0.0,False,False,0.0275651216506958
65,1,14,False,"[0.003143914043903351,-0.06482380628585815,-0.031048357486724854,0.01671379804611206,-0.045215994119644165,-0.036385565996170044,1.01846182346344,0.3434993326663971,1.6824102401733398,0.8432439565658569,0.7653615474700928,-1.2188618183135986,-0.0770377516746521,-0.034298598766326904]","[0.0030283010564744473,-0.06434087455272675,-0.03125620260834694,0.017379527911543846,-0.04448346793651581,-0.0372283011674881]",0.04399992898106575,"[0.34382131695747375,1.6854839324951172,0.8475337028503418,0.7553725242614746,-1.2135182619094849,-0.08061622828245163]",0.0,"[-0.3011070489883423,-0.3538951277732849,0.9174758791923523,0.6899877190589905,0.004627367947250605,-0.03166818991303444,0.7231131196022034]","[0.16247984766960144,-0.14517830312252045,0.9767035245895386,0.005998879671096802,-0.014434578828513622,-0.0015322373947128654,0.9998765587806702]","[0.13372357189655304,-0.1155056431889534,0.7805881500244141]","[0.09687982499599457,0.1518944650888443,0.6923671960830688,0.6986916065216064]",0.0,0.0,0.0,False,False,0.015748560428619385
66,1,15,False,"[0.005469121038913727,-0.07041460275650024,-0.035484254360198975,0.017481163144111633,-0.04684174060821533,-0.04080238938331604,1.0165306329727173,0.34602540731430054,1.6770808696746826,0.8271242380142212,0.7969954609870911,-1.2314714193344116,-0.05847066640853882,-0.039293527603149414]","[0.005187826231122017,-0.0696801096200943,-0.03502320498228073,0.017452524974942207,-0.04654949903488159,-0.04034681245684624]",0.04399972781538963,"[0.3458159267902374,1.6781232357025146,0.8293783664703369,0.7916755080223083,-1.2292418479919434,-0.06130203232169151]",0.0,"[-0.30137428641319275,-0.35391557216644287,0.916610062122345,0.6884609460830688,0.004152832552790642,-0.03341714292764664,0.7244911193847656]","[0.16301222145557404,-0.14907415211200714,0.9767146706581116,-0.0025706563610583544,-0.009543659165501595,-0.003788913832977414,0.9999439120292664]","[0.13372358679771423,-0.1155056282877922,0.7805881500244141]","[0.09687989950180054,0.15189434587955475,0.6923676133155823,0.6986912488937378]",0.0,0.0,0.0,False,False,0.009999999776482582
67,1,16,False,"[0.007103465497493744,-0.08858472108840942,-0.04689216613769531,0.015587151050567627,-0.0651918351650238,-0.04528912901878357,1.0196374654769897,0.34575480222702026,1.6546528339385986,0.7824298739433289,0.8685677647590637,-1.2733142375946045,-0.013830304145812988,-0.0381007194519043]","[0.006919176317751408,-0.08625592291355133,-0.03619285672903061,0.01587418094277382,-0.06284084171056747,-0.04466068744659424]",0.043999865651130676,"[0.34584522247314453,1.6571365594863892,0.7878771424293518,0.8588097095489502,-1.2678338289260864,-0.01990201324224472]",0.0,"[-0.30200594663619995,-0.3547069728374481,0.9173146486282349,0.6818724274635315,0.0074278502725064754,-0.04026428610086441,0.7303242683410645]","[0.16589617729187012,-0.15814165771007538,0.9767168164253235,-0.021601935848593712,-0.0014512059278786182,-0.005000099074095488,0.9997530579566956]","[0.13372357189655304,-0.1155056357383728,0.7805881500244141]","[0.09687978774309158,0.1518949270248413,0.692367672920227,0.6986910700798035]",0.0,0.0,0.0,False,False,0.015343904495239258
68,1,17,False,"[0.00866147130727768,-0.09573101997375488,-0.04706090688705444,0.007464021444320679,-0.07194653153419495,-0.04340791702270508,1.0199123620986938,0.3521653115749359,1.6369675397872925,0.7704362869262695,0.8848403096199036,-1.2784192562103271,-0.009108364582061768,-0.03879225254058838]","[0.008477579802274704,-0.09447834640741348,-0.036114223301410675,0.00853548850864172,-0.07080093026161194,-0.04356864467263222]",0.04399999976158142,"[0.3515125513076782,1.6391619443893433,0.7724825143814087,0.8815689086914062,-1.277140498161316,-0.01049018558114767]",0.0,"[-0.30238077044487,-0.35511231422424316,0.9172501564025879,0.678377091884613,0.008128942921757698,-0.04035845398902893,0.7335594296455383]","[0.16575637459754944,-0.16325563192367554,0.9795337915420532,-0.029057588428258896,0.0025134796742349863,-0.012306170538067818,0.9994987845420837]","[0.13372357189655304,-0.1155056431889534,0.7805881500244141]","[0.09688005596399307,0.15189431607723236,0.6923671364784241,0.6986916661262512]",0.0,0.0,0.0,False,False,0.010946683585643768
69,1,18,False,"[0.0092531219124794,-0.09725219011306763,-0.05115610361099243,0.013290613889694214,-0.06876975297927856,-0.04617592692375183,1.017490267753601,0.3532777726650238,1.643064260482788,0.760932207107544,0.9073415398597717,-1.2879341840744019,0.0029074549674987793,-0.04318106174468994]","[0.009160848334431648,-0.09675700962543488,-0.03610149025917053,0.0127125708386302,-0.06902911514043808,-0.04584348574280739]",0.04399925097823143,"[0.35308602452278137,1.6427264213562012,0.7621517181396484,0.9040247201919556,-1.286583662033081,0.0011950721964240074]",0.0,"[-0.3023931384086609,-0.35525768995285034,0.9178279042243958,0.6787596940994263,0.009595549665391445,-0.043506450951099396,0.7330077290534973]","[0.16573265194892883,-0.16485095024108887,0.9773311018943787,-0.0345768965780735,0.003654266707599163,-0.010540277697145939,0.999339759349823]","[0.13372357189655304,-0.115505650639534,0.7805881500244141]","[0.09687994420528412,0.15189418196678162,0.6923670172691345,0.6986918449401855]",0.0,0.0,0.0,False,False,0.0150546133518219
70,1,19,False,"[0.011201232671737671,-0.09862560033798218,-0.05297046899795532,0.007516101002693176,-0.06785976886749268,-0.042554110288619995,1.017740249633789,0.3565424084663391,1.6350586414337158,0.7585396766662598,0.9141430854797363,-1.2853095531463623,0.008946359157562256,-0.03719496726989746]","[0.010960975661873817,-0.09828241914510727,-0.03610212355852127,0.00814953725785017,-0.06801119446754456,-0.04297364875674248]",0.043998200446367264,"[0.356172651052475,1.6358025074005127,0.7590494155883789,0.9128922820091248,-1.285489797592163,0.007955234497785568]",0.0,"[-0.30253371596336365,-0.35530760884284973,0.9175019860267639,0.6784737706184387,0.0095701077952981,-0.04132234677672386,0.7333990335464478]","[0.16529351472854614,-0.16642341017723083,0.9791817665100098,-0.03558911755681038,0.005557552445679903,-0.013175254687666893,0.999264121055603]","[0.13372358679771423,-0.115505650639534,0.7805881500244141]","[0.09688010811805725,0.15189385414123535,0.6923670172691345,0.6986919641494751]",0.0,0.0,0.0,False,False,0.016873128712177277
71,1,20,False,"[0.009009428322315216,-0.0981408953666687,-0.05286973714828491,0.00845995545387268,-0.06867784261703491,-0.04316172003746033,1.0218465328216553,0.3580651879310608,1.6314398050308228,0.7489041686058044,0.9232946038246155,-1.2869759798049927,0.019816488027572632,-0.030994296073913574]","[0.009242882020771503,-0.09818879514932632,-0.03611141815781593,0.008413014002144337,-0.06858964264392853,-0.04313743859529495]",0.0439986027777195,"[0.3578653633594513,1.6319905519485474,0.7500206828117371,0.9219571948051453,-1.2868101596832275,0.018301570788025856]",0.0,"[-0.3023877441883087,-0.3553009331226349,0.9175171852111816,0.6788913011550903,0.009531390853226185,-0.04146024212241173,0.7330053448677063]","[0.16545233130455017,-0.16838856041431427,0.9784955382347107,-0.03712700679898262,0.005969761870801449,-0.009830682538449764,0.9992442727088928]","[0.13372358679771423,-0.1155056357383728,0.7805881500244141]","[0.09687987715005875,0.15189427137374878,0.6923674941062927,0.6986914277076721]",0.0,0.0,0.0,False,False,0.01675831899046898
72,1,21,False,"[0.007576242089271545,-0.08264130353927612,-0.050595879554748535,0.01771080493927002,-0.05415165424346924,-0.038659244775772095,1.0161339044570923,0.3586692214012146,1.6422967910766602,0.755742609500885,0.9281402826309204,-1.2881265878677368,0.012956112623214722,-0.04014396667480469]","[0.007743427529931068,-0.0850907638669014,-0.036245666444301605,0.01650790311396122,-0.0559721440076828,-0.03922903910279274]",0.043991100043058395,"[0.35856956243515015,1.6411211490631104,0.7550827264785767,0.927344024181366,-1.287941336631775,0.013638769276440144]",0.0,"[-0.30188652873039246,-0.3546350598335266,0.9172709584236145,0.6840600967407227,0.009126860648393631,-0.03794191777706146,0.7283809781074524]","[0.16463303565979004,-0.16685433685779572,0.9776277542114258,-0.03803098574280739,0.006253923289477825,-0.012787655927240849,0.9991751313209534]","[0.13372357189655304,-0.1155056580901146,0.7805881500244141]","[0.09688010066747665,0.15189416706562042,0.6923669576644897,0.6986919641494751]",0.0,0.0,0.0,False,False,0.01436394453048706
73,1,22,False,"[0.007261946797370911,-0.08442485332489014,-0.05309891700744629,0.013843491673469543,-0.05594891309738159,-0.04374697804450989,1.0167802572250366,0.36022818088531494,1.6424293518066406,0.7544707655906677,0.9297021627426147,-1.2916536331176758,0.018221527338027954,-0.045643389225006104]","[0.007320394739508629,-0.08478101342916489,-0.036256883293390274,0.014162849634885788,-0.055950380861759186,-0.04317064210772514]",0.043986473232507706,"[0.36005717515945435,1.6422405242919922,0.7545607089996338,0.9294067621231079,-1.2911858558654785,0.01763582043349743]",0.0,"[-0.3018457591533661,-0.3546029031276703,0.9170175194740295,0.684248149394989,0.006850895006209612,-0.03841487690806389,0.7282044887542725]","[0.1642053723335266,-0.1671123206615448,0.9773095846176147,-0.04040711000561714,0.006206096615642309,-0.010997247882187366,0.9991034269332886]","[0.13372355699539185,-0.1155056357383728,0.7805881500244141]","[0.09688040614128113,0.15189406275749207,0.6923675537109375,0.6986913681030273]",0.0,0.0,0.0,False,False,0.016843292862176895
74,1,23,False,"[0.005532257258892059,-0.07818061113357544,-0.04756039381027222,0.008504107594490051,-0.05046188831329346,-0.03782251477241516,1.0138412714004517,0.37062352895736694,1.6392247676849365,0.7545779347419739,0.9251039028167725,-1.2832098007202148,0.017004728317260742,-0.04382526874542236]","[0.005731713026762009,-0.07938673347234726,-0.036282144486904144,0.009181536734104156,-0.05115131661295891,-0.038503967225551605]",0.04399358853697777,"[0.36948487162590027,1.6395570039749146,0.7545945048332214,0.9256587624549866,-1.2842369079589844,0.01708543859422207]",0.0,"[-0.30155739188194275,-0.35428693890571594,0.9161211848258972,0.6865884065628052,0.004845983348786831,-0.03288386017084122,0.7262860536575317]","[0.1616298407316208,-0.16846948862075806,0.9778280854225159,-0.04164360836148262,0.006202470511198044,-0.010730232112109661,0.9990555644035339]","[0.13372357189655304,-0.1155056357383728,0.7805881500244141]","[0.09688002616167068,0.15189428627490997,0.6923674941062927,0.6986914277076721]",0.0,0.0,0.0,False,False,0.011282883584499359
75,1,24,False,"[0.00334235280752182,-0.0763048529624939,-0.050811707973480225,0.01098620891571045,-0.05077597498893738,-0.0350206196308136,1.019226312637329,0.3711051642894745,1.6330595016479492,0.7466718554496765,0.9288038611412048,-1.2794907093048096,0.02578634023666382,-0.03739696741104126]","[0.0036228755488991737,-0.07734328508377075,-0.0363210029900074,0.010752077214419842,-0.05081772804260254,-0.03546421602368355]",0.04399360343813896,"[0.3709142804145813,1.6338144540786743,0.7475805878639221,0.9284030795097351,-1.2801098823547363,0.02467532828450203]",0.0,"[-0.3013462722301483,-0.35418501496315,0.9161047339439392,0.6874683499336243,0.0056803361512720585,-0.031596001237630844,0.7255043387413025]","[0.16183926165103912,-0.17014530301094055,0.9777920246124268,-0.04032246395945549,0.006353885401040316,-0.007616498041898012,0.9991374611854553]","[0.13372357189655304,-0.1155056357383728,0.7805881500244141]","[0.09688027948141098,0.151894211769104,0.6923673748970032,0.6986914277076721]",0.0,0.0,0.0,False,False,0.014492567628622055
76,1,25,False,"[0.0011417344212532043,-0.059217631816864014,-0.04056423902511597,0.013575747609138489,-0.03688329458236694,-0.03135943412780762,1.0124965906143188,0.3744666576385498,1.6367413997650146,0.7554852366447449,0.9146988987922668,-1.2714310884475708,0.012232214212417603,-0.04483598470687866]","[0.001404139562509954,-0.061516281217336655,-0.03639571741223335,0.013165244832634926,-0.03863866254687309,-0.03188134729862213]",0.04399088770151138,"[0.37406307458877563,1.6364445686340332,0.7545705437660217,0.9164391756057739,-1.2725176811218262,0.013822843320667744]",0.0,"[-0.30078282952308655,-0.3533782362937927,0.9151068329811096,0.6926966309547424,0.0022421313915401697,-0.02527547813951969,0.720782458782196]","[0.1604343056678772,-0.16907252371311188,0.9780429005622864,-0.03806300833821297,0.0054402537643909454,-0.009411143139004707,0.9992161989212036]","[0.13372357189655304,-0.1155056580901146,0.7805881500244141]","[0.09688011556863785,0.15189401805400848,0.6923668384552002,0.6986920833587646]",0.0,0.0,0.0,False,False,0.009999999776482582
77,1,26,False,"[-0.0023939162492752075,-0.03662550449371338,-0.025995254516601562,0.01016119122505188,-0.01718848943710327,-0.02754858136177063,1.0118159055709839,0.37873131036758423,1.6305203437805176,0.7535624504089355,0.9170251488685608,-1.2676441669464111,0.022191107273101807,-0.04365348815917969]","[-0.0019930440466850996,-0.03959178179502487,-0.02718466706573963,0.010558133944869041,-0.019890103489160538,-0.028098873794078827]",0.04398578777909279,"[0.3782271444797516,1.6311691999435425,0.7537077069282532,0.9169630408287048,-1.268273949623108,0.021122153848409653]",0.0,"[-0.29991114139556885,-0.3528379797935486,0.9163063764572144,0.7006406188011169,-0.001811921945773065,-0.018229110166430473,0.7132790684700012]","[0.15952534973621368,-0.17021051049232483,0.9793907999992371,-0.038050174713134766,0.006194401998072863,-0.008066676557064056,0.9992240071296692]","[0.13372355699539185,-0.11550567299127579,0.7805881500244141]","[0.09687989205121994,0.15189452469348907,0.6923661828041077,0.6986926794052124]",0.0,0.0,0.0,False,False,0.009999999776482582
78,1,27,False,"[-0.007831186056137085,-0.011610150337219238,-0.013130724430084229,0.013235911726951599,-0.002227604389190674,-0.016525954008102417,1.0103284120559692,0.38186314702033997,1.6329023838043213,0.7589153051376343,0.9059823751449585,-1.257047176361084,0.011403471231460571,-0.04158109426498413]","[-0.007184321526437998,-0.014950607903301716,-0.014723693951964378,0.012923531234264374,-0.004445345140993595,-0.017999419942498207]",0.043985988944768906,"[0.38144516944885254,1.6327801942825317,0.7582871913909912,0.9073677062988281,-1.258461833000183,0.012646275572478771]",0.0,"[-0.29895591735839844,-0.35229671001434326,0.9188804030418396,0.7079654932022095,-0.0017484895652160048,-0.01103121042251587,0.7061585783958435]","[0.15827114880084991,-0.16955028474330902,0.979461133480072,-0.03472529724240303,0.0053709326311945915,-0.009141551330685616,0.9993405938148499]","[0.13372357189655304,-0.11550567299127579,0.7805881500244141]","[0.09688025712966919,0.15189403295516968,0.6923662424087524,0.6986926198005676]",0.0,0.0,0.0,False,False,0.009999999776482582
79,1,28,False,"[-0.01474490761756897,0.02761155366897583,0.010479748249053955,0.020118817687034607,0.0280073881149292,-0.0020408034324645996,1.0038657188415527,0.38496723771095276,1.6365504264831543,0.7635011672973633,0.9021291136741638,-1.249969482421875,0.007663160562515259,-0.044622719287872314]","[-0.01392766647040844,0.022518007084727287,0.0076452093198895454,0.019267132505774498,0.02392461523413658,-0.004072101786732674]",0.043977752327919006,"[0.38457000255584717,1.6361403465270996,0.7629073262214661,0.902790904045105,-1.2510358095169067,0.00829994399100542]",0.0,"[-0.29746413230895996,-0.3514619767665863,0.9242193102836609,0.7202572822570801,9.505073103355244e-05,-0.0029580537229776382,0.6937006711959839]","[0.15697365999221802,-0.1687747836112976,0.9794091582298279,-0.03256313502788544,0.004964557010680437,-0.009726880118250847,0.9994099736213684]","[0.13372358679771423,-0.115505650639534,0.7805881500244141]","[0.09688017517328262,0.15189415216445923,0.6923669576644897,0.6986919045448303]",0.0,0.0,0.0,False,False,0.009999999776482582
80,1,29,False,"[-0.034241653978824615,0.11275434494018555,0.0613560676574707,0.026896268129348755,0.09734126925468445,0.01358005404472351,1.0057473182678223,0.3875671923160553,1.6330677270889282,0.7643829584121704,0.8948688507080078,-1.2440232038497925,0.008876591920852661,-0.04788661003112793]","[-0.03201412782073021,0.10198187083005905,0.055283427238464355,0.026052197441458702,0.08810624480247498,0.011336228810250759]",0.043951261788606644,"[0.3872342109680176,1.6334164142608643,0.7642309069633484,0.8958827257156372,-1.2449145317077637,0.008803767152130604]",0.0,"[-0.29374223947525024,-0.3488617539405823,0.9348844289779663,0.7481656074523926,-0.003262097714468837,0.010851479135453701,0.6634151339530945]","[0.1562507450580597,-0.16907154023647308,0.9800517559051514,-0.030835814774036407,0.004525449126958847,-0.008112093433737755,0.9994812607765198]","[0.13372357189655304,-0.1155056357383728,0.7805881500244141]","[0.09688016027212143,0.15189439058303833,0.6923675537109375,0.6986913084983826]",0.0,0.0,0.0,False,False,0.017935186624526978
81,1,30,False,"[-0.051716893911361694,0.20545798540115356,0.11271452903747559,0.03184202313423157,0.1666138619184494,0.04602786898612976,1.0016785860061646,0.38770031929016113,1.6354531049728394,0.768221378326416,0.8918783664703369,-1.2347571849822998,0.007516741752624512,-0.04743480682373047]","[-0.049577903002500534,0.19320301711559296,0.10611341893672943,0.031205318868160248,0.15673236548900604,0.041610658168792725]",0.04395309463143349,"[0.38762691617012024,1.6352603435516357,0.7677592039108276,0.8923807740211487,-1.2360330820083618,0.007682505529373884]",0.0,"[-0.28976309299468994,-0.34432700276374817,0.9452851414680481,0.7760268449783325,-0.004645318724215031,0.03177729621529579,0.6298816800117493]","[0.15584437549114227,-0.16818317770957947,0.9802253842353821,-0.026590410619974136,0.004295717924833298,-0.007799954619258642,0.999606728553772]","[0.13372357189655304,-0.11550566554069519,0.7805881500244141]","[0.09688024967908859,0.1518940031528473,0.6923666000366211,0.698692262172699]",0.0,0.0,0.0,False,False,0.020562559366226196
82,1,31,False,"[-0.06753713637590408,0.2780657410621643,0.16359850764274597,0.03783059120178223,0.22288112342357635,0.07594233751296997,1.0017262697219849,0.3867771327495575,1.6309659481048584,0.7696163654327393,0.8895992636680603,-1.2294590473175049,0.0021055936813354492,-0.04256719350814819]","[-0.0655779168009758,0.26801255345344543,0.15707415342330933,0.03712613880634308,0.21455472707748413,0.07157033681869507]",0.04396238178014755,"[0.3868613839149475,1.6314380168914795,0.7694336771965027,0.8899673223495483,-1.2302912473678589,0.002817518310621381]",0.0,"[-0.2861160933971405,-0.33977746963500977,0.9568604826927185,0.7987551689147949,0.000613621377851814,0.045566052198410034,0.5999279022216797]","[0.1561230570077896,-0.16808147728443146,0.9816392660140991,-0.023327935487031937,0.004942385479807854,-0.011661142110824585,0.9996475577354431]","[0.13372355699539185,-0.11550566554069519,0.7805881500244141]","[0.09688042849302292,0.15189404785633087,0.6923665404319763,0.698692262172699]",0.0,0.0,0.0,False,False,0.016829371452331543
83,1,32,False,"[-0.10818015038967133,0.45025429129600525,0.2704894244670868,0.052101269364356995,0.3651960492134094,0.12359324097633362,0.998889148235321,0.3859609067440033,1.633537769317627,0.7645658850669861,0.8839212656021118,-1.225517749786377,-0.0009971559047698975,-0.049224793910980225]","[-0.10351674258708954,0.4280265271663666,0.25787508487701416,0.050534527748823166,0.3462020456790924,0.11696863919496536]",0.04393371194601059,"[0.386054128408432,1.633406639099121,0.7650542855262756,0.8846592307090759,-1.2261241674423218,-0.0005091969505883753]",0.0,"[-0.2768448293209076,-0.32666483521461487,0.9774507284164429,0.8466808795928955,0.0024158796295523643,0.06779630482196808,0.5277585983276367]","[0.15650169551372528,-0.1682288497686386,0.979427695274353,-0.020835187286138535,0.0029195190872997046,-0.007872603833675385,0.999747633934021]","[0.13372357189655304,-0.11550566554069519,0.7805881500244141]","[0.09687986969947815,0.15189442038536072,0.692366361618042,0.6986925005912781]",0.0,0.0,0.0,False,False,0.03718945384025574
84,1,33,False,"[-0.1401379406452179,0.5971958041191101,0.3590843677520752,0.06857864558696747,0.4745304584503174,0.16237840056419373,1.0074836015701294,0.38804569840431213,1.6193411350250244,0.7601838707923889,0.8805233836174011,-1.2177531719207764,0.0037081241607666016,-0.03954511880874634]","[-0.13612057268619537,0.5773736238479614,0.34770673513412476,0.06654053926467896,0.45831385254859924,0.15659262239933014]",0.04396272078156471,"[0.3878345489501953,1.6208354234695435,0.7608411908149719,0.8810888528823853,-1.2188372611999512,0.003168958704918623]",0.0,"[-0.2675075829029083,-0.3105369508266449,0.9931331276893616,0.8826556205749512,0.0029341373592615128,0.08404164761304855,0.4624361991882324]","[0.15677410364151,-0.17018717527389526,0.9816753268241882,-0.018088597804307938,0.0037857391871511936,-0.008252676576375961,0.9997950792312622]","[0.13372355699539185,-0.11550567299127579,0.7805881500244141]","[0.0968804880976677,0.15189389884471893,0.6923664212226868,0.6986925005912781]",0.0,0.0,0.0,False,False,0.03384190797805786
85,1,34,False,"[-0.18605336546897888,0.8044366836547852,0.48578059673309326,0.09972226619720459,0.6471017599105835,0.2133667767047882,1.0120896100997925,0.3834034204483032,1.6130831241607666,0.7556065320968628,0.8840585350990295,-1.216443419456482,0.0032381415367126465,-0.04037398099899292]","[-0.18064293265342712,0.7570046782493591,0.47147098183631897,0.09632215648889542,0.6216512322425842,0.20615628361701965]",0.043925363570451736,"[0.38387173414230347,1.6140276193618774,0.7561708688735962,0.883676290512085,-1.2167541980743408,0.0032292145770043135]",0.0,"[-0.2526777982711792,-0.28724050521850586,1.0143554210662842,0.926190197467804,0.015584821812808514,0.08870386332273483,0.36614251136779785]","[0.15843898057937622,-0.1709389090538025,0.9825602173805237,-0.015067435801029205,0.0046329740434885025,-0.01042899489402771,0.9998213648796082]","[0.13372357189655304,-0.1155056282877922,0.7805881500244141]","[0.09687943756580353,0.15189485251903534,0.6923675537109375,0.6986913084983826]",0.0,0.0,0.0,False,False,0.06721335649490356
86,1,35,False,"[-0.2171691209077835,0.9550954103469849,0.5737269520759583,0.11737802624702454,0.7578602433204651,0.26565253734588623,1.0119019746780396,0.38058751821517944,1.6154758930206299,0.7589641809463501,0.8794183731079102,-1.2111108303070068,0.006568223237991333,-0.035502731800079346]","[-0.21322354674339294,0.926799476146698,0.5627411007881165,0.11511477082967758,0.7406208515167236,0.2580747604370117]",0.04398954287171364,"[0.38093313574790955,1.6153628826141357,0.7586206197738647,0.8799493312835693,-1.21181321144104,0.006143706385046244]",0.0,"[-0.23884104192256927,-0.2619298994541168,1.0197573900222778,0.9513730406761169,0.014899403788149357,0.10012562572956085,0.29093340039253235]","[0.1590617150068283,-0.16989587247371674,0.9825709462165833,-0.011133847758173943,0.004163006320595741,-0.007749848999083042,0.9998992681503296]","[0.13372357189655304,-0.115505650639534,0.7805881500244141]","[0.09687992930412292,0.15189476311206818,0.6923669576644897,0.6986917853355408]",0.0,0.0,0.0,False,False,0.04606831073760986
87,1,36,False,"[-0.23769991099834442,1.0388411283493042,0.6271321773529053,0.13281649351119995,0.8256038427352905,0.28372815251350403,1.0190666913986206,0.38115018606185913,1.6123652458190918,0.7578600645065308,0.8764016032218933,-1.207802653312683,0.0024538934230804443,-0.039544105529785156]","[-0.2350255846977234,1.025707721710205,0.6201977133750916,0.13079768419265747,0.8147904276847839,0.28045955300331116]",0.04399999976158142,"[0.381132036447525,1.61270272731781,0.7579570412635803,0.8768579363822937,-1.208315372467041,0.0029251519590616226]",0.0,"[-0.22910074889659882,-0.24623721837997437,1.0222842693328857,0.9645673036575317,0.014492025598883629,0.10012924671173096,0.24366752803325653]","[0.15915417671203613,-0.17019730806350708,0.982923150062561,-0.009477515704929829,0.004004322923719883,-0.008841075003147125,0.999907910823822]","[0.13372357189655304,-0.1155056357383728,0.7805881500244141]","[0.09688004851341248,0.15189440548419952,0.6923673748970032,0.6986914873123169]",0.0,0.0,0.0,False,False,0.022838354110717773
88,1,37,False,"[-0.2791406512260437,1.2321827411651611,0.7321380376815796,0.1828189492225647,0.9743183851242065,0.3260292410850525,1.0499603748321533,0.3809511661529541,1.6075592041015625,0.74919593334198,0.8816319704055786,-1.2103984355926514,0.011781692504882812,-0.02511119842529297]","[-0.2743850648403168,1.1980831623077393,0.7206904292106628,0.17680644989013672,0.9541438221931458,0.3202386498451233]",0.04399409517645836,"[0.38098087906837463,1.6081554889678955,0.7501863241195679,0.881019651889801,-1.2101521492004395,0.010650228708982468]",0.0,"[-0.20968079566955566,-0.21787439286708832,1.0235278606414795,0.9833400249481201,0.02193513698875904,0.09054630994796753,0.15608473122119904]","[0.15982244908809662,-0.17178815603256226,0.9823890328407288,-0.010336585342884064,0.004123087506741285,-0.005420336499810219,0.9999232888221741]","[0.13372357189655304,-0.1155056282877922,0.7805881500244141]","[0.09688001871109009,0.1518944948911667,0.6923677921295166,0.6986910700798035]",0.0,0.0,0.0,False,False,0.052910566329956055
89,1,38,False,"[-0.3083920180797577,1.3566408157348633,0.8046026229858398,0.20132777094841003,1.0710369348526,0.349779337644577,1.0556756258010864,0.3782188296318054,1.5992010831832886,0.7438926696777344,0.88489830493927,-1.2123209238052368,0.017337560653686523,-0.031085669994354248]","[-0.30465593934059143,1.33791184425354,0.7957160472869873,0.19850946962833405,1.0560834407806396,0.34601354598999023]",0.04399999976158142,"[0.3785219192504883,1.60017728805542,0.7446444034576416,0.8844215869903564,-1.2120604515075684,0.016483306884765625]",0.0,"[-0.19305776059627533,-0.19530536234378815,1.01628577709198,0.9922018051147461,0.014152422547340393,0.08487921208143234,0.09017094224691391]","[0.16115714609622955,-0.17313016951084137,0.9834067821502686,-0.010081231594085693,0.005123778246343136,-0.005235549993813038,0.9999222755432129]","[0.13372357189655304,-0.1155056282877922,0.7805881500244141]","[0.09688029438257217,0.151894211769104,0.6923677325248718,0.6986910700798035]",0.0,0.0,0.0,False,False,0.03294169902801514
90,1,39,False,"[-0.32649338245391846,1.4422962665557861,0.8467310667037964,0.22518563270568848,1.1327458620071411,0.3773505389690399,1.0580451488494873,0.37556785345077515,1.6080743074417114,0.7440941333770752,0.885989248752594,-1.2132914066314697,0.01575753092765808,-0.025795578956604004]","[-0.3241181969642639,1.429819941520691,0.841443657875061,0.22199735045433044,1.122934103012085,0.3733586072921753]",0.04399999976158142,"[0.3758835196495056,1.607262372970581,0.7440908551216125,0.8857578039169312,-1.2131232023239136,0.015851395204663277]",0.0,"[-0.18163780868053436,-0.18093205988407135,1.0087249279022217,0.9956507086753845,0.01629541628062725,0.07867678999900818,0.047160543501377106]","[0.16161540150642395,-0.17210371792316437,0.981307864189148,-0.009283056482672691,0.003977891989052296,-0.0026196949183940887,0.9999454617500305]","[0.13372357189655304,-0.1155056431889534,0.7805881500244141]","[0.09688031673431396,0.15189413726329803,0.6923672556877136,0.6986915469169617]",0.0,0.0,0.0,False,False,0.02185678482055664
91,1,40,False,"[-0.3415203094482422,1.4850122928619385,0.8717470169067383,0.23033201694488525,1.1644338369369507,0.38950344920158386,1.0491864681243896,0.3750307857990265,1.6064242124557495,0.7414209842681885,0.8843185305595398,-1.2141616344451904,0.01376640796661377,-0.025182902812957764]","[-0.33963537216186523,1.4783084392547607,0.8686073422431946,0.22939884662628174,1.1591330766677856,0.3874482214450836]",0.04399999976158142,"[0.37513285875320435,1.6064599752426147,0.7417683005332947,0.8845123648643494,-1.2140346765518188,0.01403206679970026]",0.0,"[-0.17391625046730042,-0.17402513325214386,1.004540205001831,0.9968283772468567,0.016368677839636803,0.07485490292310715,0.021493783220648766]","[0.16198398172855377,-0.17243115603923798,0.9807928800582886,-0.009356768801808357,0.0034820488654077053,-0.002241370966657996,0.9999476075172424]","[0.13372357189655304,-0.115505650639534,0.7805881500244141]","[0.09687996655702591,0.15189437568187714,0.692366898059845,0.6986919641494751]",0.0,0.0,0.0,False,False,0.011603355407714844
92,1,41,False,"[-0.3503660261631012,1.5254852771759033,0.8951766490936279,0.23228541016578674,1.198240041732788,0.393231600522995,1.0516808032989502,0.37369924783706665,1.6012234687805176,0.7397465705871582,0.886347234249115,-1.2188074588775635,0.014586180448532104,-0.027446508407592773]","[-0.3492041230201721,1.519901156425476,0.8922685384750366,0.2319898009300232,1.1932330131530762,0.3924943506717682]",0.04399999976158142,"[0.3738642930984497,1.6017755270004272,0.7400025129318237,0.8861295580863953,-1.2182103395462036,0.014514347538352013]",0.0,"[-0.16821686923503876,-0.16793081164360046,1.000389814376831,0.997399628162384,0.010979817248880863,0.07122773677110672,0.00016173580661416054]","[0.16263344883918762,-0.17312785983085632,0.9817732572555542,-0.010816141031682491,0.0042500882409513,-0.004130024462938309,0.9999239444732666]","[0.13372357189655304,-0.115505650639534,0.7805881500244141]","[0.09688013792037964,0.15189410746097565,0.6923670768737793,0.6986918449401855]",0.0,0.0,0.0,False,False,0.009999999776482582
93,1,42,False,"[-0.36057960987091064,1.5671541690826416,0.9179580211639404,0.24448835849761963,1.2220836877822876,0.41045859456062317,1.0360009670257568,0.37371984124183655,1.6066744327545166,0.7434909343719482,0.8850147128105164,-1.2187132835388184,0.009297221899032593,-0.009138941764831543]","[-0.35934218764305115,1.5615637302398682,0.9151737689971924,0.24297454953193665,1.218373417854309,0.4081690311431885]",0.04399999976158142,"[0.3737318515777588,1.6061656475067139,0.7430527806282043,0.8851428627967834,-1.2186394929885864,0.009963728487491608]",0.0,"[-0.16222485899925232,-0.16165634989738464,0.9961068034172058,0.9974497556686401,0.01465488038957119,0.06766995042562485,-0.01731877587735653]","[0.16231873631477356,-0.17222657799720764,0.9812833666801453,-0.010952877812087536,0.003857627511024475,-0.005318915005773306,0.9999184012413025]","[0.13372355699539185,-0.11550567299127579,0.7805881500244141]","[0.0968799963593483,0.15189436078071594,0.6923662424087524,0.6986925601959229]",0.0,0.0,0.0,False,False,0.009999999776482582
94,1,43,False,"[-0.3723887801170349,1.5959035158157349,0.9338208436965942,0.25594019889831543,1.2447360754013062,0.4164431691169739,1.0178799629211426,0.37152785062789917,1.6099717617034912,0.7431669235229492,0.8862172365188599,-1.218977689743042,0.00933849811553955,-0.00964212417602539]","[-0.370982825756073,1.5917686223983765,0.931846022605896,0.25435495376586914,1.2413625717163086,0.4153915047645569]",0.04399999976158142,"[0.37176379561424255,1.60953688621521,0.7431569695472717,0.8860746622085571,-1.218927025794983,0.009418309666216373]",0.0,"[-0.15652641654014587,-0.15784358978271484,0.9930602312088013,0.9972653388977051,0.016817042604088783,0.0634199008345604,-0.03401114046573639]","[0.16271941363811493,-0.17158925533294678,0.9804103374481201,-0.01010986790060997,0.003439531894400716,-0.004503991454839706,0.9999328255653381]","[0.13372354209423065,-0.11550567299127579,0.7805881500244141]","[0.09688050299882889,0.15189391374588013,0.692366361618042,0.6986925601959229]",0.0,0.0,0.0,False,False,0.009999999776482582
95,1,44,False,"[-0.37989482283592224,1.6291959285736084,0.9500809907913208,0.25693973898887634,1.2710881233215332,0.4329780638217926,1.011218786239624,0.37145310640335083,1.606635332107544,0.7379298210144043,0.8918965458869934,-1.2289882898330688,0.012125581502914429,-0.004544317722320557]","[-0.3789219856262207,1.624795913696289,0.9480577707290649,0.25665345788002014,1.2672773599624634,0.43073567748069763]",0.04399999976158142,"[0.3715112507343292,1.6069148778915405,0.7385432720184326,0.891165018081665,-1.2277264595031738,0.011778241023421288]",0.0,"[-0.1518511325120926,-0.1536901593208313,0.9881818890571594,0.9967455267906189,0.016907263547182083,0.06028508022427559,-0.050775934010744095]","[0.16315816342830658,-0.17273782193660736,0.9802706837654114,-0.014389417134225368,0.0039028639439493418,-0.004791668616235256,0.9998772740364075]","[0.13372355699539185,-0.11550566554069519,0.7805881500244141]","[0.09688015282154083,0.15189418196678162,0.6923665404319763,0.6986923217773438]",0.0,0.0,0.0,False,False,0.009999999776482582
96,1,45,False,"[-0.38816583156585693,1.6446330547332764,0.9615890979766846,0.2631336450576782,1.282698392868042,0.43899261951446533,0.9828040599822998,0.3711647391319275,1.6188966035842896,0.7454044818878174,0.8985971212387085,-1.2335381507873535,0.015612512826919556,0.0024129152297973633]","[-0.3871653079986572,1.6421416997909546,0.9601970314979553,0.26236850023269653,1.2807281017303467,0.4379425346851349]",0.043634265661239624,"[0.3711967170238495,1.617539405822754,0.7446015477180481,0.8976373076438904,-1.2327795028686523,0.015123450197279453]",0.0,"[-0.14792294800281525,-0.151564359664917,0.9869066476821899,0.9962732195854187,0.02046368643641472,0.057218585163354874,-0.061212100088596344]","[0.16248463094234467,-0.170876607298851,0.9793823957443237,-0.016766797751188278,0.004163001198321581,-0.0040236227214336395,0.999842643737793]","[0.13372357189655304,-0.115505650639534,0.7805881500244141]","[0.09688009321689606,0.151894211769104,0.6923671364784241,0.698691725730896]",0.0,0.0,0.0,False,False,0.009869702160358429
97,1,46,False,"[-0.39533498883247375,1.6645245552062988,0.9693637490272522,0.28178834915161133,1.3005157709121704,0.4306955635547638,0.9367544651031494,0.3715464472770691,1.6146249771118164,0.7452380657196045,0.9065725207328796,-1.2423222064971924,0.009091079235076904,0.0030862092971801758]","[-0.3944457173347473,1.661899447441101,0.9683743715286255,0.2793358564376831,1.2979810237884521,0.43162304162979126]",0.04241053760051727,"[0.3715285360813141,1.6148529052734375,0.7452225685119629,0.9054655432701111,-1.241119623184204,0.009858574718236923]",0.0,"[-0.14423391222953796,-0.14938528835773468,0.9844470620155334,0.9957776665687561,0.01939229667186737,0.05303887650370598,-0.07237119227647781]","[0.16248607635498047,-0.17138125002384186,0.980930745601654,-0.021097920835018158,0.006052379030734301,-0.011901705525815487,0.9996881484985352]","[0.13372355699539185,-0.11550566554069519,0.7805881500244141]","[0.09687991440296173,0.1518944352865219,0.6923663020133972,0.6986925005912781]",0.0,0.0,0.0,False,False,0.009833344258368015
98,1,47,False,"[-0.40289032459259033,1.6662108898162842,0.9718698263168335,0.27895450592041016,1.303497076034546,0.42344632744789124,0.9096294045448303,0.370361328125,1.6219370365142822,0.7478342056274414,0.9128901958465576,-1.243504285812378,0.011482656002044678,0.003123641014099121]","[-0.40197721123695374,1.6655981540679932,0.9715486168861389,0.27902519702911377,1.302802562713623,0.42448967695236206]",0.0410875529050827,"[0.3704811632633209,1.6211825609207153,0.7474924921989441,0.9119266867637634,-1.2431901693344116,0.011275074444711208]",0.0,"[-0.14164109528064728,-0.14987823367118835,0.9842352271080017,0.995442271232605,0.01545341219753027,0.05241577327251434,-0.07815681397914886]","[0.16240087151527405,-0.17032112181186676,0.9802209138870239,-0.021615492179989815,0.0064191692508757114,-0.012331790290772915,0.9996696710586548]","[0.13372355699539185,-0.11550566554069519,0.7805881500244141]","[0.09688027203083038,0.15189416706562042,0.6923664212226868,0.6986923813819885]",0.0,0.0,0.0,False,False,0.0098313232883811
99,1,48,False,"[-0.39727896451950073,1.6718671321868896,0.9780850410461426,0.2595236301422119,1.2957767248153687,0.44914770126342773,0.899413526058197,0.3648509979248047,1.6149672269821167,0.7493330240249634,0.9016838669776917,-1.2400448322296143,0.007768005132675171,0.019731462001800537]","[-0.3977240324020386,1.6711808443069458,0.9772943258285522,0.2620154917240143,1.29664945602417,0.4459981918334961]",0.04004564881324768,"[0.365452378988266,1.6156362295150757,0.7491679787635803,0.9030078649520874,-1.240437626838684,0.008216770365834236]",0.0,"[-0.14252987504005432,-0.14815694093704224,0.9828981757164001,0.9955195188522339,0.01831955835223198,0.05554657056927681,-0.07429540157318115]","[0.16393710672855377,-0.16989485919475555,0.9816123843193054,-0.0177154541015625,0.006158275995403528,-0.013069529086351395,0.9997386932373047]","[0.13372357189655304,-0.1155056580901146,0.7805881500244141]","[0.09688011556863785,0.15189401805400848,0.6923668384552002,0.6986920833587646]",0.0,0.0,0.0,False,False,0.008934500627219677
100,1,49,False,"[-0.40353694558143616,1.6785428524017334,0.9769805073738098,0.2746807932853699,1.3022669553756714,0.43939101696014404,0.8566855192184448,0.366080105304718,1.6100680828094482,0.7425210475921631,0.9192624688148499,-1.2493096590042114,0.012384265661239624,0.013136506080627441]","[-0.4029560685157776,1.677646517753601,0.9770681858062744,0.2730725109577179,1.3015543222427368,0.4402373135089874]",0.03853138908743858,"[0.3660440742969513,1.6106860637664795,0.7432708740234375,0.9172013401985168,-1.248206377029419,0.011849134229123592]",0.0,"[-0.14054732024669647,-0.14813029766082764,0.9815807938575745,0.9952693581581116,0.0174595694988966,0.054021239280700684,-0.0788404569029808]","[0.16431474685668945,-0.17159317433834076,0.9824875593185425,-0.021915001794695854,0.008275681175291538,-0.017510097473859787,0.9995721578598022]","[0.13372357189655304,-0.1155056580901146,0.7805881500244141]","[0.09687980264425278,0.15189485251903534,0.6923668384552002,0.6986919641494751]",0.0,0.0,0.0,False,False,0.00929062906652689
101,2,0,True,"[-0.4255707561969757,1.6848030090332031,1.006951093673706,0.19505348801612854,1.269142746925354,0.49226877093315125,-0.06500047445297241,0.36440467834472656,1.6839408874511719,0.7263861894607544,0.9644891619682312,-1.2609964609146118,0.0588763952255249,0.7165343761444092]","[-0.4231261909008026,1.6840041875839233,1.0033936500549316,0.20503759384155273,1.2732512950897217,0.48561960458755493]",0.02968520112335682,"[0.36454716324806213,1.67606782913208,0.72806715965271,0.9582282900810242,-1.2593038082122803,0.052877914160490036]",0.008131672628223896,"[-0.1334531307220459,-0.14854176342487335,0.9822568893432617,0.9945029020309448,0.019233088940382004,0.06595718115568161,-0.07901652902364731]","[0.16313239932060242,-0.16748395562171936,0.9624858498573303,-0.026706228032708168,0.0009906574850901961,0.0216002706438303,0.9994093775749207]","[0.13372358679771423,-0.1155056357383728,0.7805881500244141]","[0.09687980264425278,0.1518944352865219,0.6923675537109375,0.6986913084983826]",0.0,0.0,0.0,False,False,0.01744842529296875
102,2,1,False,"[-0.41796237230300903,1.697568416595459,1.0263311862945557,0.15006020665168762,1.264224648475647,0.5233993530273438,-0.05890852212905884,0.3624555766582489,1.6797785758972168,0.7237772345542908,0.9618322253227234,-1.2577800750732422,0.061559706926345825,0.6516513824462891]","[-0.41934934258461,1.6951396465301514,1.0232973098754883,0.15690124034881592,1.2663278579711914,0.5185081362724304]",0.021233147010207176,"[0.36138689517974854,1.6796761751174927,0.7248885631561279,0.9613170027732849,-1.2570550441741943,0.06035985052585602]",0.011903708800673485,"[-0.1335807889699936,-0.1454966813325882,0.981156587600708,0.9942396283149719,0.01730361022055149,0.07291370630264282,-0.07662662863731384]","[0.16408775746822357,-0.16715970635414124,0.96082603931427,-0.023989079520106316,0.00035768470843322575,0.027084287256002426,0.9993451833724976]","[0.13372358679771423,-0.1155056431889534,0.7805881500244141]","[0.09687995165586472,0.151894211769104,0.6923672556877136,0.6986916065216064]",0.0,0.0,0.0,False,False,0.010889379307627678
103,2,2,False,"[-0.41443344950675964,1.6910834312438965,1.0247751474380493,0.14697051048278809,1.2622220516204834,0.5234459638595581,-0.05880439281463623,0.35924002528190613,1.6856284141540527,0.7280237078666687,0.9659549593925476,-1.2656012773513794,0.05886644124984741,0.7461069226264954]","[-0.4156617522239685,1.6916587352752686,1.0238795280456543,0.14795562624931335,1.263123869895935,0.522801399230957]",0.018656428903341293,"[0.3587501049041748,1.684745192527771,0.7284161448478699,0.9655213952064514,-1.2639224529266357,0.058982864022254944]",0.010453881695866585,"[-0.13496442139148712,-0.1454046666622162,0.9818222522735596,0.9943526387214661,0.017170721665024757,0.07436850666999817,-0.0737372487783432]","[0.16446776688098907,-0.1659993678331375,0.9605914354324341,-0.026114830747246742,0.0007321585435420275,0.025131791830062866,0.999342679977417]","[0.13372357189655304,-0.115505650639534,0.7805881500244141]","[0.09687969088554382,0.1518947333097458,0.6923668384552002,0.6986919641494751]",0.0,0.0,0.0,False,False,0.01093492191284895
104,2,3,False,"[-0.41051775217056274,1.690230131149292,1.0281975269317627,0.14370214939117432,1.2639367580413818,0.5256320238113403,-0.05759304761886597,0.3572520613670349,1.7046493291854858,0.7393138408660889,0.9754942655563354,-1.2797712087631226,0.057766079902648926,0.7992748618125916]","[-0.4110053479671478,1.6919465065002441,1.0256068706512451,0.14356929063796997,1.2638720273971558,0.5252709984779358]",0.01675722934305668,"[0.356227308511734,1.7008116245269775,0.7396525144577026,0.9747718572616577,-1.2773057222366333,0.05784497410058975]",0.009485182352364063,"[-0.13633853197097778,-0.14455027878284454,0.9819547533988953,0.994470477104187,0.01680232584476471,0.07462719827890396,-0.07194998860359192]","[0.1640223115682602,-0.1628655642271042,0.9595072865486145,-0.03155907616019249,0.0012610562844201922,0.022452520206570625,0.9992488622665405]","[0.13372355699539185,-0.1155056580901146,0.7805881500244141]","[0.09688014537096024,0.15189431607723236,0.6923666596412659,0.6986921429634094]",0.0,0.0,0.0,False,False,0.0109007703140378
105,2,4,False,"[-0.4075983762741089,1.6860994100570679,1.0310657024383545,0.1321779191493988,1.2583155632019043,0.5277571082115173,-0.048938632011413574,0.3540022373199463,1.6975020170211792,0.7344038486480713,0.9739172458648682,-1.27756667137146,0.057421594858169556,0.8428841829299927]","[-0.4088439345359802,1.687424659729004,1.0289314985275269,0.13310131430625916,1.2594876289367676,0.5274285078048706]",0.014141436666250229,"[0.35310763120651245,1.697190284729004,0.7363827228546143,0.9743654131889343,-1.2767508029937744,0.05739635229110718]",0.007852165959775448,"[-0.13717171549797058,-0.144498810172081,0.9836481809616089,0.9945602416992188,0.01678166165947914,0.07606707513332367,-0.06915228068828583]","[0.16522535681724548,-0.16326051950454712,0.9596909880638123,-0.029722686856985092,0.0013038268079981208,0.022253315895795822,0.9993094801902771]","[0.13372355699539185,-0.11550566554069519,0.7805881500244141]","[0.09688027948141098,0.15189425647258759,0.6923666000366211,0.698692262172699]",0.0,0.0,0.0,False,False,0.011003884486854076
106,2,5,False,"[-0.4032878279685974,1.686478853225708,1.0398297309875488,0.10550267994403839,1.2488045692443848,0.5431973338127136,-0.052929043769836426,0.35079991817474365,1.6863173246383667,0.7305741310119629,0.9638834595680237,-1.2705941200256348,0.056051015853881836,0.8442083597183228]","[-0.4054977595806122,1.6856689453125,1.038083553314209,0.10874783247709274,1.2513033151626587,0.541130542755127]",0.010457152500748634,"[0.34958115220069885,1.6885550022125244,0.7317001223564148,0.9650872349739075,-1.2701561450958252,0.056127455085515976]",0.005314485635608435,"[-0.13812488317489624,-0.1436060070991516,0.9851921796798706,0.9945271015167236,0.01756061613559723,0.07987996190786362,-0.06501124799251556]","[0.16677331924438477,-0.16409268975257874,0.96030193567276,-0.024642111733555794,0.0006238332716748118,0.02414916828274727,0.9994043707847595]","[0.13372357189655304,-0.11550562083721161,0.7805881500244141]","[0.09687979519367218,0.15189486742019653,0.6923679113388062,0.6986908912658691]",0.0,0.0,0.0,False,False,0.011161683592945337
107,2,6,False,"[-0.3988688588142395,1.685004711151123,1.0425872802734375,0.10158638656139374,1.2453052997589111,0.5437416434288025,-0.05360281467437744,0.3481995463371277,1.6916420459747314,0.735292911529541,0.9660364389419556,-1.2751452922821045,0.05716085433959961,0.8812160491943359]","[-0.4013083279132843,1.6846493482589722,1.0411250591278076,0.10206872969865799,1.2471516132354736,0.5433768630027771]",0.006932425778359175,"[0.346831738948822,1.6918259859085083,0.7357864379882812,0.9659234285354614,-1.2732030153274536,0.056940652430057526]",0.0026522136759012938,"[-0.13938871026039124,-0.1427832692861557,0.9859231114387512,0.9946455359458923,0.017489954829216003,0.08131464570760727,-0.06133727729320526]","[0.167226180434227,-0.1628817319869995,0.9604769349098206,-0.024798203259706497,0.0008598859421908855,0.023768382146954536,0.9994094371795654]","[0.13372357189655304,-0.115505650639534,0.7805881500244141]","[0.09687986224889755,0.1518944799900055,0.6923669576644897,0.6986919045448303]",0.0,0.0,0.0,False,False,0.01119769481010735
108,2,7,False,"[-0.3875718116760254,1.6787419319152832,1.0481126308441162,0.0891767144203186,1.2326997518539429,0.5483728051185608,-0.05331319570541382,0.34041064977645874,1.6905593872070312,0.7424114942550659,0.968322217464447,-1.277019739151001,0.05941802263259888,0.9273295402526855]","[-0.39134329557418823,1.6783088445663452,1.0465205907821655,0.09040647000074387,1.2361027002334595,0.547733724117279]",0.0018416827078908682,"[0.3390653133392334,1.6917963027954102,0.7425397038459778,0.9678676128387451,-1.2747842073440552,0.059050776064395905]",0.00010165209823753685,"[-0.14263668656349182,-0.14136002957820892,0.9886584281921387,0.9949174523353577,0.019832223653793335,0.08403576910495758,-0.05180627107620239]","[0.16909021139144897,-0.16085173189640045,0.9624150395393372,-0.021747611463069916,0.002265474060550332,0.020673468708992004,0.9995471239089966]","[0.13372358679771423,-0.1155056431889534,0.7805881500244141]","[0.09688009321689606,0.15189404785633087,0.6923671960830688,0.698691725730896]",0.0,0.0,0.0,False,False,0.011269769529462792
109,2,8,False,"[-0.37862199544906616,1.6816623210906982,1.0571004152297974,0.0577826201915741,1.219292163848877,0.5625556707382202,-0.0496060848236084,0.33536186814308167,1.6719324588775635,0.7338907718658447,0.9586257934570312,-1.2641302347183228,0.05873629450798035,0.9243407249450684]","[-0.3800100088119507,1.681401014328003,1.0557373762130737,0.0619349330663681,1.2214010953903198,0.5606585144996643]",0.0,"[0.33578312397003174,1.6742092370986938,0.7348952293395996,0.9598255753517151,-1.265513300895691,0.05877679958939552]",0.008569058030843735,"[-0.14596249163150787,-0.13875456154346466,0.9883010387420654,0.9948354959487915,0.015996389091014862,0.09126891940832138,-0.04142949730157852]","[0.1710098385810852,-0.16295892000198364,0.9649641513824463,-0.015484183095395565,0.0027787736617028713,0.01964704878628254,0.999683141708374]","[0.13372355699539185,-0.11550566554069519,0.7805881500244141]","[0.09687994420528412,0.15189439058303833,0.6923666000366211,0.698692262172699]",0.0,0.0,0.0,False,False,0.009999999776482582
110,2,9,False,"[-0.3654770851135254,1.684280276298523,1.073232889175415,0.01620069146156311,1.191818356513977,0.585064172744751,-0.06296980381011963,0.329192578792572,1.6518462896347046,0.7286351919174194,0.9481645822525024,-1.2506358623504639,0.05994877219200134,0.9159350395202637]","[-0.36703652143478394,1.6839607954025269,1.0711437463760376,0.022059869021177292,1.1955450773239136,0.5819430947303772]",0.0,"[0.329892635345459,1.6544294357299805,0.7293705344200134,0.9496732950210571,-1.2525415420532227,0.05980057269334793]",0.016899708658456802,"[-0.14977742731571198,-0.13542859256267548,0.9890574216842651,0.9943004250526428,0.014558691531419754,0.10226888209581375,-0.026376977562904358]","[0.17362914979457855,-0.1645510047674179,0.9684969186782837,-0.006079916842281818,0.0037403712049126625,0.018229125067591667,0.9998083710670471]","[0.13372358679771423,-0.115505650639534,0.7805881500244141]","[0.09688019007444382,0.15189385414123535,0.6923670768737793,0.6986919045448303]",0.0,0.0,0.0,False,False,0.009999999776482582
111,2,10,False,"[-0.3626660704612732,1.6777021884918213,1.071136474609375,0.013735458254814148,1.1945000886917114,0.5829586982727051,-0.05102616548538208,0.3249587118625641,1.6531513929367065,0.7300848364830017,0.9516226649284363,-1.2576489448547363,0.059543222188949585,0.9718190431594849]","[-0.3632166385650635,1.6784193515777588,1.0711088180541992,0.014786695130169392,1.1946402788162231,0.5828297138214111]",0.0,"[0.32550421357154846,1.6533979177474976,0.729917585849762,0.9513567686080933,-1.2569975852966309,0.059576526284217834]",0.024857087060809135,"[-0.15134090185165405,-0.1357799619436264,0.990372359752655,0.9943059086799622,0.014020194299519062,0.10281939804553986,-0.024233344942331314]","[0.17489147186279297,-0.16414956748485565,0.9690701365470886,-0.0061268992722034454,0.004200988449156284,0.016551654785871506,0.9998353123664856]","[0.13372358679771423,-0.1155056357383728,0.7805881500244141]","[0.09688001126050949,0.15189404785633087,0.6923673748970032,0.6986915469169617]",0.0,0.0,0.0,False,False,0.009999999776482582
112,2,11,False,"[-0.33615580201148987,1.678174614906311,1.1005699634552002,-0.06392979621887207,1.1329888105392456,0.6265184283256531,-0.06408941745758057,0.3071420192718506,1.575495719909668,0.7057950496673584,0.923767626285553,-1.2141507863998413,0.06262728571891785,0.9804720878601074]","[-0.3389287292957306,1.6783370971679688,1.09697687625885,-0.05385247617959976,1.1407588720321655,0.620930016040802]",6.831898957671001e-08,"[0.3090669810771942,1.5841164588928223,0.7089512348175049,0.9274476766586304,-1.2196440696716309,0.06223825365304947]",0.03179864585399628,"[-0.1590738743543625,-0.13058580458164215,0.9928697943687439,0.9920699596405029,0.01424540113657713,0.12475311011075974,0.005554616451263428]","[0.18290719389915466,-0.1712985634803772,0.9813520312309265,0.020613040775060654,0.009121994487941265,0.006379470694810152,0.9997254610061646]","[0.13372358679771423,-0.11550562083721161,0.7805881500244141]","[0.09688009321689606,0.15189410746097565,0.6923677921295166,0.6986910700798035]",0.0,0.0,0.0,False,False,0.017047762870788574
113,2,12,False,"[-0.3249547779560089,1.6842350959777832,1.1247994899749756,-0.11845940351486206,1.102489709854126,0.6548087000846863,-0.07115203142166138,0.2981640100479126,1.5221797227859497,0.684984028339386,0.8987114429473877,-1.1813783645629883,0.066435307264328,0.9738223552703857]","[-0.32654526829719543,1.6836491823196411,1.1213734149932861,-0.11019757390022278,1.1073189973831177,0.6504782438278198]",0.0,"[0.299320250749588,1.5294859409332275,0.6876448392868042,0.9023911952972412,-1.1862907409667969,0.06590421497821808]",0.036202363669872284,"[-0.16282744705677032,-0.1269320249557495,0.994321346282959,0.9897221922874451,0.012347397394478321,0.14094704389572144,0.020772261545062065]","[0.18849825859069824,-0.1782817840576172,0.9885942935943604,0.042055968195199966,0.011545555666089058,0.0043967850506305695,0.9990388751029968]","[0.13372357189655304,-0.1155056282877922,0.7805881500244141]","[0.09688024967908859,0.15189434587955475,0.6923677921295166,0.6986910700798035]",0.0,0.0,0.0,False,False,0.012913823127746582
114,2,13,False,"[-0.3157927989959717,1.6897013187408447,1.1376328468322754,-0.14188353717327118,1.0897973775863647,0.665753960609436,-0.07231944799423218,0.2945277690887451,1.508880853652954,0.6796274781227112,0.8955225348472595,-1.172319769859314,0.06757229566574097,0.9691340923309326]","[-0.3169907331466675,1.6890358924865723,1.135658860206604,-0.13782230019569397,1.0919997692108154,0.6638011336326599]",0.0,"[0.2950383424758911,1.5114409923553467,0.6804047226905823,0.8963733911514282,-1.1741080284118652,0.06736187636852264]",0.03872354328632355,"[-0.16564570367336273,-0.12415166199207306,0.9948458075523376,0.9883692860603333,0.010293143801391125,0.1488751769065857,0.02926228754222393]","[0.1906343549489975,-0.18053901195526123,0.9909746646881104,0.050227634608745575,0.012776244431734085,0.002900454681366682,0.9986518025398254]","[0.13372357189655304,-0.1155056580901146,0.7805881500244141]","[0.09688035398721695,0.15189391374588013,0.6923667192459106,0.6986921429634094]",0.0,0.0,0.0,False,False,0.009999999776482582
115,2,14,False,"[-0.27310633659362793,1.6817134618759155,1.1696202754974365,-0.25806838274002075,0.9929342269897461,0.7181898951530457,-0.0684477686882019,0.26441359519958496,1.3642014265060425,0.6373194456100464,0.8131950497627258,-1.0819511413574219,0.07107475399971008,0.9925239682197571]","[-0.277612566947937,1.6826540231704712,1.165400743484497,-0.2427034080028534,1.005441427230835,0.7112316489219666]",1.973152848222526e-06,"[0.2676023840904236,1.380602240562439,0.6429930925369263,0.8240705728530884,-1.0937212705612183,0.07060703635215759]",0.04069862142205238,"[-0.18005988001823425,-0.1197579875588417,0.9980165958404541,0.9793967008590698,0.0026969718746840954,0.1886046826839447,0.07213184982538223]","[0.2042618691921234,-0.19648751616477966,1.0084148645401,0.10368072986602783,0.019400248304009438,-0.005161385051906109,0.9944079518318176]","[0.13372357189655304,-0.1155056580901146,0.7805881500244141]","[0.09687996655702591,0.15189439058303833,0.6923666596412659,0.6986922025680542]",0.0,0.0,0.0,False,False,0.03132057189941406
116,2,15,False,"[-0.2594549059867859,1.6851428747177124,1.1930153369903564,-0.31756412982940674,0.9531129598617554,0.7596835494041443,-0.08235514163970947,0.25375017523765564,1.300062894821167,0.6131739616394043,0.7709844708442688,-1.0379226207733154,0.07157489657402039,0.9890509247779846]","[-0.26159098744392395,1.6849466562271118,1.1895108222961426,-0.30801913142204285,0.9597392678260803,0.7534946203231812]",0.0,"[0.255202978849411,1.3096877336502075,0.6162962317466736,0.7777045965194702,-1.0450549125671387,0.07146071642637253]",0.0418274812400341,"[-0.185987651348114,-0.11736243963241577,0.9998531937599182,0.9731659293174744,0.0038955658674240112,0.2125208079814911,0.0881342887878418]","[0.21103978157043457,-0.20652709901332855,1.0139575004577637,0.13393209874629974,0.02084510214626789,-0.003582098288461566,0.9907647371292114]","[0.13372355699539185,-0.115505650639534,0.7805881500244141]","[0.09688001871109009,0.1518944799900055,0.6923669576644897,0.6986918449401855]",0.0,0.0,0.0,False,False,0.01671147346496582
117,2,16,False,"[-0.24903590977191925,1.688355803489685,1.2147095203399658,-0.3811282515525818,0.9186776876449585,0.7806177139282227,-0.07833683490753174,0.24667172133922577,1.249488115310669,0.5980822443962097,0.7353225350379944,-0.9982361197471619,0.06940707564353943,0.974401593208313]","[-0.25042545795440674,1.6879767179489136,1.2115219831466675,-0.37181025743484497,0.9238788485527039,0.7771506905555725]",0.0,"[0.24755333364009857,1.256496787071228,0.6001104116439819,0.7407394051551819,-1.0042128562927246,0.06967426091432571]",0.042166125029325485,"[-0.1903492659330368,-0.11614993214607239,1.0011769533157349,0.9674011468887329,-0.004656203091144562,0.23320700228214264,0.09862937778234482]","[0.2155635505914688,-0.21385671198368073,1.018435001373291,0.15787506103515625,0.022212188690900803,-0.00433766795322299,0.9871996641159058]","[0.13372357189655304,-0.1155056580901146,0.7805881500244141]","[0.09688011556863785,0.1518939733505249,0.6923665404319763,0.6986923813819885]",0.0,0.0,0.0,False,False,0.014575034379959106
118,2,17,False,"[-0.22407887876033783,1.687433123588562,1.2345988750457764,-0.4364978075027466,0.8642479181289673,0.825177788734436,-0.0946117639541626,0.23365503549575806,1.1989237070083618,0.5740218162536621,0.6991969347000122,-0.9448198080062866,0.06897512078285217,0.9600173234939575]","[-0.22682511806488037,1.687520980834961,1.2317034006118774,-0.4282355308532715,0.8717795014381409,0.8190414905548096]",0.0,"[0.23511254787445068,1.205652117729187,0.5769391655921936,0.7044788599014282,-0.9523780941963196,0.06907046586275101]",0.04205716773867607,"[-0.19927629828453064,-0.11388722062110901,1.0033401250839233,0.9585261344909668,-0.001226760563440621,0.2594146430492401,0.11802536994218826]","[0.22131313383579254,-0.22092778980731964,1.019700050354004,0.18954578042030334,0.02224069833755493,-0.0005840660887770355,0.9816197752952576]","[0.13372355699539185,-0.115505650639534,0.7805881500244141]","[0.09688034653663635,0.15189404785633087,0.6923671364784241,0.698691725730896]",0.0,0.0,0.0,False,False,0.012888848781585693
119,2,18,False,"[-0.19782692193984985,1.6941649913787842,1.2758426666259766,-0.5363030433654785,0.7916676998138428,0.8897449970245361,-0.10304021835327148,0.21564264595508575,1.082798719406128,0.5296343564987183,0.6362480521202087,-0.862966001033783,0.07014986872673035,0.9679710268974304]","[-0.2009216696023941,1.6934341192245483,1.2702960968017578,-0.5225026607513428,0.8017998337745667,0.8807129859924316]",0.0,"[0.21770071983337402,1.0966664552688599,0.5353536605834961,0.6450675129890442,-0.8743788599967957,0.07001525908708572]",0.04213409125804901,"[-0.20935195684432983,-0.11115489155054092,1.0067142248153687,0.9448011517524719,-0.00021036221005488187,0.2983878254890442,0.13533446192741394]","[0.23064124584197998,-0.2372654378414154,1.0245935916900635,0.2359364926815033,0.02675587870180607,-0.0035704539623111486,0.9713934063911438]","[0.13372357189655304,-0.11550566554069519,0.7805881500244141]","[0.09688009321689606,0.15189391374588013,0.6923664808273315,0.6986924409866333]",0.0,0.0,0.0,False,False,0.02503955364227295
120,2,19,False,"[-0.17098575830459595,1.6844661235809326,1.2948994636535645,-0.6088117361068726,0.7230781316757202,0.9210755825042725,-0.10600703954696655,0.2006571888923645,1.0098930597305298,0.5028176307678223,0.5751898288726807,-0.7866154313087463,0.06166037917137146,0.9473732709884644]","[-0.174183189868927,1.6855287551879883,1.2916661500930786,-0.5978614091873169,0.733038604259491,0.9159197807312012]",1.5318866530833475e-07,"[0.20242862403392792,1.0200085639953613,0.5063896179199219,0.5840643644332886,-0.7977681159973145,0.06273460388183594]",0.041784241795539856,"[-0.22042687237262726,-0.111863873898983,1.0107442140579224,0.9298756122589111,-0.0056828102096915245,0.3334996998310089,0.15516763925552368]","[0.23781374096870422,-0.24789787828922272,1.0250473022460938,0.2804729640483856,0.025316638872027397,-0.0010169418528676033,0.9595273733139038]","[0.13372355699539185,-0.11550568044185638,0.7805881500244141]","[0.09688049554824829,0.15189366042613983,0.6923661231994629,0.6986928582191467]",0.0,0.0,0.0,False,False,0.01756763458251953
121,2,20,False,"[-0.1493918001651764,1.7018611431121826,1.340104341506958,-0.7032318711280823,0.6661224365234375,0.981049656867981,-0.1150701642036438,0.1837240755558014,0.9308590292930603,0.45993316173553467,0.5500998497009277,-0.7269035577774048,0.056699156761169434,0.9543389081954956]","[-0.1520923525094986,1.700019359588623,1.333966612815857,-0.6897905468940735,0.6745854616165161,0.9727311730384827]",0.0,"[0.18574292957782745,0.9410526156425476,0.4652908444404602,0.5544369220733643,-0.7359201312065125,0.05746971070766449]",0.041680313646793365,"[-0.22911037504673004,-0.10947028547525406,1.0132545232772827,0.9152524471282959,-0.009442761540412903,0.36966100335121155,0.15992029011249542]","[0.24497532844543457,-0.26000654697418213,1.023437261581421,0.3178280293941498,0.028358403593301773,-0.007091046776622534,0.947697639465332]","[0.13372357189655304,-0.1155056580901146,0.7805881500244141]","[0.09688019752502441,0.15189392864704132,0.6923667192459106,0.6986921429634094]",0.0,0.0,0.0,False,False,0.021010279655456543
122,2,21,False,"[-0.12135767936706543,1.692171335220337,1.3641581535339355,-0.7708179354667664,0.599132776260376,1.0220316648483276,-0.1077849268913269,0.16344070434570312,0.8352143168449402,0.4269813597202301,0.48731809854507446,-0.658406674861908,0.05488729476928711,0.9795384407043457]","[-0.12459620088338852,1.6930181980133057,1.360311508178711,-0.7605301141738892,0.6086738109588623,1.0157369375228882]",0.0,"[0.16586989164352417,0.8472996950149536,0.431443452835083,0.49591127038002014,-0.6682524085044861,0.05522025749087334]",0.042181845754384995,"[-0.24041736125946045,-0.1106734573841095,1.0191783905029297,0.8983167409896851,-0.009286826476454735,0.4037584662437439,0.17297358810901642]","[0.25267428159713745,-0.27323901653289795,1.0228556394577026,0.3589384853839874,0.030301326885819435,-0.008691428229212761,0.9328287243843079]","[0.13372357189655304,-0.115505650639534,0.7805881500244141]","[0.09688018262386322,0.15189452469348907,0.6923669576644897,0.6986918449401855]",0.0,0.0,0.0,False,False,0.021218717098236084
123,2,22,False,"[-0.09411196410655975,1.699589729309082,1.4090393781661987,-0.8787888884544373,0.5176722407341003,1.0734628438949585,-0.1212192177772522,0.14602895081043243,0.7282532453536987,0.3807496726512909,0.4223228096961975,-0.5645535588264465,0.04597148299217224,0.9588675498962402]","[-0.09733709692955017,1.6989117860794067,1.402711033821106,-0.8637813925743103,0.5291799902915955,1.0660908222198486]",0.0,"[0.14813265204429626,0.7419276833534241,0.38654518127441406,0.4316856265068054,-0.5777183175086975,0.047155555337667465]",0.04205319285392761,"[-0.25187429785728455,-0.11162805557250977,1.0243611335754395,0.8761076331138611,-0.01901272125542164,0.44780072569847107,0.17761871218681335]","[0.26026618480682373,-0.28779467940330505,1.0181537866592407,0.4089840054512024,0.030258014798164368,-0.010600457899272442,0.9119780659675598]","[0.13372357189655304,-0.1155056282877922,0.7805881500244141]","[0.09687985479831696,0.15189450979232788,0.6923675537109375,0.6986912488937378]",0.0,0.0,0.0,False,False,0.02376610040664673
124,2,23,False,"[-0.0844406858086586,1.705898404121399,1.4253908395767212,-0.9197841286659241,0.4947183132171631,1.0959625244140625,-0.10694766044616699,0.13949215412139893,0.6800249814987183,0.3614635467529297,0.39432138204574585,-0.5378412008285522,0.046506017446517944,0.9767979383468628]","[-0.08595160394906998,1.7051039934158325,1.4224212169647217,-0.9126975536346436,0.49908447265625,1.092151403427124]",0.0,"[0.1404244303703308,0.687149167060852,0.36428380012512207,0.3990626037120819,-0.5429055690765381,0.046589866280555725]",0.04231264814734459,"[-0.25657424330711365,-0.11206797510385513,1.0258815288543701,0.8669535517692566,-0.02442474663257599,0.46619918942451477,0.1745087206363678]","[0.26348596811294556,-0.29530176520347595,1.015380620956421,0.4282629191875458,0.030995545908808708,-0.01073981262743473,0.9030585885047913]","[0.13372357189655304,-0.1155056580901146,0.7805881500244141]","[0.096880242228508,0.15189389884471893,0.6923667788505554,0.6986920833587646]",0.0,0.0,0.0,False,False,0.01235663890838623
125,2,24,False,"[-0.0149398073554039,1.6876572370529175,1.4991695880889893,-1.1281434297561646,0.3137553036212921,1.219112753868103,-0.13894200325012207,0.09257772564888,0.45186471939086914,0.25683459639549255,0.2534913718700409,-0.348440021276474,0.03301849961280823,0.9861820936203003]","[-0.021915821358561516,1.6899858713150024,1.4902610778808594,-1.0904557704925537,0.3384213149547577,1.2028950452804565]",0.0,"[0.09786252677440643,0.5068221688270569,0.2683027982711792,0.2713792324066162,-0.3757348954677582,0.03478075936436653]",0.04288583993911743,"[-0.28277936577796936,-0.12133777886629105,1.0425660610198975,0.817253589630127,-0.02968379482626915,0.548162579536438,0.17530882358551025]","[0.27668482065200806,-0.3165315091609955,0.9932864308357239,0.5210442543029785,0.018962427973747253,0.0017251825192943215,0.8533172011375427]","[0.13372357189655304,-0.1155056580901146,0.7805881500244141]","[0.09688016772270203,0.15189410746097565,0.6923669576644897,0.6986919045448303]",0.0,0.0,0.0,False,False,0.07476508617401123
126,2,25,False,"[0.02122650295495987,1.703092098236084,1.5523478984832764,-1.2690134048461914,0.21435809135437012,1.2992931604385376,-0.14003700017929077,0.06196857988834381,0.28839367628097534,0.1821257770061493,0.1649470180273056,-0.2361152619123459,0.0349726676940918,1.013059377670288]","[0.016585590317845345,1.701985239982605,1.543904185295105,-1.2459217309951782,0.23002077639102936,1.2869967222213745]",0.0,"[0.06585321575403214,0.3283584713935852,0.19168488681316376,0.17811095714569092,-0.2536754906177521,0.034966062754392624]",0.04333946108818054,"[-0.29832279682159424,-0.12870283424854279,1.0493584871292114,0.7810409069061279,-0.05092790722846985,0.605179488658905,0.14539290964603424]","[0.28557267785072327,-0.33455991744995117,0.9767014980316162,0.5850436687469482,0.023445064201951027,-0.0017853257013484836,0.8106607794761658]","[0.13372355699539185,-0.11550567299127579,0.7805881500244141]","[0.09688014537096024,0.1518944799900055,0.6923664808273315,0.698692262172699]",0.0,0.0,0.0,False,False,0.05958390235900879
127,2,26,False,"[0.043583810329437256,1.698625087738037,1.5651581287384033,-1.306645393371582,0.1735718995332718,1.3268777132034302,-0.1312829852104187,0.0482923686504364,0.24480104446411133,0.15403839945793152,0.14380908012390137,-0.1975705474615097,0.03124174475669861,1.0227185487747192]","[0.04065529257059097,1.6989805698394775,1.562334418296814,-1.2990366220474243,0.18068967759609222,1.3217936754226685]",0.0,"[0.05023463815450668,0.2544935941696167,0.15842433273792267,0.14814428985118866,-0.20463481545448303,0.03171960636973381]",0.043571360409259796,"[-0.30728214979171753,-0.13297753036022186,1.0540862083435059,0.7641112804412842,-0.05657505989074707,0.6276236176490784,0.137919619679451]","[0.2890828549861908,-0.3407011330127716,0.9692062735557556,0.6108354926109314,0.026628442108631134,-0.007224182598292828,0.7912765741348267]","[0.13372354209423065,-0.11550568044185638,0.7805881500244141]","[0.09688030928373337,0.15189403295516968,0.6923662424087524,0.6986926794052124]",0.0,0.0,0.0,False,False,0.016461730003356934
128,2,27,False,"[0.07278434932231903,1.6943788528442383,1.6055898666381836,-1.4137184619903564,0.08340230584144592,1.3871876001358032,-0.16698789596557617,0.029234543442726135,0.12552863359451294,0.10903650522232056,0.06115032732486725,-0.09686219692230225,0.037213146686553955,1.0162936449050903]","[0.06952883303165436,1.6947764158248901,1.5999507904052734,-1.3993223905563354,0.09567727893590927,1.3788471221923828]",0.0,"[0.03147820755839348,0.14070762693881989,0.11457295715808868,0.07211632281541824,-0.11044967174530029,0.03652063384652138]",0.0437890961766243,"[-0.3183175325393677,-0.14128267765045166,1.0637404918670654,0.7352892160415649,-0.06588224321603775,0.6645329594612122,0.11578058451414108]","[0.29408878087997437,-0.34872639179229736,0.9565398097038269,0.6545093059539795,0.0275594312697649,-0.0030875573866069317,0.7555451393127441]","[0.13372357189655304,-0.11550566554069519,0.7805881500244141]","[0.09688007831573486,0.15189404785633087,0.6923665404319763,0.6986923217773438]",0.0,0.0,0.0,False,False,0.02552849054336548
129,2,28,False,"[0.10028423368930817,1.684603214263916,1.6176695823669434,-1.4589548110961914,0.03780388832092285,1.4292329549789429,-0.1568184494972229,0.011156141757965088,0.05509370565414429,0.06915360689163208,0.024165906012058258,-0.0514070987701416,0.03787946701049805,1.0371248722076416]","[0.09705472737550735,1.6859475374221802,1.6151727437973022,-1.4515184164047241,0.045080188661813736,1.4228081703186035]",0.0,"[0.013416677713394165,0.06520434468984604,0.0743047371506691,0.030160265043377876,-0.0588243193924427,0.0377119816839695]",0.04385065287351608,"[-0.3276900351047516,-0.14789454638957977,1.0697290897369385,0.7178171277046204,-0.06936029344797134,0.6850941181182861,0.10282767564058304]","[0.2974596917629242,-0.35240891575813293,0.9447225332260132,0.6804918646812439,0.02639845386147499,-0.00038247156771831214,0.732279896736145]","[0.13372357189655304,-0.1155056282877922,0.7805881500244141]","[0.09687987715005875,0.15189458429813385,0.6923677325248718,0.6986910700798035]",0.0,0.0,0.0,False,False,0.016863353550434113
130,2,29,False,"[0.12716707587242126,1.6843990087509155,1.6285350322723389,-1.5226719379425049,-0.0373060405254364,1.4748061895370483,-0.18857115507125854,-0.005147099494934082,-0.042957425117492676,0.020920932292938232,-0.01772460713982582,0.01703062653541565,0.04592815041542053,1.0365891456604004]","[0.12407460063695908,1.6846553087234497,1.6265205144882202,-1.5138094425201416,-0.026922807097434998,1.4681768417358398]",0.0,"[-0.0031291116029024124,-0.03014463745057583,0.027037736028432846,-0.011736641637980938,0.007487623952329159,0.04488740488886833]",0.0439186729490757,"[-0.3372095823287964,-0.1546115130186081,1.0727715492248535,0.6929811239242554,-0.08057940751314163,0.7120069861412048,0.07956136763095856]","[0.30098333954811096,-0.35588395595550537,0.9318464994430542,0.7100204229354858,0.03204550966620445,-0.0002418169897282496,0.7034514546394348]","[0.13372357189655304,-0.115505650639534,0.7805881500244141]","[0.09688001871109009,0.15189461410045624,0.6923670172691345,0.6986917853355408]",0.0,0.0,0.0,False,False,0.02135697938501835
131,2,30,False,"[0.1363692432641983,1.6886329650878906,1.6284077167510986,-1.5230727195739746,-0.049139946699142456,1.4765061140060425,-0.17032980918884277,-0.011104688048362732,-0.05416429042816162,0.012539923191070557,-0.01882559061050415,0.023596465587615967,0.04513624310493469,1.0391710996627808]","[0.13500933349132538,1.6882805824279785,1.6280747652053833,-1.5219119787216187,-0.04634406790137291,1.4754456281661987]",0.0,"[-0.010205837897956371,-0.05138595774769783,0.014368383213877678,-0.017908405512571335,0.021582309156656265,0.045106835663318634]",0.04390573874115944,"[-0.3410009741783142,-0.15505926311016083,1.0721745491027832,0.6859203577041626,-0.08558278530836105,0.718519926071167,0.07692751288414001]","[0.30205339193344116,-0.3562936782836914,0.9285418391227722,0.7173789143562317,0.03319931402802467,-0.0011223123874515295,0.6958907842636108]","[0.13372357189655304,-0.11550567299127579,0.7805881500244141]","[0.0968802198767662,0.15189406275749207,0.6923662424087524,0.6986926198005676]",0.0,0.0,0.0,False,False,0.009999999776482582
132,2,31,False,"[0.1430601179599762,1.680285096168518,1.6237776279449463,-1.5215442180633545,-0.04992395639419556,1.491395115852356,-0.1583801507949829,-0.013605162501335144,-0.06520950794219971,0.0035766959190368652,-0.021698804572224617,0.018317490816116333,0.051594078540802,1.0532617568969727]","[0.14217667281627655,1.681135892868042,1.6243253946304321,-1.5216299295425415,-0.04948437213897705,1.4893608093261719]",0.0,"[-0.0132016371935606,-0.06356468796730042,0.0048192087560892105,-0.02124009281396866,0.018738994374871254,0.050767190754413605]",0.04393046721816063,"[-0.3429681062698364,-0.15701647102832794,1.0732313394546509,0.6850646734237671,-0.08214309066534042,0.7198695540428162,0.0756748616695404]","[0.30225178599357605,-0.3562997281551361,0.9258972406387329,0.7173486351966858,0.03493296727538109,0.0010436020093038678,0.6958373188972473]","[0.13372357189655304,-0.11550566554069519,0.7805881500244141]","[0.09688033908605576,0.1518937200307846,0.6923665404319763,0.6986923813819885]",0.0,0.0,0.0,False,False,0.009999999776482582
133,2,32,False,"[0.1487424224615097,1.6932547092437744,1.6340575218200684,-1.5332057476043701,-0.06725072860717773,1.5028468370437622,-0.13879388570785522,-0.017935723066329956,-0.08082425594329834,-0.0024587512016296387,-0.02117392234504223,0.030563682317733765,0.058677494525909424,1.0492463111877441]","[0.14805883169174194,1.691929578781128,1.6328049898147583,-1.5317044258117676,-0.06501035392284393,1.5011258125305176]",0.0,"[-0.017405183985829353,-0.07879573106765747,-0.0015588612295687199,-0.021174976602196693,0.02907964214682579,0.05767054855823517]",0.04396304860711098,"[-0.3453903794288635,-0.155629500746727,1.0723708868026733,0.6798446774482727,-0.08463665843009949,0.7252106070518494,0.0686827227473259]","[0.30293765664100647,-0.3567330241203308,0.9248744249343872,0.7220850586891174,0.04077214375138283,0.00021175442088861018,0.6906015872955322]","[0.13372357189655304,-0.1155056580901146,0.7805881500244141]","[0.09687993675470352,0.15189456939697266,0.6923667788505554,0.6986920833587646]",0.0,0.0,0.0,False,False,0.009999999776482582
134,2,33,False,"[0.15836256742477417,1.6878167390823364,1.6317481994628906,-1.539062261581421,-0.07802942395210266,1.5253491401672363,-0.142561137676239,-0.015505209565162659,-0.0956418514251709,-0.010275483131408691,-0.03081698715686798,0.03572368621826172,0.06321454048156738,1.0504560470581055]","[0.15727803111076355,1.6881587505340576,1.6319012641906738,-1.5381722450256348,-0.07639985531568527,1.5222594738006592]",0.0,"[-0.015744298696517944,-0.0936175212264061,-0.009329707361757755,-0.029621781781315804,0.03488216921687126,0.0625084713101387]",0.04396970197558403,"[-0.348198801279068,-0.15754973888397217,1.0732309818267822,0.6763179898262024,-0.08217708766460419,0.729333221912384,0.06256083399057388]","[0.30294761061668396,-0.35692471265792847,0.922531008720398,0.7234390377998352,0.04213931784033775,0.0023986133746802807,0.6890968084335327]","[0.13372357189655304,-0.1155056357383728,0.7805881500244141]","[0.09688017517328262,0.15189434587955475,0.6923674941062927,0.6986913084983826]",0.0,0.0,0.0,False,False,0.009999999776482582
135,2,34,False,"[0.16791529953479767,1.684601068496704,1.6183879375457764,-1.539337158203125,-0.08178085088729858,1.5145854949951172,-0.1073032021522522,-0.017319396138191223,-0.09154927730560303,-0.007354080677032471,-0.04179917648434639,0.0361846387386322,0.05966785550117493,1.047944188117981]","[0.16677255928516388,1.6851060390472412,1.619916558265686,-1.5392515659332275,-0.0811181366443634,1.5155659914016724]",0.0,"[-0.01713627204298973,-0.09179430454969406,-0.0076010203920304775,-0.04025240242481232,0.0360233336687088,0.06003046780824661]",0.043981026858091354,"[-0.35087457299232483,-0.15942417085170746,1.0711476802825928,0.6741611361503601,-0.09134834259748459,0.7300776243209839,0.06441158801317215]","[0.3031103312969208,-0.3569169044494629,0.9219517707824707,0.7245727777481079,0.037444062530994415,0.00527010764926672,0.6881600618362427]","[0.13372357189655304,-0.1155056431889534,0.7805881500244141]","[0.09688018262386322,0.15189410746097565,0.6923673748970032,0.6986914873123169]",0.0,0.0,0.0,False,False,0.009999999776482582
136,2,35,False,"[0.17212322354316711,1.6938610076904297,1.6303789615631104,-1.5528881549835205,-0.07938686013221741,1.5172423124313354,-0.039010822772979736,-0.021001160144805908,-0.09578168392181396,-0.014413177967071533,-0.03570559248328209,0.026810258626937866,0.06842383742332458,1.0539586544036865]","[0.17152197659015656,1.6927554607391357,1.6291180849075317,-1.5511401891708374,-0.0796145498752594,1.517027735710144]",0.0,"[-0.02052917331457138,-0.09529945999383926,-0.01362895593047142,-0.036302268505096436,0.027983378618955612,0.06735341250896454]",0.04398704692721367,"[-0.35237279534339905,-0.1587303876876831,1.071330189704895,0.6747886538505554,-0.09606104344129562,0.7291244864463806,0.06172434985637665]","[0.30319926142692566,-0.3566436469554901,0.9205644726753235,0.7228055596351624,0.040460821241140366,0.0072544473223388195,0.6898276805877686]","[0.13372355699539185,-0.11550566554069519,0.7805881500244141]","[0.09688012301921844,0.1518944799900055,0.6923666596412659,0.6986922025680542]",0.0,0.0,0.0,False,False,0.009999999776482582
137,2,36,False,"[0.17311811447143555,1.7018113136291504,1.6153388023376465,-1.5376267433166504,-0.0719643235206604,1.541972279548645,0.034871816635131836,-0.01829749345779419,-0.09474766254425049,-0.022787392139434814,-0.02735982835292816,0.021362483501434326,0.06654655933380127,1.0631638765335083]","[0.17291554808616638,1.7008756399154663,1.6169673204421997,-1.539333701133728,-0.0729360431432724,1.53878915309906]",0.0,"[-0.018546614795923233,-0.09480170160531998,-0.02173381671309471,-0.02852475270628929,0.02219414710998535,0.06664927303791046]",0.043992020189762115,"[-0.35294651985168457,-0.1567264199256897,1.0660490989685059,0.6783464550971985,-0.09198463708162308,0.7271479964256287,0.05138549581170082]","[0.3028582036495209,-0.3559960424900055,0.9185516834259033,0.7201533317565918,0.03979463130235672,0.007365718483924866,0.6926335692405701]","[0.13372355699539185,-0.115505650639534,0.7805881500244141]","[0.09688028693199158,0.15189455449581146,0.6923671364784241,0.6986916065216064]",0.0,0.0,0.0,False,False,0.008116922341287136
138,2,37,False,"[0.1818145513534546,1.7025961875915527,1.6190063953399658,-1.5481581687927246,-0.07555639743804932,1.5330051183700562,0.02629721164703369,-0.018092080950737,-0.09904468059539795,-0.020639538764953613,-0.03488297760486603,0.028097540140151978,0.06347838044166565,1.0544047355651855]","[0.1808789074420929,1.7021381855010986,1.618850827217102,-1.5470582246780396,-0.07524167746305466,1.5337443351745605]",0.0,"[-0.01815691404044628,-0.09855697304010391,-0.020726753398776054,-0.034056901931762695,0.02734970673918724,0.06388293951749802]",0.043997280299663544,"[-0.3552777171134949,-0.1575395166873932,1.0662035942077637,0.6771788597106934,-0.09902290254831314,0.7271789908409119,0.053233299404382706]","[0.3029661178588867,-0.35625603795051575,0.9186336994171143,0.7218684554100037,0.03862149268388748,0.0066672624088823795,0.6909195780754089]","[0.13372357189655304,-0.1155056282877922,0.7805881500244141]","[0.09687971323728561,0.15189461410045624,0.6923675537109375,0.6986912488937378]",0.0,0.0,0.0,False,False,0.008579950779676437
139,2,38,False,"[0.1876143515110016,1.7063500881195068,1.6123206615447998,-1.554276943206787,-0.07200086116790771,1.5330836772918701,0.11761331558227539,-0.017575368285179138,-0.09561002254486084,-0.02047252655029297,-0.036521054804325104,0.022068321704864502,0.0634889006614685,1.0561641454696655]","[0.18686921894550323,1.7059088945388794,1.613016963005066,-1.5533981323242188,-0.07242270559072495,1.5331681966781616]",0.0,"[-0.017632875591516495,-0.09595032781362534,-0.020531119778752327,-0.036217644810676575,0.022735033184289932,0.0635385736823082]",0.04399475082755089,"[-0.3569074869155884,-0.1580788791179657,1.0637778043746948,0.6782745718955994,-0.10674594342708588,0.7253100872039795,0.04973942041397095]","[0.30278581380844116,-0.3561176061630249,0.918298602104187,0.7201852202415466,0.036790959537029266,0.008187257684767246,0.692757248878479]","[0.13372357189655304,-0.1155056357383728,0.7805881500244141]","[0.09687996655702591,0.15189433097839355,0.692367434501648,0.6986914277076721]",0.0,0.0,0.0,False,False,0.0036488808691501617
140,2,39,False,"[0.1928187906742096,1.7109520435333252,1.6057028770446777,-1.544276475906372,-0.07209017872810364,1.5417346954345703,0.12904906272888184,-0.0172421932220459,-0.09945189952850342,-0.024918973445892334,-0.029202301055192947,0.026162952184677124,0.06606703996658325,1.0482995510101318]","[0.1921686977148056,1.710344672203064,1.6066185235977173,-1.5454257726669312,-0.07214237004518509,1.5406403541564941]",0.0,"[-0.017295269295573235,-0.09904015064239502,-0.024385439231991768,-0.030097242444753647,0.02572879008948803,0.06574486941099167]",0.04399864003062248,"[-0.3586805462837219,-0.15717829763889313,1.0609369277954102,0.6786922216415405,-0.10709594190120697,0.7249987125396729,0.04779205471277237]","[0.3028426766395569,-0.35600578784942627,0.9178205132484436,0.7209593653678894,0.03953762352466583,0.007057965733110905,0.6918123960494995]","[0.13372357189655304,-0.1155056357383728,0.7805881500244141]","[0.0968802198767662,0.15189434587955475,0.6923675537109375,0.6986913084983826]",0.0,0.0,0.0,False,False,0.0030313506722450256
141,2,40,False,"[0.19459331035614014,1.7100169658660889,1.5926525592803955,-1.5361454486846924,-0.0652112066745758,1.550251841545105,0.23526975512504578,-0.01621849834918976,-0.10043656826019287,-0.03011101484298706,-0.027313247323036194,0.021315336227416992,0.06294390559196472,1.0486021041870117]","[0.19430457055568695,1.710013747215271,1.5943562984466553,-1.5373529195785522,-0.0660930797457695,1.5490258932113647]",0.0010959204519167542,"[-0.016335677355527878,-0.10025656223297119,-0.029473675414919853,-0.027689184993505478,0.02187088504433632,0.06330078095197678]",0.04399719461798668,"[-0.3591122031211853,-0.15738339722156525,1.0579885244369507,0.6813493967056274,-0.10623999685049057,0.7228484749794006,0.044342126697301865]","[0.30264607071876526,-0.3556753396987915,0.916429340839386,0.7193686366081238,0.038062646985054016,0.006760686635971069,0.6935518980026245]","[0.13372357189655304,-0.1155056357383728,0.7805881500244141]","[0.09687978774309158,0.15189452469348907,0.6923674941062927,0.6986913681030273]",0.0,0.0,0.0,False,False,0.002896547317504883
142,2,41,False,"[0.19846951961517334,1.7073272466659546,1.5794923305511475,-1.5263259410858154,-0.059925585985183716,1.5557645559310913,0.29140540957450867,-0.015093311667442322,-0.10167086124420166,-0.033081114292144775,-0.025028258562088013,0.021650642156600952,0.06078800559043884,1.0454646348953247]","[0.19801117479801178,1.7076146602630615,1.5813015699386597,-1.5277577638626099,-0.06071498245000839,1.5549050569534302]",0.002973461290821433,"[-0.015238368883728981,-0.1015067994594574,-0.03264344856142998,-0.02537001110613346,0.021675322204828262,0.06110811233520508]",0.043999459594488144,"[-0.3599548041820526,-0.15801797807216644,1.055410623550415,0.6835424304008484,-0.10584979504346848,0.7208926677703857,0.0433487668633461]","[0.3025394678115845,-0.355500727891922,0.9156780242919922,0.7189539670944214,0.037408843636512756,0.005880393553525209,0.6940252184867859]","[0.13372355699539185,-0.11550566554069519,0.7805881500244141]","[0.09688033163547516,0.15189413726329803,0.6923665404319763,0.6986923217773438]",0.0,0.0,0.0,False,False,0.0030516386032104492
143,2,42,False,"[0.2039148211479187,1.7021539211273193,1.5654480457305908,-1.5278074741363525,-0.054723531007766724,1.5512847900390625,0.3537668287754059,-0.013872355222702026,-0.10090267658233643,-0.031219661235809326,-0.023388467729091644,0.022021740674972534,0.05809706449508667,1.0433332920074463]","[0.20327021181583405,1.7027440071105957,1.5673205852508545,-1.5278751850128174,-0.055493712425231934,1.5517477989196777]",0.005464121233671904,"[-0.014033164829015732,-0.10099088400602341,-0.03134303539991379,-0.023624908179044724,0.02197478525340557,0.05848071351647377]",0.04399941489100456,"[-0.36094778776168823,-0.16021546721458435,1.053372859954834,0.6853075623512268,-0.11187668144702911,0.7183120846748352,0.04318388178944588]","[0.3024331033229828,-0.35557985305786133,0.9162464737892151,0.718641459941864,0.03736334666609764,0.004099268466234207,0.694364070892334]","[0.13372355699539185,-0.11550568044185638,0.7805881500244141]","[0.09688001871109009,0.15189442038536072,0.6923660635948181,0.698692798614502]",0.0,0.0,0.0,False,False,0.0039781383238732815
144,2,43,False,"[0.20315203070640564,1.68863844871521,1.5432610511779785,-1.5033328533172607,-0.046102941036224365,1.5493282079696655,0.4318084418773651,-0.013578400015830994,-0.09406876564025879,-0.030101656913757324,-0.02624906226992607,0.017796069383621216,0.056848227977752686,1.047811508178711]","[0.2031310498714447,1.6903012990951538,1.5461928844451904,-1.5065008401870728,-0.0472915954887867,1.5496370792388916]",0.008638128638267517,"[-0.013622605241835117,-0.0948752760887146,-0.030291426926851273,-0.02592976577579975,0.018323030322790146,0.05705589801073074]",0.04399999976158142,"[-0.36030080914497375,-0.1619735211133957,1.0514922142028809,0.6879030466079712,-0.10809630155563354,0.7160409688949585,0.048884641379117966]","[0.3022918105125427,-0.3553369641304016,0.9159225821495056,0.7173882126808167,0.034176334738731384,0.006218540016561747,0.6958069801330566]","[0.13372357189655304,-0.11550567299127579,0.7805881500244141]","[0.09687996655702591,0.15189425647258759,0.692366361618042,0.6986925601959229]",0.0,0.0,0.0,False,False,0.005133910104632378
145,2,44,False,"[0.20247817039489746,1.6792187690734863,1.5260746479034424,-1.4879255294799805,-0.03937584161758423,1.543619155883789,0.47113868594169617,-0.012818664312362671,-0.09309947490692139,-0.0303078293800354,-0.030892759561538696,0.01717054843902588,0.057704389095306396,1.0457966327667236]","[0.20253385603427887,1.6805624961853027,1.52849280834198,-1.4903289079666138,-0.040377963334321976,1.5443871021270752]",0.011404653079807758,"[-0.012910641729831696,-0.09330049902200699,-0.03033006750047207,-0.030270200222730637,0.017314383760094643,0.057621486485004425]",0.04399999603629112,"[-0.35960853099823,-0.16347457468509674,1.0497225522994995,0.6899512410163879,-0.10675991326570511,0.7139127254486084,0.05383410304784775]","[0.3021964430809021,-0.35523757338523865,0.9153725504875183,0.7168787717819214,0.03225228190422058,0.008530842140316963,0.6963990330696106]","[0.13372357189655304,-0.11550566554069519,0.7805881500244141]","[0.09688013046979904,0.1518939733505249,0.6923663020133972,0.6986925601959229]",0.0,0.0,0.0,False,False,0.0044271014630794525
146,2,45,False,"[0.2008679211139679,1.6519432067871094,1.4926140308380127,-1.4593687057495117,-0.029886335134506226,1.5158737897872925,0.55406254529953,-0.012789115309715271,-0.0840994119644165,-0.024183213710784912,-0.04090399667620659,0.011519908905029297,0.05202847719192505,1.0554628372192383]","[0.20102769136428833,1.6552737951278687,1.4969666004180908,-1.46340811252594,-0.0312130656093359,1.51951265335083]",0.014867405407130718,"[-0.012790480628609657,-0.08518867939710617,-0.024921094998717308,-0.03954886272549629,0.01225131843239069,0.052741166204214096]",0.04399992525577545,"[-0.3580091893672943,-0.16778074204921722,1.0486741065979004,0.691545307636261,-0.10753091424703598,0.7108478546142578,0.06998216360807419]","[0.3020390272140503,-0.3552013039588928,0.9156957268714905,0.7153186798095703,0.026194408535957336,0.011088132858276367,0.6982191801071167]","[0.13372357189655304,-0.11550566554069519,0.7805881500244141]","[0.0968800038099289,0.15189410746097565,0.6923664212226868,0.6986925005912781]",0.0,0.0,0.0,False,False,0.007126331329345703
147,2,46,False,"[0.2012573480606079,1.6432584524154663,1.4758422374725342,-1.444368600845337,-0.0237882137298584,1.5069103240966797,0.5919501781463623,-0.01228506863117218,-0.0792238712310791,-0.021182596683502197,-0.042850084602832794,0.014656782150268555,0.04977336525917053,1.0556367635726929]","[0.20122450590133667,1.6447957754135132,1.4783241748809814,-1.446834683418274,-0.024730730801820755,1.5085169076919556]",0.01774275116622448,"[-0.012348723597824574,-0.07993148267269135,-0.021622169762849808,-0.042426712810993195,0.014350996352732182,0.05015154555439949]",0.043999120593070984,"[-0.3575170338153839,-0.1695355623960495,1.046802043914795,0.693102240562439,-0.1083858460187912,0.7084516286849976,0.07718787342309952]","[0.30205827951431274,-0.3551700711250305,0.9161388278007507,0.7159888744354248,0.02358115091919899,0.011886077001690865,0.697611927986145]","[0.13372357189655304,-0.115505650639534,0.7805881500244141]","[0.09688011556863785,0.1518941968679428,0.6923668384552002,0.6986920237541199]",0.0,0.0,0.0,False,False,0.004629673436284065
148,2,47,False,"[0.19701674580574036,1.6235721111297607,1.449312686920166,-1.4212703704833984,-0.023772895336151123,1.4929801225662231,0.6028218269348145,-0.011045694351196289,-0.077178955078125,-0.023024141788482666,-0.04810267314314842,0.011709809303283691,0.048309147357940674,1.0554393529891968]","[0.19746433198451996,1.6260515451431274,1.4528170824050903,-1.4246004819869995,-0.023886166512966156,1.4949626922607422]",0.019709914922714233,"[-0.011192974634468555,-0.07747968286275864,-0.022927843034267426,-0.047405894845724106,0.012041009031236172,0.048543620854616165]",0.043998170644044876,"[-0.3557799458503723,-0.17260102927684784,1.0453721284866333,0.6925563216209412,-0.10635722428560257,0.7082480788230896,0.08624648302793503]","[0.301884263753891,-0.3549453318119049,0.915032148361206,0.7148910760879517,0.019883763045072556,0.014438935555517673,0.6988038420677185]","[0.13372355699539185,-0.115505650639534,0.7805881500244141]","[0.09688007831573486,0.15189430117607117,0.692366898059845,0.6986919641494751]",0.0,0.0,0.0,False,False,0.005783438682556152
149,2,48,False,"[0.19257307052612305,1.5952394008636475,1.4155960083007812,-1.384934425354004,-0.019645988941192627,1.4608209133148193,0.63136887550354,-0.01166050136089325,-0.07455503940582275,-0.021887660026550293,-0.05958159267902374,0.008503764867782593,0.04912713170051575,1.0583161115646362]","[0.1930960863828659,1.5988796949386597,1.420102834701538,-1.390065312385559,-0.0201752707362175,1.4651767015457153]",0.021495195105671883,"[-0.011598007753491402,-0.0748869851231575,-0.022054387256503105,-0.058046262711286545,0.008951682597398758,0.049052465707063675]",0.04399999603629112,"[-0.35363659262657166,-0.17655538022518158,1.0442419052124023,0.692025363445282,-0.10494953393936157,0.7063378095626831,0.10570404678583145]","[0.3018340766429901,-0.3548763394355774,0.9141039848327637,0.7140567302703857,0.015674907714128494,0.019009362906217575,0.6996540427207947]","[0.13372357189655304,-0.1155056431889534,0.7805881500244141]","[0.09688013792037964,0.15189437568187714,0.6923672556877136,0.6986915469169617]",0.0,0.0,0.0,False,False,0.007889509201049805
150,2,49,False,"[0.18564113974571228,1.5554388761520386,1.37265145778656,-1.3428928852081299,-0.016088277101516724,1.421766757965088,0.6494136452674866,-0.01127740740776062,-0.07241600751876831,-0.023831307888031006,-0.060300324112176895,0.010311275720596313,0.053291499614715576,1.0601603984832764]","[0.18643948435783386,1.560536503791809,1.3783800601959229,-1.3490242958068848,-0.016592586413025856,1.4273048639297485]",0.022961588576436043,"[-0.011318360455334187,-0.07270197570323944,-0.023639749735593796,-0.06002543121576309,0.010139082558453083,0.05275113508105278]",0.04399939253926277,"[-0.35051700472831726,-0.18251648545265198,1.0435575246810913,0.6911430954933167,-0.10243798047304153,0.703476071357727,0.1301877200603485]","[0.3018442392349243,-0.3546655774116516,0.9132115840911865,0.7143893837928772,0.014971005730330944,0.022325847297906876,0.6992318034172058]","[0.13372358679771423,-0.11550562083721161,0.7805881500244141]","[0.09687972813844681,0.1518946886062622,0.6923680901527405,0.6986907720565796]",0.0,0.0,0.0,False,False,0.009377717971801758
151,3,0,True,"[0.19296607375144958,1.641356348991394,1.4483015537261963,-1.3512437343597412,0.041071295738220215,1.6344913244247437,0.9400596618652344,0.060275547206401825,0.14969217777252197,0.08164522051811218,-0.03872857242822647,0.03374335169792175,-0.01451331377029419,1.0309667587280273]","[0.19212856888771057,1.6322826147079468,1.4400869607925415,-1.3504918813705444,0.033752549439668655,1.6014941930770874]",0.029781609773635864,"[0.05182132124900818,0.10628414899110794,0.07070465385913849,-0.04078838974237442,0.030618099495768547,-0.005942700896412134]",0.04398792237043381,"[-0.3540334105491638,-0.1649470180273056,1.0405261516571045,0.7153909206390381,-0.045735057443380356,0.6938881874084473,0.06814050674438477]","[0.29613688588142395,-0.34933313727378845,0.933379054069519,0.6988663673400879,-0.0301637202501297,0.023731961846351624,0.714221715927124]","[0.13372358679771423,-0.11550562083721161,0.7805881500244141]","[0.09687965363264084,0.15189491212368011,0.6923679709434509,0.6986908316612244]",0.0,0.0,0.0,False,False,0.06320801377296448
152,3,1,False,"[0.19666802883148193,1.600511074066162,1.4052784442901611,-1.3231348991394043,0.03854814171791077,1.5799039602279663,0.9406377673149109,0.06707708537578583,0.18602067232131958,0.08922725915908813,-0.048644453287124634,0.033169716596603394,-0.013717442750930786,1.024914026260376]","[0.19617944955825806,1.6037416458129883,1.4097574949264526,-1.3267290592193604,0.037935417145490646,1.5826717615127563]",0.03440072759985924,"[0.0652979239821434,0.17682088911533356,0.08668007701635361,-0.047759171575307846,0.03281311318278313,-0.012732043862342834]",0.043995533138513565,"[-0.3540167510509491,-0.17043030261993408,1.0405197143554688,0.7152740955352783,-0.045808617025613785,0.692286491394043,0.08380873501300812]","[0.29456886649131775,-0.34520143270492554,0.9323652386665344,0.6934289336204529,-0.05546922609210014,0.04169672355055809,0.7171755433082581]","[0.13372357189655304,-0.1155056580901146,0.7805881500244141]","[0.09688002616167068,0.15189455449581146,0.692366898059845,0.6986919641494751]",0.0,0.0,0.0,False,False,0.015787020325660706
153,3,2,False,"[0.19733741879463196,1.567007303237915,1.3802989721298218,-1.303039789199829,0.037454694509506226,1.559525489807129,0.9569105505943298,0.07412181794643402,0.20483911037445068,0.09852391481399536,-0.06194659322500229,0.03546306490898132,-0.0197182297706604,1.0252230167388916]","[0.19721157848834991,1.5712926387786865,1.3838251829147339,-1.306177020072937,0.037512462586164474,1.5624784231185913]",0.037365347146987915,"[0.07308632135391235,0.20153188705444336,0.09716544300317764,-0.060124099254608154,0.03510826453566551,-0.018829239532351494]",0.04399925097823143,"[-0.35313811898231506,-0.17638075351715088,1.0424658060073853,0.7133883237838745,-0.04367273673415184,0.6921535730361938,0.10046396404504776]","[0.29372432827949524,-0.3439536988735199,0.9326850771903992,0.6904935836791992,-0.06765858083963394,0.04809265956282616,0.7185596227645874]","[0.13372355699539185,-0.11550566554069519,0.7805881500244141]","[0.09688014537096024,0.15189412236213684,0.6923666000366211,0.6986923217773438]",0.0,0.0,0.0,False,False,0.0077217817306518555
154,3,3,False,"[0.19230681657791138,1.5351706743240356,1.353485345840454,-1.286545753479004,0.03940582275390625,1.5139018297195435,0.9816665649414062,0.07998569309711456,0.23299729824066162,0.10764199495315552,-0.06372751295566559,0.03448796272277832,-0.021203935146331787,1.0209293365478516]","[0.19283020496368408,1.5394423007965088,1.3570481538772583,-1.289183497428894,0.03917532041668892,1.5200984477996826]",0.039666932076215744,"[0.07918136566877365,0.22929678857326508,0.10640230029821396,-0.06326662003993988,0.03455089405179024,-0.02090279944241047]",0.0439995713531971,"[-0.3506760895252228,-0.18235643208026886,1.043799638748169,0.7122469544410706,-0.04923618957400322,0.6896407604217529,0.12114261835813522]","[0.2929256558418274,-0.34228265285491943,0.9331547021865845,0.6872896552085876,-0.07654862850904465,0.05434592068195343,0.7202913165092468]","[0.13372354209423065,-0.11550568789243698,0.7805881500244141]","[0.09688027948141098,0.15189406275749207,0.692365825176239,0.698693037033081]",0.0,0.0,0.0,False,False,0.009693503379821777
155,3,4,False,"[0.18803083896636963,1.4973781108856201,1.320490837097168,-1.2635655403137207,0.03305935859680176,1.4744441509246826,1.0009369850158691,0.08589395880699158,0.25743573904037476,0.12077650427818298,-0.07816904783248901,0.035251736640930176,-0.032026320695877075,1.0203919410705566]","[0.1885707676410675,1.5022953748703003,1.324823260307312,-1.266984462738037,0.03384288772940636,1.4802674055099487]",0.04143432527780533,"[0.08511021733283997,0.25413039326667786,0.11906249076128006,-0.0762639120221138,0.035146791487932205,-0.030609499663114548]",0.04399999976158142,"[-0.3483272194862366,-0.18928660452365875,1.0448356866836548,0.7085590958595276,-0.052338942885398865,0.6890937089920044,0.1426687240600586]","[0.29218658804893494,-0.34094929695129395,0.9340890645980835,0.6839820742607117,-0.0894138514995575,0.05891382694244385,0.7215973734855652]","[0.13372357189655304,-0.11550568044185638,0.7805881500244141]","[0.09688038378953934,0.1518937349319458,0.6923659443855286,0.6986929774284363]",0.0,0.0,0.0,False,False,0.009108304977416992
156,3,5,False,"[0.18518590927124023,1.4508278369903564,1.2773911952972412,-1.233180284500122,0.033519208431243896,1.4213277101516724,1.0056641101837158,0.09406153112649918,0.28361618518829346,0.13860398530960083,-0.0850364938378334,0.035866737365722656,-0.03406023979187012,1.0200068950653076]","[0.18556399643421173,1.4568179845809937,1.2830235958099365,-1.2376792430877686,0.03356500715017319,1.4288452863693237]",0.04249350726604462,"[0.09301416575908661,0.2801247537136078,0.13636153936386108,-0.08387663960456848,0.03575562685728073,-0.03362239524722099]",0.04399999976158142,"[-0.34591659903526306,-0.19783581793308258,1.0451185703277588,0.7060638666152954,-0.05756090581417084,0.684882640838623,0.17057636380195618]","[0.2911883592605591,-0.3393663763999939,0.9369919896125793,0.6804937124252319,-0.09677420556545258,0.0628075823187828,0.7236147522926331]","[0.13372357189655304,-0.115505650639534,0.7805881500244141]","[0.09687996655702591,0.15189462900161743,0.6923670172691345,0.698691725730896]",0.0,0.0,0.0,False,False,0.011760234832763672
157,3,6,False,"[0.17616474628448486,1.3802924156188965,1.2080446481704712,-1.1694529056549072,0.0322796106338501,1.3475701808929443,1.0236598253250122,0.10918209701776505,0.31807100772857666,0.15255725383758545,-0.10031572729349136,0.04448100924491882,-0.04027113318443298,1.016648769378662]","[0.17720186710357666,1.3891468048095703,1.2170557975769043,-1.1783872842788696,0.032460007816553116,1.357936978340149]",0.04313522204756737,"[0.10727325826883316,0.31365492939949036,0.15054088830947876,-0.09823905676603317,0.04334133863449097,-0.039426177740097046]",0.04399924352765083,"[-0.34173697233200073,-0.20917776226997375,1.0440269708633423,0.7024082541465759,-0.057539913803339005,0.6768512725830078,0.21256549656391144]","[0.28960034251213074,-0.3373537063598633,0.9374454021453857,0.6761241555213928,-0.1121726855635643,0.07065883278846741,0.7247623801231384]","[0.13372358679771423,-0.1155056431889534,0.7805881500244141]","[0.09687995910644531,0.15189433097839355,0.6923671960830688,0.698691725730896]",0.0,0.0,0.0,False,False,0.016216754913330078
158,3,7,False,"[0.17237678170204163,1.3310070037841797,1.164656162261963,-1.1347718238830566,0.02436777949333191,1.2987991571426392,1.0105180740356445,0.11281339824199677,0.3403104543685913,0.1713235080242157,-0.11757319420576096,0.04769125580787659,-0.055004894733428955,1.0174403190612793]","[0.17294056713581085,1.3377755880355835,1.1708661317825317,-1.1405247449874878,0.025400768965482712,1.3063400983810425]",0.04348663240671158,"[0.11216177046298981,0.33716121315956116,0.16891440749168396,-0.11507072299718857,0.04712727293372154,-0.053020037710666656]",0.04399999976158142,"[-0.339308500289917,-0.21819821000099182,1.043526530265808,0.6975917816162109,-0.058691635727882385,0.6713400483131409,0.2433587908744812]","[0.28899216651916504,-0.3359188437461853,0.9399939775466919,0.6736994385719299,-0.12537501752376556,0.07237415015697479,0.7246875166893005]","[0.13372357189655304,-0.1155056431889534,0.7805881500244141]","[0.0968800038099289,0.15189431607723236,0.6923673152923584,0.6986916065216064]",0.0,0.0,0.0,False,False,0.0119093656539917
159,3,8,False,"[0.16496698558330536,1.2609742879867554,1.097135305404663,-1.0734951496124268,0.019657433032989502,1.2255464792251587,1.0283644199371338,0.12249378859996796,0.3656504154205322,0.18707126379013062,-0.12468773871660233,0.04221329092979431,-0.05061647295951843,1.0174012184143066]","[0.16588008403778076,1.2698217630386353,1.1059684753417969,-1.082277536392212,0.020399123430252075,1.2358511686325073]",0.04372445121407509,"[0.12129644304513931,0.3623107671737671,0.18493181467056274,-0.12343689799308777,0.04281160235404968,-0.05092605948448181]",0.04399658739566803,"[-0.33588290214538574,-0.22946272790431976,1.0412756204605103,0.6929969191551208,-0.05861298367381096,0.659550130367279,0.2851547598838806]","[0.287594735622406,-0.3341410458087921,0.9423176646232605,0.6679201126098633,-0.13134412467479706,0.0783776268362999,0.7283462882041931]","[0.13372357189655304,-0.115505650639534,0.7805881500244141]","[0.09687983244657516,0.1518944948911667,0.6923669576644897,0.6986918449401855]",0.0,0.0,0.0,False,False,0.0161210298538208
160,3,9,False,"[0.1544080525636673,1.1710600852966309,1.022261142730713,-1.007727861404419,0.011155575513839722,1.1478724479675293,1.0291411876678467,0.1327154040336609,0.3980821967124939,0.21440398693084717,-0.15651170909404755,0.04578137397766113,-0.07058966159820557,1.0212310552597046]","[0.15572957694530487,1.1822806596755981,1.0323785543441772,-1.0175126791000366,0.012350144796073437,1.1590938568115234]",0.043868448585271835,"[0.1313796490430832,0.39389175176620483,0.21089398860931396,-0.1522648185491562,0.04537688195705414,-0.06808490306138992]",0.04399999976158142,"[-0.33156198263168335,-0.24383485317230225,1.0396713018417358,0.6875818967819214,-0.05323342978954315,0.6429787874221802,0.3331298232078552]","[0.28622549772262573,-0.3321842551231384,0.9454934000968933,0.6617291569709778,-0.15055739879608154,0.08229262381792068,0.7298457026481628]","[0.13372357189655304,-0.11550566554069519,0.7805881500244141]","[0.09688030928373337,0.15189382433891296,0.6923665404319763,0.6986923813819885]",0.0,0.0,0.0,False,False,0.02007472515106201
161,3,10,False,"[0.14098899066448212,1.0343880653381348,0.9010111689567566,-0.9042619466781616,0.00038740038871765137,1.0172719955444336,1.0169509649276733,0.1431700736284256,0.41679972410202026,0.2433592975139618,-0.17061936855316162,0.055788397789001465,-0.07717296481132507,1.0029369592666626]","[0.14271728694438934,1.0511268377304077,0.9168832898139954,-0.9191203713417053,0.0019318897975608706,1.0353609323501587]",0.04395168274641037,"[0.14177168905735016,0.41406381130218506,0.23966184258460999,-0.16818498075008392,0.05444463714957237,-0.07601700723171234]",0.04399999976158142,"[-0.3261047601699829,-0.26480719447135925,1.0333114862442017,0.6805917024612427,-0.04999390244483948,0.608760416507721,0.4046061933040619]","[0.28501421213150024,-0.3305681347846985,0.9518845677375793,0.660083532333374,-0.15697039663791656,0.08043720573186874,0.7301916480064392]","[0.13372357189655304,-0.11550568789243698,0.7805881500244141]","[0.09688005596399307,0.15189409255981445,0.692365825176239,0.6986930966377258]",0.0,0.0,0.0,False,False,0.029708385467529297
162,3,11,False,"[0.13466252386569977,1.0345900058746338,0.8939064741134644,-0.8848395943641663,0.004927635192871094,1.0043116807937622,1.0317970514297485,0.14569957554340363,0.4390147626399994,0.2534593939781189,-0.18532180786132812,0.048476457595825195,-0.0833158791065216,1.0188504457473755]","[0.1355883926153183,1.0366795063018799,0.896537721157074,-0.8892472386360168,0.004561048466712236,1.0082658529281616]",0.04391276463866234,"[0.14525826275348663,0.43617746233940125,0.25164759159088135,-0.1831713616847992,0.049220286309719086,-0.08238741755485535]",0.04399913549423218,"[-0.3245503902435303,-0.26577115058898926,1.031087875366211,0.6819268465042114,-0.04825231432914734,0.5988280773162842,0.41719573736190796]","[0.2842038869857788,-0.32897478342056274,0.9523814916610718,0.6545324921607971,-0.16832561790943146,0.08601540327072144,0.732021152973175]","[0.13372355699539185,-0.11550568044185638,0.7805881500244141]","[0.09688007831573486,0.1518944501876831,0.6923660039901733,0.698692798614502]",0.0,0.0,0.0,False,False,0.006832897663116455
163,3,12,False,"[0.12767650187015533,0.9326597452163696,0.7971251010894775,-0.8089573383331299,0.0011532902717590332,0.9024293422698975,1.021614670753479,0.15256455540657043,0.4545268416404724,0.27390256524086,-0.19193890690803528,0.057959020137786865,-0.09024976193904877,0.9963205456733704]","[0.12862394750118256,0.9444579482078552,0.8090624809265137,-0.8194952011108398,0.0015974185662344098,0.9159286022186279]",0.043962057679891586,"[0.15169338881969452,0.45232707262039185,0.2714182138442993,-0.1907396912574768,0.05683648958802223,-0.0892486721277237]",0.04392250254750252,"[-0.32149699330329895,-0.27992433309555054,1.022872805595398,0.6790552139282227,-0.050388336181640625,0.5665854811668396,0.46403205394744873]","[0.2833939790725708,-0.32741910219192505,0.9567888379096985,0.654033362865448,-0.17289574444293976,0.08375923335552216,0.7316635847091675]","[0.13372357189655304,-0.11550567299127579,0.7805881500244141]","[0.09688007831573486,0.15189410746097565,0.6923662424087524,0.6986926794052124]",0.0,0.0,0.0,False,False,0.021121203899383545
164,3,13,False,"[0.10613511502742767,0.7873218655586243,0.6698122024536133,-0.6768733859062195,-0.004642486572265625,0.7775206565856934,1.0280590057373047,0.15749718248844147,0.4889349341392517,0.30603235960006714,-0.22330734133720398,0.05850216746330261,-0.1141338050365448,0.9809569716453552]","[0.10879103094339371,0.8051415681838989,0.6867647171020508,-0.6953569054603577,-0.0038127677980810404,0.7951723337173462]",0.04396442323923111,"[0.1568237543106079,0.48466965556144714,0.30190759897232056,-0.2191077619791031,0.058274880051612854,-0.11096309870481491]",0.04354250058531761,"[-0.31630823016166687,-0.29751208424568176,1.0122116804122925,0.677891194820404,-0.034366924315690994,0.5092900395393372,0.5290613770484924]","[0.28237277269363403,-0.32476210594177246,0.961237370967865,0.64816814661026,-0.1917187124490738,0.08467405289411545,0.7320876121520996]","[0.13372355699539185,-0.11550567299127579,0.7805881500244141]","[0.09687989205121994,0.15189433097839355,0.6923661828041077,0.6986927390098572]",0.0,0.0,0.0,False,False,0.03123164176940918
165,3,14,False,"[0.1005449891090393,0.7206339240074158,0.6045138835906982,-0.6270320415496826,0.0019015073776245117,0.6998016834259033,1.0156711339950562,0.15629027783870697,0.4656200110912323,0.31444376707077026,-0.21266628801822662,0.062392234802246094,-0.10451768338680267,0.9729294180870056]","[0.10152102261781693,0.7303493022918701,0.6142564415931702,-0.635962724685669,0.0011889412999153137,0.7119594812393188]",0.04397028312087059,"[0.1563425362110138,0.4677679240703583,0.31317293643951416,-0.21339701116085052,0.0618751086294651,-0.10533982515335083]",0.0431482158601284,"[-0.3140830099582672,-0.30689874291419983,1.002806544303894,0.6797176599502563,-0.03820136561989784,0.4709899425506592,0.5609750151634216]","[0.28272590041160583,-0.3259408175945282,0.9673762321472168,0.6530327796936035,-0.17733268439769745,0.07604463398456573,0.7323375940322876]","[0.13372355699539185,-0.11550567299127579,0.7805881500244141]","[0.09688027203083038,0.1518941968679428,0.6923664212226868,0.6986924409866333]",0.0,0.0,0.0,False,False,0.019024550914764404
166,3,15,False,"[0.09125488996505737,0.6625614762306213,0.5444671511650085,-0.5631005764007568,-0.003341972827911377,0.6698132753372192,1.0155198574066162,0.17439524829387665,0.5258904695510864,0.34882214665412903,-0.2390921264886856,0.062384992837905884,-0.10888156294822693,0.9723427891731262]","[0.09248007088899612,0.6703678369522095,0.5528440475463867,-0.5725169777870178,-0.0027536207344383,0.6751856207847595]",0.04397200047969818,"[0.17228640615940094,0.5192020535469055,0.34446272253990173,-0.2357894480228424,0.062276892364025116,-0.10843411087989807]",0.04286883398890495,"[-0.3123272955417633,-0.31296825408935547,0.9948471784591675,0.6798744201660156,-0.025953099131584167,0.44594863057136536,0.5815728306770325]","[0.2798730731010437,-0.3211323022842407,0.9704769253730774,0.6434161067008972,-0.19517432153224945,0.08653725683689117,0.7351421117782593]","[0.13372355699539185,-0.11550567299127579,0.7805881500244141]","[0.09688010811805725,0.15189465880393982,0.6923662424087524,0.6986925005912781]",0.0,0.0,0.0,False,False,0.014460742473602295
167,3,16,False,"[0.08264152705669403,0.5586479902267456,0.4657425880432129,-0.47939378023147583,-0.000576019287109375,0.5477486848831177,1.0202194452285767,0.16338498890399933,0.49578800797462463,0.34834912419319153,-0.23259437084197998,0.06515374779701233,-0.1169680505990982,0.9412491321563721]","[0.08382587879896164,0.5714381337165833,0.47637397050857544,-0.4913836419582367,-0.0008460012613795698,0.563997745513916]",0.04398677498102188,"[0.1644226312637329,0.49844029545783997,0.3480643928050995,-0.23294509947299957,0.06481125205755234,-0.11587774753570557]",0.04207565635442734,"[-0.31025493144989014,-0.3227164149284363,0.9872592687606812,0.6811777353286743,-0.02410993166267872,0.3841699957847595,0.6227590441703796]","[0.28129345178604126,-0.32297658920288086,0.9742281436920166,0.648883044719696,-0.1871235966682434,0.07603319734334946,0.7335900664329529]","[0.13372357189655304,-0.115505650639534,0.7805881500244141]","[0.09688019752502441,0.15189403295516968,0.6923670172691345,0.6986919045448303]",0.0,0.0,0.0,False,False,0.02543264627456665
168,3,17,False,"[0.07078713178634644,0.4724116325378418,0.3883817195892334,-0.3987956941127777,-0.0031763315200805664,0.44389981031417847,1.0083740949630737,0.1666075736284256,0.5291544198989868,0.3744896650314331,-0.26060470938682556,0.06245380640029907,-0.12815111875534058,0.9457278847694397]","[0.07235453277826309,0.4838709831237793,0.3989194333553314,-0.4107397496700287,-0.0028686870355159044,0.4592092037200928]",0.04398472234606743,"[0.16636143624782562,0.5256275534629822,0.3712490200996399,-0.2570624053478241,0.06274400651454926,-0.1265878528356552]",0.04164837673306465,"[-0.3083113729953766,-0.3300507962703705,0.9773309230804443,0.6826656460762024,-0.02468893490731716,0.32471001148223877,0.6541569828987122]","[0.28056684136390686,-0.32051730155944824,0.9769743084907532,0.643878698348999,-0.20115432143211365,0.08071023970842361,0.7337867617607117]","[0.13372355699539185,-0.1155056357383728,0.7805881500244141]","[0.09688035398721695,0.15189409255981445,0.692367434501648,0.6986914873123169]",0.0,0.0,0.0,False,False,0.02396121621131897
169,3,18,False,"[0.053626060485839844,0.34004029631614685,0.26846742630004883,-0.2843043804168701,-0.005222588777542114,0.3343566954135895,1.0048493146896362,0.1618655025959015,0.5265253782272339,0.3831340968608856,-0.256326287984848,0.05639919638633728,-0.1285143941640854,0.9246395826339722]","[0.05585967376828194,0.35673612356185913,0.28407996892929077,-0.30060890316963196,-0.004903129767626524,0.350273460149765]",0.0439775250852108,"[0.16240745782852173,0.5263851881027222,0.3818401098251343,-0.2563633918762207,0.05721158906817436,-0.12826856970787048]",0.040962107479572296,"[-0.30587685108184814,-0.339074045419693,0.9604982137680054,0.6864324808120728,-0.015149314887821674,0.25055205821990967,0.6824986934661865]","[0.2808685302734375,-0.32014596462249756,0.9805428385734558,0.6441422700881958,-0.19708412885665894,0.07754737883806229,0.73499995470047]","[0.13372355699539185,-0.1155056580901146,0.7805881500244141]","[0.09688001126050949,0.15189440548419952,0.6923667788505554,0.6986920833587646]",0.0,0.0,0.0,False,False,0.028431713581085205
170,3,19,False,"[0.0409364178776741,0.24387741088867188,0.19488310813903809,-0.20131468772888184,-0.01605546474456787,0.25798675417900085,1.006687879562378,0.16089415550231934,0.5233326554298401,0.388333797454834,-0.2614123523235321,0.053116172552108765,-0.12933678925037384,0.907219648361206]","[0.04273112490773201,0.25694069266319275,0.20581328868865967,-0.21398843824863434,-0.014631018973886967,0.2697482705116272]",0.0439683273434639,"[0.16108056902885437,0.5236999988555908,0.38753387331962585,-0.2607652246952057,0.05363694205880165,-0.12920065224170685]",0.04015929251909256,"[-0.30446258187294006,-0.3445674777030945,0.9506576657295227,0.6869713068008423,-0.002424158388748765,0.18821021914482117,0.7018842101097107]","[0.28099966049194336,-0.320510596036911,0.9823797345161438,0.6436132192611694,-0.19552844762802124,0.07629825174808502,0.736008882522583]","[0.13372357189655304,-0.11550566554069519,0.7805881500244141]","[0.09688017517328262,0.15189409255981445,0.692366361618042,0.6986925005912781]",0.0,0.0,0.0,False,False,0.022300273180007935
171,3,20,False,"[0.0353892520070076,0.22388190031051636,0.17802682518959045,-0.1828082948923111,-0.012699007987976074,0.22526784241199493,1.0110081434249878,0.15445522964000702,0.49725306034088135,0.3726796805858612,-0.26579591631889343,0.0511704683303833,-0.1342548131942749,0.9237076044082642]","[0.036253921687603,0.22770226001739502,0.18143434822559357,-0.186778724193573,-0.012935143895447254,0.23093527555465698]",0.0439763069152832,"[0.15523433685302734,0.5003458857536316,0.3743167519569397,-0.26522836089134216,0.05149765685200691,-0.13360939919948578]",0.0400397963821888,"[-0.3036830723285675,-0.34583914279937744,0.9473720192909241,0.6897424459457397,-0.0037319925613701344,0.16358186304569244,0.7053242921829224]","[0.2821674644947052,-0.3234197497367859,0.9800466895103455,0.6450765132904053,-0.19441285729408264,0.07359062880277634,0.7352988123893738]","[0.13372355699539185,-0.11550568044185638,0.7805881500244141]","[0.09688016027212143,0.15189415216445923,0.6923660635948181,0.6986928582191467]",0.0,0.0,0.0,False,False,0.008870899677276611
172,3,21,False,"[0.018279075622558594,0.08433753252029419,0.06337222456932068,-0.06817670166492462,-0.01767483353614807,0.10340872406959534,1.0073117017745972,0.1509859412908554,0.5059619545936584,0.3847495913505554,-0.26929423213005066,0.04254594445228577,-0.1369675099849701,0.9028478860855103]","[0.02042044885456562,0.10119523108005524,0.07742693275213242,-0.08340825140476227,-0.017058242112398148,0.11966715008020401]",0.043987102806568146,"[0.1515040248632431,0.5052597522735596,0.38361337780952454,-0.26872682571411133,0.04368721693754196,-0.13653907179832458]",0.03952106460928917,"[-0.30206021666526794,-0.35026809573173523,0.9319877624511719,0.6936577558517456,0.0035418968182057142,0.08074992895126343,0.7157554030418396]","[0.2823324203491211,-0.32283785939216614,0.9823541045188904,0.643435001373291,-0.1942177563905716,0.07300988584756851,0.7368447780609131]","[0.13372357189655304,-0.11550566554069519,0.7805881500244141]","[0.09688018262386322,0.1518939882516861,0.6923665404319763,0.6986923217773438]",0.0,0.0,0.0,False,False,0.02841237187385559
173,3,22,False,"[0.02006526291370392,0.11091941595077515,0.07708734273910522,-0.08517255634069443,-0.017307788133621216,0.11345478892326355,0.9986385703086853,0.1522272378206253,0.5089606642723083,0.38740259408950806,-0.28693872690200806,0.05201372504234314,-0.14739744365215302,0.9155459403991699]","[0.020106056705117226,0.10967107862234116,0.07730591297149658,-0.08489514887332916,-0.017276925966143608,0.11424045264720917]",0.0439441092312336,"[0.15212544798851013,0.5085722804069519,0.3868204355239868,-0.2846550941467285,0.05095692723989487,-0.14601311087608337]",0.03948239982128143,"[-0.30204638838768005,-0.3497193455696106,0.9311251044273376,0.6937064528465271,-0.001898864284157753,0.08235245943069458,0.7155318856239319]","[0.28248900175094604,-0.3229979872703552,0.9816676378250122,0.6433846354484558,-0.20392179489135742,0.07412338256835938,0.7341510057449341]","[0.13372357189655304,-0.115505650639534,0.7805881500244141]","[0.09688001126050949,0.15189462900161743,0.6923670172691345,0.698691725730896]",0.0,0.0,0.0,False,False,0.0036276578903198242
174,3,23,False,"[0.009458072483539581,0.02146834135055542,0.009134113788604736,-0.0218251571059227,-0.014839082956314087,0.04149329662322998,1.0102425813674927,0.14285776019096375,0.47972387075424194,0.3695251941680908,-0.25745731592178345,0.04369184374809265,-0.1402391642332077,0.8940179347991943]","[0.010713535360991955,0.031906891614198685,0.017196543514728546,-0.029932787641882896,-0.015135887078940868,0.05076882615685463]",0.0439799502491951,"[0.14395542442798615,0.4830280542373657,0.3717033565044403,-0.26091721653938293,0.04463440552353859,-0.14097397029399872]",0.039002425968647,"[-0.30102306604385376,-0.3514733612537384,0.9219966530799866,0.6978017091751099,0.0019621700048446655,0.033985625952482224,0.7154814600944519]","[0.28366678953170776,-0.3250918686389923,0.9813933968544006,0.6477525234222412,-0.1886945217847824,0.06631690263748169,0.735127866268158]","[0.13372358679771423,-0.115505650639534,0.7805881500244141]","[0.09687995910644531,0.15189401805400848,0.6923669576644897,0.6986920237541199]",0.0,0.0,0.0,False,False,0.017514623701572418
175,3,24,False,"[0.005255855619907379,0.010008454322814941,0.00118333101272583,-0.013808883726596832,-0.017105937004089355,0.03877228498458862,1.0152393579483032,0.14832383394241333,0.5143392086029053,0.38839495182037354,-0.2679370045661926,0.039781391620635986,-0.1352219432592392,0.8889087438583374]","[0.005900099407881498,0.012535115703940392,0.003215168137103319,-0.015833666548132896,-0.0168474018573761,0.040298495441675186]",0.04397798329591751,"[0.1478230208158493,0.5107259154319763,0.3864021599292755,-0.26700735092163086,0.040384482592344284,-0.13595633208751678]",0.03858434036374092,"[-0.3005962371826172,-0.35180455446243286,0.9200913310050964,0.698891818523407,0.005236895754933357,0.02334689348936081,0.7148270010948181]","[0.28259721398353577,-0.32205718755722046,0.9828585982322693,0.6435723304748535,-0.19396664202213287,0.07405771315097809,0.7366865277290344]","[0.13372357189655304,-0.1155056431889534,0.7805881500244141]","[0.09688004106283188,0.15189437568187714,0.6923671960830688,0.6986916065216064]",0.0,0.0,0.0,False,False,0.006270408630371094
176,3,25,False,"[0.004656679928302765,-0.004182577133178711,-0.009303092956542969,-0.0033285170793533325,-0.014885127544403076,0.025093257427215576,1.019693374633789,0.1438782662153244,0.4878975749015808,0.3701015114784241,-0.252977192401886,0.039558589458465576,-0.1334340125322342,0.877812385559082]","[0.004799678921699524,-0.00221197959035635,-0.007801498752087355,-0.004925845190882683,-0.015132627449929714,0.02703140676021576]",0.04398442804813385,"[0.14434030652046204,0.4905448853969574,0.37204447388648987,-0.2547946274280548,0.03967277705669403,-0.13375450670719147]",0.038113709539175034,"[-0.3004375994205475,-0.35199975967407227,0.9185289740562439,0.6998932361602783,0.005760679952800274,0.013388614170253277,0.7140986919403076]","[0.28331899642944336,-0.3240357041358948,0.9812578558921814,0.6464099884033203,-0.1863478571176529,0.06951243430376053,0.7366114854812622]","[0.13372355699539185,-0.1155056580901146,0.7805881500244141]","[0.09688034653663635,0.15189413726329803,0.6923668384552002,0.6986920237541199]",0.0,0.0,0.0,False,False,0.004567325115203857
177,3,26,False,"[0.002765551209449768,-0.023261725902557373,-0.023611903190612793,0.017579808831214905,-0.016169071197509766,0.016075044870376587,1.0186737775802612,0.13357652723789215,0.4622034728527069,0.3582269549369812,-0.2505428194999695,0.032343924045562744,-0.13743144273757935,0.8912109136581421]","[0.0030073951929807663,-0.020787466317415237,-0.021686293184757233,0.014717002399265766,-0.0160352885723114,0.01747116819024086]",0.04398906230926514,"[0.13485099375247955,0.4654650092124939,0.3598765432834625,-0.25111135840415955,0.033295731991529465,-0.13696074485778809]",0.03811560571193695,"[-0.30028751492500305,-0.3522060215473175,0.9171285629272461,0.7001484632492065,0.010970811359584332,0.001320053357630968,0.7139117121696472]","[0.2847137153148651,-0.3267136216163635,0.9800997376441956,0.6487417817115784,-0.18036732077598572,0.064199298620224,0.73653244972229]","[0.13372357189655304,-0.1155056580901146,0.7805881500244141]","[0.09687978029251099,0.15189461410045624,0.6923666596412659,0.6986921429634094]",0.0,0.0,0.0,False,False,0.005656331777572632
178,3,27,False,"[-0.0005748867988586426,-0.045659422874450684,-0.03780174255371094,0.02732090651988983,-0.014102250337600708,-0.0019080042839050293,1.0256786346435547,0.13050733506679535,0.437103271484375,0.34023597836494446,-0.2340882271528244,0.03204178810119629,-0.12523745000362396,0.884520947933197]","[-0.00015642524522263557,-0.04271130636334419,-0.0358976274728775,0.025704234838485718,-0.014341827481985092,0.0005625459598377347]",0.043995216488838196,"[0.13101278245449066,0.4403902292251587,0.3425656855106354,-0.23629260063171387,0.03221208602190018,-0.12673163414001465]",0.037970200181007385,"[-0.29992905259132385,-0.3525006175041199,0.9150395393371582,0.7018700242042542,0.011611664667725563,-0.011377177201211452,0.712119460105896]","[0.28546956181526184,-0.32903531193733215,0.9781380891799927,0.6525136232376099,-0.16844700276851654,0.06108229234814644,0.7362882494926453]","[0.13372355699539185,-0.11550569534301758,0.7805881500244141]","[0.09688016772270203,0.15189412236213684,0.6923655271530151,0.6986933350563049]",0.0,0.0,0.0,False,False,0.00565609335899353
179,3,28,False,"[-0.0017999187111854553,-0.03400486707687378,-0.03311944007873535,0.015890970826148987,-0.01500171422958374,0.0009738504886627197,1.0166349411010742,0.13764996826648712,0.4653070271015167,0.3563935458660126,-0.24907593429088593,0.035313695669174194,-0.1267646849155426,0.887184739112854]","[-0.0016060381894931197,-0.035032279789447784,-0.033479370176792145,0.01713031344115734,-0.01491477619856596,0.000920624181162566]",0.04399360716342926,"[0.13686613738536835,0.46241146326065063,0.3547442853450775,-0.24742341041564941,0.034906163811683655,-0.1267610341310501]",0.037937674671411514,"[-0.2998039424419403,-0.35224559903144836,0.914440393447876,0.7022445201873779,0.0068748751655220985,-0.006331092212349176,0.7118744254112244]","[0.2845451235771179,-0.3269824981689453,0.9790065288543701,0.6496260166168213,-0.1766553521156311,0.06718539446592331,0.7363863587379456]","[0.13372355699539185,-0.11550571024417877,0.7805881500244141]","[0.09688042104244232,0.15189382433891296,0.692365288734436,0.6986936330795288]",0.0,0.0,0.0,False,False,0.005008667707443237
180,3,29,False,"[-0.002549506723880768,-0.04061490297317505,-0.03452855348587036,0.023317962884902954,-0.014105468988418579,0.0037038326263427734,1.0232338905334473,0.13219588994979858,0.4516127407550812,0.35002508759498596,-0.24524977803230286,0.03046002984046936,-0.13114693760871887,0.8874965310096741]","[-0.002441197168081999,-0.03997613862156868,-0.034332580864429474,0.02255275659263134,-0.014205526560544968,0.0033491153735667467]",0.04399584233760834,"[0.1327541470527649,0.45285671949386597,0.35060641169548035,-0.24553172290325165,0.031032612547278404,-0.13058701157569885]",0.03793966770172119,"[-0.2997022271156311,-0.35245078802108765,0.9150570631027222,0.7027403712272644,0.011063368991017342,-0.008858577348291874,0.7113051414489746]","[0.28507667779922485,-0.32795608043670654,0.9787574410438538,0.6500096917152405,-0.1747388392686844,0.06396611034870148,0.7367916703224182]","[0.13372355699539185,-0.11550570279359818,0.7805881500244141]","[0.09688041359186172,0.15189360082149506,0.6923653483390808,0.698693573474884]",0.0,0.0,0.0,False,False,0.0021968483924865723
181,3,30,False,"[-0.0026219263672828674,-0.042910099029541016,-0.035224735736846924,0.031818047165870667,-0.011435151100158691,-0.015722811222076416,1.0278491973876953,0.13380463421344757,0.4521162211894989,0.3528178930282593,-0.24186255037784576,0.030125588178634644,-0.12824717164039612,0.8880420923233032]","[-0.002604285255074501,-0.042576491832733154,-0.03508158028125763,0.03065156377851963,-0.011787045747041702,-0.013290953822433949]",0.04399776831269264,"[0.1336827129125595,0.4521864354610443,0.3525998294353485,-0.24231106042861938,0.03023814782500267,-0.1285458654165268]",0.037943508476018906,"[-0.2996165156364441,-0.3525603115558624,0.9157856702804565,0.703690767288208,0.008714395575225353,-0.018300676718354225,0.7102171182632446]","[0.28493624925613403,-0.3279404640197754,0.9797976016998291,0.6500378251075745,-0.17185799777507782,0.06277795135974884,0.7375462651252747]","[0.13372354209423065,-0.11550568789243698,0.7805881500244141]","[0.09688039869070053,0.15189406275749207,0.692365825176239,0.698693037033081]",0.0,0.0,0.0,False,False,0.0038069915026426315
182,3,31,False,"[-0.007721744477748871,-0.08076095581054688,-0.06430035829544067,0.047627612948417664,-0.011424392461776733,-0.021445482969284058,1.0224436521530151,0.11825268715620041,0.3961150050163269,0.31879884004592896,-0.2268671840429306,0.03355264663696289,-0.12099474668502808,0.8946851491928101]","[-0.007120647933334112,-0.07610468566417694,-0.036012791097164154,0.04556172341108322,-0.011460443027317524,-0.020406397059559822]",0.04399401694536209,"[0.12004643678665161,0.40262630581855774,0.3227621018886566,-0.22891458868980408,0.03317103162407875,-0.12195441126823425]",0.038102224469184875,"[-0.2991790771484375,-0.35433703660964966,0.9194751381874084,0.7050862312316895,0.022803137078881264,-0.03777226805686951,0.7077475190162659]","[0.2872946858406067,-0.3327684998512268,0.975838303565979,0.6592313051223755,-0.15722014009952545,0.05549917742609978,0.7332227230072021]","[0.13372357189655304,-0.1155056357383728,0.7805881500244141]","[0.09688013046979904,0.15189452469348907,0.6923673748970032,0.6986914277076721]",0.0,0.0,0.0,False,False,0.02828756719827652
183,3,32,False,"[-0.009619094431400299,-0.04868447780609131,-0.045700013637542725,0.04218535125255585,0.0016364455223083496,-0.02933230996131897,1.026196002960205,0.12646427750587463,0.4255979061126709,0.3348260521888733,-0.21948647499084473,0.03246316313743591,-0.11790253221988678,0.8787514567375183]","[-0.009351060725748539,-0.052301108837127686,-0.03631695359945297,0.04250491410493851,-1.5081157471286133e-05,-0.02819366566836834]",0.04399176687002182,"[0.12571172416210175,0.4228825867176056,0.3335261344909668,-0.22062116861343384,0.032539647072553635,-0.11841978132724762]",0.03782559558749199,"[-0.29862260818481445,-0.35303929448127747,0.917260468006134,0.7102094292640686,0.010571848601102829,-0.030685683712363243,0.7032418251037598]","[0.28630563616752625,-0.330420583486557,0.9782639741897583,0.6571119427680969,-0.15661606192588806,0.056764718145132065,0.7351549863815308]","[0.13372357189655304,-0.1155056431889534,0.7805881500244141]","[0.09687978774309158,0.1518947035074234,0.6923673748970032,0.6986914277076721]",0.0,0.0,0.0,False,False,0.00941457599401474
184,3,33,False,"[-0.0063177719712257385,-0.06926017999649048,-0.05475825071334839,0.046234264969825745,-0.0076291561126708984,-0.019935011863708496,1.0294532775878906,0.12314015626907349,0.41039639711380005,0.32223471999168396,-0.21870267391204834,0.03289535641670227,-0.11438633501529694,0.881740152835846]","[-0.006659747567027807,-0.06712734699249268,-0.036185700446367264,0.0458289198577404,-0.006670910399407148,-0.020989082753658295]",0.043985333293676376,"[0.12343992292881012,0.4118891656398773,0.32347604632377625,-0.21899685263633728,0.03285638615489006,-0.11490006744861603]",0.037742651998996735,"[-0.2990814447402954,-0.353844553232193,0.9187608361244202,0.706719160079956,0.019543079659342766,-0.03472685068845749,0.7063709497451782]","[0.2867262363433838,-0.3315134644508362,0.9760823845863342,0.6585237383842468,-0.15446063876152039,0.057391196489334106,0.7342986464500427]","[0.13372355699539185,-0.11550566554069519,0.7805881500244141]","[0.0968799740076065,0.1518944799900055,0.6923664808273315,0.6986923813819885]",0.0,0.0,0.0,False,False,0.018572550266981125
185,3,34,False,"[-0.006701014935970306,-0.07158106565475464,-0.058136165142059326,0.043467551469802856,-0.00913587212562561,-0.024426758289337158,1.0200231075286865,0.1205490306019783,0.4077526926994324,0.3235543668270111,-0.22937488555908203,0.0302484929561615,-0.13078506290912628,0.8911577463150024]","[-0.006689048837870359,-0.07083065062761307,-0.03613966330885887,0.04377835988998413,-0.008825339376926422,-0.023988235741853714]",0.0439971461892128,"[0.12089626491069794,0.40821632742881775,0.3235411047935486,-0.22805796563625336,0.03058309480547905,-0.12875902652740479]",0.03789509832859039,"[-0.29914218187332153,-0.35402992367744446,0.9188603162765503,0.7059799432754517,0.01905817538499832,-0.03642871603369713,0.7070374488830566]","[0.28704357147216797,-0.33215394616127014,0.975632905960083,0.6571465730667114,-0.1607602834701538,0.054316118359565735,0.7344141006469727]","[0.13372354209423065,-0.11550567299127579,0.7805881500244141]","[0.09688040614128113,0.1518942266702652,0.6923664212226868,0.6986924409866333]",0.0,0.0,0.0,False,False,0.021996501833200455
186,3,35,False,"[-0.009720072150230408,-0.07693415880203247,-0.06384581327438354,0.049238696694374084,-0.0032712221145629883,-0.03217753767967224,1.0217458009719849,0.11540472507476807,0.385090708732605,0.31342872977256775,-0.2160557210445404,0.035229653120040894,-0.11535608768463135,0.8779952526092529]","[-0.009373070672154427,-0.07593726366758347,-0.03601180016994476,0.0484880656003952,-0.003968125209212303,-0.031133072450757027]",0.043993957340717316,"[0.11603301018476486,0.3877497613430023,0.3146993815898895,-0.21758107841014862,0.03465665131807327,-0.1170644760131836]",0.03770843520760536,"[-0.2987469434738159,-0.3543550670146942,0.9197448492050171,0.708613395690918,0.02001677267253399,-0.042415816336870193,0.704036295413971]","[0.28795289993286133,-0.3339533507823944,0.975584089756012,0.662932813167572,-0.1488591730594635,0.05165053904056549,0.7319106459617615]","[0.13372355699539185,-0.11550566554069519,0.7805881500244141]","[0.09688049554824829,0.15189410746097565,0.6923665404319763,0.698692262172699]",0.0,0.0,0.0,False,False,0.027834013104438782
187,3,36,False,"[-0.011046484112739563,-0.10434740781784058,-0.082461416721344,0.05657969415187836,-0.00554463267326355,-0.026176273822784424,1.0282630920410156,0.10741175711154938,0.3650885820388794,0.29247531294822693,-0.19459795951843262,0.03221374750137329,-0.10758686065673828,0.8832722306251526]","[-0.010847195982933044,-0.10073480010032654,-0.03565213829278946,0.055623725056648254,-0.005340878386050463,-0.026808572933077812]",0.043992552906274796,"[0.10842294991016388,0.36775436997413635,0.2950584292411804,-0.19757576286792755,0.03254363685846329,-0.10879325866699219]",0.03769688680768013,"[-0.2986612915992737,-0.35583534836769104,0.9224104285240173,0.708156943321228,0.032821133732795715,-0.05241983011364937,0.7033409476280212]","[0.28892892599105835,-0.3352769911289215,0.9726566076278687,0.6669415235519409,-0.13821670413017273,0.048655591905117035,0.7305598258972168]","[0.13372357189655304,-0.1155056431889534,0.7805881500244141]","[0.09688003361225128,0.15189458429813385,0.6923671960830688,0.6986915469169617]",0.0,0.0,0.0,False,False,0.046809278428554535
188,3,37,False,"[-0.011118985712528229,-0.08844822645187378,-0.07356429100036621,0.05537717044353485,-0.0003464818000793457,-0.026387453079223633,1.0209628343582153,0.11316686868667603,0.40163910388946533,0.31777116656303406,-0.21937741339206696,0.03317919373512268,-0.12471631169319153,0.8785374164581299]","[-0.011096552014350891,-0.09106839448213577,-0.035767268389463425,0.05536096915602684,-0.0009773789206519723,-0.02644057385623455]",0.04399528354406357,"[0.1126130074262619,0.39766427874565125,0.3151187002658844,-0.21655026078224182,0.03308623284101486,-0.12268635630607605]",0.03758835420012474,"[-0.29850542545318604,-0.35527804493904114,0.9216266870498657,0.7099336385726929,0.029491418972611427,-0.048618730157613754,0.7019690275192261]","[0.28817906975746155,-0.3328104615211487,0.9748581647872925,0.6625823378562927,-0.15366427600383759,0.05266337841749191,0.731162428855896]","[0.13372357189655304,-0.1155056580901146,0.7805881500244141]","[0.0968799740076065,0.15189425647258759,0.6923666596412659,0.698692262172699]",0.0,0.0,0.0,False,False,0.037813954055309296
189,3,38,False,"[-0.012092351913452148,-0.09590107202529907,-0.07406973838806152,0.061998650431632996,-0.0002783536911010742,-0.029903531074523926,1.0317661762237549,0.10169176757335663,0.3449208736419678,0.27637234330177307,-0.1823721081018448,0.025573432445526123,-0.09583193063735962,0.8824551105499268]","[-0.01197541318833828,-0.09499633312225342,-0.035726986825466156,0.06111939251422882,-0.00036481497227214277,-0.029461907222867012]",0.04399580880999565,"[0.10298006981611252,0.3510701656341553,0.28096845746040344,-0.18679118156433105,0.026552006602287292,-0.09925530850887299]",0.03762469068169594,"[-0.29840779304504395,-0.355569064617157,0.9224863648414612,0.7103515267372131,0.031821224838495255,-0.05312695726752281,0.7011173367500305]","[0.28951576352119446,-0.33653610944747925,0.9704251885414124,0.6682628989219666,-0.12957094609737396,0.04830784723162651,0.7309597730636597]","[0.13372358679771423,-0.11550566554069519,0.7805881500244141]","[0.0968799963593483,0.1518942266702652,0.692366361618042,0.6986925601959229]",0.0,0.0,0.0,False,False,0.03834275156259537
190,3,39,False,"[-0.010808415710926056,-0.10407042503356934,-0.08052563667297363,0.06206737458705902,-0.0039972662925720215,-0.03431767225265503,1.0332787036895752,0.09600500017404556,0.3370373845100403,0.2696910500526428,-0.1833270788192749,0.027388274669647217,-0.10386405885219574,0.8937571048736572]","[-0.010936717502772808,-0.10268700867891312,-0.0356166735291481,0.061923377215862274,-0.0035411622375249863,-0.03369909152388573]",0.04399506747722626,"[0.09681899100542068,0.33865970373153687,0.27101895213127136,-0.18378880620002747,0.027297386899590492,-0.10327383875846863]",0.03787989169359207,"[-0.29860273003578186,-0.35602641105651855,0.9231714010238647,0.7087967395782471,0.03331301733851433,-0.057736754417419434,0.7022562026977539]","[0.2903403341770172,-0.337537944316864,0.9684643745422363,0.6708590388298035,-0.1287975162267685,0.04541550204157829,0.7289010286331177]","[0.13372357189655304,-0.115505650639534,0.7805881500244141]","[0.09687982499599457,0.1518944650888443,0.6923669576644897,0.6986919045448303]",0.0,0.0,0.0,False,False,0.04490896314382553
191,3,40,False,"[-0.014181442558765411,-0.11347752809524536,-0.09243088960647583,0.05864328145980835,-0.0004051327705383301,-0.021581202745437622,1.020603895187378,0.09298966079950333,0.3306182026863098,0.26449576020240784,-0.17222803831100464,0.029601097106933594,-0.09804828464984894,0.8812429904937744]","[-0.013806144706904888,-0.1119074672460556,-0.03548019006848335,0.059042707085609436,-0.0007939654169604182,-0.023125983774662018]",0.043995752930641174,"[0.09343069046735764,0.33153384923934937,0.26532885432243347,-0.17369191348552704,0.029319344088435173,-0.0987139344215393]",0.037761930376291275,"[-0.29826048016548157,-0.3565405607223511,0.9236210584640503,0.7104562520980835,0.03930380195379257,-0.0563022680580616,0.7003834843635559]","[0.2908176779747009,-0.3379043936729431,0.9681260585784912,0.6738058924674988,-0.12304884195327759,0.04342081770300865,0.7272958159446716]","[0.13372358679771423,-0.1155056357383728,0.7805881500244141]","[0.09687983989715576,0.1518944650888443,0.692367434501648,0.6986913681030273]",0.0,0.0,0.0,False,False,0.05695069953799248
192,3,41,False,"[-0.01489412784576416,-0.11079305410385132,-0.0903862714767456,0.07014866173267365,0.005092114210128784,-0.03302884101867676,1.0244238376617432,0.09188865125179291,0.3170846104621887,0.2572174668312073,-0.1627475917339325,0.024513155221939087,-0.09865903854370117,0.8840557336807251]","[-0.014777191914618015,-0.1118888333439827,-0.03551919013261795,0.06872037798166275,0.004349485505372286,-0.03176524117588997]",0.04399563744664192,"[0.09207873791456223,0.3187597095966339,0.2582106292247772,-0.1641424596309662,0.025124790146946907,-0.09866567701101303]",0.03774696961045265,"[-0.29802265763282776,-0.3566710352897644,0.9245330691337585,0.7125735878944397,0.03968000039458275,-0.06259894371032715,0.6976715326309204]","[0.2909373342990875,-0.3388630449771881,0.967763364315033,0.6736702919006348,-0.11715441942214966,0.03859624266624451,0.7286654710769653]","[0.13372357189655304,-0.1155056357383728,0.7805881500244141]","[0.09687980264425278,0.15189476311206818,0.6923676133155823,0.6986911296844482]",0.0,0.0,0.0,False,False,0.05486970767378807
193,3,42,False,"[-0.014131709933280945,-0.12196511030197144,-0.0914379358291626,0.060997456312179565,-0.0020919740200042725,-0.03481528162956238,1.0201555490493774,0.08893197774887085,0.30662840604782104,0.24798902869224548,-0.1675824075937271,0.03071323037147522,-0.09691691398620605,0.8849002122879028]","[-0.014193497598171234,-0.12046652287244797,-0.035350944846868515,0.061946019530296326,-0.0012793774949386716,-0.03442740440368652]",0.0439920499920845,"[0.08928747475147247,0.30807414650917053,0.2491007149219513,-0.16719138622283936,0.030013449490070343,-0.09713917225599289]",0.03776378184556961,"[-0.29824596643447876,-0.35709354281425476,0.924568772315979,0.7104111909866333,0.039329275488853455,-0.06439359486103058,0.6997303366661072]","[0.2914752662181854,-0.33979204297065735,0.9653322696685791,0.6764513850212097,-0.1173977255821228,0.0396796315908432,0.7259867191314697]","[0.13372357189655304,-0.11550568044185638,0.7805881500244141]","[0.09688015282154083,0.15189407765865326,0.6923658847808838,0.6986929774284363]",0.0,0.0,0.0,False,False,0.05608699098229408
194,3,43,False,"[-0.014949627220630646,-0.13174086809158325,-0.09326106309890747,0.07070960104465485,-0.004482060670852661,-0.045435309410095215,1.0305219888687134,0.08216017484664917,0.2610335946083069,0.21009963750839233,-0.1408318430185318,0.02486678957939148,-0.07388833165168762,0.9007700681686401]","[-0.014851357787847519,-0.13016711175441742,-0.0351964496076107,0.06962152570486069,-0.00407774094492197,-0.04403213784098625]",0.04399904981255531,"[0.08299931138753891,0.2665417492389679,0.2146853506565094,-0.14426113665103912,0.025537149980664253,-0.07685201615095139]",0.038115646690130234,"[-0.2982761859893799,-0.3578035235404968,0.926057755947113,0.7094895839691162,0.041973888874053955,-0.0740833505988121,0.6995528936386108]","[0.2922718822956085,-0.342537522315979,0.9594208598136902,0.6797903776168823,-0.0990782231092453,0.03750739246606827,0.7257145047187805]","[0.13372355699539185,-0.1155056580901146,0.7805881500244141]","[0.09687986969947815,0.15189452469348907,0.6923667788505554,0.6986920833587646]",0.0,0.0,0.0,False,False,0.05806461349129677
195,3,44,False,"[-0.015477150678634644,-0.12262082099914551,-0.09228163957595825,0.06888933479785919,-0.0006290674209594727,-0.039008885622024536,1.0293822288513184,0.07973380386829376,0.25911766290664673,0.21230211853981018,-0.12932263314723969,0.023057520389556885,-0.0708254873752594,0.8968656063079834]","[-0.015409586019814014,-0.12492508441209793,-0.03582879900932312,0.06894782930612564,-0.0010635729413479567,-0.03964962065219879]",0.04399750754237175,"[0.08011936396360397,0.2599075734615326,0.2127709537744522,-0.13116902112960815,0.023379063233733177,-0.07159220427274704]",0.03824734315276146,"[-0.29813152551651,-0.35742005705833435,0.9254024624824524,0.7107908129692078,0.041283488273620605,-0.07013235241174698,0.6986798048019409]","[0.29254651069641113,-0.3428601324558258,0.9605897068977356,0.6811226010322571,-0.09057256579399109,0.03365388140082359,0.7257657647132874]","[0.13372355699539185,-0.11550567299127579,0.7805881500244141]","[0.0968799740076065,0.15189434587955475,0.6923661231994629,0.6986927390098572]",0.0,0.0,0.0,False,False,0.05645454302430153
196,3,45,False,"[-0.015356078743934631,-0.1183357834815979,-0.0888243317604065,0.0717453807592392,0.004690259695053101,-0.037155747413635254,1.036479115486145,0.07644790410995483,0.25755417346954346,0.20141321420669556,-0.11452999711036682,0.014334529638290405,-0.0642487108707428,0.895322322845459]","[-0.015373414382338524,-0.1205422580242157,-0.03586547076702118,0.07133413106203079,0.0039634015411138535,-0.037473127245903015]",0.043997086584568024,"[0.07689598947763443,0.2578662931919098,0.20269140601158142,-0.11668562144041061,0.015486407093703747,-0.0651848167181015]",0.0382850281894207,"[-0.2979860305786133,-0.35719284415245056,0.925299346446991,0.7125354409217834,0.04145307093858719,-0.06847889721393585,0.6970547437667847]","[0.2926391363143921,-0.3425314128398895,0.9586917161941528,0.6799988746643066,-0.08563780039548874,0.034125614911317825,0.7273947596549988]","[0.13372357189655304,-0.11550567299127579,0.7805881500244141]","[0.09688027203083038,0.15189392864704132,0.6923664808273315,0.6986924409866333]",0.0,0.0,0.0,False,False,0.052964985370635986
197,3,46,False,"[-0.014928705990314484,-0.12600278854370117,-0.0902320146560669,0.0677437037229538,-0.0013242661952972412,-0.04363676905632019,1.0320745706558228,0.07056370377540588,0.2261413335800171,0.18150070309638977,-0.10979283601045609,0.018617689609527588,-0.057441890239715576,0.9044374227523804]","[-0.014968340285122395,-0.12514956295490265,-0.03583351522684097,0.06819788366556168,-0.0006573955179192126,-0.04285118356347084]",0.04399450123310089,"[0.07129635661840439,0.22986015677452087,0.18398559093475342,-0.1107075959444046,0.018236255273222923,-0.05842771381139755]",0.03851419687271118,"[-0.29816073179244995,-0.3574211001396179,0.9253455996513367,0.7108550071716309,0.03998406603932381,-0.07103969901800156,0.6985983848571777]","[0.2934599220752716,-0.3444312512874603,0.9552769064903259,0.6839048862457275,-0.07774080336093903,0.031608857214450836,0.7247284054756165]","[0.13372355699539185,-0.11550566554069519,0.7805881500244141]","[0.09688016772270203,0.15189410746097565,0.6923664212226868,0.6986925005912781]",0.0,0.0,0.0,False,False,0.05439849942922592
198,3,47,False,"[-0.014441072940826416,-0.15906286239624023,-0.11862343549728394,0.06295788288116455,-0.012627661228179932,-0.04890012741088867,1.0122897624969482,0.05821595340967178,0.18437927961349487,0.1577572226524353,-0.1151261106133461,0.02898964285850525,-0.06281647086143494,0.914589524269104]","[-0.014476901851594448,-0.15491630136966705,-0.03580322116613388,0.06370528787374496,-0.011117133311927319,-0.04812996834516525]",0.04399777203798294,"[0.059724707156419754,0.1897241622209549,0.160783052444458,-0.11462382227182388,0.027658788487315178,-0.06225394457578659]",0.038870301097631454,"[-0.2985335886478424,-0.3591539263725281,0.9270625114440918,0.7065597176551819,0.046736665070056915,-0.08225627988576889,0.7013009190559387]","[0.29512304067611694,-0.34715813398361206,0.9503408074378967,0.6917975544929504,-0.07445431500673294,0.026116933673620224,0.7177678346633911]","[0.13372355699539185,-0.1155056580901146,0.7805881500244141]","[0.09688019752502441,0.15189412236213684,0.6923667192459106,0.6986921429634094]",0.0,0.0,0.0,False,False,0.08282021433115005
199,3,48,False,"[-0.015337489545345306,-0.150657057762146,-0.10974407196044922,0.06683038175106049,-0.007121652364730835,-0.04403260350227356,1.02266526222229,0.05691467225551605,0.17795032262802124,0.1479358971118927,-0.09808661043643951,0.01953798532485962,-0.052288562059402466,0.9155912399291992]","[-0.015242393128573895,-0.15262693166732788,-0.03585536405444145,0.06639403104782104,-0.007625282742083073,-0.04455503821372986]",0.04399692267179489,"[0.05725666135549545,0.1793002337217331,0.14952953159809113,-0.10018990188837051,0.02057296596467495,-0.05355939641594887]",0.03908773884177208,"[-0.29836156964302063,-0.35905665159225464,0.92713862657547,0.7079629898071289,0.048176296055316925,-0.08100525289773941,0.6999324560165405]","[0.29518821835517883,-0.3474378287792206,0.948733389377594,0.6909209489822388,-0.06619803607463837,0.024831479415297508,0.7194646596908569]","[0.13372357189655304,-0.11550566554069519,0.7805881500244141]","[0.09688027203083038,0.1518940031528473,0.6923665404319763,0.6986923217773438]",0.0,0.0,0.0,False,False,0.07389828190207481
200,3,49,False,"[-0.015314750373363495,-0.16657984256744385,-0.12196946144104004,0.06351754069328308,-0.012945950031280518,-0.05062559247016907,1.017822265625,0.047768279910087585,0.14266473054885864,0.12151297926902771,-0.0831562951207161,0.01978251338005066,-0.04454749822616577,0.9227365255355835]","[-0.015293260104954243,-0.1647355854511261,-0.03581521660089493,0.06390587240457535,-0.012274024076759815,-0.04985175281763077]",0.04399479925632477,"[0.04887981340289116,0.1469871550798416,0.12478505820035934,-0.08537440747022629,0.019903359934687614,-0.04569478705525398]",0.039394114166498184,"[-0.2985021471977234,-0.35976532101631165,0.9277702569961548,0.7062326669692993,0.04954865202307701,-0.08648667484521866,0.7009281516075134]","[0.29610201716423035,-0.34890446066856384,0.9443301558494568,0.6945927739143372,-0.05518856644630432,0.020305288955569267,0.7169955372810364]","[0.13372355699539185,-0.11550567299127579,0.7805881500244141]","[0.09688027948141098,0.1518944799900055,0.6923663020133972,0.6986925005912781]",0.0,0.0,0.0,False,False,0.08615459501743317
201,4,0,True,"[0.0022225230932235718,-0.03538715839385986,-0.0028238296508789062,0.021499335765838623,-0.020572423934936523,0.011062294244766235,0.9944482445716858,0.11575902998447418,0.26207661628723145,0.20312711596488953,-0.13633286952972412,-0.0006267130374908447,-0.1297519952058792,0.9991720914840698]","[0.00017131507047452033,-0.05059586092829704,-0.0070485929027199745,0.026768341660499573,-0.019549457356333733,0.0032945882994681597]",0.043857935816049576,"[0.10797098278999329,0.24840205907821655,0.19417732954025269,-0.12964977324008942,0.001826925901696086,-0.11904361099004745]",0.04125092551112175,"[-0.30011048913002014,-0.3548768162727356,0.925554633140564,0.6995183825492859,0.025769272819161415,-0.023915261030197144,0.7137491703033447]","[0.2890043556690216,-0.34371793270111084,0.9553643465042114,0.6604188084602356,-0.10786837339401245,0.017084477469325066,0.742912769317627]","[0.13372357189655304,-0.11550566554069519,0.7805881500244141]","[0.09688007831573486,0.15189415216445923,0.6923665404319763,0.6986923813819885]",0.0,0.0,0.0,False,False,0.025893520563840866
202,4,1,False,"[0.0011063739657402039,-0.03943014144897461,-0.006246745586395264,0.02307896316051483,-0.027095288038253784,0.017533093690872192,0.9975821375846863,0.13458240032196045,0.3383605480194092,0.252445787191391,-0.16460049152374268,-0.004269272089004517,-0.15852494537830353,1.0124064683914185]","[0.0010134025942534208,-0.040773194283246994,-0.0062179770320653915,0.023570938035845757,-0.026142612099647522,0.01572021283209324]",0.043878961354494095,"[0.13149693608283997,0.3278380334377289,0.24558709561824799,-0.16005761921405792,-0.0035608001053333282,-0.15349936485290527]",0.04244431480765343,"[-0.3003821074962616,-0.35433509945869446,0.9247866868972778,0.6968572735786438,0.025769030675292015,-0.015169264748692513,0.716586172580719]","[0.28558260202407837,-0.3382173180580139,0.9629862308502197,0.6439663767814636,-0.14054936170578003,0.02223731391131878,0.7517038583755493]","[0.13372357189655304,-0.11550567299127579,0.7805881500244141]","[0.09688036143779755,0.15189386904239655,0.6923661828041077,0.6986927390098572]",0.0,0.0,0.0,False,False,0.01791176199913025
203,4,2,False,"[0.0017439424991607666,-0.0349961519241333,-0.004151880741119385,0.018818870186805725,-0.025185853242874146,0.017119884490966797,0.999630331993103,0.16584664583206177,0.44669902324676514,0.3271239995956421,-0.22588105499744415,-0.00356215238571167,-0.2050519585609436,1.028753399848938]","[0.0016563527751713991,-0.03568028658628464,-0.004392485599964857,0.01942376419901848,-0.0253085158765316,0.01694217324256897]",0.04392392933368683,"[0.16183899343013763,0.432784765958786,0.3175818622112274,-0.21733558177947998,-0.003639697562903166,-0.19848619401454926]",0.04311632364988327,"[-0.3004198968410492,-0.3541378676891327,0.9246203899383545,0.6970019340515137,0.02362181432545185,-0.012065633200109005,0.7165783643722534]","[0.280767560005188,-0.3299746811389923,0.9721211194992065,0.6216110587120056,-0.1884431689977646,0.032290779054164886,0.7596355080604553]","[0.13372354209423065,-0.11550568044185638,0.7805881500244141]","[0.09688052535057068,0.15189392864704132,0.6923662424087524,0.6986926794052124]",0.0,0.0,0.0,False,False,0.023780077695846558
204,4,3,False,"[0.002980627119541168,-0.03648024797439575,-0.006965517997741699,0.00824788212776184,-0.027786314487457275,0.016757816076278687,1.0031377077102661,0.21504122018814087,0.6426869630813599,0.469423770904541,-0.32028597593307495,-0.011366456747055054,-0.28895267844200134,1.0512726306915283]","[0.002830305602401495,-0.03635287284851074,-0.006748175714164972,0.009638945572078228,-0.027475761249661446,0.016781186684966087]",0.043954089283943176,"[0.2088562399148941,0.6079177856445312,0.45269355177879333,-0.3065687119960785,-0.010505927726626396,-0.2774282991886139]",0.043562598526477814,"[-0.3005956709384918,-0.3539773225784302,0.9229260087013245,0.6959293484687805,0.01954365335404873,-0.008019263856112957,0.7177993655204773]","[0.27100321650505066,-0.3124426007270813,0.99065101146698,0.5784133672714233,-0.25954052805900574,0.03854899853467941,0.772392749786377]","[0.13372357189655304,-0.11550567299127579,0.7805881500244141]","[0.0968802198767662,0.15189407765865326,0.6923663020133972,0.6986925601959229]",0.0,0.0,0.0,False,False,0.053810954093933105
205,4,4,False,"[0.004134722054004669,-0.0373995304107666,-0.0019382238388061523,-0.00027745962142944336,-0.027320683002471924,0.009406030178070068,1.0039277076721191,0.2594146132469177,0.8146331906318665,0.6007744669914246,-0.42886027693748474,-0.011542439460754395,-0.37206506729125977,1.071932077407837]","[0.00398238655179739,-0.03729341924190521,-0.0024607230443507433,0.001006845384836197,-0.027344098314642906,0.010346214286983013]",0.043974343687295914,"[0.2535446882247925,0.7819085717201233,0.5842123627662659,-0.41275832056999207,-0.011528357863426208,-0.36001133918762207]",0.043847423046827316,"[-0.30070117115974426,-0.35429027676582336,0.9236196875572205,0.6956506967544556,0.01612251065671444,-0.00910084880888462,0.7181415557861328]","[0.2591947615146637,-0.29205217957496643,1.0028809309005737,0.52754807472229,-0.33650389313697815,0.04660067707300186,0.7786440253257751]","[0.13372357189655304,-0.11550569534301758,0.7805881500244141]","[0.09688017517328262,0.1518939882516861,0.6923656463623047,0.6986932158470154]",0.0,0.0,0.0,False,False,0.05148458480834961
206,4,5,False,"[0.005089163780212402,-0.037215471267700195,-0.004900336265563965,0.0006105750799179077,-0.025617480278015137,0.005742192268371582,1.0082699060440063,0.3140265941619873,1.0299237966537476,0.783504068851471,-0.5533749461174011,-0.010499894618988037,-0.4974265694618225,1.0762501955032349]","[0.004956415854394436,-0.037206560373306274,-0.004661031998693943,0.0006412338116206229,-0.025838470086455345,0.006328834220767021]",0.04398590698838234,"[0.30702900886535645,0.9666420221328735,0.7542836666107178,-0.5353809595108032,-0.010780246928334236,-0.4799252450466156]",0.04399999976158142,"[-0.30075162649154663,-0.35413476824760437,0.9228306412696838,0.695891261100769,0.013813653960824013,-0.009581072255969048,0.7179503440856934]","[0.2420276701450348,-0.2667180299758911,1.0201187133789062,0.46028605103492737,-0.4148492217063904,0.03178830444812775,0.7842360734939575]","[0.13372355699539185,-0.11550566554069519,0.7805881500244141]","[0.0968802347779274,0.1518939882516861,0.6923664212226868,0.6986924409866333]",0.0,0.0,0.0,False,False,0.08315950632095337
207,4,6,False,"[0.005233392119407654,-0.04369932413101196,-0.006958484649658203,-0.0005473196506500244,-0.02743518352508545,0.000719904899597168,1.0048789978027344,0.37223199009895325,1.2499232292175293,0.9472078680992126,-0.6785835027694702,-0.009041577577590942,-0.6060446500778198,1.1093308925628662]","[0.005204920191317797,-0.04293389245867729,-0.006675535812973976,-0.0003932426043320447,-0.027234625071287155,0.0014346245443448424]",0.04399120807647705,"[0.3647327423095703,1.1542717218399048,0.921863317489624,-0.6600459814071655,-0.00941389799118042,-0.5899842977523804]",0.04399999976158142,"[-0.30081483721733093,-0.35432374477386475,0.9224804639816284,0.6953155994415283,0.013039786368608475,-0.012301390990614891,0.7184808850288391]","[0.2198294997215271,-0.23957552015781403,1.0297026634216309,0.383036732673645,-0.48671209812164307,0.01900719478726387,0.7848776578903198]","[0.13372357189655304,-0.1155056580901146,0.7805881500244141]","[0.0968802347779274,0.15189385414123535,0.6923666000366211,0.6986923813819885]",0.0,0.0,0.0,False,False,0.11502277851104736
208,4,7,False,"[0.003180190920829773,-0.05301642417907715,-0.022187471389770508,0.00418497622013092,-0.02860283851623535,-3.2782554626464844e-05,1.0057373046875,0.4328308403491974,1.4839154481887817,1.111248254776001,-0.7878429293632507,-0.004728823900222778,-0.7154453992843628,1.108520269393921]","[0.003421087982133031,-0.051778074353933334,-0.020470652729272842,0.00354388146661222,-0.02842617593705654,0.00015407711907755584]",0.043996695429086685,"[0.4250304102897644,1.3448201417922974,1.0870496034622192,-0.7711764574050903,-0.0054640076123178005,-0.6994661688804626]",0.04399999976158142,"[-0.3006802797317505,-0.3538914918899536,0.9188473224639893,0.6955429315567017,0.012221396900713444,-0.012417015619575977,0.7182732224464417]","[0.19224722683429718,-0.21129293739795685,1.0316331386566162,0.29988765716552734,-0.5488005876541138,0.00045568044879473746,0.7803109288215637]","[0.13372357189655304,-0.1155056431889534,0.7805881500244141]","[0.09688050299882889,0.15189382433891296,0.6923672556877136,0.6986916661262512]",0.0,0.0,0.0,False,False,0.15817224979400635
209,4,8,False,"[0.004099592566490173,-0.04236072301864624,-0.006850242614746094,0.002355903387069702,-0.02610650658607483,-0.011654406785964966,0.9863542318344116,0.4732309579849243,1.5999245643615723,1.2052150964736938,-0.8592166304588318,-0.00493738055229187,-0.769695520401001,1.1058133840560913]","[0.004016380291432142,-0.043554894626140594,-0.008256741799414158,0.00258735753595829,-0.026402508839964867,-0.010148855857551098]",0.04370066896080971,"[0.46772730350494385,1.52676522731781,1.192297339439392,-0.8476194143295288,-0.0050953407771885395,-0.7607532739639282]",0.04399999976158142,"[-0.3006773293018341,-0.35426005721092224,0.9222788214683533,0.6960957050323486,0.009712924249470234,-0.017182931303977966,0.7176775336265564]","[0.16730846464633942,-0.18671241402626038,1.0122298002243042,0.22628645598888397,-0.6008623242378235,0.00915980152785778,0.7665996551513672]","[0.13372358679771423,-0.1155056580901146,0.7805881500244141]","[0.09688001126050949,0.15189410746097565,0.6923669576644897,0.6986919641494751]",0.0,0.0,0.0,False,False,0.09281396865844727
210,4,9,False,"[0.0011210963129997253,-0.047189295291900635,-0.02187126874923706,0.009753137826919556,-0.03125965595245361,-0.007574290037155151,0.9941040277481079,0.5128283500671387,1.7708505392074585,1.3364076614379883,-0.9532501697540283,0.005803853273391724,-0.8671973943710327,1.0922954082489014]","[0.0014709981624037027,-0.04668709635734558,-0.02044711820781231,0.00876286905258894,-0.030639447271823883,-0.00790317915380001]",0.04368961229920387,"[0.5076258778572083,1.7118821144104004,1.321014642715454,-0.9393596053123474,0.004348714370280504,-0.8536320924758911]",0.04399999976158142,"[-0.30055734515190125,-0.35363954305648804,0.9189714789390564,0.6954913139343262,0.009446786716580391,-0.01539070624858141,0.7183074951171875]","[0.14101064205169678,-0.16308602690696716,0.9913957118988037,0.14379166066646576,-0.6506039500236511,0.0031908084638416767,0.7456730008125305]","[0.13372357189655304,-0.115505650639534,0.7805881500244141]","[0.09688035398721695,0.15189416706562042,0.6923669576644897,0.6986918449401855]",0.0,0.0,0.0,False,False,0.0787438154220581
211,4,10,False,"[0.0032543540000915527,-0.04412180185317993,-0.01936894655227661,0.013821840286254883,-0.034017473459243774,-0.010613590478897095,0.9888471364974976,0.5574149489402771,1.9008145332336426,1.4394415616989136,-1.0293927192687988,0.015478968620300293,-0.924073338508606,1.0620850324630737]","[0.003051718696951866,-0.044467635452747345,-0.01938469521701336,0.013210915960371494,-0.03359466791152954,-0.010268313810229301]",0.043570663779973984,"[0.5516340136528015,1.8757933378219604,1.4265891313552856,-1.0171383619308472,0.014021198265254498,-0.9150916934013367]",0.043959252536296844,"[-0.30079519748687744,-0.35360991954803467,0.9195929765701294,0.6938559412956238,0.009769700467586517,-0.017437392845749855,0.7198362946510315]","[0.11496366560459137,-0.14777310192584991,0.9651991724967957,0.07007547467947006,-0.6882790327072144,0.0036822117399424314,0.7220441699028015]","[0.13372355699539185,-0.11550566554069519,0.7805881500244141]","[0.09688004851341248,0.15189427137374878,0.6923665404319763,0.6986923813819885]",0.0,0.0,0.0,False,False,0.042311668395996094
212,4,11,False,"[0.0015971511602401733,-0.04530078172683716,-0.020956575870513916,0.011460945010185242,-0.03478148579597473,-0.00844639539718628,0.9814039468765259,0.5769258141517639,1.9706708192825317,1.4873707294464111,-1.0674772262573242,0.023898333311080933,-0.9601926803588867,1.0703762769699097]","[0.0017706328071653843,-0.04518686607480049,-0.020810961723327637,0.011669603176414967,-0.03462863713502884,-0.008678745478391647]",0.04334193840622902,"[0.5737790465354919,1.9582993984222412,1.4810130596160889,-1.0606400966644287,0.0226440466940403,-0.954440176486969]",0.04392917454242706,"[-0.3007017970085144,-0.35354965925216675,0.9190138578414917,0.6939479112625122,0.009523038752377033,-0.016072619706392288,0.7197827696800232]","[0.10205788910388947,-0.1418072134256363,0.9504815936088562,0.02918444201350212,-0.7069187164306641,0.0009637274779379368,0.7066916823387146]","[0.13372357189655304,-0.11550567299127579,0.7805881500244141]","[0.09687990695238113,0.15189425647258759,0.6923661231994629,0.698692798614502]",0.0,0.0,0.0,False,False,0.020705461502075195
213,4,12,False,"[0.003095962107181549,-0.044358789920806885,-0.02390158176422119,0.010465443134307861,-0.032370686531066895,-0.011449664831161499,0.9840409755706787,0.5913758873939514,2.032668113708496,1.5395829677581787,-1.1036816835403442,0.023606687784194946,-0.9975751638412476,1.013136863708496]","[0.002935762284323573,-0.044444240629673004,-0.023571189492940903,0.010601307265460491,-0.03265906870365143,-0.011096257716417313]",0.04325705021619797,"[0.5892461538314819,2.0232925415039062,1.5330411195755005,-1.0978689193725586,0.023480162024497986,-0.9920737147331238]",0.04395134374499321,"[-0.3007579445838928,-0.35332679748535156,0.9179145693778992,0.6942663192749023,0.00711081363260746,-0.01528205070644617,0.7195207476615906]","[0.09178802371025085,-0.13659943640232086,0.9402996301651001,-0.004429734777659178,-0.7173237204551697,-0.00336829642765224,0.6967176795005798]","[0.13372357189655304,-0.1155056431889534,0.7805881500244141]","[0.0968799963593483,0.15189434587955475,0.6923672556877136,0.6986915469169617]",0.0,0.0,0.0,False,False,0.01604604721069336
214,4,13,False,"[0.003943994641304016,-0.05065488815307617,-0.019473671913146973,0.012142449617385864,-0.03189939260482788,-0.007583141326904297,0.9887572526931763,0.617274284362793,2.084493637084961,1.5850646495819092,-1.1411525011062622,0.027994632720947266,-1.0204095840454102,0.9740866422653198]","[0.0038236412219703197,-0.049959246069192886,-0.01984388753771782,0.011992090381681919,-0.03199700638651848,-0.008031300269067287]",0.04331095144152641,"[0.6140837669372559,2.0768020153045654,1.5791484117507935,-1.1353824138641357,0.027395054697990417,-1.016797423362732]",0.04338662698864937,"[-0.300822377204895,-0.35387101769447327,0.9197379946708679,0.694120466709137,0.011890220455825329,-0.017981763929128647,0.7195358872413635]","[0.07972293347120285,-0.1355101317167282,0.9321685433387756,-0.03464692831039429,-0.7265761494636536,-0.00862421840429306,0.6861576437950134]","[0.13372357189655304,-0.115505650639534,0.7805881500244141]","[0.09688011556863785,0.15189455449581146,0.6923671960830688,0.6986915469169617]",0.0,0.0,0.0,False,False,0.013167858123779297
215,4,14,False,"[0.0037941336631774902,-0.04897516965866089,-0.021078646183013916,0.007041946053504944,-0.03013819456100464,-0.007600158452987671,0.9885702133178711,0.6229368448257446,2.1155552864074707,1.612666368484497,-1.1511467695236206,0.02290859818458557,-1.0447781085968018,0.9448244571685791]","[0.0037939539179205894,-0.04905656725168228,-0.02103310264647007,0.007639871444553137,-0.030372969806194305,-0.007654785644263029]",0.04334118962287903,"[0.6216379404067993,2.110625982284546,1.6089279651641846,-1.1489428281784058,0.023493004962801933,-1.0412076711654663]",0.0424485020339489,"[-0.30077314376831055,-0.3537249267101288,0.9188445806503296,0.694747805595398,0.009782538749277592,-0.015524866990745068,0.7190192341804504]","[0.07390481233596802,-0.1325659453868866,0.9268490076065063,-0.05209343507885933,-0.7280532717704773,-0.013791660778224468,0.6833991408348083]","[0.13372357189655304,-0.11550567299127579,0.7805881500244141]","[0.09688035398721695,0.15189380943775177,0.6923663020133972,0.6986926198005676]",0.0,0.0,0.0,False,False,0.008318662643432617
216,4,15,False,"[0.0023376941680908203,-0.04298466444015503,-0.01919180154800415,0.00826697051525116,-0.026795893907546997,-0.007751762866973877,0.9924364686012268,0.6287676692008972,2.1362075805664062,1.610649585723877,-1.150076985359192,0.02344706654548645,-1.0380703210830688,0.8930011987686157]","[0.0025014467537403107,-0.043713901191949844,-0.019384367391467094,0.008193446323275566,-0.027244899421930313,-0.0077389879152178764]",0.043442871421575546,"[0.6235684156417847,2.1213479042053223,1.6169209480285645,-1.1508008241653442,0.02759883925318718,-1.0375406742095947]",0.040750011801719666,"[-0.3005586862564087,-0.3535456657409668,0.9190508723258972,0.6963503956794739,0.008662180975079536,-0.014414230361580849,0.7175049185752869]","[0.07234327495098114,-0.13148069381713867,0.9247610569000244,-0.05205761268734932,-0.7301455140113831,-0.012754316441714764,0.6811861991882324]","[0.13372355699539185,-0.11550566554069519,0.7805881500244141]","[0.0968802347779274,0.15189425647258759,0.6923666000366211,0.698692262172699]",0.0,0.0,0.0,False,False,0.015511274337768555
217,4,16,False,"[0.002811618149280548,-0.047689855098724365,-0.01736372709274292,0.00685882568359375,-0.025918692350387573,-0.00746309757232666,0.9975944757461548,0.643173336982727,2.1438798904418945,1.621971845626831,-1.1525670289993286,0.02369329333305359,-1.0309244394302368,0.8121457695960999]","[0.002772056497633457,-0.047229211777448654,-0.017569491639733315,0.007045140024274588,-0.026086684316396713,-0.007498239167034626]",0.043612729758024216,"[0.634641706943512,2.128722906112671,1.6279916763305664,-1.1534661054611206,0.02975383587181568,-1.0304911136627197]",0.037951089441776276,"[-0.30055031180381775,-0.3538503050804138,0.9198253154754639,0.6966480016708374,0.010214571841061115,-0.01581375114619732,0.7171659469604492]","[0.06768829375505447,-0.13236622512340546,0.9246230721473694,-0.05255633220076561,-0.7306908369064331,-0.015149230137467384,0.680513858795166]","[0.13372357189655304,-0.11550567299127579,0.7805881500244141]","[0.09688037633895874,0.15189366042613983,0.6923662424087524,0.6986926794052124]",0.0,0.0,0.0,False,False,0.01584172248840332
218,4,17,False,"[0.0032194778323173523,-0.04420936107635498,-0.010854840278625488,0.003928884863853455,-0.027578681707382202,-0.011405855417251587,0.9959022998809814,0.6532621383666992,2.1562814712524414,1.6207430362701416,-1.1610904932022095,0.02838549017906189,-1.0327638387680054,0.7038043737411499]","[0.003170562442392111,-0.04457917436957359,-0.011620043776929379,0.00434545474126935,-0.027391420677304268,-0.010907744988799095]",0.04368022829294205,"[0.6408490538597107,2.1322169303894043,1.6332820653915405,-1.1613162755966187,0.0377354696393013,-1.0304737091064453]",0.03393668308854103,"[-0.30062544345855713,-0.3540958762168884,0.9213842153549194,0.6960508227348328,0.00923383329063654,-0.017259886488318443,0.7177255749702454]","[0.06571365892887115,-0.13341830670833588,0.9246260523796082,-0.05501730740070343,-0.7340224981307983,-0.017356865108013153,0.6766703724861145]","[0.13372355699539185,-0.11550567299127579,0.7805881500244141]","[0.0968802273273468,0.15189413726329803,0.6923664212226868,0.6986925005912781]",0.0,0.0,0.0,False,False,0.02434229850769043
219,4,18,False,"[0.002953842282295227,-0.038828909397125244,-0.012738704681396484,0.006073713302612305,-0.025441259145736694,-0.011785417795181274,1.0047850608825684,0.6475504636764526,2.1607608795166016,1.6320643424987793,-1.170065999031067,0.02816838026046753,-1.0431889295578003,0.6838430166244507]","[0.00297561869956553,-0.039486728608608246,-0.012669393792748451,0.005829350557178259,-0.02568744122982025,-0.011673541739583015]",0.04381098598241806,"[0.6389318704605103,2.13851261138916,1.6434584856033325,-1.1692756414413452,0.03649351745843887,-1.0400468111038208]",0.0311031062155962,"[-0.3005586564540863,-0.35374629497528076,0.9207835793495178,0.6967541575431824,0.007345105987042189,-0.015856215730309486,0.7170970439910889]","[0.065532386302948,-0.13196907937526703,0.9247108697891235,-0.05932892486453056,-0.7341408729553223,-0.018451975658535957,0.6761484146118164]","[0.13372355699539185,-0.1155056580901146,0.7805881500244141]","[0.09688012301921844,0.15189442038536072,0.6923667192459106,0.6986921429634094]",0.0,0.0,0.0,False,False,0.02280902862548828
220,4,19,False,"[0.005082227289676666,-0.046922922134399414,-0.006220042705535889,0.005045801401138306,-0.030590206384658813,-0.009570688009262085,0.9991978406906128,0.6554112434387207,2.1502246856689453,1.6361918449401855,-1.184182047843933,0.03427189588546753,-1.0519627332687378,0.5935362577438354]","[0.004844375420361757,-0.04608561098575592,-0.006857579108327627,0.005199992097914219,-0.029974564909934998,-0.009839381091296673]",0.04386793076992035,"[0.6491532921791077,2.1387813091278076,1.6442909240722656,-1.1811151504516602,0.03879796341061592,-1.0497806072235107]",0.027416618540883064,"[-0.30085861682891846,-0.3545159101486206,0.9231973886489868,0.6944778561592102,0.012093806639313698,-0.019438302144408226,0.719149649143219]","[0.06294379383325577,-0.13512788712978363,0.9249197244644165,-0.06932750344276428,-0.7363766431808472,-0.02272348292171955,0.6726267337799072]","[0.13372358679771423,-0.1155056357383728,0.7805881500244141]","[0.09687982499599457,0.1518944352865219,0.6923672556877136,0.6986916065216064]",0.0,0.0,0.0,False,False,0.011443376541137695
221,4,20,False,"[0.00552716851234436,-0.05523395538330078,-0.006014585494995117,0.000950247049331665,-0.03409755229949951,-0.005349695682525635,1.0021896362304688,0.6534732580184937,2.1464688777923584,1.6157891750335693,-1.169539451599121,0.032741159200668335,-1.0392166376113892,0.5232575535774231]","[0.005455239675939083,-0.054134950041770935,-0.006158207077533007,0.0014867568388581276,-0.033577822148799896,-0.005922350101172924]",0.04392475262284279,"[0.6505807638168335,2.1307239532470703,1.63097083568573,-1.1682426929473877,0.036752913147211075,-1.0404101610183716]",0.023713011294603348,"[-0.30101829767227173,-0.35501962900161743,0.9236810207366943,0.6929000616073608,0.015189471654593945,-0.01986151933670044,0.7205999493598938]","[0.06330911815166473,-0.13663350045681,0.9247065782546997,-0.06444839388132095,-0.7347402572631836,-0.021849803626537323,0.6749264001846313]","[0.13372357189655304,-0.1155056357383728,0.7805881500244141]","[0.09687976539134979,0.1518947035074234,0.6923674941062927,0.6986913681030273]",0.0,0.0,0.0,False,False,0.01642477512359619
222,4,21,False,"[0.003946878015995026,-0.04577279090881348,-0.0036072731018066406,0.0020398348569869995,-0.03084239363670349,-0.002579420804977417,1.008544683456421,0.6567645072937012,2.155458688735962,1.6212515830993652,-1.1613930463790894,0.030209243297576904,-1.0354018211364746,0.44063442945480347]","[0.0041184574365615845,-0.046758491545915604,-0.003928408492356539,0.0019632827024906874,-0.03118486888706684,-0.003005043603479862]",0.04395965859293938,"[0.6488292813301086,2.133875846862793,1.6344051361083984,-1.1619024276733398,0.037762805819511414,-1.035005807876587]",0.01971055194735527,"[-0.30082330107688904,-0.3547476530075073,0.9239286184310913,0.6942555904388428,0.014579206705093384,-0.017126914113759995,0.7193769216537476]","[0.0630587711930275,-0.13511741161346436,0.924272894859314,-0.05971004441380501,-0.7340251207351685,-0.02150181122124195,0.676150381565094]","[0.13372357189655304,-0.115505650639534,0.7805881500244141]","[0.09688005596399307,0.1518939882516861,0.6923671364784241,0.6986918449401855]",0.0,0.0,0.0,False,False,0.02184271812438965
223,4,22,False,"[0.003917261958122253,-0.040674567222595215,-0.0034822821617126465,0.0012425482273101807,-0.029112011194229126,-0.0029272735118865967,1.0140275955200195,0.6527607440948486,2.16056752204895,1.6199557781219482,-1.1661118268966675,0.03101789951324463,-1.0312883853912354,0.3927266001701355]","[0.003936397843062878,-0.041385531425476074,-0.0035581649281084538,0.0013240723637863994,-0.02937326207756996,-0.0029368253890424967]",0.04397403076291084,"[0.6481505036354065,2.135791540145874,1.6371968984603882,-1.1632745265960693,0.03678325191140175,-1.0313799381256104]",0.016241563484072685,"[-0.30075475573539734,-0.35445597767829895,0.9235873222351074,0.695010244846344,0.012645691633224487,-0.015069443732500076,0.7187305688858032]","[0.0629846453666687,-0.13462381064891815,0.924217700958252,-0.05847620964050293,-0.7339494824409485,-0.019675225019454956,0.6763958930969238]","[0.13372357189655304,-0.1155056580901146,0.7805881500244141]","[0.09687988460063934,0.15189437568187714,0.6923665404319763,0.698692262172699]",0.0,0.0,0.0,False,False,0.02486109733581543
224,4,23,False,"[0.004411682486534119,-0.03485828638076782,-0.0005830526351928711,0.006036892533302307,-0.02979809045791626,-0.0055793821811676025,1.0129735469818115,0.6599292755126953,2.1477761268615723,1.6325807571411133,-1.1836419105529785,0.035922497510910034,-1.0389927625656128,0.3145279288291931]","[0.00435697752982378,-0.03564981371164322,-0.0008820439106784761,0.0054540312848985195,-0.029745427891612053,-0.00524253211915493]",0.0439831018447876,"[0.6565911173820496,2.138261079788208,1.6400930881500244,-1.1789844036102295,0.03846057504415512,-1.0379106998443604]",0.012477146461606026,"[-0.30080631375312805,-0.35432061553001404,0.9244608879089355,0.6947330236434937,0.012219104915857315,-0.01628156192600727,0.71897953748703]","[0.06091373413801193,-0.13731150329113007,0.9241184592247009,-0.06797938048839569,-0.7368804216384888,-0.02095421403646469,0.672269880771637]","[0.13372358679771423,-0.1155056357383728,0.7805881500244141]","[0.09687988460063934,0.15189434587955475,0.692367434501648,0.6986914873123169]",0.0,0.0,0.0,False,False,0.00961756706237793
225,4,24,False,"[0.004352308809757233,-0.0382075309753418,0.0006095170974731445,-0.0007591098546981812,-0.031917423009872437,-0.0018508732318878174,1.0109424591064453,0.6536369323730469,2.1510400772094727,1.6201424598693848,-1.1809186935424805,0.037743180990219116,-1.033569097518921,0.2833484709262848]","[0.00435700174421072,-0.03789422661066055,0.0004071347648277879,2.874101664929185e-05,-0.03164262697100639,-0.002283536596223712]",0.04399009421467781,"[0.6561325192451477,2.135746955871582,1.6352136135101318,-1.1764405965805054,0.03742048889398575,-1.0346274375915527]",0.009566335938870907,"[-0.30086034536361694,-0.3545230031013489,0.9245438575744629,0.6940438747406006,0.012574311345815659,-0.014554016292095184,0.7196756601333618]","[0.06146325170993805,-0.1377781629562378,0.9238994717597961,-0.06674963235855103,-0.7366682887077332,-0.019506987184286118,0.6726691126823425]","[0.13372360169887543,-0.1155056282877922,0.7805881500244141]","[0.09687977284193039,0.15189439058303833,0.692367672920227,0.6986912488937378]",0.0,0.0,0.0,False,False,0.015520453453063965
226,4,25,False,"[0.0046452730894088745,-0.03450280427932739,0.0046364665031433105,0.005563616752624512,-0.031674861907958984,-0.0033770203590393066,1.0142490863800049,0.6556485891342163,2.124473810195923,1.6069583892822266,-1.1792340278625488,0.039958834648132324,-1.0207977294921875,0.21319156885147095]","[0.004611631855368614,-0.0349297970533371,0.004204957280308008,0.004885533358901739,-0.031671587377786636,-0.003237491473555565]",0.04399513453245163,"[0.6554704904556274,2.123631477355957,1.6122491359710693,-1.1784014701843262,0.040006306022405624,-1.0225852727890015]",0.006288879085332155,"[-0.3008849322795868,-0.3546287715435028,0.9260777831077576,0.6939104199409485,0.014229249209165573,-0.01693396456539631,0.7197215557098389]","[0.06459440290927887,-0.14129897952079773,0.9231180548667908,-0.06542570888996124,-0.7400900721549988,-0.012125199660658836,0.6692078113555908]","[0.13372357189655304,-0.11550567299127579,0.7805881500244141]","[0.09688009321689606,0.1518939584493637,0.6923661828041077,0.6986926794052124]",0.0,0.0,0.0,False,False,0.007476925849914551
227,4,26,False,"[0.0034017562866210938,-0.030172288417816162,0.000850975513458252,0.0010862797498703003,-0.02908363938331604,-0.0014109909534454346,1.017929196357727,0.6525641679763794,2.137988567352295,1.622612476348877,-1.1838865280151367,0.03698822855949402,-1.025589942932129,0.17005693912506104]","[0.0035385554656386375,-0.030690638348460197,0.00112679332960397,0.0015249211573973298,-0.029408004134893417,-0.0016435591969639063]",0.043997570872306824,"[0.6516696810722351,2.1323204040527344,1.624507188796997,-1.1826529502868652,0.03846761956810951,-1.0251928567886353]",0.0034398483112454414,"[-0.3007189631462097,-0.35414940118789673,0.9243876338005066,0.6951673030853271,0.011064707301557064,-0.012527861632406712,0.7186536192893982]","[0.06443959474563599,-0.13873770833015442,0.9227721095085144,-0.06559641659259796,-0.739712655544281,-0.011057957075536251,0.6696265935897827]","[0.13372357189655304,-0.11550567299127579,0.7805881500244141]","[0.09688012301921844,0.1518939733505249,0.6923662424087524,0.6986926794052124]",0.0,0.0,0.0,False,False,0.006451845169067383
228,4,27,False,"[0.0031781643629074097,-0.027364373207092285,0.0016867518424987793,0.002167150378227234,-0.02824506163597107,-0.0008241832256317139,1.0228521823883057,0.6525094509124756,2.142209053039551,1.6353304386138916,-1.1977205276489258,0.040154218673706055,-1.0299327373504639,0.14445173740386963]","[0.003217753954231739,-0.027773745357990265,0.0016644868301227689,0.0020963058341294527,-0.02839098498225212,-0.0009284422849304974]",0.04399664327502251,"[0.6524779200553894,2.1404905319213867,1.6344435214996338,-1.1956731081008911,0.039949651807546616,-1.029330849647522]",0.0011243043700233102,"[-0.3006591796875,-0.354014128446579,0.9244042038917542,0.6956539750099182,0.010686107911169529,-0.011619790457189083,0.7182034850120544]","[0.06369662284851074,-0.13821470737457275,0.9221801161766052,-0.07048498094081879,-0.7419655323028564,-0.009846880100667477,0.6666498780250549]","[0.13372357189655304,-0.1155056580901146,0.7805881500244141]","[0.09688016027212143,0.15189394354820251,0.6923666596412659,0.6986922025680542]",0.0,0.0,0.0,False,False,0.003650159458629787
229,4,28,False,"[0.002956278622150421,-0.02979809045791626,0.0021215081214904785,0.0026656687259674072,-0.03068000078201294,-8.45789909362793e-05,1.0173168182373047,0.6533311605453491,2.126972198486328,1.6257364749908447,-1.1919902563095093,0.04284632205963135,-1.0266456604003906,0.10709774494171143]","[0.0029914674814790487,-0.029565079137682915,0.00208786828443408,0.0026014475151896477,-0.03039001114666462,-0.00019226199947297573]",0.043996747583150864,"[0.6532155275344849,2.128535747528076,1.6267918348312378,-1.1925081014633179,0.04247919097542763,-1.0269895792007446]",0.0,"[-0.30069491267204285,-0.35415151715278625,0.9247327446937561,0.6949975490570068,0.011877985671162605,-0.01234192494302988,0.7188079953193665]","[0.06452995538711548,-0.1396571397781372,0.9248173832893372,-0.06719072163105011,-0.7414478063583374,-0.01203271932899952,0.6675294041633606]","[0.13372358679771423,-0.1155056357383728,0.7805881500244141]","[0.09687989205121994,0.1518941968679428,0.6923672556877136,0.6986916065216064]",0.0,0.0,0.0,False,False,0.004216721747070551
230,4,29,False,"[0.00319623202085495,-0.029826998710632324,-0.0015087127685546875,0.00381527841091156,-0.030590951442718506,0.002710670232772827,1.0196136236190796,0.6464433670043945,2.1281564235687256,1.6223225593566895,-1.1883267164230347,0.043170034885406494,-1.0210697650909424,0.1049429178237915]","[0.0031722295098006725,-0.02977919951081276,-0.0011292715789750218,0.003640512004494667,-0.03056573122739792,0.0023405766114592552]",0.04399891570210457,"[0.6471337676048279,2.128328800201416,1.6227980852127075,-1.1888697147369385,0.04309503361582756,-1.0218242406845093]",0.0,"[-0.30071794986724854,-0.35395345091819763,0.9237562417984009,0.6948659420013428,0.012073253281414509,-0.01072805654257536,0.718957781791687]","[0.06663035601377487,-0.13847745954990387,0.9239338636398315,-0.06318038702011108,-0.7418471574783325,-0.008146795444190502,0.667536199092865]","[0.13372357189655304,-0.1155056431889534,0.7805881500244141]","[0.096879743039608,0.15189455449581146,0.6923672556877136,0.6986915469169617]",0.0,0.0,0.0,False,False,0.004333082586526871
231,4,30,False,"[0.0032855793833732605,-0.027919113636016846,0.0012557506561279297,0.003953233361244202,-0.03072229027748108,-0.0012287497520446777,1.0200573205947876,0.6484237909317017,2.1226820945739746,1.63252854347229,-1.2102060317993164,0.04681980609893799,-1.028384804725647,0.06688863039016724]","[0.0032730766106396914,-0.028157228603959084,0.001021312433294952,0.003930752165615559,-0.03070317581295967,-0.0007735631661489606]",0.04399951919913292,"[0.6483861804008484,2.1232502460479736,1.6313097476959229,-1.2075281143188477,0.04633553698658943,-1.0275492668151855]",0.0,"[-0.30073150992393494,-0.3540019690990448,0.92439204454422,0.6947936415672302,0.011276728473603725,-0.01214100793004036,0.7190181016921997]","[0.06673845648765564,-0.1392716020345688,0.9279943108558655,-0.06666415184736252,-0.7434591054916382,-0.009789044968783855,0.6653784513473511]","[0.13372357189655304,-0.1155056580901146,0.7805881500244141]","[0.09688010811805725,0.15189410746097565,0.6923668384552002,0.6986920237541199]",0.0,0.0,0.0,False,False,0.006388014182448387
232,4,31,False,"[0.002162553369998932,-0.027112841606140137,0.0005116462707519531,0.0060997456312179565,-0.02864900231361389,3.272294998168945e-05,1.023949384689331,0.6419075727462769,2.1273648738861084,1.6379890441894531,-1.208005666732788,0.04484972357749939,-1.0363337993621826,0.0466194748878479]","[0.0022887198720127344,-0.02723173424601555,0.0005604713805951178,0.005818906705826521,-0.028906287625432014,-7.001514313742518e-05]",0.043997954577207565,"[0.6425684094429016,2.1270289421081543,1.6371246576309204,-1.2079167366027832,0.04505086690187454,-1.0352120399475098]",0.0,"[-0.30058518052101135,-0.3539207875728607,0.9243474006652832,0.6957858800888062,0.011701059527695179,-0.012063024565577507,0.7180525064468384]","[0.06783664971590042,-0.1370292603969574,0.9279407262802124,-0.06730564683675766,-0.7425821423530579,-0.010367839597165585,0.6662838459014893]","[0.13372355699539185,-0.11550568044185638,0.7805881500244141]","[0.09688026458024979,0.15189407765865326,0.6923661828041077,0.6986927390098572]",0.0,0.0,0.0,False,False,0.007482548244297504
233,4,32,False,"[0.0013546198606491089,-0.020993173122406006,0.0024875998497009277,0.006794571876525879,-0.027218401432037354,0.0007285475730895996,1.0228731632232666,0.647732138633728,2.119426727294922,1.6278760433197021,-1.1942387819290161,0.04175904393196106,-1.0180453062057495,0.019631385803222656]","[0.0014606064651161432,-0.02173415757715702,0.002265303861349821,0.006671792361885309,-0.02742951549589634,0.0006270019221119583]",0.043997690081596375,"[0.6472941040992737,2.120330572128296,1.629036545753479,-1.1959881782531738,0.042161695659160614,-1.020236611366272]",0.0,"[-0.30046331882476807,-0.35370907187461853,0.9245908260345459,0.6966256499290466,0.010921765118837357,-0.010756869800388813,0.7172709703445435]","[0.06664702296257019,-0.13864755630493164,0.9284050464630127,-0.06068919971585274,-0.7403724193572998,-0.009501020424067974,0.6693841814994812]","[0.13372358679771423,-0.115505650639534,0.7805881500244141]","[0.09688017517328262,0.1518939882516861,0.6923669576644897,0.6986919641494751]",0.0,0.0,0.0,False,False,0.00893990509212017
234,4,33,False,"[0.001654110848903656,-0.030245065689086914,0.0005055069923400879,0.010148316621780396,-0.02909347414970398,0.00023663043975830078,1.0234509706497192,0.6434979438781738,2.112990379333496,1.639301061630249,-1.2126245498657227,0.04834020137786865,-1.0316815376281738,-0.009528577327728271]","[0.0016345385229215026,-0.02924787811934948,0.0007483199588023126,0.009718508459627628,-0.028883565217256546,0.0002862530527636409]",0.04399644210934639,"[0.643801748752594,2.113854169845581,1.6379932165145874,-1.2105330228805542,0.047567181289196014,-1.0302205085754395]",0.0,"[-0.3005214035511017,-0.3540661036968231,0.92494136095047,0.6959875822067261,0.013949533924460411,-0.014125620014965534,0.717779278755188]","[0.06809019297361374,-0.13804593682289124,0.9330398440361023,-0.06199045479297638,-0.7414580583572388,-0.01297980360686779,0.6680034399032593]","[0.13372355699539185,-0.1155056580901146,0.7805881500244141]","[0.09688012301921844,0.15189431607723236,0.6923667192459106,0.6986921429634094]",0.0,0.0,0.0,False,False,0.009999999776482582
235,4,34,False,"[0.0011829063296318054,-0.02146613597869873,0.0015563368797302246,0.005658388137817383,-0.027535825967788696,-0.0003408491611480713,1.0283491611480713,0.6500991582870483,2.1195309162139893,1.6536757946014404,-1.2291606664657593,0.04601660370826721,-1.0394279956817627,-0.02095496654510498]","[0.0012334776110947132,-0.022366490215063095,0.00139695405960083,0.006153016816824675,-0.0277053602039814,-0.00026071665342897177]",0.0439988449215889,"[0.6495097875595093,2.1189897060394287,1.6516579389572144,-1.2267802953720093,0.04619740694761276,-1.0382550954818726]",0.0,"[-0.30044934153556824,-0.35368871688842773,0.924293577671051,0.6966168880462646,0.010346539318561554,-0.01080760546028614,0.7172872424125671]","[0.06571204215288162,-0.13864904642105103,0.9345017075538635,-0.06943394988775253,-0.7421157360076904,-0.015271232463419437,0.6664906740188599]","[0.13372357189655304,-0.115505650639534,0.7805881500244141]","[0.09687989205121994,0.15189442038536072,0.6923670172691345,0.6986918449401855]",0.0,0.0,0.0,False,False,0.009999999776482582
236,4,35,False,"[0.0015316680073738098,-0.020607471466064453,0.0020142197608947754,0.006402492523193359,-0.02621549367904663,-0.00227317214012146,1.0302462577819824,0.6491881608963013,2.113394021987915,1.6560237407684326,-1.230040192604065,0.04473230242729187,-1.040788173675537,-0.0461423397064209]","[0.0014937351224943995,-0.020823681727051735,0.00196661613881588,0.006377589423209429,-0.02640451304614544,-0.002016556914895773]",0.043998368084430695,"[0.6491273045539856,2.1140644550323486,1.6554852724075317,-1.2296308279037476,0.04492509365081787,-1.040464997291565]",0.0,"[-0.30043691396713257,-0.35363441705703735,0.9243913292884827,0.6970024704933167,0.009481617249548435,-0.011160957626998425,0.7169190645217896]","[0.06581757217645645,-0.13860251009464264,0.9372440576553345,-0.06857825815677643,-0.7406526803970337,-0.01728149689733982,0.6681556105613708]","[0.13372357189655304,-0.1155056357383728,0.7805881500244141]","[0.09687992185354233,0.15189437568187714,0.6923673152923584,0.6986915469169617]",0.0,0.0,0.0,False,False,0.009999999776482582
237,4,36,False,"[0.0015161186456680298,-0.02334195375442505,-0.0017251968383789062,0.006293505430221558,-0.029883503913879395,0.0014104247093200684,1.0253511667251587,0.6482037305831909,2.1133687496185303,1.6633038520812988,-1.2379536628723145,0.05247119069099426,-1.0506151914596558,-0.06729966402053833]","[0.0015202118083834648,-0.023029815405607224,-0.001324882498010993,0.006287799682468176,-0.029443349689245224,0.0009731799364089966]",0.04399782046675682,"[0.6482941508293152,2.113539457321167,1.6622852087020874,-1.2368954420089722,0.051514942198991776,-1.0493202209472656]",0.0,"[-0.3005276322364807,-0.35355427861213684,0.9234309792518616,0.6958938241004944,0.010097512975335121,-0.009683093056082726,0.7180083394050598]","[0.06604272127151489,-0.13804660737514496,0.9391164779663086,-0.07040626555681229,-0.7422117590904236,-0.021368112415075302,0.6661140322685242]","[0.13372358679771423,-0.11550562083721161,0.7805881500244141]","[0.09687971323728561,0.1518946886062622,0.6923679709434509,0.6986908316612244]",0.0,0.0,0.0,False,False,0.009999999776482582
238,4,37,False,"[0.00014787167310714722,-0.016877710819244385,-0.0017650723457336426,0.012031391263008118,-0.024789422750473022,0.0007733404636383057,1.034835696220398,0.6465423107147217,2.116273880004883,1.6777009963989258,-1.2546864748001099,0.05225035548210144,-1.0498719215393066,-0.08213353157043457]","[0.00029959576204419136,-0.01761641912162304,-0.0016866277437657118,0.011303127743303776,-0.025375040248036385,0.0007994133629836142]",0.04399631917476654,"[0.6467445492744446,2.115971326828003,1.6757783889770508,-1.252410888671875,0.05215832591056824,-1.0498021841049194]",0.0,"[-0.30029234290122986,-0.35322749614715576,0.9233779311180115,0.6977949738502502,0.009786848910152912,-0.009460345841944218,0.7161681652069092]","[0.06610028445720673,-0.13708966970443726,0.9415488243103027,-0.07130385935306549,-0.7431616187095642,-0.019814666360616684,0.6650066375732422]","[0.13372358679771423,-0.1155056431889534,0.7805881500244141]","[0.09688006341457367,0.15189416706562042,0.6923671960830688,0.6986916661262512]",0.0,0.0,0.0,False,False,0.009999999776482582
239,4,38,False,"[0.0006566792726516724,-0.014226853847503662,-0.0010929703712463379,0.011984333395957947,-0.022804737091064453,0.00017645955085754395,1.0358332395553589,0.639228343963623,2.11586594581604,1.6829278469085693,-1.2595558166503906,0.053237855434417725,-1.0493942499160767,-0.10238409042358398]","[0.0006092200055718422,-0.014628577046096325,-0.0011597932316362858,0.01189771294593811,-0.023129994049668312,0.00025601882953196764]",0.043994661420583725,"[0.6400352120399475,2.115935802459717,1.6820170879364014,-1.2586424350738525,0.05311136320233345,-1.0494458675384521]",0.0,"[-0.3002574145793915,-0.35308724641799927,0.9233853816986084,0.6984987854957581,0.00895732268691063,-0.008975776843726635,0.7154987454414368]","[0.0680307000875473,-0.13524752855300903,0.9430960416793823,-0.06876222789287567,-0.7434995770454407,-0.01742010936141014,0.6649636030197144]","[0.13372357189655304,-0.115505650639534,0.7805881500244141]","[0.09687979519367218,0.15189450979232788,0.6923670172691345,0.6986918449401855]",0.0,0.0,0.0,False,False,0.009999999776482582
240,4,39,False,"[0.0014982745051383972,-0.019992291927337646,-0.0026113390922546387,0.008303359150886536,-0.029528170824050903,0.000538259744644165,1.0291128158569336,0.6438308954238892,2.109344005584717,1.6825308799743652,-1.2644110918045044,0.05467060208320618,-1.0532466173171997,-0.12391340732574463]","[0.0014069977914914489,-0.01935090869665146,-0.002454570960253477,0.008756909519433975,-0.02872118353843689,0.000501748058013618]",0.043994177132844925,"[0.6435472369194031,2.110152244567871,1.6824140548706055,-1.263710856437683,0.054457034915685654,-1.0527632236480713]",0.0,"[-0.3004962205886841,-0.35327619314193726,0.9230031371116638,0.6962072849273682,0.009120859205722809,-0.009011346846818924,0.7177261710166931]","[0.0674879401922226,-0.13674695789813995,0.9453933835029602,-0.07059236615896225,-0.7435424327850342,-0.020436538383364677,0.6646379232406616]","[0.13372355699539185,-0.11550567299127579,0.7805881500244141]","[0.09687994420528412,0.15189450979232788,0.692366361618042,0.6986925005912781]",0.0,0.0,0.0,False,False,0.009999999776482582
241,4,40,False,"[0.0011396482586860657,-0.018862426280975342,-0.0045348405838012695,0.010757669806480408,-0.02653840184211731,0.00596734881401062,1.0338910818099976,0.6421065330505371,2.107952117919922,1.684598684310913,-1.2631275653839111,0.05631285905838013,-1.0426671504974365,-0.12088841199874878]","[0.0011661362368613482,-0.018917415291070938,-0.004298673942685127,0.010495507158339024,-0.026813523843884468,0.005270685534924269]",0.04399850592017174,"[0.6421940922737122,2.108297824859619,1.6842981576919556,-1.2631969451904297,0.05608493089675903,-1.0439544916152954]",0.0,"[-0.3004179000854492,-0.3531390130519867,0.9225096106529236,0.6969571113586426,0.010602396912872791,-0.007101267576217651,0.7169991731643677]","[0.06784429401159286,-0.13626372814178467,0.946519136428833,-0.06529388576745987,-0.7435836791992188,-0.018573028966784477,0.6651878952980042]","[0.13372357189655304,-0.11550568044185638,0.7805881500244141]","[0.09688038378953934,0.15189379453659058,0.6923658847808838,0.6986929774284363]",0.0,0.0,0.0,False,False,0.009999999776482582
242,4,41,False,"[0.00036544352769851685,-0.014947116374969482,-0.0027799010276794434,0.011134728789329529,-0.025237679481506348,0.0016988515853881836,1.0341317653656006,0.6401499509811401,2.1058902740478516,1.694746971130371,-1.2806953191757202,0.05275890231132507,-1.0515353679656982,-0.14230620861053467]","[0.00045661136391572654,-0.015424514189362526,-0.002940732752904296,0.01105921994894743,-0.02543545886874199,0.0021547009237110615]",0.04399842768907547,"[0.6403942108154297,2.1061739921569824,1.6934126615524292,-1.2784889936447144,0.05318036302924156,-1.0505685806274414]",0.0,"[-0.300309419631958,-0.3530232012271881,0.9227584004402161,0.6977277398109436,0.008972028270363808,-0.007654131855815649,0.716265857219696]","[0.0685381293296814,-0.13615939021110535,0.9496191143989563,-0.06888913363218307,-0.7432529926300049,-0.018318036571145058,0.6652019619941711]","[0.13372357189655304,-0.11550566554069519,0.7805881500244141]","[0.09688013046979904,0.15189409255981445,0.6923666000366211,0.6986923217773438]",0.0,0.0,0.0,False,False,0.009999999776482582
243,4,42,False,"[0.001713298261165619,-0.01793086528778076,-0.0009462237358093262,0.008830800652503967,-0.027377545833587646,-0.0016399621963500977,1.0350422859191895,0.6447286605834961,2.10267972946167,1.7049221992492676,-1.2977313995361328,0.050503820180892944,-1.0592788457870483,-0.12962913513183594]","[0.0015700443182140589,-0.01764010451734066,-0.0011635745177045465,0.00912547018378973,-0.027135012671351433,-0.001156590529717505]",0.043996501713991165,"[0.6443092823028564,2.1031534671783447,1.7034187316894531,-1.2953110933303833,0.050831638276576996,-1.0581696033477783]",0.0,"[-0.3004661500453949,-0.35325783491134644,0.923347532749176,0.6967253088951111,0.008533583953976631,-0.009579912759363651,0.7172232866287231]","[0.06753325462341309,-0.13747648894786835,0.9532860517501831,-0.07457190006971359,-0.7429218292236328,-0.020704109221696854,0.6648890376091003]","[0.13372357189655304,-0.11550562083721161,0.7805881500244141]","[0.09687963128089905,0.15189474821090698,0.6923679113388062,0.6986909508705139]",0.0,0.0,0.0,False,False,0.009999999776482582
244,4,43,False,"[0.0007125809788703918,-0.01490718126296997,-0.005171418190002441,0.017315402626991272,-0.02343389391899109,-0.0015575289726257324,1.0418076515197754,0.6375768184661865,2.107355833053589,1.7237236499786377,-1.3239156007766724,0.05633831024169922,-1.0636731386184692,-0.15632766485214233]","[0.0008059647516347468,-0.01522069238126278,-0.004724382422864437,0.016255799680948257,-0.02390008233487606,-0.0015062978491187096]",0.04399726539850235,"[0.6382013559341431,2.1069176197052,1.7211381196975708,-1.320279836654663,0.05565460026264191,-1.0629709959030151]",0.0,"[-0.3002989888191223,-0.35291382670402527,0.9226367473602295,0.6981544494628906,0.008823838084936142,-0.010104365646839142,0.7158213257789612]","[0.06932763010263443,-0.13566845655441284,0.9563828706741333,-0.07686085999011993,-0.7460225820541382,-0.017883574590086937,0.6612282395362854]","[0.13372357189655304,-0.1155056357383728,0.7805881500244141]","[0.0968799889087677,0.15189436078071594,0.6923673748970032,0.6986914873123169]",0.0,0.0,0.0,False,False,0.009999999776482582
245,4,44,False,"[0.0018869265913963318,-0.020108282566070557,-0.0025649070739746094,0.012820348143577576,-0.02510249614715576,-0.003420531749725342,1.0389988422393799,0.640163779258728,2.0896220207214355,1.7095236778259277,-1.3116579055786133,0.05261141061782837,-1.0558855533599854,-0.1556115746498108]","[0.001762433908879757,-0.019545312970876694,-0.0027757678180933,0.013278425671160221,-0.024952758103609085,-0.0031766912434250116]",0.04399491846561432,"[0.6400721669197083,2.0917510986328125,1.7108869552612305,-1.312814712524414,0.05298532173037529,-1.0567911863327026]",0.0,"[-0.3004215657711029,-0.3532763719558716,0.9233458042144775,0.6974276304244995,0.009393256157636642,-0.011882154271006584,0.7164950370788574]","[0.06991873681545258,-0.1378115564584732,0.9594634771347046,-0.0718659833073616,-0.7433958053588867,-0.019526952877640724,0.6646928787231445]","[0.13372357189655304,-0.11550566554069519,0.7805881500244141]","[0.09688002616167068,0.15189406275749207,0.6923664808273315,0.6986923813819885]",0.0,0.0,0.0,False,False,0.009999999776482582
246,4,45,False,"[0.0011837184429168701,-0.019563734531402588,-0.0052512288093566895,0.015107572078704834,-0.025169402360916138,-0.001880258321762085,1.0423684120178223,0.6340880393981934,2.090884208679199,1.7318854331970215,-1.3352904319763184,0.05099669098854065,-1.070146918296814,-0.18813693523406982]","[0.0012521932367235422,-0.01954733021557331,-0.004998857155442238,0.014858190901577473,-0.025140786543488503,-0.0020456004422158003]",0.043998800218105316,"[0.6346808075904846,2.091081380844116,1.729231357574463,-1.3324214220046997,0.05125972628593445,-1.0684419870376587]",0.0,"[-0.30037784576416016,-0.35314157605171204,0.9227411150932312,0.697540819644928,0.009559639729559422,-0.011251050978899002,0.7163928151130676]","[0.0712757408618927,-0.13621260225772858,0.9642833471298218,-0.07487648725509644,-0.7426297068595886,-0.020858921110630035,0.6651762127876282]","[0.13372357189655304,-0.1155056580901146,0.7805881500244141]","[0.09688019007444382,0.15189391374588013,0.6923665404319763,0.6986923813819885]",0.0,0.0,0.0,False,False,0.009999999776482582
247,4,46,False,"[0.0025336965918540955,-0.02279806137084961,-0.0065978169441223145,0.01500941812992096,-0.025842756032943726,-0.004797607660293579,1.0395056009292603,0.6340103149414062,2.0846362113952637,1.7413058280944824,-1.3473728895187378,0.042910248041152954,-1.0760592222213745,-0.1756364107131958]","[0.0023848596028983593,-0.022416280582547188,-0.0063993618823587894,0.014991922304034233,-0.02575698308646679,-0.00444686459377408]",0.043998103588819504,"[0.6341789960861206,2.085519552230835,1.7397308349609375,-1.3454885482788086,0.043961867690086365,-1.0750892162322998]",0.0,"[-0.3005051612854004,-0.3532191514968872,0.9224971532821655,0.6969180703163147,0.009286247193813324,-0.012682706117630005,0.7169784307479858]","[0.0715419352054596,-0.13660180568695068,0.9689673185348511,-0.0774935930967331,-0.7397840023040771,-0.022221330553293228,0.667997419834137]","[0.13372358679771423,-0.115505650639534,0.7805881500244141]","[0.09687971323728561,0.1518944352865219,0.6923669576644897,0.6986919641494751]",0.0,0.0,0.0,False,False,0.009999999776482582
248,4,47,False,"[0.0016121119260787964,-0.026688754558563232,-0.0034873485565185547,0.013364210724830627,-0.026394546031951904,-0.004061281681060791,1.0403413772583008,0.6348028182983398,2.0747413635253906,1.732193946838379,-1.3394562005996704,0.041448891162872314,-1.066361427307129,-0.19568830728530884]","[0.0017043169355019927,-0.026200424879789352,-0.0037845547776669264,0.013593971729278564,-0.02631252259016037,-0.004110568203032017]",0.043999459594488144,"[0.6347393989562988,2.0761818885803223,1.7330231666564941,-1.340261697769165,0.04176578298211098,-1.0674760341644287]",0.0,"[-0.30045461654663086,-0.35359957814216614,0.9235422611236572,0.6969355344772339,0.011142739094793797,-0.014357851818203926,0.7169033288955688]","[0.07209727168083191,-0.13782870769500732,0.9707360863685608,-0.07285238802433014,-0.7381094694137573,-0.021711738780140877,0.6703845858573914]","[0.13372357189655304,-0.1155056357383728,0.7805881500244141]","[0.09687983244657516,0.1518949419260025,0.6923674941062927,0.6986913084983826]",0.0,0.0,0.0,False,False,0.009999999776482582
249,4,48,False,"[0.001357927918434143,-0.028705239295959473,-0.0029033422470092773,0.01484757661819458,-0.02483496069908142,-0.0016279518604278564,1.0372283458709717,0.6257308125495911,2.068551778793335,1.7292985916137695,-1.3354963064193726,0.03231412172317505,-1.0613583326339722,-0.18933260440826416]","[0.0013951169094070792,-0.028408797457814217,-0.0030080906581133604,0.014691796153783798,-0.025020752102136612,-0.0019443408818915486]",0.04399896413087845,"[0.6266664862632751,2.069533348083496,1.7297199964523315,-1.3361177444458008,0.03352859616279602,-1.0621379613876343]",0.0,"[-0.3003871440887451,-0.353782057762146,0.924081027507782,0.697471022605896,0.0133295226842165,-0.015034472569823265,0.7163311839103699]","[0.07485540211200714,-0.13672342896461487,0.972328245639801,-0.06731519103050232,-0.7347174286842346,-0.01741006039083004,0.6748005747795105]","[0.13372355699539185,-0.1155056580901146,0.7805881500244141]","[0.09687983244657516,0.15189476311206818,0.6923667192459106,0.6986920237541199]",0.0,0.0,0.0,False,False,0.009999999776482582
250,4,49,False,"[0.002798512578010559,-0.03425520658493042,-0.005820333957672119,0.013357236981391907,-0.025670886039733887,-0.0023230314254760742,1.0339487791061401,0.6231540441513062,2.0527334213256836,1.7292976379394531,-1.3433194160461426,0.023789286613464355,-1.0656704902648926,-0.1955500841140747]","[0.0026348966639488935,-0.03355016931891441,-0.005522336810827255,0.01351559441536665,-0.025591518729925156,-0.002274814760312438]",0.04399755597114563,"[0.6236493587493896,2.0547642707824707,1.7292735576629639,-1.3424651622772217,0.025018421933054924,-1.0652214288711548]",0.0,"[-0.3005225658416748,-0.35391101241111755,0.9235039949417114,0.6968147158622742,0.013726851902902126,-0.015667574480175972,0.7169485688209534]","[0.07693588733673096,-0.13804274797439575,0.9776613712310791,-0.06647826731204987,-0.73079514503479,-0.017929963767528534,0.6791152358055115]","[0.13372358679771423,-0.1155056580901146,0.7805881500244141]","[0.09687989950180054,0.15189437568187714,0.6923667192459106,0.6986921429634094]",0.0,0.0,0.0,False,False,0.009999999776482582
251,5,0,True,"[0.0054788291454315186,-0.044400691986083984,-0.007574737071990967,0.02902156114578247,-5.6862831115722656e-05,0.0011252164840698242,1.0314245223999023,0.6991584300994873,2.20636248588562,1.834104061126709,-1.405278205871582,0.13163506984710693,-1.0040003061294556,0.11803621053695679]","[0.005091859493404627,-0.043159980326890945,-0.007207268383353949,0.027089178562164307,-0.003289460903033614,0.0006929466035217047]",0.043989431113004684,"[0.6905968189239502,2.188190460205078,1.8219754695892334,-1.396560549736023,0.11804255098104477,-1.0118045806884766]",4.356179488240741e-06,"[-0.300110399723053,-0.3544168472290039,0.9249716401100159,0.7036725282669067,0.022551922127604485,-0.022015385329723358,0.7098250389099121]","[0.04606596753001213,-0.13675086200237274,0.9505932927131653,-0.08087138831615448,-0.774087131023407,-0.01972074992954731,0.6275827288627625]","[0.13372357189655304,-0.1155056431889534,0.7805881500244141]","[0.09687994420528412,0.15189458429813385,0.6923671960830688,0.6986916065216064]",0.0,0.0,0.0,False,False,0.03838157653808594
252,5,1,False,"[0.0032057613134384155,-0.041856229305267334,-0.00937795639038086,0.02716568112373352,0.000680088996887207,-0.004512012004852295,1.0315220355987549,0.6971340179443359,2.204986333847046,1.851801872253418,-1.425889492034912,0.1205187439918518,-0.9909319877624512,0.09285843372344971]","[0.003419936867430806,-0.04198338836431503,-0.009201674722135067,0.02712884359061718,0.0001831953995861113,-0.0038478022906929255]",0.043985601514577866,"[0.6953362822532654,2.2017438411712646,1.8487900495529175,-1.4220728874206543,0.12028597295284271,-0.9935871362686157]",0.0,"[-0.29985082149505615,-0.35420680046081543,0.9242094159126282,0.7055774331092834,0.019862137734889984,-0.02249903976917267,0.7079969048500061]","[0.04322763532400131,-0.13623230159282684,0.9520449042320251,-0.07861438393592834,-0.7774301767349243,-0.013142549432814121,0.6238985657691956]","[0.13372358679771423,-0.1155056282877922,0.7805881500244141]","[0.09687970578670502,0.1518944948911667,0.6923676133155823,0.6986913084983826]",0.0,0.0,0.0,False,False,0.01102757453918457
253,5,2,False,"[-0.0011347010731697083,-0.038568079471588135,-0.008450627326965332,0.025535687804222107,0.003046005964279175,-0.007353276014328003,1.034545660018921,0.6904065608978271,2.1923768520355225,1.854968786239624,-1.428321361541748,0.10532370209693909,-0.979692816734314,0.09734529256820679]","[-0.0006052497774362564,-0.038974713534116745,-0.008534287102520466,0.025738727301359177,0.002693154849112034,-0.006906013935804367]",0.043991025537252426,"[0.6908934712409973,2.193694829940796,1.8541007041931152,-1.4275416135787964,0.10723059624433517,-0.981464684009552]",0.0,"[-0.2993924915790558,-0.35407018661499023,0.9240736365318298,0.7079505324363708,0.017438648268580437,-0.022272638976573944,0.7056953310966492]","[0.04470190405845642,-0.13577772676944733,0.9564307332038879,-0.07245247811079025,-0.7731771469116211,-0.006514154374599457,0.6300040483474731]","[0.13372358679771423,-0.1155056357383728,0.7805881500244141]","[0.09687983989715576,0.15189442038536072,0.6923672556877136,0.6986916065216064]",0.0,0.0,0.0,False,False,0.004743354395031929
254,5,3,False,"[-0.0007683262228965759,-0.040918171405792236,-0.0070365071296691895,0.01912325620651245,-0.003292083740234375,-0.007763266563415527,1.0314526557922363,0.6824294328689575,2.174515962600708,1.8473455905914307,-1.4053969383239746,0.07675251364707947,-0.9557620286941528,0.07125097513198853]","[-0.0007376435096375644,-0.04068482667207718,-0.007221035659313202,0.019966784864664078,-0.0025351180229336023,-0.007654507178813219]",0.04398822784423828,"[0.6834314465522766,2.1770384311676025,1.8481541872024536,-1.4082022905349731,0.08062433451414108,-0.9590398669242859]",5.33565810201253e-07,"[-0.29953131079673767,-0.3542306125164032,0.9240920543670654,0.7061789631843567,0.016157453879714012,-0.02162414789199829,0.7075185179710388]","[0.04674816131591797,-0.13472025096416473,0.9610472321510315,-0.057354629039764404,-0.7616028785705566,0.0019570200238376856,0.6454979181289673]","[0.13372358679771423,-0.1155056431889534,0.7805881500244141]","[0.0968799740076065,0.15189406275749207,0.6923671364784241,0.6986918449401855]",0.0,0.0,0.0,False,False,0.006152982032972432
255,5,4,False,"[-0.002322681248188019,-0.04427134990692139,-0.01055842638015747,0.01700398325920105,-0.00540432333946228,-0.010385870933532715,1.0289608240127563,0.6649183034896851,2.149101495742798,1.812835931777954,-1.332214593887329,0.018539875745773315,-0.9190315008163452,0.06797701120376587]","[-0.00213012401945889,-0.04382992535829544,-0.010209222324192524,0.01736299879848957,-0.00503928866237402,-0.010037733241915703]",0.04399606212973595,"[0.6670587658882141,2.1528468132019043,1.8172458410263062,-1.3418251276016235,0.026435596868395805,-0.9241317510604858]",2.4588193809904624e-06,"[-0.29947036504745483,-0.3541940450668335,0.9230645298957825,0.7058224081993103,0.014419259503483772,-0.02163839153945446,0.7079114317893982]","[0.05057318136096001,-0.13140736520290375,0.9620767831802368,-0.031937725841999054,-0.7364001870155334,0.016329478472471237,0.6755945086479187]","[0.13372357189655304,-0.1155056431889534,0.7805881500244141]","[0.09687976539134979,0.15189456939697266,0.6923670172691345,0.6986917853355408]",0.0,0.0,0.0,False,False,0.015157341957092285
256,5,5,False,"[-0.006297871470451355,-0.03494882583618164,-0.01167219877243042,0.03076009452342987,-0.007770150899887085,-0.011095583438873291,1.0226067304611206,0.6461828947067261,2.129450798034668,1.7783176898956299,-1.256740927696228,-0.028481870889663696,-0.8813155889511108,0.06393063068389893]","[-0.005802544765174389,-0.036020293831825256,-0.011448046192526817,0.029061056673526764,-0.00741688022390008,-0.010960649698972702]",0.04399775341153145,"[0.6486930251121521,2.132580518722534,1.7832427024841309,-1.2674882411956787,-0.021498948335647583,-0.8867737650871277]",2.415759809082374e-06,"[-0.2991847097873688,-0.35372138023376465,0.9231791496276855,0.7062674760818481,0.014966551214456558,-0.022958921268582344,0.7074143290519714]","[0.054794132709503174,-0.12697267532348633,0.9610939621925354,-0.004931990057229996,-0.71085524559021,0.030040061101317406,0.7026790976524353]","[0.13372355699539185,-0.11550566554069519,0.7805881500244141]","[0.09688030183315277,0.15189406275749207,0.6923665404319763,0.6986923217773438]",0.0,0.0,0.0,False,False,0.016965627670288086
257,5,6,False,"[-0.011242546141147614,-0.0319254994392395,-0.012603163719177246,0.03868629038333893,0.0056220293045043945,-0.013931334018707275,1.0271697044372559,0.6253082752227783,2.1164398193359375,1.7554852962493896,-1.2001419067382812,-0.08081516623497009,-0.8556283712387085,0.07671999931335449]","[-0.010630495846271515,-0.03242020681500435,-0.012435933575034142,0.03746628016233444,0.003984534647315741,-0.013551320880651474]",0.043988533318042755,"[0.6281356811523438,2.118600845336914,1.7590394020080566,-1.208635926246643,-0.07327449321746826,-0.8595982193946838]",1.7067434328055242e-06,"[-0.2983874976634979,-0.3535005450248718,0.9233794808387756,0.7119761109352112,0.015420474112033844,-0.02512728050351143,0.7015843987464905]","[0.059551652520895004,-0.12188468128442764,0.9604591727256775,0.01383922342211008,-0.6851544380187988,0.044557638466358185,0.7269018888473511]","[0.13372357189655304,-0.1155056580901146,0.7805881500244141]","[0.09688016772270203,0.15189404785633087,0.6923667788505554,0.6986920833587646]",0.0,0.0,0.0,False,False,0.013431191444396973
258,5,7,False,"[-0.008175604045391083,-0.04118907451629639,-0.021888554096221924,0.03581759333610535,-0.002486497163772583,-0.021365255117416382,1.0234127044677734,0.615689754486084,2.0911917686462402,1.7093069553375244,-1.101064682006836,-0.14284184575080872,-0.8000257015228271,0.05562847852706909]","[-0.008451106958091259,-0.0401143804192543,-0.020864056423306465,0.035987842828035355,-0.0016734746750444174,-0.02036980912089348]",0.04397954046726227,"[0.6174061298370361,2.0947928428649902,1.7156167030334473,-1.1146804094314575,-0.13401304185390472,-0.8076248168945312]",2.5674962671473622e-06,"[-0.2987605333328247,-0.35336536169052124,0.9209571480751038,0.7092831134796143,0.01220767106860876,-0.02679714560508728,0.7043083906173706]","[0.06105415150523186,-0.11948298662900925,0.9592574238777161,0.04020468145608902,-0.6495115160942078,0.0586237758398056,0.7570214867591858]","[0.13372357189655304,-0.1155056431889534,0.7805881500244141]","[0.09687989950180054,0.15189452469348907,0.6923671960830688,0.6986916065216064]",0.0,0.0,0.0,False,False,0.021457672119140625
259,5,8,False,"[-0.00919061154127121,-0.04425293207168579,-0.022331714630126953,0.039172857999801636,-0.006604045629501343,-0.02654173970222473,1.0223939418792725,0.5938727259635925,2.050262689590454,1.65263032913208,-0.9685920476913452,-0.21566393971443176,-0.7503758668899536,0.06022590398788452]","[-0.009092451073229313,-0.04379018768668175,-0.02208595722913742,0.038788311183452606,-0.005980617832392454,-0.025755489245057106]",0.0439930222928524,"[0.5965734124183655,2.05610728263855,1.6605793237686157,-0.9871065616607666,-0.20526356995105743,-0.7576760649681091]",3.629435468610609e-06,"[-0.2988244891166687,-0.35350385308265686,0.9210930466651917,0.707990288734436,0.012109490111470222,-0.03062811680138111,0.7054536938667297]","[0.06577189266681671,-0.11492825299501419,0.9618988633155823,0.07239038497209549,-0.5991703867912292,0.06521334499120712,0.7946707606315613]","[0.13372355699539185,-0.115505650639534,0.7805881500244141]","[0.09688032418489456,0.15189409255981445,0.6923672556877136,0.6986916065216064]",0.0,0.0,0.0,False,False,0.02917194366455078
260,5,9,False,"[-0.01101367175579071,-0.04880928993225098,-0.024080872535705566,0.046153098344802856,-0.006194651126861572,-0.03365710377693176,1.0254486799240112,0.5676308274269104,2.033633232116699,1.5529732704162598,-0.7721355557441711,-0.3320218622684479,-0.6778409481048584,0.04584401845932007]","[-0.010786703787744045,-0.04822736606001854,-0.023810336366295815,0.04522639513015747,-0.006164978723973036,-0.03264985606074333]",0.04399818181991577,"[0.571154773235321,2.036534547805786,1.565616250038147,-0.8094024062156677,-0.3159215748310089,-0.688029944896698]",4.846296633331804e-06,"[-0.29866811633110046,-0.3536769449710846,0.9214668869972229,0.7085069417953491,0.01284808199852705,-0.036329373717308044,0.70465087890625]","[0.07133112847805023,-0.11008718609809875,0.9488520622253418,0.09356018155813217,-0.5356902480125427,0.08886457234621048,0.8344970941543579]","[0.13372358679771423,-0.1155056431889534,0.7805881500244141]","[0.0968799740076065,0.1518942266702652,0.6923671960830688,0.698691725730896]",0.0,0.0,0.0,False,False,0.056320011615753174
261,5,10,False,"[-0.00893663614988327,-0.05707210302352905,-0.029318034648895264,0.04134988784790039,-0.014427006244659424,-0.041985780000686646,1.0213967561721802,0.5438403487205505,1.9956597089767456,1.5009733438491821,-0.6522719264030457,-0.40985405445098877,-0.6373085975646973,0.039312541484832764]","[-0.009136374108493328,-0.055998530238866806,-0.028736580163240433,0.04181861877441406,-0.013387675397098064,-0.040796615183353424]",0.04399460554122925,"[0.5471466183662415,2.000730037689209,1.509249210357666,-0.6722058653831482,-0.39790934324264526,-0.643780529499054]",8.518799177181791e-07,"[-0.29903683066368103,-0.35374173521995544,0.9200562834739685,0.7054200768470764,0.009759682230651379,-0.03913044184446335,0.707641065120697]","[0.07751408219337463,-0.10561623424291611,0.9525027871131897,0.11204703152179718,-0.4764629006385803,0.08858709037303925,0.8675141930580139]","[0.13372355699539185,-0.11550566554069519,0.7805881500244141]","[0.09688027203083038,0.15189404785633087,0.6923666596412659,0.6986922025680542]",0.0,0.0,0.0,False,False,0.031417667865753174
262,5,11,False,"[-0.004418700933456421,-0.066611647605896,-0.03876543045043945,0.03657585382461548,-0.023364394903182983,-0.050698816776275635,1.0216784477233887,0.5163796544075012,1.9598616361618042,1.4046250581741333,-0.46104300022125244,-0.5142731666564941,-0.5691611766815186,0.00138092041015625]","[-0.004950121510773897,-0.06502874940633774,-0.036351971328258514,0.03698690980672836,-0.022115960717201233,-0.0494379960000515]",0.04399999976158142,"[0.5200537443161011,1.9650683403015137,1.4167752265930176,-0.49604469537734985,-0.4994962513446808,-0.5786865949630737]",1.6487896346006892e-06,"[-0.2996920645236969,-0.3536641597747803,0.9176911115646362,0.7008782625198364,0.005577396601438522,-0.04113239794969559,0.7120720148086548]","[0.08629783987998962,-0.10394797474145889,0.9487866163253784,0.12428560107946396,-0.4087911546230316,0.09649445116519928,0.8989614248275757]","[0.13372355699539185,-0.11550568789243698,0.7805881500244141]","[0.09688030183315277,0.15189407765865326,0.692365825176239,0.6986930966377258]",0.0,0.0,0.0,False,False,0.053453803062438965
263,5,12,False,"[-0.004628293216228485,-0.05969041585922241,-0.034655630588531494,0.03703060746192932,-0.022564351558685303,-0.04769119620323181,1.0218989849090576,0.49998074769973755,1.9232816696166992,1.3411622047424316,-0.335090309381485,-0.5929558277130127,-0.5198590755462646,0.01605057716369629]","[-0.0046642739325761795,-0.06032082438468933,-0.03487052768468857,0.037020422518253326,-0.022508911788463593,-0.04791444167494774]",0.04399920627474785,"[0.5025119185447693,1.9284179210662842,1.3505048751831055,-0.3556424677371979,-0.5810918807983398,-0.5273720026016235]",0.0,"[-0.2997303605079651,-0.35352054238319397,0.9178380966186523,0.7006411552429199,0.005002157296985388,-0.039455000311136246,0.7124045491218567]","[0.09234905242919922,-0.10436146706342697,0.9519625902175903,0.12819455564022064,-0.3510582447052002,0.09309521317481995,0.9228528738021851]","[0.13372355699539185,-0.11550567299127579,0.7805881500244141]","[0.09688003361225128,0.15189437568187714,0.692366361618042,0.6986925005912781]",0.0,0.0,0.0,False,False,0.0321674644947052
264,5,13,False,"[-0.0013929009437561035,-0.07565069198608398,-0.04284924268722534,0.0325712114572525,-0.02751043438911438,-0.05434724688529968,1.019429326057434,0.47439825534820557,1.893023133277893,1.2556579113006592,-0.14824838936328888,-0.6883595585823059,-0.43963882327079773,-0.002560257911682129]","[-0.001765439403243363,-0.07378257066011429,-0.03629123792052269,0.03316390886902809,-0.0268858652561903,-0.05352764576673508]",0.04399807006120682,"[0.47760534286499023,1.8974788188934326,1.2666901350021362,-0.18132242560386658,-0.6747444868087769,-0.45083895325660706]",2.7415413939024802e-08,"[-0.3001375198364258,-0.35410434007644653,0.9180089235305786,0.6980351209640503,0.005940982606261969,-0.04446723684668541,0.7146568298339844]","[0.10144861042499542,-0.1048908680677414,0.9506893157958984,0.1298629343509674,-0.2867858111858368,0.09679335355758667,0.9442036151885986]","[0.13372357189655304,-0.11550567299127579,0.7805881500244141]","[0.0968802347779274,0.1518939584493637,0.6923662424087524,0.6986926198005676]",0.0,0.0,0.0,False,False,0.05093909800052643
265,5,14,False,"[-0.0003516972064971924,-0.07095968723297119,-0.038562893867492676,0.03466549515724182,-0.028803497552871704,-0.04654696583747864,1.0193500518798828,0.44854113459587097,1.8496992588043213,1.1817829608917236,0.005171856842935085,-0.7679880857467651,-0.39960533380508423,-0.00761646032333374]","[-0.0005138173000887036,-0.07140206545591354,-0.03629826381802559,0.03446981683373451,-0.02856350876390934,-0.04743752256035805]",0.04399960860610008,"[0.4518778920173645,1.855388879776001,1.1920005083084106,-0.020255422219634056,-0.7561680674552917,-0.4061523377895355]",0.0,"[-0.30030614137649536,-0.35398930311203003,0.9179516434669495,0.6969693899154663,0.0077092573046684265,-0.04193327948451042,0.7158322334289551]","[0.11196582019329071,-0.10720841586589813,0.9560407400131226,0.12630511820316315,-0.2285754531621933,0.07772189378738403,0.9621639251708984]","[0.13372358679771423,-0.115505650639534,0.7805881500244141]","[0.09687981009483337,0.15189440548419952,0.6923669576644897,0.6986919045448303]",0.0,0.0,0.0,False,False,0.03973621781915426
266,5,15,False,"[5.1721930503845215e-05,-0.07148623466491699,-0.04161250591278076,0.03523048758506775,-0.02650982141494751,-0.05108568072319031,1.0176948308944702,0.43470969796180725,1.8324705362319946,1.1366938352584839,0.10433311760425568,-0.8273557424545288,-0.35867512226104736,-0.02120119333267212]","[-1.7645001207711175e-05,-0.07154637575149536,-0.03631225973367691,0.03512880578637123,-0.026771092787384987,-0.05062014237046242]",0.04399937018752098,"[0.43681493401527405,1.8353506326675415,1.1432360410690308,0.08837427198886871,-0.8183408379554749,-0.3647429049015045]",0.0,"[-0.30030184984207153,-0.3539990782737732,0.9180214405059814,0.6974431276321411,0.006892334669828415,-0.04331514984369278,0.7152966260910034]","[0.1181347519159317,-0.1095220074057579,0.9573824405670166,0.1172206848859787,-0.1910177618265152,0.07114925235509872,0.971961498260498]","[0.13372357189655304,-0.11550562083721161,0.7805881500244141]","[0.09687985479831696,0.15189453959465027,0.6923678517341614,0.6986910104751587]",0.0,0.0,0.0,False,False,0.024868428707122803
267,5,16,False,"[0.0038956552743911743,-0.07867693901062012,-0.04906618595123291,0.0267496258020401,-0.04630652070045471,-0.053951919078826904,1.0081268548965454,0.3968161940574646,1.7817668914794922,1.0229432582855225,0.32684895396232605,-0.9600961804389954,-0.2675926089286804,-0.023300886154174805]","[0.003478036494925618,-0.0776667594909668,-0.03628838062286377,0.027810266241431236,-0.04384582117199898,-0.05352890491485596]",0.04399465397000313,"[0.4011306166648865,1.7878473997116089,1.0367602109909058,0.27174171805381775,-0.9422087669372559,-0.2799905836582184]",0.0,"[-0.3011303246021271,-0.3542931079864502,0.9177868366241455,0.6900510191917419,0.005497599486261606,-0.044289685785770416,0.7223833799362183]","[0.1345810890197754,-0.11894766241312027,0.9579455256462097,0.09270503371953964,-0.13114140927791595,0.06989211589097977,0.9845418334007263]","[0.13372357189655304,-0.1155056431889534,0.7805881500244141]","[0.0968799740076065,0.15189461410045624,0.6923673748970032,0.6986914873123169]",0.0,0.0,0.0,False,False,0.07509297132492065
268,5,17,False,"[0.00852503627538681,-0.0908849835395813,-0.0517808198928833,0.021509692072868347,-0.05879327654838562,-0.05170208215713501,1.0091309547424316,0.3828214406967163,1.7462902069091797,0.9561630487442017,0.4638214111328125,-1.031996488571167,-0.2241491675376892,-0.03925889730453491]","[0.007965805009007454,-0.08915780484676361,-0.03619009256362915,0.022331003099679947,-0.05691597983241081,-0.051936592906713486]",0.04399999976158142,"[0.3850261867046356,1.750959038734436,0.9656708240509033,0.43695080280303955,-1.020707607269287,-0.23129205405712128]",0.0,"[-0.30193281173706055,-0.3548932373523712,0.918157160282135,0.6836485862731934,0.008212491869926453,-0.046181563287973404,0.7283023595809937]","[0.14301222562789917,-0.12727616727352142,0.9633157253265381,0.07148975133895874,-0.08695638924837112,0.04038557782769203,0.9928225874900818]","[0.13372357189655304,-0.11550566554069519,0.7805881500244141]","[0.09687978774309158,0.15189453959465027,0.6923664808273315,0.6986923217773438]",0.0,0.0,0.0,False,False,0.042061299085617065
269,5,18,False,"[0.00847739726305008,-0.09100478887557983,-0.05699104070663452,0.023277074098587036,-0.05640140175819397,-0.05148574709892273,1.005907654762268,0.36667659878730774,1.7252960205078125,0.8953397274017334,0.5997540950775146,-1.1127740144729614,-0.16401103138923645,-0.04390597343444824]","[0.008420527912676334,-0.09058745205402374,-0.03620070219039917,0.023170020431280136,-0.056468576192855835,-0.051543205976486206]",0.04399878904223442,"[0.3687513470649719,1.7281944751739502,0.9035406112670898,0.5789868831634521,-1.1011794805526733,-0.17261619865894318]",0.0,"[-0.3019624650478363,-0.3549741506576538,0.9183416962623596,0.6836351156234741,0.009138224646449089,-0.046842124313116074,0.7282618284225464]","[0.15113164484500885,-0.1352752447128296,0.9646800756454468,0.045399732887744904,-0.0540010891854763,0.026046013459563255,0.9971681237220764]","[0.13372355699539185,-0.11550568044185638,0.7805881500244141]","[0.09688008576631546,0.1518942415714264,0.692365825176239,0.698693037033081]",0.0,0.0,0.0,False,False,0.03249657154083252
270,5,19,False,"[0.009266659617424011,-0.09062057733535767,-0.056868016719818115,0.020537495613098145,-0.05732369422912598,-0.0467548668384552,1.0059211254119873,0.3691701889038086,1.717355489730835,0.887213945388794,0.6214451193809509,-1.1160924434661865,-0.1516624540090561,-0.03327071666717529]","[0.009171336889266968,-0.09056050330400467,-0.03621028736233711,0.020852291956543922,-0.057216692715883255,-0.04736541956663132]",0.04399879649281502,"[0.369196355342865,1.7185628414154053,0.8891139626502991,0.6160462498664856,-1.1142432689666748,-0.1543399840593338]",0.0,"[-0.30205559730529785,-0.35495784878730774,0.9181130528450012,0.6830794215202332,0.00976694654673338,-0.04448271915316582,0.7289226651191711]","[0.15189337730407715,-0.13813777267932892,0.9666852951049805,0.039845723658800125,-0.045955583453178406,0.02066717855632305,0.9979344010353088]","[0.13372357189655304,-0.11550566554069519,0.7805881500244141]","[0.09688019007444382,0.15189406275749207,0.6923664212226868,0.6986924409866333]",0.0,0.0,0.0,False,False,0.020659029483795166
271,5,20,False,"[0.0096774622797966,-0.0975414514541626,-0.06267058849334717,0.01653897762298584,-0.06616446375846863,-0.04586640000343323,1.0065795183181763,0.3612469732761383,1.700405240058899,0.8488122820854187,0.6833797693252563,-1.1547138690948486,-0.11857716739177704,-0.029208719730377197]","[0.00963964406400919,-0.09635613113641739,-0.03608069196343422,0.017003795132040977,-0.06503435969352722,-0.046058084815740585]",0.0439990870654583,"[0.3621380031108856,1.702418565750122,0.8534681797027588,0.6747907996177673,-1.149645447731018,-0.12315066903829575]",0.0,"[-0.30232304334640503,-0.35526180267333984,0.9182190895080566,0.6800317168235779,0.010896831750869751,-0.04491913318634033,0.731724202632904]","[0.15629753470420837,-0.14412838220596313,0.9665352702140808,0.027144787833094597,-0.034946031868457794,0.018947048112750053,0.9988407492637634]","[0.13372357189655304,-0.1155056357383728,0.7805881500244141]","[0.09687972813844681,0.15189455449581146,0.6923673748970032,0.6986914873123169]",0.0,0.0,0.0,False,False,0.02658989652991295
272,5,21,False,"[0.00651366263628006,-0.08802193403244019,-0.061674296855926514,0.027487561106681824,-0.053249239921569824,-0.04857909679412842,1.0064852237701416,0.3605155646800995,1.701488971710205,0.8388749957084656,0.7240830659866333,-1.173046588897705,-0.10292308032512665,-0.045742154121398926]","[0.006860832218080759,-0.08998852223157883,-0.03618711978197098,0.026083186268806458,-0.05473286285996437,-0.048256807029247284]",0.0439906008541584,"[0.3607305884361267,1.7015148401260376,0.8405901789665222,0.7178136110305786,-1.1701040267944336,-0.10550988465547562]",0.0,"[-0.3017641305923462,-0.35495948791503906,0.9185822010040283,0.6848075985908508,0.011037918739020824,-0.046456530690193176,0.727157711982727]","[0.15726876258850098,-0.14602801203727722,0.9666527509689331,0.018352791666984558,-0.027582241222262383,0.013690142892301083,0.9993572235107422]","[0.13372357189655304,-0.1155056580901146,0.7805881500244141]","[0.09688005596399307,0.151894211769104,0.6923668384552002,0.6986920833587646]",0.0,0.0,0.0,False,False,0.025502454489469528
273,5,22,False,"[0.007821589708328247,-0.09646570682525635,-0.06583023071289062,0.020398318767547607,-0.062001049518585205,-0.048426300287246704,1.0078126192092896,0.3578740954399109,1.6897218227386475,0.8201659321784973,0.7588329315185547,-1.1981706619262695,-0.0797843337059021,-0.048155784606933594]","[0.007726169191300869,-0.09528623521327972,-0.03607112914323807,0.02102530747652054,-0.061083484441041946,-0.04840541630983353]",0.043984305113554,"[0.3582238256931305,1.6909517049789429,0.8225595951080322,0.7536283135414124,-1.1946558952331543,-0.08307371288537979]",0.0,"[-0.3020278513431549,-0.3552241623401642,0.9185302257537842,0.6821739673614502,0.011094000190496445,-0.04677475988864899,0.729607880115509]","[0.15927155315876007,-0.14974811673164368,0.9677932858467102,0.007933739572763443,-0.020943740382790565,0.012019980698823929,0.9996768236160278]","[0.13372355699539185,-0.11550568044185638,0.7805881500244141]","[0.09688054770231247,0.15189364552497864,0.6923661231994629,0.698692798614502]",0.0,0.0,0.0,False,False,0.029759101569652557
274,5,23,False,"[0.010439373552799225,-0.09862959384918213,-0.06741154193878174,0.026102349162101746,-0.0673643946647644,-0.043853044509887695,1.0086568593978882,0.3622831702232361,1.673194169998169,0.7992932200431824,0.8064907789230347,-1.2164547443389893,-0.062400609254837036,-0.04722374677658081]","[0.01013648696243763,-0.09783422946929932,-0.03603828698396683,0.025391671806573868,-0.066575787961483,-0.04443417862057686]",0.04399342089891434,"[0.3619072735309601,1.675092101097107,0.8020259141921997,0.7997934222221375,-1.2137575149536133,-0.06504736840724945]",0.0,"[-0.3024130165576935,-0.35541489720344543,0.9191513061523438,0.679212749004364,0.014853714033961296,-0.04794701561331749,0.7322229146957397]","[0.1597801297903061,-0.15508660674095154,0.9705996513366699,-0.002997518051415682,-0.012799632735550404,0.0017674063565209508,0.9999120235443115]","[0.13372355699539185,-0.11550566554069519,0.7805881500244141]","[0.09688030183315277,0.1518942266702652,0.6923662424087524,0.6986925601959229]",0.0,0.0,0.0,False,False,0.03137325495481491
275,5,24,False,"[0.007194295525550842,-0.09862655401229858,-0.07162952423095703,0.027292400598526,-0.06938159465789795,-0.04181632399559021,1.013369083404541,0.3641071915626526,1.6646487712860107,0.7910581827163696,0.8170050382614136,-1.2195510864257812,-0.0453241765499115,-0.039418041706085205]","[0.007549947593361139,-0.09839718788862228,-0.03604089096188545,0.02700117416679859,-0.0690212994813919,-0.042149756103754044]",0.04399868845939636,"[0.36386799812316895,1.6658824682235718,0.7922748327255249,0.8148106932640076,-1.2188470363616943,-0.04784312844276428]",0.0,"[-0.3022386431694031,-0.35545793175697327,0.919346809387207,0.6792284250259399,0.016291657462716103,-0.0479731522500515,0.7321760058403015]","[0.16006799042224884,-0.1577770709991455,0.9718660712242126,-0.0063483696430921555,-0.010152457281947136,0.0036100682336837053,0.9999217391014099]","[0.13372355699539185,-0.11550567299127579,0.7805881500244141]","[0.09688030183315277,0.1518942266702652,0.6923664212226868,0.6986924409866333]",0.0,0.0,0.0,False,False,0.03558863326907158
276,5,25,False,"[0.008215032517910004,-0.09324246644973755,-0.06880158185958862,0.03033202886581421,-0.06114703416824341,-0.03932380676269531,1.0126980543136597,0.3656429648399353,1.6609694957733154,0.7887891530990601,0.8261282444000244,-1.2203829288482666,-0.04735612869262695,-0.04567420482635498]","[0.008123052306473255,-0.09489455074071884,-0.03611023724079132,0.029812244698405266,-0.062142957001924515,-0.039683565497398376]",0.043996311724185944,"[0.36545029282569885,1.661531925201416,0.7891842126846313,0.8246938586235046,-1.2202019691467285,-0.04741935431957245]",0.0,"[-0.3020956516265869,-0.3552747964859009,0.9193337559700012,0.681523859500885,0.016942854970693588,-0.04663801193237305,0.7301116585731506]","[0.1599304974079132,-0.15888439118862152,0.9730919003486633,-0.007768555078655481,-0.008170193992555141,-0.0013974709436297417,0.9999353885650635]","[0.13372357189655304,-0.115505650639534,0.7805881500244141]","[0.09687991440296173,0.1518944501876831,0.6923668384552002,0.6986919641494751]",0.0,0.0,0.0,False,False,0.032702501863241196
277,5,26,False,"[0.008804544806480408,-0.09964191913604736,-0.07188582420349121,0.023268163204193115,-0.0673663318157196,-0.04146936535835266,1.015352487564087,0.3644375205039978,1.6539437770843506,0.779431164264679,0.8478190898895264,-1.2341649532318115,-0.030278712511062622,-0.04207271337509155]","[0.008738578297197819,-0.09862500429153442,-0.03602273389697075,0.024014070630073547,-0.0667073130607605,-0.041241832077503204]",0.04399345815181732,"[0.3645660877227783,1.6547693014144897,0.7805545926094055,0.8448856472969055,-1.2324185371398926,-0.03247010335326195]",0.0,"[-0.3022843599319458,-0.35544389486312866,0.919082760810852,0.6796560287475586,0.015708012506365776,-0.046584635972976685,0.7318815588951111]","[0.16091138124465942,-0.16098922491073608,0.9743059277534485,-0.01331962551921606,-0.004835089202970266,-0.0024696525651961565,0.9998965263366699]","[0.13372355699539185,-0.1155056580901146,0.7805881500244141]","[0.09687995165586472,0.15189442038536072,0.6923667788505554,0.6986920833587646]",0.0,0.0,0.0,False,False,0.03586309030652046
278,5,27,False,"[0.005612559616565704,-0.08371579647064209,-0.06973552703857422,0.030536144971847534,-0.058544278144836426,-0.03551459312438965,1.0171023607254028,0.3684406876564026,1.648029088973999,0.7745174765586853,0.8632950782775879,-1.2368658781051636,-0.023810356855392456,-0.042107224464416504]","[0.0059659443795681,-0.08647556602954865,-0.03620914742350578,0.029650356620550156,-0.05956929177045822,-0.03624396026134491]",0.04399322718381882,"[0.36804014444351196,1.6487693786621094,0.7752190232276917,0.860964834690094,-1.2363265752792358,-0.024918032810091972]",0.0,"[-0.3018198609352112,-0.3548060655593872,0.9186539649963379,0.6832911372184753,0.015105526894330978,-0.0422029085457325,0.7287687063217163]","[0.16043411195278168,-0.1629406064748764,0.9758632183074951,-0.016956856474280357,-0.001955079147592187,-0.006552289240062237,0.9998327493667603]","[0.13372358679771423,-0.1155056357383728,0.7805881500244141]","[0.09687983244657516,0.1518942266702652,0.6923673748970032,0.6986915469169617]",0.0,0.0,0.0,False,False,0.033539894968271255
279,5,28,False,"[0.004455268383026123,-0.07400673627853394,-0.06328898668289185,0.02965405583381653,-0.05443468689918518,-0.0288524329662323,1.0143382549285889,0.371448278427124,1.6498477458953857,0.7767809629440308,0.8615565299987793,-1.2312085628509521,-0.028592437505722046,-0.045378804206848145]","[0.0046230098232626915,-0.07649867981672287,-0.03629777207970619,0.02953200787305832,-0.055078644305467606,-0.02979402430355549]",0.043991293758153915,"[0.3710646629333496,1.6497808694839478,0.7765690684318542,0.8614723086357117,-1.231857419013977,-0.028122877702116966]",0.0,"[-0.3015649914741516,-0.3542618453502655,0.9178600311279297,0.6854422092437744,0.013814409263432026,-0.03609472140669823,0.7271004915237427]","[0.15944638848304749,-0.16293808817863464,0.9759739637374878,-0.0162361990660429,-0.0018129836535081267,-0.008559360168874264,0.999829888343811]","[0.13372358679771423,-0.1155056282877922,0.7805881500244141]","[0.09687989950180054,0.15189427137374878,0.6923677325248718,0.6986911296844482]",0.0,0.0,0.0,False,False,0.0270112045109272
280,5,29,False,"[-0.0013764798641204834,-0.048092544078826904,-0.04942739009857178,0.031653016805648804,-0.025503456592559814,-0.02162712812423706,1.0182719230651855,0.3748587965965271,1.6466655731201172,0.7734255790710449,0.8775662779808044,-1.23846435546875,-0.018543243408203125,-0.043546319007873535]","[-0.0007325010956265032,-0.05194263532757759,-0.036526598036289215,0.03129475191235542,-0.029227877035737038,-0.022665277123451233]",0.043980229645967484,"[0.37446263432502747,1.646960973739624,0.7738155126571655,0.8755325675010681,-1.23764169216156,-0.019768809899687767]",0.0,"[-0.3003039062023163,-0.35295405983924866,0.9160782098770142,0.6968019604682922,0.008370734751224518,-0.024880824610590935,0.7167829275131226]","[0.15874448418617249,-0.16426123678684235,0.9771378040313721,-0.020794551819562912,0.000619126483798027,-0.011005154810845852,0.9997230172157288]","[0.13372357189655304,-0.11550567299127579,0.7805881500244141]","[0.09688036143779755,0.15189404785633087,0.6923664212226868,0.6986924409866333]",0.0,0.0,0.0,False,False,0.01292090117931366
281,5,30,False,"[-0.004685677587985992,-0.031176984310150146,-0.04485297203063965,0.03656527400016785,-0.013088345527648926,-0.015911728143692017,1.0186328887939453,0.3761833608150482,1.6455439329147339,0.7779693007469177,0.8743467330932617,-1.2350597381591797,-0.018844246864318848,-0.04273885488510132]","[-0.004256619606167078,-0.03396625816822052,-0.036622773855924606,0.035842414945364,-0.015117187052965164,-0.016770854592323303]",0.043975308537483215,"[0.37598273158073425,1.6457231044769287,0.7774876356124878,0.8745022416114807,-1.23538339138031,-0.01896144449710846]",0.0,"[-0.29954996705055237,-0.3520573675632477,0.9150919318199158,0.7031251192092896,0.0057241362519562244,-0.017804725095629692,0.7108201384544373]","[0.15815478563308716,-0.16402430832386017,0.978447675704956,-0.020419182255864143,0.0012851613573729992,-0.012418937869369984,0.9997135400772095]","[0.13372355699539185,-0.11550568789243698,0.7805881500244141]","[0.09688061475753784,0.15189385414123535,0.692365825176239,0.6986930966377258]",0.0,0.0,0.0,False,False,0.009999999776482582
282,5,31,False,"[-0.006940171122550964,-0.022268235683441162,-0.03802788257598877,0.03649070858955383,-0.010213494300842285,-0.01152774691581726,1.0191526412963867,0.37808358669281006,1.6426262855529785,0.7775511145591736,0.875295102596283,-1.2306103706359863,-0.02025046944618225,-0.04014688730239868]","[-0.006636690814048052,-0.02368985302746296,-0.03664182499051094,0.03637121990323067,-0.010826014913618565,-0.012195257470011711]",0.04397657886147499,"[0.37785235047340393,1.6430022716522217,0.7775371074676514,0.8751957416534424,-1.2312206029891968,-0.020086053758859634]",0.0,"[-0.29918935894966125,-0.3515526056289673,0.9143329858779907,0.7055056691169739,0.003906537778675556,-0.012671258300542831,0.7085801362991333]","[0.15772685408592224,-0.16444988548755646,0.9793267846107483,-0.01926570199429989,0.0019022251944988966,-0.014599386602640152,0.9997059106826782]","[0.13372355699539185,-0.11550568789243698,0.7805881500244141]","[0.09688039869070053,0.15189382433891296,0.692365825176239,0.698693037033081]",0.0,0.0,0.0,False,False,0.009999999776482582
283,5,32,False,"[-0.013030432164669037,0.007367432117462158,-0.022636830806732178,0.03906415402889252,0.013008475303649902,-0.005349963903427124,1.0206470489501953,0.37842342257499695,1.6423715353012085,0.7722020149230957,0.8848350644111633,-1.2363927364349365,-0.01912742853164673,-0.04457855224609375]","[-0.012330407276749611,0.0036517749540507793,-0.024205407127738,0.03875212371349335,0.010009928606450558,-0.006220262032002211]",0.043982457369565964,"[0.3783695697784424,1.6424603462219238,0.7727887034416199,0.8836014270782471,-1.2357478141784668,-0.019251443445682526]",0.0,"[-0.2980172038078308,-0.3508574366569519,0.9166718125343323,0.7148533463478088,0.0016248069005087018,-0.00603072252124548,0.699246346950531]","[0.1578730344772339,-0.16537940502166748,0.9788141846656799,-0.021780863404273987,0.0026427151169627905,-0.016152018681168556,0.9996287226676941]","[0.13372357189655304,-0.11550568044185638,0.7805881500244141]","[0.0968802347779274,0.1518939584493637,0.6923659443855286,0.6986929774284363]",0.0,0.0,0.0,False,False,0.009999999776482582
284,5,33,False,"[-0.025595303624868393,0.06478482484817505,0.011387526988983154,0.04257240891456604,0.05053257942199707,0.014750301837921143,1.022751808166504,0.38587403297424316,1.6392161846160889,0.7723578214645386,0.876836895942688,-1.228560209274292,-0.01694503426551819,-0.04023289680480957]","[-0.024127041921019554,0.05747096240520477,0.007373305968940258,0.042170051485300064,0.045442063361406326,0.012080667540431023]",0.043969858437776566,"[0.3850647509098053,1.639580488204956,0.7724204659461975,0.8777028918266296,-1.2294847965240479,-0.017238913103938103]",0.0,"[-0.295788437128067,-0.3494719862937927,0.9235585927963257,0.7311654686927795,0.0015834668884053826,0.0068930331617593765,0.682163417339325]","[0.15610361099243164,-0.16650499403476715,0.9791126251220703,-0.02200448513031006,0.002063002670183778,-0.01354748010635376,0.9996638894081116]","[0.13372355699539185,-0.1155056580901146,0.7805881500244141]","[0.09688004106283188,0.15189428627490997,0.6923666596412659,0.6986922025680542]",0.0,0.0,0.0,False,False,0.012151479721069336
285,5,34,False,"[-0.041445668786764145,0.13895392417907715,0.0609106719493866,0.05252020061016083,0.1156976968050003,0.03415846824645996,1.0223660469055176,0.38392770290374756,1.6375482082366943,0.7758065462112427,0.8833763003349304,-1.231802225112915,-0.016011327505111694,-0.04562985897064209]","[-0.03956759721040726,0.12921598553657532,0.05487895384430885,0.05133901163935661,0.10685691237449646,0.031349897384643555]",0.04395584389567375,"[0.3840336501598358,1.63774836063385,0.7754427790641785,0.8826686143875122,-1.2315022945404053,-0.01616859808564186]",0.0,"[-0.2923637330532074,-0.3470277786254883,0.9349477291107178,0.7568251490592957,0.003461837535724044,0.018094701692461967,0.6533576250076294]","[0.15631067752838135,-0.16619788110256195,0.9808831810951233,-0.02248387411236763,0.0037858057767152786,-0.017607158049941063,0.9995849132537842]","[0.13372357189655304,-0.1155056580901146,0.7805881500244141]","[0.09688031673431396,0.15189406275749207,0.6923668384552002,0.6986920833587646]",0.0,0.0,0.0,False,False,0.0161605104804039
286,5,35,False,"[-0.05838910490274429,0.23278403282165527,0.112139493227005,0.0562744140625,0.17781803011894226,0.06670117378234863,1.0217713117599487,0.38447684049606323,1.6387393474578857,0.7808691263198853,0.876572847366333,-1.2231590747833252,-0.01879635453224182,-0.0455554723739624]","[-0.056337811052799225,0.22053469717502594,0.10552512109279633,0.05573328584432602,0.1688867211341858,0.062199126929044724]",0.04395766928792,"[0.3844156861305237,1.6386882066726685,0.7802210450172424,0.877341091632843,-1.2242060899734497,-0.01845933496952057]",0.0,"[-0.28857502341270447,-0.34214988350868225,0.9450607895851135,0.7819606065750122,0.0022126897238194942,0.03910231962800026,0.6220961213111877]","[0.1558847725391388,-0.16527940332889557,0.9815312027931213,-0.019025743007659912,0.0035498826764523983,-0.018043342977762222,0.9996497631072998]","[0.13372357189655304,-0.115505650639534,0.7805881500244141]","[0.09687981009483337,0.1518944799900055,0.6923670172691345,0.6986918449401855]",0.0,0.0,0.0,False,False,0.020578384399414062
287,5,36,False,"[-0.08596181124448776,0.3545414209365845,0.189193993806839,0.06822127103805542,0.2756904363632202,0.10198494791984558,1.028592824935913,0.3881966769695282,1.6360160112380981,0.7801426649093628,0.8726827502250671,-1.2175087928771973,-0.016571909189224243,-0.04798626899719238]","[-0.08272486925125122,0.3386273682117462,0.17981354892253876,0.06685131788253784,0.2622356414794922,0.09691933542490005]",0.04394601285457611,"[0.38778868317604065,1.6363407373428345,0.7801489233970642,0.8732746839523315,-1.2183643579483032,-0.01681230030953884]",0.0,"[-0.28238290548324585,-0.3339855670928955,0.9609584808349609,0.8177722692489624,0.004328534472733736,0.05726107954978943,0.5726698637008667]","[0.15502378344535828,-0.1658553183078766,0.9818975329399109,-0.0177972000092268,0.0032403171062469482,-0.016369862481951714,0.9997023344039917]","[0.13372358679771423,-0.1155056431889534,0.7805881500244141]","[0.09688004851341248,0.15189427137374878,0.6923671364784241,0.698691725730896]",0.0,0.0,0.0,False,False,0.02670004963874817
288,5,37,False,"[-0.11013486981391907,0.4622171223163605,0.2520545721054077,0.08163028955459595,0.35934311151504517,0.12949106097221375,1.0372142791748047,0.38876307010650635,1.642153263092041,0.7769123315811157,0.873039960861206,-1.216848373413086,-0.011637568473815918,-0.04036647081375122]","[-0.10713494569063187,0.447704941034317,0.24382200837135315,0.0798952579498291,0.3470955193042755,0.12534311413764954]",0.04395652562379837,"[0.38864758610725403,1.6415588855743408,0.7772372364997864,0.8730413317680359,-1.217037558555603,-0.012297024019062519]",0.0,"[-0.276111900806427,-0.3243030309677124,0.973273515701294,0.8478482365608215,0.004366030916571617,0.07128961384296417,0.5254065990447998]","[0.1547139436006546,-0.16578438878059387,0.979509711265564,-0.01758025400340557,0.00168992776889354,-0.010213414207100868,0.9997918009757996]","[0.13372357189655304,-0.11550566554069519,0.7805881500244141]","[0.09688010066747665,0.15189409255981445,0.6923665404319763,0.6986923217773438]",0.0,0.0,0.0,False,False,0.024603664875030518
289,5,38,False,"[-0.14183861017227173,0.5979171991348267,0.337083101272583,0.08762598037719727,0.47109255194664,0.16391679644584656,1.0444893836975098,0.38879215717315674,1.6364558935165405,0.7747641205787659,0.8731797337532043,-1.213329553604126,-0.007715553045272827,-0.04548424482345581]","[-0.13804103434085846,0.5802636742591858,0.3266143202781677,0.08688043802976608,0.4554269015789032,0.15900200605392456]",0.04395931214094162,"[0.38877391815185547,1.6369433403015137,0.7751256823539734,0.8731861114501953,-1.2138077020645142,-0.008300562389194965]",0.0,"[-0.26727351546287537,-0.31029653549194336,0.987402617931366,0.8824019432067871,0.002617352409288287,0.08584626764059067,0.4625909924507141]","[0.15499448776245117,-0.16648901998996735,0.9803053140640259,-0.01603018119931221,0.002137906150892377,-0.009446038864552975,0.999824583530426]","[0.13372355699539185,-0.11550568044185638,0.7805881500244141]","[0.09688003361225128,0.15189428627490997,0.6923659443855286,0.6986928582191467]",0.0,0.0,0.0,False,False,0.030059397220611572
290,5,39,False,"[-0.1736736297607422,0.7547701597213745,0.4273316264152527,0.1088075190782547,0.5896407961845398,0.20265723764896393,1.0580147504806519,0.3852595090866089,1.6416652202606201,0.7729033827781677,0.8722044229507446,-1.2071540355682373,-0.013677209615707397,-0.03981715440750122]","[-0.16977864503860474,0.7343524694442749,0.41614627838134766,0.10629475116729736,0.5726362466812134,0.19709241390228271]",0.04397977516055107,"[0.38562148809432983,1.6412098407745361,0.7731144428253174,0.8723034858703613,-1.207987904548645,-0.012989631853997707]",0.0,"[-0.25633466243743896,-0.29079920053482056,0.9995777606964111,0.9145138263702393,0.001742547145113349,0.09740012139081955,0.3926505446434021]","[0.15581479668617249,-0.16569286584854126,0.9784064888954163,-0.011548063717782497,0.0008443323895335197,-0.008456045761704445,0.9998971223831177]","[0.13372357189655304,-0.115505650639534,0.7805881500244141]","[0.09688004106283188,0.15189433097839355,0.6923668384552002,0.6986919641494751]",0.0,0.0,0.0,False,False,0.03508806228637695
291,5,40,False,"[-0.20391282439231873,0.881168007850647,0.5075810551643372,0.12396195530891418,0.6889395117759705,0.23646648228168488,1.0647790431976318,0.38506489992141724,1.6419408321380615,0.769564151763916,0.8703976273536682,-1.2051773071289062,-0.014687597751617432,-0.037439167499542236]","[-0.20016196370124817,0.8640413284301758,0.4974496066570282,0.12197847664356232,0.6741838455200195,0.23144714534282684]",0.043993256986141205,"[0.3851322829723358,1.6418237686157227,0.7699995636940002,0.8706414699554443,-1.2055373191833496,-0.014471091330051422]",0.0,"[-0.24506039917469025,-0.272335022687912,1.00884211063385,0.9386900663375854,0.004290825687348843,0.1022830680012703,0.3292119801044464]","[0.1561032235622406,-0.1659233123064041,0.9772256016731262,-0.010084777139127254,-0.00014399993233382702,-0.006688250694423914,0.9999266862869263]","[0.13372358679771423,-0.1155056431889534,0.7805881500244141]","[0.09688033163547516,0.1518939584493637,0.6923671960830688,0.6986916661262512]",0.0,0.0,0.0,False,False,0.029578804969787598
292,5,41,False,"[-0.22821570932865143,0.9971710443496704,0.5790392160415649,0.1372092068195343,0.7832016944885254,0.25847166776657104,1.0790278911590576,0.3842979073524475,1.6347911357879639,0.7618604898452759,0.8777812719345093,-1.211462378501892,-0.014117926359176636,-0.04403191804885864]","[-0.22516022622585297,0.9817102551460266,0.5699743628501892,0.13549503684043884,0.7693369388580322,0.2550254166126251]",0.04399999976158142,"[0.3844057321548462,1.6355262994766235,0.7628287076950073,0.8768895268440247,-1.210731863975525,-0.014165292493999004]",0.0,"[-0.23407059907913208,-0.25432735681533813,1.0141226053237915,0.9571423530578613,0.0017812363803386688,0.10285690426826477,0.270731657743454]","[0.15698541700839996,-0.1676299273967743,0.9775825142860413,-0.012311710976064205,0.0008497780654579401,-0.009037761949002743,0.9998829960823059]","[0.13372357189655304,-0.115505650639534,0.7805881500244141]","[0.09688032418489456,0.1518939882516861,0.6923669576644897,0.6986919641494751]",0.0,0.0,0.0,False,False,0.02692049741744995
293,5,42,False,"[-0.2498762011528015,1.1044137477874756,0.6396536231040955,0.14830484986305237,0.8579361438751221,0.2984745502471924,1.0809757709503174,0.38168609142303467,1.6341652870178223,0.7622721791267395,0.8656274676322937,-1.201958179473877,-0.023974120616912842,-0.03255736827850342]","[-0.24717159569263458,1.090199589729309,0.6319357752799988,0.1468689739704132,0.8466394543647766,0.2929326295852661]",0.04399999976158142,"[0.3819614350795746,1.6343809366226196,0.7623102068901062,0.8670506477355957,-1.2030662298202515,-0.022720469161868095]",0.0,"[-0.223455011844635,-0.237054705619812,1.0147957801818848,0.9696446061134338,0.004409063141793013,0.10567230731248856,0.22046151757240295]","[0.15774919092655182,-0.16725143790245056,0.9770083427429199,-0.007272521499544382,-0.0008368974085897207,-0.009027508087456226,0.9999324083328247]","[0.13372357189655304,-0.11550567299127579,0.7805881500244141]","[0.09688039869070053,0.15189385414123535,0.6923664212226868,0.6986925005912781]",0.0,0.0,0.0,False,False,0.024966120719909668
294,5,43,False,"[-0.25788652896881104,1.128899335861206,0.6568455696105957,0.1549762487411499,0.8764441013336182,0.30493849515914917,1.0817831754684448,0.38109034299850464,1.6391451358795166,0.7585065960884094,0.8663953542709351,-1.200404167175293,-0.02149912714958191,-0.03579586744308472]","[-0.25672218203544617,1.124300479888916,0.6542145609855652,0.1540498584508896,0.8726567029953003,0.3034108579158783]",0.04399720951914787,"[0.38118621706962585,1.6386399269104004,0.758919358253479,0.8664572834968567,-1.2007395029067993,-0.021654773503541946]",0.0,"[-0.21925480663776398,-0.23145791888237,1.0157281160354614,0.973610520362854,0.007443321403115988,0.10415086150169373,0.20292767882347107]","[0.15798591077327728,-0.16711951792240143,0.9747602939605713,-0.005737556144595146,-0.002371795941144228,-0.00466162571683526,0.9999697804450989]","[0.13372355699539185,-0.11550566554069519,0.7805881500244141]","[0.09688018262386322,0.15189418196678162,0.6923666596412659,0.6986922025680542]",0.0,0.0,0.0,False,False,0.009999999776482582
295,5,44,False,"[-0.29197973012924194,1.2922700643539429,0.7460190653800964,0.17376580834388733,0.9984384775161743,0.3477762043476105,1.0999276638031006,0.3782309293746948,1.6263833045959473,0.7464985251426697,0.8738386034965515,-1.207871675491333,-0.02381804585456848,-0.029069960117340088]","[-0.28809332847595215,1.272843837738037,0.7358738780021667,0.17149771749973297,0.9823468327522278,0.3421142101287842]",0.04399999976158142,"[0.3785723149776459,1.6276625394821167,0.7479946613311768,0.8729309439659119,-1.2069973945617676,-0.0235449206084013]",0.0,"[-0.20264603197574615,-0.20772048830986023,1.0107043981552124,0.9860820174217224,0.0033435323275625706,0.10103730112314224,0.13199454545974731]","[0.159792959690094,-0.16960549354553223,0.9754629731178284,-0.007547376211732626,-0.0011337012983858585,-0.008636528626084328,0.9999334812164307]","[0.13372358679771423,-0.115505650639534,0.7805881500244141]","[0.09688014537096024,0.15189410746097565,0.6923669576644897,0.6986919045448303]",0.0,0.0,0.0,False,False,0.03471064567565918
296,5,45,False,"[-0.3070022165775299,1.3407881259918213,0.7760345935821533,0.18174871802330017,1.0312163829803467,0.3657134771347046,1.0957369804382324,0.3785088062286377,1.636458158493042,0.7503033876419067,0.870142936706543,-1.2029461860656738,-0.022261738777160645,-0.02543705701828003]","[-0.30494481325149536,1.3325878381729126,0.7718850374221802,0.18062840402126312,1.0249857902526855,0.362708181142807]",0.04399999976158142,"[0.3785029351711273,1.635547399520874,0.7499781250953674,0.8704662919044495,-1.2034449577331543,-0.022423870861530304]",0.0,"[-0.1943768709897995,-0.19824720919132233,1.0084737539291382,0.9899147152900696,0.006573624908924103,0.0979527160525322,0.10213138908147812]","[0.159380704164505,-0.16841162741184235,0.9735084772109985,-0.005752988159656525,-0.0026879722718149424,-0.004183095879852772,0.9999710917472839]","[0.13372357189655304,-0.1155056357383728,0.7805881500244141]","[0.09687964618206024,0.1518949568271637,0.6923674941062927,0.6986913084983826]",0.0,0.0,0.0,False,False,0.014131665229797363
297,5,46,False,"[-0.3234303593635559,1.4037396907806396,0.8092811703681946,0.20128121972084045,1.0820754766464233,0.37803706526756287,1.0844244956970215,0.375762939453125,1.6301864385604858,0.7435079216957092,0.8791062235832214,-1.205132246017456,-0.021710723638534546,-0.025245368480682373]","[-0.3214276134967804,1.395450472831726,0.8051860332489014,0.19875666499137878,1.074775218963623,0.3760845959186554]",0.04399999976158142,"[0.37606698274612427,1.630699872970581,0.7443210482597351,0.8780297636985779,-1.2049305438995361,-0.02180365100502968]",0.0,"[-0.18571829795837402,-0.18869608640670776,1.0045044422149658,0.9932954907417297,0.0073126195929944515,0.0919300764799118,0.0697091817855835]","[0.160580575466156,-0.16941134631633759,0.9739558100700378,-0.005263658240437508,-0.0014565953752025962,-0.007014691364020109,0.9999604225158691]","[0.13372357189655304,-0.115505650639534,0.7805881500244141]","[0.09688017517328262,0.15189403295516968,0.6923669576644897,0.6986919641494751]",0.0,0.0,0.0,False,False,0.014700651168823242
298,5,47,False,"[-0.33711764216423035,1.452512264251709,0.8330879211425781,0.20272570848464966,1.1176252365112305,0.3839947283267975,1.0817009210586548,0.37372109293937683,1.6297111511230469,0.740001916885376,0.8849555253982544,-1.2035493850708008,-0.01889243721961975,-0.019412696361541748]","[-0.33541807532310486,1.4458168745040894,0.8300480246543884,0.20229896903038025,1.1121459007263184,0.3829862177371979]",0.04399999976158142,"[0.3739749789237976,1.6298407316207886,0.7404869794845581,0.884068489074707,-1.2037285566329956,-0.019264595583081245]",0.0,"[-0.17857977747917175,-0.18179842829704285,0.9992753863334656,0.9950149655342102,6.357685197144747e-05,0.0893927812576294,0.04420488327741623]","[0.16141800582408905,-0.16972310841083527,0.9736191630363464,-0.0036097040865570307,-0.0009225552203133702,-0.007172423414885998,0.9999673366546631]","[0.13372355699539185,-0.11550568789243698,0.7805881500244141]","[0.09688030183315277,0.15189413726329803,0.6923659443855286,0.6986929178237915]",0.0,0.0,0.0,False,False,0.011893868446350098
299,5,48,False,"[-0.3369298279285431,1.4658942222595215,0.8424490690231323,0.19332069158554077,1.1212490797042847,0.40490835905075073,1.0809216499328613,0.37071657180786133,1.626953363418579,0.7431401610374451,0.8695128560066223,-1.1974810361862183,-0.028469473123550415,-0.003920853137969971]","[-0.3367548882961273,1.463396668434143,0.8411891460418701,0.19453001022338867,1.1200791597366333,0.40211209654808044]",0.043995451182127,"[0.3710586130619049,1.627296805381775,0.7428414225578308,0.8713701367378235,-1.198265552520752,-0.027292676270008087]",0.0,"[-0.17702573537826538,-0.1788482666015625,0.9973604083061218,0.9951156377792358,0.002795145381242037,0.09088850766420364,0.038420550525188446]","[0.16220638155937195,-0.16908665001392365,0.9740173816680908,0.0005564242601394653,-0.0023856041952967644,-0.00755418511107564,0.999968409538269]","[0.13372355699539185,-0.11550567299127579,0.7805881500244141]","[0.09688007831573486,0.1518942266702652,0.6923662424087524,0.6986926198005676]",0.0,0.0,0.0,False,False,0.009999999776482582
300,5,49,False,"[-0.3457002341747284,1.4892239570617676,0.849755585193634,0.20538797974586487,1.142027497291565,0.39521199464797974,1.0699299573898315,0.3701236844062805,1.627324104309082,0.730728268623352,0.8960809707641602,-1.2088236808776855,-0.016810476779937744,-0.015001356601715088]","[-0.3447505831718445,1.4862278699874878,0.8488205671310425,0.20402131974697113,1.1392254829406738,0.3960941731929779]",0.04399999976158142,"[0.37025466561317444,1.6273092031478882,0.7320995330810547,0.8929258584976196,-1.207505226135254,-0.01815223880112171]",0.0,"[-0.1733396351337433,-0.17629818618297577,0.9942207932472229,0.9957732558250427,-0.003160606138408184,0.08812308311462402,0.02568947710096836]","[0.16303351521492004,-0.17078915238380432,0.9727367162704468,-0.0036323401145637035,-0.0003767759772017598,-0.00801339466124773,0.9999611973762512]","[0.13372355699539185,-0.11550566554069519,0.7805881500244141]","[0.09688027203083038,0.15189433097839355,0.6923664808273315,0.6986923217773438]",0.0,0.0,0.0,False,True,0.009999999776482582
