update step=0 qpos=[5.115576473709027e-13, -1.1561168578941706e-15, 1.7672687317415835e-17, 7.853411024860463e-16, -9.987140238074121e-13, 2.5006567996865847e-12, 1.0, 5.115578100012286e-13, -1.1561144226744473e-15, 1.7668519981489792e-17, 7.853378731729349e-16, -9.987125059243707e-13, 2.5006539807609363e-12, 1.0]
pred step=0 action=[[-0.0017703622579574585, -0.11262333393096924, -0.06701314449310303, -0.009568989276885986, -0.037526220083236694, -0.04491487145423889, 1.0253567695617676, 0.06521230936050415, 0.011757075786590576, 0.005098402500152588, -0.03001190349459648, 0.048197031021118164, -0.01267176866531372, 0.9779954552650452]] left_gripper=1.0253567695617676 right_gripper=0.9779954552650452
update step=1 qpos=[-0.0014747407985851169, -0.09821974486112595, -0.03597745671868324, -0.008799172937870026, -0.03278867527842522, -0.0391903892159462, 1.0, 0.057458579540252686, 0.010428273119032383, 0.004320732317864895, -0.026242977008223534, 0.041972193866968155, -0.011060128919780254, 0.9779954552650452]
pred step=1 action=[[-0.0013809502124786377, -0.12045753002166748, -0.06761938333511353, -0.01014949381351471, -0.0397016704082489, -0.04322722554206848, 1.0291028022766113, 0.06504885107278824, 0.0029330849647521973, 0.0047637224197387695, -0.026681136339902878, 0.049191683530807495, -0.014776557683944702, 0.9823222160339355]] left_gripper=1.0291028022766113 right_gripper=0.9823222160339355
update step=2 qpos=[-0.0013743574963882565, -0.11750205606222153, -0.03583367541432381, -0.009946673177182674, -0.03883158788084984, -0.04271534085273743, 1.0, 0.06415296345949173, 0.0037890314124524593, 0.004807499703019857, -0.02659434638917446, 0.048265427350997925, -0.014303666539490223, 0.9823222160339355]
pred step=2 action=[[-0.0006723925471305847, -0.11638599634170532, -0.062284648418426514, -0.013862468302249908, -0.039730727672576904, -0.0352022647857666, 1.032944917678833, 0.06676051765680313, 0.020827174186706543, 0.01907891035079956, -0.036453910171985626, 0.05500084161758423, -0.026060909032821655, 0.9810959100723267]] left_gripper=1.032944917678833 right_gripper=0.9810959100723267
update step=3 qpos=[-0.0007519721402786672, -0.11744992434978485, -0.03593533858656883, -0.013440676033496857, -0.03961790353059769, -0.03616054356098175, 1.0, 0.06644386053085327, 0.018796207383275032, 0.017415599897503853, -0.035174641758203506, 0.05414291098713875, -0.0245621670037508, 0.9810959100723267]
pred step=3 action=[[-0.0018020346760749817, -0.1192886233329773, -0.05863392353057861, -0.011796042323112488, -0.04255717992782593, -0.02842557430267334, 1.031847596168518, 0.06942000240087509, 0.03133571147918701, 0.026544809341430664, -0.0386294424533844, 0.051937997341156006, -0.033275753259658813, 0.9931378364562988]] left_gripper=1.031847596168518 right_gripper=0.9931378364562988
update step=4 qpos=[-0.0016714292578399181, -0.1188872903585434, -0.03595932945609093, -0.011989740654826164, -0.042182806879282, -0.029411496594548225, 1.0, 0.06907737255096436, 0.02985471300780773, 0.02546335756778717, -0.03818053379654884, 0.05220968648791313, -0.0321660079061985, 0.9931378364562988]
pred step=4 action=[[-0.004745915532112122, -0.10847622156143188, -0.047784626483917236, -0.008335970342159271, -0.034938931465148926, -0.024333477020263672, 1.0362236499786377, 0.07478184998035431, 0.07132565975189209, 0.05377984046936035, -0.0590023472905159, 0.04866605997085571, -0.06176254153251648, 0.999444842338562]] left_gripper=1.0362236499786377 right_gripper=0.999444842338562
update step=5 qpos=[-0.004398987628519535, -0.11018577963113785, -0.035952575504779816, -0.00882093608379364, -0.03584776446223259, -0.02497972920536995, 1.0, 0.07412634044885635, 0.06640655547380447, 0.05045907944440842, -0.05631428211927414, 0.04909783974289894, -0.05799093097448349, 0.999444842338562]
pred step=5 action=[[-0.0025401711463928223, -0.09995847940444946, -0.039351046085357666, -0.01175813376903534, -0.029226243495941162, -0.015193670988082886, 1.0437519550323486, 0.08228911459445953, 0.08256685733795166, 0.0790557861328125, -0.0773576945066452, 0.05546027421951294, -0.08650912344455719, 1.0025192499160767]] left_gripper=1.0437519550323486 right_gripper=1.0025192499160767
update step=6 qpos=[-0.002773912390694022, -0.10127469897270203, -0.036012470722198486, -0.011429419741034508, -0.030064933001995087, -0.01644071936607361, 1.0, 0.08132467418909073, 0.08062510937452316, 0.07577180117368698, -0.07460536062717438, 0.0546354278922081, -0.08287544548511505, 1.0]
pred step=6 action=[[-0.0030075833201408386, -0.08865678310394287, -0.0296819806098938, -0.009578146040439606, -0.01863202452659607, -0.00354081392288208, 1.0417555570602417, 0.08633477240800858, 0.13849520683288574, 0.12598785758018494, -0.11042987555265427, 0.06431570649147034, -0.12760193645954132, 1.0152332782745361]] left_gripper=1.0417555570602417 right_gripper=1.0152332782745361
update step=7 qpos=[-0.003004750469699502, -0.09017592668533325, -0.030367908999323845, -0.009791893884539604, -0.020074496045708656, -0.005184190813452005, 1.0, 0.08573835343122482, 0.13164468109607697, 0.12009447813034058, -0.10578858852386475, 0.06307508796453476, -0.12190176546573639, 1.0]
pred step=7 action=[[-0.0017258822917938232, -0.09047842025756836, -0.03315383195877075, -0.016163550317287445, -0.022966504096984863, 0.004194676876068115, 1.0431201457977295, 0.09415803849697113, 0.18095892667770386, 0.15501868724822998, -0.13206768035888672, 0.0746239721775055, -0.1554463803768158, 1.0103826522827148]] left_gripper=1.0431201457977295 right_gripper=1.0103826522827148
update step=8 qpos=[-0.0018717206548899412, -0.0904064029455185, -0.032917674630880356, -0.015385701321065426, -0.022601580247282982, 0.002999315271154046, 1.0, 0.09315559267997742, 0.17518725991249084, 0.1508205384016037, -0.12869799137115479, 0.073140949010849, -0.15117321908473969, 1.0]
pred step=8 action=[[-0.005507074296474457, -0.0842968225479126, -0.024145424365997314, -0.003381773829460144, -0.015790075063705444, -0.004248321056365967, 1.0418448448181152, 0.09869855642318726, 0.20531201362609863, 0.1758510172367096, -0.13833844661712646, 0.05231902003288269, -0.17784029245376587, 1.0207252502441406]] left_gripper=1.0418448448181152 right_gripper=1.0207252502441406
update step=9 qpos=[-0.005092589650303125, -0.08509135991334915, -0.02499021403491497, -0.004839607048779726, -0.016644727438688278, -0.0033231135457754135, 1.0, 0.09810078144073486, 0.20176199078559875, 0.17294764518737793, -0.13705843687057495, 0.05493594706058502, -0.1744442582130432, 1.0]
pred step=9 action=[[-0.005073130130767822, -0.062710702419281, -0.01882457733154297, -0.01207210123538971, -0.011206448078155518, 0.018132418394088745, 1.0387381315231323, 0.10580618679523468, 0.2979298233985901, 0.250713974237442, -0.188370943069458, 0.07140350341796875, -0.24723771214485168, 1.0084075927734375]] left_gripper=1.0387381315231323 right_gripper=1.0084075927734375
update step=10 qpos=[-0.005089486483484507, -0.06531579047441483, -0.01969108171761036, -0.011193857528269291, -0.011890426278114319, 0.015397089533507824, 1.0, 0.10488839447498322, 0.28655868768692017, 0.2417190968990326, -0.18165837228298187, 0.06929323077201843, -0.2379591166973114, 1.0]
pred step=10 action=[[-0.0033119916915893555, -0.06945568323135376, -0.013446569442749023, -0.0038077980279922485, -0.002380549907684326, 0.02294015884399414, 1.0394761562347412, 0.11775345355272293, 0.35818588733673096, 0.31382596492767334, -0.2337692379951477, 0.07456544041633606, -0.3142856955528259, 1.0518425703048706]] left_gripper=1.0394761562347412 right_gripper=1.0518425703048706
update step=11 qpos=[-0.003541684476658702, -0.06901969760656357, -0.014018652029335499, -0.004684289917349815, -0.0035847309045493603, 0.021979887038469315, 1.0, 0.11625698953866959, 0.34978386759757996, 0.30539289116859436, -0.22698159515857697, 0.07386140525341034, -0.30456048250198364, 1.0]
pred step=11 action=[[-0.010218881070613861, -0.054342567920684814, -0.014643251895904541, 0.0027658790349960327, -0.005251467227935791, 0.031150013208389282, 1.0404152870178223, 0.13089138269424438, 0.48290860652923584, 0.3896392583847046, -0.30003446340560913, 0.06764116883277893, -0.3986504375934601, 1.0527410507202148]] left_gripper=1.0404152870178223 right_gripper=1.0527410507202148
update step=12 qpos=[-0.009431135840713978, -0.05604800209403038, -0.014666012488305569, 0.001779713318683207, -0.0050257788971066475, 0.029981795698404312, 1.0, 0.12922365963459015, 0.46745064854621887, 0.3796170949935913, -0.2905910611152649, 0.0683811753988266, -0.3866629898548126, 1.0]
pred step=12 action=[[-0.007921673357486725, -0.052623450756073, -0.013549745082855225, -0.006960049271583557, -0.005393624305725098, 0.028158962726593018, 1.0505503416061401, 0.13292217254638672, 0.550915002822876, 0.47830861806869507, -0.3599674105644226, 0.08374965190887451, -0.47021862864494324, 1.0362319946289062]] left_gripper=1.0505503416061401 right_gripper=1.0362319946289062
update step=13 qpos=[-0.008099067024886608, -0.05301683023571968, -0.013710999861359596, -0.005857023876160383, -0.0053502838127315044, 0.028391679748892784, 1.0, 0.13248653709888458, 0.5410281419754028, 0.46705135703086853, -0.3508099317550659, 0.08178814500570297, -0.45956897735595703, 1.0]
pred step=13 action=[[-0.004411131143569946, -0.045113325119018555, -0.00195235013961792, -0.003598034381866455, 0.008193552494049072, 0.02688777446746826, 1.039052963256836, 0.14565767347812653, 0.6419511437416077, 0.5379400253295898, -0.42081087827682495, 0.08169004321098328, -0.5616872906684875, 1.0641087293624878]] left_gripper=1.039052963256836 right_gripper=1.0641087293624878
update step=14 qpos=[-0.0048717595636844635, -0.04610350728034973, -0.003195749595761299, -0.0038248123601078987, 0.006474067457020283, 0.027079880237579346, 1.0, 0.14415358006954193, 0.6304303407669067, 0.5293185114860535, -0.41179192066192627, 0.08165869861841202, -0.5486760139465332, 1.0]
pred step=14 action=[[-0.006239883601665497, -0.046174049377441406, 0.0012021660804748535, -0.0056285858154296875, 0.006962865591049194, 0.015245914459228516, 1.025575876235962, 0.14193440973758698, 0.6893707513809204, 0.5775624513626099, -0.44313183426856995, 0.07444393634796143, -0.6062129735946655, 1.0683501958847046]] left_gripper=1.025575876235962 right_gripper=1.0683501958847046
update step=15 qpos=[-0.0060782479122281075, -0.046152807772159576, 0.0006509772501885891, -0.005398410838097334, 0.006903231143951416, 0.016754765063524246, 1.0, 0.1422351747751236, 0.6825156211853027, 0.5720161199569702, -0.43897169828414917, 0.07535579800605774, -0.5988812446594238, 1.0]
pred step=15 action=[[-0.011251784861087799, -0.038685619831085205, -0.0035247802734375, -0.003789380192756653, -0.0011060833930969238, 0.018249183893203735, 1.0435850620269775, 0.150954931974411, 0.7784293293952942, 0.6513360142707825, -0.49097785353660583, 0.07393792271614075, -0.6718738079071045, 1.0341527462005615]] left_gripper=1.0435850620269775 right_gripper=1.0341527462005615
update step=16 qpos=[-0.010627423413097858, -0.03953252360224724, -0.0031327027827501297, -0.004037169273942709, -8.331056596944109e-05, 0.0180580485612154, 1.0, 0.1499708890914917, 0.767320454120636, 0.6421400904655457, -0.48407626152038574, 0.07409226149320602, -0.6625701785087585, 1.0]
pred step=16 action=[[-0.005742743611335754, -0.037912607192993164, 0.006078600883483887, -0.011162899434566498, 0.0037878453731536865, 0.024402737617492676, 1.0293536186218262, 0.14953044056892395, 0.8289967179298401, 0.6911153197288513, -0.5279461145401001, 0.08632397651672363, -0.7301120162010193, 1.0406101942062378]] left_gripper=1.0293536186218262 right_gripper=1.0406101942062378
update step=17 qpos=[-0.0063261790201067924, -0.03814447298645973, 0.005099581088870764, -0.010207218118011951, 0.003289093030616641, 0.023593652993440628, 1.0, 0.14957605302333832, 0.8219230771064758, 0.685315728187561, -0.5222187638282776, 0.08477053046226501, -0.7215033173561096, 1.0]
pred step=17 action=[[-0.011992834508419037, -0.03490418195724487, 0.015420317649841309, 0.001891210675239563, 0.006010115146636963, 0.013591766357421875, 1.0237758159637451, 0.166961207985878, 0.9436982870101929, 0.7786847352981567, -0.5872624516487122, 0.07782784104347229, -0.8210525512695312, 0.9947848320007324]] left_gripper=1.0237758159637451 right_gripper=0.9947848320007324
update step=18 qpos=[-0.011330651119351387, -0.0353366918861866, 0.01433839462697506, 0.0004115812771487981, 0.005676472559571266, 0.0148679343983531, 1.0, 0.16500110924243927, 0.9296135902404785, 0.7678972482681274, -0.5786012411117554, 0.07866552472114563, -0.8083639144897461, 0.9947848320007324]
pred step=18 action=[[-0.005929417908191681, -0.026996374130249023, 0.017883658409118652, 0.0003046989440917969, 0.005797088146209717, 0.022220373153686523, 1.0216366052627563, 0.16511598229408264, 0.9511739611625671, 0.8153771162033081, -0.600944459438324, 0.0881589949131012, -0.8504551649093628, 0.9482492208480835]] left_gripper=1.0216366052627563 right_gripper=0.9482492208480835
update step=19 qpos=[-0.006566067226231098, -0.027949273586273193, 0.01737409271299839, 0.00029525801073759794, 0.005772287491708994, 0.0212820153683424, 1.0, 0.16509786248207092, 0.9484706521034241, 0.8101213574409485, -0.597881019115448, 0.0869569256901741, -0.8450901508331299, 0.9482492208480834]
pred step=19 action=[[-0.01026412844657898, -0.03582531213760376, 0.007956922054290771, 0.015924856066703796, 0.010052353143692017, 0.003290027379989624, 1.0047471523284912, 0.17178437113761902, 0.9393773078918457, 0.7915495038032532, -0.5898919701576233, 0.08025413751602173, -0.8411449193954468, 0.9302128553390503]] left_gripper=1.0047471523284912 right_gripper=0.9302128553390503
update step=20 qpos=[-0.009835327975451946, -0.034892719238996506, 0.009079295210540295, 0.013925475999712944, 0.009516477584838867, 0.005584881640970707, 1.0, 0.17103450000286102, 0.9406291246414185, 0.7934765219688416, -0.5910320281982422, 0.08108434826135635, -0.8416536450386047, 0.9302128553390503]
pred step=20 action=[[-0.011979617178440094, -0.04598665237426758, -0.009309232234954834, 0.015214115381240845, -0.0027118921279907227, -0.002936631441116333, 0.988021731376648, 0.16014766693115234, 0.9632290005683899, 0.7737269401550293, -0.5970476865768433, 0.06887874007225037, -0.8583709001541138, 0.9077123403549194]] left_gripper=0.988021731376648 right_gripper=0.9077123403549194
update step=21 qpos=[-0.011702359654009342, -0.0446154847741127, -0.007291867863386869, 0.014975694939494133, -0.001162802567705512, -0.0018516735872253776, 0.988021731376648, 0.16142921149730682, 0.9608250260353088, 0.7758098840713501, -0.5963698625564575, 0.07044729590415955, -0.8562390804290771, 0.9077123403549194]
pred step=21 action=[[-0.015504986047744751, -0.028710782527923584, 0.0030860304832458496, 0.018700435757637024, 0.008834689855575562, 0.0019572973251342773, 0.9813293814659119, 0.17152340710163116, 1.0969977378845215, 0.8741960525512695, -0.657237708568573, 0.07452607154846191, -0.9704083204269409, 0.7902340888977051]] left_gripper=0.9813293814659119 right_gripper=0.7902340888977051
update step=22 qpos=[-0.015079069882631302, -0.03066999465227127, 0.002053641015663743, 0.01829243078827858, 0.0075783864594995975, 0.001472219591960311, 0.9813293814659119, 0.1703886091709137, 1.0810763835906982, 0.8630949258804321, -0.6489724516868591, 0.07398916035890579, -0.9558460712432861, 0.7902340888977051]
pred step=22 action=[[-0.015384092926979065, -0.0295792818069458, -0.011859655380249023, 0.012516498565673828, 0.003913462162017822, 0.007797837257385254, 0.9700058698654175, 0.16719162464141846, 1.1344921588897705, 0.881230890750885, -0.6914805173873901, 0.09070262312889099, -1.0032657384872437, 0.7961664199829102]] left_gripper=0.9700058698654175 right_gripper=0.7961664199829102
update step=23 qpos=[-0.015342003665864468, -0.029608920216560364, -0.010472787544131279, 0.013147251680493355, 0.004378775134682655, 0.006991344038397074, 0.9700058698654175, 0.16752289235591888, 1.1283454895019531, 0.8790324330329895, -0.6860047578811646, 0.08859075605869293, -0.9972237348556519, 0.7961664199829102]
pred step=23 action=[[-0.013072922825813293, -0.020326852798461914, 0.009368956089019775, 0.021396681666374207, 0.004913300275802612, 0.008253931999206543, 0.9722182154655457, 0.16854217648506165, 1.1356990337371826, 0.9159502983093262, -0.6962494850158691, 0.09492480754852295, -1.0280646085739136, 0.6787452697753906]] left_gripper=0.9722182154655457 right_gripper=0.6787452697753906
update step=24 qpos=[-0.013340906240046024, -0.021565059199929237, 0.007402229122817516, 0.02049015648663044, 0.004841054789721966, 0.008093061856925488, 0.9722182154655457, 0.1684231013059616, 1.1344630718231201, 0.9120994806289673, -0.6947211027145386, 0.09412509202957153, -1.0241296291351318, 0.6787452697753906]
pred step=24 action=[[-0.015325576066970825, -0.026121854782104492, -0.008118212223052979, 0.029042407870292664, 0.00022101402282714844, 0.0019896328449249268, 0.9498787522315979, 0.15750394761562347, 1.2090842723846436, 0.9143259525299072, -0.6844778060913086, 0.0779789388179779, -1.0479106903076172, 0.6982318162918091]] left_gripper=0.9498787522315979 right_gripper=0.6982318162918091
update step=25 qpos=[-0.015081512741744518, -0.02548014000058174, -0.006549352779984474, 0.02785039320588112, 0.0008081403793767095, 0.0027677633333951235, 0.9498787522315979, 0.15878911316394806, 1.2011724710464478, 0.9137197732925415, -0.6857030391693115, 0.08004872500896454, -1.0448757410049438, 0.6982318162918091]
pred step=25 action=[[-0.016899116337299347, -0.023298442363739014, -0.0031827688217163086, 0.02458186447620392, -0.005954384803771973, 0.006045788526535034, 0.9512512683868408, 0.1723116934299469, 1.191606044769287, 0.9380571246147156, -0.719541072845459, 0.07626542448997498, -1.0636498928070068, 0.5875254273414612]] left_gripper=0.9512512683868408 right_gripper=0.5875254273414612
update step=26 qpos=[-0.01667245477437973, -0.023595139384269714, -0.003481560619547963, 0.02503156289458275, -0.005095907486975193, 0.005627274978905916, 0.9512512683868408, 0.170820415019989, 1.1920549869537354, 0.9357386827468872, -0.7150976657867432, 0.07671274989843369, -1.0612577199935913, 0.5875254273414612]
pred step=26 action=[[-0.02041933685541153, -0.01300269365310669, -0.0009434223175048828, 0.040528520941734314, 0.00021138787269592285, 0.0014431476593017578, 0.9422194957733154, 0.15655164420604706, 1.2425236701965332, 0.9758645296096802, -0.7344844937324524, 0.08344724774360657, -1.1016749143600464, 0.55576491355896]] left_gripper=0.9422194957733154 right_gripper=0.55576491355896
update step=27 qpos=[-0.019989559426903725, -0.014282211661338806, -0.0011729862308129668, 0.03857514262199402, -0.00045280237100087106, 0.001977458829060197, 0.9422194957733154, 0.15814867615699768, 1.2369872331619263, 0.9709716439247131, -0.7318668961524963, 0.08262504637241364, -1.0965157747268677, 0.55576491355896]
pred step=27 action=[[-0.017977967858314514, -0.014649808406829834, -0.013231277465820312, 0.030287116765975952, -0.006749510765075684, 0.007091552019119263, 0.9413748383522034, 0.16331075131893158, 1.290664553642273, 0.9948219060897827, -0.7414620518684387, 0.09379494190216064, -1.1067339181900024, 0.5468593835830688]] left_gripper=0.9413748383522034 right_gripper=0.5468593835830688
update step=28 qpos=[-0.018202507868409157, -0.01452011987566948, -0.012031521648168564, 0.031252238899469376, -0.005956578068435192, 0.006438728887587786, 0.9413748383522034, 0.1627141535282135, 1.2845748662948608, 0.9920645952224731, -0.7400720715522766, 0.09236915409564972, -1.1054301261901855, 0.5468593835830688]
pred step=28 action=[[-0.021572023630142212, -0.014138877391815186, -0.00779193639755249, 0.03676298260688782, -0.00760999321937561, -0.010619014501571655, 0.9280729293823242, 0.1805908977985382, 1.319387674331665, 1.0321470499038696, -0.7770627737045288, 0.09916406869888306, -1.1456776857376099, 0.48537957668304443]] left_gripper=0.9280729293823242 right_gripper=0.48537957668304443
update step=29 qpos=[-0.021170463413000107, -0.014255786314606667, -0.008097998797893524, 0.036125652492046356, -0.007396711967885494, -0.008443636819720268, 0.9280729293823243, 0.17860136926174164, 1.315124273300171, 1.0276145935058594, -0.7721801996231079, 0.09826424717903137, -1.1405448913574219, 0.4853795766830445]
pred step=29 action=[[-0.020097676664590836, -0.0067261457443237305, -0.009110689163208008, 0.03429067134857178, -0.008502155542373657, 0.0018204748630523682, 0.9344663619995117, 0.16827522218227386, 1.3255008459091187, 1.0365434885025024, -0.7919365763664246, 0.09864196181297302, -1.1583561897277832, 0.49036234617233276]] left_gripper=0.9344663619995117 right_gripper=0.49036234617233276
update step=30 qpos=[-0.020222995430231094, -0.0075816200114786625, -0.009090060368180275, 0.03448837995529175, -0.008363403379917145, 0.0005107704200781882, 0.9344663619995117, 0.16940563917160034, 1.3242909908294678, 1.0354245901107788, -0.7894224524497986, 0.09861912578344345, -1.1560852527618408, 0.4903623461723328]
pred step=30 action=[[-0.020489688962697983, -0.016165316104888916, -0.006189167499542236, 0.04033897817134857, -0.004329890012741089, -0.011877506971359253, 0.9335923790931702, 0.1675603687763214, 1.3054124116897583, 1.0295499563217163, -0.787532389163971, 0.09751972556114197, -1.1561540365219116, 0.4718247056007385]] left_gripper=0.9335923790931702 right_gripper=0.4718247056007385
update step=31 qpos=[-0.020465118810534477, -0.015197285450994968, -0.006392786279320717, 0.039647024124860764, -0.004840738605707884, -0.010297177359461784, 0.9335923790931702, 0.16776904463768005, 1.3074396848678589, 1.0303436517715454, -0.7878066897392273, 0.09766311943531036, -1.1561464071273804, 0.4718247056007385]
pred step=31 action=[[-0.020482532680034637, -0.016844570636749268, -0.007458984851837158, 0.03919023275375366, -0.013643920421600342, 0.0023679733276367188, 0.9384613633155823, 0.1685764193534851, 1.3382083177566528, 1.0434025526046753, -0.7659593224525452, 0.07972735166549683, -1.1595381498336792, 0.4496660530567169]] left_gripper=0.9384613633155823 right_gripper=0.4496660530567169
update step=32 qpos=[-0.020464103668928146, -0.016626184806227684, -0.007400258909910917, 0.03922876715660095, -0.012529412284493446, 0.0007519508362747729, 0.9384613633155823, 0.16853681206703186, 1.3349326848983765, 1.0418647527694702, -0.7686023116111755, 0.08200035989284515, -1.1591023206710815, 0.4496660530567169]
pred step=32 action=[[-0.02423369511961937, 0.0024277567863464355, -0.004374086856842041, 0.02850903570652008, -0.010858207941055298, 0.0014066696166992188, 0.9334490299224854, 0.17319795489311218, 1.3267768621444702, 1.0130664110183716, -0.749458372592926, 0.07424461841583252, -1.1356021165847778, 0.4370872974395752]] left_gripper=0.9334490299224854 right_gripper=0.4370872974395752
update step=33 qpos=[-0.02379380539059639, 0.0002070384653052315, -0.004832653794437647, 0.029835527762770653, -0.01106236968189478, 0.0013243388384580612, 0.9334490299224854, 0.1726996898651123, 1.327701449394226, 1.0165019035339355, -0.751964807510376, 0.07521599531173706, -1.138602375984192, 0.4370872974395752]
pred step=33 action=[[-0.024840611964464188, -0.022342383861541748, -0.00682908296585083, 0.04740992188453674, -0.006949722766876221, -0.007785409688949585, 0.9302447438240051, 0.17993107438087463, 1.3752554655075073, 1.0737242698669434, -0.8092470765113831, 0.10488805174827576, -1.1786283254623413, 0.3874218463897705]] left_gripper=0.9302447438240051 right_gripper=0.3874218463897705
update step=34 qpos=[-0.02472623437643051, -0.019749632105231285, -0.0063614915125072, 0.04525279626250267, -0.007468309253454208, -0.006623553112149239, 0.9302447438240051, 0.17906464636325836, 1.3696022033691406, 1.0670266151428223, -0.8017566204071045, 0.10111212730407715, -1.173519492149353, 0.3874218463897705]
pred step=34 action=[[-0.027155201882123947, -0.009642839431762695, -0.005481839179992676, 0.0414888858795166, -0.003724336624145508, -0.009620070457458496, 0.9358330368995667, 0.17292574048042297, 1.4147382974624634, 1.1100292205810547, -0.8540570735931396, 0.10821115970611572, -1.2268961668014526, 0.3627989590167999]] left_gripper=0.9358330368995667 right_gripper=0.3627989590167999
update step=35 qpos=[-0.0268770270049572, -0.010793435387313366, -0.005724367219954729, 0.04192403703927994, -0.004192839376628399, -0.009237974882125854, 0.9358330368995667, 0.17359139025211334, 1.409510612487793, 1.104852318763733, -0.8472828269004822, 0.10732636600732803, -1.220086693763733, 0.3627989590168]
pred step=35 action=[[-0.021490909159183502, -0.015242695808410645, -0.008631706237792969, 0.045906513929367065, -0.005610555410385132, -0.011540830135345459, 0.927026093006134, 0.1775825172662735, 1.3637460470199585, 1.0718625783920288, -0.7992826700210571, 0.09560412168502808, -1.1685303449630737, 0.37186509370803833]] left_gripper=0.927026093006134 right_gripper=0.37186509370803833
update step=36 qpos=[-0.02212093397974968, -0.014726432040333748, -0.00825221836566925, 0.04540695250034332, -0.005442139692604542, -0.011247934773564339, 0.927026093006134, 0.17717701196670532, 1.368775725364685, 1.0761284828186035, -0.8054370880126953, 0.09708260744810104, -1.1751105785369873, 0.37186509370803833]
pred step=36 action=[[-0.01763138175010681, -0.015035927295684814, -0.015466034412384033, 0.02824673056602478, -0.014682173728942871, -0.001818537712097168, 0.9302005171775818, 0.18087317049503326, 1.4000977277755737, 1.1010856628417969, -0.8183201551437378, 0.09692725539207458, -1.2188960313796997, 0.3750714957714081]] left_gripper=0.9302005171775818 right_gripper=0.3750714957714081
update step=37 qpos=[-0.01813984476029873, -0.014929274097084999, -0.014804982580244541, 0.030359383672475815, -0.013522389344871044, -0.003021947806701064, 0.9302005171775818, 0.1804739087820053, 1.3967721462249756, 1.0979431867599487, -0.8165919184684753, 0.09693741053342819, -1.2133066654205322, 0.3750714957714081]
pred step=37 action=[[-0.0255025252699852, -0.01891779899597168, -0.003359854221343994, 0.04269745945930481, -0.0026844441890716553, -0.0017413794994354248, 0.941663384437561, 0.18335509300231934, 1.4058704376220703, 1.1208300590515137, -0.8411016464233398, 0.10951131582260132, -1.2206791639328003, 0.3264464735984802]] left_gripper=0.941663384437561 right_gripper=0.3264464735984802
update step=38 qpos=[-0.024659905582666397, -0.018563445657491684, -0.004385536070913076, 0.04124775901436806, -0.004039856605231762, -0.0019028991227969527, 0.941663384437561, 0.18300846219062805, 1.4046366214752197, 1.1182169914245605, -0.8379127979278564, 0.10791243612766266, -1.2197402715682983, 0.3264464735984802]
pred step=38 action=[[-0.026733271777629852, -0.0020102858543395996, 7.510185241699219e-06, 0.03491447865962982, 0.0008723735809326172, 0.0038195550441741943, 0.9338032603263855, 0.18234586715698242, 1.4275240898132324, 1.1466718912124634, -0.8615430593490601, 0.12342599034309387, -1.216632604598999, 0.3015536367893219]] left_gripper=0.9338032603263855 right_gripper=0.3015536367893219
update step=39 qpos=[-0.026501372456550598, -0.0039053866639733315, -0.0006910361698828638, 0.03566689044237137, 0.0002571642107795924, 0.0030905199237167835, 0.9338032603263855, 0.18237970769405365, 1.424942135810852, 1.1432408094406128, -0.8584456443786621, 0.12146228551864624, -1.217028021812439, 0.3015536367893219]
pred step=39 action=[[-0.02451178804039955, -0.007837355136871338, -0.012478113174438477, 0.020582959055900574, -0.005381345748901367, 0.007302075624465942, 0.9191990494728088, 0.18749988079071045, 1.4383246898651123, 1.138698697090149, -0.8615952134132385, 0.14081397652626038, -1.2258491516113281, 0.26201131939888]] left_gripper=0.9191990494728088 right_gripper=0.26201131939888
update step=40 qpos=[-0.024734726175665855, -0.007295186165720224, -0.01128139067441225, 0.02242210879921913, -0.004671752918511629, 0.0067648389376699924, 0.9191990494728088, 0.18690073490142822, 1.4368653297424316, 1.1391595602035522, -0.8612048625946045, 0.13834866881370544, -1.224724292755127, 0.26201131939888]
pred step=40 action=[[-0.026281923055648804, -0.007159531116485596, -0.010101795196533203, 0.024082794785499573, -0.004922270774841309, 0.023512929677963257, 0.9330262541770935, 0.19463591277599335, 1.4589134454727173, 1.140757441520691, -0.8555777072906494, 0.14402127265930176, -1.210026502609253, 0.28607285022735596]] left_gripper=0.9330262541770935 right_gripper=0.28607285022735596
update step=41 qpos=[-0.026101695373654366, -0.0072274236008524895, -0.010101933032274246, 0.023912370204925537, -0.0048859515227377415, 0.02137775346636772, 0.9330262541770935, 0.19377847015857697, 1.4563450813293457, 1.140677571296692, -0.8562108278274536, 0.14328759908676147, -1.2119011878967285, 0.28607285022735596]
pred step=41 action=[[-0.02945256233215332, -0.003204047679901123, -0.00815117359161377, 0.024638846516609192, -0.006139665842056274, 0.0030874013900756836, 0.9346824884414673, 0.1917959451675415, 1.4321012496948242, 1.130014181137085, -0.8309617042541504, 0.11577627062797546, -1.1825364828109741, 0.25409966707229614]] left_gripper=0.9346824884414673 right_gripper=0.25409966707229614
update step=42 qpos=[-0.0290543045848608, -0.003680779365822673, -0.008382411673665047, 0.024547629058361053, -0.005976576823741198, 0.00542060099542141, 0.9346824884414673, 0.1920643299818039, 1.4346486330032349, 1.1315885782241821, -0.8341513872146606, 0.11927216500043869, -1.186280608177185, 0.25409966707229614]
pred step=42 action=[[-0.02393089234828949, -0.002299666404724121, -0.011695265769958496, 0.022223979234695435, -0.001617342233657837, 0.011451393365859985, 0.9228857755661011, 0.19249475002288818, 1.4316997528076172, 1.1489510536193848, -0.8657415509223938, 0.1282462775707245, -1.2166346311569214, 0.25862017273902893]] left_gripper=0.9228857755661011 right_gripper=0.25862017273902893
update step=43 qpos=[-0.024542659521102905, -0.002437744289636612, -0.011370671913027763, 0.02249228209257126, -0.0021779693197458982, 0.010681324638426304, 0.9228857755661011, 0.19242845475673676, 1.4320976734161377, 1.14669930934906, -0.8617595434188843, 0.1271044909954071, -1.2127625942230225, 0.25862017273902893]
pred step=43 action=[[-0.027315709739923477, 0.009470760822296143, -0.004313170909881592, 0.025045499205589294, 0.005415558815002441, 0.02053844928741455, 0.9274589419364929, 0.19375357031822205, 1.4222067594528198, 1.1447367668151855, -0.8770697116851807, 0.14077794551849365, -1.2038168907165527, 0.2883373200893402]] left_gripper=0.9274589419364929 right_gripper=0.2883373200893402
update step=44 qpos=[-0.027006283402442932, 0.008026865310966969, -0.005059301853179932, 0.024751761928200722, 0.004462658427655697, 0.019282639026641846, 0.9274589419364929, 0.19357344508171082, 1.4233793020248413, 1.1448256969451904, -0.8752034902572632, 0.13904090225696564, -1.2049622535705566, 0.2883373200893402]
pred step=44 action=[[-0.02361728996038437, 0.011576592922210693, -0.0035992860794067383, 0.01745496690273285, -0.007697880268096924, 0.0191495418548584, 0.9277445673942566, 0.18178057670593262, 1.4080965518951416, 1.1247426271438599, -0.8189566731452942, 0.12023133039474487, -1.1807817220687866, 0.2682764232158661]] left_gripper=0.9277445673942566 right_gripper=0.2682764232158661
update step=45 qpos=[-0.02399051934480667, 0.011184066534042358, -0.0038427612744271755, 0.01836317405104637, -0.006167016923427582, 0.01916591450572014, 0.9277445673942566, 0.18310467898845673, 1.4099973440170288, 1.1272834539413452, -0.8260815739631653, 0.12264495342969894, -1.1838620901107788, 0.2682764232158661]
pred step=45 action=[[-0.024932991713285446, 0.019538402557373047, 0.003187239170074463, 0.010078772902488708, 0.0037189126014709473, 0.031818002462387085, 0.9199296236038208, 0.1985338181257248, 1.450209379196167, 1.1565072536468506, -0.8499051332473755, 0.14510470628738403, -1.2035902738571167, 0.22885581851005554]] left_gripper=0.9199296236038208 right_gripper=0.22885581851005554
update step=46 qpos=[-0.024843541905283928, 0.018542444333434105, 0.0023723675403743982, 0.011145122349262238, 0.002471808111295104, 0.030205490067601204, 0.9199296236038207, 0.19680868089199066, 1.4457178115844727, 1.1529494524002075, -0.8467469215393066, 0.14222052693367004, -1.2010725736618042, 0.22885581851005554]
pred step=46 action=[[-0.026304561644792557, 0.03177440166473389, -0.004639983177185059, 0.015721097588539124, 0.006798982620239258, 0.027953147888183594, 0.917913019657135, 0.19916298985481262, 1.4447283744812012, 1.1912918090820312, -0.9100744128227234, 0.14919137954711914, -1.235519289970398, 0.21425053477287292]] left_gripper=0.917913019657135 right_gripper=0.21425053477287292
update step=47 qpos=[-0.026141654700040817, 0.030256139114499092, -0.003935608081519604, 0.015078425407409668, 0.006255399901419878, 0.02824142575263977, 0.917913019657135, 0.19888059794902802, 1.4444085359573364, 1.1868417263031006, -0.9019880294799805, 0.14830811321735382, -1.2311272621154785, 0.21425053477287292]
pred step=47 action=[[-0.02789580449461937, 0.035939931869506836, 0.009592711925506592, 0.009659573435783386, 0.0067024827003479, 0.03871920704841614, 0.9142719507217407, 0.19713309407234192, 1.371597409248352, 1.1023683547973633, -0.7836045026779175, 0.14677664637565613, -1.1340174674987793, 0.22433611750602722]] left_gripper=0.9142719507217407 right_gripper=0.22433611750602722
update step=48 qpos=[-0.02769293449819088, 0.035199396312236786, 0.008180025033652782, 0.010426231659948826, 0.006651040632277727, 0.037383269518613815, 0.9142719507217407, 0.19730538129806519, 1.3802577257156372, 1.112549901008606, -0.798854649066925, 0.1469772458076477, -1.146408200263977, 0.22433611750602722]
pred step=48 action=[[-0.026046663522720337, 0.055609166622161865, 0.0026848316192626953, 0.022819310426712036, 0.003001570701599121, 0.04232385754585266, 0.9034004807472229, 0.18532295525074005, 1.3400460481643677, 1.0732309818267822, -0.7324445247650146, 0.12283679842948914, -1.0884517431259155, 0.25035300850868225]] left_gripper=0.9034004807472229 right_gripper=0.25035300850868225
update step=49 qpos=[-0.026232650503516197, 0.05325176194310188, 0.003184547182172537, 0.021173696964979172, 0.00346023659221828, 0.04169405251741409, 0.9034004807472228, 0.18667468428611755, 1.3448424339294434, 1.0779751539230347, -0.740962028503418, 0.12592719495296478, -1.0958386659622192, 0.25035300850868225]
pred step=49 action=[[-0.028099186718463898, 0.05539947748184204, 0.002621948719024658, 0.013033613562583923, -0.0038899481296539307, 0.0582316517829895, 0.902519702911377, 0.1775675266981125, 1.2635444402694702, 0.9908556938171387, -0.6776654124259949, 0.11182057857513428, -1.0121334791183472, 0.25323227047920227]] left_gripper=0.902519702911377 right_gripper=0.25323227047920227
update step=50 qpos=[-0.02786692976951599, 0.05514785647392273, 0.0026890356093645096, 0.014066250994801521, -0.0029553985223174095, 0.056122954934835434, 0.902519702911377, 0.1785668432712555, 1.2728514671325684, 1.001172423362732, -0.6860406398773193, 0.11363210529088974, -1.0228136777877808, 0.25323227047920227]
pred step=50 action=[[-0.004097737371921539, -0.06297767162322998, -0.01926034688949585, 0.025310352444648743, -0.008694380521774292, -0.007974624633789062, 1.0258362293243408, 0.30758389830589294, 1.1838810443878174, 0.955263614654541, -0.8101046681404114, 0.1551474928855896, -0.6606849431991577, 0.7531822323799133]] left_gripper=1.0258362293243408 right_gripper=0.7531822323799133
update step=51 qpos=[-0.006864827126264572, -0.04910636320710182, -0.01627199538052082, 0.024030489847064018, -0.008028659969568253, 0.00019613583572208881, 1.0, 0.29344338178634644, 1.1937223672866821, 0.9602386355400085, -0.7948598265647888, 0.14949384331703186, -0.8293612003326416, 0.5669828700798529]
pred step=51 action=[[-0.0027173906564712524, -0.06748980283737183, -0.01183462142944336, 0.022602498531341553, -0.008713752031326294, -0.010873645544052124, 1.0289820432662964, 0.3140439987182617, 1.2097992897033691, 0.9861481785774231, -0.8310850262641907, 0.15308070182800293, -0.6817502975463867, 0.7618966102600098]] left_gripper=1.0289820432662964 right_gripper=0.7618966102600098
update step=52 qpos=[-0.0031979030463844538, -0.06531789153814316, -0.012398522347211838, 0.02279932051897049, -0.008638114668428898, -0.009465842507779598, 1.0, 0.31168031692504883, 1.2079869508743286, 0.9829641580581665, -0.8264287710189819, 0.15258881449699402, -0.7005699872970581, 0.7121536732271866]
pred step=52 action=[[-0.004697978496551514, -0.07231754064559937, -0.007610023021697998, 0.024290621280670166, -0.004174321889877319, -0.011638134717941284, 1.0411686897277832, 0.31816351413726807, 1.258035659790039, 1.0248854160308838, -0.8644821047782898, 0.156826913356781, -0.7036739587783813, 0.7575814723968506]] left_gripper=1.0411686897277832 right_gripper=0.7575814723968506
update step=53 qpos=[-0.004529783967882395, -0.07149795442819595, -0.00815664604306221, 0.02412247657775879, -0.004735942929983139, -0.011361324228346348, 1.0, 0.3174278140068054, 1.2523454427719116, 1.0198628902435303, -0.8594822287559509, 0.1562756597995758, -0.7032716274261475, 0.7575814723968505]
pred step=53 action=[[-0.006286695599555969, -0.08212989568710327, 0.007452964782714844, 0.017523691058158875, -0.006114393472671509, -0.02135944366455078, 1.0461373329162598, 0.32551032304763794, 1.325266718864441, 1.0804004669189453, -0.906430721282959, 0.15719342231750488, -0.7319951057434082, 0.7678347229957581]] left_gripper=1.0461373329162598 right_gripper=0.7678347229957581
update step=54 qpos=[-0.006076759193092585, -0.08092083781957626, 0.005745377857238054, 0.018443480134010315, -0.005937612149864435, -0.02008473128080368, 1.0, 0.32461485266685486, 1.3168054819107056, 1.0733439922332764, -0.9001761674880981, 0.15706194937229156, -0.7283309102058411, 0.7678347229957581]
pred step=54 action=[[-0.008432433009147644, -0.08565694093704224, 0.011202037334442139, 0.020745933055877686, -0.007719933986663818, -0.028593629598617554, 1.0480756759643555, 0.3295758366584778, 1.360930323600769, 1.0944113731384277, -0.9085557460784912, 0.1435275673866272, -0.7493129968643188, 0.7656162977218628]] left_gripper=1.0480756759643555 right_gripper=0.7656162977218628
update step=55 qpos=[-0.008150925859808922, -0.08508571982383728, 0.010526061058044434, 0.020459681749343872, -0.0074912384152412415, -0.027509214356541634, 1.0, 0.3290640711784363, 1.3558223247528076, 1.0920482873916626, -0.9073254466056824, 0.14523281157016754, -0.7466377019882202, 0.7656162977218628]
pred step=55 action=[[-0.009884566068649292, -0.08467668294906616, 0.018157362937927246, 0.02154916524887085, -0.0071336328983306885, -0.026462644338607788, 1.0604205131530762, 0.3332062363624573, 1.433288812637329, 1.160867691040039, -0.9520798325538635, 0.14723488688468933, -0.7985219955444336, 0.754208505153656]] left_gripper=1.0604205131530762 right_gripper=0.754208505153656
update step=56 qpos=[-0.00968159083276987, -0.084740050137043, 0.017294209450483322, 0.02143813855946064, -0.007175388280302286, -0.02659633569419384, 1.0, 0.33275914192199707, 1.42417311668396, 1.1529537439346313, -0.946036696434021, 0.14697648584842682, -0.7919026017189026, 0.754208505153656]
pred step=56 action=[[-0.011490046977996826, -0.09013313055038452, 0.02481400966644287, 0.03135111927986145, -0.002502918243408203, -0.017653703689575195, 1.0694246292114258, 0.3268308639526367, 1.4343875646591187, 1.1511316299438477, -0.9283279180526733, 0.13810160756111145, -0.7901122570037842, 0.7525749206542969]] left_gripper=1.0694246292114258 right_gripper=0.7525749206542969
update step=57 qpos=[-0.011287768371403217, -0.08953583240509033, 0.024040762335062027, 0.03014378622174263, -0.003088580444455147, -0.018793361261487007, 1.0, 0.3274950087070465, 1.433097004890442, 1.1515671014785767, -0.930501401424408, 0.1392439305782318, -0.7903399467468262, 0.7525749206542969]
pred step=57 action=[[-0.008900724351406097, -0.09317588806152344, 0.02359020709991455, 0.02702629566192627, -0.010190904140472412, -0.021479427814483643, 1.0674469470977783, 0.3371536433696747, 1.4923615455627441, 1.1958138942718506, -0.9591242074966431, 0.13780906796455383, -0.8285766839981079, 0.7250744104385376]] left_gripper=1.0674469470977783 right_gripper=0.7250744104385376
update step=58 qpos=[-0.009167944081127644, -0.09270714223384857, 0.023538604378700256, 0.02739553153514862, -0.009297971613705158, -0.02113715372979641, 1.0, 0.33611729741096497, 1.485547661781311, 1.1906251907348633, -0.955247700214386, 0.13797001540660858, -0.8236994743347168, 0.7250744104385376]
pred step=58 action=[[-0.014915257692337036, -0.09616303443908691, 0.033056557178497314, 0.03531569242477417, -0.014609277248382568, -0.027393341064453125, 1.0702837705612183, 0.3405334949493408, 1.5477309226989746, 1.2488844394683838, -1.0152113437652588, 0.11099925637245178, -0.8699902296066284, 0.708225429058075]] left_gripper=1.0702837705612183 right_gripper=0.708225429058075
update step=59 qpos=[-0.01422678492963314, -0.09582088887691498, 0.03211219608783722, 0.03438268601894379, -0.01392811443656683, -0.02659580297768116, 1.0, 0.34011340141296387, 1.5402933359146118, 1.2420763969421387, -1.007352590560913, 0.11440951377153397, -0.8640878200531006, 0.708225429058075]
pred step=59 action=[[-0.011403024196624756, -0.09766244888305664, 0.02376466989517212, 0.04357272386550903, -0.0170154869556427, -0.011129647493362427, 1.0699474811553955, 0.3226296305656433, 1.5584527254104614, 1.2282555103302002, -0.979600727558136, 0.11128398776054382, -0.8824689388275146, 0.6603307127952576]] left_gripper=1.0699474811553955 right_gripper=0.6603307127952576
update step=60 qpos=[-0.011731918901205063, -0.09739144891500473, 0.024612238630652428, 0.042348846793174744, -0.016628962010145187, -0.013102186843752861, 1.0, 0.3245040774345398, 1.5563594102859497, 1.2300667762756348, -0.9830628633499146, 0.11172161251306534, -0.8801209926605225, 0.6603307127952576]
pred step=60 action=[[-0.013030633330345154, -0.10375213623046875, 0.0224342942237854, 0.049498289823532104, -0.016439884901046753, -0.02002909779548645, 1.0664188861846924, 0.31723910570144653, 1.5834919214248657, 1.2553156614303589, -0.9836423397064209, 0.07891049981117249, -0.922065019607544, 0.6608836054801941]] left_gripper=1.0664188861846924 right_gripper=0.6608836054801941
update step=61 qpos=[-0.012877020984888077, -0.10303088277578354, 0.022773638367652893, 0.04861314594745636, -0.016462387517094612, -0.01914515160024166, 1.0, 0.3181469738483429, 1.5801562070846558, 1.2525837421417236, -0.9833842515945435, 0.08308131992816925, -0.9167123436927795, 0.6608836054801941]
pred step=61 action=[[-0.009420067071914673, -0.10922551155090332, 0.01198267936706543, 0.056102752685546875, -0.01875278353691101, -0.01626637578010559, 1.0604578256607056, 0.3093217611312866, 1.6092325448989868, 1.249569296836853, -0.9542171955108643, 0.05733305215835571, -0.9217649698257446, 0.6379421949386597]] left_gripper=1.0604578256607056 right_gripper=0.6379421949386597
update step=62 qpos=[-0.009823651053011417, -0.10846459865570068, 0.013180956244468689, 0.05511068180203438, -0.018469544127583504, -0.01663413643836975, 1.0, 0.31033849716186523, 1.6060491800308228, 1.2500368356704712, -0.9577986001968384, 0.06061623990535736, -0.9211184978485107, 0.6379421949386597]
pred step=62 action=[[-0.011941120028495789, -0.10024696588516235, 0.01013195514678955, 0.058524444699287415, -0.016204744577407837, -0.01622486114501953, 1.064246416091919, 0.2834479808807373, 1.5963540077209473, 1.2546236515045166, -0.9705647826194763, 0.059268176555633545, -0.9475009441375732, 0.6089192628860474]] left_gripper=1.064246416091919 right_gripper=0.6089192628860474
update step=63 qpos=[-0.011695300228893757, -0.10121972858905792, 0.010490662418305874, 0.05807745084166527, -0.016487017273902893, -0.016276614740490913, 1.0, 0.2863087058067322, 1.5970816612243652, 1.2543079853057861, -0.9689323902130127, 0.05949687585234642, -0.9441311955451965, 0.6089192628860474]
pred step=63 action=[[-0.010793261229991913, -0.11240768432617188, 0.007315516471862793, 0.06037646532058716, -0.024509578943252563, -0.028251469135284424, 1.0474570989608765, 0.29016244411468506, 1.6252259016036987, 1.260299801826477, -0.9613096714019775, 0.02910754084587097, -0.9729905128479004, 0.5619363188743591]] left_gripper=1.0474570989608765 right_gripper=0.5619363188743591
update step=64 qpos=[-0.010883276350796223, -0.11110467463731766, 0.007750822696834803, 0.06010301038622856, -0.023498835042119026, -0.026725348085165024, 1.0, 0.28990232944488525, 1.6222786903381348, 1.2594859600067139, -0.962198793888092, 0.032943665981292725, -0.9693109393119812, 0.5619363188743591]
pred step=64 action=[[-0.008770041167736053, -0.10965776443481445, 0.008057117462158203, 0.055042386054992676, -0.02995559573173523, -0.023555397987365723, 1.050144910812378, 0.27822497487068176, 1.608198881149292, 1.2487637996673584, -0.9332422018051147, 0.014531135559082031, -0.9661898612976074, 0.5484001636505127]] left_gripper=1.050144910812378 right_gripper=0.5484001636505127
update step=65 qpos=[-0.009006216190755367, -0.10981496423482895, 0.007976715452969074, 0.05567312240600586, -0.029143884778022766, -0.023960672318935394, 1.0, 0.279476135969162, 1.6095805168151855, 1.250360369682312, -0.9368842840194702, 0.0168932918459177, -0.9665859937667847, 0.5484001636505127]
pred step=65 action=[[-0.012115523219108582, -0.09707903861999512, 0.005198061466217041, 0.054899662733078, -0.028412342071533203, -0.027243584394454956, 1.050801157951355, 0.2629232406616211, 1.6293373107910156, 1.2551709413528442, -0.9164571762084961, -0.006493240594863892, -0.9696545600891113, 0.5037704706192017]] left_gripper=1.050801157951355 right_gripper=0.5037704706192017
update step=66 qpos=[-0.011749598197638988, -0.09855644404888153, 0.005448870360851288, 0.05495979264378548, -0.028499562293291092, -0.02682458609342575, 1.0, 0.26477089524269104, 1.6273101568222046, 1.254595160484314, -0.9189549088478088, -0.0034932801499962807, -0.969258189201355, 0.5037704706192017]
pred step=66 action=[[-0.007436387240886688, -0.101767897605896, -0.0009697675704956055, 0.0542534738779068, -0.04313454031944275, -0.020676344633102417, 1.0421918630599976, 0.24180404841899872, 1.5897403955459595, 1.2106823921203613, -0.8566052317619324, -0.033081382513046265, -0.9549077749252319, 0.48513585329055786]] left_gripper=1.0421918630599976 right_gripper=0.48513585329055786
update step=67 qpos=[-0.007916459813714027, -0.10138057172298431, -0.00022388769139070064, 0.05432770773768425, -0.041292447596788406, -0.021461626514792442, 1.0, 0.24431568384170532, 1.5939630270004272, 1.2161999940872192, -0.8645977973937988, -0.0292814988642931, -0.9567351937294006, 0.4851358532905579]
pred step=67 action=[[-0.009859077632427216, -0.09444338083267212, 0.003088057041168213, 0.057775095105171204, -0.055960118770599365, -0.020058661699295044, 1.0344691276550293, 0.22604048252105713, 1.599531650543213, 1.173762559890747, -0.7957180142402649, -0.08710801601409912, -0.9453573226928711, 0.40313541889190674]] left_gripper=1.0344691276550293 right_gripper=0.40313541889190674
update step=68 qpos=[-0.009600055404007435, -0.09529383480548859, 0.002772025763988495, 0.057359497994184494, -0.05410340055823326, -0.020238053053617477, 1.0, 0.22816568613052368, 1.5993396043777466, 1.1787805557250977, -0.8044958114624023, -0.07973295450210571, -0.9468054175376892, 0.40313541889190674]
pred step=68 action=[[-0.008436702191829681, -0.09682798385620117, 0.0018440485000610352, 0.05774110555648804, -0.05840039253234863, -0.01701974868774414, 1.0234699249267578, 0.20940321683883667, 1.57877516746521, 1.1510975360870361, -0.7521462440490723, -0.11307834088802338, -0.9345344305038452, 0.36093801259994507]] left_gripper=1.0234699249267578 right_gripper=0.36093801259994507
update step=69 qpos=[-0.008565465919673443, -0.09663843363523483, 0.0019359419820830226, 0.05768674239516258, -0.057860199362039566, -0.017430374398827553, 1.0, 0.21149061620235443, 1.580889105796814, 1.1548008918762207, -0.7587713003158569, -0.10881509631872177, -0.9360964894294739, 0.36093801259994507]
pred step=69 action=[[-0.009697295725345612, -0.09771585464477539, 0.006594836711883545, 0.058197081089019775, -0.06746673583984375, -0.022054612636566162, 1.0257515907287598, 0.2166660577058792, 1.5659325122833252, 1.1492977142333984, -0.7492563128471375, -0.10855750739574432, -0.9335030317306519, 0.3656608462333679]] left_gripper=1.0257515907287598 right_gripper=0.3656608462333679
update step=70 qpos=[-0.009543993510305882, -0.09761375933885574, 0.006111122667789459, 0.058161936700344086, -0.06625162065029144, -0.02146545797586441, 1.0, 0.2161623239517212, 1.5676933526992798, 1.1499382257461548, -0.7504972219467163, -0.10861031711101532, -0.9338352680206299, 0.3656608462333679]
pred step=70 action=[[-0.007820256054401398, -0.09259021282196045, -0.004218101501464844, 0.050402089953422546, -0.07526078820228577, -0.02153778076171875, 1.018065333366394, 0.20413880050182343, 1.5534390211105347, 1.0890932083129883, -0.6694552302360535, -0.15204192698001862, -0.89574134349823, 0.3355613350868225]] left_gripper=1.018065333366394 right_gripper=0.3355613350868225
update step=71 qpos=[-0.008005739189684391, -0.09309683740139008, -0.0032319757156074047, 0.05129615217447281, -0.0741257593035698, -0.021529290825128555, 1.0, 0.2054857462644577, 1.5554524660110474, 1.0962915420532227, -0.6798781752586365, -0.1464928537607193, -0.9006010890007019, 0.3355613350868225]
pred step=71 action=[[-0.009804338216781616, -0.08393549919128418, -0.0013044476509094238, 0.05366690456867218, -0.07454752922058105, -0.015684068202972412, 1.0129547119140625, 0.19309818744659424, 1.5643589496612549, 1.1238739490509033, -0.7034915685653687, -0.1450614035129547, -0.9304850101470947, 0.2885660231113434]] left_gripper=1.0129547119140625 right_gripper=0.2885660231113434
update step=72 qpos=[-0.009591687470674515, -0.08506061881780624, -0.001421628287062049, 0.05339288339018822, -0.07449041306972504, -0.016429180279374123, 1.0, 0.19443871080875397, 1.5630252361297607, 1.1208370923995972, -0.7003570795059204, -0.14522477984428406, -0.9266667366027832, 0.2885660231113434]
pred step=72 action=[[-0.00898914784193039, -0.0774042010307312, -0.0053902268409729, 0.03947484493255615, -0.07911455631256104, -0.01562938094139099, 0.9961292743682861, 0.17679952085018158, 1.5729835033416748, 1.1128640174865723, -0.6638427972793579, -0.17429792881011963, -0.9356386661529541, 0.24520665407180786]] left_gripper=0.9961292743682861 right_gripper=0.24520665407180786
update step=73 qpos=[-0.009051390923559666, -0.07824910432100296, -0.005083070602267981, 0.041184209287166595, -0.07853082567453384, -0.015731075778603554, 0.9961292743682861, 0.17877981066703796, 1.5720878839492798, 1.1138209104537964, -0.6684501767158508, -0.17056715488433838, -0.9344921112060547, 0.24520665407180786]
pred step=73 action=[[-0.00751243531703949, -0.0816413164138794, -0.00039702653884887695, 0.040995389223098755, -0.08064362406730652, -0.012313783168792725, 1.000536561012268, 0.18002429604530334, 1.5407013893127441, 1.0943737030029297, -0.6319665908813477, -0.18411333858966827, -0.912533164024353, 0.24168431758880615]] left_gripper=1.000536561012268 right_gripper=0.24168431758880615
update step=74 qpos=[-0.0076890927739441395, -0.08129443973302841, -0.0007976936176419258, 0.04107411578297615, -0.08037987351417542, -0.012749812565743923, 1.0, 0.17996490001678467, 1.5441471338272095, 1.0969399213790894, -0.6366183757781982, -0.18241016566753387, -0.9153369069099426, 0.24168431758880615]
pred step=74 action=[[-0.009217493236064911, -0.08404219150543213, -0.0047490596771240234, 0.03850525617599487, -0.08944767713546753, -0.01936209201812744, 1.0000742673873901, 0.17599034309387207, 1.531602144241333, 1.052230715751648, -0.5373231172561646, -0.23103663325309753, -0.8710058927536011, 0.2216654121875763]] left_gripper=1.0000742673873901 right_gripper=0.2216654121875763
update step=75 qpos=[-0.009018546901643276, -0.08368192613124847, -0.004378953017294407, 0.03879820182919502, -0.0882996991276741, -0.018519340083003044, 1.0, 0.1765063852071762, 1.533465027809143, 1.0575894117355347, -0.549994707107544, -0.22484445571899414, -0.8766618967056274, 0.2216654121875763]
pred step=75 action=[[-0.007981501519680023, -0.08413457870483398, -0.006572067737579346, 0.03823871910572052, -0.0867917537689209, -0.009437620639801025, 1.000271201133728, 0.17877492308616638, 1.530245304107666, 1.0658555030822754, -0.5603289008140564, -0.23081834614276886, -0.8784575462341309, 0.20139434933662415]] left_gripper=1.000271201133728 right_gripper=0.20139434933662415
update step=76 qpos=[-0.00810752809047699, -0.08408141136169434, -0.006312443874776363, 0.038305241614580154, -0.08698388934135437, -0.010595805011689663, 1.0, 0.17854662239551544, 1.5304909944534302, 1.0649491548538208, -0.5589810609817505, -0.23007330298423767, -0.8782265782356262, 0.20139434933662415]
pred step=76 action=[[-0.00914601981639862, -0.08097904920578003, -0.0055460333824157715, 0.04456976056098938, -0.08807823061943054, -0.010544896125793457, 0.9992972612380981, 0.16342242062091827, 1.5432381629943848, 1.0795209407806396, -0.5843328237533569, -0.21982306241989136, -0.9001246690750122, 0.2058112919330597]] left_gripper=0.9992972612380981 right_gripper=0.2058112919330597
update step=77 qpos=[-0.009021516889333725, -0.0813656747341156, -0.005584686528891325, 0.04378707334399223, -0.0879376009106636, -0.010550995357334614, 0.9992972612380981, 0.16500426828861237, 1.5418657064437866, 1.077648401260376, -0.5810968279838562, -0.221084862947464, -0.8973270654678345, 0.20581129193305972]
pred step=77 action=[[-0.00952991098165512, -0.07166725397109985, -0.00736314058303833, 0.034289583563804626, -0.08760133385658264, -0.011037170886993408, 0.9989849328994751, 0.17050103843212128, 1.538536787033081, 1.042112112045288, -0.488008975982666, -0.26570194959640503, -0.8316793441772461, 0.2048722803592682]] left_gripper=0.9989849328994751 right_gripper=0.2048722803592682
update step=78 qpos=[-0.009471135213971138, -0.07276672124862671, -0.0072852205485105515, 0.03544895350933075, -0.08764246106147766, -0.010974764823913574, 0.9989849328994751, 0.17004723846912384, 1.5390503406524658, 1.0466283559799194, -0.4998156428337097, -0.26004618406295776, -0.8400586843490601, 0.2048722803592682]
pred step=78 action=[[-0.011204160749912262, -0.07882297039031982, -0.008440673351287842, 0.035652995109558105, -0.08713129162788391, -0.010132014751434326, 0.9938429594039917, 0.17023037374019623, 1.5330642461776733, 1.0538996458053589, -0.5019950270652771, -0.25726062059402466, -0.871954083442688, 0.18126359581947327]] left_gripper=0.9938429594039917 right_gripper=0.18126359581947327
update step=79 qpos=[-0.011001309379935265, -0.07813014835119247, -0.008230903185904026, 0.03564903885126114, -0.08719266951084137, -0.010239461436867714, 0.9938429594039918, 0.1701860874891281, 1.5336353778839111, 1.0531474351882935, -0.5016729235649109, -0.25761905312538147, -0.8678810596466064, 0.18126359581947327]
pred step=79 action=[[-0.008349023759365082, -0.06637650728225708, -0.00841742753982544, 0.025414809584617615, -0.08993098139762878, -0.009486526250839233, 0.9926198720932007, 0.16313536465168, 1.5205104351043701, 1.0492329597473145, -0.5252432227134705, -0.2603892982006073, -0.8642112016677856, 0.20307597517967224]] left_gripper=0.9926198720932007 right_gripper=0.20307597517967224
update step=80 qpos=[-0.008656183257699013, -0.06772632151842117, -0.008515854366123676, 0.026672763749957085, -0.08958934247493744, -0.009582465514540672, 0.9926198720932007, 0.16388995945453644, 1.5220714807510376, 1.0494855642318726, -0.5223416090011597, -0.2600272297859192, -0.86468106508255, 0.20307597517967224]
pred step=80 action=[[-0.010518930852413177, -0.07600080966949463, -0.009450793266296387, 0.03484392166137695, -0.08291739225387573, -0.007067948579788208, 0.9972140789031982, 0.15943533182144165, 1.5107126235961914, 1.0322712659835815, -0.4629093408584595, -0.28613436222076416, -0.8518298864364624, 0.189496248960495]] left_gripper=0.9972140789031982 right_gripper=0.189496248960495
update step=81 qpos=[-0.010312975384294987, -0.07506397366523743, -0.009211638011038303, 0.03384474664926529, -0.0837571918964386, -0.0073882536962628365, 0.9972140789031982, 0.1599794328212738, 1.5121042728424072, 1.034492015838623, -0.47044703364372253, -0.28280961513519287, -0.8534699082374573, 0.189496248960495]
pred step=81 action=[[-0.012637212872505188, -0.06836986541748047, -0.010755538940429688, 0.04112556576728821, -0.08893400430679321, -0.003841012716293335, 1.0004791021347046, 0.17411014437675476, 1.5112576484680176, 1.0094845294952393, -0.4126068949699402, -0.3033996820449829, -0.8063157796859741, 0.20044752955436707]] left_gripper=1.0004791021347046 right_gripper=0.20044752955436707
update step=82 qpos=[-0.012354440055787563, -0.06915168464183807, -0.010607974603772163, 0.04018199071288109, -0.08827375620603561, -0.004293251782655716, 1.0, 0.1726474165916443, 1.5115506649017334, 1.0125048160552979, -0.4199836254119873, -0.3008113503456116, -0.8123353719711304, 0.20044752955436707]
pred step=82 action=[[-0.012676455080509186, -0.06405335664749146, -0.0026084184646606445, 0.02833251655101776, -0.08653301000595093, 0.009289473295211792, 0.993593692779541, 0.16200801730155945, 1.5009773969650269, 1.0171382427215576, -0.4429589509963989, -0.2896420955657959, -0.8197307586669922, 0.18764203786849976]] left_gripper=0.993593692779541 right_gripper=0.18764203786849976
update step=83 qpos=[-0.012643730267882347, -0.06466291844844818, -0.00353755010291934, 0.029857227578759193, -0.08675103634595871, 0.007558292243629694, 0.993593692779541, 0.16307450830936432, 1.5020393133163452, 1.0166176557540894, -0.440035343170166, -0.29103806614875793, -0.8187825679779053, 0.18764203786849976]
pred step=83 action=[[-0.011646784842014313, -0.07812690734863281, -0.01920074224472046, 0.03981278836727142, -0.09842619299888611, -0.010670661926269531, 0.9959743022918701, 0.17564919590950012, 1.4926564693450928, 0.9750266075134277, -0.381849080324173, -0.31992602348327637, -0.7841408252716064, 0.19650328159332275]] left_gripper=0.9959743022918701 right_gripper=0.19650328159332275
update step=84 qpos=[-0.011738603003323078, -0.07649532705545425, -0.01744339056313038, 0.03849639743566513, -0.09695497900247574, -0.008347035385668278, 0.9959743022918701, 0.1744033247232437, 1.4939371347427368, 0.9799189567565918, -0.3893565237522125, -0.3162887990474701, -0.7885667681694031, 0.19650328159332275]
pred step=84 action=[[-0.0139879509806633, -0.07722353935241699, -0.008429408073425293, 0.03552785515785217, -0.09230315685272217, -0.0027151405811309814, 1.0000097751617432, 0.17062756419181824, 1.5050092935562134, 1.0070821046829224, -0.41460829973220825, -0.3101533055305481, -0.7968374490737915, 0.18128392100334167]] left_gripper=1.0000097751617432 right_gripper=0.18128392100334167
update step=85 qpos=[-0.013732627965509892, -0.07719725370407104, -0.009338470175862312, 0.03597020357847214, -0.09288708865642548, -0.003433709731325507, 1.0, 0.1709788292646408, 1.5035537481307983, 1.0040252208709717, -0.4112773835659027, -0.310920774936676, -0.7957772016525269, 0.18128392100334167]
pred step=85 action=[[-0.011579319834709167, -0.07656610012054443, -0.01225811243057251, 0.04105056822299957, -0.08952242136001587, 0.002748817205429077, 0.9941114783287048, 0.16972818970680237, 1.459757924079895, 0.9797666668891907, -0.3624371290206909, -0.3233579397201538, -0.7722535133361816, 0.1916438341140747]] left_gripper=0.9941114783287048 right_gripper=0.1916438341140747
update step=86 qpos=[-0.01184085477143526, -0.0766141340136528, -0.011983894743025303, 0.04037756845355034, -0.08995051681995392, 0.0019609201699495316, 0.9941114783287048, 0.16990287601947784, 1.4647608995437622, 0.9827960133552551, -0.36869388818740845, -0.32178983092308044, -0.7752581238746643, 0.1916438341140747]
pred step=86 action=[[-0.012642398476600647, -0.06511914730072021, -0.016488969326019287, 0.03964456915855408, -0.08868709206581116, 0.006436347961425781, 0.9932339191436768, 0.17163410782814026, 1.478218674659729, 0.9837564826011658, -0.36926209926605225, -0.3237121105194092, -0.7856278419494629, 0.1911604404449463]] left_gripper=0.9932339191436768 right_gripper=0.1911604404449463
update step=87 qpos=[-0.012551162391901016, -0.06644587218761444, -0.016051091253757477, 0.039692625403404236, -0.08884379267692566, 0.005866479128599167, 0.9932339191436769, 0.17144885659217834, 1.4770352840423584, 0.9833368062973022, -0.36924439668655396, -0.3234599828720093, -0.7843037843704224, 0.1911604404449463]
pred step=87 action=[[-0.013276003301143646, -0.08071041107177734, -0.011034846305847168, 0.04492500424385071, -0.09459877014160156, 0.00800064206123352, 1.001763105392456, 0.18377715349197388, 1.5015655755996704, 0.9875544905662537, -0.3764561414718628, -0.3086845874786377, -0.7585623264312744, 0.1973150074481964]] left_gripper=1.001763105392456 right_gripper=0.1973150074481964
update step=88 qpos=[-0.013179101049900055, -0.07909691333770752, -0.01140802726149559, 0.04434303194284439, -0.09387043118476868, 0.007727988064289093, 1.0, 0.1824055016040802, 1.4987038373947144, 0.9871315956115723, -0.3754892349243164, -0.3105761706829071, -0.7618474364280701, 0.1973150074481964]
pred step=88 action=[[-0.012416325509548187, -0.07112669944763184, -0.005932152271270752, 0.040184929966926575, -0.08490201830863953, 0.016811519861221313, 1.0034970045089722, 0.1754484325647354, 1.466050148010254, 0.9623711705207825, -0.31927821040153503, -0.34387022256851196, -0.7419083118438721, 0.19790074229240417]] left_gripper=1.0034970045089722 right_gripper=0.19790074229240417
update step=89 qpos=[-0.012525348924100399, -0.07204455137252808, -0.006658025085926056, 0.040697693824768066, -0.08603578805923462, 0.0156543031334877, 1.0, 0.17624154686927795, 1.4695321321487427, 0.9657195210456848, -0.32639411091804504, -0.3396398723125458, -0.7444526553153992, 0.19790074229240417]
pred step=89 action=[[-0.01586771011352539, -0.0629083514213562, -0.0029138922691345215, 0.029847726225852966, -0.08750510215759277, 0.018911093473434448, 0.9930038452148438, 0.17639166116714478, 1.4679615497589111, 0.9533296823501587, -0.3226741552352905, -0.32746365666389465, -0.7432646155357361, 0.16959473490715027]] left_gripper=0.9930038452148438 right_gripper=0.16959473490715027
update step=90 qpos=[-0.015472067520022392, -0.06396401673555374, -0.0034257934894412756, 0.031208395957946777, -0.08731145411729813, 0.01849685236811638, 0.9930038452148438, 0.17634816467761993, 1.4684169292449951, 0.954518735408783, -0.3232412338256836, -0.32900235056877136, -0.7434163093566895, 0.16959473490715027]
pred step=90 action=[[-0.01540076732635498, -0.06439697742462158, -0.0023528337478637695, 0.040211498737335205, -0.08380305767059326, 0.023088425397872925, 1.0003045797348022, 0.1814935952425003, 1.4515037536621094, 0.9346204400062561, -0.27403876185417175, -0.34306058287620544, -0.699406623840332, 0.19875702261924744]] left_gripper=1.0003045797348022 right_gripper=0.19875702261924744
update step=91 qpos=[-0.015417279675602913, -0.06437639147043228, -0.002388992812484503, 0.03909405693411827, -0.08424609154462814, 0.022503197193145752, 1.0, 0.18097084760665894, 1.453328013420105, 0.9372360110282898, -0.2802788019180298, -0.3412916362285614, -0.7050245404243469, 0.1987570226192474]
pred step=91 action=[[-0.0185154527425766, -0.05192983150482178, -0.0013666749000549316, 0.03797106444835663, -0.07930690050125122, 0.02004668116569519, 0.9972841739654541, 0.18011705577373505, 1.4506206512451172, 0.9371960163116455, -0.2817257344722748, -0.3491145968437195, -0.696568489074707, 0.18659359216690063]] left_gripper=0.9972841739654541 right_gripper=0.18659359216690063
update step=92 qpos=[-0.018161064013838768, -0.05337591841816902, -0.0015630575362592936, 0.0380859412252903, -0.07992443442344666, 0.02036093920469284, 0.9972841739654541, 0.1802133470773697, 1.4510201215744019, 0.9371030926704407, -0.2815660834312439, -0.34811916947364807, -0.6976454257965088, 0.18659359216690063]
pred step=92 action=[[-0.015082880854606628, -0.045374274253845215, 0.0038980841636657715, 0.03178124129772186, -0.072427898645401, 0.03629177808761597, 0.9915982484817505, 0.17212197184562683, 1.4188538789749146, 0.9341599941253662, -0.2874200940132141, -0.33441466093063354, -0.7189021110534668, 0.19587081670761108]] left_gripper=0.9915982484817505 right_gripper=0.19587081670761108
update step=93 qpos=[-0.015462442301213741, -0.04632796719670296, 0.003275141818448901, 0.03259435296058655, -0.07337891310453415, 0.034260980784893036, 0.9915982484817505, 0.17296119034290314, 1.4224300384521484, 0.9345582723617554, -0.2866920530796051, -0.3361494839191437, -0.7161890268325806, 0.1958708167076111]
pred step=93 action=[[-0.016524627804756165, -0.042111992835998535, 0.003549337387084961, 0.029614686965942383, -0.07188200950622559, 0.034841299057006836, 1.0020945072174072, 0.1778908669948578, 1.4096335172653198, 0.9009903073310852, -0.23626500368118286, -0.3581085503101349, -0.694745659828186, 0.20293796062469482]] left_gripper=1.0020945072174072 right_gripper=0.20293796062469482
update step=94 qpos=[-0.01640254445374012, -0.04259542003273964, 0.003478636033833027, 0.029979633167386055, -0.07206833362579346, 0.03476841747760773, 1.0, 0.17742684483528137, 1.411385416984558, 0.9047841429710388, -0.24280591309070587, -0.3553334176540375, -0.6974871158599854, 0.20293796062469482]
pred step=94 action=[[-0.016518086194992065, -0.03845810890197754, 0.0021454691886901855, 0.026877909898757935, -0.07713806629180908, 0.03869980573654175, 0.9964603185653687, 0.17437176406383514, 1.4104654788970947, 0.9030432105064392, -0.21965578198432922, -0.37541094422340393, -0.6824304461479187, 0.19555041193962097]] left_gripper=0.9964603185653687 right_gripper=0.19555041193962097
update step=95 qpos=[-0.01649484597146511, -0.03893390670418739, 0.002266468945890665, 0.027255533263087273, -0.07649630308151245, 0.038198404014110565, 0.9964603185653687, 0.17473052442073822, 1.4104900360107422, 0.9034233093261719, -0.2225516140460968, -0.37285560369491577, -0.6843505501747131, 0.19555041193962097]
pred step=95 action=[[-0.020274806767702103, -0.023623228073120117, 0.02369171380996704, 0.03472954034805298, -0.05863499641418457, 0.050344109535217285, 1.000993251800537, 0.17975229024887085, 1.389176368713379, 0.8857825994491577, -0.1733854115009308, -0.37119364738464355, -0.6465202569961548, 0.1995527744293213]] left_gripper=1.000993251800537 right_gripper=0.1995527744293213
update step=96 qpos=[-0.019868459552526474, -0.025534454733133316, 0.02143244631588459, 0.03389072045683861, -0.060883499681949615, 0.04879704490303993, 1.0, 0.17920377850532532, 1.391634464263916, 0.8879969716072083, -0.1796460896730423, -0.3714195489883423, -0.6513491868972778, 0.1995527744293213]
pred step=96 action=[[-0.021848682314157486, -0.023179233074188232, 0.03009435534477234, 0.03545543551445007, -0.06225961446762085, 0.06169065833091736, 1.0030378103256226, 0.17799291014671326, 1.3585810661315918, 0.8746796250343323, -0.19940504431724548, -0.3603144586086273, -0.6521564722061157, 0.21501946449279785]] left_gripper=1.0030378103256226 right_gripper=0.21501946449279785
update step=97 qpos=[-0.021615905687212944, -0.023440225049853325, 0.02903539501130581, 0.035263583064079285, -0.06207852438092232, 0.060047537088394165, 1.0, 0.17809981107711792, 1.3624011278152466, 0.8760461211204529, -0.19699731469154358, -0.36173754930496216, -0.6520527601242065, 0.21501946449279785]
pred step=97 action=[[-0.0251711867749691, 0.006337165832519531, 0.03689950704574585, 0.023133575916290283, -0.04811275005340576, 0.06930139660835266, 0.9933404922485352, 0.17342790961265564, 1.3323103189468384, 0.8566251993179321, -0.20350883901119232, -0.3279091417789459, -0.6389768123626709, 0.21604490280151367]] left_gripper=0.9933404922485352 right_gripper=0.21604490280151367
update step=98 qpos=[-0.024782927706837654, 0.0028796882834285498, 0.03580862656235695, 0.02462531253695488, -0.04986852779984474, 0.06812405586242676, 0.9933404922485352, 0.1738511472940445, 1.3357995748519897, 0.858753502368927, -0.2027873545885086, -0.33219772577285767, -0.6406453251838684, 0.21604490280151367]
pred step=98 action=[[-0.020366162061691284, 0.004039406776428223, 0.02665981650352478, 0.03116588294506073, -0.05403977632522583, 0.0783897340297699, 0.9902607202529907, 0.1701044738292694, 1.3075872659683228, 0.8474400639533997, -0.17850922048091888, -0.3170071840286255, -0.630426287651062, 0.25489988923072815]] left_gripper=0.9902607202529907 right_gripper=0.25489988923072815
update step=99 qpos=[-0.020878709852695465, 0.003919783979654312, 0.027713492512702942, 0.030304279178380966, -0.053518977016210556, 0.07708073407411575, 0.9902607202529907, 0.17047996819019318, 1.3107830286026, 0.8488616943359375, -0.18160684406757355, -0.3189305365085602, -0.6317299008369446, 0.25489988923072815]
pred step=99 action=[[-0.02172752097249031, 0.025835812091827393, 0.03823983669281006, 0.030902549624443054, -0.04401087760925293, 0.09545654058456421, 0.9964125752449036, 0.1744811087846756, 1.2425792217254639, 0.770673394203186, -0.0829809233546257, -0.35382258892059326, -0.5562834143638611, 0.27314990758895874]] left_gripper=0.9964125752449036 right_gripper=0.27314990758895874
update step=100 qpos=[-0.02164880558848381, 0.02320726215839386, 0.03709658607840538, 0.03086143732070923, -0.04520874470472336, 0.09311497211456299, 0.9964125752449036, 0.17414195835590363, 1.2503893375396729, 0.7799537181854248, -0.09570559859275818, -0.34943562746047974, -0.5659177303314209, 0.27314990758895874]
pred step=100 action=[[-0.014321558177471161, -0.004492521286010742, -0.012821316719055176, -0.04965989291667938, -0.030326098203659058, 0.08878612518310547, 1.028158187866211, 0.31954655051231384, 1.0503365993499756, 0.8135051131248474, -0.7113133072853088, 0.056481778621673584, -0.7383644580841064, 0.8283013105392456]] left_gripper=1.028158187866211 right_gripper=0.8283013105392456
update step=101 qpos=[-0.015211512334644794, -0.0008261633338406682, -0.007934743538498878, -0.03979703038930893, -0.03221927955746651, 0.08934096246957779, 1.0, 0.30375906825065613, 1.0839771032333374, 0.8102681040763855, -0.29167643189430237, -0.15762536227703094, -0.7161200642585754, 0.5790053821824215]
pred step=101 action=[[-0.013113796710968018, -0.011894643306732178, -0.014383792877197266, -0.04457331448793411, -0.03289178013801575, 0.08481276035308838, 1.030922293663025, 0.31729063391685486, 1.0710463523864746, 0.8431227207183838, -0.7363094687461853, 0.04809856414794922, -0.7776210904121399, 0.8399957418441772]] left_gripper=1.030922293663025 right_gripper=0.8399957418441772
update step=102 qpos=[-0.013356877490878105, -0.010742777027189732, -0.013188372366130352, -0.0438554510474205, -0.03281211853027344, 0.08538918197154999, 1.0, 0.3155975043773651, 1.0741618871688843, 0.8377677202224731, -0.4853680431842804, 0.01577603816986084, -0.7697827219963074, 0.7268868514233165]
pred step=102 action=[[-0.01437588781118393, -0.009904026985168457, -0.006795227527618408, -0.03763200342655182, -0.03218561410903931, 0.08654800057411194, 1.0393232107162476, 0.3165842294692993, 1.1314489841461182, 0.9004600048065186, -0.7821207642555237, 0.04313245415687561, -0.8343768119812012, 0.8437075614929199]] left_gripper=1.0393232107162476 right_gripper=0.8437075614929199
update step=103 qpos=[-0.0142575828358531, -0.010057855397462845, -0.00740573788061738, -0.03836912661790848, -0.03226300701498985, 0.08640000224113464, 1.0, 0.31642481684684753, 1.1252362728118896, 0.8930051922798157, -0.6751790046691895, 0.039682772010564804, -0.8261364102363586, 0.8437075614929199]
pred step=103 action=[[-0.01702621579170227, -0.010001718997955322, 0.005066037178039551, -0.04441840946674347, -0.03240102529525757, 0.07061326503753662, 1.0355747938156128, 0.3073466420173645, 1.1884629726409912, 0.9415437579154968, -0.8076463937759399, 0.03338128328323364, -0.8770285844802856, 0.8577831387519836]] left_gripper=1.0355747938156128 right_gripper=0.8577831387519836
update step=104 qpos=[-0.01669900491833687, -0.010029506869614124, 0.0036471353378146887, -0.0436059907078743, -0.03237982466816902, 0.07262630760669708, 1.0, 0.3083961009979248, 1.1810193061828613, 0.9354691505432129, -0.7908045053482056, 0.03419408202171326, -0.8705424666404724, 0.8577831387519836]
pred step=104 action=[[-0.018154069781303406, -0.0187680721282959, 0.015508949756622314, -0.037486739456653595, -0.028134524822235107, 0.0561809241771698, 1.0338531732559204, 0.2961805760860443, 1.2509243488311768, 0.9749554991722107, -0.8281773328781128, 0.02407681941986084, -0.939410924911499, 0.8570131063461304]] left_gripper=1.0338531732559204 right_gripper=0.8570131063461304
update step=105 qpos=[-0.017990412190556526, -0.017781147733330727, 0.014246191829442978, -0.03819356486201286, -0.028670376166701317, 0.058277033269405365, 1.0, 0.29760462045669556, 1.2427878379821777, 0.9704262018203735, -0.8232102394104004, 0.02538497932255268, -0.9306250214576721, 0.8570131063461305]
pred step=105 action=[[-0.017709851264953613, -0.017221689224243164, 0.01777857542037964, -0.034446604549884796, -0.02461785078048706, 0.06072109937667847, 1.0436550378799438, 0.28752487897872925, 1.3237749338150024, 1.0396097898483276, -0.8737273216247559, 0.0184384286403656, -1.0299108028411865, 0.8437128067016602]] left_gripper=1.0436550378799438 right_gripper=0.8437128067016602
update step=106 qpos=[-0.017751822248101234, -0.017265519127249718, 0.017297843471169472, -0.03493279218673706, -0.025129858404397964, 0.06040892004966736, 1.0, 0.2887064516544342, 1.3142362833023071, 1.0316853523254395, -0.8669643402099609, 0.019338108599185944, -1.0172450542449951, 0.8437128067016602]
pred step=106 action=[[-0.017324887216091156, -0.01798880100250244, 0.029592692852020264, -0.02819930762052536, -0.018459349870681763, 0.0550304651260376, 1.054526448249817, 0.27637535333633423, 1.35286283493042, 1.0623377561569214, -0.8822023272514343, 0.01644974946975708, -1.0587067604064941, 0.8647500872612]] left_gripper=1.054526448249817 right_gripper=0.8647500872612
update step=107 qpos=[-0.01738828234374523, -0.017960671335458755, 0.028300372883677483, -0.02898234874010086, -0.0193038173019886, 0.05571652203798294, 1.0, 0.27776670455932617, 1.3483160734176636, 1.0588750839233398, -0.8800885677337646, 0.01684265024960041, -1.0534182786941528, 0.8647500872612]
pred step=107 action=[[-0.010690674185752869, -0.017160415649414062, 0.018948078155517578, -0.033507220447063446, -0.026806503534317017, 0.05621153116226196, 1.0462449789047241, 0.27927592396736145, 1.4078800678253174, 1.1026151180267334, -0.9073131680488586, 0.012777596712112427, -1.1429983377456665, 0.8274031281471252]] left_gripper=1.0462449789047241 right_gripper=0.8274031281471252
update step=108 qpos=[-0.011462234891951084, -0.01715906150639057, 0.01979592815041542, -0.033024825155735016, -0.025870611891150475, 0.05614722892642021, 1.0, 0.27914711833000183, 1.4010255336761475, 1.0975068807601929, -0.9036260843276978, 0.013288973830640316, -1.13157320022583, 0.8274031281471252]
pred step=108 action=[[-0.016118444502353668, -0.022600650787353516, 0.020511925220489502, -0.013114303350448608, -0.023613542318344116, 0.029403388500213623, 1.041779637336731, 0.26893359422683716, 1.4607195854187012, 1.1409388780593872, -0.9400306940078735, -0.0009326636791229248, -1.1949031352996826, 0.8170431852340698]] left_gripper=1.041779637336731 right_gripper=0.8170431852340698
update step=109 qpos=[-0.015571513213217258, -0.022041145712137222, 0.020665716379880905, -0.0155731700360775, -0.02389368787407875, 0.03281344845890999, 1.0, 0.27010583877563477, 1.4537315368652344, 1.1359000205993652, -0.9351836442947388, 0.0008913359488360584, -1.1868258714675903, 0.8170431852340698]
pred step=109 action=[[-0.010581739246845245, -0.008861899375915527, 0.013447463512420654, -0.018523894250392914, -0.030306458473205566, 0.05100637674331665, 1.0441447496414185, 0.2600344717502594, 1.512138843536377, 1.1659257411956787, -0.9475007057189941, -0.002594292163848877, -1.2741481065750122, 0.7742888927459717]] left_gripper=1.0441447496414185 right_gripper=0.7742888927459717
update step=110 qpos=[-0.011157757602632046, -0.010337680578231812, 0.014073415659368038, -0.01823650859296322, -0.02950294129550457, 0.04868491739034653, 1.0, 0.2611735463142395, 1.505358338356018, 1.1625289916992188, -0.9457105994224548, -0.0021313710603863, -1.263008952140808, 0.7742888927459717]
pred step=110 action=[[-0.0076380521059036255, -0.02545219659805298, 0.012035727500915527, -0.009849689900875092, -0.022485285997390747, 0.02630460262298584, 1.0388543605804443, 0.23892907798290253, 1.5261902809143066, 1.2150745391845703, -0.9824858903884888, -0.017237544059753418, -1.3212562799453735, 0.7796361446380615]] left_gripper=1.0388543605804443 right_gripper=0.7796361446380615
update step=111 qpos=[-0.008062083274126053, -0.023727307096123695, 0.012464219704270363, -0.010857073590159416, -0.023382950574159622, 0.02915872447192669, 1.0, 0.24139679968357086, 1.5233168601989746, 1.2092037200927734, -0.977594792842865, -0.015282305888831615, -1.3138248920440674, 0.7796361446380615]
pred step=111 action=[[-0.0068901777267456055, -0.027376949787139893, 6.365776062011719e-05, 0.004764974117279053, -0.02309805154800415, 0.027441054582595825, 1.0301111936569214, 0.22330045700073242, 1.5777828693389893, 1.225818157196045, -0.971846878528595, -0.03332898020744324, -1.371330976486206, 0.7573118805885315]] left_gripper=1.0301111936569214 right_gripper=0.7573118805885315
update step=112 qpos=[-0.007027800660580397, -0.026914097368717194, 0.0014449971495196223, 0.0027315474580973387, -0.023136157542467117, 0.027658818289637566, 1.0, 0.22535227239131927, 1.5719603300094604, 1.223711371421814, -0.9724059700965881, -0.031002210453152657, -1.3639934062957764, 0.7573118805885315]
pred step=112 action=[[-0.007486589252948761, -0.026394367218017578, -0.002741575241088867, 0.013240665197372437, -0.022258073091506958, 0.018759846687316895, 1.0362275838851929, 0.20416128635406494, 1.5848544836044312, 1.2666399478912354, -1.0213216543197632, -0.022817134857177734, -1.4135620594024658, 0.7203680872917175]] left_gripper=1.0362275838851929 right_gripper=0.7203680872917175
update step=113 qpos=[-0.007433233316987753, -0.026478102430701256, -0.0021867197938263416, 0.011913025751709938, -0.022369220852851868, 0.01989436335861683, 1.0, 0.2064485400915146, 1.5827622413635254, 1.261859655380249, -1.0149728059768677, -0.02382025495171547, -1.4072383642196655, 0.7203680872917175]
pred step=113 action=[[-0.006813161075115204, -0.02931433916091919, -0.0014169812202453613, 0.011089041829109192, -0.020239949226379395, 0.011252790689468384, 1.022939682006836, 0.19640091061592102, 1.601918339729309, 1.2791054248809814, -1.0264726877212524, -0.04218780994415283, -1.4666568040847778, 0.6715485453605652]] left_gripper=1.022939682006836 right_gripper=0.6715485453605652
update step=114 qpos=[-0.006889409385621548, -0.028987642377614975, -0.0014830076834186912, 0.011205331422388554, -0.020511338487267494, 0.01235415693372488, 1.0, 0.1975783109664917, 1.5999150276184082, 1.2769103050231934, -1.0249594449996948, -0.03984108567237854, -1.4590790271759033, 0.6715485453605652]
pred step=114 action=[[-0.005208738148212433, -0.032326579093933105, 0.0013616681098937988, 0.012345701456069946, -0.02369782328605652, 0.012241095304489136, 1.0231497287750244, 0.18317106366157532, 1.5967779159545898, 1.2733756303787231, -1.0281223058700562, -0.043500810861587524, -1.4615758657455444, 0.664680540561676]] left_gripper=1.0231497287750244 right_gripper=0.664680540561676
update step=115 qpos=[-0.005399621091783047, -0.031947728246450424, 0.001069913967512548, 0.012221870943903923, -0.02329842373728752, 0.01225469633936882, 1.0, 0.1847255676984787, 1.5970405340194702, 1.2738368511199951, -1.0277421474456787, -0.04300924763083458, -1.4612590074539185, 0.664680540561676]
pred step=115 action=[[-0.008898340165615082, -0.03422904014587402, -0.004171967506408691, 0.019555598497390747, -0.0258905291557312, -0.0021847784519195557, 1.0196118354797363, 0.16424418985843658, 1.6285879611968994, 1.298914909362793, -1.0383646488189697, -0.06081199645996094, -1.4850502014160156, 0.5891543626785278]] left_gripper=1.0196118354797363 right_gripper=0.5891543626785278
update step=116 qpos=[-0.008479815907776356, -0.03394293785095215, -0.0035950755700469017, 0.018601728603243828, -0.025557901710271835, -0.00034371978836134076, 1.0, 0.16651587188243866, 1.6250165700912476, 1.2959461212158203, -1.0368714332580566, -0.05851621553301811, -1.4820103645324707, 0.5891543626785278]
pred step=116 action=[[-0.006144985556602478, -0.030500054359436035, -0.006171226501464844, 0.013443365693092346, -0.029416561126708984, 0.009792327880859375, 1.0154392719268799, 0.1379355788230896, 1.6105960607528687, 1.2864598035812378, -1.0420150756835938, -0.062403321266174316, -1.5200624465942383, 0.5610480308532715]] left_gripper=1.0154392719268799 right_gripper=0.5610480308532715
update step=117 qpos=[-0.006413074675947428, -0.03088640421628952, -0.005927364807575941, 0.014074321836233139, -0.02893238328397274, 0.008498923853039742, 1.0, 0.14100858569145203, 1.6120481491088867, 1.2876752614974976, -1.041428804397583, -0.06185517832636833, -1.5152087211608887, 0.5610480308532715]
pred step=117 action=[[-0.005797743797302246, -0.04226994514465332, 0.009155094623565674, 0.02638775110244751, -0.03703537583351135, 0.006343930959701538, 1.0057721138000488, 0.11214322596788406, 1.6249890327453613, 1.280933141708374, -1.0355149507522583, -0.08587610721588135, -1.541549801826477, 0.446062833070755]] left_gripper=1.0057721138000488 right_gripper=0.446062833070755
update step=118 qpos=[-0.005852974951267242, -0.041045285761356354, 0.007721693255007267, 0.024961380288004875, -0.03601335734128952, 0.00661840196698904, 1.0, 0.11534126102924347, 1.6237136125564575, 1.281626582145691, -1.0362595319747925, -0.08277299255132675, -1.5381879806518555, 0.446062833070755]
pred step=118 action=[[-0.0063900426030159, -0.0486302375793457, 0.003092348575592041, 0.03504247963428497, -0.03853076696395874, 0.006316632032394409, 1.003748893737793, 0.09764720499515533, 1.6088366508483887, 1.2801927328109741, -1.0407438278198242, -0.09048408269882202, -1.5433275699615479, 0.37539517879486084]] left_gripper=1.003748893737793 right_gripper=0.37539517879486084
update step=119 qpos=[-0.006321564316749573, -0.047682300209999084, 0.0035023633390665054, 0.03371882811188698, -0.03821209818124771, 0.006354819051921368, 1.0, 0.09960182756185532, 1.6102594137191772, 1.280540108680725, -1.0401966571807861, -0.08948124945163727, -1.5426722764968872, 0.37539517879486084]
pred step=119 action=[[-0.005885124206542969, -0.04833179712295532, 0.007310211658477783, 0.028084710240364075, -0.045969873666763306, 0.009478718042373657, 0.9989731311798096, 0.1140466183423996, 1.5839486122131348, 1.265106439590454, -1.0052353143692017, -0.09361949563026428, -1.5204159021377563, 0.39144235849380493]] left_gripper=0.9989731311798096 right_gripper=0.39144235849380493
update step=120 qpos=[-0.00592104671522975, -0.048259660601615906, 0.006866974290460348, 0.02881237119436264, -0.04499013349413872, 0.009079918265342712, 0.9989731311798096, 0.11257009208202362, 1.587113857269287, 1.2670059204101562, -1.0097073316574097, -0.09313031286001205, -1.523257851600647, 0.39144235849380493]
pred step=120 action=[[-0.00507894903421402, -0.054031431674957275, 0.0085526704788208, 0.018543437123298645, -0.054815709590911865, 0.005157828330993652, 0.9951496124267578, 0.09775838255882263, 1.598968505859375, 1.2279857397079468, -0.9617610573768616, -0.1255446970462799, -1.5008763074874878, 0.33378952741622925]] left_gripper=0.9951496124267578 right_gripper=0.33378952741622925
update step=121 qpos=[-0.005157280247658491, -0.05333583056926727, 0.008317595347762108, 0.019846519455313683, -0.053576838225126266, 0.00565735949203372, 0.9951496124267578, 0.09936840087175369, 1.5981528759002686, 1.2324540615081787, -0.96788090467453, -0.12138622254133224, -1.5037281513214111, 0.33378952741622925]
pred step=121 action=[[-0.005735971033573151, -0.05013585090637207, 0.014631271362304688, 0.0284641832113266, -0.05039277672767639, 0.009716212749481201, 0.9938452243804932, 0.07893162220716476, 1.5829699039459229, 1.2523294687271118, -1.0009710788726807, -0.11878420412540436, -1.5256779193878174, 0.26362302899360657]] left_gripper=0.9938452243804932 right_gripper=0.26362302899360657
update step=122 qpos=[-0.0056745088659226894, -0.050556451082229614, 0.013997749425470829, 0.02741098403930664, -0.05079416185617447, 0.009198683314025402, 0.9938452243804932, 0.08111579716205597, 1.5840989351272583, 1.2503124475479126, -0.9967307448387146, -0.1190866157412529, -1.5228748321533203, 0.26362302899360657]
pred step=122 action=[[-0.005221210420131683, -0.04413241147994995, 0.01184225082397461, 0.01711815595626831, -0.05344972014427185, 0.0014811456203460693, 0.98248291015625, 0.0627250224351883, 1.5876164436340332, 1.2385058403015137, -0.9732487201690674, -0.14093132317066193, -1.5229411125183105, 0.24542465806007385]] left_gripper=0.98248291015625 right_gripper=0.24542465806007385
update step=123 qpos=[-0.005268504377454519, -0.04482703655958176, 0.01192084327340126, 0.018368346616625786, -0.053115375339984894, 0.002465310739353299, 0.98248291015625, 0.06477928161621094, 1.587644100189209, 1.2397161722183228, -0.9762477874755859, -0.138118714094162, -1.5229315757751465, 0.24542465806007382]
pred step=123 action=[[-0.007135540246963501, -0.04780858755111694, 0.014611482620239258, 0.017285972833633423, -0.053802669048309326, 0.008470803499221802, 0.9865655303001404, 0.06386790424585342, 1.5692481994628906, 1.269709825515747, -1.0082286596298218, -0.12902888655662537, -1.5461983680725098, 0.1756771206855774]] left_gripper=0.9865655303001404 right_gripper=0.1756771206855774
update step=124 qpos=[-0.006915121339261532, -0.04749016836285591, 0.01438976265490055, 0.017457887530326843, -0.05371178314089775, 0.007704789284616709, 0.9865655303001404, 0.06398504227399826, 1.5709805488586426, 1.2663599252700806, -1.0041173696517944, -0.13019578158855438, -1.5432296991348267, 0.1756771206855774]
pred step=124 action=[[-0.004428349435329437, -0.05640745162963867, 0.012562751770019531, 0.015177518129348755, -0.06598490476608276, 0.00335693359375, 0.9804039597511292, 0.057559020817279816, 1.560413122177124, 1.213057279586792, -0.9270988702774048, -0.15432459115982056, -1.496842622756958, 0.19101104140281677]] left_gripper=0.9804039597511292 right_gripper=0.19101104140281677
update step=125 qpos=[-0.004695751238614321, -0.055343810468912125, 0.012754137627780437, 0.01546297688037157, -0.06443951278924942, 0.003910517320036888, 0.9804039597511293, 0.05829257518053055, 1.5623699426651, 1.219173789024353, -0.9369771480560303, -0.15123319625854492, -1.5027620792388916, 0.19101104140281677]
pred step=125 action=[[-0.0007334426045417786, -0.056973278522491455, 0.010946214199066162, 0.022117391228675842, -0.06634202599525452, 0.004331111907958984, 0.9808028936386108, 0.05156523734331131, 1.553638219833374, 1.225604772567749, -0.9294366836547852, -0.16439767181873322, -1.473073959350586, 0.14207035303115845]] left_gripper=0.9808028936386108 right_gripper=0.14207035303115845
update step=126 qpos=[-0.0011950199259445071, -0.0567893423140049, 0.011181136593222618, 0.021274510771036148, -0.0661102682352066, 0.004276718478649855, 0.9808028936386108, 0.052314236760139465, 1.5543317794799805, 1.2251540422439575, -0.9303168654441833, -0.16272373497486115, -1.4768574237823486, 0.14207035303115845]
pred step=126 action=[[-0.0020932257175445557, -0.061135053634643555, 0.011315405368804932, 0.01989835500717163, -0.06615379452705383, 0.007186084985733032, 0.9806891679763794, 0.045224711298942566, 1.5531280040740967, 1.2153253555297852, -0.9187393188476562, -0.16354846954345703, -1.474508285522461, 0.14044243097305298]] left_gripper=0.9806891679763794 right_gripper=0.14044243097305298
update step=127 qpos=[-0.001987069845199585, -0.06062304973602295, 0.011304875835776329, 0.0200787540525198, -0.06614654511213303, 0.006815191823989153, 0.9806891679763794, 0.04599323123693466, 1.5534979104995728, 1.2163573503494263, -0.9202464818954468, -0.16342511773109436, -1.4748066663742065, 0.14044243097305298]
pred step=127 action=[[-0.0016299858689308167, -0.05319094657897949, 0.00790315866470337, 0.015056595206260681, -0.06442368030548096, 0.005490928888320923, 0.9796212911605835, 0.04512771964073181, 1.5586285591125488, 1.223134994506836, -0.9034865498542786, -0.1790684014558792, -1.4670677185058594, 0.12852352857589722]] left_gripper=0.9796212911605835 right_gripper=0.12852352857589722
update step=128 qpos=[-0.0016755820252001286, -0.05402978137135506, 0.008192790672183037, 0.015650613233447075, -0.06464188545942307, 0.005660200025886297, 0.9796212911605835, 0.04526593163609505, 1.558006763458252, 1.222496747970581, -0.9055224061012268, -0.177084818482399, -1.468052864074707, 0.12852352857589722]
pred step=128 action=[[-0.0017792731523513794, -0.05706679821014404, 0.014657199382781982, 0.013918474316596985, -0.06794002652168274, 0.0048326849937438965, 0.968525767326355, 0.044548504054546356, 1.5459725856781006, 1.2193087339401245, -0.8977547287940979, -0.17583730816841125, -1.4583640098571777, 0.10481250286102295]] left_gripper=0.968525767326355 right_gripper=0.10481250286102295
update step=129 qpos=[-0.0017601511208340526, -0.05675731971859932, 0.014031709171831608, 0.014193481765687466, -0.067523293197155, 0.0049378336407244205, 0.968525767326355, 0.04462053254246712, 1.5473501682281494, 1.2197245359420776, -0.898755669593811, -0.17599603533744812, -1.4596004486083984, 0.10481250286102295]
pred step=129 action=[[-0.0003068298101425171, -0.055209457874298096, 0.010490596294403076, 0.0070981234312057495, -0.06632030010223389, 0.008859246969223022, 0.9717597961425781, 0.04039786756038666, 1.5464787483215332, 1.2256739139556885, -0.918195366859436, -0.1807875633239746, -1.4774279594421387, 0.13800299167633057]] left_gripper=0.9717597961425781 right_gripper=0.13800299167633057
update step=130 qpos=[-0.00048067368334159255, -0.05533883720636368, 0.010762184858322144, 0.007949956692755222, -0.06647475808858871, 0.008359371684491634, 0.9717597961425781, 0.04086463898420334, 1.546629548072815, 1.2248222827911377, -0.915764331817627, -0.18017123639583588, -1.4751533269882202, 0.13800299167633057]
pred step=130 action=[[-0.0015921443700790405, -0.06248772144317627, 0.0060389041900634766, 0.014761179685592651, -0.0671173632144928, 0.004655301570892334, 0.9770554900169373, 0.031739696860313416, 1.532467007637024, 1.2142653465270996, -0.8933647274971008, -0.190338596701622, -1.465461254119873, 0.13766086101531982]] left_gripper=0.9770554900169373 right_gripper=0.13766086101531982
update step=131 qpos=[-0.0014594654785469174, -0.06166299432516098, 0.006659005302935839, 0.013907176442444324, -0.06703458726406097, 0.00512761389836669, 0.9770554900169373, 0.03273807466030121, 1.534122347831726, 1.2155996561050415, -0.8962244391441345, -0.18903014063835144, -1.4666978120803833, 0.13766086101531982]
pred step=131 action=[[-0.0029585734009742737, -0.05098855495452881, 0.010775268077850342, 0.011774569749832153, -0.07208353281021118, 0.017169982194900513, 0.9752808809280396, 0.04839130491018295, 1.5373525619506836, 1.1998296976089478, -0.8345456123352051, -0.2133806347846985, -1.4148117303848267, 0.11675190925598145]] left_gripper=0.9752808809280396 right_gripper=0.11675190925598145
update step=132 qpos=[-0.0027736236806958914, -0.052252594381570816, 0.010283716954290867, 0.012045593932271004, -0.0714406818151474, 0.015634380280971527, 0.9752808809280396, 0.046771928668022156, 1.537268877029419, 1.2018400430679321, -0.842303454875946, -0.21031716465950012, -1.4214311838150024, 0.11675190925598145]
pred step=132 action=[[-0.0008235126733779907, -0.048154473304748535, 0.022638320922851562, 0.0016352832317352295, -0.0689745545387268, 0.02523013949394226, 0.97301185131073, 0.041962698101997375, 1.5277971029281616, 1.1990907192230225, -0.869956374168396, -0.19603331387043, -1.425816535949707, 0.09435713291168213]] left_gripper=0.97301185131073 right_gripper=0.09435713291168213
update step=133 qpos=[-0.0010589580051600933, -0.04866516590118408, 0.021249838173389435, 0.0030024717561900616, -0.06928931176662445, 0.024007387459278107, 0.97301185131073, 0.04240817576646805, 1.528727412223816, 1.1993452310562134, -0.8665238618850708, -0.19783633947372437, -1.425255537033081, 0.09435713291168213]
pred step=133 action=[[-0.0027715712785720825, -0.06325942277908325, 0.0064026713371276855, 0.00423179566860199, -0.0761619508266449, 0.01754888892173767, 0.973597526550293, 0.04926726967096329, 1.5206809043884277, 1.180117130279541, -0.8284061551094055, -0.2120354324579239, -1.3997397422790527, 0.09752720594406128]] left_gripper=0.973597526550293 right_gripper=0.09752720594406128
update step=134 qpos=[-0.0025552939623594284, -0.061466872692108154, 0.007986200973391533, 0.004004926886409521, -0.07529085874557495, 0.01837243139743805, 0.973597526550293, 0.0485742948949337, 1.521730661392212, 1.182471513748169, -0.8332621455192566, -0.21024569869041443, -1.4029964208602905, 0.09752720594406128]
pred step=134 action=[[-0.004259154200553894, -0.05972635746002197, 0.010376274585723877, 0.001607358455657959, -0.06803998351097107, 0.02048054337501526, 0.9779274463653564, 0.04785429686307907, 1.5276663303375244, 1.2061553001403809, -0.8426200747489929, -0.2231874018907547, -1.4049029350280762, 0.07617700099945068]] left_gripper=0.9779274463653564 right_gripper=0.07617700099945068
update step=135 qpos=[-0.004073645453900099, -0.059965018182992935, 0.010173218324780464, 0.0019388559740036726, -0.06895336508750916, 0.020212024450302124, 0.9779274463653564, 0.04794102534651756, 1.5268996953964233, 1.2034516334533691, -0.8413267135620117, -0.22154715657234192, -1.404656171798706, 0.07617700099945068]
pred step=135 action=[[-0.002412833273410797, -0.0488893985748291, 0.0013413429260253906, 0.002247348427772522, -0.0667676329612732, 0.02890723943710327, 0.9691725969314575, 0.04767569899559021, 1.4753258228302002, 1.1665980815887451, -0.7723279595375061, -0.2316146194934845, -1.3390917778015137, 0.09800714254379272]] left_gripper=0.9691725969314575 right_gripper=0.09800714254379272
update step=136 qpos=[-0.0026142557617276907, -0.05013981834053993, 0.0022252958733588457, 0.002135487273335457, -0.06704478710889816, 0.027799010276794434, 0.9691725969314575, 0.0477176196873188, 1.48134446144104, 1.1711875200271606, -0.7811712622642517, -0.23033814132213593, -1.347459316253662, 0.09800714254379271]
pred step=136 action=[[-0.001666441559791565, -0.05240428447723389, -0.00020760297775268555, 0.005720674991607666, -0.07201358675956726, 0.02261817455291748, 0.9714241623878479, 0.046100206673145294, 1.4965698719024658, 1.1814006567001343, -0.7767006754875183, -0.24786150455474854, -1.3602442741394043, 0.0877295732498169]] left_gripper=0.9714241623878479 right_gripper=0.0877295732498169
update step=137 qpos=[-0.001766800764016807, -0.05216963589191437, 0.0001771855168044567, 0.00528838112950325, -0.07138822227716446, 0.02327861078083515, 0.971424162387848, 0.046309296041727066, 1.4951952695846558, 1.1799737215042114, -0.7772339582443237, -0.24562472105026245, -1.358608365058899, 0.0877295732498169]
pred step=137 action=[[-0.005961276590824127, -0.0523412823677063, 0.007378697395324707, -0.0002491474151611328, -0.07131165266036987, 0.038476139307022095, 0.9760082960128784, 0.07134485244750977, 1.495076298713684, 1.1668437719345093, -0.74815434217453, -0.25905972719192505, -1.305012583732605, 0.11655396223068237]] left_gripper=0.9760082960128784 right_gripper=0.11655396223068237
update step=138 qpos=[-0.005469843279570341, -0.05234353989362717, 0.006586459465324879, 0.0004872478893958032, -0.07131170481443405, 0.03653857856988907, 0.9760082960128783, 0.06869298219680786, 1.4950999021530151, 1.1685445308685303, -0.7518303394317627, -0.25740954279899597, -1.311854362487793, 0.11655396223068236]
pred step=138 action=[[-0.0008697509765625, -0.04374349117279053, 0.0054166316986083984, -0.002963423728942871, -0.06645265221595764, 0.04472917318344116, 0.9699988961219788, 0.06567512452602386, 1.470225214958191, 1.1430163383483887, -0.6907336711883545, -0.28048938512802124, -1.258283019065857, 0.12693750858306885]] left_gripper=0.9699988961219788 right_gripper=0.12693750858306885
update step=139 qpos=[-0.0014223115285858512, -0.04471990466117859, 0.005441530607640743, -0.0025658640079200268, -0.06707420945167542, 0.043685805052518845, 0.9699988961219788, 0.0659867525100708, 1.4730809926986694, 1.1463240385055542, -0.6984883546829224, -0.2775484025478363, -1.265115737915039, 0.12693750858306885]
pred step=139 action=[[-0.0054361894726753235, -0.02664095163345337, 0.008071839809417725, -0.02055484801530838, -0.06934568285942078, 0.05370613932609558, 0.964613139629364, 0.06716950237751007, 1.470702886581421, 1.1337404251098633, -0.6898250579833984, -0.27048903703689575, -1.268137812614441, 0.08891302347183228]] left_gripper=0.964613139629364 right_gripper=0.08891302347183228
update step=140 qpos=[-0.004960192833095789, -0.028740687295794487, 0.007648293860256672, -0.01830723136663437, -0.06904851645231247, 0.05242973938584328, 0.964613139629364, 0.06702814251184464, 1.471174955368042, 1.1350727081298828, -0.6909884810447693, -0.2713828682899475, -1.267750859260559, 0.08891302347183228]
pred step=140 action=[[-0.003681756556034088, -0.03380221128463745, -0.0051847100257873535, -0.0017619282007217407, -0.06524834036827087, 0.06119343638420105, 0.9685161113739014, 0.07123959064483643, 1.4604287147521973, 1.118135690689087, -0.6105273365974426, -0.30317050218582153, -1.191115379333496, 0.12985163927078247]] left_gripper=0.9685161113739014 right_gripper=0.12985163927078247
update step=141 qpos=[-0.0038415230810642242, -0.03320835903286934, -0.003634037682786584, -0.0038818104658275843, -0.0657302737236023, 0.06007644161581993, 0.9685161113739014, 0.07083837687969208, 1.4617055654525757, 1.1205421686172485, -0.6206517815589905, -0.2991369962692261, -1.200892686843872, 0.12985163927078247]
pred step=141 action=[[-0.006840474903583527, -0.03140157461166382, 0.006969809532165527, -0.008795768022537231, -0.05935075879096985, 0.05777555704116821, 0.9568524956703186, 0.08719530701637268, 1.448026180267334, 1.088822841644287, -0.5518478155136108, -0.3354601263999939, -1.1128764152526855, 0.12058359384536743]] left_gripper=0.9568524956703186 right_gripper=0.12058359384536743
update step=142 qpos=[-0.006500805262476206, -0.03166850283741951, 0.005855092313140631, -0.008108989335596561, -0.060151372104883194, 0.05806995928287506, 0.9568524956703186, 0.08550716936588287, 1.4498355388641357, 1.0926673412322998, -0.5606307983398438, -0.33087995648384094, -1.124107003211975, 0.12058359384536743]
pred step=142 action=[[-0.009935066103935242, -0.002612471580505371, 0.017133712768554688, -0.006009891629219055, -0.04961928725242615, 0.07094830274581909, 0.9559886455535889, 0.08824535459280014, 1.4265116453170776, 1.0966808795928955, -0.5684128403663635, -0.3209587633609772, -1.1387481689453125, 0.12991803884506226]] left_gripper=0.9559886455535889 right_gripper=0.12991803884506226
update step=143 qpos=[-0.00955548882484436, -0.0060418155044317245, 0.015770789235830307, -0.006282078102231026, -0.05094074085354805, 0.06930752098560333, 0.9559886455535889, 0.08789951354265213, 1.429074764251709, 1.09626305103302, -0.5674299597740173, -0.3222324848175049, -1.1368769407272339, 0.12991803884506226]
pred step=143 action=[[-0.008564367890357971, -0.0028145313262939453, 0.015852034091949463, -0.005469828844070435, -0.04987338185310364, 0.07410323619842529, 0.959120512008667, 0.08331324905157089, 1.4189163446426392, 1.0648459196090698, -0.5497034788131714, -0.3227432370185852, -1.127018690109253, 0.15967732667922974]] left_gripper=0.959120512008667 right_gripper=0.15967732667922974
update step=144 qpos=[-0.008684448897838593, -0.003182469168677926, 0.015820302069187164, -0.005581885110586882, -0.050008710473775864, 0.07349243015050888, 0.959120512008667, 0.08380267769098282, 1.4204068183898926, 1.0682744979858398, -0.5521169304847717, -0.3226601183414459, -1.128279447555542, 0.1596773266792297]
pred step=144 action=[[-0.005340591073036194, -0.0028378963470458984, 0.019239604473114014, -0.009891524910926819, -0.05958664417266846, 0.08888131380081177, 0.9527221918106079, 0.08660341799259186, 1.3907679319381714, 1.0473368167877197, -0.4908895492553711, -0.349723219871521, -1.0734567642211914, 0.15290677547454834]] left_gripper=0.9527221918106079 right_gripper=0.15290677547454834
update step=145 qpos=[-0.005715588573366404, -0.0028861260507255793, 0.018855104222893715, -0.00933124590665102, -0.05838095024228096, 0.08691853284835815, 0.9527221918106079, 0.08636117726564407, 1.393992304801941, 1.0502296686172485, -0.4986310303211212, -0.34630268812179565, -1.0804529190063477, 0.15290677547454834]
pred step=145 action=[[-0.01549452543258667, 0.03798407316207886, 0.030013561248779297, 0.005610674619674683, -0.02467319369316101, 0.0992707908153534, 0.9504174590110779, 0.10909224301576614, 1.3806184530258179, 1.0303303003311157, -0.40002864599227905, -0.37563297152519226, -0.9916270971298218, 0.15546202659606934]] left_gripper=0.9504174590110779 right_gripper=0.15546202659606934
update step=146 qpos=[-0.01441615354269743, 0.03313201665878296, 0.028746334835886955, 0.0037195987533777952, -0.028912927955389023, 0.09769987314939499, 0.9504174590110779, 0.10667391866445541, 1.3825126886367798, 1.0328470468521118, -0.41253530979156494, -0.3719426095485687, -1.0029624700546265, 0.15546202659606934]
pred step=146 action=[[-0.018390849232673645, 0.0428997278213501, 0.03884470462799072, 0.006000414490699768, -0.03267174959182739, 0.10308650135993958, 0.9512132406234741, 0.11085888743400574, 1.3449000120162964, 0.9895254373550415, -0.3672654628753662, -0.3815996050834656, -0.959597110748291, 0.17356282472610474]] left_gripper=0.9512132406234741 right_gripper=0.17356282472610474
update step=147 qpos=[-0.01791987195611, 0.041720643639564514, 0.03773697838187218, 0.005749755539000034, -0.032185349613428116, 0.10240044444799423, 0.9512132406234741, 0.1104050949215889, 1.3493279218673706, 0.9945844411849976, -0.3731718957424164, -0.38039278984069824, -0.9651309251785278, 0.17356282472610474]
pred step=147 action=[[-0.0236269049346447, 0.07398498058319092, 0.04805818200111389, -0.002147883176803589, -0.017492234706878662, 0.10711348056793213, 0.9255507588386536, 0.12104442715644836, 1.2768933773040771, 0.928492546081543, -0.2903696298599243, -0.37113311886787415, -0.8578363656997681, 0.18671715259552002]] left_gripper=0.9255507588386536 right_gripper=0.18671715259552002
update step=148 qpos=[-0.022988202050328255, 0.0702149048447609, 0.04673027992248535, -0.0011747297830879688, -0.019336871802806854, 0.10651469230651855, 0.9255507588386536, 0.11986872553825378, 1.285097599029541, 0.9365265369415283, -0.3010466992855072, -0.3723556399345398, -0.8715322017669678, 0.18671715259552002]
pred step=148 action=[[-0.015771910548210144, 0.09551054239273071, 0.06304270029067993, -0.011176541447639465, -0.014833807945251465, 0.13035151362419128, 0.9149996638298035, 0.11486665159463882, 1.2199527025222778, 0.8858833312988281, -0.2484506368637085, -0.3591018319129944, -0.8187475204467773, 0.2499881386756897]] left_gripper=0.9149996638298035 right_gripper=0.2499881386756897
update step=149 qpos=[-0.0166328102350235, 0.09250403195619583, 0.061176102608442307, -0.009870720095932484, -0.01541348546743393, 0.12731200456619263, 0.9149996638298035, 0.11536504328250885, 1.2274879217147827, 0.8918097019195557, -0.2553059458732605, -0.36078736186027527, -0.8254817128181458, 0.24998813867568967]
pred step=149 action=[[-0.02503824606537819, 0.12045013904571533, 0.07233932614326477, -0.007537022233009338, -0.003159046173095703, 0.12960213422775269, 0.9119579792022705, 0.13692434132099152, 1.159373164176941, 0.7806583046913147, -0.09291096031665802, -0.40968361496925354, -0.6730350255966187, 0.2542441189289093]] left_gripper=0.9119579792022705 right_gripper=0.2542441189289093
update step=150 qpos=[-0.024076664820313454, 0.11715687066316605, 0.07102501392364502, -0.007828272879123688, -0.004690440837293863, 0.12931303679943085, 0.9119579792022705, 0.13468089699745178, 1.1673389673233032, 0.7938684821128845, -0.11381314694881439, -0.40355491638183594, -0.6924984455108643, 0.2542441189289093]
pred step=150 action=[[-0.008999727666378021, -0.03854799270629883, -0.016563236713409424, 0.008578181266784668, -0.019587844610214233, 0.04927855730056763, 1.0178111791610718, 0.3429953455924988, 1.3550256490707397, 1.088574767112732, -0.8815581202507019, 0.10575166344642639, -0.8181562423706055, 0.6504157781600952]] left_gripper=1.0178111791610718 right_gripper=0.6504157781600952
update step=151 qpos=[-0.010727955028414726, -0.020077021792531013, -0.006390246096998453, 0.0063595944084227085, -0.017747709527611732, 0.05948083847761154, 1.0, 0.3070336580276489, 1.3308582305908203, 0.9772729873657227, -0.30712729692459106, -0.20527422428131104, -0.8021018505096436, 0.5491791730953587]
pred step=151 action=[[-0.006690509617328644, -0.04711788892745972, -0.012450873851776123, 0.007369503378868103, -0.021880775690078735, 0.04806455969810486, 1.018832802772522, 0.34766680002212524, 1.3710418939590454, 1.113837480545044, -0.8970461487770081, 0.10108110308647156, -0.837043285369873, 0.6624020934104919]] left_gripper=1.018832802772522 right_gripper=0.6624020934104919
update step=152 qpos=[-0.007152108941227198, -0.04404263198375702, -0.011460352689027786, 0.007328784558922052, -0.021370280534029007, 0.04951527714729309, 1.0, 0.3429504632949829, 1.3665945529937744, 1.0976907014846802, -0.5023247599601746, -0.015211016871035099, -0.832587718963623, 0.662402093410492]
pred step=152 action=[[-0.008484430611133575, -0.04948490858078003, -0.006565213203430176, 0.010734006762504578, -0.017291903495788574, 0.04892045259475708, 1.034590721130371, 0.3465401232242584, 1.4185442924499512, 1.1550862789154053, -0.9354788064956665, 0.1030166745185852, -0.8758653402328491, 0.659324586391449]] left_gripper=1.034590721130371 right_gripper=0.659324586391449
update step=153 qpos=[-0.008335582911968231, -0.04887296259403229, -0.0070659564808011055, 0.010338237509131432, -0.017805282026529312, 0.04899599403142929, 1.0, 0.3458517789840698, 1.4136836528778076, 1.1476707458496094, -0.6953116059303284, 0.08804250508546829, -0.8703404664993286, 0.659324586391449]
pred step=153 action=[[-0.011629283428192139, -0.053642988204956055, 0.0066414475440979, 0.00627388060092926, -0.015478163957595825, 0.031883418560028076, 1.0370267629623413, 0.3533993363380432, 1.4703161716461182, 1.2021812200546265, -0.9759324789047241, 0.10248050093650818, -0.9099597930908203, 0.6803791522979736]] left_gripper=1.0370267629623413 right_gripper=0.6803791522979736
update step=154 qpos=[-0.011245427653193474, -0.05311662331223488, 0.005125180818140507, 0.006853695027530193, -0.015767546370625496, 0.03406556695699692, 1.0, 0.3525875508785248, 1.4639440774917603, 1.1959213018417358, -0.8836596012115479, 0.10064193606376648, -0.904904305934906, 0.6803791522979736]
pred step=154 action=[[-0.01299341768026352, -0.05926716327667236, 0.007797896862030029, 0.015171259641647339, -0.00936269760131836, 0.017894774675369263, 1.0367861986160278, 0.3554777503013611, 1.514375925064087, 1.227151870727539, -0.9819530248641968, 0.08842512965202332, -0.9365497827529907, 0.671421468257904]] left_gripper=1.0367861986160278 right_gripper=0.671421468257904
update step=155 qpos=[-0.012799691408872604, -0.05853886157274246, 0.007484001107513905, 0.014124675653874874, -0.010170504450798035, 0.019956137984991074, 1.0, 0.3551878035068512, 1.5081982612609863, 1.2232885360717773, -0.969465970993042, 0.08996320515871048, -0.9325195550918579, 0.671421468257904]
pred step=155 action=[[-0.013874582946300507, -0.05927163362503052, 0.0081138014793396, 0.015375673770904541, -0.00832068920135498, 0.01760202646255493, 1.0483901500701904, 0.3504754900932312, 1.5654776096343994, 1.2767374515533447, -1.0099197626113892, 0.08996880054473877, -0.9944530725479126, 0.6743288636207581]] left_gripper=1.0483901500701904 right_gripper=0.6743288636207581
update step=156 qpos=[-0.013752032071352005, -0.05917204171419144, 0.008001863956451416, 0.015208643861114979, -0.008552178740501404, 0.017901580780744553, 1.0, 0.35099658370018005, 1.558494210243225, 1.2706621885299683, -1.0045132637023926, 0.08998044580221176, -0.9865502715110779, 0.6743288636207581]
pred step=156 action=[[-0.015435628592967987, -0.06279462575912476, 0.014530956745147705, 0.02580738067626953, -0.005174756050109863, 0.02274593710899353, 1.0582774877548218, 0.34047597646713257, 1.5719811916351318, 1.2712395191192627, -0.9858397841453552, 0.08276337385177612, -0.9832966327667236, 0.6774080991744995]] left_gripper=1.0582774877548218 right_gripper=0.6774080991744995
update step=157 qpos=[-0.015245487913489342, -0.062420088797807693, 0.013909823261201382, 0.024519221857190132, -0.0055975462310016155, 0.022128473967313766, 1.0, 0.3416287899017334, 1.5703338384628296, 1.2713820934295654, -0.9881170988082886, 0.08370353281497955, -0.9837102293968201, 0.6774080991744995]
pred step=157 action=[[-0.011580199003219604, -0.06579869985580444, 0.008884191513061523, 0.023709192872047424, -0.012906879186630249, 0.016724377870559692, 1.0503016710281372, 0.3502810597419739, 1.626594066619873, 1.3086235523223877, -1.0082964897155762, 0.0758981704711914, -1.02498459815979, 0.6457715630531311]] left_gripper=1.0503016710281372 right_gripper=0.6457715630531311
update step=158 qpos=[-0.01199641078710556, -0.0653483048081398, 0.009341239929199219, 0.023765966296195984, -0.011990643106400967, 0.017412889748811722, 1.0, 0.34940239787101746, 1.620086669921875, 1.3042864799499512, -1.0054996013641357, 0.07686850428581238, -1.019718050956726, 0.6457715630531311]
pred step=158 action=[[-0.017000503838062286, -0.06971234083175659, 0.0115622878074646, 0.03310874104499817, -0.014545530080795288, -0.0021839439868927, 1.0503789186477661, 0.34456348419189453, 1.6519265174865723, 1.3410871028900146, -1.0421314239501953, 0.05686160922050476, -1.056228756904602, 0.6420109868049622]] left_gripper=1.0503789186477661 right_gripper=0.6420109868049622
update step=159 qpos=[-0.016403980553150177, -0.06924553215503693, 0.011434420011937618, 0.03196699544787407, -0.014215817674994469, 0.00031443784246221185, 1.0, 0.34510090947151184, 1.6478631496429443, 1.3369001150131226, -1.0373274087905884, 0.05940995365381241, -1.0515713691711426, 0.6420109868049622]
pred step=159 action=[[-0.014839917421340942, -0.06687790155410767, 0.004806458950042725, 0.036588430404663086, -0.01736980676651001, 0.015342265367507935, 1.0521504878997803, 0.32738351821899414, 1.6752352714538574, 1.334830403327942, -1.0220714807510376, 0.05209806561470032, -1.0876264572143555, 0.5929479002952576]] left_gripper=1.0521504878997803 right_gripper=0.5929479002952576
update step=160 qpos=[-0.015019824728369713, -0.06711606681346893, 0.005476619116961956, 0.03595331683754921, -0.016972413286566734, 0.013425048440694809, 1.0, 0.3292957544326782, 1.6721769571304321, 1.3351424932479858, -1.023918628692627, 0.05306249484419823, -1.083024501800537, 0.5929479002952575]
pred step=160 action=[[-0.015025794506072998, -0.07119250297546387, 0.005481421947479248, 0.046783700585365295, -0.0161820650100708, -0.006511896848678589, 1.0509674549102783, 0.321897953748703, 1.6794612407684326, 1.3698415756225586, -1.023396611213684, 0.03405648469924927, -1.1070976257324219, 0.6125509142875671]] left_gripper=1.0509674549102783 right_gripper=0.6125509142875671
update step=161 qpos=[-0.015024456195533276, -0.07075712829828262, 0.0056109242141246796, 0.04544680565595627, -0.01628466136753559, -0.003969322424381971, 1.0, 0.3227982521057129, 1.6782578229904175, 1.3661054372787476, -1.0232577323913574, 0.036474574357271194, -1.1040241718292236, 0.6125509142875671]
pred step=161 action=[[-0.01402968168258667, -0.0810735821723938, -0.009645938873291016, 0.050492703914642334, -0.021349817514419556, -0.009700268507003784, 1.0399377346038818, 0.3100433945655823, 1.7001861333847046, 1.363438367843628, -0.9930245280265808, 0.01398274302482605, -1.1115391254425049, 0.5898881554603577]] left_gripper=1.0399377346038818 right_gripper=0.5898881554603577
update step=162 qpos=[-0.014136083424091339, -0.07979700714349747, -0.007991394959390163, 0.049784980714321136, -0.02071233280003071, -0.008971039205789566, 1.0, 0.3114686608314514, 1.6980613470077515, 1.3637032508850098, -0.996770977973938, 0.016861863434314728, -1.1105773448944092, 0.5898881554603577]
pred step=162 action=[[-0.015461258590221405, -0.06643825769424438, -0.00908195972442627, 0.05887533724308014, -0.02255260944366455, -0.008945345878601074, 1.049448847770691, 0.28223055601119995, 1.698854923248291, 1.3642505407333374, -0.9979875087738037, 0.010984092950820923, -1.1276806592941284, 0.5676702857017517]] left_gripper=1.049448847770691 right_gripper=0.5676702857017517
update step=163 qpos=[-0.015301233157515526, -0.06804721057415009, -0.008887135423719883, 0.05772558972239494, -0.02231762371957302, -0.008948921225965023, 1.0, 0.28534629940986633, 1.698500633239746, 1.3643749952316284, -0.9978001713752747, 0.011786428280174732, -1.1254947185516357, 0.5676702857017518]
pred step=163 action=[[-0.015368551015853882, -0.07471060752868652, -0.005637049674987793, 0.05862322449684143, -0.02615073323249817, -0.02364826202392578, 1.0332984924316406, 0.2904427647590637, 1.7098352909088135, 1.3692547082901, -0.9914242625236511, -0.011406928300857544, -1.1453224420547485, 0.5277189612388611]] left_gripper=1.0332984924316406 right_gripper=0.5277189612388611
update step=164 qpos=[-0.015351640060544014, -0.07395393401384354, -0.005925965495407581, 0.058548592031002045, -0.025668146088719368, -0.021774452179670334, 1.0, 0.29010745882987976, 1.708587646484375, 1.3686983585357666, -0.9921789765357971, -0.00849107839167118, -1.1427947282791138, 0.5277189612388611]
pred step=164 action=[[-0.01366432011127472, -0.0734717845916748, -0.0039847493171691895, 0.0560828298330307, -0.030992895364761353, -0.021682262420654297, 1.0346859693527222, 0.27557557821273804, 1.6942992210388184, 1.3503596782684326, -0.9652014374732971, -0.024040251970291138, -1.1295080184936523, 0.5181920528411865]] left_gripper=1.0346859693527222 right_gripper=0.5181920528411865
update step=165 qpos=[-0.013851968571543694, -0.07351619005203247, -0.004252010956406593, 0.056389614939689636, -0.030323555693030357, -0.021695192903280258, 1.0, 0.2770783603191376, 1.6959060430526733, 1.3526811599731445, -0.9686512351036072, -0.022033294662833214, -1.1312015056610107, 0.5181920528411865]
pred step=165 action=[[-0.017859138548374176, -0.05514729022979736, -0.006299912929534912, 0.06448350846767426, -0.029280811548233032, -0.031263768672943115, 1.03281831741333, 0.25862401723861694, 1.723031759262085, 1.363077998161316, -0.9589031338691711, -0.04002857208251953, -1.1357288360595703, 0.4668233394622803]] left_gripper=1.03281831741333 right_gripper=0.4668233394622803
update step=166 qpos=[-0.017388226464390755, -0.057300321757793427, -0.006115572992712259, 0.06341893970966339, -0.029406020417809486, -0.03004341945052147, 1.0, 0.2606760561466217, 1.7200478315353394, 1.361873745918274, -0.9600171446800232, -0.03771188482642174, -1.1351455450057983, 0.4668233394622803]
pred step=166 action=[[-0.014588363468647003, -0.059181153774261475, -0.008364260196685791, 0.05946637690067291, -0.0445483922958374, -0.02358490228652954, 1.0225211381912231, 0.23419469594955444, 1.676598310470581, 1.3078618049621582, -0.9033240079879761, -0.07243373990058899, -1.1290916204452515, 0.4355510473251343]] left_gripper=1.0225211381912231 right_gripper=0.4355510473251343
update step=167 qpos=[-0.014888275414705276, -0.05895555391907692, -0.008097587153315544, 0.05996568873524666, -0.042639270424842834, -0.024409987032413483, 1.0, 0.23707592487335205, 1.6814262866973877, 1.3145852088928223, -0.9106600284576416, -0.06798114627599716, -1.1298627853393555, 0.43555104732513433]
pred step=167 action=[[-0.01723414659500122, -0.05560171604156494, -0.00526195764541626, 0.06904444098472595, -0.050700366497039795, -0.022643953561782837, 1.0167440176010132, 0.2174687385559082, 1.6795542240142822, 1.2798728942871094, -0.8558785319328308, -0.10819286108016968, -1.1161967515945435, 0.36524251103401184]] left_gripper=1.0167440176010132 right_gripper=0.36524251103401184
update step=168 qpos=[-0.016941310837864876, -0.05603563040494919, -0.005498997867107391, 0.06792084872722626, -0.04967765137553215, -0.022869186475872993, 1.0, 0.21971191465854645, 1.6801087856292725, 1.2840001583099365, -0.8628672361373901, -0.10305503755807877, -1.1179378032684326, 0.36524251103401184]
pred step=168 action=[[-0.015960685908794403, -0.05914074182510376, -0.010111749172210693, 0.0704750120639801, -0.05306330323219299, -0.018768489360809326, 1.007919192314148, 0.1961694359779358, 1.6562490463256836, 1.251097559928894, -0.8186055421829224, -0.1332535296678543, -1.1010596752166748, 0.3163191080093384]] left_gripper=1.007919192314148 right_gripper=0.3163191080093384
update step=169 qpos=[-0.01606988161802292, -0.05874931812286377, -0.009628597646951675, 0.07012571394443512, -0.05263734236359596, -0.019291549921035767, 1.0, 0.1987500637769699, 1.6588472127914429, 1.2552752494812012, -0.8242688775062561, -0.1293814480304718, -1.103210210800171, 0.3163191080093384]
pred step=169 action=[[-0.015383630990982056, -0.05802863836288452, -0.0033320188522338867, 0.07261122763156891, -0.06235334277153015, -0.021701842546463013, 1.0045384168624878, 0.21186137199401855, 1.6278395652770996, 1.226966381072998, -0.769455075263977, -0.1367923468351364, -1.0724722146987915, 0.3243045508861542]] left_gripper=1.0045384168624878 right_gripper=0.3243045508861542
update step=170 qpos=[-0.015443985350430012, -0.058155883103609085, -0.0039655608125030994, 0.07233945280313492, -0.06112750619649887, -0.021395033225417137, 1.0, 0.21059876680374146, 1.6315220594406128, 1.2304682731628418, -0.7764657735824585, -0.1358909159898758, -1.0763964653015137, 0.3243045508861542]
pred step=170 action=[[-0.01341143250465393, -0.0610123872756958, -0.011454403400421143, 0.06285610795021057, -0.06827807426452637, -0.02332785725593567, 0.9987093210220337, 0.20011207461357117, 1.6262905597686768, 1.1877100467681885, -0.7272039651870728, -0.17178897559642792, -1.0491917133331299, 0.2956640124320984]] left_gripper=0.9987093210220337 right_gripper=0.2956640124320984
update step=171 qpos=[-0.013635688461363316, -0.06060326099395752, -0.010759427212178707, 0.06399444490671158, -0.06737933307886124, -0.023082073777914047, 0.9987093210220337, 0.20122943818569183, 1.6272544860839844, 1.1926803588867188, -0.733564019203186, -0.1671966314315796, -1.0526607036590576, 0.2956640124320984]
pred step=171 action=[[-0.01690850406885147, -0.04941433668136597, -0.009087622165679932, 0.06600217521190643, -0.06661456823348999, -0.015834420919418335, 0.9951677918434143, 0.186416894197464, 1.6230061054229736, 1.2088370323181152, -0.7533852458000183, -0.1707359403371811, -1.0688165426254272, 0.25037306547164917]] left_gripper=0.9951677918434143 right_gripper=0.25037306547164917
update step=172 qpos=[-0.01652541197836399, -0.050762008875608444, -0.009226369671523571, 0.06575745344161987, -0.06670407205820084, -0.01675817184150219, 0.9951677918434143, 0.18800795078277588, 1.623167872428894, 1.2071173191070557, -0.7508006691932678, -0.17026683688163757, -1.06675124168396, 0.25037306547164917]
pred step=172 action=[[-0.015872538089752197, -0.046892762184143066, -0.011451005935668945, 0.05080251395702362, -0.07195571064949036, -0.020373433828353882, 0.9813473224639893, 0.16986361145973206, 1.6204426288604736, 1.1883251667022705, -0.7133623957633972, -0.2007974088191986, -1.068471074104309, 0.2040908932685852]] left_gripper=0.9813473224639893 right_gripper=0.2040908932685852
update step=173 qpos=[-0.015938857570290565, -0.04730353504419327, -0.011311347596347332, 0.05266127362847328, -0.07129346579313278, -0.019912296906113625, 0.9813473224639893, 0.171893909573555, 1.621031641960144, 1.190510630607605, -0.7181501388549805, -0.1968836933374405, -1.0682507753372192, 0.2040908932685852]
pred step=173 action=[[-0.01645345240831375, -0.0424959659576416, -0.0022273659706115723, 0.05527736246585846, -0.07101559638977051, -0.011661559343338013, 0.9814068675041199, 0.17232853174209595, 1.6052658557891846, 1.1867620944976807, -0.696866512298584, -0.20174852013587952, -1.0612356662750244, 0.18226578831672668]] left_gripper=0.9814068675041199 right_gripper=0.18226578831672668
update step=174 qpos=[-0.016394097357988358, -0.04312705993652344, -0.0031315921805799007, 0.05500715970993042, -0.07104899734258652, -0.012713651172816753, 0.9814068675041199, 0.1723514199256897, 1.6069821119308472, 1.1873891353607178, -0.69954514503479, -0.20114317536354065, -1.0621315240859985, 0.18226578831672668]
pred step=174 action=[[-0.014932870864868164, -0.056915283203125, -0.009196043014526367, 0.05152389407157898, -0.08154809474945068, -0.02151206135749817, 0.9776571989059448, 0.1705145239830017, 1.5878350734710693, 1.1469266414642334, -0.6183983087539673, -0.23880288004875183, -1.0220837593078613, 0.17224189639091492]] left_gripper=0.9776571989059448 right_gripper=0.17224189639091492
update step=175 qpos=[-0.015082440339028835, -0.05524459108710289, -0.008579378947615623, 0.05193633586168289, -0.08022559434175491, -0.020390786230564117, 0.9776571989059448, 0.17078249156475067, 1.5903624296188354, 1.151798963546753, -0.6287690997123718, -0.23401135206222534, -1.0271944999694824, 0.17224189639091492]
pred step=175 action=[[-0.012460172176361084, -0.05742377042770386, -0.01127004623413086, 0.05070231854915619, -0.07817840576171875, -0.01360514760017395, 0.980230450630188, 0.1720150262117386, 1.5781980752944946, 1.145970106124878, -0.6138821244239807, -0.2516525387763977, -1.000783085823059, 0.15283113718032837]] left_gripper=0.980230450630188 right_gripper=0.15283113718032837
update step=176 qpos=[-0.012772892601788044, -0.05716322734951973, -0.010965143330395222, 0.05085130035877228, -0.07844237983226776, -0.014470835216343403, 0.980230450630188, 0.17191630601882935, 1.5795716047286987, 1.146736741065979, -0.6157761216163635, -0.24942158162593842, -1.004152536392212, 0.15283113718032837]
pred step=176 action=[[-0.01388522982597351, -0.05455237627029419, -0.009508371353149414, 0.05338643491268158, -0.07616749405860901, -0.010794341564178467, 0.9783510565757751, 0.15667283535003662, 1.582550048828125, 1.1540682315826416, -0.6288502216339111, -0.24323998391628265, -1.0203558206558228, 0.1474730670452118]] left_gripper=0.9783510565757751 right_gripper=0.1474730670452118
update step=177 qpos=[-0.013759076595306396, -0.05487685650587082, -0.009640228934586048, 0.05307649075984955, -0.07645216584205627, -0.011262527666985989, 0.9783510565757751, 0.15825557708740234, 1.5823081731796265, 1.1530789136886597, -0.6271913051605225, -0.2439868450164795, -1.0182849168777466, 0.1474730670452118]
pred step=177 action=[[-0.01453021913766861, -0.04195624589920044, -0.01251983642578125, 0.04897218942642212, -0.07814320921897888, -0.010698914527893066, 0.974602460861206, 0.16360759735107422, 1.5785460472106934, 1.1278491020202637, -0.5561087131500244, -0.27544116973876953, -0.9695279598236084, 0.14920824766159058]] left_gripper=0.974602460861206 right_gripper=0.14920824766159058
update step=178 qpos=[-0.014436684548854828, -0.04344049468636513, -0.012302873656153679, 0.049442943185567856, -0.07792709022760391, -0.010770346038043499, 0.974602460861206, 0.16315814852714539, 1.5791140794754028, 1.131062388420105, -0.5651181936264038, -0.2714577913284302, -0.9757512807846069, 0.14920824766159058]
pred step=178 action=[[-0.015315495431423187, -0.04871243238449097, -0.009863495826721191, 0.049957528710365295, -0.07673299312591553, -0.012650668621063232, 0.9698711633682251, 0.16464915871620178, 1.5747915506362915, 1.1347274780273438, -0.5536928772926331, -0.27506428956985474, -0.9902287721633911, 0.122403085231781]] left_gripper=0.9698711633682251 right_gripper=0.122403085231781
update step=179 qpos=[-0.015214319340884686, -0.04812930151820183, -0.010031703859567642, 0.049934886395931244, -0.07688279449939728, -0.012410894967615604, 0.9698711633682251, 0.16447311639785767, 1.5752475261688232, 1.1344023942947388, -0.5550997257232666, -0.2746094763278961, -0.9883789420127869, 0.122403085231781]
pred step=179 action=[[-0.01407673954963684, -0.038289010524749756, -0.008168637752532959, 0.04025071859359741, -0.07793939113616943, -0.009795606136322021, 0.9690676927566528, 0.15846191346645355, 1.5652695894241333, 1.130090355873108, -0.5761369466781616, -0.2746809422969818, -0.9852677583694458, 0.14061057567596436]] left_gripper=0.9690676927566528 right_gripper=0.14061057567596436
update step=180 qpos=[-0.014208932407200336, -0.03941536322236061, -0.008499267511069775, 0.04144736006855965, -0.07780730724334717, -0.010128995403647423, 0.9690676927566528, 0.15909039974212646, 1.5664714574813843, 1.130407691001892, -0.5735512375831604, -0.2746627628803253, -0.9856658577919006, 0.14061057567596436]
pred step=180 action=[[-0.011808857321739197, -0.04821258783340454, -0.013373494148254395, 0.048526376485824585, -0.07726231217384338, -0.010873585939407349, 0.9739124774932861, 0.15060672163963318, 1.5503840446472168, 1.1134471893310547, -0.5279504060745239, -0.29619935154914856, -0.9815564155578613, 0.14619997143745422]] left_gripper=0.9739124774932861 right_gripper=0.14619997143745422
update step=181 qpos=[-0.012091655284166336, -0.04718770831823349, -0.012742836959660053, 0.04763716831803322, -0.07733643800020218, -0.01077893003821373, 0.9739124774932861, 0.1515633910894394, 1.5522780418395996, 1.115607500076294, -0.5337498188018799, -0.29344844818115234, -0.9820805788040161, 0.14619997143745422]
pred step=181 action=[[-0.016718462109565735, -0.033068954944610596, -0.010315001010894775, 0.053524911403656006, -0.07962656021118164, -0.0012037456035614014, 0.9752761125564575, 0.16826231777668, 1.557666540145874, 1.099156379699707, -0.48011139035224915, -0.31155940890312195, -0.9339452981948853, 0.1390562653541565]] left_gripper=0.9752761125564575 right_gripper=0.1390562653541565
update step=182 qpos=[-0.016170835122466087, -0.03474593162536621, -0.010595683008432388, 0.05277257785201073, -0.07932619005441666, -0.0024242380168288946, 0.9752761125564576, 0.1665436178445816, 1.5572779178619385, 1.101176142692566, -0.4869173765182495, -0.3092885911464691, -0.9400897026062012, 0.1390562653541565]
pred step=182 action=[[-0.016419582068920135, -0.031232059001922607, -0.00239408016204834, 0.04296889901161194, -0.07834690809249878, 0.006560534238815308, 0.9651604890823364, 0.1578076183795929, 1.5457147359848022, 1.0905213356018066, -0.49381014704704285, -0.3038327991962433, -0.9397207498550415, 0.12094825506210327]] left_gripper=0.9651604890823364 right_gripper=0.12094825506210327
update step=183 qpos=[-0.01639403961598873, -0.031657230108976364, -0.0033331827726215124, 0.044238895177841187, -0.07846914231777191, 0.0054157027043402195, 0.9651604890823364, 0.15865494310855865, 1.5469204187393188, 1.0918036699295044, -0.4929752051830292, -0.3045057952404022, -0.9397646188735962, 0.12094825506210327]
pred step=183 action=[[-0.017052985727787018, -0.04635429382324219, -0.016088008880615234, 0.048520222306251526, -0.08718061447143555, -0.007018834352493286, 0.9703086614608765, 0.16833068430423737, 1.5387266874313354, 1.0657650232315063, -0.45374971628189087, -0.32151976227760315, -0.91472327709198, 0.1371334195137024]] left_gripper=0.9703086614608765 right_gripper=0.1371334195137024
update step=184 qpos=[-0.016956370323896408, -0.04457593709230423, -0.014678705483675003, 0.047931551933288574, -0.08608011901378632, -0.005433718208223581, 0.9703086614608765, 0.16737566888332367, 1.5397404432296753, 1.06889808177948, -0.45879149436950684, -0.3193855583667755, -0.917921781539917, 0.1371334195137024]
pred step=184 action=[[-0.020018015056848526, -0.040168821811676025, -0.000486910343170166, 0.04658226668834686, -0.07332786917686462, 0.0032473504543304443, 0.9699550867080688, 0.1672731339931488, 1.5563490390777588, 1.1013894081115723, -0.47018519043922424, -0.326620489358902, -0.9225330352783203, 0.10040903091430664]] left_gripper=0.9699550867080688 right_gripper=0.10040903091430664
update step=185 qpos=[-0.01968490332365036, -0.04076556861400604, -0.00196816842071712, 0.046836912631988525, -0.07493307441473007, 0.0021409098990261555, 0.9699550867080688, 0.16725635528564453, 1.5543614625930786, 1.0976911783218384, -0.46858614683151245, -0.3256933391094208, -0.9219407439231873, 0.10040903091430664]
pred step=185 action=[[-0.01793432980775833, -0.0330657958984375, -0.0020981431007385254, 0.04790593683719635, -0.07152649760246277, 0.013350248336791992, 0.9676934480667114, 0.16289909183979034, 1.5055971145629883, 1.0613350868225098, -0.4148201644420624, -0.3317531645298004, -0.8782283067703247, 0.1298413872718811]] left_gripper=0.9676934480667114 right_gripper=0.1298413872718811
update step=186 qpos=[-0.018149403855204582, -0.03393140062689781, -0.002203098963946104, 0.0477294996380806, -0.07195768505334854, 0.011921773664653301, 0.9676934480667113, 0.16336625814437866, 1.5112264156341553, 1.065748691558838, -0.42175614833831787, -0.3309846818447113, -0.8838086724281311, 0.1298413872718811]
pred step=186 action=[[-0.019284680485725403, -0.022225916385650635, -0.004204511642456055, 0.05000646412372589, -0.07251659035682678, 0.0152072012424469, 0.970565915107727, 0.16654738783836365, 1.5345284938812256, 1.0786596536636353, -0.4157525300979614, -0.3429897427558899, -0.8995181322097778, 0.1191452145576477]] left_gripper=0.970565915107727 right_gripper=0.1191452145576477
update step=187 qpos=[-0.01915041171014309, -0.023595616221427917, -0.0040075937286019325, 0.04969211667776108, -0.07244258373975754, 0.014789084903895855, 0.970565915107727, 0.16623905301094055, 1.532186508178711, 1.076955795288086, -0.4164867103099823, -0.34145721793174744, -0.8975108861923218, 0.1191452145576477]
pred step=187 action=[[-0.020714662969112396, -0.028015077114105225, 0.003784358501434326, 0.046307146549224854, -0.07446157932281494, 0.023447275161743164, 0.9704279899597168, 0.17968103289604187, 1.534287929534912, 1.0684003829956055, -0.4085956811904907, -0.339455783367157, -0.8621938228607178, 0.13453435897827148]] left_gripper=0.9704279899597168 right_gripper=0.13453435897827148
update step=188 qpos=[-0.020527813583612442, -0.027538778260350227, 0.002997138537466526, 0.046795208007097244, -0.07420259714126587, 0.022343412041664124, 0.9704279899597168, 0.17824167013168335, 1.5339425802230835, 1.069523572921753, -0.40959495306015015, -0.3397411108016968, -0.8667029142379761, 0.13453435897827148]
pred step=188 action=[[-0.019367091357707977, -0.021656572818756104, 0.009750604629516602, 0.04375983774662018, -0.0668652355670929, 0.029637634754180908, 0.9691042900085449, 0.17122450470924377, 1.5051014423370361, 1.054502248764038, -0.36839720606803894, -0.35231533646583557, -0.8474186658859253, 0.13263726234436035]] left_gripper=0.9691042900085449 right_gripper=0.13263726234436035
update step=189 qpos=[-0.019519630819559097, -0.02234455943107605, 0.008928720839321613, 0.04414902254939079, -0.06779386103153229, 0.028708556666970253, 0.9691042900085449, 0.17194509506225586, 1.5083117485046387, 1.0565223693847656, -0.37362197041511536, -0.3507051467895508, -0.8498777151107788, 0.13263726234436035]
pred step=189 action=[[-0.023941420018672943, -0.011274218559265137, 0.010972559452056885, 0.03648054599761963, -0.06762614846229553, 0.03635099530220032, 0.965011715888977, 0.17536503076553345, 1.5109939575195312, 1.0418596267700195, -0.35742294788360596, -0.35151058435440063, -0.8474971055984497, 0.10531365871429443]] left_gripper=0.965011715888977 right_gripper=0.10531365871429443
update step=190 qpos=[-0.023422999307513237, -0.01254727691411972, 0.010634553618729115, 0.03742394968867302, -0.0676366314291954, 0.035377662628889084, 0.965011715888977, 0.17501969635486603, 1.5110013484954834, 1.0433610677719116, -0.3595680892467499, -0.351410448551178, -0.8478015065193176, 0.10531365871429443]
pred step=190 action=[[-0.022443093359470367, -0.008355379104614258, 0.016190946102142334, 0.043962880969047546, -0.06423535943031311, 0.04823082685470581, 0.9707685708999634, 0.18052835762500763, 1.4926894903182983, 1.0193991661071777, -0.2950960695743561, -0.3717733919620514, -0.7760300636291504, 0.14087456464767456]] left_gripper=0.9707685708999634 right_gripper=0.14087456464767456
update step=191 qpos=[-0.02256755530834198, -0.008893991820514202, 0.0156564824283123, 0.04317381605505943, -0.06466551125049591, 0.046592436730861664, 0.9707685708999635, 0.1799686998128891, 1.4946682453155518, 1.0225725173950195, -0.3032660186290741, -0.3692018687725067, -0.7851902842521667, 0.14087456464767456]
pred step=191 action=[[-0.027998290956020355, 0.009516656398773193, 0.020819008350372314, 0.04100586473941803, -0.054945409297943115, 0.04691457748413086, 0.9641501903533936, 0.18202820420265198, 1.4913568496704102, 1.0075244903564453, -0.28380659222602844, -0.38414230942726135, -0.7632083892822266, 0.12580019235610962]] left_gripper=0.9641501903533936 right_gripper=0.12580019235610962
update step=192 qpos=[-0.027380092069506645, 0.007367165293544531, 0.020136969164013863, 0.0412587970495224, -0.056162141263484955, 0.04687553271651268, 0.9641501903533936, 0.18182308971881866, 1.4918947219848633, 1.0091992616653442, -0.28634223341941833, -0.3822484314441681, -0.7660112380981445, 0.12580019235610962]
pred step=192 action=[[-0.026551518589258194, 0.025705456733703613, 0.03165194392204285, 0.030958101153373718, -0.04495251178741455, 0.06367924809455872, 0.9582475423812866, 0.1746073067188263, 1.4647748470306396, 1.0199034214019775, -0.3101816177368164, -0.36399927735328674, -0.8009116053581238, 0.1439182460308075]] left_gripper=0.9582475423812866 right_gripper=0.1439182460308075
update step=193 qpos=[-0.02667509950697422, 0.023533327504992485, 0.030308444052934647, 0.0322832390666008, -0.046367745846509933, 0.061537694185972214, 0.9582475423812866, 0.17532427608966827, 1.46772038936615, 1.0187108516693115, -0.3071247637271881, -0.36631229519844055, -0.7964560389518738, 0.1439182460308075]
pred step=193 action=[[-0.027025453746318817, 0.01682579517364502, 0.025441348552703857, 0.031160607933998108, -0.052105605602264404, 0.06249523162841797, 0.9713796377182007, 0.17598514258861542, 1.4628219604492188, 0.9871383905410767, -0.2840610444545746, -0.3719015419483185, -0.7830662727355957, 0.15571320056915283]] left_gripper=0.9713796377182007 right_gripper=0.15571320056915283
update step=194 qpos=[-0.0269726924598217, 0.017642119899392128, 0.025964194908738136, 0.03128201514482498, -0.051378894597291946, 0.062373653054237366, 0.9713796377182006, 0.17595022916793823, 1.463765025138855, 0.9905375838279724, -0.28716138005256653, -0.3711908161640167, -0.784778892993927, 0.15571320056915283]
pred step=194 action=[[-0.02726477012038231, 0.023739635944366455, 0.03563311696052551, 0.027792856097221375, -0.052807122468948364, 0.07121974229812622, 0.9598722457885742, 0.17714335024356842, 1.444854736328125, 0.9730250835418701, -0.24085773527622223, -0.3939366340637207, -0.7447500228881836, 0.14462602138519287]] left_gripper=0.9598722457885742 right_gripper=0.14462602138519287
update step=195 qpos=[-0.02722865901887417, 0.022982025519013405, 0.034583427011966705, 0.028279051184654236, -0.05262535810470581, 0.07009183615446091, 0.9598722457885742, 0.17705833911895752, 1.4467910528182983, 0.975446879863739, -0.24670261144638062, -0.39106160402297974, -0.7498590350151062, 0.14462602138519287]
pred step=195 action=[[-0.03256972134113312, 0.05117237567901611, 0.05461186170578003, 0.03795488178730011, -0.022597938776016235, 0.09231019020080566, 0.9692718386650085, 0.1838289201259613, 1.4285708665847778, 0.9625507593154907, -0.18290139734745026, -0.3955431282520294, -0.713558554649353, 0.173595130443573]] left_gripper=0.9692718386650085 right_gripper=0.173595130443573
update step=196 qpos=[-0.032007329165935516, 0.047793805599212646, 0.05238409340381622, 0.036785732954740524, -0.026379592716693878, 0.08948009461164474, 0.9692718386650085, 0.18309713900089264, 1.4308124780654907, 0.9641820788383484, -0.191009521484375, -0.3949843645095825, -0.7181910872459412, 0.173595130443573]
pred step=196 action=[[-0.03476884216070175, 0.05461806058883667, 0.06302264332771301, 0.03980235755443573, -0.022436976432800293, 0.1017378568649292, 0.9706181883811951, 0.18748673796653748, 1.4079358577728271, 0.9391148686408997, -0.1658962219953537, -0.40627321600914, -0.693816602230072, 0.18053624033927917]] left_gripper=0.9706181883811951 right_gripper=0.18053624033927917
update step=197 qpos=[-0.03445606306195259, 0.05381278693675995, 0.061785608530044556, 0.03944254294037819, -0.022925831377506256, 0.10017655789852142, 0.9706181883811951, 0.18703968822956085, 1.4107192754745483, 0.9419161677360535, -0.16920040547847748, -0.40486130118370056, -0.6969283819198608, 0.18053624033927917]
pred step=197 action=[[-0.04329030215740204, 0.09198343753814697, 0.07732519507408142, 0.022554174065589905, -0.0029761195182800293, 0.11133977770805359, 0.954408586025238, 0.18567776679992676, 1.361447811126709, 0.9010475873947144, -0.1458234339952469, -0.3791295289993286, -0.655290961265564, 0.18210488557815552]] left_gripper=0.954408586025238 right_gripper=0.18210488557815552
update step=198 qpos=[-0.0422951802611351, 0.08753708004951477, 0.0753522515296936, 0.024668926373124123, -0.005477863363921642, 0.10991951823234558, 0.954408586025238, 0.18575197458267212, 1.367013931274414, 0.9058671593666077, -0.14891527593135834, -0.38241344690322876, -0.6606050729751587, 0.18210488557815552]
pred step=198 action=[[-0.03500452637672424, 0.09920138120651245, 0.08486863970756531, 0.020240217447280884, -0.007622212171554565, 0.13616278767585754, 0.9482938051223755, 0.17291812598705292, 1.3185527324676514, 0.876366138458252, -0.11469972133636475, -0.37005648016929626, -0.6418365240097046, 0.23629692196846008]] left_gripper=0.9482938051223755 right_gripper=0.23629692196846008
update step=199 qpos=[-0.035861384123563766, 0.09780827164649963, 0.08381117135286331, 0.020832955837249756, -0.007361300755292177, 0.13281641900539398, 0.9482938051223756, 0.17426617443561554, 1.3241034746170044, 0.8798609375953674, -0.11912544071674347, -0.3716076910495758, -0.6442298293113708, 0.23629692196846008]
pred step=199 action=[[-0.03914617374539375, 0.13247108459472656, 0.09742608666419983, 0.01776959002017975, -0.0010488629341125488, 0.15508432686328888, 0.954404354095459, 0.18364644050598145, 1.258274793624878, 0.7787185907363892, 0.003332352265715599, -0.41190314292907715, -0.5473999381065369, 0.2586367428302765]] left_gripper=0.954404354095459 right_gripper=0.2586367428302765
update step=200 qpos=[-0.03877503052353859, 0.12840229272842407, 0.09579408168792725, 0.01815720647573471, -0.0018376806983724236, 0.15224717557430267, 0.954404354095459, 0.18275386095046997, 1.2659204006195068, 0.790582537651062, -0.012496127746999264, -0.4068526029586792, -0.5597658157348633, 0.2586367428302765]
pred step=200 action=[[-0.012746304273605347, -0.019680261611938477, -0.012586593627929688, -0.014177948236465454, -0.02170923352241516, 0.08343067765235901, 1.0118448734283447, 0.3471532166004181, 1.1673455238342285, 0.8814358711242676, -0.732167661190033, 0.005451321601867676, -0.7704759836196899, 0.7254412174224854]] left_gripper=1.0118448734283447 right_gripper=0.7254412174224854
update step=201 qpos=[-0.01575072482228279, -0.001926827011629939, -0.0005263750208541751, -0.010414336808025837, -0.019259542226791382, 0.09220244735479355, 1.0, 0.3292093276977539, 1.1789813041687012, 0.8710340261459351, -0.20792488753795624, -0.21500526368618011, -0.7355700135231018, 0.5568673789225242]
pred step=201 action=[[-0.010419853031635284, -0.025494754314422607, -0.006372630596160889, -0.013340160250663757, -0.02428489923477173, 0.076090008020401, 1.01423180103302, 0.34886759519577026, 1.1846463680267334, 0.9098241925239563, -0.7607192993164062, 0.005400121212005615, -0.7990453243255615, 0.7373403310775757]] left_gripper=1.01423180103302 right_gripper=0.7373403310775757
update step=202 qpos=[-0.011028398759663105, -0.022922983393073082, -0.005152956582605839, -0.012814783491194248, -0.023666171357035637, 0.07813950628042221, 1.0, 0.346650630235672, 1.1856129169464111, 0.9040536880493164, -0.40218019485473633, -0.03588901460170746, -0.790960431098938, 0.6931949120428827]
pred step=202 action=[[-0.012770697474479675, -0.02423715591430664, 0.0031566619873046875, -0.010522276163101196, -0.016957879066467285, 0.08058711886405945, 1.0293163061141968, 0.34474626183509827, 1.2452161312103271, 0.9546468257904053, -0.8047521710395813, 0.00407785177230835, -0.8468343019485474, 0.7298052310943604]] left_gripper=1.0293163061141968 right_gripper=0.7298052310943604
update step=203 qpos=[-0.012579471804201603, -0.024126479402184486, 0.0022862572222948074, -0.010763031430542469, -0.01780257746577263, 0.08027470856904984, 1.0, 0.3448728024959564, 1.2388334274291992, 0.9484924077987671, -0.5965007543563843, -0.000956640811637044, -0.8397055268287659, 0.7298052310943604]
pred step=203 action=[[-0.018616482615470886, -0.021338284015655518, 0.016218483448028564, -0.014357417821884155, -0.019269227981567383, 0.061308711767196655, 1.0337637662887573, 0.33800292015075684, 1.2894630432128906, 0.9955854415893555, -0.8413232564926147, -0.0014680027961730957, -0.8834890127182007, 0.755028247833252]] left_gripper=1.0337637662887573 right_gripper=0.755028247833252
update step=204 qpos=[-0.017902545630931854, -0.02169334515929222, 0.01463717594742775, -0.01385326124727726, -0.019073469564318657, 0.06372737884521484, 1.0, 0.3387771546840668, 1.2837589979171753, 0.990312933921814, -0.7812541127204895, -0.0013737533008679748, -0.8779001235961914, 0.755028247833252]
pred step=204 action=[[-0.019064463675022125, -0.02218109369277954, 0.01811903715133667, -0.004244506359100342, -0.013635128736495972, 0.04835328459739685, 1.0328140258789062, 0.3321848511695862, 1.3336825370788574, 1.0093944072723389, -0.8467440605163574, -0.008147567510604858, -0.9133962392807007, 0.7482497096061707]] left_gripper=1.0328140258789062 right_gripper=0.7482497096061707
update step=205 qpos=[-0.01893812231719494, -0.022125879302620888, 0.017720572650432587, -0.0054546017199754715, -0.014321990311145782, 0.050312869250774384, 1.0, 0.33294039964675903, 1.3277736902236938, 1.007062315940857, -0.8383932709693909, -0.007277405820786953, -0.9088703393936157, 0.7482497096061707]
pred step=205 action=[[-0.018958866596221924, -0.01888054609298706, 0.021125197410583496, -0.0036903023719787598, -0.014254480600357056, 0.04995623230934143, 1.0445623397827148, 0.3213878870010376, 1.3855242729187012, 1.0549840927124023, -0.8769544363021851, -0.004161030054092407, -0.9836924076080322, 0.7413474917411804]] left_gripper=1.0445623397827148 right_gripper=0.7413474917411804
update step=206 qpos=[-0.01895679347217083, -0.019260406494140625, 0.02071148157119751, -0.003912053536623716, -0.01426259521394968, 0.05000096186995506, 1.0, 0.3226861357688904, 1.3786135911941528, 1.049569845199585, -0.8718035817146301, -0.004532685503363609, -0.9741448163986206, 0.7413474917411804]
pred step=206 action=[[-0.020738452672958374, -0.016652226448059082, 0.028739482164382935, 0.001917421817779541, -0.011148661375045776, 0.046501725912094116, 1.0548005104064941, 0.31021004915237427, 1.396963357925415, 1.0563777685165405, -0.8672632575035095, -0.010570049285888672, -0.9812436103820801, 0.7499522566795349]] left_gripper=1.0548005104064941 right_gripper=0.7499522566795349
update step=207 qpos=[-0.02053515426814556, -0.01699703373014927, 0.027892228215932846, 0.001220598234795034, -0.011539134196937084, 0.04694812372326851, 1.0, 0.3116048574447632, 1.3948067426681519, 1.0557008981704712, -0.8677533864974976, -0.009775790385901928, -0.9803377985954285, 0.7499522566795349]
pred step=207 action=[[-0.014890804886817932, -0.018523097038269043, 0.021784543991088867, -0.0017897337675094604, -0.019223004579544067, 0.05311313271522522, 1.0467476844787598, 0.3172591030597687, 1.4550094604492188, 1.094620704650879, -0.9000369906425476, -0.00861436128616333, -1.0390416383743286, 0.7095293402671814]] left_gripper=1.0467476844787598 right_gripper=0.7095293402671814
update step=208 qpos=[-0.015539477579295635, -0.01828385330736637, 0.02235105261206627, -0.001462634070776403, -0.018261920660734177, 0.05232604965567589, 1.0, 0.3166545033454895, 1.448122262954712, 1.090011715888977, -0.8957363963127136, -0.008774236775934696, -1.0315529108047485, 0.7095293402671814]
pred step=208 action=[[-0.02026882767677307, -0.016856491565704346, 0.02945128083229065, 0.010265499353408813, -0.01966559886932373, 0.02934923768043518, 1.0444577932357788, 0.30613505840301514, 1.4808601140975952, 1.128282070159912, -0.9313551783561707, -0.025332659482955933, -1.073774814605713, 0.7108580470085144]] left_gripper=1.0444577932357788 right_gripper=0.7108580470085144
update step=209 qpos=[-0.019706448540091515, -0.017099780961871147, 0.02881518378853798, 0.008845999836921692, -0.019482336938381195, 0.032279159873723984, 1.0, 0.30732807517051697, 1.476806640625, 1.1239392757415771, -0.9266656041145325, -0.023214003071188927, -1.0683884620666504, 0.7108580470085144]
pred step=209 action=[[-0.016591668128967285, -0.009150505065917969, 0.0227205753326416, 0.0068829357624053955, -0.02528160810470581, 0.048573434352874756, 1.0434948205947876, 0.28883230686187744, 1.5096995830535889, 1.1359554529190063, -0.9325699806213379, -0.023311525583267212, -1.12418794631958, 0.6640090346336365]] left_gripper=1.0434948205947876 right_gripper=0.6640090346336365
update step=210 qpos=[-0.016948387026786804, -0.010015453211963177, 0.023242900148034096, 0.007058341056108475, -0.02455255016684532, 0.046494390815496445, 1.0, 0.2908659875392914, 1.5060352087020874, 1.1344934701919556, -0.931728720664978, -0.023259468376636505, -1.1170680522918701, 0.6640090346336365]
pred step=210 action=[[-0.015436723828315735, -0.01699352264404297, 0.024750947952270508, 0.017492085695266724, -0.025278091430664062, 0.027887672185897827, 1.0458686351776123, 0.2786213755607605, 1.508589267730713, 1.1690056324005127, -0.9503365159034729, -0.03449133038520813, -1.1496139764785767, 0.6777729988098145]] left_gripper=1.0458686351776123 right_gripper=0.6777729988098145
update step=211 qpos=[-0.015610075555741787, -0.016234003007411957, 0.024757595732808113, 0.016225839033722878, -0.025192422792315483, 0.030260365456342697, 1.0, 0.28000253438949585, 1.5079259872436523, 1.1652395725250244, -0.9478240609169006, -0.03304886445403099, -1.1454613208770752, 0.6777729988098145]
pred step=211 action=[[-0.013976186513900757, -0.019793927669525146, 0.012449264526367188, 0.02775496244430542, -0.0289345383644104, 0.02977210283279419, 1.0301129817962646, 0.253609836101532, 1.5401042699813843, 1.1692044734954834, -0.9265406727790833, -0.04868534207344055, -1.171755313873291, 0.6582695245742798]] left_gripper=1.0301129817962646 right_gripper=0.6582695245742798
update step=212 qpos=[-0.0141602186486125, -0.019327718764543533, 0.013784313574433327, 0.02623208425939083, -0.0284649059176445, 0.02983304113149643, 1.0, 0.25652849674224854, 1.5368711948394775, 1.1685888767242432, -0.9291433691978455, -0.046642374247312546, -1.168395757675171, 0.6582695245742798]
pred step=212 action=[[-0.013380870223045349, -0.011269807815551758, 0.012373030185699463, 0.028342828154563904, -0.03163301944732666, 0.033151715993881226, 1.0393990278244019, 0.23166483640670776, 1.537451982498169, 1.1834608316421509, -0.9565812349319458, -0.044146209955215454, -1.2005622386932373, 0.6318774819374084]] left_gripper=1.0393990278244019 right_gripper=0.6318774819374084
update step=213 qpos=[-0.013465933501720428, -0.012231888249516487, 0.012560144066810608, 0.028071748092770576, -0.031233949586749077, 0.03272832930088043, 1.0, 0.23436908423900604, 1.5370244979858398, 1.1818690299987793, -0.9530612230300903, -0.04441789165139198, -1.196456789970398, 0.6318774819374084]
pred step=213 action=[[-0.01283504068851471, -0.01593679189682007, 0.021838009357452393, 0.022100895643234253, -0.02991694211959839, 0.024062305688858032, 1.026200532913208, 0.23123225569725037, 1.5512282848358154, 1.189793348312378, -0.9716426134109497, -0.05815529823303223, -1.2348872423171997, 0.5885019898414612]] left_gripper=1.026200532913208 right_gripper=0.5885019898414612
update step=214 qpos=[-0.01291066873818636, -0.015541661530733109, 0.020861055701971054, 0.022916721180081367, -0.030086135491728783, 0.025167306885123253, 1.0, 0.23165152966976166, 1.549708604812622, 1.1886844635009766, -0.9692900776863098, -0.05641208589076996, -1.2299872636795044, 0.5885019898414612]
pred step=214 action=[[-0.009856052696704865, -0.01584678888320923, 0.02457582950592041, 0.023141935467720032, -0.03580334782600403, 0.029241353273391724, 1.0287532806396484, 0.21694326400756836, 1.5321661233901978, 1.1833879947662354, -0.9645029902458191, -0.054596662521362305, -1.2269376516342163, 0.5776187181472778]] left_gripper=1.0287532806396484 right_gripper=0.5776187181472778
update step=215 qpos=[-0.010203746147453785, -0.015803812071681023, 0.024117672815918922, 0.023115841671824455, -0.03508628159761429, 0.028720885515213013, 1.0, 0.21850936114788055, 1.5339980125427246, 1.184167742729187, -0.9651332497596741, -0.05479704961180687, -1.227326512336731, 0.5776187181472779]
pred step=215 action=[[-0.015490055084228516, -0.007460355758666992, 0.018264412879943848, 0.029447615146636963, -0.03420296311378479, 0.009532779455184937, 1.0248466730117798, 0.19376182556152344, 1.5629868507385254, 1.1948974132537842, -0.9622233510017395, -0.07850277423858643, -1.2352381944656372, 0.5193275809288025]] left_gripper=1.0248466730117798 right_gripper=0.5193275809288025
update step=216 qpos=[-0.014867573976516724, -0.008409790694713593, 0.018859390169382095, 0.028596598654985428, -0.0343066044151783, 0.011979916132986546, 1.0, 0.19651341438293457, 1.559936285018921, 1.1935162544250488, -0.9624976515769958, -0.07544310390949249, -1.2342227697372437, 0.5193275809288025]
pred step=216 action=[[-0.010811306536197662, -0.00707167387008667, 0.016916990280151367, 0.0272408127784729, -0.04222974181175232, 0.018470823764801025, 1.018689751625061, 0.17138263583183289, 1.5318677425384521, 1.1779155731201172, -0.9571263194084167, -0.08461987972259521, -1.2526570558547974, 0.5007703304290771]] left_gripper=1.018689751625061 right_gripper=0.5007703304290771
update step=217 qpos=[-0.011273286305367947, -0.0072342404164373875, 0.017161056399345398, 0.027412116527557373, -0.04123551771044731, 0.017641471698880196, 1.0, 0.1741161048412323, 1.534783124923706, 1.1799805164337158, -0.9578789472579956, -0.08341053128242493, -1.2503037452697754, 0.5007703304290771]
pred step=217 action=[[-0.012708045542240143, -0.003326892852783203, 0.02683013677597046, 0.035772696137428284, -0.04686534404754639, 0.017758339643478394, 1.0062469244003296, 0.14387476444244385, 1.5369455814361572, 1.1600655317306519, -0.943561851978302, -0.10387377440929413, -1.2660138607025146, 0.41945159435272217]] left_gripper=1.0062469244003296 right_gripper=0.41945159435272217
update step=218 qpos=[-0.012527216225862503, -0.0038531944155693054, 0.02586214244365692, 0.03477680683135986, -0.0461515374481678, 0.017743416130542755, 1.0, 0.14720258116722107, 1.5370084047317505, 1.1622287034988403, -0.9454441070556641, -0.10121136903762817, -1.2640069723129272, 0.41945159435272217]
pred step=218 action=[[-0.010674796998500824, -0.006109058856964111, 0.024013161659240723, 0.03808002173900604, -0.0479428768157959, 0.025164872407913208, 1.0019004344940186, 0.126601442694664, 1.5095889568328857, 1.150911569595337, -0.9346650838851929, -0.11389361321926117, -1.2595431804656982, 0.3737500309944153]] left_gripper=1.0019004344940186 right_gripper=0.3737500309944153
update step=219 qpos=[-0.010889874771237373, -0.005812215618789196, 0.024155380204319954, 0.03763657435774803, -0.04771954193711281, 0.02421841211616993, 1.0, 0.1288718283176422, 1.512459397315979, 1.1524996757507324, -0.9360677599906921, -0.11225124448537827, -1.2601113319396973, 0.3737500309944153]
pred step=219 action=[[-0.010622389614582062, -0.010672569274902344, 0.02924048900604248, 0.03592301905155182, -0.05349314212799072, 0.014855265617370605, 0.9982876777648926, 0.13658331334590912, 1.4818079471588135, 1.128415822982788, -0.894489049911499, -0.11468619108200073, -1.2413983345031738, 0.3799631893634796]] left_gripper=0.9982876777648926 right_gripper=0.3799631893634796
update step=220 qpos=[-0.010640576481819153, -0.010125797241926193, 0.02871224656701088, 0.03617638349533081, -0.05276552215218544, 0.016048919409513474, 0.9982876777648926, 0.13578562438488007, 1.4854918718338013, 1.1312925815582275, -0.8998417258262634, -0.11439604312181473, -1.2437877655029297, 0.37996318936347967]
pred step=220 action=[[-0.00888603925704956, -0.012215614318847656, 0.022505581378936768, 0.032419249415397644, -0.06853252649307251, 0.008967936038970947, 0.9931249618530273, 0.13039471209049225, 1.4986727237701416, 1.0959551334381104, -0.8403040766716003, -0.15814167261123657, -1.2070434093475342, 0.34755611419677734]] left_gripper=0.9931249618530273 right_gripper=0.34755611419677734
update step=221 qpos=[-0.009059164673089981, -0.011918012984097004, 0.023100821301341057, 0.03284597396850586, -0.06654448807239532, 0.009869172237813473, 0.9931249618530273, 0.13105781376361847, 1.4976588487625122, 1.100044846534729, -0.8478742241859436, -0.15256531536579132, -1.2117284536361694, 0.34755611419677734]
pred step=221 action=[[-0.009541518986225128, -0.005725860595703125, 0.030454367399215698, 0.032150790095329285, -0.05938032269477844, 0.02406531572341919, 0.992073655128479, 0.11205561459064484, 1.470320701599121, 1.125211238861084, -0.900536060333252, -0.13026918470859528, -1.2430678606033325, 0.3048195540904999]] left_gripper=0.992073655128479 right_gripper=0.3048195540904999
update step=222 qpos=[-0.009500446729362011, -0.006499723996967077, 0.0296955443918705, 0.032281167805194855, -0.060284167528152466, 0.022255517542362213, 0.992073655128479, 0.11404696851968765, 1.4728108644485474, 1.1225637197494507, -0.8938227295875549, -0.13307252526283264, -1.2390658855438232, 0.3048195540904998]
pred step=222 action=[[-0.008251309394836426, -0.0016775727272033691, 0.02188783884048462, 0.022958338260650635, -0.06454059481620789, 0.010487794876098633, 0.978550910949707, 0.09349323064088821, 1.4844937324523926, 1.110386848449707, -0.8644465804100037, -0.16173160076141357, -1.2433539628982544, 0.28106290102005005]] left_gripper=0.978550910949707 right_gripper=0.28106290102005005
update step=223 qpos=[-0.008388415910303593, -0.0021673922892659903, 0.022599976509809494, 0.024063831195235252, -0.06400547176599503, 0.011988718993961811, 0.978550910949707, 0.09580989181995392, 1.4837195873260498, 1.111541986465454, -0.8681986331939697, -0.15804140269756317, -1.2428048849105835, 0.28106290102005005]
pred step=223 action=[[-0.009434767067432404, 0.008727967739105225, 0.03080648183822632, 0.017150431871414185, -0.06518200039863586, 0.026273727416992188, 0.9798897504806519, 0.08942967653274536, 1.456615686416626, 1.1198850870132446, -0.877838671207428, -0.15185332298278809, -1.2477818727493286, 0.23608753085136414]] left_gripper=0.9798897504806519 right_gripper=0.23608753085136414
update step=224 qpos=[-0.009310808964073658, 0.0073988959193229675, 0.029943902045488358, 0.018068494275212288, -0.06502973288297653, 0.024452002719044685, 0.9798897504806519, 0.09012444317340851, 1.4593404531478882, 1.11919105052948, -0.876595139503479, -0.15263910591602325, -1.247146487236023, 0.23608753085136414]
pred step=224 action=[[-0.008246853947639465, -0.010691285133361816, 0.026831388473510742, 0.02237550914287567, -0.0738699734210968, 0.014035463333129883, 0.9785752296447754, 0.08912687003612518, 1.4581799507141113, 1.0940487384796143, -0.8219121694564819, -0.16859832406044006, -1.2278039455413818, 0.24164769053459167]] left_gripper=0.9785752296447754 right_gripper=0.24164769053459167
update step=225 qpos=[-0.008352464064955711, -0.008567645214498043, 0.02724839188158512, 0.021847650408744812, -0.07275685667991638, 0.015363295562565327, 0.9785752296447754, 0.08927221596240997, 1.4588145017623901, 1.0968784093856812, -0.8288890719413757, -0.16655881702899933, -1.230271339416504, 0.24164769053459165]
pred step=225 action=[[-0.0050795599818229675, -0.005223572254180908, 0.025819063186645508, 0.020154938101768494, -0.0737619400024414, 0.021249741315841675, 0.97919100522995, 0.08800005912780762, 1.4440577030181885, 1.0923550128936768, -0.8126546144485474, -0.18575499951839447, -1.1950210332870483, 0.22207635641098022]] left_gripper=0.97919100522995 right_gripper=0.22207635641098022
update step=226 qpos=[-0.005462567787617445, -0.005593857262283564, 0.025911275297403336, 0.020343411713838577, -0.0736410990357399, 0.020498476922512054, 0.97919100522995, 0.08817639946937561, 1.4455832242965698, 1.0931143760681152, -0.8146902322769165, -0.1833232194185257, -1.1995171308517456, 0.22207635641098022]
pred step=226 action=[[-0.0052626654505729675, -0.010026752948760986, 0.02633771300315857, 0.019724488258361816, -0.0696721076965332, 0.025965750217437744, 0.9765140414237976, 0.0767422765493393, 1.442339301109314, 1.0902807712554932, -0.8183329701423645, -0.17766480147838593, -1.2110086679458618, 0.21612057089805603]] left_gripper=0.9765140414237976 right_gripper=0.21612057089805603
update step=227 qpos=[-0.005294270347803831, -0.009518099948763847, 0.0263312179595232, 0.019819483160972595, -0.07017385959625244, 0.025269120931625366, 0.9765140414237976, 0.07796621322631836, 1.442834734916687, 1.0904768705368042, -0.8179128766059875, -0.17835547029972076, -1.209539771080017, 0.21612057089805606]
pred step=227 action=[[-0.0065369755029678345, 0.002768874168395996, 0.02459561824798584, 0.01929701864719391, -0.07211488485336304, 0.020705491304397583, 0.974987268447876, 0.08015123754739761, 1.4489647150039673, 1.0869693756103516, -0.7872534394264221, -0.19540353119373322, -1.1892542839050293, 0.21730288863182068]] left_gripper=0.974987268447876 right_gripper=0.21730288863182068
update step=228 qpos=[-0.006386671215295792, 0.0013484350638464093, 0.024712223559617996, 0.01932580955326557, -0.07186669856309891, 0.021287843585014343, 0.974987268447876, 0.07995938509702682, 1.4483481645584106, 1.087503433227539, -0.7910845875740051, -0.19324232637882233, -1.1918420791625977, 0.2173028886318207]
pred step=228 action=[[-0.0068185701966285706, -0.00850069522857666, 0.02976122498512268, 0.01838308572769165, -0.07308515906333923, 0.02168521285057068, 0.9648709297180176, 0.07816185057163239, 1.4316420555114746, 1.0800838470458984, -0.7761486768722534, -0.190634086728096, -1.1892240047454834, 0.2065441608428955]] left_gripper=0.9648709297180176 right_gripper=0.2065441608428955
update step=229 qpos=[-0.006765358615666628, -0.007387376390397549, 0.02930966205894947, 0.01856168359518051, -0.0729309692978859, 0.021634062752127647, 0.9648709297180176, 0.0783461183309555, 1.4334789514541626, 1.0810835361480713, -0.7780550122261047, -0.19096389412879944, -1.189557433128357, 0.2065441608428955]
pred step=229 action=[[-0.006409958004951477, 0.003166019916534424, 0.027928858995437622, 0.007694646716117859, -0.0735534131526947, 0.023428291082382202, 0.9651200175285339, 0.07072193920612335, 1.4324686527252197, 1.0815973281860352, -0.7904741168022156, -0.20303542912006378, -1.199416995048523, 0.22818702459335327]] left_gripper=0.9651200175285339 right_gripper=0.22818702459335327
update step=230 qpos=[-0.0064508975483477116, 0.0019871213007718325, 0.027901917695999146, 0.009012238122522831, -0.07347458600997925, 0.023199893534183502, 0.9651200175285339, 0.07158084958791733, 1.4326735734939575, 1.0813815593719482, -0.7889419794082642, -0.2014877200126648, -1.198158860206604, 0.22818702459335327]
pred step=230 action=[[-0.004154190421104431, -0.010132372379302979, 0.0236513614654541, 0.013661116361618042, -0.06802257895469666, 0.020271599292755127, 0.9753130674362183, 0.061251379549503326, 1.4201046228408813, 1.0748831033706665, -0.7704553008079529, -0.20548425614833832, -1.2097148895263672, 0.23402076959609985]] left_gripper=0.9753130674362183 right_gripper=0.23402076959609985
update step=231 qpos=[-0.004434510599821806, -0.008730433881282806, 0.024246208369731903, 0.013094847090542316, -0.06871726363897324, 0.020644884556531906, 0.9753130674362183, 0.06238517910242081, 1.4215151071548462, 1.0757629871368408, -0.7728017568588257, -0.20495690405368805, -1.2082395553588867, 0.23402076959609985]
pred step=231 action=[[-0.008636519312858582, 0.009765923023223877, 0.03068062663078308, 0.01624302566051483, -0.07850515842437744, 0.03381514549255371, 0.9684545993804932, 0.08089253306388855, 1.4243391752243042, 1.0547585487365723, -0.7167483568191528, -0.226200133562088, -1.1533803939819336, 0.22591900825500488]] left_gripper=0.9684545993804932 right_gripper=0.22591900825500488
update step=232 qpos=[-0.00812439527362585, 0.0075715272687375546, 0.029932115226984024, 0.01584666036069393, -0.07725702971220016, 0.03213578090071678, 0.9684545993804932, 0.07892713695764542, 1.4242894649505615, 1.0573034286499023, -0.7238519191741943, -0.22353534400463104, -1.1603827476501465, 0.2259190082550049]
pred step=232 action=[[-0.005945980548858643, 0.007345616817474365, 0.038343578577041626, 0.005050629377365112, -0.07596126198768616, 0.04438728094100952, 0.9578400254249573, 0.0668802559375763, 1.4087265729904175, 1.0458669662475586, -0.7366109490394592, -0.21106001734733582, -1.1588199138641357, 0.20853587985038757]] left_gripper=0.9578400254249573 right_gripper=0.20853587985038757
update step=233 qpos=[-0.006206495221704245, 0.007363474927842617, 0.03737964108586311, 0.0064498200081288815, -0.07612867653369904, 0.042825840413570404, 0.9578400254249572, 0.06813186407089233, 1.4103564023971558, 1.0472275018692017, -0.7350600361824036, -0.2126179039478302, -1.159016489982605, 0.2085358798503876]
pred step=233 action=[[-0.008760564029216766, -0.004956305027008057, 0.02702811360359192, 0.012480884790420532, -0.0821819007396698, 0.030774295330047607, 0.9648056626319885, 0.0814623162150383, 1.403010368347168, 1.0273923873901367, -0.7016236186027527, -0.22040830552577972, -1.1405187845230103, 0.22968751192092896]] left_gripper=0.9648056626319885 right_gripper=0.22968751192092896
update step=234 qpos=[-0.00844619981944561, -0.0034704050049185753, 0.028175344690680504, 0.011678551323711872, -0.08141347020864487, 0.032311148941516876, 0.9648056626319885, 0.0800417810678482, 1.4039554595947266, 1.0297783613204956, -0.7059043049812317, -0.21944695711135864, -1.142882227897644, 0.22968751192092896]
pred step=234 action=[[-0.011888265609741211, -0.0011970996856689453, 0.033387988805770874, -0.0008046776056289673, -0.06734591722488403, 0.03603282570838928, 0.9645676612854004, 0.074517160654068, 1.412853479385376, 1.062110424041748, -0.7260421514511108, -0.22528409957885742, -1.1457411050796509, 0.19801181554794312]] left_gripper=0.9645676612854004 right_gripper=0.19801181554794312
update step=235 qpos=[-0.011513113975524902, -0.0014731889823451638, 0.032781172543764114, 0.0007955388282425702, -0.06911709904670715, 0.035559095442295074, 0.9645676612854004, 0.07511720061302185, 1.4116921424865723, 1.058423399925232, -0.7233524918556213, -0.22453512251377106, -1.145371913909912, 0.19801181554794312]
pred step=235 action=[[-0.008716359734535217, 0.01083749532699585, 0.02653181552886963, 0.006122037768363953, -0.06422299146652222, 0.052447110414505005, 0.9585643410682678, 0.07296572625637054, 1.3442960977554321, 1.0057826042175293, -0.6416475176811218, -0.2312205284833908, -1.0803848505020142, 0.22779345512390137]] left_gripper=0.9585643410682678 right_gripper=0.22779345512390137
update step=236 qpos=[-0.009058233350515366, 0.009421633556485176, 0.027171440422534943, 0.005393370985984802, -0.0648433193564415, 0.05029436573386192, 0.9585643410682678, 0.07321058958768845, 1.352057695388794, 1.0122486352920532, -0.6521638631820679, -0.2303716093301773, -1.0886805057525635, 0.22779345512390137]
pred step=236 action=[[-0.008815854787826538, 0.013405084609985352, 0.024746358394622803, 0.007911264896392822, -0.07198581099510193, 0.05187338590621948, 0.9600147008895874, 0.07673310488462448, 1.3828613758087158, 1.0247752666473389, -0.6499835848808289, -0.24674361944198608, -1.1073018312454224, 0.2189260721206665]] left_gripper=0.9600147008895874 right_gripper=0.2189260721206665
update step=237 qpos=[-0.00882948562502861, 0.012922047637403011, 0.02507062628865242, 0.007593539077788591, -0.07108300179243088, 0.05167240649461746, 0.9600147008895874, 0.07638146728277206, 1.3797255754470825, 1.0230382680892944, -0.6502188444137573, -0.244659885764122, -1.1049216985702515, 0.2189260721206665]
pred step=237 action=[[-0.01372142881155014, 0.004970729351043701, 0.03228834271430969, 0.0028588026762008667, -0.0796356201171875, 0.06398656964302063, 0.9626734256744385, 0.10006284713745117, 1.3655571937561035, 0.9894822835922241, -0.5967984795570374, -0.2599155902862549, -1.032457947731018, 0.24893319606781006]] left_gripper=0.9626734256744385 right_gripper=0.24893319606781006
update step=238 qpos=[-0.013130749575793743, 0.005868449807167053, 0.03155127540230751, 0.0035144994035363197, -0.07854443788528442, 0.06241632252931595, 0.9626734256744386, 0.09751397371292114, 1.3671207427978516, 0.9937100410461426, -0.6036087274551392, -0.2580339014530182, -1.0417097806930542, 0.24893319606781006]
pred step=238 action=[[-0.010548397898674011, 0.008957207202911377, 0.038387954235076904, 0.0011276602745056152, -0.06573960185050964, 0.06856340169906616, 0.9578512907028198, 0.08892687410116196, 1.3391361236572266, 0.9873172044754028, -0.5739386081695557, -0.2635687589645386, -1.0245414972305298, 0.262241393327713]] left_gripper=0.9578512907028198 right_gripper=0.262241393327713
update step=239 qpos=[-0.010879524983465672, 0.008594824932515621, 0.037570107728242874, 0.0014409171417355537, -0.06736273318529129, 0.06778088212013245, 0.9578512907028198, 0.08984726667404175, 1.3422070741653442, 0.988345205783844, -0.577672004699707, -0.262850284576416, -1.0267274379730225, 0.262241393327713]
pred step=239 action=[[-0.01664842665195465, 0.030811965465545654, 0.04389393329620361, -0.013721227645874023, -0.06865307688713074, 0.0868687629699707, 0.9516909122467041, 0.09175814688205719, 1.3413095474243164, 0.9691702723503113, -0.5538493394851685, -0.2595870792865753, -1.0241432189941406, 0.22954145073890686]] left_gripper=0.9516909122467041 right_gripper=0.22954145073890686
update step=240 qpos=[-0.01597042940557003, 0.02823973447084427, 0.04300186038017273, -0.011836549267172813, -0.06847424060106277, 0.08443646878004074, 0.9516909122467041, 0.09154485166072845, 1.3417528867721558, 0.9711923599243164, -0.5569683909416199, -0.2599959671497345, -1.0244734287261963, 0.22954145073890686]
pred step=240 action=[[-0.0161745622754097, 0.019625842571258545, 0.030965596437454224, 0.00393250584602356, -0.0638887882232666, 0.08675014972686768, 0.9609261751174927, 0.09869630634784698, 1.3252289295196533, 0.9496577978134155, -0.4651471674442291, -0.2877267003059387, -0.9406319856643677, 0.2696358859539032]] left_gripper=0.9609261751174927 right_gripper=0.2696358859539032
update step=241 qpos=[-0.016161184757947922, 0.02063906192779541, 0.03242164105176926, 0.0019155802438035607, -0.06446798145771027, 0.08645611256361008, 0.9609261751174927, 0.09795784950256348, 1.3270835876464844, 0.9526917934417725, -0.47671908140182495, -0.28421610593795776, -0.9513301849365234, 0.2696358859539032]
pred step=241 action=[[-0.021142981946468353, 0.02931511402130127, 0.042356669902801514, -0.004160761833190918, -0.0598548948764801, 0.08068183064460754, 0.9525793790817261, 0.10768774151802063, 1.3161368370056152, 0.9226758480072021, -0.4287662208080292, -0.31423595547676086, -0.8951640129089355, 0.2553431987762451]] left_gripper=0.9525793790817261 right_gripper=0.2553431987762451
update step=242 qpos=[-0.020566869527101517, 0.028256023302674294, 0.041262879967689514, -0.0033487530890852213, -0.060428258031606674, 0.08141900599002838, 0.9525793790817261, 0.10668434947729111, 1.3176199197769165, 0.9261475801467896, -0.4349484145641327, -0.3104454576969147, -0.9023303389549255, 0.2553431987762451]
pred step=242 action=[[-0.021788809448480606, 0.05150097608566284, 0.05280637741088867, -0.01452423632144928, -0.05426463484764099, 0.0992358922958374, 0.9436796307563782, 0.10406029224395752, 1.2922594547271729, 0.9310420155525208, -0.44699981808662415, -0.2952897846698761, -0.9267088174819946, 0.2690589725971222]] left_gripper=0.9436796307563782 right_gripper=0.2690589725971222
update step=243 qpos=[-0.021661479026079178, 0.04877780005335808, 0.051381032913923264, -0.01311228983104229, -0.05503779277205467, 0.09696488082408905, 0.9436796307563782, 0.10430794954299927, 1.2949610948562622, 0.9306031465530396, -0.44544777274131775, -0.29722002148628235, -0.9235954880714417, 0.2690589725971222]
pred step=243 action=[[-0.018657609820365906, 0.054522156715393066, 0.055995792150497437, -0.01386617124080658, -0.05708342790603638, 0.10332903265953064, 0.952013373374939, 0.0957762748003006, 1.2748022079467773, 0.8990523219108582, -0.44403955340385437, -0.28402912616729736, -0.9255951642990112, 0.3073647618293762]] left_gripper=0.952013373374939 right_gripper=0.3073647618293762
update step=244 qpos=[-0.019007395952939987, 0.05383754149079323, 0.05547882989048958, -0.013757369481027126, -0.056829556822776794, 0.10251805186271667, 0.952013373374939, 0.09668056666851044, 1.2773569822311401, 0.9024136066436768, -0.4444153904914856, -0.28568094968795776, -0.9253429770469666, 0.3073647618293763]
pred step=244 action=[[-0.019694309681653976, 0.05516260862350464, 0.05758067965507507, -0.016118548810482025, -0.06607118248939514, 0.11171695590019226, 0.9458448886871338, 0.10361343622207642, 1.2434959411621094, 0.8730297088623047, -0.3700345754623413, -0.31589147448539734, -0.8599416017532349, 0.2901180386543274]] left_gripper=0.9458448886871338 right_gripper=0.2901180386543274
update step=245 qpos=[-0.019595373421907425, 0.055011481046676636, 0.05731963366270065, -0.01581861823797226, -0.06490068882703781, 0.11054393649101257, 0.9458448886871338, 0.1029193177819252, 1.2472187280654907, 0.8769266605377197, -0.37946370244026184, -0.31208115816116333, -0.8682898283004761, 0.2901180386543274]
pred step=245 action=[[-0.023448001593351364, 0.07974874973297119, 0.0640556812286377, -0.010754503309726715, -0.039577335119247437, 0.13286057114601135, 0.9499735832214355, 0.10770435631275177, 1.2325464487075806, 0.8678957223892212, -0.31440263986587524, -0.31857746839523315, -0.8362172842025757, 0.31145942211151123]] left_gripper=0.9499735832214355 right_gripper=0.31145942211151123
update step=246 qpos=[-0.02305140346288681, 0.07682957500219345, 0.06326451152563095, -0.011399749666452408, -0.04276779666543007, 0.1300177425146103, 0.9499735832214355, 0.10717520862817764, 1.2343982458114624, 0.8690822124481201, -0.32264602184295654, -0.3177562952041626, -0.8403077721595764, 0.31145942211151123]
pred step=246 action=[[-0.02691590040922165, 0.07659369707107544, 0.07118493318557739, -0.009013481438159943, -0.043755292892456055, 0.1351124346256256, 0.9499295353889465, 0.11252786219120026, 1.2054156064987183, 0.8527466058731079, -0.3088977336883545, -0.32397058606147766, -0.819530725479126, 0.3128952383995056]] left_gripper=0.9499295353889465 right_gripper=0.3128952383995056
update step=247 qpos=[-0.026462659239768982, 0.07658294588327408, 0.07036587595939636, -0.009266669861972332, -0.04362044110894203, 0.1344640851020813, 0.9499295353889465, 0.11195774376392365, 1.2088093757629395, 0.8545708656311035, -0.310731440782547, -0.3232056200504303, -0.8221835494041443, 0.3128952383995056]
pred step=247 action=[[-0.03236498683691025, 0.1094745397567749, 0.08438253402709961, -0.027112409472465515, -0.026851028203964233, 0.13833236694335938, 0.9257521629333496, 0.11820242553949356, 1.142667531967163, 0.7944332957267761, -0.23206384479999542, -0.31802597641944885, -0.7362642288208008, 0.32309725880622864]] left_gripper=0.9257521629333496 right_gripper=0.32309725880622864
update step=248 qpos=[-0.03170807287096977, 0.1056467667222023, 0.08258739113807678, -0.02487354539334774, -0.028957132250070572, 0.13784165680408478, 0.9257521629333497, 0.11749377101659775, 1.150190830230713, 0.8016896843910217, -0.24219927191734314, -0.3187144994735718, -0.7472315430641174, 0.32309725880622864]
pred step=248 action=[[-0.024665366858243942, 0.13051152229309082, 0.0946078896522522, -0.023238658905029297, -0.026438921689987183, 0.1699245274066925, 0.9203976392745972, 0.10716316103935242, 1.0922998189926147, 0.7476370334625244, -0.17466284334659576, -0.31181493401527405, -0.7054609060287476, 0.3755946755409241]] left_gripper=0.9203976392745972 right_gripper=0.3755946755409241
update step=249 qpos=[-0.025503359735012054, 0.1275579184293747, 0.09326717257499695, -0.02341580204665661, -0.026766318827867508, 0.16583338379859924, 0.9203976392745972, 0.10828551650047302, 1.0989540815353394, 0.7540410757064819, -0.18338200449943542, -0.3126756250858307, -0.710789144039154, 0.3755946755409241]
pred step=249 action=[[-0.029064886271953583, 0.15247082710266113, 0.10067656636238098, -0.017832353711128235, -0.02021920680999756, 0.17940452694892883, 0.9210014939308167, 0.12397319823503494, 1.0272235870361328, 0.6546927690505981, -0.06749871373176575, -0.34108197689056396, -0.5944868922233582, 0.3900749683380127]] left_gripper=0.9210014939308167 right_gripper=0.3900749683380127
update step=250 qpos=[-0.028661785647273064, 0.1495465785264969, 0.0997970700263977, -0.018543751910328865, -0.021037597209215164, 0.17767660319805145, 0.9210014939308167, 0.12229438871145248, 1.0354405641555786, 0.6664493680000305, -0.0824628695845604, -0.33754584193229675, -0.6093350648880005, 0.3900749683380127]
pred step=250 action=[[-0.019119709730148315, -0.013591647148132324, -0.007182896137237549, 0.009133443236351013, -0.01679900288581848, 0.08940020203590393, 1.0164706707000732, 0.2867817282676697, 1.0371826887130737, 0.8238167762756348, -0.6769418120384216, 0.045635104179382324, -0.72779780626297, 0.7812716960906982]] left_gripper=1.0164706707000732 right_gripper=0.7812716960906982
update step=251 qpos=[-0.02023482322692871, 0.005758275743573904, 0.005196214187890291, 0.00541875371709466, -0.01736823096871376, 0.10065551102161407, 1.0, 0.26811397075653076, 1.0372591018676758, 0.8054459691047668, -0.27597615122795105, -0.14666451513767242, -0.7126961946487427, 0.6843845315001629]
pred step=251 action=[[-0.016568109393119812, -0.023211002349853516, -0.0011506080627441406, 0.011468246579170227, -0.01672425866127014, 0.08419448137283325, 1.0211210250854492, 0.2922743558883667, 1.0625145435333252, 0.8605800867080688, -0.7060917019844055, 0.04229104518890381, -0.7567228078842163, 0.794244647026062]] left_gripper=1.0211210250854492 right_gripper=0.794244647026062
update step=252 qpos=[-0.01699656806886196, -0.019961226731538773, 9.11362349143019e-06, 0.010826501995325089, -0.01681656762957573, 0.08628814667463303, 1.0, 0.28918445110321045, 1.0608973503112793, 0.8530688285827637, -0.4688276946544647, 0.016420328989624977, -0.7511088848114014, 0.794244647026062]
pred step=252 action=[[-0.018173538148403168, -0.02319800853729248, 0.0006632804870605469, 0.01661612093448639, -0.01110038161277771, 0.08403518795967102, 1.0336432456970215, 0.2911476790904999, 1.1342501640319824, 0.9131527543067932, -0.7499383091926575, 0.04109984636306763, -0.8122537136077881, 0.7848950028419495]] left_gripper=1.0336432456970215 right_gripper=0.7848950028419495
update step=253 qpos=[-0.018046215176582336, -0.022825388237833977, 0.0006017211126163602, 0.015889177098870277, -0.011820917949080467, 0.08432202786207199, 1.0, 0.29088371992111206, 1.1262633800506592, 0.9060571193695068, -0.6571794748306274, 0.03798625245690346, -0.804452121257782, 0.7848950028419495]
pred step=253 action=[[-0.021568220108747482, -0.022569775581359863, 0.01713120937347412, 0.010788440704345703, -0.013742417097091675, 0.06345906853675842, 1.036225438117981, 0.2901408076286316, 1.189555287361145, 0.9631725549697876, -0.7887955904006958, 0.035631030797958374, -0.8551992177963257, 0.8151651620864868]] left_gripper=1.036225438117981 right_gripper=0.8151651620864868
update step=254 qpos=[-0.021148594096302986, -0.022653702646493912, 0.015321016311645508, 0.011513735167682171, -0.01349471416324377, 0.06611901521682739, 1.0, 0.2902413308620453, 1.1818994283676147, 0.9563140273094177, -0.7719862461090088, 0.035924822092056274, -0.8487318158149719, 0.8151651620864867]
pred step=254 action=[[-0.021206218749284744, -0.028497517108917236, 0.015617787837982178, 0.019317254424095154, -0.008119434118270874, 0.05709215998649597, 1.0333435535430908, 0.2881726622581482, 1.2417101860046387, 0.9901272058486938, -0.8029775023460388, 0.03199991583824158, -0.8887693881988525, 0.8113566040992737]] left_gripper=1.0333435535430908 right_gripper=0.8113566040992737
update step=255 qpos=[-0.02120993100106716, -0.027790112420916557, 0.015544870868325233, 0.01831918954849243, -0.00879986397922039, 0.058242324739694595, 1.0, 0.2884269952774048, 1.234763264656067, 0.9862403273582458, -0.7988526821136475, 0.03250235319137573, -0.883662760257721, 0.8113566040992737]
pred step=255 action=[[-0.022118665277957916, -0.022180020809173584, 0.017434656620025635, 0.022577106952667236, -0.0068458616733551025, 0.060583919286727905, 1.0452845096588135, 0.28265058994293213, 1.3136097192764282, 1.0492124557495117, -0.843297004699707, 0.0384308397769928, -0.9602066278457642, 0.8031575679779053]] left_gripper=1.0452845096588135 right_gripper=0.8031575679779053
update step=256 qpos=[-0.022016143426299095, -0.022840993478894234, 0.0172013808041811, 0.022033462300896645, -0.007090341299772263, 0.06028514727950096, 1.0, 0.28330865502357483, 1.3043721914291382, 1.0419914722442627, -0.8373221158981323, 0.03769262880086899, -0.9504406452178955, 0.8031575679779053]
pred step=256 action=[[-0.021935246884822845, -0.022848308086395264, 0.024973809719085693, 0.028597384691238403, -0.004535883665084839, 0.06566649675369263, 1.0583832263946533, 0.27631789445877075, 1.3299977779388428, 1.06613290309906, -0.8433082699775696, 0.03749370574951172, -0.9670203924179077, 0.8084181547164917]] left_gripper=1.0583832263946533 right_gripper=0.8084181547164917
update step=257 qpos=[-0.02195104770362377, -0.02289217710494995, 0.024180926382541656, 0.027815289795398712, -0.0048582060262560844, 0.06498055160045624, 1.0, 0.27710169553756714, 1.3268789052963257, 1.0635170936584473, -0.842386782169342, 0.03753664344549179, -0.9649054408073425, 0.8084181547164917]
pred step=257 action=[[-0.019318483769893646, -0.027126014232635498, 0.016499638557434082, 0.020191162824630737, -0.010882526636123657, 0.06013345718383789, 1.045146107673645, 0.2875473201274872, 1.400600790977478, 1.1082653999328613, -0.8842409253120422, 0.0392853319644928, -1.0260652303695679, 0.7742297053337097]] left_gripper=1.045146107673645 right_gripper=0.7742297053337097
update step=258 qpos=[-0.019614987075328827, -0.026551280170679092, 0.017209408804774284, 0.021091654896736145, -0.010126521810889244, 0.06075121462345123, 1.0, 0.2864023447036743, 1.3922475576400757, 1.1028910875320435, -0.8787044882774353, 0.03904091566801071, -1.0182654857635498, 0.7742297053337098]
pred step=258 action=[[-0.023754827678203583, -0.021181046962738037, 0.020173609256744385, 0.0371289998292923, -0.010414451360702515, 0.03255915641784668, 1.050298810005188, 0.2825852632522583, 1.4356768131256104, 1.152833104133606, -0.9262073040008545, 0.027385801076889038, -1.072131872177124, 0.7780824899673462]] left_gripper=1.050298810005188 right_gripper=0.7780824899673462
update step=259 qpos=[-0.023263869807124138, -0.0218825563788414, 0.020001711323857307, 0.03514232486486435, -0.010373884811997414, 0.03615347295999527, 1.0, 0.28303882479667664, 1.4302738904953003, 1.147175908088684, -0.9199554920196533, 0.028870541602373123, -1.065261721611023, 0.7780824899673462]
pred step=259 action=[[-0.021433770656585693, -0.016224324703216553, 0.011510133743286133, 0.03612463176250458, -0.01322793960571289, 0.05385017395019531, 1.0480080842971802, 0.2706480622291565, 1.4682631492614746, 1.1699726581573486, -0.9360180497169495, 0.032636791467666626, -1.1270174980163574, 0.7361723780632019]] left_gripper=1.0480080842971802 right_gripper=0.7361723780632019
update step=260 qpos=[-0.02164543978869915, -0.016828974708914757, 0.012346053496003151, 0.03593055158853531, -0.012868494726717472, 0.05159234628081322, 1.0, 0.27200964093208313, 1.463937520980835, 1.1672630310058594, -0.9338548183441162, 0.032185934484004974, -1.1191397905349731, 0.7361723780632019]
pred step=260 action=[[-0.02132856845855713, -0.015816330909729004, 0.013925254344940186, 0.04913341999053955, -0.01598307490348816, 0.030946731567382812, 1.0492961406707764, 0.26694104075431824, 1.4745112657546997, 1.2059004306793213, -0.9610885381698608, 0.021743595600128174, -1.1519235372543335, 0.7427298426628113]] left_gripper=1.0492961406707764 right_gripper=0.7427298426628113
update step=261 qpos=[-0.02135678380727768, -0.01599939912557602, 0.013912946917116642, 0.04750655218958855, -0.015592958778142929, 0.03357945382595062, 1.0, 0.26753899455070496, 1.4729524850845337, 1.2015700340270996, -0.9574797749519348, 0.02307458408176899, -1.1477422714233398, 0.7427298426628113]
pred step=261 action=[[-0.02032722905278206, -0.017451107501983643, -0.004668295383453369, 0.05755798518657684, -0.013669341802597046, 0.028310120105743408, 1.0298103094100952, 0.24625816941261292, 1.512747049331665, 1.2122576236724854, -0.9579294919967651, 0.01206350326538086, -1.1815015077590942, 0.7339387536048889]] left_gripper=1.0298103094100952 right_gripper=0.7339387536048889
update step=262 qpos=[-0.02045123279094696, -0.017202500253915787, -0.0026725176721811295, 0.05618522688746452, -0.013915270566940308, 0.02898099459707737, 1.0, 0.2486107349395752, 1.5085537433624268, 1.2108068466186523, -0.9577745795249939, 0.013507026247680187, -1.1771916151046753, 0.733938753604889]
pred step=262 action=[[-0.01963517814874649, -0.0025521516799926758, -0.0018309950828552246, 0.05736246705055237, -0.01748529076576233, 0.026660293340682983, 1.0452511310577393, 0.22657474875450134, 1.5250906944274902, 1.2386523485183716, -0.9993834495544434, 0.022589772939682007, -1.2256494760513306, 0.6983950734138489]] left_gripper=1.0452511310577393 right_gripper=0.6983950734138489
update step=263 qpos=[-0.01972314715385437, -0.004314768128097057, -0.0018577660666778684, 0.05722411349415779, -0.01703580655157566, 0.026955625042319298, 1.0, 0.228963702917099, 1.5227702856063843, 1.2355107069015503, -0.9940198659896851, 0.021480528637766838, -1.219467043876648, 0.6983950734138489]
pred step=263 action=[[-0.018699750304222107, -0.0051152706146240234, 0.0073735713958740234, 0.04942694306373596, -0.018904656171798706, 0.02069675922393799, 1.0270624160766602, 0.23297202587127686, 1.538870930671692, 1.2428052425384521, -1.0037404298782349, 0.004005521535873413, -1.2455960512161255, 0.6519991755485535]] left_gripper=1.0270624160766602 right_gripper=0.6519991755485535
update step=264 qpos=[-0.018815167248249054, -0.005054237321019173, 0.006380229257047176, 0.050466302782297134, -0.018671631813049316, 0.021494384855031967, 1.0, 0.23262716829776764, 1.5370893478393555, 1.2418652772903442, -1.0024805068969727, 0.006207604892551899, -1.2422667741775513, 0.6519991755485536]
pred step=264 action=[[-0.016267701983451843, -0.006094694137573242, 0.010764598846435547, 0.050978124141693115, -0.028589725494384766, 0.02460610866546631, 1.0276048183441162, 0.2142334282398224, 1.5196040868759155, 1.2402081489562988, -0.9985480308532715, 0.0044272541999816895, -1.2384105920791626, 0.6433439254760742]] left_gripper=1.0276048183441162 right_gripper=0.6433439254760742
update step=265 qpos=[-0.016546713188290596, -0.005973636172711849, 0.010252808220684528, 0.05092460289597511, -0.02734111063182354, 0.02420821599662304, 1.0, 0.21618542075157166, 1.5214039087295532, 1.2405850887298584, -0.9990538358688354, 0.004693955648690462, -1.2389003038406372, 0.6433439254760742]
pred step=265 action=[[-0.020409733057022095, 0.005894005298614502, 0.006384551525115967, 0.05706387758255005, -0.022308379411697388, 0.012742191553115845, 1.0272862911224365, 0.19863879680633545, 1.5623359680175781, 1.263756513595581, -1.013595461845398, -0.006899386644363403, -1.2665108442306519, 0.5736372470855713]] left_gripper=1.0272862911224365 right_gripper=0.5736372470855713
update step=266 qpos=[-0.019964070990681648, 0.004526285920292139, 0.006745872087776661, 0.05623872950673103, -0.022938638925552368, 0.014204910956323147, 1.0, 0.20060162246227264, 1.5579205751419067, 1.26083242893219, -1.011622428894043, -0.005393988452851772, -1.2629839181900024, 0.5736372470855713]
pred step=266 action=[[-0.01696549355983734, 0.008022785186767578, 0.00532156229019165, 0.05783012509346008, -0.029878675937652588, 0.0128459632396698, 1.0187195539474487, 0.1731250137090683, 1.5362226963043213, 1.2465325593948364, -1.0007672309875488, -0.013264209032058716, -1.2777897119522095, 0.5509273409843445]] left_gripper=1.0187195539474487 right_gripper=0.5509273409843445
update step=267 qpos=[-0.017303915694355965, 0.00760191585868597, 0.005514416377991438, 0.057628970593214035, -0.02900725044310093, 0.013017953373491764, 1.0, 0.1760912835597992, 1.5383902788162231, 1.2484949827194214, -1.0021852254867554, -0.012210039421916008, -1.275898814201355, 0.5509273409843445]
pred step=267 action=[[-0.02002580091357231, 0.011137068271636963, 0.020696938037872314, 0.05922411382198334, -0.03521019220352173, 0.010895371437072754, 1.0078513622283936, 0.16007086634635925, 1.5441339015960693, 1.248070478439331, -1.022027611732483, -0.023983776569366455, -1.3018903732299805, 0.470608115196228]] left_gripper=1.0078513622283936 right_gripper=0.470608115196228
update step=268 qpos=[-0.019692551344633102, 0.01064658910036087, 0.019099608063697815, 0.059106916189193726, -0.03442155197262764, 0.011165723204612732, 1.0, 0.16186365485191345, 1.5436217784881592, 1.247886300086975, -1.0195684432983398, -0.02246134541928768, -1.2985752820968628, 0.470608115196228]
pred step=268 action=[[-0.01783069223165512, 0.007727444171905518, 0.017653346061706543, 0.061610639095306396, -0.03754538297653198, 0.015498071908950806, 0.9989986419677734, 0.14414142072200775, 1.5252089500427246, 1.2330715656280518, -1.0054385662078857, -0.03736993670463562, -1.2964293956756592, 0.4328266382217407]] left_gripper=0.9989986419677734 right_gripper=0.4328266382217407
update step=269 qpos=[-0.018043842166662216, 0.008111975155770779, 0.017723344266414642, 0.061262987554073334, -0.03715408965945244, 0.014945268630981445, 0.9989986419677734, 0.14608891308307648, 1.5272018909454346, 1.2349562644958496, -1.0072815418243408, -0.03544466942548752, -1.2967028617858887, 0.4328266382217407]
pred step=269 action=[[-0.017095252871513367, 0.007058262825012207, 0.024275124073028564, 0.05944935977458954, -0.04166978597640991, 0.006276309490203857, 0.9999099969863892, 0.1565573811531067, 1.4855796098709106, 1.2087002992630005, -0.9670286774635315, -0.030403196811676025, -1.2676506042480469, 0.44806984066963196]] left_gripper=0.9999099969863892 right_gripper=0.44806984066963196
update step=270 qpos=[-0.017196020111441612, 0.007155623286962509, 0.023571660742163658, 0.05971519649028778, -0.04110236093401909, 0.007381371222436428, 0.9999099969863892, 0.15545237064361572, 1.4903736114501953, 1.2119618654251099, -0.9722213745117188, -0.031070053577423096, -1.2713594436645508, 0.44806984066963196]
pred step=270 action=[[-0.015803396701812744, 0.007959306240081787, 0.016405224800109863, 0.044915780425071716, -0.05033594369888306, 0.009923607110977173, 0.9850760102272034, 0.14257657527923584, 1.496396541595459, 1.1805073022842407, -0.9354041218757629, -0.062049925327301025, -1.2515852451324463, 0.41056138277053833]] left_gripper=0.9850760102272034 right_gripper=0.41056138277053833
update step=271 qpos=[-0.015948019921779633, 0.007950641214847565, 0.017021525651216507, 0.046716075390577316, -0.049171581864356995, 0.00959854107350111, 0.9850760102272034, 0.14401891827583313, 1.4962221384048462, 1.184003472328186, -0.9401366710662842, -0.05808322876691818, -1.2541046142578125, 0.41056138277053833]
pred step=271 action=[[-0.0169060081243515, 0.012645602226257324, 0.020884931087493896, 0.0506698340177536, -0.04242262244224548, 0.01662197709083557, 0.9829939603805542, 0.13073953986167908, 1.4893755912780762, 1.2136716842651367, -0.9882843494415283, -0.040545105934143066, -1.2852567434310913, 0.37338751554489136]] left_gripper=0.9829939603805542 right_gripper=0.37338751554489136
update step=272 qpos=[-0.016807816922664642, 0.012036936357617378, 0.020572016015648842, 0.05021137371659279, -0.04327348619699478, 0.01572709158062935, 0.9829939603805542, 0.1321408748626709, 1.4896442890167236, 1.2103650569915771, -0.9821265339851379, -0.04274916276335716, -1.281280279159546, 0.37338751554489136]
pred step=272 action=[[-0.015988729894161224, 0.015648365020751953, 0.017580151557922363, 0.033480167388916016, -0.044045835733413696, 0.011078298091888428, 0.9643591046333313, 0.10792681574821472, 1.49656081199646, 1.1990430355072021, -0.9605061411857605, -0.06493934988975525, -1.2939895391464233, 0.33580899238586426]] left_gripper=0.9643591046333313 right_gripper=0.33580899238586426
update step=273 qpos=[-0.0160830095410347, 0.015289138071238995, 0.0177531186491251, 0.035547561943531036, -0.043949730694293976, 0.011671463027596474, 0.9643591046333314, 0.11061444133520126, 1.4961737394332886, 1.2001997232437134, -0.9632652997970581, -0.0620686411857605, -1.2923656702041626, 0.33580899238586426]
pred step=273 action=[[-0.01575201004743576, 0.02033531665802002, 0.03101736307144165, 0.034035518765449524, -0.05184176564216614, 0.015146195888519287, 0.9656615257263184, 0.11487915366888046, 1.4797682762145996, 1.2154467105865479, -0.9820367097854614, -0.05232357978820801, -1.3012031316757202, 0.3012298047542572]] left_gripper=0.9656615257263184 right_gripper=0.3012298047542572
update step=274 qpos=[-0.01577492244541645, 0.019662907347083092, 0.029653334990143776, 0.03430885076522827, -0.050844721496105194, 0.014702381566166878, 0.9656615257263184, 0.1144317016005516, 1.4813135862350464, 1.2138367891311646, -0.979633092880249, -0.053579434752464294, -1.300077199935913, 0.3012298047542572]
pred step=274 action=[[-0.013833276927471161, 0.010114848613739014, 0.018923461437225342, 0.037887364625930786, -0.05425995588302612, 0.007903814315795898, 0.964208722114563, 0.10357378423213959, 1.4718141555786133, 1.1798863410949707, -0.9286620616912842, -0.06722235679626465, -1.2853199243545532, 0.29953062534332275]] left_gripper=0.964208722114563 right_gripper=0.29953062534332275
update step=275 qpos=[-0.014053268358111382, 0.011303027160465717, 0.020038314163684845, 0.03737300634384155, -0.05383363366127014, 0.008770344778895378, 0.964208722114563, 0.10476778447628021, 1.4733699560165405, 1.183771014213562, -0.9352039098739624, -0.06545937061309814, -1.2872015237808228, 0.29953062534332275]
pred step=275 action=[[-0.01125018298625946, 0.01769578456878662, 0.02430737018585205, 0.03625313937664032, -0.053869783878326416, 0.020856469869613647, 0.9613994359970093, 0.1080097109079361, 1.4559619426727295, 1.1810953617095947, -0.9275368452072144, -0.0789639949798584, -1.2596752643585205, 0.2881423532962799]] left_gripper=0.9613994359970093 right_gripper=0.2881423532962799
update step=276 qpos=[-0.011580453254282475, 0.01691225729882717, 0.02386990748345852, 0.03641900792717934, -0.05386960133910179, 0.019314924255013466, 0.9613994359970094, 0.10770144313573837, 1.4577504396438599, 1.1816147565841675, -0.9285038709640503, -0.07726506143808365, -1.2631874084472656, 0.2881423532962799]
pred step=276 action=[[-0.010870762169361115, 0.01096409559249878, 0.019288182258605957, 0.03672514855861664, -0.05222085118293762, 0.014422804117202759, 0.9604479074478149, 0.09732169657945633, 1.4633517265319824, 1.180191993713379, -0.9272789359092712, -0.07350164651870728, -1.27017343044281, 0.2732304036617279]] left_gripper=0.9604479074478149 right_gripper=0.2732304036617279
update step=277 qpos=[-0.010956413112580776, 0.011684664525091648, 0.019787779077887535, 0.03666888549923897, -0.05243142321705818, 0.015047143213450909, 0.9604479074478149, 0.09842940419912338, 1.4629263877868652, 1.1802020072937012, -0.9274477958679199, -0.07395235449075699, -1.2692794799804688, 0.2732304036617279]
pred step=277 action=[[-0.011929593980312347, 0.02409660816192627, 0.025739431381225586, 0.029468700289726257, -0.05492255091667175, 0.016663342714309692, 0.958519697189331, 0.09640634804964066, 1.4732156991958618, 1.1832022666931152, -0.9048653244972229, -0.0876052975654602, -1.2548266649246216, 0.27317333221435547]] left_gripper=0.958519697189331 right_gripper=0.27317333221435547
update step=278 qpos=[-0.011810274794697762, 0.022627975791692734, 0.0250320453196764, 0.030386727303266525, -0.0546051524579525, 0.016457149758934975, 0.958519697189331, 0.09666720777750015, 1.4720467329025269, 1.1830068826675415, -0.907635509967804, -0.08586876094341278, -1.2566684484481812, 0.27317333221435547]
pred step=278 action=[[-0.011340156197547913, 0.01762598752975464, 0.026547610759735107, 0.032028958201408386, -0.055264681577682495, 0.01795336604118347, 0.9494527578353882, 0.09481978416442871, 1.4598259925842285, 1.1838057041168213, -0.9193456768989563, -0.07738322019577026, -1.272895097732544, 0.256175696849823]] left_gripper=0.9494527578353882 right_gripper=0.256175696849823
update step=279 qpos=[-0.011394302360713482, 0.018200064077973366, 0.026422716677188873, 0.031841740012168884, -0.055182427167892456, 0.017762508243322372, 0.9494527578353882, 0.09500347822904587, 1.4610906839370728, 1.1837372779846191, -0.9178961515426636, -0.07845919579267502, -1.2708250284194946, 0.256175696849823]
pred step=279 action=[[-0.009392805397510529, 0.023371219635009766, 0.029534965753555298, 0.01540820300579071, -0.05334088206291199, 0.01704731583595276, 0.9505786299705505, 0.08880780637264252, 1.4560914039611816, 1.1811985969543457, -0.9210638999938965, -0.0884091854095459, -1.2782201766967773, 0.28661927580833435]] left_gripper=0.9505786299705505 right_gripper=0.28661927580833435
update step=280 qpos=[-0.009631399065256119, 0.02279970794916153, 0.029053781181573868, 0.017468901351094246, -0.05357762426137924, 0.017138756811618805, 0.9505786299705505, 0.08950421214103699, 1.4567533731460571, 1.1813974380493164, -0.9207043647766113, -0.0871334969997406, -1.2772773504257202, 0.28661927580833435]
pred step=280 action=[[-0.009002767503261566, 0.012524127960205078, 0.020992279052734375, 0.028580233454704285, -0.0538385808467865, 0.013018637895584106, 0.9611157178878784, 0.07705428451299667, 1.440653920173645, 1.1641261577606201, -0.9060682654380798, -0.0908530056476593, -1.284762978553772, 0.2913784980773926]] left_gripper=0.9611157178878784 right_gripper=0.2913784980773926
update step=281 qpos=[-0.009075243957340717, 0.013726146891713142, 0.02198709174990654, 0.027168357744812965, -0.05380754917860031, 0.013543632812798023, 0.9611157178878784, 0.07841040939092636, 1.4425183534622192, 1.1661818027496338, -0.90799480676651, -0.09035380184650421, -1.2838078737258911, 0.2913784980773926]
pred step=281 action=[[-0.01214665174484253, 0.026883363723754883, 0.022735536098480225, 0.022094622254371643, -0.06620076298713684, 0.03270277380943298, 0.9550735354423523, 0.0948515385389328, 1.4347665309906006, 1.144714117050171, -0.8617648482322693, -0.1007121205329895, -1.2356141805648804, 0.2900138199329376]] left_gripper=0.9550735354423523 right_gripper=0.2900138199329376
update step=282 qpos=[-0.011762790381908417, 0.02534985914826393, 0.022579267621040344, 0.02271285466849804, -0.06462544202804565, 0.030259495601058006, 0.9550735354423523, 0.09309978783130646, 1.4358208179473877, 1.1473532915115356, -0.8676316738128662, -0.09943224489688873, -1.2417652606964111, 0.2900138199329376]
pred step=282 action=[[-0.009603090584278107, 0.029880762100219727, 0.03577005863189697, 0.010105699300765991, -0.06251963973045349, 0.03729945421218872, 0.9449669122695923, 0.08104933798313141, 1.4364020824432373, 1.1513185501098633, -0.8938305377960205, -0.08595699071884155, -1.2631112337112427, 0.263134241104126]] left_gripper=0.9449669122695923 right_gripper=0.263134241104126
update step=283 qpos=[-0.009862114675343037, 0.029306327924132347, 0.034317128360271454, 0.011763177812099457, -0.06279022246599197, 0.03640278801321983, 0.9449669122695923, 0.08230448514223099, 1.436255693435669, 1.1507600545883179, -0.8905401229858398, -0.08763772994279861, -1.2603846788406372, 0.263134241104126]
pred step=283 action=[[-0.012180469930171967, 0.023809373378753662, 0.019924044609069824, 0.020352259278297424, -0.06561172008514404, 0.027908772230148315, 0.9474902749061584, 0.09301435947418213, 1.422888159751892, 1.1248841285705566, -0.855254054069519, -0.09483346343040466, -1.2377878427505493, 0.27549153566360474]] left_gripper=0.9474902749061584 right_gripper=0.27549153566360474
update step=284 qpos=[-0.011901026591658592, 0.024521980434656143, 0.02146587148308754, 0.019187431782484055, -0.06525115668773651, 0.028992153704166412, 0.9474902749061584, 0.09188394993543625, 1.4244962930679321, 1.1280176639556885, -0.8597862124443054, -0.09394418448209763, -1.240674614906311, 0.27549153566360474]
pred step=284 action=[[-0.013051718473434448, 0.016038835048675537, 0.023942947387695312, 0.011036410927772522, -0.06303560733795166, 0.026449084281921387, 0.9513521194458008, 0.08967180550098419, 1.441490650177002, 1.1575182676315308, -0.879921019077301, -0.09215378761291504, -1.2468873262405396, 0.2507050931453705]] left_gripper=0.9513521194458008 right_gripper=0.2507050931453705
update step=285 qpos=[-0.012920942157506943, 0.017005911096930504, 0.023741917684674263, 0.012110810726881027, -0.06331434100866318, 0.02677307277917862, 0.9513521194458008, 0.0898958295583725, 1.4394515752792358, 1.1540894508361816, -0.8772421479225159, -0.09237614274024963, -1.2460910081863403, 0.2507050931453705]
pred step=285 action=[[-0.010876752436161041, 0.0226517915725708, 0.016614556312561035, 0.01697652041912079, -0.06243738532066345, 0.04631820321083069, 0.944758415222168, 0.07877132296562195, 1.3561041355133057, 1.0899852514266968, -0.7983039021492004, -0.10023784637451172, -1.177538514137268, 0.27677279710769653]] left_gripper=0.944758415222168 right_gripper=0.27677279710769653
update step=286 qpos=[-0.011121544055640697, 0.02202248014509678, 0.017353516072034836, 0.016308370977640152, -0.06254936754703522, 0.043826013803482056, 0.944758415222168, 0.07997232675552368, 1.3655260801315308, 1.0979458093643188, -0.8085171580314636, -0.09921631962060928, -1.1862866878509521, 0.27677279710769653]
pred step=286 action=[[-0.008772380650043488, 0.022816181182861328, 0.015278398990631104, 0.011587977409362793, -0.06992676854133606, 0.038572221994400024, 0.9488458037376404, 0.0835820659995079, 1.3857145309448242, 1.1097123622894287, -0.8069460391998291, -0.11564561724662781, -1.2065259218215942, 0.28652697801589966]] left_gripper=0.9488458037376404 right_gripper=0.28652697801589966
update step=287 qpos=[-0.00903184711933136, 0.022722061723470688, 0.015524315647780895, 0.012183398008346558, -0.06899965554475784, 0.03924240544438362, 0.9488458037376404, 0.08323326706886292, 1.3838309049606323, 1.1080290079116821, -0.807113528251648, -0.11356474459171295, -1.2039399147033691, 0.28652697801589966]
pred step=287 action=[[-0.011653251945972443, 0.02398049831390381, 0.024921774864196777, 0.003713443875312805, -0.07464525103569031, 0.05335626006126404, 0.9486270546913147, 0.10431932657957077, 1.3864686489105225, 1.0977802276611328, -0.7942070364952087, -0.1117430329322815, -1.1684648990631104, 0.29864415526390076]] left_gripper=0.9486270546913147 right_gripper=0.29864415526390076
update step=288 qpos=[-0.011335201561450958, 0.02379855327308178, 0.023897498846054077, 0.004833486396819353, -0.07392552495002747, 0.05155637115240097, 0.9486270546913147, 0.10200919955968857, 1.3861467838287354, 1.0990726947784424, -0.7958418726921082, -0.11202122271060944, -1.1729949712753296, 0.29864415526390076]
pred step=288 action=[[-0.00945262610912323, 0.02335953712463379, 0.028929919004440308, 0.003326624631881714, -0.05978351831436157, 0.0602189302444458, 0.9479015469551086, 0.0918983519077301, 1.3446974754333496, 1.0770162343978882, -0.750377893447876, -0.12168309092521667, -1.137712836265564, 0.31022775173187256]] left_gripper=0.9479015469551086 right_gripper=0.31022775173187256
update step=289 qpos=[-0.009704363532364368, 0.023410744965076447, 0.02834010124206543, 0.003530313028022647, -0.0615740530192852, 0.05911579728126526, 0.9479015469551086, 0.09299378842115402, 1.349279761314392, 1.079972505569458, -0.7561654448509216, -0.12043406814336777, -1.1422115564346313, 0.3102277517318725]
pred step=289 action=[[-0.013237185776233673, 0.0355563759803772, 0.028675436973571777, -0.010057255625724792, -0.068174809217453, 0.06383243203163147, 0.941331684589386, 0.08939440548419952, 1.3521126508712769, 1.0671314001083374, -0.7441509366035461, -0.11511698365211487, -1.1563105583190918, 0.2831825613975525]] left_gripper=0.941331684589386 right_gripper=0.2831825613975525
update step=290 qpos=[-0.01280936412513256, 0.034180283546447754, 0.028470443561673164, -0.008384346030652523, -0.06733112782239914, 0.06323187798261642, 0.941331684589386, 0.08978071063756943, 1.352156639099121, 1.068366527557373, -0.7457503080368042, -0.11577755957841873, -1.154510498046875, 0.2831825613975525]
pred step=290 action=[[-0.013312146067619324, 0.022350013256072998, 0.017583608627319336, 0.009191393852233887, -0.05816018581390381, 0.06818243861198425, 0.9486480355262756, 0.09778569638729095, 1.3284531831741333, 1.0450382232666016, -0.6693750619888306, -0.1390763819217682, -1.072148084640503, 0.3149021863937378]] left_gripper=0.9486480355262756 right_gripper=0.3149021863937378
update step=291 qpos=[-0.013273170217871666, 0.02372315339744091, 0.018956588581204414, 0.006964823696762323, -0.059318605810403824, 0.06755168735980988, 0.9486480355262756, 0.09695660322904587, 1.3311200141906738, 1.0482356548309326, -0.679007351398468, -0.136135995388031, -1.0826568603515625, 0.3149021863937378]
pred step=291 action=[[-0.01527230441570282, 0.03726869821548462, 0.025616765022277832, -0.0036999136209487915, -0.055782467126846313, 0.0600602924823761, 0.9434746503829956, 0.10000669956207275, 1.305931806564331, 1.0041519403457642, -0.6222488284111023, -0.16192102432250977, -1.0249751806259155, 0.3162124454975128]] left_gripper=0.9434746503829956 right_gripper=0.3162124454975128
update step=292 qpos=[-0.015044149942696095, 0.03567219898104668, 0.02480114996433258, -0.002345733344554901, -0.056225214153528214, 0.06101641058921814, 0.9434746503829956, 0.09972190856933594, 1.3090708255767822, 1.009305477142334, -0.6295889616012573, -0.15865401923656464, -1.0323333740234375, 0.3162124454975128]
pred step=292 action=[[-0.013735324144363403, 0.04481363296508789, 0.03905439376831055, -0.019855692982673645, -0.05532291531562805, 0.08306306600570679, 0.9399726986885071, 0.09431885182857513, 1.2770012617111206, 1.0116353034973145, -0.6397089958190918, -0.15447914600372314, -1.0493413209915161, 0.3220505714416504]] left_gripper=0.9399726986885071 right_gripper=0.3220505714416504
update step=293 qpos=[-0.01389436423778534, 0.04371797293424606, 0.03740813955664635, -0.0175953209400177, -0.055436670780181885, 0.0802517905831337, 0.9399726986885071, 0.09490004926919937, 1.2804369926452637, 1.0115138292312622, -0.6384344696998596, -0.1550067514181137, -1.0471687316894531, 0.3220505714416504]
pred step=293 action=[[-0.014926619827747345, 0.0474589467048645, 0.0372467041015625, -0.018361903727054596, -0.04921957850456238, 0.08157789707183838, 0.9420077204704285, 0.0944075733423233, 1.2567933797836304, 0.9673659205436707, -0.6070470809936523, -0.14910869300365448, -1.0211513042449951, 0.3557918667793274]] left_gripper=0.9420077204704285 right_gripper=0.3557918667793274
update step=294 qpos=[-0.014818328432738781, 0.04704379290342331, 0.037199825048446655, -0.018287137150764465, -0.050002794712781906, 0.08141053467988968, 0.9420077204704285, 0.0944434329867363, 1.2598522901535034, 0.9722681045532227, -0.6112467646598816, -0.14985065162181854, -1.024474859237671, 0.3557918667793274]
pred step=294 action=[[-0.012874819338321686, 0.05215609073638916, 0.044962078332901, -0.02319107949733734, -0.06094440817832947, 0.09540578722953796, 0.9383978843688965, 0.09173569083213806, 1.2269275188446045, 0.9435019493103027, -0.5475576519966125, -0.178824320435524, -0.9723454713821411, 0.345746785402298]] left_gripper=0.9383978843688965 right_gripper=0.345746785402298
update step=295 qpos=[-0.013082744553685188, 0.051530029624700546, 0.04410089552402496, -0.02253880724310875, -0.059563249349594116, 0.09362052381038666, 0.9383978843688965, 0.09209635853767395, 1.2305644750595093, 0.9472850561141968, -0.5556372404098511, -0.17514458298683167, -0.9789953231811523, 0.345746785402298]
pred step=295 action=[[-0.01779717206954956, 0.06336343288421631, 0.045303523540496826, -0.015760846436023712, -0.03611630201339722, 0.10374230146408081, 0.9453363418579102, 0.09490874409675598, 1.183768630027771, 0.9226142764091492, -0.4869074821472168, -0.17599833011627197, -0.927335262298584, 0.3778654932975769]] left_gripper=0.9453363418579102 right_gripper=0.3778654932975769
update step=296 qpos=[-0.017293356359004974, 0.06197887659072876, 0.04513396695256233, -0.016636259853839874, -0.03906969353556633, 0.10245446860790253, 0.9453363418579102, 0.09458978474140167, 1.1891911029815674, 0.9257528185844421, -0.4956592619419098, -0.17589762806892395, -0.9339250922203064, 0.3778654932975769]
pred step=296 action=[[-0.01866111159324646, 0.06980717182159424, 0.05787530541419983, -0.021722495555877686, -0.04037526249885559, 0.11557593941688538, 0.94889235496521, 0.09530678391456604, 1.1631920337677002, 0.9105159044265747, -0.47527241706848145, -0.18328605592250824, -0.9246418476104736, 0.3808813691139221]] left_gripper=0.94889235496521 right_gripper=0.3808813691139221
update step=297 qpos=[-0.01850142888724804, 0.06884635239839554, 0.05646797642111778, -0.021025577560067177, -0.040204208344221115, 0.11390342563390732, 0.94889235496521, 0.09524600952863693, 1.1663919687271118, 0.9121178388595581, -0.47796815633773804, -0.1823527067899704, -0.9258259534835815, 0.3808813691139221]
pred step=297 action=[[-0.024649903178215027, 0.09444433450698853, 0.06492879986763, -0.0326044037938118, -0.027430623769760132, 0.11089065670967102, 0.9305182695388794, 0.10424922406673431, 1.0991771221160889, 0.848129153251648, -0.40303540229797363, -0.1815101057291031, -0.8375071287155151, 0.3737312853336334]] left_gripper=0.9305182695388794 right_gripper=0.3737312853336334
update step=298 qpos=[-0.02395441010594368, 0.09147396683692932, 0.06379267573356628, -0.031169496476650238, -0.029032286256551743, 0.11127736419439316, 0.9305182695388794, 0.10323835164308548, 1.1068514585494995, 0.8558264374732971, -0.4127328395843506, -0.18164680898189545, -0.8487802147865295, 0.3737312853336334]
pred step=298 action=[[-0.016499601304531097, 0.11189645528793335, 0.0807502269744873, -0.049570657312870026, -0.032298505306243896, 0.15945519506931305, 0.917864203453064, 0.08924524486064911, 1.0193779468536377, 0.7987352013587952, -0.3494979739189148, -0.16101180016994476, -0.793869137763977, 0.4379062354564667]] left_gripper=0.917864203453064 right_gripper=0.4379062354564667
update step=299 qpos=[-0.017376264557242393, 0.10947064310312271, 0.07878699153661728, -0.04719743877649307, -0.03189391270279884, 0.15331122279167175, 0.917864203453064, 0.09074091911315918, 1.0292389392852783, 0.8057097792625427, -0.3576691448688507, -0.16359955072402954, -0.8008713126182556, 0.4379062354564667]
pred step=299 action=[[-0.021503247320652008, 0.12874901294708252, 0.07936370372772217, -0.039490945637226105, -0.03003641963005066, 0.16295814514160156, 0.9243904948234558, 0.1054234728217125, 0.9406273365020752, 0.6826395988464355, -0.2207762598991394, -0.2036905735731125, -0.6694809198379517, 0.458581805229187]] left_gripper=0.9243904948234558 right_gripper=0.458581805229187
