policy_step,act_chunk_number,act_chunk_index,act_chunk_refresh,act_action_14d,left_arm_joints,left_gripper,right_arm_joints,right_gripper,left_end_effector_pose,right_end_effector_pose,coin_position,coin_orientation_wxyz,coin_z_delta,reward,score,success,episode_ended,max_internal_tracking_error
1,0,0,True,"[-0.0017703622579574585,-0.11262333393096924,-0.06701314449310303,-0.009568989276885986,-0.037526220083236694,-0.04491487145423889,1.0253567695617676,0.06521230936050415,0.011757075786590576,0.005098402500152588,-0.03001190349459648,0.048197031021118164,-0.01267176866531372,0.9779954552650452]","[-0.0014747407985851169,-0.09821974486112595,-0.03597745671868324,-0.008799172937870026,-0.03278867527842522,-0.0391903892159462]",0.0439990870654583,"[0.057458579540252686,0.010428273119032383,0.004320732317864895,-0.026242977008223534,0.041972193866968155,-0.011060128919780254]",0.043502625077962875,"[-0.3003374934196472,-0.35513851046562195,0.9159074425697327,0.6958227753639221,0.004936395213007927,-0.03327445313334465,0.7174252867698669]","[0.2960563600063324,-0.3520886301994324,0.9196286797523499,0.7013338804244995,-0.01587158627808094,0.006912166718393564,0.7126226425170898]","[-0.048490796238183975,-0.09682101011276245,0.7814736366271973]","[0.10407550632953644,0.13759879767894745,0.6830498576164246,0.7097026109695435]",0.0,0.0,0.0,False,False,0.031035687774419785
2,0,1,False,"[-0.0013809502124786377,-0.12045753002166748,-0.06761938333511353,-0.01014949381351471,-0.0397016704082489,-0.04322722554206848,1.0291028022766113,0.06504885107278824,0.0029330849647521973,0.0047637224197387695,-0.026681136339902878,0.049191683530807495,-0.014776557683944702,0.9823222160339355]","[-0.0013743574963882565,-0.11750205606222153,-0.03583367541432381,-0.009946673177182674,-0.03883158788084984,-0.04271534085273743]",0.04399922862648964,"[0.06415296345949173,0.0037890314124524593,0.004807499703019857,-0.02659434638917446,0.048265427350997925,-0.014303666539490223]",0.04334571957588196,"[-0.30052298307418823,-0.3561342656612396,0.9172787666320801,0.693557858467102,0.010031936690211296,-0.041220422834157944,0.7191506624221802]","[0.2956081032752991,-0.3525009751319885,0.9202777147293091,0.7012162804603577,-0.014552559703588486,0.003420860506594181,0.7127917408943176]","[-0.04849079251289368,-0.09682101756334305,0.7814736366271973]","[0.10407550632953644,0.13759879767894745,0.6830496788024902,0.709702730178833]",0.0,0.0,0.0,False,False,0.03178570792078972
3,0,2,False,"[-0.0006723925471305847,-0.11638599634170532,-0.062284648418426514,-0.013862468302249908,-0.039730727672576904,-0.0352022647857666,1.032944917678833,0.06676051765680313,0.020827174186706543,0.01907891035079956,-0.036453910171985626,0.05500084161758423,-0.026060909032821655,0.9810959100723267]","[-0.0007519721402786672,-0.11744992434978485,-0.03593533858656883,-0.013440676033496857,-0.03961790353059769,-0.03616054356098175]",0.04399999976158142,"[0.06644386053085327,0.018796207383275032,0.017415599897503853,-0.035174641758203506,0.05414291098713875,-0.0245621670037508]",0.04320022836327553,"[-0.3006040155887604,-0.3561008870601654,0.9169037342071533,0.6930356621742249,0.011048789136111736,-0.03756092116236687,0.719839334487915]","[0.29554519057273865,-0.3523629605770111,0.9225910305976868,0.7022985816001892,-0.02230706438422203,0.003381474409252405,0.7115248441696167]","[-0.048490796238183975,-0.09682101756334305,0.7814736366271973]","[0.10407548397779465,0.137598916888237,0.6830494403839111,0.7097029089927673]",0.0,0.0,0.0,False,False,0.026360023766756058
4,0,3,False,"[-0.0018020346760749817,-0.1192886233329773,-0.05863392353057861,-0.011796042323112488,-0.04255717992782593,-0.02842557430267334,1.031847596168518,0.06942000240087509,0.03133571147918701,0.026544809341430664,-0.0386294424533844,0.051937997341156006,-0.033275753259658813,0.9931378364562988]","[-0.0016714292578399181,-0.1188872903585434,-0.03595932945609093,-0.011989740654826164,-0.042182806879282,-0.029411496594548225]",0.04399999976158142,"[0.06907737255096436,0.02985471300780773,0.02546335756778717,-0.03818053379654884,0.05220968648791313,-0.0321660079061985]",0.04336874932050705,"[-0.3005920350551605,-0.35618501901626587,0.9171416163444519,0.692380964756012,0.014343549497425556,-0.03621411696076393,0.7204799056053162]","[0.2952173352241516,-0.35216206312179565,0.9241902232170105,0.7005046606063843,-0.02720591239631176,0.002639890881255269,0.71312415599823]","[-0.048490796238183975,-0.09682101756334305,0.7814736366271973]","[0.10407538712024689,0.13759900629520416,0.6830495595932007,0.7097028493881226]",0.0,0.0,0.0,False,False,0.022680148482322693
5,0,4,False,"[-0.004745915532112122,-0.10847622156143188,-0.047784626483917236,-0.008335970342159271,-0.034938931465148926,-0.024333477020263672,1.0362236499786377,0.07478184998035431,0.07132565975189209,0.05377984046936035,-0.0590023472905159,0.04866605997085571,-0.06176254153251648,0.999444842338562]","[-0.004398987628519535,-0.11018577963113785,-0.035952575504779816,-0.00882093608379364,-0.03584776446223259,-0.02497972920536995]",0.04399366304278374,"[0.07412634044885635,0.06640655547380447,0.05045907944440842,-0.05631428211927414,0.04909783974289894,-0.05799093097448349]",0.04361770674586296,"[-0.30015113949775696,-0.35575100779533386,0.9168057441711426,0.6956491470336914,0.013969124294817448,-0.03254375234246254,0.7175081372261047]","[0.29456502199172974,-0.3512742519378662,0.9281249642372131,0.6965606212615967,-0.047285232692956924,0.003163253888487816,0.7159310579299927]","[-0.048490796238183975,-0.09682101011276245,0.7814736366271973]","[0.10407568514347076,0.13759863376617432,0.6830497980117798,0.7097026705741882]",0.0,0.0,0.0,False,False,0.011833097785711288
6,0,5,False,"[-0.0025401711463928223,-0.09995847940444946,-0.039351046085357666,-0.01175813376903534,-0.029226243495941162,-0.015193670988082886,1.0437519550323486,0.08228911459445953,0.08256685733795166,0.0790557861328125,-0.0773576945066452,0.05546027421951294,-0.08650912344455719,1.0025192499160767]","[-0.002773912390694022,-0.10127469897270203,-0.036012470722198486,-0.011429419741034508,-0.030064933001995087,-0.01644071936607361]",0.04399048537015915,"[0.08132467418909073,0.08062510937452316,0.07577180117368698,-0.07460536062717438,0.0546354278922081,-0.08287544548511505]",0.043782614171504974,"[-0.3001358211040497,-0.35527345538139343,0.9158703684806824,0.6971617937088013,0.012988146394491196,-0.025227151811122894,0.7163520455360413]","[0.29404503107070923,-0.35167989134788513,0.9339001178741455,0.6951113343238831,-0.058778420090675354,-0.0035757243167608976,0.7164862155914307]","[-0.04849079251289368,-0.09682101011276245,0.7814736366271973]","[0.10407553613185883,0.13759879767894745,0.6830498576164246,0.7097026109695435]",0.0,0.0,0.0,False,False,0.005981042981147766
7,0,6,False,"[-0.0030075833201408386,-0.08865678310394287,-0.0296819806098938,-0.009578146040439606,-0.01863202452659607,-0.00354081392288208,1.0417555570602417,0.08633477240800858,0.13849520683288574,0.12598785758018494,-0.11042987555265427,0.06431570649147034,-0.12760193645954132,1.0152332782745361]","[-0.003004750469699502,-0.09017592668533325,-0.030367908999323845,-0.009791893884539604,-0.020074496045708656,-0.005184190813452005]",0.043994009494781494,"[0.08573835343122482,0.13164468109607697,0.12009447813034058,-0.10578858852386475,0.06307508796453476,-0.12190176546573639]",0.04388566315174103,"[-0.29982441663742065,-0.3551395535469055,0.917104184627533,0.7007619738578796,0.01566264033317566,-0.019729821011424065,0.7129501700401306]","[0.2937327027320862,-0.35027703642845154,0.9420064687728882,0.69373619556427,-0.08685394376516342,-0.005301578901708126,0.7149533629417419]","[-0.048490796238183975,-0.09682101756334305,0.7814736366271973]","[0.10407549887895584,0.13759887218475342,0.6830494999885559,0.7097029089927673]",0.0,0.0,0.0,False,False,0.01147519052028656
8,0,7,False,"[-0.0017258822917938232,-0.09047842025756836,-0.03315383195877075,-0.016163550317287445,-0.022966504096984863,0.004194676876068115,1.0431201457977295,0.09415803849697113,0.18095892667770386,0.15501868724822998,-0.13206768035888672,0.0746239721775055,-0.1554463803768158,1.0103826522827148]","[-0.0018717206548899412,-0.0904064029455185,-0.032917674630880356,-0.015385701321065426,-0.022601580247282982,0.002999315271154046]",0.043989427387714386,"[0.09315559267997742,0.17518725991249084,0.1508205384016037,-0.12869799137115479,0.073140949010849,-0.15117321908473969]",0.043935008347034454,"[-0.300004780292511,-0.3549371659755707,0.9157196283340454,0.6994538307189941,0.015752578154206276,-0.013992280699312687,0.714367151260376]","[0.2931023836135864,-0.3483748137950897,0.9467954635620117,0.6914381980895996,-0.11090490967035294,-0.004541695583611727,0.7138575315475464]","[-0.048490796238183975,-0.09682101756334305,0.7814736366271973]","[0.10407542437314987,0.13759899139404297,0.6830494999885559,0.7097028493881226]",0.0,0.0,0.0,False,False,0.009770512580871582
9,0,8,False,"[-0.005507074296474457,-0.0842968225479126,-0.024145424365997314,-0.003381773829460144,-0.015790075063705444,-0.004248321056365967,1.0418448448181152,0.09869855642318726,0.20531201362609863,0.1758510172367096,-0.13833844661712646,0.05231902003288269,-0.17784029245376587,1.0207252502441406]","[-0.005092589650303125,-0.08509135991334915,-0.02499021403491497,-0.004839607048779726,-0.016644727438688278,-0.0033231135457754135]",0.04399316757917404,"[0.09810078144073486,0.20176199078559875,0.17294764518737793,-0.13705843687057495,0.05493594706058502,-0.1744442582130432]",0.04396317899227142,"[-0.2995278537273407,-0.35530364513397217,0.9190186858177185,0.7026661038398743,0.018157368525862694,-0.020924987271428108,0.7109800577163696]","[0.29194176197052,-0.3470973074436188,0.9513635039329529,0.6810973882675171,-0.12269023060798645,-0.008991023525595665,0.721784234046936]","[-0.048490796238183975,-0.09682101756334305,0.7814736366271973]","[0.10407539457082748,0.13759911060333252,0.683049738407135,0.7097026109695435]",0.0,0.0,0.0,False,False,0.005954265594482422
10,0,9,False,"[-0.005073130130767822,-0.062710702419281,-0.01882457733154297,-0.01207210123538971,-0.011206448078155518,0.018132418394088745,1.0387381315231323,0.10580618679523468,0.2979298233985901,0.250713974237442,-0.188370943069458,0.07140350341796875,-0.24723771214485168,1.0084075927734375]","[-0.005089486483484507,-0.06531579047441483,-0.01969108171761036,-0.011193857528269291,-0.011890426278114319,0.015397089533507824]",0.04399057850241661,"[0.10488839447498322,0.28655868768692017,0.2417190968990326,-0.18165837228298187,0.06929323077201843,-0.2379591166973114]",0.04399818181991577,"[-0.29938721656799316,-0.35460731387138367,0.9187135696411133,0.7043726444244385,0.017493750900030136,-0.006811320781707764,0.7095819711685181]","[0.29113173484802246,-0.3421432375907898,0.9633820056915283,0.6747021675109863,-0.16783958673477173,-0.012750239111483097,0.7186404466629028]","[-0.048490796238183975,-0.09682101756334305,0.7814736366271973]","[0.10407542437314987,0.13759902119636536,0.6830494403839111,0.7097029089927673]",0.0,0.0,0.0,False,False,0.019175976514816284
11,0,10,False,"[-0.0033119916915893555,-0.06945568323135376,-0.013446569442749023,-0.0038077980279922485,-0.002380549907684326,0.02294015884399414,1.0394761562347412,0.11775345355272293,0.35818588733673096,0.31382596492767334,-0.2337692379951477,0.07456544041633606,-0.3142856955528259,1.0518425703048706]","[-0.003541684476658702,-0.06901969760656357,-0.014018652029335499,-0.004684289917349815,-0.0035847309045493603,0.021979887038469315]",0.04399309679865837,"[0.11625698953866959,0.34978386759757996,0.30539289116859436,-0.22698159515857697,0.07386140525341034,-0.30456048250198364]",0.04399999976158142,"[-0.29929640889167786,-0.35524484515190125,0.9215405583381653,0.7065235376358032,0.025493042543530464,-0.010077549144625664,0.7071583867073059]","[0.2895578444004059,-0.3381405174732208,0.9751443266868591,0.6617364883422852,-0.20708724856376648,-0.0233937855809927,0.720189094543457]","[-0.04849079251289368,-0.09682101756334305,0.7814736366271973]","[0.10407541692256927,0.13759896159172058,0.6830494403839111,0.7097029685974121]",0.0,0.0,0.0,False,False,0.015228271484375
12,0,11,False,"[-0.010218881070613861,-0.054342567920684814,-0.014643251895904541,0.0027658790349960327,-0.005251467227935791,0.031150013208389282,1.0404152870178223,0.13089138269424438,0.48290860652923584,0.3896392583847046,-0.30003446340560913,0.06764116883277893,-0.3986504375934601,1.0527410507202148]","[-0.009431135840713978,-0.05604800209403038,-0.014666012488305569,0.001779713318683207,-0.0050257788971066475,0.029981795698404312]",0.04399503022432327,"[0.12922365963459015,0.46745064854621887,0.3796170949935913,-0.2905910611152649,0.0683811753988266,-0.3866629898548126]",0.04399999976158142,"[-0.2987734079360962,-0.3545096218585968,0.9209712743759155,0.7080841660499573,0.02576765976846218,-0.004789373371750116,0.7056413292884827]","[0.2865603566169739,-0.3276256322860718,0.9830524325370789,0.6324449181556702,-0.2720647156238556,-0.020461436361074448,0.7249658107757568]","[-0.048490796238183975,-0.09682101756334305,0.7814736366271973]","[0.10407549887895584,0.13759887218475342,0.6830494999885559,0.7097029089927673]",0.0,0.0,0.0,False,False,0.02665892243385315
13,0,12,False,"[-0.007921673357486725,-0.052623450756073,-0.013549745082855225,-0.006960049271583557,-0.005393624305725098,0.028158962726593018,1.0505503416061401,0.13292217254638672,0.550915002822876,0.47830861806869507,-0.3599674105644226,0.08374965190887451,-0.47021862864494324,1.0362319946289062]","[-0.008099067024886608,-0.05301683023571968,-0.013710999861359596,-0.005857023876160383,-0.0053502838127315044,0.028391679748892784]",0.04399144649505615,"[0.13248653709888458,0.5410281419754028,0.46705135703086853,-0.3508099317550659,0.08178814500570297,-0.45956897735595703]",0.043977223336696625,"[-0.2989090085029602,-0.3543790578842163,0.9203281998634338,0.7076340317726135,0.021794594824314117,-0.001877894508652389,0.7062403559684753]","[0.2856040894985199,-0.320575475692749,0.9993908405303955,0.6182786822319031,-0.31321948766708374,-0.0326361358165741,0.7201109528541565]","[-0.048490796238183975,-0.09682101756334305,0.7814736366271973]","[0.1040755957365036,0.13759873807430267,0.6830495595932007,0.7097029089927673]",0.0,0.0,0.0,False,False,0.020323246717453003
14,0,13,False,"[-0.004411131143569946,-0.045113325119018555,-0.00195235013961792,-0.003598034381866455,0.008193552494049072,0.02688777446746826,1.039052963256836,0.14565767347812653,0.6419511437416077,0.5379400253295898,-0.42081087827682495,0.08169004321098328,-0.5616872906684875,1.0641087293624878]","[-0.0048717595636844635,-0.04610350728034973,-0.003195749595761299,-0.0038248123601078987,0.006474067457020283,0.027079880237579346]",0.04399644583463669,"[0.14415358006954193,0.6304303407669067,0.5293185114860535,-0.41179192066192627,0.08165869861841202,-0.5486760139465332]",0.04399999976158142,"[-0.2988768219947815,-0.3547256588935852,0.9235690236091614,0.7106121778488159,0.02345367893576622,-0.0042836302891373634,0.7031797170639038]","[0.28263306617736816,-0.310727596282959,1.0047053098678589,0.5836488008499146,-0.3704153895378113,-0.03895219415426254,0.7215463519096375]","[-0.048490796238183975,-0.09682101756334305,0.7814736366271973]","[0.1040753498673439,0.1375988870859146,0.6830496191978455,0.7097027897834778]",0.0,0.0,0.0,False,False,0.020375490188598633
15,0,14,False,"[-0.006239883601665497,-0.046174049377441406,0.0012021660804748535,-0.0056285858154296875,0.006962865591049194,0.015245914459228516,1.025575876235962,0.14193440973758698,0.6893707513809204,0.5775624513626099,-0.44313183426856995,0.07444393634796143,-0.6062129735946655,1.0683501958847046]","[-0.0060782479122281075,-0.046152807772159576,0.0006509772501885891,-0.005398410838097334,0.006903231143951416,0.016754765063524246]",0.043995849788188934,"[0.1422351747751236,0.6825156211853027,0.5720161199569702,-0.43897169828414917,0.07535579800605774,-0.5988812446594238]",0.04398885741829872,"[-0.29875099658966064,-0.3549964129924774,0.9247240424156189,0.711275041103363,0.020605474710464478,-0.00874446053057909,0.7025572657585144]","[0.28174102306365967,-0.3038962185382843,1.0102009773254395,0.5656911134719849,-0.39604800939559937,-0.045113030821084976,0.7218754291534424]","[-0.04849079251289368,-0.09682101011276245,0.7814736366271973]","[0.1040753573179245,0.1375988870859146,0.6830496788024902,0.7097027897834778]",0.0,0.0,0.0,False,False,0.011831820011138916
16,0,15,False,"[-0.011251784861087799,-0.038685619831085205,-0.0035247802734375,-0.003789380192756653,-0.0011060833930969238,0.018249183893203735,1.0435850620269775,0.150954931974411,0.7784293293952942,0.6513360142707825,-0.49097785353660583,0.07393792271614075,-0.6718738079071045,1.0341527462005615]","[-0.010627423413097858,-0.03953252360224724,-0.0031327027827501297,-0.004037169273942709,-8.331056596944109e-05,0.0180580485612154]",0.043997325003147125,"[0.1499708890914917,0.767320454120636,0.6421400904655457,-0.48407626152038574,0.07409226149320602,-0.6625701785087585]",0.04398825764656067,"[-0.29851439595222473,-0.35435476899147034,0.9230740666389465,0.7104938626289368,0.017797430977225304,-0.005149475764483213,0.7034593224525452]","[0.27876779437065125,-0.29210883378982544,1.0184519290924072,0.5368462800979614,-0.4326367974281311,-0.05075501278042793,0.7225270867347717]","[-0.04849079251289368,-0.09682101011276245,0.7814736366271973]","[0.10407545417547226,0.137598916888237,0.683049738407135,0.7097026705741882]",0.0,0.0,0.0,False,False,0.019297897815704346
17,0,16,False,"[-0.005742743611335754,-0.037912607192993164,0.006078600883483887,-0.011162899434566498,0.0037878453731536865,0.024402737617492676,1.0293536186218262,0.14953044056892395,0.8289967179298401,0.6911153197288513,-0.5279461145401001,0.08632397651672363,-0.7301120162010193,1.0406101942062378]","[-0.0063261790201067924,-0.03814447298645973,0.005099581088870764,-0.010207218118011951,0.003289093030616641,0.023593652993440628]",0.043995991349220276,"[0.14957605302333832,0.8219230771064758,0.685315728187561,-0.5222187638282776,0.08477053046226501,-0.7215033173561096]",0.0439867228269577,"[-0.29883092641830444,-0.354816198348999,0.9251654148101807,0.7101079821586609,0.020041676238179207,-0.003393404185771942,0.7037992477416992]","[0.2779853641986847,-0.2844426929950714,1.0218470096588135,0.5156762003898621,-0.4659580588340759,-0.05624081939458847,0.7167969942092896]","[-0.04849079251289368,-0.09682101756334305,0.7814736366271973]","[0.1040758565068245,0.13759857416152954,0.6830498576164246,0.7097025513648987]",0.0,0.0,0.0,False,False,0.013475298881530762
18,0,17,False,"[-0.011992834508419037,-0.03490418195724487,0.015420317649841309,0.001891210675239563,0.006010115146636963,0.013591766357421875,1.0237758159637451,0.166961207985878,0.9436982870101929,0.7786847352981567,-0.5872624516487122,0.07782784104347229,-0.8210525512695312,0.9947848320007324]","[-0.011330651119351387,-0.0353366918861866,0.01433839462697506,0.0004115812771487981,0.005676472559571266,0.0148679343983531]",0.04399381950497627,"[0.16500110924243927,0.9296135902404785,0.7678972482681274,-0.5786012411117554,0.07866552472114563,-0.8083639144897461]",0.04392797127366066,"[-0.29829129576683044,-0.3553529381752014,0.9291106462478638,0.7126137018203735,0.022957023233175278,-0.01254223007708788,0.701068639755249]","[0.2724230885505676,-0.267821341753006,1.0277220010757446,0.4671888053417206,-0.5098422169685364,-0.06540336459875107,0.7193871140480042]","[-0.04849079251289368,-0.09682101011276245,0.7814736366271973]","[0.10407528281211853,0.13759897649288177,0.683049738407135,0.709702730178833]",0.0,0.0,0.0,False,False,0.024714171886444092
19,0,18,False,"[-0.005929417908191681,-0.026996374130249023,0.017883658409118652,0.0003046989440917969,0.005797088146209717,0.022220373153686523,1.0216366052627563,0.16511598229408264,0.9511739611625671,0.8153771162033081,-0.600944459438324,0.0881589949131012,-0.8504551649093628,0.9482492208480835]","[-0.006566067226231098,-0.027949273586273193,0.01737409271299839,0.00029525801073759794,0.005772287491708994,0.0212820153683424]",0.043987929821014404,"[0.16509786248207092,0.9484706521034241,0.8101213574409485,-0.597881019115448,0.0869569256901741,-0.8450901508331299]",0.04287384822964668,"[-0.29873791337013245,-0.3550927937030792,0.9295749664306641,0.7109526991844177,0.023689402267336845,-0.008653356693685055,0.702787458896637]","[0.27201080322265625,-0.26400652527809143,1.0368233919143677,0.4610033631324768,-0.519168496131897,-0.0799197405576706,0.7152291536331177]","[-0.048490796238183975,-0.09682101756334305,0.7814736366271973]","[0.10407546162605286,0.13759878277778625,0.683049738407135,0.7097026705741882]",0.0,0.0,0.0,False,False,0.010238707065582275
20,0,19,False,"[-0.01026412844657898,-0.03582531213760376,0.007956922054290771,0.015924856066703796,0.010052353143692017,0.003290027379989624,1.0047471523284912,0.17178437113761902,0.9393773078918457,0.7915495038032532,-0.5898919701576233,0.08025413751602173,-0.8411449193954468,0.9302128553390503]","[-0.009835327975451946,-0.034892719238996506,0.009079295210540295,0.013925475999712944,0.009516477584838867,0.005584881640970707]",0.0439944826066494,"[0.17103450000286102,0.9406291246414185,0.7934765219688416,-0.5910320281982422,0.08108434826135635,-0.8416536450386047]",0.041720133274793625,"[-0.29831841588020325,-0.35501283407211304,0.9286012649536133,0.7134507894515991,0.022458966821432114,-0.018512113019824028,0.7001005411148071]","[0.2710151672363281,-0.26579368114471436,1.0332555770874023,0.45767852663993835,-0.5172855257987976,-0.07960601896047592,0.7187550067901611]","[-0.048490796238183975,-0.09682101756334305,0.7814736366271973]","[0.10407561808824539,0.13759879767894745,0.6830496788024902,0.709702730178833]",0.0,0.0,0.0,False,False,0.005301296710968018
21,0,20,False,"[-0.011979617178440094,-0.04598665237426758,-0.009309232234954834,0.015214115381240845,-0.0027118921279907227,-0.002936631441116333,0.988021731376648,0.16014766693115234,0.9632290005683899,0.7737269401550293,-0.5970476865768433,0.06887874007225037,-0.8583709001541138,0.9077123403549194]","[-0.011702359654009342,-0.0446154847741127,-0.007291867863386869,0.014975694939494133,-0.001162802567705512,-0.0018516735872253776]",0.04373040795326233,"[0.16142921149730682,0.9608250260353088,0.7758098840713501,-0.5963698625564575,0.07044729590415955,-0.8562390804290771]",0.040601033717393875,"[-0.2984437942504883,-0.3544413447380066,0.9238836765289307,0.710490882396698,0.017714163288474083,-0.019255321472883224,0.7032198309898376]","[0.27215439081192017,-0.2635611295700073,1.0238134860992432,0.44306206703186035,-0.5304846167564392,-0.06858581304550171,0.7194289565086365]","[-0.04849079251289368,-0.09682101756334305,0.7814736366271973]","[0.10407541692256927,0.1375989019870758,0.683049738407135,0.709702730178833]",0.0,0.0,0.0,False,False,0.005361616611480713
22,0,21,False,"[-0.015504986047744751,-0.028710782527923584,0.0030860304832458496,0.018700435757637024,0.008834689855575562,0.0019572973251342773,0.9813293814659119,0.17152340710163116,1.0969977378845215,0.8741960525512695,-0.657237708568573,0.07452607154846191,-0.9704083204269409,0.7902340888977051]","[-0.015079069882631302,-0.03066999465227127,0.002053641015663743,0.01829243078827858,0.0075783864594995975,0.001472219591960311]",0.04344011843204498,"[0.1703886091709137,1.0810763835906982,0.8630949258804321,-0.6489724516868591,0.07398916035890579,-0.9558460712432861]",0.0375191755592823,"[-0.297865629196167,-0.35428693890571594,0.926321268081665,0.7147202491760254,0.018495969474315643,-0.017585044726729393,0.6989445686340332]","[0.26698988676071167,-0.24293701350688934,1.026502013206482,0.3893471360206604,-0.5744738578796387,-0.07949231564998627,0.7155903577804565]","[-0.048490799963474274,-0.09682101756334305,0.7814736366271973]","[0.10407525300979614,0.13759925961494446,0.6830494999885559,0.7097029089927673]",0.0,0.0,0.0,False,False,0.027952909469604492
23,0,22,False,"[-0.015384092926979065,-0.0295792818069458,-0.011859655380249023,0.012516498565673828,0.003913462162017822,0.007797837257385254,0.9700058698654175,0.16719162464141846,1.1344921588897705,0.881230890750885,-0.6914805173873901,0.09070262312889099,-1.0032657384872437,0.7961664199829102]","[-0.015342003665864468,-0.029608920216560364,-0.010472787544131279,0.013147251680493355,0.004378775134682655,0.006991344038397074]",0.04300196096301079,"[0.16752289235591888,1.1283454895019531,0.8790324330329895,-0.6860047578811646,0.08859075605869293,-0.9972237348556519]",0.03561637923121452,"[-0.2979193925857544,-0.3533717095851898,0.9214834570884705,0.7138018012046814,0.013847650028765202,-0.009026532992720604,0.7001526355743408]","[0.26701679825782776,-0.23697717487812042,1.020164132118225,0.3612707257270813,-0.60309237241745,-0.07169276475906372,0.7075471878051758]","[-0.04849079251289368,-0.09682101011276245,0.7814736366271973]","[0.10407571494579315,0.13759857416152954,0.6830498576164246,0.7097025513648987]",0.0,0.0,0.0,False,False,0.011146783828735352
24,0,23,False,"[-0.013072922825813293,-0.020326852798461914,0.009368956089019775,0.021396681666374207,0.004913300275802612,0.008253931999206543,0.9722182154655457,0.16854217648506165,1.1356990337371826,0.9159502983093262,-0.6962494850158691,0.09492480754852295,-1.0280646085739136,0.6787452697753906]","[-0.013340906240046024,-0.021565059199929237,0.007402229122817516,0.02049015648663044,0.004841054789721966,0.008093061856925488]",0.04279625415802002,"[0.1684231013059616,1.1344630718231201,0.9120994806289673,-0.6947211027145386,0.09412509202957153,-1.0241296291351318]",0.032081540673971176,"[-0.298108845949173,-0.354098379611969,0.9276602864265442,0.7131056189537048,0.020297806710004807,-0.014720622450113297,0.7006080746650696]","[0.2664894461631775,-0.2340860217809677,1.0286930799484253,0.3596014082431793,-0.6051267385482788,-0.08730617165565491,0.7049014568328857]","[-0.048490796238183975,-0.09682101756334305,0.7814736366271973]","[0.10407528281211853,0.13759905099868774,0.6830494999885559,0.7097029089927673]",0.0,0.0,0.0,False,False,0.00938427448272705
25,0,24,False,"[-0.015325576066970825,-0.026121854782104492,-0.008118212223052979,0.029042407870292664,0.00022101402282714844,0.0019896328449249268,0.9498787522315979,0.15750394761562347,1.2090842723846436,0.9143259525299072,-0.6844778060913086,0.0779789388179779,-1.0479106903076172,0.6982318162918091]","[-0.015081512741744518,-0.02548014000058174,-0.006549352779984474,0.02785039320588112,0.0008081403793767095,0.0027677633333951235]",0.04219258949160576,"[0.15878911316394806,1.2011724710464478,0.9137197732925415,-0.6857030391693115,0.08004872500896454,-1.0448757410049438]",0.030170775949954987,"[-0.2980489730834961,-0.35344234108924866,0.9239238500595093,0.7123779058456421,0.017407871782779694,-0.015682531520724297,0.7014047503471375]","[0.26637446880340576,-0.22264553606510162,1.0160505771636963,0.3363443911075592,-0.617997944355011,-0.0736566111445427,0.7067712545394897]","[-0.048490796238183975,-0.09682101756334305,0.7814736366271973]","[0.10407555103302002,0.13759882748126984,0.6830496788024902,0.709702730178833]",0.0,0.0,0.0,False,False,0.017615199089050293
26,0,25,False,"[-0.016899116337299347,-0.023298442363739014,-0.0031827688217163086,0.02458186447620392,-0.005954384803771973,0.006045788526535034,0.9512512683868408,0.1723116934299469,1.191606044769287,0.9380571246147156,-0.719541072845459,0.07626542448997498,-1.0636498928070068,0.5875254273414612]","[-0.01667245477437973,-0.023595139384269714,-0.003481560619547963,0.02503156289458275,-0.005095907486975193,0.005627274978905916]",0.04185519367456436,"[0.170820415019989,1.1920549869537354,0.9357386827468872,-0.7150976657867432,0.07671274989843369,-1.0612577199935913]",0.02682511880993843,"[-0.29806748032569885,-0.3535200357437134,0.9245516061782837,0.7108533978462219,0.01778760552406311,-0.014152377843856812,0.7029727697372437]","[0.26384109258651733,-0.22478583455085754,1.0230754613876343,0.326863169670105,-0.6188932657241821,-0.08370741456747055,0.7093126773834229]","[-0.04849079251289368,-0.09682101011276245,0.7814736366271973]","[0.10407546907663345,0.13759878277778625,0.683049738407135,0.7097026705741882]",0.0,0.0,0.0,False,False,0.007936716079711914
27,0,26,False,"[-0.02041933685541153,-0.01300269365310669,-0.0009434223175048828,0.040528520941734314,0.00021138787269592285,0.0014431476593017578,0.9422194957733154,0.15655164420604706,1.2425236701965332,0.9758645296096802,-0.7344844937324524,0.08344724774360657,-1.1016749143600464,0.55576491355896]","[-0.019989559426903725,-0.014282211661338806,-0.0011729862308129668,0.03857514262199402,-0.00045280237100087106,0.001977458829060197]",0.04146497696638107,"[0.15814867615699768,1.2369872331619263,0.9709716439247131,-0.7318668961524963,0.08262504637241364,-1.0965157747268677]",0.02405889704823494,"[-0.29760628938674927,-0.3531857132911682,0.9259321093559265,0.7136179208755493,0.01879177801311016,-0.017761990427970886,0.7000576257705688]","[0.26546359062194824,-0.21554040908813477,1.0233733654022217,0.31316113471984863,-0.632501482963562,-0.08370860666036606,0.7034662365913391]","[-0.04849079251289368,-0.09682101011276245,0.7814736366271973]","[0.1040753424167633,0.1375988870859146,0.6830497980117798,0.7097026109695435]",0.0,0.0,0.0,False,False,0.011206626892089844
28,0,27,False,"[-0.017977967858314514,-0.014649808406829834,-0.013231277465820312,0.030287116765975952,-0.006749510765075684,0.007091552019119263,0.9413748383522034,0.16331075131893158,1.290664553642273,0.9948219060897827,-0.7414620518684387,0.09379494190216064,-1.1067339181900024,0.5468593835830688]","[-0.018202507868409157,-0.01452011987566948,-0.012031521648168564,0.031252238899469376,-0.005956578068435192,0.006438728887587786]",0.04119941219687462,"[0.1627141535282135,1.2845748662948608,0.9920645952224731,-0.7400720715522766,0.09236915409564972,-1.1054301261901855]",0.02216223254799843,"[-0.2979263365268707,-0.3524893522262573,0.9215383529663086,0.7111740112304688,0.014075024053454399,-0.009807501919567585,0.7028066515922546]","[0.2632523477077484,-0.20703120529651642,1.0188106298446655,0.2994597852230072,-0.643748939037323,-0.0772024393081665,0.6999648213386536]","[-0.048490796238183975,-0.09682101756334305,0.7814736366271973]","[0.10407523065805435,0.1375991553068161,0.6830496191978455,0.7097027897834778]",0.0,0.0,0.0,False,False,0.01128995418548584
29,0,28,False,"[-0.021572023630142212,-0.014138877391815186,-0.00779193639755249,0.03676298260688782,-0.00760999321937561,-0.010619014501571655,0.9280729293823242,0.1805908977985382,1.319387674331665,1.0321470499038696,-0.7770627737045288,0.09916406869888306,-1.1456776857376099,0.48537957668304443]","[-0.021170463413000107,-0.014255786314606667,-0.008097998797893524,0.036125652492046356,-0.007396711967885494,-0.008443636819720268]",0.04076743125915527,"[0.17860136926174164,1.315124273300171,1.0276145935058594,-0.7721801996231079,0.09826424717903137,-1.1405448913574219]",0.019768165424466133,"[-0.29768362641334534,-0.3527370095252991,0.9233316779136658,0.7117503881454468,0.011730590835213661,-0.01812223717570305,0.7021006345748901]","[0.2585715651512146,-0.2021256685256958,1.020925760269165,0.2747453451156616,-0.6553428173065186,-0.08602800220251083,0.6983121633529663]","[-0.04849079251289368,-0.09682101011276245,0.7814736366271973]","[0.10407552868127823,0.13759875297546387,0.6830497980117798,0.7097026705741882]",0.0,0.0,0.0,False,False,0.008416056632995605
30,0,29,False,"[-0.020097676664590836,-0.0067261457443237305,-0.009110689163208008,0.03429067134857178,-0.008502155542373657,0.0018204748630523682,0.9344663619995117,0.16827522218227386,1.3255008459091187,1.0365434885025024,-0.7919365763664246,0.09864196181297302,-1.1583561897277832,0.49036234617233276]","[-0.020222995430231094,-0.0075816200114786625,-0.009090060368180275,0.03448837995529175,-0.008363403379917145,0.0005107704200781882]",0.04063694179058075,"[0.16940563917160034,1.3242909908294678,1.0354245901107788,-0.7894224524497986,0.09861912578344345,-1.1560852527618408]",0.01841023750603199,"[-0.2977948784828186,-0.3522864580154419,0.9223173260688782,0.7110815644264221,0.011675066314637661,-0.01164389681071043,0.702916145324707]","[0.2607365548610687,-0.2010166347026825,1.0203238725662231,0.26673221588134766,-0.6615447998046875,-0.08247283846139908,0.6959959864616394]","[-0.04849079251289368,-0.09682101756334305,0.7814736366271973]","[0.10407515615224838,0.1375991702079773,0.6830494403839111,0.7097029089927673]",0.0,0.0,0.0,False,False,0.003945827484130859
31,0,30,False,"[-0.020489688962697983,-0.016165316104888916,-0.006189167499542236,0.04033897817134857,-0.004329890012741089,-0.011877506971359253,0.9335923790931702,0.1675603687763214,1.3054124116897583,1.0295499563217163,-0.787532389163971,0.09751972556114197,-1.1561540365219116,0.4718247056007385]","[-0.020465118810534477,-0.015197285450994968,-0.006392786279320717,0.039647024124860764,-0.004840738605707884,-0.010297177359461784]",0.04054864123463631,"[0.16776904463768005,1.3074396848678589,1.0303436517715454,-0.7878066897392273,0.09766311943531036,-1.1561464071273804]",0.017230041325092316,"[-0.2976818084716797,-0.35291290283203125,0.9243263602256775,0.712371826171875,0.013245454989373684,-0.020952576771378517,0.7013642191886902]","[0.26161810755729675,-0.20391158759593964,1.0227717161178589,0.2715612053871155,-0.6587746143341064,-0.08623524010181427,0.6963001489639282]","[-0.048490796238183975,-0.09682101756334305,0.7814736366271973]","[0.10407564043998718,0.13759876787662506,0.6830495595932007,0.7097028493881226]",0.0,0.0,0.0,False,False,0.00445103645324707
32,0,31,False,"[-0.020482532680034637,-0.016844570636749268,-0.007458984851837158,0.03919023275375366,-0.013643920421600342,0.0023679733276367188,0.9384613633155823,0.1685764193534851,1.3382083177566528,1.0434025526046753,-0.7659593224525452,0.07972735166549683,-1.1595381498336792,0.4496660530567169]","[-0.020464103668928146,-0.016626184806227684,-0.007400258909910917,0.03922876715660095,-0.012529412284493446,0.0007519508362747729]",0.040595442056655884,"[0.16853681206703186,1.3349326848983765,1.0418647527694702,-0.7686023116111755,0.08200035989284515,-1.1591023206710815]",0.016031574457883835,"[-0.2979048490524292,-0.35292887687683105,0.924052357673645,0.709585428237915,0.017114005982875824,-0.017142511904239655,0.7042028903961182]","[0.2597937285900116,-0.19703419506549835,1.0206739902496338,0.26856765151023865,-0.6537811160087585,-0.08843453228473663,0.701869547367096]","[-0.04849079251289368,-0.09682101756334305,0.7814736366271973]","[0.10407519340515137,0.13759920001029968,0.6830494403839111,0.7097029685974121]",0.0,0.0,0.0,False,False,0.0072476863861083984
33,0,32,False,"[-0.02423369511961937,0.0024277567863464355,-0.004374086856842041,0.02850903570652008,-0.010858207941055298,0.0014066696166992188,0.9334490299224854,0.17319795489311218,1.3267768621444702,1.0130664110183716,-0.749458372592926,0.07424461841583252,-1.1356021165847778,0.4370872974395752]","[-0.02379380539059639,0.0002070384653052315,-0.004832653794437647,0.029835527762770653,-0.01106236968189478,0.0013243388384580612]",0.04052683711051941,"[0.1726996898651123,1.327701449394226,1.0165019035339355,-0.751964807510376,0.07521599531173706,-1.138602375984192]",0.014990542083978653,"[-0.29751911759376526,-0.352083683013916,0.9227166175842285,0.7114269137382507,0.009084781631827354,-0.008451328612864017,0.7026504278182983]","[0.25894853472709656,-0.19952845573425293,1.015594244003296,0.2720480263233185,-0.6490618586540222,-0.08202443271875381,0.7056772708892822]","[-0.04849079251289368,-0.09682101011276245,0.7814736366271973]","[0.1040756106376648,0.1375986933708191,0.6830496788024902,0.7097027897834778]",0.0,0.0,0.0,False,False,0.005980014801025391
34,0,33,False,"[-0.024840611964464188,-0.022342383861541748,-0.00682908296585083,0.04740992188453674,-0.006949722766876221,-0.007785409688949585,0.9302447438240051,0.17993107438087463,1.3752554655075073,1.0737242698669434,-0.8092470765113831,0.10488805174827576,-1.1786283254623413,0.3874218463897705]","[-0.02472623437643051,-0.019749632105231285,-0.0063614915125072,0.04525279626250267,-0.007468309253454208,-0.006623553112149239]",0.040404513478279114,"[0.17906464636325836,1.3696022033691406,1.0670266151428223,-0.8017566204071045,0.10111212730407715,-1.173519492149353]",0.013411188498139381,"[-0.29735153913497925,-0.3532229959964752,0.9252285957336426,0.7128333449363708,0.018035804852843285,-0.02337837591767311,0.7007116079330444]","[0.2567657232284546,-0.19235821068286896,1.0183887481689453,0.2492913454771042,-0.6690309047698975,-0.0834449976682663,0.695189356803894]","[-0.048490796238183975,-0.09682101756334305,0.7814736366271973]","[0.10407553613185883,0.1375988870859146,0.6830494403839111,0.7097029089927673]",0.0,0.0,0.0,False,False,0.011425375938415527
35,0,34,False,"[-0.027155201882123947,-0.009642839431762695,-0.005481839179992676,0.0414888858795166,-0.003724336624145508,-0.009620070457458496,0.9358330368995667,0.17292574048042297,1.4147382974624634,1.1100292205810547,-0.8540570735931396,0.10821115970611572,-1.2268961668014526,0.3627989590167999]","[-0.0268770270049572,-0.010793435387313366,-0.005724367219954729,0.04192403703927994,-0.004192839376628399,-0.009237974882125854]",0.04045490920543671,"[0.17359139025211334,1.409510612487793,1.104852318763733,-0.8472828269004822,0.10732636600732803,-1.220086693763733]",0.011844712309539318,"[-0.2970351576805115,-0.352723091840744,0.9244341850280762,0.7148461937904358,0.01305361744016409,-0.020094869658350945,0.6988708972930908]","[0.25728684663772583,-0.18602682650089264,1.0178141593933105,0.22022968530654907,-0.6850329041481018,-0.08255968242883682,0.6895017027854919]","[-0.04849079251289368,-0.09682101756334305,0.7814736366271973]","[0.10407526791095734,0.13759909570217133,0.6830496788024902,0.709702730178833]",0.0,0.0,0.0,False,False,0.010651707649230957
36,0,35,False,"[-0.021490909159183502,-0.015242695808410645,-0.008631706237792969,0.045906513929367065,-0.005610555410385132,-0.011540830135345459,0.927026093006134,0.1775825172662735,1.3637460470199585,1.0718625783920288,-0.7992826700210571,0.09560412168502808,-1.1685303449630737,0.37186509370803833]","[-0.02212093397974968,-0.014726432040333748,-0.00825221836566925,0.04540695250034332,-0.005442139692604542,-0.011247934773564339]",0.040289491415023804,"[0.17717701196670532,1.368775725364685,1.0761284828186035,-0.8054370880126953,0.09708260744810104,-1.1751105785369873]",0.011135412380099297,"[-0.2975359559059143,-0.35280025005340576,0.9242120385169983,0.7127237319946289,0.014081031084060669,-0.02253137156367302,0.7009413838386536]","[0.2570476233959198,-0.1917942762374878,1.0210963487625122,0.25081878900527954,-0.6669275760650635,-0.08531355112791061,0.6964331865310669]","[-0.048490796238183975,-0.09682101756334305,0.7814736366271973]","[0.104075588285923,0.13759873807430267,0.6830496191978455,0.7097028493881226]",0.0,0.0,0.0,False,False,0.010696887969970703
37,0,36,False,"[-0.01763138175010681,-0.015035927295684814,-0.015466034412384033,0.02824673056602478,-0.014682173728942871,-0.001818537712097168,0.9302005171775818,0.18087317049503326,1.4000977277755737,1.1010856628417969,-0.8183201551437378,0.09692725539207458,-1.2188960313796997,0.3750714957714081]","[-0.01813984476029873,-0.014929274097084999,-0.014804982580244541,0.030359383672475815,-0.013522389344871044,-0.003021947806701064]",0.04026546701788902,"[0.1804739087820053,1.3967721462249756,1.0979431867599487,-0.8165919184684753,0.09693741053342819,-1.2133066654205322]",0.010774083435535431,"[-0.29814887046813965,-0.3523426055908203,0.9205365180969238,0.7085637450218201,0.00953613594174385,-0.012010756880044937,0.7054800987243652]","[0.25517600774765015,-0.18637670576572418,1.0201787948608398,0.23097796738147736,-0.6744652986526489,-0.09414225816726685,0.6948977708816528]","[-0.04849079251289368,-0.09682101011276245,0.7814736366271973]","[0.10407524555921555,0.13759900629520416,0.6830496191978455,0.7097027897834778]",0.0,0.0,0.0,False,False,0.008743882179260254
38,0,37,False,"[-0.0255025252699852,-0.01891779899597168,-0.003359854221343994,0.04269745945930481,-0.0026844441890716553,-0.0017413794994354248,0.941663384437561,0.18335509300231934,1.4058704376220703,1.1208300590515137,-0.8411016464233398,0.10951131582260132,-1.2206791639328003,0.3264464735984802]","[-0.024659905582666397,-0.018563445657491684,-0.004385536070913076,0.04124775901436806,-0.004039856605231762,-0.0019028991227969527]",0.04051637277007103,"[0.18300846219062805,1.4046366214752197,1.1182169914245605,-0.8379127979278564,0.10791243612766266,-1.2197402715682983]",0.009512248449027538,"[-0.2972595691680908,-0.3532598316669464,0.9254241585731506,0.7139974236488342,0.018633641302585602,-0.020535076037049294,0.6995989084243774]","[0.2545510232448578,-0.1849888116121292,1.0232958793640137,0.22668173909187317,-0.680030345916748,-0.09448878467082977,0.690829873085022]","[-0.048490796238183975,-0.09682101011276245,0.7814736366271973]","[0.10407567024230957,0.13759863376617432,0.6830496788024902,0.709702730178833]",0.0,0.0,0.0,False,False,0.0049285888671875
39,0,38,False,"[-0.026733271777629852,-0.0020102858543395996,7.510185241699219e-06,0.03491447865962982,0.0008723735809326172,0.0038195550441741943,0.9338032603263855,0.18234586715698242,1.4275240898132324,1.1466718912124634,-0.8615430593490601,0.12342599034309387,-1.216632604598999,0.3015536367893219]","[-0.026501372456550598,-0.0039053866639733315,-0.0006910361698828638,0.03566689044237137,0.0002571642107795924,0.0030905199237167835]",0.04047195613384247,"[0.18237970769405365,1.424942135810852,1.1432408094406128,-0.8584456443786621,0.12146228551864624,-1.217028021812439]",0.008200458250939846,"[-0.29693952202796936,-0.3525991439819336,0.9250149726867676,0.7162411212921143,0.014672985300421715,-0.012844818644225597,0.6975803375244141]","[0.254380464553833,-0.180990532040596,1.024705171585083,0.22457115352153778,-0.6866602897644043,-0.08847696334123611,0.6857384443283081]","[-0.048490796238183975,-0.09682101011276245,0.7814736366271973]","[0.1040755957365036,0.13759882748126984,0.6830499768257141,0.7097024917602539]",0.0,0.0,0.0,False,False,0.005702972412109375
40,0,39,False,"[-0.02451178804039955,-0.007837355136871338,-0.012478113174438477,0.020582959055900574,-0.005381345748901367,0.007302075624465942,0.9191990494728088,0.18749988079071045,1.4383246898651123,1.138698697090149,-0.8615952134132385,0.14081397652626038,-1.2258491516113281,0.26201131939888]","[-0.024734726175665855,-0.007295186165720224,-0.01128139067441225,0.02242210879921913,-0.004671752918511629,0.0067648389376699924]",0.040129318833351135,"[0.18690073490142822,1.4368653297424316,1.1391595602035522,-0.8612048625946045,0.13834866881370544,-1.224724292755127]",0.006517209578305483,"[-0.2972429692745209,-0.3521266281604767,0.9203795194625854,0.7140024900436401,0.008837416768074036,-0.004244079347699881,0.7000744938850403]","[0.2534218728542328,-0.17995157837867737,1.020447850227356,0.21651454269886017,-0.6956822872161865,-0.08700287342071533,0.6793953776359558]","[-0.04849079251289368,-0.09682101011276245,0.7814736366271973]","[0.10407555848360062,0.13759885728359222,0.6830497980117798,0.7097026705741882]",0.0,0.0,0.0,False,False,0.003856644034385681
41,0,40,False,"[-0.026281923055648804,-0.007159531116485596,-0.010101795196533203,0.024082794785499573,-0.004922270774841309,0.023512929677963257,0.9330262541770935,0.19463591277599335,1.4589134454727173,1.140757441520691,-0.8555777072906494,0.14402127265930176,-1.210026502609253,0.28607285022735596]","[-0.026101695373654366,-0.0072274236008524895,-0.010101933032274246,0.023912370204925537,-0.0048859515227377415,0.02137775346636772]",0.040234629064798355,"[0.19377847015857697,1.4563450813293457,1.140677571296692,-0.8562108278274536,0.14328759908676147,-1.2119011878967285]",0.0060724131762981415,"[-0.29711711406707764,-0.35219675302505493,0.9209216833114624,0.7143034338951111,0.01495872251689434,-7.254015508806333e-05,0.6996761560440063]","[0.25101470947265625,-0.17674171924591064,1.0161112546920776,0.21488159894943237,-0.6977197527885437,-0.08108171075582504,0.6785563230514526]","[-0.04849079251289368,-0.09682101756334305,0.7814736366271973]","[0.10407531261444092,0.13759905099868774,0.6830496788024902,0.709702730178833]",0.0,0.0,0.0,False,False,0.004781126976013184
42,0,41,False,"[-0.02945256233215332,-0.003204047679901123,-0.00815117359161377,0.024638846516609192,-0.006139665842056274,0.0030874013900756836,0.9346824884414673,0.1917959451675415,1.4321012496948242,1.130014181137085,-0.8309617042541504,0.11577627062797546,-1.1825364828109741,0.25409966707229614]","[-0.0290543045848608,-0.003680779365822673,-0.008382411673665047,0.024547629058361053,-0.005976576823741198,0.00542060099542141]",0.040332864969968796,"[0.1920643299818039,1.4346486330032349,1.1315885782241821,-0.8341513872146606,0.11927216500043869,-1.186280608177185]",0.005156904924660921,"[-0.29685714840888977,-0.35210710763931274,0.9212947487831116,0.7150564789772034,0.008831584826111794,-0.005242845043540001,0.6989911198616028]","[0.2512502074241638,-0.17906729876995087,1.019821286201477,0.23241090774536133,-0.681548535823822,-0.08211364597082138,0.689009428024292]","[-0.048490796238183975,-0.09682101756334305,0.7814736366271973]","[0.10407531261444092,0.13759900629520416,0.6830494403839111,0.7097029685974121]",0.0,0.0,0.0,False,False,0.0066378116607666016
43,0,42,False,"[-0.02393089234828949,-0.002299666404724121,-0.011695265769958496,0.022223979234695435,-0.001617342233657837,0.011451393365859985,0.9228857755661011,0.19249475002288818,1.4316997528076172,1.1489510536193848,-0.8657415509223938,0.1282462775707245,-1.2166346311569214,0.25862017273902893]","[-0.024542659521102905,-0.002437744289636612,-0.011370671913027763,0.02249228209257126,-0.0021779693197458982,0.010681324638426304]",0.04012971371412277,"[0.19242845475673676,1.4320976734161377,1.14669930934906,-0.8617595434188843,0.1271044909954071,-1.2127625942230225]",0.004670054651796818,"[-0.29718297719955444,-0.35185718536376953,0.9199767708778381,0.7148120403289795,0.008547907695174217,-0.0011222705943509936,0.6992633938789368]","[0.25161048769950867,-0.18026217818260193,1.0237834453582764,0.22107577323913574,-0.6886819005012512,-0.08834270387887955,0.6848636865615845]","[-0.048490799963474274,-0.09682101756334305,0.7814736366271973]","[0.10407552123069763,0.1375989019870758,0.6830493807792664,0.7097030282020569]",0.0,0.0,0.0,False,False,0.006267070770263672
44,0,43,False,"[-0.027315709739923477,0.009470760822296143,-0.004313170909881592,0.025045499205589294,0.005415558815002441,0.02053844928741455,0.9274589419364929,0.19375357031822205,1.4222067594528198,1.1447367668151855,-0.8770697116851807,0.14077794551849365,-1.2038168907165527,0.2883373200893402]","[-0.027006283402442932,0.008026865310966969,-0.005059301853179932,0.024751761928200722,0.004462658427655697,0.019282639026641846]",0.040114875882864,"[0.19357344508171082,1.4233793020248413,1.1448256969451904,-0.8752034902572632,0.13904090225696564,-1.2049622535705566]",0.005018204916268587,"[-0.29674288630485535,-0.35163846611976624,0.9215362668037415,0.717954695224762,0.011000566184520721,0.0025406223721802235,0.6959981322288513]","[0.2521732449531555,-0.18297919631004333,1.024954915046692,0.22301168739795685,-0.6925473809242249,-0.08422443270683289,0.6808450222015381]","[-0.048490796238183975,-0.09682101756334305,0.7814736366271973]","[0.10407558083534241,0.13759873807430267,0.6830495595932007,0.7097028493881226]",0.0,0.0,0.0,False,False,0.0030393004417419434
45,0,44,False,"[-0.02361728996038437,0.011576592922210693,-0.0035992860794067383,0.01745496690273285,-0.007697880268096924,0.0191495418548584,0.9277445673942566,0.18178057670593262,1.4080965518951416,1.1247426271438599,-0.8189566731452942,0.12023133039474487,-1.1807817220687866,0.2682764232158661]","[-0.02399051934480667,0.011184066534042358,-0.0038427612744271755,0.01836317405104637,-0.006167016923427582,0.01916591450572014]",0.04009847715497017,"[0.18310467898845673,1.4099973440170288,1.1272834539413452,-0.8260815739631653,0.12264495342969894,-1.1838620901107788]",0.004841540474444628,"[-0.297344446182251,-0.3515060842037201,0.9210875034332275,0.713229238986969,0.007996922358870506,0.005519386846572161,0.7008633613586426]","[0.2544354498386383,-0.1821845918893814,1.0251579284667969,0.24659469723701477,-0.6774903535842896,-0.08726529777050018,0.6874463558197021]","[-0.048490796238183975,-0.09682101756334305,0.7814736366271973]","[0.10407537966966629,0.13759899139404297,0.6830497980117798,0.7097026705741882]",0.0,0.0,0.0,False,False,0.011234700679779053
46,0,45,False,"[-0.024932991713285446,0.019538402557373047,0.003187239170074463,0.010078772902488708,0.0037189126014709473,0.031818002462387085,0.9199296236038208,0.1985338181257248,1.450209379196167,1.1565072536468506,-0.8499051332473755,0.14510470628738403,-1.2035902738571167,0.22885581851005554]","[-0.024843541905283928,0.018542444333434105,0.0023723675403743982,0.011145122349262238,0.002471808111295104,0.030205490067601204]",0.03994077444076538,"[0.19680868089199066,1.4457178115844727,1.1529494524002075,-0.8467469215393066,0.14222052693367004,-1.2010725736618042]",0.0038093996699899435,"[-0.2970082759857178,-0.3514261841773987,0.9219401478767395,0.7165350914001465,0.009065171703696251,0.01232930738478899,0.6973830461502075]","[0.2500535845756531,-0.17637930810451508,1.0227668285369873,0.22872228920459747,-0.690409779548645,-0.08852160722017288,0.6805763840675354]","[-0.04849079251289368,-0.09682101756334305,0.7814736366271973]","[0.10407527536153793,0.13759903609752655,0.683049738407135,0.7097026705741882]",0.0,0.0,0.0,False,False,0.00899660587310791
47,0,46,False,"[-0.026304561644792557,0.03177440166473389,-0.004639983177185059,0.015721097588539124,0.006798982620239258,0.027953147888183594,0.917913019657135,0.19916298985481262,1.4447283744812012,1.1912918090820312,-0.9100744128227234,0.14919137954711914,-1.235519289970398,0.21425053477287292]","[-0.026141654700040817,0.030256139114499092,-0.003935608081519604,0.015078425407409668,0.006255399901419878,0.02824142575263977]",0.039786141365766525,"[0.19888059794902802,1.4444085359573364,1.1868417263031006,-0.9019880294799805,0.14830811321735382,-1.2311272621154785]",0.0029305557254701853,"[-0.2967461049556732,-0.35047709941864014,0.9192302227020264,0.7183524370193481,0.0034527606330811977,0.016644882038235664,0.6954715251922607]","[0.24998798966407776,-0.17808586359024048,1.0307921171188354,0.21155233681201935,-0.6989661455154419,-0.09331333637237549,0.6767455339431763]","[-0.04849079251289368,-0.09682101011276245,0.7814736366271973]","[0.10407555103302002,0.13759879767894745,0.6830499768257141,0.7097024917602539]",0.0,0.0,0.0,False,False,0.012604475021362305
48,0,47,False,"[-0.02789580449461937,0.035939931869506836,0.009592711925506592,0.009659573435783386,0.0067024827003479,0.03871920704841614,0.9142719507217407,0.19713309407234192,1.371597409248352,1.1023683547973633,-0.7836045026779175,0.14677664637565613,-1.1340174674987793,0.22433611750602722]","[-0.02769293449819088,0.035199396312236786,0.008180025033652782,0.010426231659948826,0.006651040632277727,0.037383269518613815]",0.0396142341196537,"[0.19730538129806519,1.3802577257156372,1.112549901008606,-0.798854649066925,0.1469772458076477,-1.146408200263977]",0.002600445644930005,"[-0.29658839106559753,-0.35078316926956177,0.922546923160553,0.718997597694397,0.007634427864104509,0.018914543092250824,0.6947131156921387]","[0.2521022856235504,-0.18662159144878387,1.0295276641845703,0.2729978561401367,-0.6710875630378723,-0.09272365272045135,0.683019757270813]","[-0.04849079251289368,-0.09682101756334305,0.7814736366271973]","[0.10407546907663345,0.1375989317893982,0.683049738407135,0.7097026705741882]",0.0,0.0,0.0,False,False,0.023623645305633545
49,0,48,False,"[-0.026046663522720337,0.055609166622161865,0.0026848316192626953,0.022819310426712036,0.003001570701599121,0.04232385754585266,0.9034004807472229,0.18532295525074005,1.3400460481643677,1.0732309818267822,-0.7324445247650146,0.12283679842948914,-1.0884517431259155,0.25035300850868225]","[-0.026232650503516197,0.05325176194310188,0.003184547182172537,0.021173696964979172,0.00346023659221828,0.04169405251741409]",0.03927700221538544,"[0.18667468428611755,1.3448424339294434,1.0779751539230347,-0.740962028503418,0.12592719495296478,-1.0958386659622192]",0.0030039064586162567,"[-0.2967930734157562,-0.3495200574398041,0.920426607131958,0.7174009680747986,0.004855935461819172,0.024847105145454407,0.6962002515792847]","[0.2550961971282959,-0.19038636982440948,1.0306148529052734,0.3087924122810364,-0.64586341381073,-0.08977170288562775,0.6924223303794861]","[-0.048490796238183975,-0.09682101011276245,0.7814736366271973]","[0.10407548397779465,0.13759897649288177,0.6830497980117798,0.7097025513648987]",0.0,0.0,0.0,False,False,0.013262271881103516
50,0,49,False,"[-0.028099186718463898,0.05539947748184204,0.002621948719024658,0.013033613562583923,-0.0038899481296539307,0.0582316517829895,0.902519702911377,0.1775675266981125,1.2635444402694702,0.9908556938171387,-0.6776654124259949,0.11182057857513428,-1.0121334791183472,0.25323227047920227]","[-0.02786692976951599,0.05514785647392273,0.0026890356093645096,0.014066250994801521,-0.0029553985223174095,0.056122954934835434]",0.039059173315763474,"[0.1785668432712555,1.2728514671325684,1.001172423362732,-0.6860406398773193,0.11363210529088974,-1.0228136777877808]",0.0032426908146589994,"[-0.2968118488788605,-0.349420428276062,0.9194164276123047,0.7157149910926819,0.006719828117638826,0.03336368501186371,0.6975626349449158]","[0.25940966606140137,-0.20422567427158356,1.0271326303482056,0.3481508493423462,-0.6194561719894409,-0.07730203121900558,0.6993492245674133]","[-0.04849079251289368,-0.09682101756334305,0.7814736366271973]","[0.10407527536153793,0.13759900629520416,0.6830496191978455,0.7097028493881226]",0.0,0.0,0.0,False,False,0.01738715171813965
51,1,0,True,"[-0.004097737371921539,-0.06297767162322998,-0.01926034688949585,0.025310352444648743,-0.008694380521774292,-0.007974624633789062,1.0258362293243408,0.30758389830589294,1.1838810443878174,0.955263614654541,-0.8101046681404114,0.1551474928855896,-0.6606849431991577,0.7531822323799133]","[-0.006864827126264572,-0.04910636320710182,-0.01627199538052082,0.024030489847064018,-0.008028659969568253,0.00019613583572208881]",0.041029274463653564,"[0.29344338178634644,1.1937223672866821,0.9602386355400085,-0.7948598265647888,0.14949384331703186,-0.8293612003326416]",0.010969557799398899,"[-0.29910269379615784,-0.35411322116851807,0.9220495223999023,0.7063009142875671,0.020023733377456665,-0.02017858624458313,0.707340657711029]","[0.23979219794273376,-0.23433782160282135,1.0262062549591064,0.35393866896629333,-0.6100041270256042,-0.02474292553961277,0.7085267305374146]","[-0.048490796238183975,-0.09682101011276245,0.7814736366271973]","[0.1040756031870842,0.13759878277778625,0.6830496191978455,0.7097027897834778]",0.0,0.0,0.0,False,False,0.18849724531173706
52,1,1,False,"[-0.0027173906564712524,-0.06748980283737183,-0.01183462142944336,0.022602498531341553,-0.008713752031326294,-0.010873645544052124,1.0289820432662964,0.3140439987182617,1.2097992897033691,0.9861481785774231,-0.8310850262641907,0.15308070182800293,-0.6817502975463867,0.7618966102600098]","[-0.0031979030463844538,-0.06531789153814316,-0.012398522347211838,0.02279932051897049,-0.008638114668428898,-0.009465842507779598]",0.04226342961192131,"[0.31168031692504883,1.2079869508743286,0.9829641580581665,-0.8264287710189819,0.15258881449699402,-0.7005699872970581]",0.018632816150784492,"[-0.29947546124458313,-0.35532140731811523,0.9244640469551086,0.7046864628791809,0.02327447570860386,-0.030271613970398903,0.7084905505180359]","[0.23546446859836578,-0.23392784595489502,1.028578758239746,0.38038355112075806,-0.5935938358306885,0.021697111427783966,0.7088610529899597]","[-0.04849079251289368,-0.09682101011276245,0.7814736366271973]","[0.10407567769289017,0.13759861886501312,0.6830498576164246,0.7097026109695435]",0.0,0.0,0.0,False,False,0.029442310333251953
53,1,2,False,"[-0.004697978496551514,-0.07231754064559937,-0.007610023021697998,0.024290621280670166,-0.004174321889877319,-0.011638134717941284,1.0411686897277832,0.31816351413726807,1.258035659790039,1.0248854160308838,-0.8644821047782898,0.156826913356781,-0.7036739587783813,0.7575814723968506]","[-0.004529783967882395,-0.07149795442819595,-0.00815664604306221,0.02412247657775879,-0.004735942929983139,-0.011361324228346348]",0.042978186160326004,"[0.3174278140068054,1.2523454427719116,1.0198628902435303,-0.8594822287559509,0.1562756597995758,-0.7032716274261475]",0.023652661591768265,"[-0.2992394268512726,-0.35603389143943787,0.9264835715293884,0.7064146995544434,0.026762034744024277,-0.03506501019001007,0.7064222693443298]","[0.23195138573646545,-0.22705522179603577,1.0287619829177856,0.3671083152294159,-0.6066824793815613,0.02988491766154766,0.7044675946235657]","[-0.048490796238183975,-0.09682101756334305,0.7814736366271973]","[0.10407532751560211,0.13759905099868774,0.6830494999885559,0.7097028493881226]",0.0,0.0,0.0,False,False,0.010381937026977539
54,1,3,False,"[-0.006286695599555969,-0.08212989568710327,0.007452964782714844,0.017523691058158875,-0.006114393472671509,-0.02135944366455078,1.0461373329162598,0.32551032304763794,1.325266718864441,1.0804004669189453,-0.906430721282959,0.15719342231750488,-0.7319951057434082,0.7678347229957581]","[-0.006076759193092585,-0.08092083781957626,0.005745377857238054,0.018443480134010315,-0.005937612149864435,-0.02008473128080368]",0.0433926098048687,"[0.32461485266685486,1.3168054819107056,1.0733439922332764,-0.9001761674880981,0.15706194937229156,-0.7283309102058411]",0.0268433578312397,"[-0.2991386353969574,-0.35774052143096924,0.931302011013031,0.7064082622528076,0.029834259301424026,-0.044451311230659485,0.7057770490646362]","[0.22660258412361145,-0.2163524478673935,1.0286312103271484,0.34221065044403076,-0.6258568167686462,0.03310152515769005,0.7000710368156433]","[-0.048490796238183975,-0.09682101756334305,0.7814736366271973]","[0.10407540202140808,0.1375989019870758,0.6830496788024902,0.709702730178833]",0.0,0.0,0.0,False,False,0.015006661415100098
55,1,4,False,"[-0.008432433009147644,-0.08565694093704224,0.011202037334442139,0.020745933055877686,-0.007719933986663818,-0.028593629598617554,1.0480756759643555,0.3295758366584778,1.360930323600769,1.0944113731384277,-0.9085557460784912,0.1435275673866272,-0.7493129968643188,0.7656162977218628]","[-0.008150925859808922,-0.08508571982383728,0.010526061058044434,0.020459681749343872,-0.0074912384152412415,-0.027509214356541634]",0.043640173971652985,"[0.3290640711784363,1.3558223247528076,1.0920482873916626,-0.9073254466056824,0.14523281157016754,-0.7466377019882202]",0.028660092502832413,"[-0.2989979684352875,-0.3584665060043335,0.9333966970443726,0.7065356373786926,0.030983634293079376,-0.05103114992380142,0.7051547169685364]","[0.22282813489437103,-0.20972441136837006,1.0248112678527832,0.32391372323036194,-0.6334688067436218,0.03436139598488808,0.7018663883209229]","[-0.048490796238183975,-0.09682101011276245,0.7814736366271973]","[0.10407544672489166,0.137598916888237,0.6830496788024902,0.709702730178833]",0.0,0.0,0.0,False,False,0.00926053524017334
56,1,5,False,"[-0.009884566068649292,-0.08467668294906616,0.018157362937927246,0.02154916524887085,-0.0071336328983306885,-0.026462644338607788,1.0604205131530762,0.3332062363624573,1.433288812637329,1.160867691040039,-0.9520798325538635,0.14723488688468933,-0.7985219955444336,0.754208505153656]","[-0.00968159083276987,-0.084740050137043,0.017294209450483322,0.02143813855946064,-0.007175388280302286,-0.02659633569419384]",0.04378695785999298,"[0.33275914192199707,1.42417311668396,1.1529537439346313,-0.946036696434021,0.14697648584842682,-0.7919026017189026]",0.029537929221987724,"[-0.29885438084602356,-0.3590746521949768,0.9357284903526306,0.7070499658584595,0.03386446833610535,-0.053356364369392395,0.704334020614624]","[0.21756549179553986,-0.19721104204654694,1.0245567560195923,0.2946818172931671,-0.6529756784439087,0.030070466920733452,0.6970516443252563]","[-0.04849079251289368,-0.09682101011276245,0.7814736366271973]","[0.10407538712024689,0.13759896159172058,0.6830498576164246,0.7097026109695435]",0.0,0.0,0.0,False,False,0.01600778102874756
57,1,6,False,"[-0.011490046977996826,-0.09013313055038452,0.02481400966644287,0.03135111927986145,-0.002502918243408203,-0.017653703689575195,1.0694246292114258,0.3268308639526367,1.4343875646591187,1.1511316299438477,-0.9283279180526733,0.13810160756111145,-0.7901122570037842,0.7525749206542969]","[-0.011287768371403217,-0.08953583240509033,0.024040762335062027,0.03014378622174263,-0.003088580444455147,-0.018793361261487007]",0.04387541115283966,"[0.3274950087070465,1.433097004890442,1.1515671014785767,-0.930501401424408,0.1392439305782318,-0.7903399467468262]",0.029964350163936615,"[-0.29860204458236694,-0.36017468571662903,0.9391495585441589,0.7085037231445312,0.04375481978058815,-0.05772357061505318,0.70197993516922]","[0.21782417595386505,-0.19431297481060028,1.022448182106018,0.2967980206012726,-0.6493366360664368,0.03181205689907074,0.6994717717170715]","[-0.04849079251289368,-0.09682101756334305,0.7814736366271973]","[0.1040753647685051,0.1375989466905594,0.6830493807792664,0.7097030282020569]",0.0,0.0,0.0,False,False,0.003512084484100342
58,1,7,False,"[-0.008900724351406097,-0.09317588806152344,0.02359020709991455,0.02702629566192627,-0.010190904140472412,-0.021479427814483643,1.0674469470977783,0.3371536433696747,1.4923615455627441,1.1958138942718506,-0.9591242074966431,0.13780906796455383,-0.8285766839981079,0.7250744104385376]","[-0.009167944081127644,-0.09270714223384857,0.023538604378700256,0.02739553153514862,-0.009297971613705158,-0.02113715372979641]",0.04391956701874733,"[0.33611729741096497,1.485547661781311,1.1906251907348633,-0.955247700214386,0.13797001540660858,-0.8236994743347168]",0.02963474579155445,"[-0.29897353053092957,-0.3603176176548004,0.9389406442642212,0.7056236267089844,0.042823247611522675,-0.05865201726555824,0.7048555612564087]","[0.21226055920124054,-0.18552781641483307,1.0193995237350464,0.27089923620224,-0.6633260250091553,0.028317077085375786,0.6970008015632629]","[-0.048490796238183975,-0.09682101011276245,0.7814736366271973]","[0.1040756031870842,0.1375986933708191,0.6830497980117798,0.7097026705741882]",0.0,0.0,0.0,False,False,0.012529969215393066
59,1,8,False,"[-0.014915257692337036,-0.09616303443908691,0.033056557178497314,0.03531569242477417,-0.014609277248382568,-0.027393341064453125,1.0702837705612183,0.3405334949493408,1.5477309226989746,1.2488844394683838,-1.0152113437652588,0.11099925637245178,-0.8699902296066284,0.708225429058075]","[-0.01422678492963314,-0.09582088887691498,0.03211219608783722,0.03438268601894379,-0.01392811443656683,-0.02659580297768116]",0.043960001319646835,"[0.34011340141296387,1.5402933359146118,1.2420763969421387,-1.007352590560913,0.11440951377153397,-0.8640878200531006]",0.029079947620630264,"[-0.2986705005168915,-0.3615196645259857,0.9426689743995667,0.7054675817489624,0.04714340344071388,-0.06748329848051071,0.7039451599121094]","[0.20746952295303345,-0.1773625612258911,1.0177842378616333,0.23357363045215607,-0.6751113533973694,0.031822726130485535,0.6990388631820679]","[-0.048490796238183975,-0.09682101011276245,0.7814736366271973]","[0.10407532751560211,0.13759903609752655,0.683049738407135,0.709702730178833]",0.0,0.0,0.0,False,False,0.012936949729919434
60,1,9,False,"[-0.011403024196624756,-0.09766244888305664,0.02376466989517212,0.04357272386550903,-0.0170154869556427,-0.011129647493362427,1.0699474811553955,0.3226296305656433,1.5584527254104614,1.2282555103302002,-0.979600727558136,0.11128398776054382,-0.8824689388275146,0.6603307127952576]","[-0.011731918901205063,-0.09739144891500473,0.024612238630652428,0.042348846793174744,-0.016628962010145187,-0.013102186843752861]",0.04397163912653923,"[0.3245040774345398,1.5563594102859497,1.2300667762756348,-0.9830628633499146,0.11172161251306534,-0.8801209926605225]",0.027696669101715088,"[-0.2989635467529297,-0.36099839210510254,0.9410505294799805,0.7032462358474731,0.0526159293949604,-0.0634777694940567,0.7061492204666138]","[0.2106185257434845,-0.17287427186965942,1.0107474327087402,0.2318461835384369,-0.6768254041671753,0.032949794083833694,0.6979032158851624]","[-0.04849079251289368,-0.09682101011276245,0.7814736366271973]","[0.10407543182373047,0.13759897649288177,0.6830497980117798,0.7097026109695435]",0.0,0.0,0.0,False,False,0.00549006462097168
61,1,10,False,"[-0.013030633330345154,-0.10375213623046875,0.0224342942237854,0.049498289823532104,-0.016439884901046753,-0.02002909779548645,1.0664188861846924,0.31723910570144653,1.5834919214248657,1.2553156614303589,-0.9836423397064209,0.07891049981117249,-0.922065019607544,0.6608836054801941]","[-0.012877020984888077,-0.10303088277578354,0.022773638367652893,0.04861314594745636,-0.016462387517094612,-0.01914515160024166]",0.04398801550269127,"[0.3181469738483429,1.5801562070846558,1.2525837421417236,-0.9833842515945435,0.08308131992816925,-0.9167123436927795]",0.026881586760282516,"[-0.29886114597320557,-0.36134105920791626,0.9414263367652893,0.703597903251648,0.05395449325442314,-0.06922855973243713,0.7051569223403931]","[0.20968204736709595,-0.1667570173740387,1.0103254318237305,0.21529126167297363,-0.6730343103408813,0.02623596042394638,0.707097053527832]","[-0.048490796238183975,-0.09682101756334305,0.7814736366271973]","[0.10407543927431107,0.13759896159172058,0.6830495595932007,0.7097027897834778]",0.0,0.0,0.0,False,False,0.00837087631225586
62,1,11,False,"[-0.009420067071914673,-0.10922551155090332,0.01198267936706543,0.056102752685546875,-0.01875278353691101,-0.01626637578010559,1.0604578256607056,0.3093217611312866,1.6092325448989868,1.249569296836853,-0.9542171955108643,0.05733305215835571,-0.9217649698257446,0.6379421949386597]","[-0.009823651053011417,-0.10846459865570068,0.013180956244468689,0.05511068180203438,-0.018469544127583504,-0.01663413643836975]",0.04398927465081215,"[0.31033849716186523,1.6060491800308228,1.2500368356704712,-0.9577986001968384,0.06061623990535736,-0.9211184978485107]",0.02586541697382927,"[-0.29918551445007324,-0.36086970567703247,0.9392399191856384,0.7016764283180237,0.05569789186120033,-0.06916069984436035,0.7069402933120728]","[0.209523007273674,-0.160789355635643,1.0029592514038086,0.21110551059246063,-0.6674590110778809,0.030821289867162704,0.7134303450584412]","[-0.04849079251289368,-0.09682101011276245,0.7814736366271973]","[0.10407519340515137,0.13759909570217133,0.6830496191978455,0.7097027897834778]",0.0,0.0,0.0,False,False,0.006827116012573242
63,1,12,False,"[-0.011941120028495789,-0.10024696588516235,0.01013195514678955,0.058524444699287415,-0.016204744577407837,-0.01622486114501953,1.064246416091919,0.2834479808807373,1.5963540077209473,1.2546236515045166,-0.9705647826194763,0.059268176555633545,-0.9475009441375732,0.6089192628860474]","[-0.011695300228893757,-0.10121972858905792,0.010490662418305874,0.05807745084166527,-0.016487017273902893,-0.016276614740490913]",0.04399678111076355,"[0.2863087058067322,1.5970816612243652,1.2543079853057861,-0.9689323902130127,0.05949687585234642,-0.9441311955451965]",0.02468402497470379,"[-0.29895272850990295,-0.3601190447807312,0.9381257891654968,0.7032214403152466,0.05339418351650238,-0.06653332710266113,0.705834150314331]","[0.21696341037750244,-0.16039177775382996,1.0063832998275757,0.21241891384124756,-0.6687653064727783,0.030124882236123085,0.7118452191352844]","[-0.048490796238183975,-0.09682101011276245,0.7814736366271973]","[0.10407592356204987,0.1375984251499176,0.6830499172210693,0.7097025513648987]",0.0,0.0,0.0,False,False,0.005780160427093506
64,1,13,False,"[-0.010793261229991913,-0.11240768432617188,0.007315516471862793,0.06037646532058716,-0.024509578943252563,-0.028251469135284424,1.0474570989608765,0.29016244411468506,1.6252259016036987,1.260299801826477,-0.9613096714019775,0.02910754084587097,-0.9729905128479004,0.5619363188743591]","[-0.010883276350796223,-0.11110467463731766,0.007750822696834803,0.06010301038622856,-0.023498835042119026,-0.026725348085165024]",0.04399361461400986,"[0.28990232944488525,1.6222786903381348,1.2594859600067139,-0.962198793888092,0.032943665981292725,-0.9693109393119812]",0.022879203781485558,"[-0.29923373460769653,-0.36059635877609253,0.938096284866333,0.7004819512367249,0.052745942026376724,-0.0737200677394867,0.7078899145126343]","[0.21382257342338562,-0.15634170174598694,1.0007797479629517,0.19336679577827454,-0.6660285592079163,0.02699313685297966,0.7199211120605469]","[-0.048490796238183975,-0.09682101756334305,0.7814736366271973]","[0.104075126349926,0.13759922981262207,0.6830493807792664,0.7097029685974121]",0.0,0.0,0.0,False,False,0.007495522499084473
65,1,14,False,"[-0.008770041167736053,-0.10965776443481445,0.008057117462158203,0.055042386054992676,-0.02995559573173523,-0.023555397987365723,1.050144910812378,0.27822497487068176,1.608198881149292,1.2487637996673584,-0.9332422018051147,0.014531135559082031,-0.9661898612976074,0.5484001636505127]","[-0.009006216190755367,-0.10981496423482895,0.007976715452969074,0.05567312240600586,-0.029143884778022766,-0.023960672318935394]",0.043998606503009796,"[0.279476135969162,1.6095805168151855,1.250360369682312,-0.9368842840194702,0.0168932918459177,-0.9665859937667847]",0.02158365026116371,"[-0.2995637059211731,-0.36045223474502563,0.9376592040061951,0.6978827714920044,0.05172530934214592,-0.07092109322547913,0.7108123302459717]","[0.21658752858638763,-0.15609197318553925,1.0025280714035034,0.20396696031093597,-0.6550342440605164,0.023892145603895187,0.7271565198898315]","[-0.04849079251289368,-0.09682101011276245,0.7814736366271973]","[0.10407567769289017,0.13759854435920715,0.6830496788024902,0.7097027897834778]",0.0,0.0,0.0,False,False,0.005772888660430908
66,1,15,False,"[-0.012115523219108582,-0.09707903861999512,0.005198061466217041,0.054899662733078,-0.028412342071533203,-0.027243584394454956,1.050801157951355,0.2629232406616211,1.6293373107910156,1.2551709413528442,-0.9164571762084961,-0.006493240594863892,-0.9696545600891113,0.5037704706192017]","[-0.011749598197638988,-0.09855644404888153,0.005448870360851288,0.05495979264378548,-0.028499562293291092,-0.02682458609342575]",0.04399717599153519,"[0.26477089524269104,1.6273101568222046,1.254595160484314,-0.9189549088478088,-0.0034932801499962807,-0.969258189201355]",0.019803637638688087,"[-0.2992871403694153,-0.35938966274261475,0.9359613656997681,0.6995142698287964,0.04563336446881294,-0.06678230315446854,0.7100262641906738]","[0.21914060413837433,-0.1506015956401825,0.9990608096122742,0.2058395892381668,-0.6479630470275879,0.02831544540822506,0.7327837944030762]","[-0.04849079251289368,-0.09682101756334305,0.7814736366271973]","[0.10407551378011703,0.13759884238243103,0.6830496788024902,0.7097027897834778]",0.0,0.0,0.0,False,False,0.005314826965332031
67,1,16,False,"[-0.007436387240886688,-0.101767897605896,-0.0009697675704956055,0.0542534738779068,-0.04313454031944275,-0.020676344633102417,1.0421918630599976,0.24180404841899872,1.5897403955459595,1.2106823921203613,-0.8566052317619324,-0.033081382513046265,-0.9549077749252319,0.48513585329055786]","[-0.007916459813714027,-0.10138057172298431,-0.00022388769139070064,0.05432770773768425,-0.041292447596788406,-0.021461626514792442]",0.04399153217673302,"[0.24431568384170532,1.5939630270004272,1.2161999940872192,-0.8645977973937988,-0.0292814988642931,-0.9567351937294006]",0.01833987608551979,"[-0.30000200867652893,-0.3590402901172638,0.9342072606086731,0.693535566329956,0.046118251979351044,-0.0639309287071228,0.7160965800285339]","[0.22563260793685913,-0.15349994599819183,0.9995948076248169,0.2272963523864746,-0.6285631656646729,0.025607360526919365,0.7433632016181946]","[-0.048490796238183975,-0.09682101756334305,0.7814736366271973]","[0.10407574474811554,0.13759860396385193,0.6830496788024902,0.7097027897834778]",0.0,0.0,0.0,False,False,0.012425124645233154
68,1,17,False,"[-0.009859077632427216,-0.09444338083267212,0.003088057041168213,0.057775095105171204,-0.055960118770599365,-0.020058661699295044,1.0344691276550293,0.22604048252105713,1.599531650543213,1.173762559890747,-0.7957180142402649,-0.08710801601409912,-0.9453573226928711,0.40313541889190674]","[-0.009600055404007435,-0.09529383480548859,0.002772025763988495,0.057359497994184494,-0.05410340055823326,-0.020238053053617477]",0.04399977996945381,"[0.22816568613052368,1.5993396043777466,1.1787805557250977,-0.8044958114624023,-0.07973295450210571,-0.9468054175376892]",0.01564483717083931,"[-0.3002186119556427,-0.3589637279510498,0.9350616335868835,0.6895063519477844,0.04615366831421852,-0.06389675289392471,0.7199777960777283]","[0.22876036167144775,-0.15159213542938232,0.9895949959754944,0.23117898404598236,-0.607875645160675,0.03281400725245476,0.7589246034622192]","[-0.048490796238183975,-0.09682101756334305,0.7814736366271973]","[0.10407519340515137,0.13759922981262207,0.6830495595932007,0.7097028493881226]",0.0,0.0,0.0,False,False,0.013667047023773193
69,1,18,False,"[-0.008436702191829681,-0.09682798385620117,0.0018440485000610352,0.05774110555648804,-0.05840039253234863,-0.01701974868774414,1.0234699249267578,0.20940321683883667,1.57877516746521,1.1510975360870361,-0.7521462440490723,-0.11307834088802338,-0.9345344305038452,0.36093801259994507]","[-0.008565465919673443,-0.09663843363523483,0.0019359419820830226,0.05768674239516258,-0.057860199362039566,-0.017430374398827553]",0.04399999976158142,"[0.21149061620235443,1.580889105796814,1.1548008918762207,-0.7587713003158569,-0.10881509631872177,-0.9360964894294739]",0.013185094110667706,"[-0.30042150616645813,-0.3589882254600525,0.934908390045166,0.6876919865608215,0.04734443500638008,-0.06327659636735916,0.7216883897781372]","[0.23325186967849731,-0.15213525295257568,0.9897892475128174,0.24618417024612427,-0.5890473127365112,0.03027295134961605,0.7690904140472412]","[-0.048490796238183975,-0.09682101756334305,0.7814736366271973]","[0.104075588285923,0.13759875297546387,0.6830495595932007,0.7097028493881226]",0.0,0.0,0.0,False,False,0.010419130325317383
70,1,19,False,"[-0.009697295725345612,-0.09771585464477539,0.006594836711883545,0.058197081089019775,-0.06746673583984375,-0.022054612636566162,1.0257515907287598,0.2166660577058792,1.5659325122833252,1.1492977142333984,-0.7492563128471375,-0.10855750739574432,-0.9335030317306519,0.3656608462333679]","[-0.009543993510305882,-0.09761375933885574,0.006111122667789459,0.058161936700344086,-0.06625162065029144,-0.02146545797586441]",0.04399999976158142,"[0.2161623239517212,1.5676933526992798,1.1499382257461548,-0.7504972219467163,-0.10861031711101532,-0.9338352680206299]",0.011760729365050793,"[-0.3005795478820801,-0.3594759702682495,0.9364128112792969,0.684968888759613,0.047626182436943054,-0.06706316769123077,0.7239142060279846]","[0.2322089523077011,-0.1540050059556961,0.992470383644104,0.24981194734573364,-0.5855244994163513,0.023946572095155716,0.7708316445350647]","[-0.048490796238183975,-0.09682101011276245,0.7814736366271973]","[0.10407567024230957,0.13759872317314148,0.6830497980117798,0.7097026705741882]",0.0,0.0,0.0,False,False,0.0032330751419067383
71,1,20,False,"[-0.007820256054401398,-0.09259021282196045,-0.004218101501464844,0.050402089953422546,-0.07526078820228577,-0.02153778076171875,1.018065333366394,0.20413880050182343,1.5534390211105347,1.0890932083129883,-0.6694552302360535,-0.15204192698001862,-0.89574134349823,0.3355613350868225]","[-0.008005739189684391,-0.09309683740139008,-0.0032319757156074047,0.05129615217447281,-0.0741257593035698,-0.021529290825128555]",0.043999917805194855,"[0.2054857462644577,1.5554524660110474,1.0962915420532227,-0.6798781752586365,-0.1464928537607193,-0.9006010890007019]",0.010253380052745342,"[-0.30093637108802795,-0.3582017123699188,0.9323130249977112,0.6820113658905029,0.04044605419039726,-0.05970215052366257,0.7277775406837463]","[0.23490458726882935,-0.1563776731491089,0.9835413694381714,0.26309576630592346,-0.5630636215209961,0.032366793602705,0.7827465534210205]","[-0.04849079251289368,-0.09682101756334305,0.7814736366271973]","[0.10407551378011703,0.13759878277778625,0.683049738407135,0.7097026705741882]",0.0,0.0,0.0,False,False,0.01609623432159424
72,1,21,False,"[-0.009804338216781616,-0.08393549919128418,-0.0013044476509094238,0.05366690456867218,-0.07454752922058105,-0.015684068202972412,1.0129547119140625,0.19309818744659424,1.5643589496612549,1.1238739490509033,-0.7034915685653687,-0.1450614035129547,-0.9304850101470947,0.2885660231113434]","[-0.009591687470674515,-0.08506061881780624,-0.001421628287062049,0.05339288339018822,-0.07449041306972504,-0.016429180279374123]",0.04399845376610756,"[0.19443871080875397,1.5630252361297607,1.1208370923995972,-0.7003570795059204,-0.14522477984428406,-0.9266667366027832]",0.008428136818110943,"[-0.30079805850982666,-0.3578549027442932,0.9325416088104248,0.682437002658844,0.04073607921600342,-0.05637412145733833,0.7276277542114258]","[0.23767510056495667,-0.15306983888149261,0.9875757694244385,0.2593749761581421,-0.5674313902854919,0.02646348625421524,0.7810542583465576]","[-0.04849079251289368,-0.09682101011276245,0.7814736366271973]","[0.10407564043998718,0.1375986933708191,0.6830498576164246,0.7097025513648987]",0.0,0.0,0.0,False,False,0.006998181343078613
73,1,22,False,"[-0.00898914784193039,-0.0774042010307312,-0.0053902268409729,0.03947484493255615,-0.07911455631256104,-0.01562938094139099,0.9961292743682861,0.17679952085018158,1.5729835033416748,1.1128640174865723,-0.6638427972793579,-0.17429792881011963,-0.9356386661529541,0.24520665407180786]","[-0.009051390923559666,-0.07824910432100296,-0.005083070602267981,0.041184209287166595,-0.07853082567453384,-0.015731075778603554]",0.04391193762421608,"[0.17877981066703796,1.5720878839492798,1.1138209104537964,-0.6684501767158508,-0.17056715488433838,-0.9344921112060547]",0.006298280321061611,"[-0.3009566068649292,-0.3569495677947998,0.9296466708183289,0.681178092956543,0.03324904665350914,-0.047872912138700485,0.7297937870025635]","[0.24111656844615936,-0.14948222041130066,0.9843934774398804,0.26196905970573425,-0.5569126009941101,0.023685218766331673,0.7878193855285645]","[-0.048490796238183975,-0.09682101756334305,0.7814736366271973]","[0.10407542437314987,0.13759897649288177,0.6830496191978455,0.7097027897834778]",0.0,0.0,0.0,False,False,0.007277488708496094
74,1,23,False,"[-0.00751243531703949,-0.0816413164138794,-0.00039702653884887695,0.040995389223098755,-0.08064362406730652,-0.012313783168792725,1.000536561012268,0.18002429604530334,1.5407013893127441,1.0943737030029297,-0.6319665908813477,-0.18411333858966827,-0.912533164024353,0.24168431758880615]","[-0.0076890927739441395,-0.08129443973302841,-0.0007976936176419258,0.04107411578297615,-0.08037987351417542,-0.012749812565743923]",0.04394872859120369,"[0.17996490001678467,1.5441471338272095,1.0969399213790894,-0.6366183757781982,-0.18241016566753387,-0.9153369069099426]",0.004970520734786987,"[-0.3011409044265747,-0.3575199246406555,0.9312968254089355,0.6798253655433655,0.036696672439575195,-0.04945829510688782,0.7307835817337036]","[0.2409815490245819,-0.15264824032783508,0.9889145493507385,0.2755545675754547,-0.5418364405632019,0.015963666141033173,0.7938690185546875]","[-0.04849079251289368,-0.09682101756334305,0.7814736366271973]","[0.10407551378011703,0.13759881258010864,0.6830497980117798,0.7097026705741882]",0.0,0.0,0.0,False,False,0.0077130794525146484
75,1,24,False,"[-0.009217493236064911,-0.08404219150543213,-0.0047490596771240234,0.03850525617599487,-0.08944767713546753,-0.01936209201812744,1.0000742673873901,0.17599034309387207,1.531602144241333,1.052230715751648,-0.5373231172561646,-0.23103663325309753,-0.8710058927536011,0.2216654121875763]","[-0.009018546901643276,-0.08368192613124847,-0.004378953017294407,0.03879820182919502,-0.0882996991276741,-0.018519340083003044]",0.04397115856409073,"[0.1765063852071762,1.533465027809143,1.0575894117355347,-0.549994707107544,-0.22484445571899414,-0.8766618967056274]",0.003735520876944065,"[-0.3012450337409973,-0.3573537766933441,0.9300471544265747,0.6775735020637512,0.03338583931326866,-0.05049422010779381,0.7329595685005188]","[0.24078869819641113,-0.15244874358177185,0.9847838282585144,0.29167047142982483,-0.5106385946273804,0.013251353986561298,0.8087032437324524]","[-0.04849079251289368,-0.09682101011276245,0.7814736366271973]","[0.10407546907663345,0.13759884238243103,0.6830498576164246,0.7097025513648987]",0.0,0.0,0.0,False,False,0.019797444343566895
76,1,25,False,"[-0.007981501519680023,-0.08413457870483398,-0.006572067737579346,0.03823871910572052,-0.0867917537689209,-0.009437620639801025,1.000271201133728,0.17877492308616638,1.530245304107666,1.0658555030822754,-0.5603289008140564,-0.23081834614276886,-0.8784575462341309,0.20139434933662415]","[-0.00810752809047699,-0.08408141136169434,-0.006312443874776363,0.038305241614580154,-0.08698388934135437,-0.010595805011689663]",0.04398632422089577,"[0.17854662239551544,1.5304909944534302,1.0649491548538208,-0.5589810609817505,-0.23007330298423767,-0.8782265782356262]",0.0025865237694233656,"[-0.3012903332710266,-0.35720503330230713,0.9293800592422485,0.6776211857795715,0.035436760634183884,-0.04679680988192558,0.7330647110939026]","[0.24004720151424408,-0.1526547372341156,0.987368643283844,0.28945469856262207,-0.5089405179023743,0.01186317391693592,0.8105891942977905]","[-0.04849079251289368,-0.09682101011276245,0.7814736366271973]","[0.1040753498673439,0.13759896159172058,0.6830498576164246,0.7097025513648987]",0.0,0.0,0.0,False,False,0.0023407936096191406
77,1,26,False,"[-0.00914601981639862,-0.08097904920578003,-0.0055460333824157715,0.04456976056098938,-0.08807823061943054,-0.010544896125793457,0.9992972612380981,0.16342242062091827,1.5432381629943848,1.0795209407806396,-0.5843328237533569,-0.21982306241989136,-0.9001246690750122,0.2058112919330597]","[-0.009021516889333725,-0.0813656747341156,-0.005584686528891325,0.04378707334399223,-0.0879376009106636,-0.010550995357334614]",0.043977148830890656,"[0.16500426828861237,1.5418657064437866,1.077648401260376,-0.5810968279838562,-0.221084862947464,-0.8973270654678345]",0.001995924860239029,"[-0.30123254656791687,-0.3571566641330719,0.9299523234367371,0.6775420904159546,0.03658431023359299,-0.04810785502195358,0.7329964637756348]","[0.24410000443458557,-0.15045292675495148,0.9867271780967712,0.2870219945907593,-0.5188471078872681,0.014935636892914772,0.8051043152809143]","[-0.048490796238183975,-0.09682101756334305,0.7814736366271973]","[0.10407544672489166,0.13759884238243103,0.6830496191978455,0.7097028493881226]",0.0,0.0,0.0,False,False,0.005059242248535156
78,1,27,False,"[-0.00952991098165512,-0.07166725397109985,-0.00736314058303833,0.034289583563804626,-0.08760133385658264,-0.011037170886993408,0.9989849328994751,0.17050103843212128,1.538536787033081,1.042112112045288,-0.488008975982666,-0.26570194959640503,-0.8316793441772461,0.2048722803592682]","[-0.009471135213971138,-0.07276672124862671,-0.0072852205485105515,0.03544895350933075,-0.08764246106147766,-0.010974764823913574]",0.04396400228142738,"[0.17004723846912384,1.5390503406524658,1.0466283559799194,-0.4998156428337097,-0.26004618406295776,-0.8400586843490601]",0.0015875243116170168,"[-0.3011752665042877,-0.35637879371643066,0.9279502630233765,0.6781368255615234,0.0301809199154377,-0.041377097368240356,0.7331488728523254]","[0.24122752249240875,-0.14927901327610016,0.9827396869659424,0.3024906516075134,-0.48683416843414307,0.018918843939900398,0.8192275762557983]","[-0.04849079251289368,-0.09682101756334305,0.7814736366271973]","[0.10407526791095734,0.13759906589984894,0.683049738407135,0.709702730178833]",0.0,0.0,0.0,False,False,0.01854085922241211
79,1,28,False,"[-0.011204160749912262,-0.07882297039031982,-0.008440673351287842,0.035652995109558105,-0.08713129162788391,-0.010132014751434326,0.9938429594039917,0.17023037374019623,1.5330642461776733,1.0538996458053589,-0.5019950270652771,-0.25726062059402466,-0.871954083442688,0.18126359581947327]","[-0.011001309379935265,-0.07813014835119247,-0.008230903185904026,0.03564903885126114,-0.08719266951084137,-0.010239461436867714]",0.04384489357471466,"[0.1701860874891281,1.5336353778839111,1.0531474351882935,-0.5016729235649109,-0.25761905312538147,-0.8678810596466064]",0.0008889214368537068,"[-0.3010217249393463,-0.3566352427005768,0.9280452728271484,0.6787784099578857,0.03195539861917496,-0.042830321937799454,0.7323962450027466]","[0.24122527241706848,-0.14911556243896484,0.9861040115356445,0.29869985580444336,-0.48958247900009155,0.003563531208783388,0.8191915154457092]","[-0.048490796238183975,-0.09682101756334305,0.7814736366271973]","[0.10407543927431107,0.13759896159172058,0.6830495595932007,0.7097027897834778]",0.0,0.0,0.0,False,False,0.006371915340423584
80,1,29,False,"[-0.008349023759365082,-0.06637650728225708,-0.00841742753982544,0.025414809584617615,-0.08993098139762878,-0.009486526250839233,0.9926198720932007,0.16313536465168,1.5205104351043701,1.0492329597473145,-0.5252432227134705,-0.2603892982006073,-0.8642112016677856,0.20307597517967224]","[-0.008656183257699013,-0.06772632151842117,-0.008515854366123676,0.026672763749957085,-0.08958934247493744,-0.009582465514540672]",0.04374229907989502,"[0.16388995945453644,1.5220714807510376,1.0494855642318726,-0.5223416090011597,-0.2600272297859192,-0.86468106508255]",0.0008970886701717973,"[-0.3013036251068115,-0.35589584708213806,0.9263185858726501,0.6773160696029663,0.02558797597885132,-0.03532368317246437,0.7343979477882385]","[0.24364034831523895,-0.1523001790046692,0.9872393608093262,0.29835206270217896,-0.49107369780540466,0.011361287906765938,0.8183541297912598]","[-0.04849079251289368,-0.09682101011276245,0.7814736366271973]","[0.10407519340515137,0.13759909570217133,0.6830496191978455,0.7097027897834778]",0.0,0.0,0.0,False,False,0.00468754768371582
81,1,30,False,"[-0.010518930852413177,-0.07600080966949463,-0.009450793266296387,0.03484392166137695,-0.08291739225387573,-0.007067948579788208,0.9972140789031982,0.15943533182144165,1.5107126235961914,1.0322712659835815,-0.4629093408584595,-0.28613436222076416,-0.8518298864364624,0.189496248960495]","[-0.010312975384294987,-0.07506397366523743,-0.009211638011038303,0.03384474664926529,-0.0837571918964386,-0.0073882536962628365]",0.043790705502033234,"[0.1599794328212738,1.5121042728424072,1.034492015838623,-0.47044703364372253,-0.28280961513519287,-0.8534699082374573]",0.0006556380540132523,"[-0.3009839355945587,-0.35633933544158936,0.9273171424865723,0.6798328161239624,0.031032709404826164,-0.039549410343170166,0.7316420078277588]","[0.24407227337360382,-0.15153126418590546,0.9885482788085938,0.30770716071128845,-0.47210693359375,1.1832131349365227e-05,0.8260939717292786]","[-0.048490796238183975,-0.09682101011276245,0.7814736366271973]","[0.10407592356204987,0.1375984251499176,0.6830499172210693,0.7097025513648987]",0.0,0.0,0.0,False,False,0.01188775897026062
82,1,31,False,"[-0.012637212872505188,-0.06836986541748047,-0.010755538940429688,0.04112556576728821,-0.08893400430679321,-0.003841012716293335,1.0004791021347046,0.17411014437675476,1.5112576484680176,1.0094845294952393,-0.4126068949699402,-0.3033996820449829,-0.8063157796859741,0.20044752955436707]","[-0.012354440055787563,-0.06915168464183807,-0.010607974603772163,0.04018199071288109,-0.08827375620603561,-0.004293251782655716]",0.04387056455016136,"[0.1726474165916443,1.5115506649017334,1.0125048160552979,-0.4199836254119873,-0.3008113503456116,-0.8123353719711304]",0.0006714765331707895,"[-0.3009181022644043,-0.35593050718307495,0.9270176887512207,0.6788933277130127,0.031640201807022095,-0.038168974220752716,0.7325610518455505]","[0.23970289528369904,-0.15176959335803986,0.9851086139678955,0.3135785162448883,-0.45374301075935364,0.0037524565123021603,0.8341293334960938]","[-0.04849079251289368,-0.09682101756334305,0.7814736366271973]","[0.10407537966966629,0.1375989466905594,0.6830495595932007,0.7097028493881226]",0.0,0.0,0.0,False,False,0.011508524417877197
83,1,32,False,"[-0.012676455080509186,-0.06405335664749146,-0.0026084184646606445,0.02833251655101776,-0.08653301000595093,0.009289473295211792,0.993593692779541,0.16200801730155945,1.5009773969650269,1.0171382427215576,-0.4429589509963989,-0.2896420955657959,-0.8197307586669922,0.18764203786849976]","[-0.012643730267882347,-0.06466291844844818,-0.00353755010291934,0.029857227578759193,-0.08675103634595871,0.007558292243629694]",0.04378565028309822,"[0.16307450830936432,1.5020393133163452,1.0166176557540894,-0.440035343170166,-0.29103806614875793,-0.8187825679779053]",0.0005044842837378383,"[-0.3008493185043335,-0.3561175465583801,0.9280787706375122,0.6794919371604919,0.03309236466884613,-0.030942369252443314,0.732282817363739]","[0.24315938353538513,-0.15317459404468536,0.9878138899803162,0.31741562485694885,-0.45916059613227844,0.005315600894391537,0.8296930193901062]","[-0.04849079251289368,-0.09682101011276245,0.7814736366271973]","[0.10407523810863495,0.13759900629520416,0.6830496191978455,0.7097028493881226]",0.0,0.0,0.0,False,False,0.004574000835418701
84,1,33,False,"[-0.011646784842014313,-0.07812690734863281,-0.01920074224472046,0.03981278836727142,-0.09842619299888611,-0.010670661926269531,0.9959743022918701,0.17564919590950012,1.4926564693450928,0.9750266075134277,-0.381849080324173,-0.31992602348327637,-0.7841408252716064,0.19650328159332275]","[-0.011738603003323078,-0.07649532705545425,-0.01744339056313038,0.03849639743566513,-0.09695497900247574,-0.008347035385668278]",0.04378135874867439,"[0.1744033247232437,1.4939371347427368,0.9799189567565918,-0.3893565237522125,-0.3162887990474701,-0.7885667681694031]",0.0004773699620272964,"[-0.3012251853942871,-0.3558349311351776,0.9250913858413696,0.6755603551864624,0.029737791046500206,-0.039362676441669464,0.7356523275375366]","[0.23955665528774261,-0.15646973252296448,0.9822002053260803,0.31713297963142395,-0.44175785779953003,0.00794067420065403,0.8391743302345276]","[-0.048490796238183975,-0.09682101756334305,0.7814736366271973]","[0.10407558083534241,0.13759884238243103,0.6830495595932007,0.7097027897834778]",0.0,0.0,0.0,False,False,0.011559665203094482
85,1,34,False,"[-0.0139879509806633,-0.07722353935241699,-0.008429408073425293,0.03552785515785217,-0.09230315685272217,-0.0027151405811309814,1.0000097751617432,0.17062756419181824,1.5050092935562134,1.0070821046829224,-0.41460829973220825,-0.3101533055305481,-0.7968374490737915,0.18128392100334167]","[-0.013732627965509892,-0.07719725370407104,-0.009338470175862312,0.03597020357847214,-0.09288708865642548,-0.003433709731325507]",0.043878376483917236,"[0.1709788292646408,1.5035537481307983,1.0040252208709717,-0.4112773835659027,-0.310920774936676,-0.7957772016525269]",0.00027776253409683704,"[-0.30092915892601013,-0.3564987778663635,0.9276331067085266,0.6776087284088135,0.033527880907058716,-0.0398499071598053,0.7335762977600098]","[0.24019356071949005,-0.15326592326164246,0.9854065775871277,0.3169114291667938,-0.4461996555328369,0.008312936872243881,0.8369012475013733]","[-0.04849079251289368,-0.09682101011276245,0.7814736366271973]","[0.10407555848360062,0.13759872317314148,0.6830496191978455,0.7097027897834778]",0.0,0.0,0.0,False,False,0.006371557712554932
86,1,35,False,"[-0.011579319834709167,-0.07656610012054443,-0.01225811243057251,0.04105056822299957,-0.08952242136001587,0.002748817205429077,0.9941114783287048,0.16972818970680237,1.459757924079895,0.9797666668891907,-0.3624371290206909,-0.3233579397201538,-0.7722535133361816,0.1916438341140747]","[-0.01184085477143526,-0.0766141340136528,-0.011983894743025303,0.04037756845355034,-0.08995051681995392,0.0019609201699495316]",0.043795932084321976,"[0.16990287601947784,1.4647608995437622,0.9827960133552551,-0.36869388818740845,-0.32178983092308044,-0.7752581238746643]",0.0003024201141670346,"[-0.30101892352104187,-0.3562849760055542,0.927123486995697,0.6778777241706848,0.035843539983034134,-0.03822443634271622,0.7333047389984131]","[0.24101191759109497,-0.1578706055879593,0.9925017356872559,0.3315313160419464,-0.4257403016090393,-0.005632378160953522,0.8419029116630554]","[-0.048490796238183975,-0.09682101756334305,0.7814736366271973]","[0.10407522320747375,0.13759909570217133,0.6830495595932007,0.7097028493881226]",0.0,0.0,0.0,False,False,0.00982964038848877
87,1,36,False,"[-0.012642398476600647,-0.06511914730072021,-0.016488969326019287,0.03964456915855408,-0.08868709206581116,0.006436347961425781,0.9932339191436768,0.17163410782814026,1.478218674659729,0.9837564826011658,-0.36926209926605225,-0.3237121105194092,-0.7856278419494629,0.1911604404449463]","[-0.012551162391901016,-0.06644587218761444,-0.016051091253757477,0.039692625403404236,-0.08884379267692566,0.005866479128599167]",0.043731365352869034,"[0.17144885659217834,1.4770352840423584,0.9833368062973022,-0.36924439668655396,-0.3234599828720093,-0.7843037843704224]",0.00027336456696502864,"[-0.3009088933467865,-0.3553370535373688,0.9249310493469238,0.6787338852882385,0.03218173608183861,-0.031258221715688705,0.7330125570297241]","[0.24024799466133118,-0.15642951428890228,0.989223062992096,0.32584890723228455,-0.42960092425346375,-0.004957264289259911,0.8421643972396851]","[-0.04849079251289368,-0.09682101011276245,0.7814736366271973]","[0.10407545417547226,0.13759887218475342,0.6830498576164246,0.7097025513648987]",0.0,0.0,0.0,False,False,0.005508780479431152
88,1,37,False,"[-0.013276003301143646,-0.08071041107177734,-0.011034846305847168,0.04492500424385071,-0.09459877014160156,0.00800064206123352,1.001763105392456,0.18377715349197388,1.5015655755996704,0.9875544905662537,-0.3764561414718628,-0.3086845874786377,-0.7585623264312744,0.1973150074481964]","[-0.013179101049900055,-0.07909691333770752,-0.01140802726149559,0.04434303194284439,-0.09387043118476868,0.007727988064289093]",0.04383540153503418,"[0.1824055016040802,1.4987038373947144,0.9871315956115723,-0.3754892349243164,-0.3105761706829071,-0.7618474364280701]",0.0004063766682520509,"[-0.30100974440574646,-0.3565354347229004,0.9278796315193176,0.6766867637634277,0.04003528878092766,-0.03880765661597252,0.7341567277908325]","[0.2368786782026291,-0.15430426597595215,0.9838156700134277,0.324834942817688,-0.4354105293750763,0.010874015279114246,0.8395127058029175]","[-0.04849079251289368,-0.09682101011276245,0.7814736366271973]","[0.10407563298940659,0.1375986635684967,0.6830499172210693,0.7097024917602539]",0.0,0.0,0.0,False,False,0.005354762077331543
89,1,38,False,"[-0.012416325509548187,-0.07112669944763184,-0.005932152271270752,0.040184929966926575,-0.08490201830863953,0.016811519861221313,1.0034970045089722,0.1754484325647354,1.466050148010254,0.9623711705207825,-0.31927821040153503,-0.34387022256851196,-0.7419083118438721,0.19790074229240417]","[-0.012525348924100399,-0.07204455137252808,-0.006658025085926056,0.040697693824768066,-0.08603578805923462,0.0156543031334877]",0.04390750080347061,"[0.17624154686927795,1.4695321321487427,0.9657195210456848,-0.32639411091804504,-0.3396398723125458,-0.7444526553153992]",0.0005698978202417493,"[-0.30084359645843506,-0.35643061995506287,0.928613007068634,0.6792780160903931,0.04092056676745415,-0.03355665132403374,0.7319703698158264]","[0.238480806350708,-0.15721853077411652,0.9887604117393494,0.3340218663215637,-0.41058626770973206,-0.0012064328184351325,0.8484378457069397]","[-0.04849079251289368,-0.09682101011276245,0.7814736366271973]","[0.10407562553882599,0.1375986784696579,0.6830496788024902,0.709702730178833]",0.0,0.0,0.0,False,False,0.011250346899032593
90,1,39,False,"[-0.01586771011352539,-0.0629083514213562,-0.0029138922691345215,0.029847726225852966,-0.08750510215759277,0.018911093473434448,0.9930038452148438,0.17639166116714478,1.4679615497589111,0.9533296823501587,-0.3226741552352905,-0.32746365666389465,-0.7432646155357361,0.16959473490715027]","[-0.015472067520022392,-0.06396401673555374,-0.0034257934894412756,0.031208395957946777,-0.08731145411729813,0.01849685236811638]",0.043791018426418304,"[0.17634816467761993,1.4684169292449951,0.954518735408783,-0.3232412338256836,-0.32900235056877136,-0.7434163093566895]",0.0,"[-0.3005995750427246,-0.3560936748981476,0.928194522857666,0.6801167726516724,0.037014108151197433,-0.02727898769080639,0.7316603064537048]","[0.23898617923259735,-0.15857556462287903,0.9857795238494873,0.3360961675643921,-0.41512277722358704,0.001487657311372459,0.8454053401947021]","[-0.04849079251289368,-0.09682101011276245,0.7814736366271973]","[0.104075588285923,0.13759884238243103,0.6830498576164246,0.7097026109695435]",0.0,0.0,0.0,False,False,0.003990590572357178
91,1,40,False,"[-0.01540076732635498,-0.06439697742462158,-0.0023528337478637695,0.040211498737335205,-0.08380305767059326,0.023088425397872925,1.0003045797348022,0.1814935952425003,1.4515037536621094,0.9346204400062561,-0.27403876185417175,-0.34306058287620544,-0.699406623840332,0.19875702261924744]","[-0.015417279675602913,-0.06437639147043228,-0.002388992812484503,0.03909405693411827,-0.08424609154462814,0.022503197193145752]",0.04387218877673149,"[0.18097084760665894,1.453328013420105,0.9372360110282898,-0.2802788019180298,-0.3412916362285614,-0.7050245404243469]",0.00031125059467740357,"[-0.3005189597606659,-0.356269896030426,0.9293335676193237,0.6809521913528442,0.041568804532289505,-0.029234575107693672,0.7305623292922974]","[0.23755645751953125,-0.16027040779590607,0.9875531792640686,0.3461385667324066,-0.39519551396369934,0.001532814116217196,0.8508855104446411]","[-0.048490796238183975,-0.09682101756334305,0.7814736366271973]","[0.10407549887895584,0.13759887218475342,0.6830494999885559,0.7097029089927673]",0.0,0.0,0.0,False,False,0.009830087423324585
92,1,41,False,"[-0.0185154527425766,-0.05192983150482178,-0.0013666749000549316,0.03797106444835663,-0.07930690050125122,0.02004668116569519,0.9972841739654541,0.18011705577373505,1.4506206512451172,0.9371960163116455,-0.2817257344722748,-0.3491145968437195,-0.696568489074707,0.18659359216690063]","[-0.018161064013838768,-0.05337591841816902,-0.0015630575362592936,0.0380859412252903,-0.07992443442344666,0.02036093920469284]",0.04386739805340767,"[0.1802133470773697,1.4510201215744019,0.9371030926704407,-0.2815660834312439,-0.34811916947364807,-0.6976454257965088]",0.00022054370492696762,"[-0.3001254200935364,-0.35561832785606384,0.9287020564079285,0.6837921738624573,0.03714587166905403,-0.025875721126794815,0.7282711267471313]","[0.23767106235027313,-0.1606844663619995,0.9881114959716797,0.3458702266216278,-0.3918145000934601,0.004744591657072306,0.8525448441505432]","[-0.04849079251289368,-0.09682101011276245,0.7814736366271973]","[0.10407541692256927,0.1375989466905594,0.6830497980117798,0.7097026109695435]",0.0,0.0,0.0,False,False,0.0024896450340747833
93,1,42,False,"[-0.015082880854606628,-0.045374274253845215,0.0038980841636657715,0.03178124129772186,-0.072427898645401,0.03629177808761597,0.9915982484817505,0.17212197184562683,1.4188538789749146,0.9341599941253662,-0.2874200940132141,-0.33441466093063354,-0.7189021110534668,0.19587081670761108]","[-0.015462442301213741,-0.04632796719670296,0.003275141818448901,0.03259435296058655,-0.07337891310453415,0.034260980784893036]",0.04373326152563095,"[0.17296119034290314,1.4224300384521484,0.9345582723617554,-0.2866920530796051,-0.3361494839191437,-0.7161890268325806]",0.00039868976455181837,"[-0.3001891076564789,-0.35548511147499084,0.9292857050895691,0.6850717663764954,0.03947947919368744,-0.017856623977422714,0.7271857857704163]","[0.2408178746700287,-0.16432850062847137,0.9947242140769958,0.3532443940639496,-0.3931947946548462,-0.010263225063681602,0.8488291501998901]","[-0.048490796238183975,-0.09682101756334305,0.7814736366271973]","[0.10407555848360062,0.13759885728359222,0.6830496191978455,0.7097027897834778]",0.0,0.0,0.0,False,False,0.007389545440673828
94,1,43,False,"[-0.016524627804756165,-0.042111992835998535,0.003549337387084961,0.029614686965942383,-0.07188200950622559,0.034841299057006836,1.0020945072174072,0.1778908669948578,1.4096335172653198,0.9009903073310852,-0.23626500368118286,-0.3581085503101349,-0.694745659828186,0.20293796062469482]","[-0.01640254445374012,-0.04259542003273964,0.003478636033833027,0.029979633167386055,-0.07206833362579346,0.03476841747760773]",0.043839555233716965,"[0.17742684483528137,1.411385416984558,0.9047841429710388,-0.24280591309070587,-0.3553334176540375,-0.6974871158599854]",0.0005680376780219376,"[-0.3000585734844208,-0.35524100065231323,0.9288244843482971,0.6859981417655945,0.037602171301841736,-0.015415220521390438,0.7264673113822937]","[0.23949415981769562,-0.16728146374225616,0.9916025400161743,0.35346636176109314,-0.378390908241272,-0.01232191827148199,0.8554121851921082]","[-0.048490796238183975,-0.09682101756334305,0.7814736366271973]","[0.10407538712024689,0.13759897649288177,0.6830495595932007,0.7097028493881226]",0.0,0.0,0.0,False,False,0.010058686137199402
95,1,44,False,"[-0.016518086194992065,-0.03845810890197754,0.0021454691886901855,0.026877909898757935,-0.07713806629180908,0.03869980573654175,0.9964603185653687,0.17437176406383514,1.4104654788970947,0.9030432105064392,-0.21965578198432922,-0.37541094422340393,-0.6824304461479187,0.19555041193962097]","[-0.01649484597146511,-0.03893390670418739,0.002266468945890665,0.027255533263087273,-0.07649630308151245,0.038198404014110565]",0.04382573440670967,"[0.17473052442073822,1.4104900360107422,0.9034233093261719,-0.2225516140460968,-0.37285560369491577,-0.6843505501747131]",0.0006073484546504915,"[-0.30017223954200745,-0.35491010546684265,0.9278764128684998,0.6845015287399292,0.036130163818597794,-0.011391504667699337,0.7280263304710388]","[0.23963934183120728,-0.1663501262664795,0.9929602742195129,0.35485604405403137,-0.36644086241722107,-0.013389182277023792,0.8600109815597534]","[-0.04849079251289368,-0.09682101011276245,0.7814736366271973]","[0.10407552123069763,0.13759875297546387,0.6830496788024902,0.709702730178833]",0.0,0.0,0.0,False,False,0.004624560475349426
96,1,45,False,"[-0.020274806767702103,-0.023623228073120117,0.02369171380996704,0.03472954034805298,-0.05863499641418457,0.050344109535217285,1.000993251800537,0.17975229024887085,1.389176368713379,0.8857825994491577,-0.1733854115009308,-0.37119364738464355,-0.6465202569961548,0.1995527744293213]","[-0.019868459552526474,-0.025534454733133316,0.02143244631588459,0.03389072045683861,-0.060883499681949615,0.04879704490303993]",0.04390330985188484,"[0.17920377850532532,1.391634464263916,0.8879969716072083,-0.1796460896730423,-0.3714195489883423,-0.6513491868972778]",0.0006766643491573632,"[-0.2994115650653839,-0.35547614097595215,0.9340065121650696,0.6909089088439941,0.0442759171128273,-0.012108049355447292,0.721483051776886]","[0.23873205482959747,-0.16839437186717987,0.9962757229804993,0.3675510883331299,-0.3490631878376007,-0.018181588500738144,0.8618181347846985]","[-0.04849079251289368,-0.09682101756334305,0.7814736366271973]","[0.10407543182373047,0.137598916888237,0.6830496788024902,0.709702730178833]",0.0,0.0,0.0,False,False,0.009858042001724243
97,1,46,False,"[-0.021848682314157486,-0.023179233074188232,0.03009435534477234,0.03545543551445007,-0.06225961446762085,0.06169065833091736,1.0030378103256226,0.17799291014671326,1.3585810661315918,0.8746796250343323,-0.19940504431724548,-0.3603144586086273,-0.6521564722061157,0.21501946449279785]","[-0.021615905687212944,-0.023440225049853325,0.02903539501130581,0.035263583064079285,-0.06207852438092232,0.060047537088394165]",0.04393318295478821,"[0.17809981107711792,1.3624011278152466,0.8760461211204529,-0.19699731469154358,-0.36173754930496216,-0.6520527601242065]",0.0010451938724145293,"[-0.29929038882255554,-0.35592326521873474,0.9365543127059937,0.6906791925430298,0.050447169691324234,-0.010627297684550285,0.7213212251663208]","[0.24042533338069916,-0.1745193749666214,0.9989068508148193,0.37125644087791443,-0.35167691111564636,-0.018527818843722343,0.8591558337211609]","[-0.048490796238183975,-0.09682101756334305,0.7814736366271973]","[0.10407543182373047,0.13759897649288177,0.6830495595932007,0.7097027897834778]",0.0,0.0,0.0,False,False,0.00684356689453125
98,1,47,False,"[-0.0251711867749691,0.006337165832519531,0.03689950704574585,0.023133575916290283,-0.04811275005340576,0.06930139660835266,0.9933404922485352,0.17342790961265564,1.3323103189468384,0.8566251993179321,-0.20350883901119232,-0.3279091417789459,-0.6389768123626709,0.21604490280151367]","[-0.024782927706837654,0.0028796882834285498,0.03580862656235695,0.02462531253695488,-0.04986852779984474,0.06812405586242676]",0.04382349178195,"[0.1738511472940445,1.3357995748519897,0.858753502368927,-0.2027873545885086,-0.33219772577285767,-0.6406453251838684]",0.0013113969471305609,"[-0.298603892326355,-0.3544769883155823,0.935856282711029,0.6967139840126038,0.043327413499355316,0.0032989992760121822,0.7160316705703735]","[0.24339665472507477,-0.17986106872558594,0.999701738357544,0.3859403133392334,-0.35604196786880493,-0.015068043023347855,0.8509154915809631]","[-0.048490796238183975,-0.09682101756334305,0.7814736366271973]","[0.10407540202140808,0.13759885728359222,0.6830496191978455,0.7097028493881226]",0.0,0.0,0.0,False,False,0.0067469775676727295
99,1,48,False,"[-0.020366162061691284,0.004039406776428223,0.02665981650352478,0.03116588294506073,-0.05403977632522583,0.0783897340297699,0.9902607202529907,0.1701044738292694,1.3075872659683228,0.8474400639533997,-0.17850922048091888,-0.3170071840286255,-0.630426287651062,0.25489988923072815]","[-0.020878709852695465,0.003919783979654312,0.027713492512702942,0.030304279178380966,-0.053518977016210556,0.07708073407411575]",0.0436689555644989,"[0.17047996819019318,1.3107830286026,0.8488616943359375,-0.18160684406757355,-0.3189305365085602,-0.6317299008369446]",0.0023216339759528637,"[-0.2990702688694,-0.35388121008872986,0.9335741400718689,0.6938850283622742,0.045172058045864105,0.00787575263530016,0.7186242938041687]","[0.24522066116333008,-0.1828242540359497,1.0044221878051758,0.3999086320400238,-0.3478917181491852,-0.024982159957289696,0.8475967049598694]","[-0.04849079251289368,-0.09682101011276245,0.7814736366271973]","[0.10407531261444092,0.13759884238243103,0.6830498576164246,0.7097026109695435]",0.0,0.0,0.0,False,False,0.0061261653900146484
100,1,49,False,"[-0.02172752097249031,0.025835812091827393,0.03823983669281006,0.030902549624443054,-0.04401087760925293,0.09545654058456421,0.9964125752449036,0.1744811087846756,1.2425792217254639,0.770673394203186,-0.0829809233546257,-0.35382258892059326,-0.5562834143638611,0.27314990758895874]","[-0.02164880558848381,0.02320726215839386,0.03709658607840538,0.03086143732070923,-0.04520874470472336,0.09311497211456299]",0.043730657547712326,"[0.17414195835590363,1.2503893375396729,0.7799537181854248,-0.09570559859275818,-0.34943562746047974,-0.5659177303314209]",0.0032619775738567114,"[-0.2987405061721802,-0.35316145420074463,0.9353480339050293,0.6969772577285767,0.04777480289340019,0.016970686614513397,0.7152987122535706]","[0.24547620117664337,-0.19483289122581482,1.0039993524551392,0.41078758239746094,-0.3063586950302124,-0.026698708534240723,0.8583036065101624]","[-0.04849079251289368,-0.09682101756334305,0.7814736366271973]","[0.10407521575689316,0.13759908080101013,0.6830496191978455,0.7097027897834778]",0.0,0.0,0.0,False,False,0.019697047770023346
101,2,0,True,"[-0.014321558177471161,-0.004492521286010742,-0.012821316719055176,-0.04965989291667938,-0.030326098203659058,0.08878612518310547,1.028158187866211,0.31954655051231384,1.0503365993499756,0.8135051131248474,-0.7113133072853088,0.056481778621673584,-0.7383644580841064,0.8283013105392456]","[-0.015211512334644794,-0.0008261633338406682,-0.007934743538498878,-0.03979703038930893,-0.03221927955746651,0.08934096246957779]",0.04385259002447128,"[0.30375906825065613,1.0839771032333374,0.8102681040763855,-0.29167643189430237,-0.15762536227703094,-0.7161200642585754]",0.011538522318005562,"[-0.298971563577652,-0.3520338237285614,0.9150054454803467,0.7007912993431091,0.015122608281672001,0.048790764063596725,0.7115350961685181]","[0.22762243449687958,-0.23284664750099182,1.0349069833755493,0.3995994031429291,-0.37496596574783325,-0.11538733541965485,0.8284965753555298]","[-0.04849079251289368,-0.09682101011276245,0.7814736366271973]","[0.10407541692256927,0.13759897649288177,0.6830498576164246,0.7097026109695435]",0.0,0.0,0.0,False,False,0.4378228485584259
102,2,1,False,"[-0.013113796710968018,-0.011894643306732178,-0.014383792877197266,-0.04457331448793411,-0.03289178013801575,0.08481276035308838,1.030922293663025,0.31729063391685486,1.0710463523864746,0.8431227207183838,-0.7363094687461853,0.04809856414794922,-0.7776210904121399,0.8399957418441772]","[-0.013356877490878105,-0.010742777027189732,-0.013188372366130352,-0.0438554510474205,-0.03281211853027344,0.08538918197154999]",0.04389427974820137,"[0.3155975043773651,1.0741618871688843,0.8377677202224731,-0.4853680431842804,0.01577603816986084,-0.7697827219963074]",0.019383542239665985,"[-0.299173504114151,-0.352270245552063,0.9135896563529968,0.699944019317627,0.01389878150075674,0.04719292372465134,0.712501049041748]","[0.2331543266773224,-0.24239632487297058,1.0307821035385132,0.40666940808296204,-0.47490131855010986,-0.09269457310438156,0.7749170064926147]","[-0.048490796238183975,-0.09682101756334305,0.7814736366271973]","[0.10407549142837524,0.13759885728359222,0.6830494999885559,0.7097029685974121]",0.0,0.0,0.0,False,False,0.27093368768692017
103,2,2,False,"[-0.01437588781118393,-0.009904026985168457,-0.006795227527618408,-0.03763200342655182,-0.03218561410903931,0.08654800057411194,1.0393232107162476,0.3165842294692993,1.1314489841461182,0.9004600048065186,-0.7821207642555237,0.04313245415687561,-0.8343768119812012,0.8437075614929199]","[-0.0142575828358531,-0.010057855397462845,-0.00740573788061738,-0.03836912661790848,-0.03226300701498985,0.08640000224113464]",0.04393729940056801,"[0.31642481684684753,1.1252362728118896,0.8930051922798157,-0.6751790046691895,0.039682772010564804,-0.8261364102363586]",0.02589670941233635,"[-0.2990729808807373,-0.35251620411872864,0.9160418510437012,0.7003719806671143,0.017931479960680008,0.04371415078639984,0.7122125029563904]","[0.23396018147468567,-0.24321328103542328,1.0256625413894653,0.3516664206981659,-0.5471382141113281,-0.058870647102594376,0.757300853729248]","[-0.04849079251289368,-0.09682101756334305,0.7814736366271973]","[0.10407561808824539,0.13759875297546387,0.6830496788024902,0.709702730178833]",0.0,0.0,0.0,False,False,0.12639391422271729
104,2,3,False,"[-0.01702621579170227,-0.010001718997955322,0.005066037178039551,-0.04441840946674347,-0.03240102529525757,0.07061326503753662,1.0355747938156128,0.3073466420173645,1.1884629726409912,0.9415437579154968,-0.8076463937759399,0.03338128328323364,-0.8770285844802856,0.8577831387519836]","[-0.01669900491833687,-0.010029506869614124,0.0036471353378146887,-0.0436059907078743,-0.03237982466816902,0.07262630760669708]",0.043962836265563965,"[0.3083961009979248,1.1810193061828613,0.9354691505432129,-0.7908045053482056,0.03419408202171326,-0.8705424666404724]",0.03025524877011776,"[-0.29884853959083557,-0.35313987731933594,0.9193044304847717,0.7012671828269958,0.015149753540754318,0.03670193627476692,0.7117919921875]","[0.23452171683311462,-0.23976032435894012,1.021260380744934,0.3048485815525055,-0.588236391544342,-0.033282455056905746,0.7482897639274597]","[-0.048490796238183975,-0.09682101756334305,0.7814736366271973]","[0.10407557338476181,0.13759875297546387,0.683049738407135,0.7097026705741882]",0.0,0.0,0.0,False,False,0.026481211185455322
105,2,4,False,"[-0.018154069781303406,-0.0187680721282959,0.015508949756622314,-0.037486739456653595,-0.028134524822235107,0.0561809241771698,1.0338531732559204,0.2961805760860443,1.2509243488311768,0.9749554991722107,-0.8281773328781128,0.02407681941986084,-0.939410924911499,0.8570131063461304]","[-0.017990412190556526,-0.017781147733330727,0.014246191829442978,-0.03819356486201286,-0.028670376166701317,0.058277033269405365]",0.04397527128458023,"[0.29760462045669556,1.2427878379821777,0.9704262018203735,-0.8232102394104004,0.02538497932255268,-0.9306250214576721]",0.032775264233350754,"[-0.298634797334671,-0.35419994592666626,0.9240264296531677,0.7029736042022705,0.01835954189300537,0.02294275537133217,0.7106086611747742]","[0.23360729217529297,-0.22955451905727386,1.0174776315689087,0.27150461077690125,-0.6093366742134094,-0.033288534730672836,0.7442350387573242]","[-0.04849079251289368,-0.09682101756334305,0.7814736366271973]","[0.10407523065805435,0.13759911060333252,0.6830494999885559,0.7097029089927673]",0.0,0.0,0.0,False,False,0.01448678970336914
106,2,5,False,"[-0.017709851264953613,-0.017221689224243164,0.01777857542037964,-0.034446604549884796,-0.02461785078048706,0.06072109937667847,1.0436550378799438,0.28752487897872925,1.3237749338150024,1.0396097898483276,-0.8737273216247559,0.0184384286403656,-1.0299108028411865,0.8437128067016602]","[-0.017751822248101234,-0.017265519127249718,0.017297843471169472,-0.03493279218673706,-0.025129858404397964,0.06040892004966736]",0.043984632939100266,"[0.2887064516544342,1.3142362833023071,1.0316853523254395,-0.8669643402099609,0.019338108599185944,-1.0172450542449951]",0.03396151587367058,"[-0.29855793714523315,-0.3543618619441986,0.9253392815589905,0.7040687203407288,0.021144691854715347,0.021569587290287018,0.7094890475273132]","[0.23163455724716187,-0.2163456678390503,1.0180906057357788,0.2302567958831787,-0.6308627724647522,-0.04503824934363365,0.7395710945129395]","[-0.048490796238183975,-0.09682101756334305,0.7814736366271973]","[0.10407549887895584,0.1375989019870758,0.6830494999885559,0.7097029089927673]",0.0,0.0,0.0,False,False,0.019812822341918945
107,2,6,False,"[-0.017324887216091156,-0.01798880100250244,0.029592692852020264,-0.02819930762052536,-0.018459349870681763,0.0550304651260376,1.054526448249817,0.27637535333633423,1.35286283493042,1.0623377561569214,-0.8822023272514343,0.01644974946975708,-1.0587067604064941,0.8647500872612]","[-0.01738828234374523,-0.017960671335458755,0.028300372883677483,-0.02898234874010086,-0.0193038173019886,0.05571652203798294]",0.043988339602947235,"[0.27776670455932617,1.3483160734176636,1.0588750839233398,-0.8800885677337646,0.01684265024960041,-1.0534182786941528]",0.03505146875977516,"[-0.2984374463558197,-0.355141818523407,0.929699182510376,0.7058548927307129,0.025667961686849594,0.013500583358108997,0.7077624797821045]","[0.23224210739135742,-0.209034726023674,1.0177216529846191,0.21606464684009552,-0.6386032700538635,-0.0482860803604126,0.7370008826255798]","[-0.04849079251289368,-0.09682101756334305,0.7814736366271973]","[0.10407556593418121,0.1375988870859146,0.6830496788024902,0.709702730178833]",0.0,0.0,0.0,False,False,0.008268356323242188
108,2,7,False,"[-0.010690674185752869,-0.017160415649414062,0.018948078155517578,-0.033507220447063446,-0.026806503534317017,0.05621153116226196,1.0462449789047241,0.27927592396736145,1.4078800678253174,1.1026151180267334,-0.9073131680488586,0.012777596712112427,-1.1429983377456665,0.8274031281471252]","[-0.011462234891951084,-0.01715906150639057,0.01979592815041542,-0.033024825155735016,-0.025870611891150475,0.05614722892642021]",0.04398975148797035,"[0.27914711833000183,1.4010255336761475,1.0975068807601929,-0.9036260843276978,0.013288973830640316,-1.13157320022583]",0.03491547331213951,"[-0.2991826832294464,-0.354511022567749,0.9263638854026794,0.7015706896781921,0.021064938977360725,0.018579404801130295,0.7120460271835327]","[0.22904706001281738,-0.19952596724033356,1.0155454874038696,0.17766332626342773,-0.652512788772583,-0.06497478485107422,0.7337854504585266]","[-0.04849079251289368,-0.09682101756334305,0.7814736366271973]","[0.10407555848360062,0.13759884238243103,0.683049738407135,0.7097026705741882]",0.0,0.0,0.0,False,False,0.017877578735351562
109,2,8,False,"[-0.016118444502353668,-0.022600650787353516,0.020511925220489502,-0.013114303350448608,-0.023613542318344116,0.029403388500213623,1.041779637336731,0.26893359422683716,1.4607195854187012,1.1409388780593872,-0.9400306940078735,-0.0009326636791229248,-1.1949031352996826,0.8170431852340698]","[-0.015571513213217258,-0.022041145712137222,0.020665716379880905,-0.0155731700360775,-0.02389368787407875,0.03281344845890999]",0.04399522393941879,"[0.27010583877563477,1.4537315368652344,1.1359000205993652,-0.9351836442947388,0.0008913359488360584,-1.1868258714675903]",0.03459375351667404,"[-0.2987390160560608,-0.35490208864212036,0.9287137985229492,0.7037372589111328,0.02095133066177368,0.0018719425424933434,0.710148811340332]","[0.22848933935165405,-0.19004616141319275,1.0124657154083252,0.1457187831401825,-0.6614102125167847,-0.06637202203273773,0.7327327728271484]","[-0.048490796238183975,-0.09682101756334305,0.7814736366271973]","[0.10407571494579315,0.13759854435920715,0.6830496788024902,0.7097027897834778]",0.0,0.0,0.0,False,False,0.012634038925170898
110,2,9,False,"[-0.010581739246845245,-0.008861899375915527,0.013447463512420654,-0.018523894250392914,-0.030306458473205566,0.05100637674331665,1.0441447496414185,0.2600344717502594,1.512138843536377,1.1659257411956787,-0.9475007057189941,-0.002594292163848877,-1.2741481065750122,0.7742888927459717]","[-0.011157757602632046,-0.010337680578231812,0.014073415659368038,-0.01823650859296322,-0.02950294129550457,0.04868491739034653]",0.04399021714925766,"[0.2611735463142395,1.505358338356018,1.1625289916992188,-0.9457105994224548,-0.0021313710603863,-1.263008952140808]",0.03347204625606537,"[-0.29930850863456726,-0.3537420630455017,0.9253314137458801,0.70022052526474,0.019187869504094124,0.015144573524594307,0.713507890701294]","[0.22824078798294067,-0.18014037609100342,1.006445050239563,0.11135432124137878,-0.6712461113929749,-0.07914689183235168,0.7285358905792236]","[-0.048490796238183975,-0.09682101756334305,0.7814736366271973]","[0.1040753424167633,0.13759897649288177,0.6830496191978455,0.7097028493881226]",0.0,0.0,0.0,False,False,0.017425537109375
111,2,10,False,"[-0.0076380521059036255,-0.02545219659805298,0.012035727500915527,-0.009849689900875092,-0.022485285997390747,0.02630460262298584,1.0388543605804443,0.23892907798290253,1.5261902809143066,1.2150745391845703,-0.9824858903884888,-0.017237544059753418,-1.3212562799453735,0.7796361446380615]","[-0.008062083274126053,-0.023727307096123695,0.012464219704270363,-0.010857073590159416,-0.023382950574159622,0.02915872447192669]",0.043996412307024,"[0.24139679968357086,1.5233168601989746,1.2092037200927734,-0.977594792842865,-0.015282305888831615,-1.3138248920440674]",0.032943595200777054,"[-0.29943493008613586,-0.35445284843444824,0.926514208316803,0.7013024091720581,0.019042320549488068,0.001293789828196168,0.7126082181930542]","[0.23198071122169495,-0.17383021116256714,1.0138087272644043,0.09858425706624985,-0.6707448959350586,-0.08939279615879059,0.7296515107154846]","[-0.048490796238183975,-0.09682101756334305,0.7814736366271973]","[0.10407551378011703,0.13759897649288177,0.6830493807792664,0.7097030282020569]",0.0,0.0,0.0,False,False,0.01170659065246582
112,2,11,False,"[-0.0068901777267456055,-0.027376949787139893,6.365776062011719e-05,0.004764974117279053,-0.02309805154800415,0.027441054582595825,1.0301111936569214,0.22330045700073242,1.5777828693389893,1.225818157196045,-0.971846878528595,-0.03332898020744324,-1.371330976486206,0.7573118805885315]","[-0.007027800660580397,-0.026914097368717194,0.0014449971495196223,0.0027315474580973387,-0.023136157542467117,0.027658818289637566]",0.043997813016176224,"[0.22535227239131927,1.5719603300094604,1.223711371421814,-0.9724059700965881,-0.031002210453152657,-1.3639934062957764]",0.03205840662121773,"[-0.299523264169693,-0.353946328163147,0.924325704574585,0.7009797096252441,0.020521994680166245,-0.0012964269844815135,0.7128846645355225]","[0.23391376435756683,-0.16388864815235138,1.004854440689087,0.07583202421665192,-0.6719114780426025,-0.09178972989320755,0.7309986352920532]","[-0.048490796238183975,-0.09682101756334305,0.7814736366271973]","[0.1040753573179245,0.13759896159172058,0.6830494999885559,0.7097029685974121]",0.0,0.0,0.0,False,False,0.013403773307800293
113,2,12,False,"[-0.007486589252948761,-0.026394367218017578,-0.002741575241088867,0.013240665197372437,-0.022258073091506958,0.018759846687316895,1.0362275838851929,0.20416128635406494,1.5848544836044312,1.2666399478912354,-1.0213216543197632,-0.022817134857177734,-1.4135620594024658,0.7203680872917175]","[-0.007433233316987753,-0.026478102430701256,-0.0021867197938263416,0.011913025751709938,-0.022369220852851868,0.01989436335861683]",0.043999083340168,"[0.2064485400915146,1.5827622413635254,1.261859655380249,-1.0149728059768677,-0.02382025495171547,-1.4072383642196655]",0.03080204501748085,"[-0.29946044087409973,-0.35371193289756775,0.923944890499115,0.7014238238334656,0.019587382674217224,-0.005900544114410877,0.7124506831169128]","[0.2390899956226349,-0.16051630675792694,1.011307716369629,0.06375470012426376,-0.6785252690315247,-0.09605447947978973,0.7254738807678223]","[-0.048490796238183975,-0.09682101756334305,0.7814736366271973]","[0.10407572239637375,0.13759855926036835,0.6830496191978455,0.7097027897834778]",0.0,0.0,0.0,False,False,0.010092377662658691
114,2,13,False,"[-0.006813161075115204,-0.02931433916091919,-0.0014169812202453613,0.011089041829109192,-0.020239949226379395,0.011252790689468384,1.022939682006836,0.19640091061592102,1.601918339729309,1.2791054248809814,-1.0264726877212524,-0.04218780994415283,-1.4666568040847778,0.6715485453605652]","[-0.006889409385621548,-0.028987642377614975,-0.0014830076834186912,0.011205331422388554,-0.020511338487267494,0.01235415693372488]",0.04399869218468666,"[0.1975783109664917,1.5999150276184082,1.2769103050231934,-1.0249594449996948,-0.03984108567237854,-1.4590790271759033]",0.028947068378329277,"[-0.2994603216648102,-0.3539019227027893,0.9243071675300598,0.7019385695457458,0.01783483661711216,-0.009472019039094448,0.7119510769844055]","[0.2405502051115036,-0.15680932998657227,1.010438084602356,0.04368358850479126,-0.6759147644042969,-0.10733018070459366,0.7278125882148743]","[-0.048490796238183975,-0.09682101011276245,0.7814736366271973]","[0.10407557338476181,0.13759873807430267,0.6830497980117798,0.7097026705741882]",0.0,0.0,0.0,False,False,0.01185595989227295
115,2,14,False,"[-0.005208738148212433,-0.032326579093933105,0.0013616681098937988,0.012345701456069946,-0.02369782328605652,0.012241095304489136,1.0231497287750244,0.18317106366157532,1.5967779159545898,1.2733756303787231,-1.0281223058700562,-0.043500810861587524,-1.4615758657455444,0.664680540561676]","[-0.005399621091783047,-0.031947728246450424,0.001069913967512548,0.012221870943903923,-0.02329842373728752,0.01225469633936882]",0.04399702697992325,"[0.1847255676984787,1.5970405340194702,1.2738368511199951,-1.0277421474456787,-0.04300924763083458,-1.4612590074539185]",0.027688998728990555,"[-0.29968592524528503,-0.3542545437812805,0.92549729347229,0.700353741645813,0.02005615644156933,-0.011847454123198986,0.7134156823158264]","[0.24442565441131592,-0.1571139693260193,1.0103498697280884,0.04631440341472626,-0.6757828593254089,-0.10268000513315201,0.7284429669380188]","[-0.04849079251289368,-0.09682101756334305,0.7814736366271973]","[0.10407566279172897,0.13759872317314148,0.6830498576164246,0.7097026109695435]",0.0,0.0,0.0,False,False,0.003031626343727112
116,2,15,False,"[-0.008898340165615082,-0.03422904014587402,-0.004171967506408691,0.019555598497390747,-0.0258905291557312,-0.0021847784519195557,1.0196118354797363,0.16424418985843658,1.6285879611968994,1.298914909362793,-1.0383646488189697,-0.06081199645996094,-1.4850502014160156,0.5891543626785278]","[-0.008479815907776356,-0.03394293785095215,-0.0035950755700469017,0.018601728603243828,-0.025557901710271835,-0.00034371978836134076]",0.043998245149850845,"[0.16651587188243866,1.6250165700912476,1.2959461212158203,-1.0368714332580566,-0.05851621553301811,-1.4820103645324707]",0.025332635268568993,"[-0.2994549870491028,-0.35408639907836914,0.9246801733970642,0.7007284164428711,0.016889726743102074,-0.01771627552807331,0.7130079865455627]","[0.24836121499538422,-0.15049730241298676,1.0083026885986328,0.039519183337688446,-0.6728623509407043,-0.09859628975391388,0.7321019172668457]","[-0.048490796238183975,-0.09682101756334305,0.7814736366271973]","[0.10407533496618271,0.13759902119636536,0.6830494999885559,0.7097029089927673]",0.0,0.0,0.0,False,False,0.006896853446960449
117,2,16,False,"[-0.006144985556602478,-0.030500054359436035,-0.006171226501464844,0.013443365693092346,-0.029416561126708984,0.009792327880859375,1.0154392719268799,0.1379355788230896,1.6105960607528687,1.2864598035812378,-1.0420150756835938,-0.062403321266174316,-1.5200624465942383,0.5610480308532715]","[-0.006413074675947428,-0.03088640421628952,-0.005927364807575941,0.014074321836233139,-0.02893238328397274,0.008498923853039742]",0.04399530217051506,"[0.14100858569145203,1.6120481491088867,1.2876752614974976,-1.041428804397583,-0.06185517832636833,-1.5152087211608887]",0.023257769644260406,"[-0.2997487783432007,-0.3537334203720093,0.9232171177864075,0.69879549741745,0.016525056213140488,-0.011000625789165497,0.7150458693504333]","[0.25638431310653687,-0.15254594385623932,1.0096490383148193,0.037467386573553085,-0.6735648512840271,-0.10218744724988937,0.7310705184936523]","[-0.048490796238183975,-0.09682101756334305,0.7814736366271973]","[0.10407561808824539,0.13759882748126984,0.6830495595932007,0.7097027897834778]",0.0,0.0,0.0,False,False,0.007592916488647461
118,2,17,False,"[-0.005797743797302246,-0.04226994514465332,0.009155094623565674,0.02638775110244751,-0.03703537583351135,0.006343930959701538,1.0057721138000488,0.11214322596788406,1.6249890327453613,1.280933141708374,-1.0355149507522583,-0.08587610721588135,-1.541549801826477,0.446062833070755]","[-0.005852974951267242,-0.041045285761356354,0.007721693255007267,0.024961380288004875,-0.03601335734128952,0.00661840196698904]",0.043998006731271744,"[0.11534126102924347,1.6237136125564575,1.281626582145691,-1.0362595319747925,-0.08277299255132675,-1.5381879806518555]",0.019548915326595306,"[-0.30001670122146606,-0.355378657579422,0.9296653270721436,0.695693850517273,0.02781613916158676,-0.024223048239946365,0.7173906564712524]","[0.2632714807987213,-0.15020637214183807,1.0048818588256836,0.03353903070092201,-0.6684432029724121,-0.09753156453371048,0.7365774512290955]","[-0.048490796238183975,-0.09682101011276245,0.7814736366271973]","[0.10407563298940659,0.1375986635684967,0.6830498576164246,0.7097026109695435]",0.0,0.0,0.0,False,False,0.006026767194271088
119,2,18,False,"[-0.0063900426030159,-0.0486302375793457,0.003092348575592041,0.03504247963428497,-0.03853076696395874,0.006316632032394409,1.003748893737793,0.09764720499515533,1.6088366508483887,1.2801927328109741,-1.0407438278198242,-0.09048408269882202,-1.5433275699615479,0.37539517879486084]","[-0.006321564316749573,-0.047682300209999084,0.0035023633390665054,0.03371882811188698,-0.03821209818124771,0.006354819051921368]",0.04399975389242172,"[0.09960182756185532,1.6102594137191772,1.280540108680725,-1.0401966571807861,-0.08948124945163727,-1.5426722764968872]",0.015796229243278503,"[-0.3000369966030121,-0.35555335879325867,0.929576575756073,0.6949105858802795,0.03154600411653519,-0.02838444709777832,0.7178428173065186]","[0.26804202795028687,-0.1520805060863495,1.0083101987838745,0.04028559476137161,-0.6663402318954468,-0.09706220030784607,0.7382049560546875]","[-0.048490799963474274,-0.09682102501392365,0.7814736366271973]","[0.10407549142837524,0.13759899139404297,0.6830492615699768,0.7097030878067017]",0.0,0.0,0.0,False,False,0.006057587452232838
120,2,19,False,"[-0.005885124206542969,-0.04833179712295532,0.007310211658477783,0.028084710240364075,-0.045969873666763306,0.009478718042373657,0.9989731311798096,0.1140466183423996,1.5839486122131348,1.265106439590454,-1.0052353143692017,-0.09361949563026428,-1.5204159021377563,0.39144235849380493]","[-0.00592104671522975,-0.048259660601615906,0.006866974290460348,0.02881237119436264,-0.04499013349413872,0.009079918265342712]",0.04397667199373245,"[0.11257009208202362,1.587113857269287,1.2670059204101562,-1.0097073316574097,-0.09313031286001205,-1.523257851600647]",0.013902033679187298,"[-0.3002723157405853,-0.35581696033477783,0.9302835464477539,0.6923022866249084,0.032051365822553635,-0.027139293029904366,0.7203842997550964]","[0.26431208848953247,-0.15460847318172455,1.011742115020752,0.05515427142381668,-0.6613433361053467,-0.10886738449335098,0.7400883436203003]","[-0.048490796238183975,-0.09682101756334305,0.7814736366271973]","[0.10407542437314987,0.13759885728359222,0.6830496191978455,0.7097027897834778]",0.0,0.0,0.0,False,False,0.006994843482971191
121,2,20,False,"[-0.00507894903421402,-0.054031431674957275,0.0085526704788208,0.018543437123298645,-0.054815709590911865,0.005157828330993652,0.9951496124267578,0.09775838255882263,1.598968505859375,1.2279857397079468,-0.9617610573768616,-0.1255446970462799,-1.5008763074874878,0.33378952741622925]","[-0.005157280247658491,-0.05333583056926727,0.008317595347762108,0.019846519455313683,-0.053576838225126266,0.00565735949203372]",0.043882738798856735,"[0.09936840087175369,1.5981528759002686,1.2324540615081787,-0.96788090467453,-0.12138622254133224,-1.5037281513214111]",0.011468757875263691,"[-0.3005944490432739,-0.35619890689849854,0.9302840828895569,0.6890186071395874,0.029902057722210884,-0.027589060366153717,0.7236006259918213]","[0.2672872841358185,-0.15306104719638824,1.0003008842468262,0.06318388134241104,-0.6512751579284668,-0.09618039429187775,0.7500651478767395]","[-0.048490796238183975,-0.09682101756334305,0.7814736366271973]","[0.1040753722190857,0.13759902119636536,0.6830494999885559,0.7097028493881226]",0.0,0.0,0.0,False,False,0.009494483470916748
122,2,21,False,"[-0.005735971033573151,-0.05013585090637207,0.014631271362304688,0.0284641832113266,-0.05039277672767639,0.009716212749481201,0.9938452243804932,0.07893162220716476,1.5829699039459229,1.2523294687271118,-1.0009710788726807,-0.11878420412540436,-1.5256779193878174,0.26362302899360657]","[-0.0056745088659226894,-0.050556451082229614,0.013997749425470829,0.02741098403930664,-0.05079416185617447,0.009198683314025402]",0.04380195215344429,"[0.08111579716205597,1.5840989351272583,1.2503124475479126,-0.9967307448387146,-0.1190866157412529,-1.5228748321533203]",0.00858683418482542,"[-0.30046722292900085,-0.3565274178981781,0.9327239394187927,0.689984142780304,0.034751471132040024,-0.03008081205189228,0.7223636507987976]","[0.27297505736351013,-0.15492041409015656,1.0083954334259033,0.06494265049695969,-0.6534286737442017,-0.09849884361028671,0.7477374076843262]","[-0.048490796238183975,-0.09682101756334305,0.7814736366271973]","[0.10407546162605286,0.1375989019870758,0.6830496191978455,0.7097028493881226]",0.0,0.0,0.0,False,False,0.0069092512130737305
123,2,22,False,"[-0.005221210420131683,-0.04413241147994995,0.01184225082397461,0.01711815595626831,-0.05344972014427185,0.0014811456203460693,0.98248291015625,0.0627250224351883,1.5876164436340332,1.2385058403015137,-0.9732487201690674,-0.14093132317066193,-1.5229411125183105,0.24542465806007385]","[-0.005268504377454519,-0.04482703655958176,0.01192084327340126,0.018368346616625786,-0.053115375339984894,0.002465310739353299]",0.04349850118160248,"[0.06477928161621094,1.587644100189209,1.2397161722183228,-0.9762477874755859,-0.138118714094162,-1.5229315757751465]",0.006396187469363213,"[-0.3005692660808563,-0.35591480135917664,0.9307289719581604,0.6893615126609802,0.026618918403983116,-0.026419490575790405,0.7234458923339844]","[0.277182012796402,-0.15345557034015656,1.0050673484802246,0.07186683267354965,-0.6467448472976685,-0.09592188894748688,0.7532297372817993]","[-0.048490796238183975,-0.09682101756334305,0.7814736366271973]","[0.10407530516386032,0.13759908080101013,0.6830494999885559,0.7097028493881226]",0.0,0.0,0.0,False,False,0.004688918590545654
124,2,23,False,"[-0.007135540246963501,-0.04780858755111694,0.014611482620239258,0.017285972833633423,-0.053802669048309326,0.008470803499221802,0.9865655303001404,0.06386790424585342,1.5692481994628906,1.269709825515747,-1.0082286596298218,-0.12902888655662537,-1.5461983680725098,0.1756771206855774]","[-0.006915121339261532,-0.04749016836285591,0.01438976265490055,0.017457887530326843,-0.05371178314089775,0.007704789284616709]",0.04340799152851105,"[0.06398504227399826,1.5709805488586426,1.2663599252700806,-1.0041173696517944,-0.13019578158855438,-1.5432296991348267]",0.0036334111355245113,"[-0.3004339635372162,-0.35627520084381104,0.9316716194152832,0.6896076202392578,0.029841400682926178,-0.026090458035469055,0.7230975031852722]","[0.27776315808296204,-0.15526613593101501,1.0162768363952637,0.07114839553833008,-0.6495442390441895,-0.10885272920131683,0.7491202354431152]","[-0.048490796238183975,-0.09682101756334305,0.7814736366271973]","[0.1040753722190857,0.13759905099868774,0.6830496788024902,0.7097026705741882]",0.0,0.0,0.0,False,False,0.007502317428588867
125,2,24,False,"[-0.004428349435329437,-0.05640745162963867,0.012562751770019531,0.015177518129348755,-0.06598490476608276,0.00335693359375,0.9804039597511292,0.057559020817279816,1.560413122177124,1.213057279586792,-0.9270988702774048,-0.15432459115982056,-1.496842622756958,0.19101104140281677]","[-0.004695751238614321,-0.055343810468912125,0.012754137627780437,0.01546297688037157,-0.06443951278924942,0.003910517320036888]",0.04321540892124176,"[0.05829257518053055,1.5623699426651,1.219173789024353,-0.9369771480560303,-0.15123319625854492,-1.5027620792388916]",0.002218028297647834,"[-0.3009537160396576,-0.3566664159297943,0.9315038323402405,0.6849066615104675,0.029840027913451195,-0.029111232608556747,0.7274371385574341]","[0.27887478470802307,-0.1557857096195221,1.0074546337127686,0.09410668909549713,-0.6384755373001099,-0.10299066454172134,0.7568922638893127]","[-0.048490796238183975,-0.09682101011276245,0.7814736366271973]","[0.1040758341550827,0.13759846985340118,0.6830496788024902,0.709702730178833]",0.0,0.0,0.0,False,False,0.01533287763595581
126,2,25,False,"[-0.0007334426045417786,-0.056973278522491455,0.010946214199066162,0.022117391228675842,-0.06634202599525452,0.004331111907958984,0.9808028936386108,0.05156523734331131,1.553638219833374,1.225604772567749,-0.9294366836547852,-0.16439767181873322,-1.473073959350586,0.14207035303115845]","[-0.0011950199259445071,-0.0567893423140049,0.011181136593222618,0.021274510771036148,-0.0661102682352066,0.004276718478649855]",0.043118469417095184,"[0.052314236760139465,1.5543317794799805,1.2251540422439575,-0.9303168654441833,-0.16272373497486115,-1.4768574237823486]",0.00042250644764862955,"[-0.3013288080692291,-0.3566901683807373,0.9316390752792358,0.6829297542572021,0.03192857652902603,-0.031022191047668457,0.7291262149810791]","[0.28029772639274597,-0.1555248647928238,1.011569619178772,0.11028364300727844,-0.6316637992858887,-0.09932861477136612,0.7609021663665771]","[-0.048490796238183975,-0.09682101756334305,0.7814736366271973]","[0.10407529026269913,0.13759906589984894,0.6830494999885559,0.7097029089927673]",0.0,0.0,0.0,False,False,0.005922794342041016
127,2,26,False,"[-0.0020932257175445557,-0.061135053634643555,0.011315405368804932,0.01989835500717163,-0.06615379452705383,0.007186084985733032,0.9806891679763794,0.045224711298942566,1.5531280040740967,1.2153253555297852,-0.9187393188476562,-0.16354846954345703,-1.474508285522461,0.14044243097305298]","[-0.001987069845199585,-0.06062304973602295,0.011304875835776329,0.0200787540525198,-0.06614654511213303,0.006815191823989153]",0.043057385832071304,"[0.04599323123693466,1.5534979104995728,1.2163573503494263,-0.9202464818954468,-0.16342511773109436,-1.4748066663742065]",0.0,"[-0.3012562394142151,-0.35694289207458496,0.9318463802337646,0.6831184029579163,0.03372453153133392,-0.031118441373109818,0.7288644909858704]","[0.2821507453918457,-0.15565139055252075,1.0096418857574463,0.11394611746072769,-0.631439745426178,-0.0973658487200737,0.7608022093772888]","[-0.048490796238183975,-0.09682101756334305,0.7814736366271973]","[0.1040753647685051,0.13759905099868774,0.683049738407135,0.7097026705741882]",0.0,0.0,0.0,False,False,0.0028541088104248047
128,2,27,False,"[-0.0016299858689308167,-0.05319094657897949,0.00790315866470337,0.015056595206260681,-0.06442368030548096,0.005490928888320923,0.9796212911605835,0.04512771964073181,1.5586285591125488,1.223134994506836,-0.9034865498542786,-0.1790684014558792,-1.4670677185058594,0.12852352857589722]","[-0.0016755820252001286,-0.05402978137135506,0.008192790672183037,0.015650613233447075,-0.06464188545942307,0.005660200025886297]",0.042993199080228806,"[0.04526593163609505,1.558006763458252,1.222496747970581,-0.9055224061012268,-0.177084818482399,-1.468052864074707]",0.0,"[-0.30124083161354065,-0.35622265934944153,0.9298875331878662,0.6837912797927856,0.028537344187498093,-0.026356954127550125,0.7286427617073059]","[0.28185221552848816,-0.15295051038265228,1.0106282234191895,0.12032129615545273,-0.6247200965881348,-0.1011192724108696,0.7648676037788391]","[-0.04849079251289368,-0.09682101756334305,0.7814736366271973]","[0.10407530516386032,0.13759903609752655,0.6830496191978455,0.7097027897834778]",0.0,0.0,0.0,False,False,0.0033501386642456055
129,2,28,False,"[-0.0017792731523513794,-0.05706679821014404,0.014657199382781982,0.013918474316596985,-0.06794002652168274,0.0048326849937438965,0.968525767326355,0.044548504054546356,1.5459725856781006,1.2193087339401245,-0.8977547287940979,-0.17583730816841125,-1.4583640098571777,0.10481250286102295]","[-0.0017601511208340526,-0.05675731971859932,0.014031709171831608,0.014193481765687466,-0.067523293197155,0.0049378336407244205]",0.0427120178937912,"[0.04462053254246712,1.5473501682281494,1.2197245359420776,-0.898755669593811,-0.17599603533744812,-1.4596004486083984]",0.0,"[-0.30131709575653076,-0.3568621277809143,0.9319150447845459,0.6826770901679993,0.030668944120407104,-0.029254131019115448,0.7294899225234985]","[0.28213194012641907,-0.15420503914356232,1.0130085945129395,0.12790635228157043,-0.6234747171401978,-0.10320986807346344,0.7643734812736511]","[-0.04849079251289368,-0.09682101756334305,0.7814736366271973]","[0.10407523065805435,0.13759902119636536,0.6830496191978455,0.7097027897834778]",0.0,0.0,0.0,False,False,0.004340124782174826
130,2,29,False,"[-0.0003068298101425171,-0.055209457874298096,0.010490596294403076,0.0070981234312057495,-0.06632030010223389,0.008859246969223022,0.9717597961425781,0.04039786756038666,1.5464787483215332,1.2256739139556885,-0.918195366859436,-0.1807875633239746,-1.4774279594421387,0.13800299167633057]","[-0.00048067368334159255,-0.05533883720636368,0.010762184858322144,0.007949956692755222,-0.06647475808858871,0.008359371684491634]",0.04261565953493118,"[0.04086463898420334,1.546629548072815,1.2248222827911377,-0.915764331817627,-0.18017123639583588,-1.4751533269882202]",0.0,"[-0.3014058768749237,-0.3564583659172058,0.9301080703735352,0.6827033758163452,0.028141994029283524,-0.023982757702469826,0.7297594547271729]","[0.28316813707351685,-0.15521101653575897,1.014121174812317,0.1206008717417717,-0.6239485144615173,-0.1038641482591629,0.7650855779647827]","[-0.048490796238183975,-0.09682101756334305,0.7814736366271973]","[0.10407531261444092,0.13759900629520416,0.6830494999885559,0.7097029089927673]",0.0,0.0,0.0,False,False,0.0038672685623168945
131,2,30,False,"[-0.0015921443700790405,-0.06248772144317627,0.0060389041900634766,0.014761179685592651,-0.0671173632144928,0.004655301570892334,0.9770554900169373,0.031739696860313416,1.532467007637024,1.2142653465270996,-0.8933647274971008,-0.190338596701622,-1.465461254119873,0.13766086101531982]","[-0.0014594654785469174,-0.06166299432516098,0.006659005302935839,0.013907176442444324,-0.06703458726406097,0.00512761389836669]",0.04267396405339241,"[0.03273807466030121,1.534122347831726,1.2155996561050415,-0.8962244391441345,-0.18903014063835144,-1.4666978120803833]",3.0257520933218984e-09,"[-0.30133065581321716,-0.3565828502178192,0.9297637343406677,0.6827845573425293,0.02980729751288891,-0.028168147429823875,0.7294677495956421]","[0.285351037979126,-0.15626266598701477,1.0156285762786865,0.1326678842306137,-0.6187437176704407,-0.1070665642619133,0.7668716311454773]","[-0.048490796238183975,-0.09682101011276245,0.7814736366271973]","[0.10407578200101852,0.13759846985340118,0.6830496788024902,0.7097027897834778]",0.0,0.0,0.0,False,False,0.004481911659240723
132,2,31,False,"[-0.0029585734009742737,-0.05098855495452881,0.010775268077850342,0.011774569749832153,-0.07208353281021118,0.017169982194900513,0.9752808809280396,0.04839130491018295,1.5373525619506836,1.1998296976089478,-0.8345456123352051,-0.2133806347846985,-1.4148117303848267,0.11675190925598145]","[-0.0027736236806958914,-0.052252594381570816,0.010283716954290867,0.012045593932271004,-0.0714406818151474,0.015634380280971527]",0.0426703616976738,"[0.046771928668022156,1.537268877029419,1.2018400430679321,-0.842303454875946,-0.21031716465950012,-1.4214311838150024]",2.0696197111647052e-07,"[-0.30133435130119324,-0.35625720024108887,0.9301134347915649,0.6816133856773376,0.030699705705046654,-0.021607007831335068,0.73074871301651]","[0.2804546058177948,-0.1528666913509369,1.0128467082977295,0.1502978354692459,-0.6035968661308289,-0.10873032361268997,0.775408923625946]","[-0.048490796238183975,-0.09682101756334305,0.7814736366271973]","[0.10407555103302002,0.13759881258010864,0.6830496191978455,0.7097027897834778]",0.0,0.0,0.0,False,False,0.012293457984924316
133,2,32,False,"[-0.0008235126733779907,-0.048154473304748535,0.022638320922851562,0.0016352832317352295,-0.0689745545387268,0.02523013949394226,0.97301185131073,0.041962698101997375,1.5277971029281616,1.1990907192230225,-0.869956374168396,-0.19603331387043,-1.425816535949707,0.09435713291168213]","[-0.0010589580051600933,-0.04866516590118408,0.021249838173389435,0.0030024717561900616,-0.06928931176662445,0.024007387459278107]",0.0426195003092289,"[0.04240817576646805,1.528727412223816,1.1993452310562134,-0.8665238618850708,-0.19783633947372437,-1.425255537033081]",0.0,"[-0.3014332950115204,-0.3568231463432312,0.9326756596565247,0.6816654801368713,0.03304083272814751,-0.01789192482829094,0.7306984663009644]","[0.28226208686828613,-0.1564476042985916,1.0135501623153687,0.14663006365299225,-0.6104519963264465,-0.1015634685754776,0.7717076539993286]","[-0.048490796238183975,-0.09682101756334305,0.7814736366271973]","[0.1040753647685051,0.13759905099868774,0.683049738407135,0.7097026109695435]",0.0,0.0,0.0,False,False,0.005531430244445801
134,2,33,False,"[-0.0027715712785720825,-0.06325942277908325,0.0064026713371276855,0.00423179566860199,-0.0761619508266449,0.01754888892173767,0.973597526550293,0.04926726967096329,1.5206809043884277,1.180117130279541,-0.8284061551094055,-0.2120354324579239,-1.3997397422790527,0.09752720594406128]","[-0.0025552939623594284,-0.061466872692108154,0.007986200973391533,0.004004926886409521,-0.07529085874557495,0.01837243139743805]",0.04260241612792015,"[0.0485742948949337,1.521730661392212,1.182471513748169,-0.8332621455192566,-0.21024569869041443,-1.4029964208602905]",0.0,"[-0.3014667332172394,-0.3566173315048218,0.9292412400245667,0.6801015734672546,0.031188342720270157,-0.020227652043104172,0.732174813747406]","[0.28010404109954834,-0.1566425859928131,1.0119132995605469,0.15674325823783875,-0.6016160845756531,-0.10412000119686127,0.7763044834136963]","[-0.048490796238183975,-0.09682101756334305,0.7814736366271973]","[0.10407553613185883,0.1375989019870758,0.6830495595932007,0.7097028493881226]",0.0,0.0,0.0,False,False,0.007600009441375732
135,2,34,False,"[-0.004259154200553894,-0.05972635746002197,0.010376274585723877,0.001607358455657959,-0.06803998351097107,0.02048054337501526,0.9779274463653564,0.04785429686307907,1.5276663303375244,1.2061553001403809,-0.8426200747489929,-0.2231874018907547,-1.4049029350280762,0.07617700099945068]","[-0.004073645453900099,-0.059965018182992935,0.010173218324780464,0.0019388559740036726,-0.06895336508750916,0.020212024450302124]",0.04268903657793999,"[0.04794102534651756,1.5268996953964233,1.2034516334533691,-0.8413267135620117,-0.22154715657234192,-1.404656171798706]",0.0,"[-0.301142156124115,-0.35666710138320923,0.9296696782112122,0.6829633116722107,0.031438279896974564,-0.019015789031982422,0.7295279502868652]","[0.2798527479171753,-0.1542050540447235,1.0162831544876099,0.1575089395046234,-0.5967913866043091,-0.10786803066730499,0.7793557047843933]","[-0.04849079251289368,-0.09682101756334305,0.7814736366271973]","[0.10407540947198868,0.13759897649288177,0.6830495595932007,0.7097027897834778]",0.0,0.0,0.0,False,False,0.00588644202798605
136,2,35,False,"[-0.002412833273410797,-0.0488893985748291,0.0013413429260253906,0.002247348427772522,-0.0667676329612732,0.02890723943710327,0.9691725969314575,0.04767569899559021,1.4753258228302002,1.1665980815887451,-0.7723279595375061,-0.2316146194934845,-1.3390917778015137,0.09800714254379272]","[-0.0026142557617276907,-0.05013981834053993,0.0022252958733588457,0.002135487273335457,-0.06704478710889816,0.027799010276794434]",0.042542923241853714,"[0.0477176196873188,1.48134446144104,1.1711875200271606,-0.7811712622642517,-0.23033814132213593,-1.347459316253662]",1.4483526911135414e-06,"[-0.30122047662734985,-0.35544055700302124,0.9262794256210327,0.6832756400108337,0.028086433187127113,-0.009783772751688957,0.7295544743537903]","[0.27992790937423706,-0.1595551073551178,1.021878719329834,0.19509367644786835,-0.5806366801261902,-0.11406117677688599,0.7821696400642395]","[-0.04849079251289368,-0.09682101756334305,0.7814736366271973]","[0.1040753722190857,0.13759899139404297,0.6830499172210693,0.7097025513648987]",0.0,0.0,0.0,False,False,0.013808488845825195
137,2,36,False,"[-0.001666441559791565,-0.05240428447723389,-0.00020760297775268555,0.005720674991607666,-0.07201358675956726,0.02261817455291748,0.9714241623878479,0.046100206673145294,1.4965698719024658,1.1814006567001343,-0.7767006754875183,-0.24786150455474854,-1.3602442741394043,0.0877295732498169]","[-0.001766800764016807,-0.05216963589191437,0.0001771855168044567,0.00528838112950325,-0.07138822227716446,0.02327861078083515]",0.0425046943128109,"[0.046309296041727066,1.4951952695846558,1.1799737215042114,-0.7772339582443237,-0.24562472105026245,-1.358608365058899]",0.0,"[-0.301425963640213,-0.3554385304450989,0.926041841506958,0.6814002394676208,0.027551496401429176,-0.012592283077538013,0.7312837243080139]","[0.27974942326545715,-0.1561625748872757,1.020954966545105,0.18993152678012848,-0.5762605667114258,-0.11807020008563995,0.7860720157623291]","[-0.048490796238183975,-0.09682101756334305,0.7814736366271973]","[0.10407572984695435,0.1375986784696579,0.6830494999885559,0.7097029089927673]",0.0,0.0,0.0,False,False,0.005765795707702637
138,2,37,False,"[-0.005961276590824127,-0.0523412823677063,0.007378697395324707,-0.0002491474151611328,-0.07131165266036987,0.038476139307022095,0.9760082960128784,0.07134485244750977,1.495076298713684,1.1668437719345093,-0.74815434217453,-0.25905972719192505,-1.305012583732605,0.11655396223068237]","[-0.005469843279570341,-0.05234353989362717,0.006586459465324879,0.0004872478893958032,-0.07131170481443405,0.03653857856988907]",0.04259037598967552,"[0.06869298219680786,1.4950999021530151,1.1685445308685303,-0.7518303394317627,-0.25740954279899597,-1.311854362487793]",0.0,"[-0.3010760247707367,-0.3558991551399231,0.9277578592300415,0.6825547218322754,0.03266027942299843,-0.008456617593765259,0.7300552725791931]","[0.2727893590927124,-0.15586042404174805,1.0188219547271729,0.1967305988073349,-0.5644060373306274,-0.11177957057952881,0.7938816547393799]","[-0.048490796238183975,-0.09682101756334305,0.7814736366271973]","[0.10407556593418121,0.13759875297546387,0.683049738407135,0.709702730178833]",0.0,0.0,0.0,False,False,0.010699272155761719
139,2,38,False,"[-0.0008697509765625,-0.04374349117279053,0.0054166316986083984,-0.002963423728942871,-0.06645265221595764,0.04472917318344116,0.9699988961219788,0.06567512452602386,1.470225214958191,1.1430163383483887,-0.6907336711883545,-0.28048938512802124,-1.258283019065857,0.12693750858306885]","[-0.0014223115285858512,-0.04471990466117859,0.005441530607640743,-0.0025658640079200268,-0.06707420945167542,0.043685805052518845]",0.042503006756305695,"[0.0659867525100708,1.4730809926986694,1.1463240385055542,-0.6984883546829224,-0.2775484025478363,-1.265115737915039]",9.158443958767748e-07,"[-0.30133384466171265,-0.35532504320144653,0.926509439945221,0.682697057723999,0.031160905957221985,-0.001445517991669476,0.7300353050231934]","[0.27312108874320984,-0.15728065371513367,1.0209230184555054,0.22236545383930206,-0.5452784895896912,-0.11362626403570175,0.8001962304115295]","[-0.04849079251289368,-0.09682101011276245,0.7814736366271973]","[0.10407553613185883,0.13759881258010864,0.6830499172210693,0.7097024917602539]",0.0,0.0,0.0,False,False,0.012201130390167236
140,2,39,False,"[-0.0054361894726753235,-0.02664095163345337,0.008071839809417725,-0.02055484801530838,-0.06934568285942078,0.05370613932609558,0.964613139629364,0.06716950237751007,1.470702886581421,1.1337404251098633,-0.6898250579833984,-0.27048903703689575,-1.268137812614441,0.08891302347183228]","[-0.004960192833095789,-0.028740687295794487,0.007648293860256672,-0.01830723136663437,-0.06904851645231247,0.05242973938584328]",0.042339079082012177,"[0.06702814251184464,1.471174955368042,1.1350727081298828,-0.6909884810447693,-0.2713828682899475,-1.267750859260559]",0.0,"[-0.3010520339012146,-0.35446932911872864,0.9245370030403137,0.683554470539093,0.024078382179141045,0.012498900294303894,0.7293950915336609]","[0.27304673194885254,-0.1581719070672989,1.0184054374694824,0.2217920571565628,-0.5480111837387085,-0.11409369856119156,0.7984200119972229]","[-0.048490796238183975,-0.09682101756334305,0.7814736366271973]","[0.104075588285923,0.1375988870859146,0.6830498576164246,0.7097025513648987]",0.0,0.0,0.0,False,False,0.005198696628212929
141,2,40,False,"[-0.003681756556034088,-0.03380221128463745,-0.0051847100257873535,-0.0017619282007217407,-0.06524834036827087,0.06119343638420105,0.9685161113739014,0.07123959064483643,1.4604287147521973,1.118135690689087,-0.6105273365974426,-0.30317050218582153,-1.191115379333496,0.12985163927078247]","[-0.0038415230810642242,-0.03320835903286934,-0.003634037682786584,-0.0038818104658275843,-0.0657302737236023,0.06007644161581993]",0.04231924191117287,"[0.07083837687969208,1.4617055654525757,1.1205421686172485,-0.6206517815589905,-0.2991369962692261,-1.200892686843872]",1.576839053996082e-06,"[-0.30106139183044434,-0.3540075421333313,0.9224373698234558,0.6841520667076111,0.02932431362569332,0.012496824376285076,0.7286424040794373]","[0.270990252494812,-0.1558644324541092,1.0204682350158691,0.25060275197029114,-0.5203821063041687,-0.11452898383140564,0.8082597255706787]","[-0.04849079251289368,-0.09682101756334305,0.7814736366271973]","[0.10407546907663345,0.1375989019870758,0.6830497980117798,0.7097026705741882]",0.0,0.0,0.0,False,False,0.016071736812591553
142,2,41,False,"[-0.006840474903583527,-0.03140157461166382,0.006969809532165527,-0.008795768022537231,-0.05935075879096985,0.05777555704116821,0.9568524956703186,0.08719530701637268,1.448026180267334,1.088822841644287,-0.5518478155136108,-0.3354601263999939,-1.1128764152526855,0.12058359384536743]","[-0.006500805262476206,-0.03166850283741951,0.005855092313140631,-0.008108989335596561,-0.060151372104883194,0.05806995928287506]",0.04205780476331711,"[0.08550716936588287,1.4498355388641357,1.0926673412322998,-0.5606307983398438,-0.33087995648384094,-1.124107003211975]",1.3726016732107382e-06,"[-0.30064815282821655,-0.3545292615890503,0.92513507604599,0.6871207356452942,0.03000912442803383,0.010337881743907928,0.7258495688438416]","[0.2658421993255615,-0.15678946673870087,1.0188210010528564,0.2686024010181427,-0.4913158714771271,-0.10497907549142838,0.8218519687652588]","[-0.048490796238183975,-0.09682101756334305,0.7814736366271973]","[0.10407565534114838,0.13759876787662506,0.6830496191978455,0.7097027897834778]",0.0,0.0,0.0,False,False,0.017563700675964355
143,2,42,False,"[-0.009935066103935242,-0.002612471580505371,0.017133712768554688,-0.006009891629219055,-0.04961928725242615,0.07094830274581909,0.9559886455535889,0.08824535459280014,1.4265116453170776,1.0966808795928955,-0.5684128403663635,-0.3209587633609772,-1.1387481689453125,0.12991803884506226]","[-0.00955548882484436,-0.0060418155044317245,0.015770789235830307,-0.006282078102231026,-0.05094074085354805,0.06930752098560333]",0.04188097268342972,"[0.08789951354265213,1.429074764251709,1.09626305103302,-0.5674299597740173,-0.3222324848175049,-1.1368769407272339]",5.353989962486594e-08,"[-0.3000817596912384,-0.35361918807029724,0.9267362952232361,0.6915947794914246,0.029302310198545456,0.01935330219566822,0.7214314341545105]","[0.265670508146286,-0.16016966104507446,1.0251436233520508,0.2708147466182709,-0.49292322993278503,-0.11762367933988571,0.818444013595581]","[-0.048490796238183975,-0.09682101756334305,0.7814736366271973]","[0.10407543182373047,0.13759897649288177,0.6830496788024902,0.709702730178833]",0.0,0.0,0.0,False,False,0.00577464047819376
144,2,43,False,"[-0.008564367890357971,-0.0028145313262939453,0.015852034091949463,-0.005469828844070435,-0.04987338185310364,0.07410323619842529,0.959120512008667,0.08331324905157089,1.4189163446426392,1.0648459196090698,-0.5497034788131714,-0.3227432370185852,-1.127018690109253,0.15967732667922974]","[-0.008684448897838593,-0.003182469168677926,0.015820302069187164,-0.005581885110586882,-0.050008710473775864,0.07349243015050888]",0.04183567687869072,"[0.08380267769098282,1.4204068183898926,1.0682744979858398,-0.5521169304847717,-0.3226601183414459,-1.128279447555542]",0.0,"[-0.30013737082481384,-0.3534473180770874,0.9266023635864258,0.6915856599807739,0.03003224916756153,0.021633723750710487,0.7213454246520996]","[0.2671099901199341,-0.16315776109695435,1.0197551250457764,0.27350977063179016,-0.49252429604530334,-0.11151616275310516,0.8186429142951965]","[-0.04849079251289368,-0.09682101756334305,0.7814736366271973]","[0.10407523810863495,0.1375991404056549,0.6830496788024902,0.7097026705741882]",0.0,0.0,0.0,False,False,0.007720947265625
145,2,44,False,"[-0.005340591073036194,-0.0028378963470458984,0.019239604473114014,-0.009891524910926819,-0.05958664417266846,0.08888131380081177,0.9527221918106079,0.08660341799259186,1.3907679319381714,1.0473368167877197,-0.4908895492553711,-0.349723219871521,-1.0734567642211914,0.15290677547454834]","[-0.005715588573366404,-0.0028861260507255793,0.018855104222893715,-0.00933124590665102,-0.05838095024228096,0.08691853284835815]",0.04167619347572327,"[0.08636117726564407,1.393992304801941,1.0502296686172485,-0.4986310303211212,-0.34630268812179565,-1.0804529190063477]",8.870474061950517e-07,"[-0.30066701769828796,-0.35362592339515686,0.9272503852844238,0.6872867345809937,0.03413708508014679,0.027001628652215004,0.7250809073448181]","[0.2659274935722351,-0.1655484288930893,1.0246564149856567,0.2934298813343048,-0.46661317348480225,-0.11750303953886032,0.8260532021522522]","[-0.048490796238183975,-0.09682101756334305,0.7814736366271973]","[0.10407546162605286,0.13759896159172058,0.6830499172210693,0.7097024917602539]",0.0,0.0,0.0,False,False,0.01225125789642334
146,2,45,False,"[-0.01549452543258667,0.03798407316207886,0.030013561248779297,0.005610674619674683,-0.02467319369316101,0.0992707908153534,0.9504174590110779,0.10909224301576614,1.3806184530258179,1.0303303003311157,-0.40002864599227905,-0.37563297152519226,-0.9916270971298218,0.15546202659606934]","[-0.01441615354269743,0.03313201665878296,0.028746334835886955,0.0037195987533777952,-0.028912927955389023,0.09769987314939499]",0.041560012847185135,"[0.10667391866445541,1.3825126886367798,1.0328470468521118,-0.41253530979156494,-0.3719426095485687,-1.0029624700546265]",1.3529739817386144e-06,"[-0.2989521622657776,-0.3519290089607239,0.9291056990623474,0.701029360294342,0.03404170647263527,0.0350230373442173,0.7114578485488892]","[0.25923898816108704,-0.16426022350788116,1.028106451034546,0.31400415301322937,-0.42983072996139526,-0.12230953574180603,0.8376677632331848]","[-0.048490796238183975,-0.09682101011276245,0.7814736366271973]","[0.10407549887895584,0.13759881258010864,0.6830497980117798,0.7097026705741882]",0.0,0.0,0.0,False,False,0.019732177257537842
147,2,46,False,"[-0.018390849232673645,0.0428997278213501,0.03884470462799072,0.006000414490699768,-0.03267174959182739,0.10308650135993958,0.9512132406234741,0.11085888743400574,1.3449000120162964,0.9895254373550415,-0.3672654628753662,-0.3815996050834656,-0.959597110748291,0.17356282472610474]","[-0.01791987195611,0.041720643639564514,0.03773697838187218,0.005749755539000034,-0.032185349613428116,0.10240044444799423]",0.0414547435939312,"[0.1104050949215889,1.3493279218673706,0.9945844411849976,-0.3731718957424164,-0.38039278984069824,-0.9651309251785278]",3.383941873380536e-07,"[-0.2987021505832672,-0.35187193751335144,0.9317052364349365,0.7009866237640381,0.036531511694192886,0.03581177815794945,0.711337149143219]","[0.25867676734924316,-0.17100369930267334,1.0275055170059204,0.3254425823688507,-0.4138725697994232,-0.12106569111347198,0.8415103554725647]","[-0.04849079251289368,-0.09682101756334305,0.7814736366271973]","[0.10407555848360062,0.13759878277778625,0.6830497980117798,0.7097026705741882]",0.0,0.0,0.0,False,False,0.00903785228729248
148,2,47,False,"[-0.0236269049346447,0.07398498058319092,0.04805818200111389,-0.002147883176803589,-0.017492234706878662,0.10711348056793213,0.9255507588386536,0.12104442715644836,1.2768933773040771,0.928492546081543,-0.2903696298599243,-0.37113311886787415,-0.8578363656997681,0.18671715259552002]","[-0.022988202050328255,0.0702149048447609,0.04673027992248535,-0.0011747297830879688,-0.019336871802806854,0.10651469230651855]",0.040870387107133865,"[0.11986872553825378,1.285097599029541,0.9365265369415283,-0.3010466992855072,-0.3723556399345398,-0.8715322017669678]",6.757813389413059e-05,"[-0.2978007197380066,-0.35046112537384033,0.9318687319755554,0.7076862454414368,0.029180170968174934,0.046461574733257294,0.7043932676315308]","[0.2576245665550232,-0.1827380359172821,1.0304579734802246,0.3585655987262726,-0.38259440660476685,-0.11462033540010452,0.8437501192092896]","[-0.048490796238183975,-0.09682101756334305,0.7814736366271973]","[0.10407555103302002,0.137598916888237,0.6830494403839111,0.7097029685974121]",0.0,0.0,0.0,False,False,0.021415412425994873
149,2,48,False,"[-0.015771910548210144,0.09551054239273071,0.06304270029067993,-0.011176541447639465,-0.014833807945251465,0.13035151362419128,0.9149996638298035,0.11486665159463882,1.2199527025222778,0.8858833312988281,-0.2484506368637085,-0.3591018319129944,-0.8187475204467773,0.2499881386756897]","[-0.0166328102350235,0.09250403195619583,0.061176102608442307,-0.009870720095932484,-0.01541348546743393,0.12731200456619263]",0.040260497480630875,"[0.11536504328250885,1.2274879217147827,0.8918097019195557,-0.2553059458732605,-0.36078736186027527,-0.8254817128181458]",0.0014757363824173808,"[-0.29830649495124817,-0.3496372103691101,0.9342020750045776,0.7067602872848511,0.03068947233259678,0.05971495807170868,0.7042600512504578]","[0.2603801488876343,-0.19319605827331543,1.0334229469299316,0.38404911756515503,-0.36379870772361755,-0.11744169145822525,0.8404547572135925]","[-0.04849079251289368,-0.09682101756334305,0.7814736366271973]","[0.10407526791095734,0.13759909570217133,0.6830495595932007,0.7097028493881226]",0.0,0.0,0.0,False,False,0.013451457023620605
150,2,49,False,"[-0.02503824606537819,0.12045013904571533,0.07233932614326477,-0.007537022233009338,-0.003159046173095703,0.12960213422775269,0.9119579792022705,0.13692434132099152,1.159373164176941,0.7806583046913147,-0.09291096031665802,-0.40968361496925354,-0.6730350255966187,0.2542441189289093]","[-0.024076664820313454,0.11715687066316605,0.07102501392364502,-0.007828272879123688,-0.004690440837293863,0.12931303679943085]",0.03986068442463875,"[0.13468089699745178,1.1673389673233032,0.7938684821128845,-0.11381314694881439,-0.40355491638183594,-0.6924984455108643]",0.0023506227880716324,"[-0.2972179353237152,-0.34834691882133484,0.9357854723930359,0.7132858633995056,0.02734149992465973,0.064536914229393,0.6973598003387451]","[0.2558199465274811,-0.2054344117641449,1.0268663167953491,0.40090104937553406,-0.3000706732273102,-0.10595228523015976,0.8590750098228455]","[-0.048490796238183975,-0.09682101011276245,0.7814736366271973]","[0.10407533496618271,0.13759906589984894,0.6830498576164246,0.7097025513648987]",0.0,0.0,0.0,False,False,0.03236980736255646
151,3,0,True,"[-0.008999727666378021,-0.03854799270629883,-0.016563236713409424,0.008578181266784668,-0.019587844610214233,0.04927855730056763,1.0178111791610718,0.3429953455924988,1.3550256490707397,1.088574767112732,-0.8815581202507019,0.10575166344642639,-0.8181562423706055,0.6504157781600952]","[-0.010727955028414726,-0.020077021792531013,-0.006390246096998453,0.0063595944084227085,-0.017747709527611732,0.05948083847761154]",0.04152018204331398,"[0.3070336580276489,1.3308582305908203,0.9772729873657227,-0.30712729692459106,-0.20527422428131104,-0.8021018505096436]",0.009808856062591076,"[-0.2990027070045471,-0.35306525230407715,0.9214861392974854,0.7039586901664734,0.027932029217481613,0.013919072225689888,0.7095548510551453]","[0.20943254232406616,-0.1824973225593567,1.0306682586669922,0.3455788493156433,-0.4080614447593689,-0.11865995824337006,0.8366485834121704]","[-0.048490796238183975,-0.09682101756334305,0.7814736366271973]","[0.10407546162605286,0.1375988870859146,0.683049738407135,0.709702730178833]",0.0,0.0,0.0,False,False,0.5941194295883179
152,3,1,False,"[-0.006690509617328644,-0.04711788892745972,-0.012450873851776123,0.007369503378868103,-0.021880775690078735,0.04806455969810486,1.018832802772522,0.34766680002212524,1.3710418939590454,1.113837480545044,-0.8970461487770081,0.10108110308647156,-0.837043285369873,0.6624020934104919]","[-0.007152108941227198,-0.04404263198375702,-0.011460352689027786,0.007328784558922052,-0.021370280534029007,0.04951527714729309]",0.042546071112155914,"[0.3429504632949829,1.3665945529937744,1.0976907014846802,-0.5023247599601746,-0.015211016871035099,-0.832587718963623]",0.016602708026766777,"[-0.2994611859321594,-0.3540833592414856,0.9216861128807068,0.7012553811073303,0.031278349459171295,0.0033244569785892963,0.7122158408164978]","[0.20351026952266693,-0.17983949184417725,1.0455129146575928,0.35913535952568054,-0.4931662678718567,-0.10766224563121796,0.7849952578544617]","[-0.04849079251289368,-0.09682101756334305,0.7814736366271973]","[0.10407540202140808,0.13759896159172058,0.6830499172210693,0.7097025513648987]",0.0,0.0,0.0,False,False,0.4111234247684479
153,3,2,False,"[-0.008484430611133575,-0.04948490858078003,-0.006565213203430176,0.010734006762504578,-0.017291903495788574,0.04892045259475708,1.034590721130371,0.3465401232242584,1.4185442924499512,1.1550862789154053,-0.9354788064956665,0.1030166745185852,-0.8758653402328491,0.659324586391449]","[-0.008335582911968231,-0.04887296259403229,-0.0070659564808011055,0.010338237509131432,-0.017805282026529312,0.04899599403142929]",0.043146420270204544,"[0.3458517789840698,1.4136836528778076,1.1476707458496094,-0.6953116059303284,0.08804250508546829,-0.8703404664993286]",0.020106151700019836,"[-0.29924923181533813,-0.35467833280563354,0.9238333702087402,0.702747642993927,0.03541912883520126,-0.0012656155740842223,0.7105557918548584]","[0.20614208281040192,-0.18078893423080444,1.03667414188385,0.3263700604438782,-0.5814709663391113,-0.07048017531633377,0.7418939471244812]","[-0.048490796238183975,-0.09682101756334305,0.7814736366271973]","[0.10407555848360062,0.13759881258010864,0.6830496788024902,0.7097027897834778]",0.0,0.0,0.0,False,False,0.2593199610710144
154,3,3,False,"[-0.011629283428192139,-0.053642988204956055,0.0066414475440979,0.00627388060092926,-0.015478163957595825,0.031883418560028076,1.0370267629623413,0.3533993363380432,1.4703161716461182,1.2021812200546265,-0.9759324789047241,0.10248050093650818,-0.9099597930908203,0.6803791522979736]","[-0.011245427653193474,-0.05311662331223488,0.005125180818140507,0.006853695027530193,-0.015767546370625496,0.03406556695699692]",0.04349329695105553,"[0.3525875508785248,1.4639440774917603,1.1959213018417358,-0.8836596012115479,0.10064193606376648,-0.904904305934906]",0.022831454873085022,"[-0.2989252507686615,-0.3558173179626465,0.9279400110244751,0.7045366168022156,0.034705888479948044,-0.011246534064412117,0.7087292075157166]","[0.20566238462924957,-0.1839921921491623,1.0289158821105957,0.26019740104675293,-0.6398992538452148,-0.03025134466588497,0.7224341034889221]","[-0.048490796238183975,-0.09682101756334305,0.7814736366271973]","[0.10407549887895584,0.13759881258010864,0.6830496191978455,0.7097027897834778]",0.0,0.0,0.0,False,False,0.11195534467697144
155,3,4,False,"[-0.01299341768026352,-0.05926716327667236,0.007797896862030029,0.015171259641647339,-0.00936269760131836,0.017894774675369263,1.0367861986160278,0.3554777503013611,1.514375925064087,1.227151870727539,-0.9819530248641968,0.08842512965202332,-0.9365497827529907,0.671421468257904]","[-0.012799691408872604,-0.05853886157274246,0.007484001107513905,0.014124675653874874,-0.010170504450798035,0.019956137984991074]",0.04369938373565674,"[0.3551878035068512,1.5081982612609863,1.2232885360717773,-0.969465970993042,0.08996320515871048,-0.9325195550918579]",0.024357527494430542,"[-0.2986241281032562,-0.3563980460166931,0.929838240146637,0.7070460319519043,0.03506258875131607,-0.021605202928185463,0.7059671878814697]","[0.20392316579818726,-0.18230046331882477,1.0220749378204346,0.2160651683807373,-0.6644523739814758,-0.00953927543014288,0.7153514623641968]","[-0.048490796238183975,-0.09682101756334305,0.7814736366271973]","[0.10407549887895584,0.137598916888237,0.6830495595932007,0.7097027897834778]",0.0,0.0,0.0,False,False,0.0196608304977417
156,3,5,False,"[-0.013874582946300507,-0.05927163362503052,0.0081138014793396,0.015375673770904541,-0.00832068920135498,0.01760202646255493,1.0483901500701904,0.3504754900932312,1.5654776096343994,1.2767374515533447,-1.0099197626113892,0.08996880054473877,-0.9944530725479126,0.6743288636207581]","[-0.013752032071352005,-0.05917204171419144,0.008001863956451416,0.015208643861114979,-0.008552178740501404,0.017901580780744553]",0.043818678706884384,"[0.35099658370018005,1.558494210243225,1.2706621885299683,-1.0045132637023926,0.08998044580221176,-0.9865502715110779]",0.025278395041823387,"[-0.2984893321990967,-0.3564903140068054,0.9301639795303345,0.7079490423202515,0.03513422980904579,-0.023127518594264984,0.7050097584724426]","[0.20170313119888306,-0.172776997089386,1.0207643508911133,0.18737976253032684,-0.6782132387161255,-0.01602081209421158,0.7103933691978455]","[-0.048490796238183975,-0.09682101756334305,0.7814736366271973]","[0.1040753498673439,0.13759902119636536,0.6830494999885559,0.7097029089927673]",0.0,0.0,0.0,False,False,0.012360215187072754
157,3,6,False,"[-0.015435628592967987,-0.06279462575912476,0.014530956745147705,0.02580738067626953,-0.005174756050109863,0.02274593710899353,1.0582774877548218,0.34047597646713257,1.5719811916351318,1.2712395191192627,-0.9858397841453552,0.08276337385177612,-0.9832966327667236,0.6774080991744995]","[-0.015245487913489342,-0.062420088797807693,0.013909823261201382,0.024519221857190132,-0.0055975462310016155,0.022128473967313766]",0.04389223828911781,"[0.3416287899017334,1.5703338384628296,1.2713820934295654,-0.9881170988082886,0.08370353281497955,-0.9837102293968201]",0.02578919008374214,"[-0.29827579855918884,-0.3572768270969391,0.9332868456840515,0.7090667486190796,0.04312007501721382,-0.028225446119904518,0.7032554149627686]","[0.20298436284065247,-0.16869977116584778,1.018122673034668,0.19209234416484833,-0.675067663192749,-0.012758748605847359,0.7121946215629578]","[-0.048490796238183975,-0.09682101756334305,0.7814736366271973]","[0.10407566279172897,0.13759860396385193,0.6830496191978455,0.7097028493881226]",0.0,0.0,0.0,False,False,0.003709137439727783
158,3,7,False,"[-0.011580199003219604,-0.06579869985580444,0.008884191513061523,0.023709192872047424,-0.012906879186630249,0.016724377870559692,1.0503016710281372,0.3502810597419739,1.626594066619873,1.3086235523223877,-1.0082964897155762,0.0758981704711914,-1.02498459815979,0.6457715630531311]","[-0.01199641078710556,-0.0653483048081398,0.009341239929199219,0.023765966296195984,-0.011990643106400967,0.017412889748811722]",0.043931350111961365,"[0.34940239787101746,1.620086669921875,1.3042864799499512,-1.0054996013641357,0.07686850428581238,-1.019718050956726]",0.025404009968042374,"[-0.29875996708869934,-0.3570767641067505,0.931891143321991,0.7058194279670715,0.04052728787064552,-0.029053714126348495,0.7066344022750854]","[0.19732816517353058,-0.16051658987998962,1.0126957893371582,0.16472093760967255,-0.683202862739563,-0.017049940302968025,0.7112032771110535]","[-0.048490796238183975,-0.09682101756334305,0.7814736366271973]","[0.10407567769289017,0.13759875297546387,0.683049738407135,0.709702730178833]",0.0,0.0,0.0,False,False,0.012195348739624023
159,3,8,False,"[-0.017000503838062286,-0.06971234083175659,0.0115622878074646,0.03310874104499817,-0.014545530080795288,-0.0021839439868927,1.0503789186477661,0.34456348419189453,1.6519265174865723,1.3410871028900146,-1.0421314239501953,0.05686160922050476,-1.056228756904602,0.6420109868049622]","[-0.016403980553150177,-0.06924553215503693,0.011434420011937618,0.03196699544787407,-0.014215817674994469,0.00031443784246221185]",0.04396779462695122,"[0.34510090947151184,1.6478631496429443,1.3369001150131226,-1.0373274087905884,0.05940995365381241,-1.0515713691711426]",0.025114620104432106,"[-0.29842323064804077,-0.35760655999183655,0.9336662888526917,0.7066448926925659,0.03930851072072983,-0.040293481200933456,0.7053256034851074]","[0.19644156098365784,-0.15563952922821045,1.0128003358840942,0.1432911604642868,-0.685646653175354,-0.016701681539416313,0.7134965658187866]","[-0.048490796238183975,-0.09682101756334305,0.7814736366271973]","[0.10407581180334091,0.13759860396385193,0.6830495595932007,0.7097028493881226]",0.0,0.0,0.0,False,False,0.007704973220825195
160,3,9,False,"[-0.014839917421340942,-0.06687790155410767,0.004806458950042725,0.036588430404663086,-0.01736980676651001,0.015342265367507935,1.0521504878997803,0.32738351821899414,1.6752352714538574,1.334830403327942,-1.0220714807510376,0.05209806561470032,-1.0876264572143555,0.5929479002952576]","[-0.015019824728369713,-0.06711606681346893,0.005476619116961956,0.03595331683754921,-0.016972413286566734,0.013425048440694809]",0.04397692531347275,"[0.3292957544326782,1.6721769571304321,1.3351424932479858,-1.023918628692627,0.05306249484419823,-1.083024501800537]",0.02385357767343521,"[-0.29862192273139954,-0.35699591040611267,0.9318920373916626,0.7050000429153442,0.04247850552201271,-0.034215047955513,0.7071065306663513]","[0.19946026802062988,-0.1497933566570282,1.0054360628128052,0.13284242153167725,-0.6883182525634766,-0.017849158495664597,0.7129179835319519]","[-0.048490796238183975,-0.09682101756334305,0.7814736366271973]","[0.10407524555921555,0.13759909570217133,0.6830494999885559,0.7097029089927673]",0.0,0.0,0.0,False,False,0.0071942806243896484
161,3,10,False,"[-0.015025794506072998,-0.07119250297546387,0.005481421947479248,0.046783700585365295,-0.0161820650100708,-0.006511896848678589,1.0509674549102783,0.321897953748703,1.6794612407684326,1.3698415756225586,-1.023396611213684,0.03405648469924927,-1.1070976257324219,0.6125509142875671]","[-0.015024456195533276,-0.07075712829828262,0.0056109242141246796,0.04544680565595627,-0.01628466136753559,-0.003969322424381971]",0.04398946464061737,"[0.3227982521057129,1.6782578229904175,1.3661054372787476,-1.0232577323913574,0.036474574357271194,-1.1040241718292236]",0.02356470189988613,"[-0.2986069917678833,-0.35735681653022766,0.9331144690513611,0.7053267955780029,0.04096951335668564,-0.04510541632771492,0.7062584757804871]","[0.19948700070381165,-0.1449054479598999,1.0120145082473755,0.13345511257648468,-0.6800593733787537,-0.0296495258808136,0.7202983498573303]","[-0.04849079251289368,-0.09682101011276245,0.7814736366271973]","[0.10407527536153793,0.13759900629520416,0.6830497980117798,0.7097026705741882]",0.0,0.0,0.0,False,False,0.008588314056396484
162,3,11,False,"[-0.01402968168258667,-0.0810735821723938,-0.009645938873291016,0.050492703914642334,-0.021349817514419556,-0.009700268507003784,1.0399377346038818,0.3100433945655823,1.7001861333847046,1.363438367843628,-0.9930245280265808,0.01398274302482605,-1.1115391254425049,0.5898881554603577]","[-0.014136083424091339,-0.07979700714349747,-0.007991394959390163,0.049784980714321136,-0.02071233280003071,-0.008971039205789566]",0.043991819024086,"[0.3114686608314514,1.6980613470077515,1.3637032508850098,-0.996770977973938,0.016861863434314728,-1.1105773448944092]",0.022821960970759392,"[-0.29881027340888977,-0.35683655738830566,0.9296169877052307,0.7035512328147888,0.039058271795511246,-0.04687410965561867,0.7080203294754028]","[0.2008611112833023,-0.13915497064590454,1.0059319734573364,0.13330808281898499,-0.6736853718757629,-0.027769723907113075,0.7263647317886353]","[-0.04849079251289368,-0.09682101756334305,0.7814736366271973]","[0.10407524555921555,0.13759908080101013,0.6830494999885559,0.7097029089927673]",0.0,0.0,0.0,False,False,0.00695955753326416
163,3,12,False,"[-0.015461258590221405,-0.06643825769424438,-0.00908195972442627,0.05887533724308014,-0.02255260944366455,-0.008945345878601074,1.049448847770691,0.28223055601119995,1.698854923248291,1.3642505407333374,-0.9979875087738037,0.010984092950820923,-1.1276806592941284,0.5676702857017517]","[-0.015301233157515526,-0.06804721057415009,-0.008887135423719883,0.05772558972239494,-0.02231762371957302,-0.008948921225965023]",0.04399857670068741,"[0.28534629940986633,1.698500633239746,1.3643749952316284,-0.9978001713752747,0.011786428280174732,-1.1254947185516357]",0.02195393294095993,"[-0.29873722791671753,-0.3561040759086609,0.9292134046554565,0.7034862041473389,0.03737665340304375,-0.04523484781384468,0.7082823514938354]","[0.20885980129241943,-0.13666778802871704,1.0059548616409302,0.13664457201957703,-0.673535943031311,-0.02368733659386635,0.72602778673172]","[-0.04849079251289368,-0.09682101756334305,0.7814736366271973]","[0.1040756031870842,0.13759876787662506,0.6830496191978455,0.7097028493881226]",0.0,0.0,0.0,False,False,0.006411641836166382
164,3,13,False,"[-0.015368551015853882,-0.07471060752868652,-0.005637049674987793,0.05862322449684143,-0.02615073323249817,-0.02364826202392578,1.0332984924316406,0.2904427647590637,1.7098352909088135,1.3692547082901,-0.9914242625236511,-0.011406928300857544,-1.1453224420547485,0.5277189612388611]","[-0.015351640060544014,-0.07395393401384354,-0.005925965495407581,0.058548592031002045,-0.025668146088719368,-0.021774452179670334]",0.04399846866726875,"[0.29010745882987976,1.708587646484375,1.3686983585357666,-0.9921789765357971,-0.00849107839167118,-1.1427947282791138]",0.020523427054286003,"[-0.2988390326499939,-0.35674166679382324,0.930724561214447,0.7023698687553406,0.03615768626332283,-0.0533437505364418,0.7088889479637146]","[0.20610105991363525,-0.1349123865365982,1.004158616065979,0.1256854385137558,-0.6680437326431274,-0.029875464737415314,0.7328219413757324]","[-0.048490796238183975,-0.09682101756334305,0.7814736366271973]","[0.10407563298940659,0.1375986486673355,0.6830496191978455,0.7097027897834778]",0.0,0.0,0.0,False,False,0.004615839570760727
165,3,14,False,"[-0.01366432011127472,-0.0734717845916748,-0.0039847493171691895,0.0560828298330307,-0.030992895364761353,-0.021682262420654297,1.0346859693527222,0.27557557821273804,1.6942992210388184,1.3503596782684326,-0.9652014374732971,-0.024040251970291138,-1.1295080184936523,0.5181920528411865]","[-0.013851968571543694,-0.07351619005203247,-0.004252010956406593,0.056389614939689636,-0.030323555693030357,-0.021695192903280258]",0.043998826295137405,"[0.2770783603191376,1.6959060430526733,1.3526811599731445,-0.9686512351036072,-0.022033294662833214,-1.1312015056610107]",0.019504019990563393,"[-0.29911479353904724,-0.35682904720306396,0.9310481548309326,0.7001981735229492,0.035818617790937424,-0.053075652569532394,0.7110713124275208]","[0.21025501191616058,-0.1352907121181488,1.0042515993118286,0.1385721117258072,-0.6596640944480896,-0.026964904740452766,0.7381828427314758]","[-0.048490796238183975,-0.09682101756334305,0.7814736366271973]","[0.10407542437314987,0.13759899139404297,0.6830496191978455,0.709702730178833]",0.0,0.0,0.0,False,False,0.00537794828414917
166,3,15,False,"[-0.017859138548374176,-0.05514729022979736,-0.006299912929534912,0.06448350846767426,-0.029280811548233032,-0.031263768672943115,1.03281831741333,0.25862401723861694,1.723031759262085,1.363077998161316,-0.9589031338691711,-0.04002857208251953,-1.1357288360595703,0.4668233394622803]","[-0.017388226464390755,-0.057300321757793427,-0.006115572992712259,0.06341893970966339,-0.029406020417809486,-0.03004341945052147]",0.043996114283800125,"[0.2606760561466217,1.7200478315353394,1.361873745918274,-0.9600171446800232,-0.03771188482642174,-1.1351455450057983]",0.017767339944839478,"[-0.2987395226955414,-0.35570719838142395,0.9298989772796631,0.7020992040634155,0.029001109302043915,-0.052091196179389954,0.7095787525177002]","[0.21363641321659088,-0.1289086490869522,0.9995113611221313,0.13869687914848328,-0.6559958457946777,-0.01969236135482788,0.7416500449180603]","[-0.048490796238183975,-0.09682101756334305,0.7814736366271973]","[0.10407523065805435,0.1375991702079773,0.6830495595932007,0.7097027897834778]",0.0,0.0,0.0,False,False,0.006792545318603516
167,3,16,False,"[-0.014588363468647003,-0.059181153774261475,-0.008364260196685791,0.05946637690067291,-0.0445483922958374,-0.02358490228652954,1.0225211381912231,0.23419469594955444,1.676598310470581,1.3078618049621582,-0.9033240079879761,-0.07243373990058899,-1.1290916204452515,0.4355510473251343]","[-0.014888275414705276,-0.05895555391907692,-0.008097587153315544,0.05996568873524666,-0.042639270424842834,-0.024409987032413483]",0.04399033263325691,"[0.23707592487335205,1.6814262866973877,1.3145852088928223,-0.9106600284576416,-0.06798114627599716,-1.1298627853393555]",0.016033751890063286,"[-0.29935696721076965,-0.35562363266944885,0.9290190935134888,0.6964617967605591,0.029527949169278145,-0.049000129103660583,0.7153096795082092]","[0.2219473272562027,-0.13361386954784393,0.9997796416282654,0.15701216459274292,-0.6390794515609741,-0.021935267373919487,0.7526243329048157]","[-0.048490796238183975,-0.09682101011276245,0.7814736366271973]","[0.10407567024230957,0.13759855926036835,0.6830498576164246,0.7097025513648987]",0.0,0.0,0.0,False,False,0.011290311813354492
168,3,17,False,"[-0.01723414659500122,-0.05560171604156494,-0.00526195764541626,0.06904444098472595,-0.050700366497039795,-0.022643953561782837,1.0167440176010132,0.2174687385559082,1.6795542240142822,1.2798728942871094,-0.8558785319328308,-0.10819286108016968,-1.1161967515945435,0.36524251103401184]","[-0.016941310837864876,-0.05603563040494919,-0.005498997867107391,0.06792084872722626,-0.04967765137553215,-0.022869186475872993]",0.04399900138378143,"[0.21971191465854645,1.6801087856292725,1.2840001583099365,-0.8628672361373901,-0.10305503755807877,-1.1179378032684326]",0.013469728641211987,"[-0.29936861991882324,-0.3557377755641937,0.9304428100585938,0.6945281028747559,0.032506804913282394,-0.05142171308398247,0.7168890237808228]","[0.2264241874217987,-0.13234339654445648,0.9931689500808716,0.1670459508895874,-0.6233782768249512,-0.01621280610561371,0.7636963725090027]","[-0.048490796238183975,-0.09682101756334305,0.7814736366271973]","[0.10407555848360062,0.1375986933708191,0.683049738407135,0.709702730178833]",0.0,0.0,0.0,False,False,0.010882318019866943
169,3,18,False,"[-0.015960685908794403,-0.05914074182510376,-0.010111749172210693,0.0704750120639801,-0.05306330323219299,-0.018768489360809326,1.007919192314148,0.1961694359779358,1.6562490463256836,1.251097559928894,-0.8186055421829224,-0.1332535296678543,-1.1010596752166748,0.3163191080093384]","[-0.01606988161802292,-0.05874931812286377,-0.009628597646951675,0.07012571394443512,-0.05263734236359596,-0.019291549921035767]",0.043999820947647095,"[0.1987500637769699,1.6588472127914429,1.2552752494812012,-0.8242688775062561,-0.1293814480304718,-1.103210210800171]",0.010899401269853115,"[-0.29953446984291077,-0.3556118607521057,0.9294602870941162,0.6930791139602661,0.033986251801252365,-0.050482042133808136,0.7182881236076355]","[0.23296873271465302,-0.13405555486679077,0.9929246306419373,0.1843874305486679,-0.608109176158905,-0.013701493851840496,0.7720211148262024]","[-0.048490796238183975,-0.09682101756334305,0.7814736366271973]","[0.1040756031870842,0.13759881258010864,0.683049738407135,0.709702730178833]",0.0,0.0,0.0,False,False,0.008813142776489258
170,3,19,False,"[-0.015383630990982056,-0.05802863836288452,-0.0033320188522338867,0.07261122763156891,-0.06235334277153015,-0.021701842546463013,1.0045384168624878,0.21186137199401855,1.6278395652770996,1.226966381072998,-0.769455075263977,-0.1367923468351364,-1.0724722146987915,0.3243045508861542]","[-0.015443985350430012,-0.058155883103609085,-0.0039655608125030994,0.07233945280313492,-0.06112750619649887,-0.021395033225417137]",0.04399999976158142,"[0.21059876680374146,1.6315220594406128,1.2304682731628418,-0.7764657735824585,-0.1358909159898758,-1.0763964653015137]",0.009503955021500587,"[-0.29984569549560547,-0.35606473684310913,0.9315394759178162,0.6897016167640686,0.03559262678027153,-0.05409514158964157,0.7211923599243164]","[0.2295839637517929,-0.13741730153560638,0.9958531856536865,0.20154881477355957,-0.5944765210151672,-0.02462783455848694,0.7780546545982361]","[-0.048490796238183975,-0.09682101756334305,0.7814736366271973]","[0.104075588285923,0.13759881258010864,0.6830496191978455,0.7097028493881226]",0.0,0.0,0.0,False,False,0.010959923267364502
171,3,20,False,"[-0.01341143250465393,-0.0610123872756958,-0.011454403400421143,0.06285610795021057,-0.06827807426452637,-0.02332785725593567,0.9987093210220337,0.20011207461357117,1.6262905597686768,1.1877100467681885,-0.7272039651870728,-0.17178897559642792,-1.0491917133331299,0.2956640124320984]","[-0.013635688461363316,-0.06060326099395752,-0.010759427212178707,0.06399444490671158,-0.06737933307886124,-0.023082073777914047]",0.0439722053706646,"[0.20122943818569183,1.6272544860839844,1.1926803588867188,-0.733564019203186,-0.1671966314315796,-1.0526607036590576]",0.008033103309571743,"[-0.30018994212150574,-0.35558995604515076,0.9286246299743652,0.6870286464691162,0.030643921345472336,-0.050178300589323044,0.7242476344108582]","[0.23203039169311523,-0.13887181878089905,0.9881284236907959,0.20869074761867523,-0.5798718929290771,-0.014336242340505123,0.7873952388763428]","[-0.04849079251289368,-0.09682101756334305,0.7814736366271973]","[0.10407529771327972,0.13759908080101013,0.6830496788024902,0.709702730178833]",0.0,0.0,0.0,False,False,0.009759187698364258
172,3,21,False,"[-0.01690850406885147,-0.04941433668136597,-0.009087622165679932,0.06600217521190643,-0.06661456823348999,-0.015834420919418335,0.9951677918434143,0.186416894197464,1.6230061054229736,1.2088370323181152,-0.7533852458000183,-0.1707359403371811,-1.0688165426254272,0.25037306547164917]","[-0.01652541197836399,-0.050762008875608444,-0.009226369671523571,0.06575745344161987,-0.06670407205820084,-0.01675817184150219]",0.043885987251996994,"[0.18800795078277588,1.623167872428894,1.2071173191070557,-0.7508006691932678,-0.17026683688163757,-1.06675124168396]",0.0062708077020943165,"[-0.29988983273506165,-0.3551059067249298,0.9285780191421509,0.6883246302604675,0.03054509498178959,-0.04551713913679123,0.7233285307884216]","[0.23607146739959717,-0.13805775344371796,0.9928113222122192,0.20956435799598694,-0.5801742672920227,-0.016362719237804413,0.7869008183479309]","[-0.048490796238183975,-0.09682101756334305,0.7814736366271973]","[0.10407581925392151,0.13759849965572357,0.683049738407135,0.7097026705741882]",0.0,0.0,0.0,False,False,0.004959225654602051
173,3,22,False,"[-0.015872538089752197,-0.046892762184143066,-0.011451005935668945,0.05080251395702362,-0.07195571064949036,-0.020373433828353882,0.9813473224639893,0.16986361145973206,1.6204426288604736,1.1883251667022705,-0.7133623957633972,-0.2007974088191986,-1.068471074104309,0.2040908932685852]","[-0.015938857570290565,-0.04730353504419327,-0.011311347596347332,0.05266127362847328,-0.07129346579313278,-0.019912296906113625]",0.04352101311087608,"[0.171893909573555,1.621031641960144,1.190510630607605,-0.7181501388549805,-0.1968836933374405,-1.0682507753372192]",0.004117195028811693,"[-0.3000703752040863,-0.35461878776550293,0.9263514280319214,0.686747133731842,0.023106276988983154,-0.03988976031541824,0.7254331111907959]","[0.24031437933444977,-0.13693693280220032,0.990105926990509,0.21539239585399628,-0.568176805973053,-0.017843913286924362,0.7940168380737305]","[-0.048490796238183975,-0.09682101756334305,0.7814736366271973]","[0.10407532751560211,0.13759908080101013,0.6830495595932007,0.7097027897834778]",0.0,0.0,0.0,False,False,0.007463634014129639
174,3,23,False,"[-0.01645345240831375,-0.0424959659576416,-0.0022273659706115723,0.05527736246585846,-0.07101559638977051,-0.011661559343338013,0.9814068675041199,0.17232853174209595,1.6052658557891846,1.1867620944976807,-0.696866512298584,-0.20174852013587952,-1.0612356662750244,0.18226578831672668]","[-0.016394097357988358,-0.04312705993652344,-0.0031315921805799007,0.05500715970993042,-0.07104899734258652,-0.012713651172816753]",0.04331110417842865,"[0.1723514199256897,1.6069821119308472,1.1873891353607178,-0.69954514503479,-0.20114317536354065,-1.0621315240859985]",0.0023917665239423513,"[-0.3000257611274719,-0.35498565435409546,0.9290355443954468,0.6868268251419067,0.027716204524040222,-0.03961732238531113,0.7252110242843628]","[0.2401546835899353,-0.13757330179214478,0.9941809177398682,0.22434447705745697,-0.5608264803886414,-0.026379304006695747,0.7965219020843506]","[-0.048490796238183975,-0.09682101756334305,0.7814736366271973]","[0.10407541692256927,0.13759897649288177,0.6830495595932007,0.7097028493881226]",0.0,0.0,0.0,False,False,0.004350423812866211
175,3,24,False,"[-0.014932870864868164,-0.056915283203125,-0.009196043014526367,0.05152389407157898,-0.08154809474945068,-0.02151206135749817,0.9776571989059448,0.1705145239830017,1.5878350734710693,1.1469266414642334,-0.6183983087539673,-0.23880288004875183,-1.0220837593078613,0.17224189639091492]","[-0.015082440339028835,-0.05524459108710289,-0.008579378947615623,0.05193633586168289,-0.08022559434175491,-0.020390786230564117]",0.04309779778122902,"[0.17078249156475067,1.5903624296188354,1.151798963546753,-0.6287690997123718,-0.23401135206222534,-1.0271944999694824]",0.0011097559472545981,"[-0.300420343875885,-0.35532209277153015,0.9278008937835693,0.6830661296844482,0.026190154254436493,-0.04389239847660065,0.7285658121109009]","[0.23990494012832642,-0.13865365087985992,0.9921032190322876,0.24165593087673187,-0.536102294921875,-0.030165135860443115,0.8082615733146667]","[-0.04849079251289368,-0.09682101756334305,0.7814736366271973]","[0.10407537966966629,0.1375989466905594,0.6830496191978455,0.7097027897834778]",0.0,0.0,0.0,False,False,0.016187727451324463
176,3,25,False,"[-0.012460172176361084,-0.05742377042770386,-0.01127004623413086,0.05070231854915619,-0.07817840576171875,-0.01360514760017395,0.980230450630188,0.1720150262117386,1.5781980752944946,1.145970106124878,-0.6138821244239807,-0.2516525387763977,-1.000783085823059,0.15283113718032837]","[-0.012772892601788044,-0.05716322734951973,-0.010965143330395222,0.05085130035877228,-0.07844237983226776,-0.014470835216343403]",0.043035347014665604,"[0.17191630601882935,1.5795716047286987,1.146736741065979,-0.6157761216163635,-0.24942158162593842,-1.004152536392212]",1.189972707038578e-07,"[-0.3005865216255188,-0.35524529218673706,0.9270331263542175,0.682816207408905,0.02776499278843403,-0.04109674692153931,0.728904664516449]","[0.23930276930332184,-0.13981646299362183,0.9945246577262878,0.24876026809215546,-0.5245087146759033,-0.02766227349638939,0.8137835264205933]","[-0.048490796238183975,-0.09682101011276245,0.7814736366271973]","[0.10407569259405136,0.13759858906269073,0.683049738407135,0.7097026705741882]",0.0,0.0,0.0,False,False,0.005269169807434082
177,3,26,False,"[-0.01388522982597351,-0.05455237627029419,-0.009508371353149414,0.05338643491268158,-0.07616749405860901,-0.010794341564178467,0.9783510565757751,0.15667283535003662,1.582550048828125,1.1540682315826416,-0.6288502216339111,-0.24323998391628265,-1.0203558206558228,0.1474730670452118]","[-0.013759076595306396,-0.05487685650587082,-0.009640228934586048,0.05307649075984955,-0.07645216584205627,-0.011262527666985989]",0.04295503720641136,"[0.15825557708740234,1.5823081731796265,1.1530789136886597,-0.6271913051605225,-0.2439868450164795,-1.0182849168777466]",0.0,"[-0.300435334444046,-0.355222225189209,0.9275248050689697,0.683836817741394,0.02929805964231491,-0.040370967239141464,0.7279278039932251]","[0.24365234375,-0.1387186348438263,0.9950001835823059,0.24976737797260284,-0.5297691226005554,-0.02701861597597599,0.8100808262825012]","[-0.048490796238183975,-0.09682101756334305,0.7814736366271973]","[0.10407549887895584,0.13759876787662506,0.6830493807792664,0.7097030282020569]",0.0,0.0,0.0,False,False,0.003496885299682617
178,3,27,False,"[-0.01453021913766861,-0.04195624589920044,-0.01251983642578125,0.04897218942642212,-0.07814320921897888,-0.010698914527893066,0.974602460861206,0.16360759735107422,1.5785460472106934,1.1278491020202637,-0.5561087131500244,-0.27544116973876953,-0.9695279598236084,0.14920824766159058]","[-0.014436684548854828,-0.04344049468636513,-0.012302873656153679,0.049442943185567856,-0.07792709022760391,-0.010770346038043499]",0.04282066226005554,"[0.16315814852714539,1.5791140794754028,1.131062388420105,-0.5651181936264038,-0.2714577913284302,-0.9757512807846069]",5.992896490170097e-07,"[-0.3004007041454315,-0.3542993366718292,0.9254122376441956,0.6837779879570007,0.02345920540392399,-0.033685971051454544,0.728534460067749]","[0.24110640585422516,-0.13753624260425568,0.9926748871803284,0.26356029510498047,-0.5067309737205505,-0.026561660692095757,0.8203986883163452]","[-0.048490796238183975,-0.09682101756334305,0.7814736366271973]","[0.10407532751560211,0.13759900629520416,0.6830494403839111,0.7097029685974121]",0.0,0.0,0.0,False,False,0.01416921615600586
179,3,28,False,"[-0.015315495431423187,-0.04871243238449097,-0.009863495826721191,0.049957528710365295,-0.07673299312591553,-0.012650668621063232,0.9698711633682251,0.16464915871620178,1.5747915506362915,1.1347274780273438,-0.5536928772926331,-0.27506428956985474,-0.9902287721633911,0.122403085231781]","[-0.015214319340884686,-0.04812930151820183,-0.010031703859567642,0.049934886395931244,-0.07688279449939728,-0.012410894967615604]",0.04264016076922417,"[0.16447311639785767,1.5752475261688232,1.1344023942947388,-0.5550997257232666,-0.2746094763278961,-0.9883789420127869]",0.0,"[-0.3003028333187103,-0.35474953055381775,0.9265838861465454,0.6843686699867249,0.025407442823052406,-0.037025630474090576,0.7277520298957825]","[0.2404857873916626,-0.13688763976097107,0.9953532218933105,0.26340818405151367,-0.5039317011833191,-0.03858668729662895,0.8216933012008667]","[-0.048490796238183975,-0.09682101756334305,0.7814736366271973]","[0.10407545417547226,0.13759897649288177,0.6830496191978455,0.7097027897834778]",0.0,0.0,0.0,False,False,0.0033902334980666637
180,3,29,False,"[-0.01407673954963684,-0.038289010524749756,-0.008168637752532959,0.04025071859359741,-0.07793939113616943,-0.009795606136322021,0.9690676927566528,0.15846191346645355,1.5652695894241333,1.130090355873108,-0.5761369466781616,-0.2746809422969818,-0.9852677583694458,0.14061057567596436]","[-0.014208932407200336,-0.03941536322236061,-0.008499267511069775,0.04144736006855965,-0.07780730724334717,-0.010128995403647423]",0.04251126945018768,"[0.15909039974212646,1.5664714574813843,1.130407691001892,-0.5735512375831604,-0.2746627628803253,-0.9856658577919006]",0.0,"[-0.30041852593421936,-0.35426831245422363,0.9256285429000854,0.6838245391845703,0.020916234701871872,-0.030415376648306847,0.7287121415138245]","[0.24267275631427765,-0.13969606161117554,0.9958251118659973,0.26284509897232056,-0.5063310265541077,-0.030862556770443916,0.820724606513977]","[-0.048490799963474274,-0.09682102501392365,0.7814736366271973]","[0.10407569259405136,0.13759887218475342,0.6830493807792664,0.7097030282020569]",0.0,0.0,0.0,False,False,0.004191219806671143
181,3,30,False,"[-0.011808857321739197,-0.04821258783340454,-0.013373494148254395,0.048526376485824585,-0.07726231217384338,-0.010873585939407349,0.9739124774932861,0.15060672163963318,1.5503840446472168,1.1134471893310547,-0.5279504060745239,-0.29619935154914856,-0.9815564155578613,0.14619997143745422]","[-0.012091655284166336,-0.04718770831823349,-0.012742836959660053,0.04763716831803322,-0.07733643800020218,-0.01077893003821373]",0.042542681097984314,"[0.1515633910894394,1.5522780418395996,1.115607500076294,-0.5337498188018799,-0.29344844818115234,-0.9820805788040161]",1.4064446496320215e-08,"[-0.30061012506484985,-0.35447803139686584,0.9253725409507751,0.6831209063529968,0.024009842425584793,-0.03420606255531311,0.7291085124015808]","[0.24460473656654358,-0.14007596671581268,0.9978151917457581,0.27204617857933044,-0.49205976724624634,-0.04213089868426323,0.8258892297744751]","[-0.048490796238183975,-0.09682101756334305,0.7814736366271973]","[0.10407555848360062,0.13759885728359222,0.6830497980117798,0.7097026705741882]",0.0,0.0,0.0,False,False,0.009129345417022705
182,3,31,False,"[-0.016718462109565735,-0.033068954944610596,-0.010315001010894775,0.053524911403656006,-0.07962656021118164,-0.0012037456035614014,0.9752761125564575,0.16826231777668,1.557666540145874,1.099156379699707,-0.48011139035224915,-0.31155940890312195,-0.9339452981948853,0.1390562653541565]","[-0.016170835122466087,-0.03474593162536621,-0.010595683008432388,0.05277257785201073,-0.07932619005441666,-0.0024242380168288946]",0.04259612783789635,"[0.1665436178445816,1.5572779178619385,1.101176142692566,-0.4869173765182495,-0.3092885911464691,-0.9400897026062012]",1.793637238733936e-07,"[-0.30026912689208984,-0.35392463207244873,0.9256529211997986,0.6838439702987671,0.025036267936229706,-0.029335705563426018,0.7286081910133362]","[0.23915401101112366,-0.13874119520187378,0.9946897029876709,0.27859070897102356,-0.4752419888973236,-0.03855231776833534,0.8336941003799438]","[-0.04849079251289368,-0.09682101011276245,0.7814736366271973]","[0.10407543182373047,0.13759882748126984,0.683049738407135,0.709702730178833]",0.0,0.0,0.0,False,False,0.010674118995666504
183,3,32,False,"[-0.016419582068920135,-0.031232059001922607,-0.00239408016204834,0.04296889901161194,-0.07834690809249878,0.006560534238815308,0.9651604890823364,0.1578076183795929,1.5457147359848022,1.0905213356018066,-0.49381014704704285,-0.3038327991962433,-0.9397207498550415,0.12094825506210327]","[-0.01639403961598873,-0.031657230108976364,-0.0033331827726215124,0.044238895177841187,-0.07846914231777191,0.0054157027043402195]",0.04240192100405693,"[0.15865494310855865,1.5469204187393188,1.0918036699295044,-0.4929752051830292,-0.3045057952404022,-0.9397646188735962]",0.0,"[-0.30022701621055603,-0.35417914390563965,0.927064061164856,0.6841937303543091,0.026261107996106148,-0.024860680103302002,0.7284031510353088]","[0.24222354590892792,-0.14125654101371765,0.9945626854896545,0.2819887101650238,-0.4779404103755951,-0.03470031917095184,0.8311745524406433]","[-0.04849079251289368,-0.09682101011276245,0.7814736366271973]","[0.10407533496618271,0.13759897649288177,0.683049738407135,0.709702730178833]",0.0,0.0,0.0,False,False,0.003468794282525778
184,3,33,False,"[-0.017052985727787018,-0.04635429382324219,-0.016088008880615234,0.048520222306251526,-0.08718061447143555,-0.007018834352493286,0.9703086614608765,0.16833068430423737,1.5387266874313354,1.0657650232315063,-0.45374971628189087,-0.32151976227760315,-0.91472327709198,0.1371334195137024]","[-0.016956370323896408,-0.04457593709230423,-0.014678705483675003,0.047931551933288574,-0.08608011901378632,-0.005433718208223581]",0.042396798729896545,"[0.16737566888332367,1.5397404432296753,1.06889808177948,-0.45879149436950684,-0.3193855583667755,-0.917921781539917]",0.0,"[-0.3003932237625122,-0.3542010486125946,0.9245447516441345,0.6816918849945068,0.02420925348997116,-0.03087102621793747,0.7305867075920105]","[0.23937714099884033,-0.1433059424161911,0.9918156266212463,0.2839338779449463,-0.46605372428894043,-0.03440268710255623,0.8372525572776794]","[-0.048490796238183975,-0.09682101756334305,0.7814736366271973]","[0.10407537966966629,0.13759903609752655,0.6830496191978455,0.7097027897834778]",0.0,0.0,0.0,False,False,0.00780099630355835
185,3,34,False,"[-0.020018015056848526,-0.040168821811676025,-0.000486910343170166,0.04658226668834686,-0.07332786917686462,0.0032473504543304443,0.9699550867080688,0.1672731339931488,1.5563490390777588,1.1013894081115723,-0.47018519043922424,-0.326620489358902,-0.9225330352783203,0.10040903091430664]","[-0.01968490332365036,-0.04076556861400604,-0.00196816842071712,0.046836912631988525,-0.07493307441473007,0.0021409098990261555]",0.04239826649427414,"[0.16725635528564453,1.5543614625930786,1.0976911783218384,-0.46858614683151245,-0.3256933391094208,-0.9219407439231873]",0.0,"[-0.29982277750968933,-0.35485804080963135,0.9284654855728149,0.6865357160568237,0.029541507363319397,-0.030883384868502617,0.725838840007782]","[0.2384089082479477,-0.13839678466320038,0.9956643581390381,0.2823745906352997,-0.4636734127998352,-0.037587206810712814,0.8389629125595093]","[-0.048490796238183975,-0.09682101011276245,0.7814736366271973]","[0.10407577455043793,0.13759861886501312,0.6830496788024902,0.709702730178833]",0.0,0.0,0.0,False,False,0.007037639617919922
186,3,35,False,"[-0.01793432980775833,-0.0330657958984375,-0.0020981431007385254,0.04790593683719635,-0.07152649760246277,0.013350248336791992,0.9676934480667114,0.16289909183979034,1.5055971145629883,1.0613350868225098,-0.4148201644420624,-0.3317531645298004,-0.8782283067703247,0.1298413872718811]","[-0.018149403855204582,-0.03393140062689781,-0.002203098963946104,0.0477294996380806,-0.07195768505334854,0.011921773664653301]",0.04233209788799286,"[0.16336625814437866,1.5112264156341553,1.065748691558838,-0.42175614833831787,-0.3309846818447113,-0.8838086724281311]",7.393241503450554e-07,"[-0.2998749911785126,-0.35441458225250244,0.9279574155807495,0.6870050430297852,0.030892089009284973,-0.02499309740960598,0.7255653142929077]","[0.2405322641134262,-0.14456363022327423,1.001459002494812,0.3043855130672455,-0.4440617561340332,-0.04318995028734207,0.8416016101837158]","[-0.048490796238183975,-0.09682101756334305,0.7814736366271973]","[0.10407548397779465,0.1375989466905594,0.6830496788024902,0.709702730178833]",0.0,0.0,0.0,False,False,0.010799586772918701
187,3,36,False,"[-0.019284680485725403,-0.022225916385650635,-0.004204511642456055,0.05000646412372589,-0.07251659035682678,0.0152072012424469,0.970565915107727,0.16654738783836365,1.5345284938812256,1.0786596536636353,-0.4157525300979614,-0.3429897427558899,-0.8995181322097778,0.1191452145576477]","[-0.01915041171014309,-0.023595616221427917,-0.0040075937286019325,0.04969211667776108,-0.07244258373975754,0.014789084903895855]",0.042363639920949936,"[0.16623905301094055,1.532186508178711,1.076955795288086,-0.4164867103099823,-0.34145721793174744,-0.8975108861923218]",0.0,"[-0.2997792661190033,-0.35366517305374146,0.9267480969429016,0.6873027682304382,0.028429407626390457,-0.020216872915625572,0.7255327701568604]","[0.23861218988895416,-0.1402585804462433,0.9991428256034851,0.29617375135421753,-0.4437457025051117,-0.047610361129045486,0.844454824924469]","[-0.048490796238183975,-0.09682101756334305,0.7814736366271973]","[0.10407567024230957,0.13759857416152954,0.6830496788024902,0.7097027897834778]",0.0,0.0,0.0,False,False,0.007240176200866699
188,3,37,False,"[-0.020714662969112396,-0.028015077114105225,0.003784358501434326,0.046307146549224854,-0.07446157932281494,0.023447275161743164,0.9704279899597168,0.17968103289604187,1.534287929534912,1.0684003829956055,-0.4085956811904907,-0.339455783367157,-0.8621938228607178,0.13453435897827148]","[-0.020527813583612442,-0.027538778260350227,0.002997138537466526,0.046795208007097244,-0.07420259714126587,0.022343412041664124]",0.04237877205014229,"[0.17824167013168335,1.5339425802230835,1.069523572921753,-0.40959495306015015,-0.3397411108016968,-0.8667029142379761]",0.0,"[-0.29971176385879517,-0.35437852144241333,0.9291489720344543,0.6869204640388489,0.03368917480111122,-0.020488156005740166,0.725662112236023]","[0.23498623073101044,-0.1412368267774582,0.9967616200447083,0.2978871464729309,-0.4399580955505371,-0.036384958773851395,0.8463900685310364]","[-0.048490796238183975,-0.09682101011276245,0.7814736366271973]","[0.10407555848360062,0.1375986635684967,0.6830499172210693,0.7097024917602539]",0.0,0.0,0.0,False,False,0.007050573825836182
189,3,38,False,"[-0.019367091357707977,-0.021656572818756104,0.009750604629516602,0.04375983774662018,-0.0668652355670929,0.029637634754180908,0.9691042900085449,0.17122450470924377,1.5051014423370361,1.054502248764038,-0.36839720606803894,-0.35231533646583557,-0.8474186658859253,0.13263726234436035]","[-0.019519630819559097,-0.02234455943107605,0.008928720839321613,0.04414902254939079,-0.06779386103153229,0.028708556666970253]",0.04236139729619026,"[0.17194509506225586,1.5083117485046387,1.0565223693847656,-0.37362197041511536,-0.3507051467895508,-0.8498777151107788]",1.82445205609838e-07,"[-0.2996242344379425,-0.3544357419013977,0.9305163025856018,0.6887986063957214,0.03536513075232506,-0.01740531250834465,0.7238802909851074]","[0.2370876967906952,-0.14347335696220398,1.002642273902893,0.31148117780685425,-0.4232683479785919,-0.04660903289914131,0.8495003581047058]","[-0.048490796238183975,-0.09682101011276245,0.7814736366271973]","[0.10407554358243942,0.13759872317314148,0.6830497980117798,0.7097026705741882]",0.0,0.0,0.0,False,False,0.008284807205200195
190,3,39,False,"[-0.023941420018672943,-0.011274218559265137,0.010972559452056885,0.03648054599761963,-0.06762614846229553,0.03635099530220032,0.965011715888977,0.17536503076553345,1.5109939575195312,1.0418596267700195,-0.35742294788360596,-0.35151058435440063,-0.8474971055984497,0.10531365871429443]","[-0.023422999307513237,-0.01254727691411972,0.010634553618729115,0.03742394968867302,-0.0676366314291954,0.035377662628889084]",0.04226073622703552,"[0.17501969635486603,1.5110013484954834,1.0433610677719116,-0.3595680892467499,-0.351410448551178,-0.8478015065193176]",0.0,"[-0.29923373460769653,-0.35387882590293884,0.9297046065330505,0.6904075741767883,0.03264718875288963,-0.009593987837433815,0.7226198315620422]","[0.23618754744529724,-0.1440153419971466,0.9987012147903442,0.31002193689346313,-0.42306768894195557,-0.04565705731511116,0.8501855731010437]","[-0.04849079251289368,-0.09682101756334305,0.7814736366271973]","[0.10407542437314987,0.13759896159172058,0.6830496788024902,0.709702730178833]",0.0,0.0,0.0,False,False,0.004658937454223633
191,3,40,False,"[-0.022443093359470367,-0.008355379104614258,0.016190946102142334,0.043962880969047546,-0.06423535943031311,0.04823082685470581,0.9707685708999634,0.18052835762500763,1.4926894903182983,1.0193991661071777,-0.2950960695743561,-0.3717733919620514,-0.7760300636291504,0.14087456464767456]","[-0.02256755530834198,-0.008893991820514202,0.0156564824283123,0.04317381605505943,-0.06466551125049591,0.046592436730861664]",0.04232023283839226,"[0.1799686998128891,1.4946682453155518,1.0225725173950195,-0.3032660186290741,-0.3692018687725067,-0.7851902842521667]",1.0992713441737578e-06,"[-0.2992330491542816,-0.3540133833885193,0.9316892027854919,0.6908411979675293,0.03897999972105026,-0.008143189363181591,0.7219089865684509]","[0.2344093769788742,-0.1455710381269455,1.0008732080459595,0.3258911073207855,-0.3956967294216156,-0.039834681898355484,0.8576900362968445]","[-0.04849079251289368,-0.09682101756334305,0.7814736366271973]","[0.10407513380050659,0.13759920001029968,0.6830495595932007,0.7097028493881226]",0.0,0.0,0.0,False,False,0.014327168464660645
192,3,41,False,"[-0.027998290956020355,0.009516656398773193,0.020819008350372314,0.04100586473941803,-0.054945409297943115,0.04691457748413086,0.9641501903533936,0.18202820420265198,1.4913568496704102,1.0075244903564453,-0.28380659222602844,-0.38414230942726135,-0.7632083892822266,0.12580019235610962]","[-0.027380092069506645,0.007367165293544531,0.020136969164013863,0.0412587970495224,-0.056162141263484955,0.04687553271651268]",0.04222412407398224,"[0.18182308971881866,1.4918947219848633,1.0091992616653442,-0.28634223341941833,-0.3822484314441681,-0.7660112380981445]",0.0,"[-0.29850372672080994,-0.3532196879386902,0.931788444519043,0.6958755254745483,0.03460622951388359,-0.0030679211486130953,0.7173214554786682]","[0.23369468748569489,-0.14681650698184967,0.9987627863883972,0.32591378688812256,-0.3872792422771454,-0.034106750041246414,0.8617607355117798]","[-0.04849079251289368,-0.09682101011276245,0.7814736366271973]","[0.1040753647685051,0.13759900629520416,0.6830499768257141,0.7097024917602539]",0.0,0.0,0.0,False,False,0.004382491111755371
193,3,42,False,"[-0.026551518589258194,0.025705456733703613,0.03165194392204285,0.030958101153373718,-0.04495251178741455,0.06367924809455872,0.9582475423812866,0.1746073067188263,1.4647748470306396,1.0199034214019775,-0.3101816177368164,-0.36399927735328674,-0.8009116053581238,0.1439182460308075]","[-0.02667509950697422,0.023533327504992485,0.030308444052934647,0.0322832390666008,-0.046367745846509933,0.061537694185972214]",0.04202300310134888,"[0.17532427608966827,1.46772038936615,1.0187108516693115,-0.3071247637271881,-0.36631229519844055,-0.7964560389518738]",3.359364200150594e-07,"[-0.2982757091522217,-0.35272839665412903,0.9331454038619995,0.6991286277770996,0.03482140228152275,0.00767124630510807,0.7141062021255493]","[0.2366776168346405,-0.14963299036026,1.007170557975769,0.3303879499435425,-0.3939218521118164,-0.05135926604270935,0.8561726212501526]","[-0.048490796238183975,-0.09682101756334305,0.7814736366271973]","[0.1040753573179245,0.13759897649288177,0.6830494999885559,0.7097029089927673]",0.0,0.0,0.0,False,False,0.0071610212326049805
194,3,43,False,"[-0.027025453746318817,0.01682579517364502,0.025441348552703857,0.031160607933998108,-0.052105605602264404,0.06249523162841797,0.9713796377182007,0.17598514258861542,1.4628219604492188,0.9871383905410767,-0.2840610444545746,-0.3719015419483185,-0.7830662727355957,0.15571320056915283]","[-0.0269726924598217,0.017642119899392128,0.025964194908738136,0.03128201514482498,-0.051378894597291946,0.062373653054237366]",0.04218970611691475,"[0.17595022916793823,1.463765025138855,0.9905375838279724,-0.28716138005256653,-0.3711908161640167,-0.784778892993927]",0.0,"[-0.2983951270580292,-0.3528555631637573,0.9320212602615356,0.6974217891693115,0.035208217799663544,0.007785474415868521,0.7157531380653381]","[0.2368468940258026,-0.15243086218833923,1.0008865594863892,0.33001866936683655,-0.3915858864784241,-0.044705476611852646,0.8577583432197571]","[-0.04849079251289368,-0.09682101011276245,0.7814736366271973]","[0.10407542437314987,0.137598916888237,0.6830496788024902,0.709702730178833]",0.0,0.0,0.0,False,False,0.0083845853805542
195,3,44,False,"[-0.02726477012038231,0.023739635944366455,0.03563311696052551,0.027792856097221375,-0.052807122468948364,0.07121974229812622,0.9598722457885742,0.17714335024356842,1.444854736328125,0.9730250835418701,-0.24085773527622223,-0.3939366340637207,-0.7447500228881836,0.14462602138519287]","[-0.02722865901887417,0.022982025519013405,0.034583427011966705,0.028279051184654236,-0.05262535810470581,0.07009183615446091]",0.042048949748277664,"[0.17705833911895752,1.4467910528182983,0.975446879863739,-0.24670261144638062,-0.39106160402297974,-0.7498590350151062]",2.779230214855488e-07,"[-0.29841068387031555,-0.35302096605300903,0.9342588782310486,0.6969217658042908,0.037969622761011124,0.01044809352606535,0.7160651087760925]","[0.23630815744400024,-0.15436139702796936,1.0039335489273071,0.33782443404197693,-0.3699486255645752,-0.04616475850343704,0.8642229437828064]","[-0.04849079251289368,-0.09682101756334305,0.7814736366271973]","[0.10407523065805435,0.1375991553068161,0.6830496191978455,0.7097027897834778]",0.0,0.0,0.0,False,False,0.009259715676307678
196,3,45,False,"[-0.03256972134113312,0.05117237567901611,0.05461186170578003,0.03795488178730011,-0.022597938776016235,0.09231019020080566,0.9692718386650085,0.1838289201259613,1.4285708665847778,0.9625507593154907,-0.18290139734745026,-0.3955431282520294,-0.713558554649353,0.173595130443573]","[-0.032007329165935516,0.047793805599212646,0.05238409340381622,0.036785732954740524,-0.026379592716693878,0.08948009461164474]",0.04217904433608055,"[0.18309713900089264,1.4308124780654907,0.9641820788383484,-0.191009521484375,-0.3949843645095825,-0.7181910872459412]",2.0133701639224455e-07,"[-0.29716750979423523,-0.35239177942276,0.9392361044883728,0.707491397857666,0.045884933322668076,0.01650320179760456,0.7050376534461975]","[0.23447667062282562,-0.1550706923007965,1.0089645385742188,0.35052335262298584,-0.34835880994796753,-0.057330142706632614,0.8674634099006653]","[-0.04849079251289368,-0.09682101756334305,0.7814736366271973]","[0.10407552123069763,0.13759879767894745,0.6830496788024902,0.709702730178833]",0.0,0.0,0.0,False,False,0.012809514999389648
197,3,46,False,"[-0.03476884216070175,0.05461806058883667,0.06302264332771301,0.03980235755443573,-0.022436976432800293,0.1017378568649292,0.9706181883811951,0.18748673796653748,1.4079358577728271,0.9391148686408997,-0.1658962219953537,-0.40627321600914,-0.693816602230072,0.18053624033927917]","[-0.03445606306195259,0.05381278693675995,0.061785608530044556,0.03944254294037819,-0.022925831377506256,0.10017655789852142]",0.042258597910404205,"[0.18703968822956085,1.4107192754745483,0.9419161677360535,-0.16920040547847748,-0.40486130118370056,-0.6969283819198608]",1.694834281806834e-06,"[-0.29683324694633484,-0.35253971815109253,0.942234218120575,0.7091591358184814,0.051847901195287704,0.017981495708227158,0.7029094099998474]","[0.23386502265930176,-0.1596507728099823,1.0091873407363892,0.35241690278053284,-0.3369671404361725,-0.05635916441679001,0.8712514042854309]","[-0.048490796238183975,-0.09682101756334305,0.7814736366271973]","[0.10407539457082748,0.13759896159172058,0.6830496191978455,0.7097027897834778]",0.0,0.0,0.0,False,False,0.005532562732696533
198,3,47,False,"[-0.04329030215740204,0.09198343753814697,0.07732519507408142,0.022554174065589905,-0.0029761195182800293,0.11133977770805359,0.954408586025238,0.18567776679992676,1.361447811126709,0.9010475873947144,-0.1458234339952469,-0.3791295289993286,-0.655290961265564,0.18210488557815552]","[-0.0422951802611351,0.08753708004951477,0.0753522515296936,0.024668926373124123,-0.005477863363921642,0.10991951823234558]",0.04198131710290909,"[0.18575197458267212,1.367013931274414,0.9058671593666077,-0.14891527593135834,-0.38241344690322876,-0.6606050729751587]",4.371017325865978e-07,"[-0.29548683762550354,-0.3507349193096161,0.9427978992462158,0.7185608148574829,0.043845921754837036,0.03361591696739197,0.693265974521637]","[0.2365204095840454,-0.16844123601913452,1.0109657049179077,0.3717070519924164,-0.32885363698005676,-0.05171084776520729,0.8666111826896667]","[-0.048490796238183975,-0.09682101756334305,0.7814736366271973]","[0.10407558083534241,0.1375989019870758,0.6830493807792664,0.7097030282020569]",0.0,0.0,0.0,False,False,0.010242342948913574
199,3,48,False,"[-0.03500452637672424,0.09920138120651245,0.08486863970756531,0.020240217447280884,-0.007622212171554565,0.13616278767585754,0.9482938051223755,0.17291812598705292,1.3185527324676514,0.876366138458252,-0.11469972133636475,-0.37005648016929626,-0.6418365240097046,0.23629692196846008]","[-0.035861384123563766,0.09780827164649963,0.08381117135286331,0.020832955837249756,-0.007361300755292177,0.13281641900539398]",0.041644833981990814,"[0.17426617443561554,1.3241034746170044,0.8798609375953674,-0.11912544071674347,-0.3716076910495758,-0.6442298293113708]",0.00114745635073632,"[-0.2961675524711609,-0.35035476088523865,0.9445064067840576,0.7152643799781799,0.04993870481848717,0.043793972581624985,0.6956902742385864]","[0.24135401844978333,-0.17510390281677246,1.0161911249160767,0.39085477590560913,-0.31627121567726135,-0.061174094676971436,0.8622427582740784]","[-0.048490796238183975,-0.09682101756334305,0.7814736366271973]","[0.10407540202140808,0.13759900629520416,0.6830495595932007,0.7097028493881226]",0.0,0.0,0.0,False,False,0.010235786437988281
200,3,49,False,"[-0.03914617374539375,0.13247108459472656,0.09742608666419983,0.01776959002017975,-0.0010488629341125488,0.15508432686328888,0.954404354095459,0.18364644050598145,1.258274793624878,0.7787185907363892,0.003332352265715599,-0.41190314292907715,-0.5473999381065369,0.2586367428302765]","[-0.03877503052353859,0.12840229272842407,0.09579408168792725,0.01815720647573471,-0.0018376806983724236,0.15224717557430267]",0.04161243513226509,"[0.18275386095046997,1.2659204006195068,0.790582537651062,-0.012496127746999264,-0.4068526029586792,-0.5597658157348633]",0.0022124757524579763,"[-0.2956465780735016,-0.3485337495803833,0.9458903670310974,0.7182171940803528,0.04975945129990578,0.05797594413161278,0.6916117072105408]","[0.2405249923467636,-0.18891125917434692,1.0107786655426025,0.39768022298812866,-0.2710361182689667,-0.05504356324672699,0.8748485445976257]","[-0.04849079251289368,-0.09682101756334305,0.7814736366271973]","[0.10407556593418121,0.13759881258010864,0.6830496788024902,0.7097027897834778]",0.0,0.0,0.0,False,False,0.024408873170614243
201,4,0,True,"[-0.012746304273605347,-0.019680261611938477,-0.012586593627929688,-0.014177948236465454,-0.02170923352241516,0.08343067765235901,1.0118448734283447,0.3471532166004181,1.1673455238342285,0.8814358711242676,-0.732167661190033,0.005451321601867676,-0.7704759836196899,0.7254412174224854]","[-0.01575072482228279,-0.001926827011629939,-0.0005263750208541751,-0.010414336808025837,-0.019259542226791382,0.09220244735479355]",0.04260361194610596,"[0.3292093276977539,1.1789813041687012,0.8710340261459351,-0.20792488753795624,-0.21500526368618011,-0.7355700135231018]",0.010359162464737892,"[-0.29854923486709595,-0.35239821672439575,0.9204629063606262,0.7051453590393066,0.029396528378129005,0.035886768251657486,0.7075436115264893]","[0.21270951628684998,-0.21228507161140442,1.0412259101867676,0.37447577714920044,-0.3483355939388275,-0.14447666704654694,0.8470871448516846]","[-0.04849079251289368,-0.09682101011276245,0.7814736366271973]","[0.10407545417547226,0.13759887218475342,0.6830498576164246,0.7097025513648987]",0.0,0.0,0.0,False,False,0.5408153980970383
202,4,1,False,"[-0.010419853031635284,-0.025494754314422607,-0.006372630596160889,-0.013340160250663757,-0.02428489923477173,0.076090008020401,1.01423180103302,0.34886759519577026,1.1846463680267334,0.9098241925239563,-0.7607192993164062,0.005400121212005615,-0.7990453243255615,0.7373403310775757]","[-0.011028398759663105,-0.022922983393073082,-0.005152956582605839,-0.012814783491194248,-0.023666171357035637,0.07813950628042221]",0.043186597526073456,"[0.346650630235672,1.1856129169464111,0.9040536880493164,-0.40218019485473633,-0.03588901460170746,-0.790960431098938]",0.01759769394993782,"[-0.2991471588611603,-0.3532772958278656,0.9202725291252136,0.7019116878509521,0.02916032448410988,0.026017021387815475,0.7111911177635193]","[0.21561966836452484,-0.2182115614414215,1.0348039865493774,0.3822043538093567,-0.45313921570777893,-0.11855880916118622,0.7965729832649231]","[-0.048490796238183975,-0.09682101756334305,0.7814736366271973]","[0.1040756106376648,0.13759875297546387,0.6830496191978455,0.7097027897834778]",0.0,0.0,0.0,False,False,0.37849128246307373
203,4,2,False,"[-0.012770697474479675,-0.02423715591430664,0.0031566619873046875,-0.010522276163101196,-0.016957879066467285,0.08058711886405945,1.0293163061141968,0.34474626183509827,1.2452161312103271,0.9546468257904053,-0.8047521710395813,0.00407785177230835,-0.8468343019485474,0.7298052310943604]","[-0.012579471804201603,-0.024126479402184486,0.0022862572222948074,-0.010763031430542469,-0.01780257746577263,0.08027470856904984]",0.04352666437625885,"[0.3448728024959564,1.2388334274291992,0.9484924077987671,-0.5965007543563843,-0.000956640811637044,-0.8397055268287659]",0.022389544174075127,"[-0.2988339364528656,-0.35381099581718445,0.9230950474739075,0.7043424248695374,0.03373882547020912,0.022840281948447227,0.7086901068687439]","[0.21726329624652863,-0.21849894523620605,1.0236543416976929,0.33108532428741455,-0.5320098996162415,-0.07581797987222672,0.7756285071372986]","[-0.048490796238183975,-0.09682101756334305,0.7814736366271973]","[0.10407529771327972,0.13759908080101013,0.6830495595932007,0.7097027897834778]",0.0,0.0,0.0,False,False,0.2273985743522644
204,4,3,False,"[-0.018616482615470886,-0.021338284015655518,0.016218483448028564,-0.014357417821884155,-0.019269227981567383,0.061308711767196655,1.0337637662887573,0.33800292015075684,1.2894630432128906,0.9955854415893555,-0.8413232564926147,-0.0014680027961730957,-0.8834890127182007,0.755028247833252]","[-0.017902545630931854,-0.02169334515929222,0.01463717594742775,-0.01385326124727726,-0.019073469564318657,0.06372737884521484]",0.04371786490082741,"[0.3387771546840668,1.2837589979171753,0.990312933921814,-0.7812541127204895,-0.0013737533008679748,-0.8779001235961914]",0.025829877704381943,"[-0.298370361328125,-0.3544771671295166,0.9268086552619934,0.7059339284896851,0.030304977670311928,0.014455362223088741,0.7074813842773438]","[0.21993811428546906,-0.2216138243675232,1.0163956880569458,0.27128517627716064,-0.5887229442596436,-0.030253343284130096,0.7608509659767151]","[-0.048490796238183975,-0.09682101756334305,0.7814736366271973]","[0.10407539457082748,0.13759903609752655,0.683049738407135,0.7097026705741882]",0.0,0.0,0.0,False,False,0.08005863428115845
205,4,4,False,"[-0.019064463675022125,-0.02218109369277954,0.01811903715133667,-0.004244506359100342,-0.013635128736495972,0.04835328459739685,1.0328140258789062,0.3321848511695862,1.3336825370788574,1.0093944072723389,-0.8467440605163574,-0.008147567510604858,-0.9133962392807007,0.7482497096061707]","[-0.01893812231719494,-0.022125879302620888,0.017720572650432587,-0.0054546017199754715,-0.014321990311145782,0.050312869250774384]",0.04383135214447975,"[0.33294039964675903,1.3277736902236938,1.007062315940857,-0.8383932709693909,-0.007277405820786953,-0.9088703393936157]",0.0278198029845953,"[-0.2981386184692383,-0.3547390103340149,0.9286995530128479,0.708000659942627,0.029775027185678482,0.005391622427850962,0.7055631279945374]","[0.22002632915973663,-0.21807292103767395,1.009033203125,0.23852376639842987,-0.6117371320724487,-0.013077202253043652,0.7541305422782898]","[-0.048490799963474274,-0.09682101756334305,0.7814736366271973]","[0.10407572239637375,0.13759873807430267,0.6830494403839111,0.7097029089927673]",0.0,0.0,0.0,False,False,0.013129115104675293
206,4,5,False,"[-0.018958866596221924,-0.01888054609298706,0.021125197410583496,-0.0036903023719787598,-0.014254480600357056,0.04995623230934143,1.0445623397827148,0.3213878870010376,1.3855242729187012,1.0549840927124023,-0.8769544363021851,-0.004161030054092407,-0.9836924076080322,0.7413474917411804]","[-0.01895679347217083,-0.019260406494140625,0.02071148157119751,-0.003912053536623716,-0.01426259521394968,0.05000096186995506]",0.04389697685837746,"[0.3226861357688904,1.3786135911941528,1.049569845199585,-0.8718035817146301,-0.004532685503363609,-0.9741448163986206]",0.028794676065444946,"[-0.2981356680393219,-0.35476845502853394,0.9296474456787109,0.7080078721046448,0.030244868248701096,0.0046818675473332405,0.7055409550666809]","[0.21957582235336304,-0.2085508406162262,1.008309006690979,0.2103605419397354,-0.6294593811035156,-0.021329211071133614,0.7477126717567444]","[-0.04849079251289368,-0.09682101011276245,0.7814736366271973]","[0.10407532006502151,0.1375989317893982,0.683049738407135,0.7097026705741882]",0.0,0.0,0.0,False,False,0.014932572841644287
207,4,6,False,"[-0.020738452672958374,-0.016652226448059082,0.028739482164382935,0.001917421817779541,-0.011148661375045776,0.046501725912094116,1.0548005104064941,0.31021004915237427,1.396963357925415,1.0563777685165405,-0.8672632575035095,-0.010570049285888672,-0.9812436103820801,0.7499522566795349]","[-0.02053515426814556,-0.01699703373014927,0.027892228215932846,0.001220598234795034,-0.011539134196937084,0.04694812372326851]",0.043939605355262756,"[0.3116048574447632,1.3948067426681519,1.0557008981704712,-0.8677533864974976,-0.009775790385901928,-0.9803377985954285]",0.029462764039635658,"[-0.2979141175746918,-0.3551490902900696,0.9324079155921936,0.7094130516052246,0.03270014002919197,-3.27879170072265e-05,0.7040339112281799]","[0.22107338905334473,-0.20450066030025482,1.006370186805725,0.20959757268428802,-0.6299229264259338,-0.017750533297657967,0.7476300597190857]","[-0.048490796238183975,-0.09682101756334305,0.7814736366271973]","[0.1040756031870842,0.1375986933708191,0.6830495595932007,0.7097028493881226]",0.0,0.0,0.0,False,False,0.0038646459579467773
208,4,7,False,"[-0.014890804886817932,-0.018523097038269043,0.021784543991088867,-0.0017897337675094604,-0.019223004579544067,0.05311313271522522,1.0467476844787598,0.3172591030597687,1.4550094604492188,1.094620704650879,-0.9000369906425476,-0.00861436128616333,-1.0390416383743286,0.7095293402671814]","[-0.015539477579295635,-0.01828385330736637,0.02235105261206627,-0.001462634070776403,-0.018261920660734177,0.05232604965567589]",0.04395922273397446,"[0.3166545033454895,1.448122262954712,1.090011715888977,-0.8957363963127136,-0.008774236775934696,-1.0315529108047485]",0.029001228511333466,"[-0.29857778549194336,-0.35482266545295715,0.9303666353225708,0.7053034901618958,0.0320763923227787,0.004448300693184137,0.7081653475761414]","[0.2170434296131134,-0.19629940390586853,1.0022071599960327,0.17720596492290497,-0.6448737382888794,-0.02328854240477085,0.7430972456932068]","[-0.04849079251289368,-0.09682101011276245,0.7814736366271973]","[0.1040758490562439,0.13759848475456238,0.6830499172210693,0.7097024917602539]",0.0,0.0,0.0,False,False,0.012666702270507812
209,4,8,False,"[-0.02026882767677307,-0.016856491565704346,0.02945128083229065,0.010265499353408813,-0.01966559886932373,0.02934923768043518,1.0444577932357788,0.30613505840301514,1.4808601140975952,1.128282070159912,-0.9313551783561707,-0.025332659482955933,-1.073774814605713,0.7108580470085144]","[-0.019706448540091515,-0.017099780961871147,0.02881518378853798,0.008845999836921692,-0.019482336938381195,0.032279159873723984]",0.0439845509827137,"[0.30732807517051697,1.476806640625,1.1239392757415771,-0.9266656041145325,-0.023214003071188927,-1.0683884620666504]",0.028767485171556473,"[-0.29822492599487305,-0.35525697469711304,0.9334644079208374,0.7064158320426941,0.030382979661226273,-0.008320574648678303,0.7070955634117126]","[0.21740134060382843,-0.19058531522750854,1.0035951137542725,0.15794382989406586,-0.648481547832489,-0.024268055334687233,0.7442689538002014]","[-0.04849079251289368,-0.09682101756334305,0.7814736366271973]","[0.10407539457082748,0.1375989317893982,0.6830496191978455,0.7097027897834778]",0.0,0.0,0.0,False,False,0.008423328399658203
210,4,9,False,"[-0.016591668128967285,-0.009150505065917969,0.0227205753326416,0.0068829357624053955,-0.02528160810470581,0.048573434352874756,1.0434948205947876,0.28883230686187744,1.5096995830535889,1.1359554529190063,-0.9325699806213379,-0.023311525583267212,-1.12418794631958,0.6640090346336365]","[-0.016948387026786804,-0.010015453211963177,0.023242900148034096,0.007058341056108475,-0.02455255016684532,0.046494390815496445]",0.04398658871650696,"[0.2908659875392914,1.5060352087020874,1.1344934701919556,-0.931728720664978,-0.023259468376636505,-1.1170680522918701]",0.027580061927437782,"[-0.2986184358596802,-0.35438141226768494,0.9308688640594482,0.7036483883857727,0.030321206897497177,0.0019583976827561855,0.7098982930183411]","[0.2202916443347931,-0.18462258577346802,0.9989253878593445,0.140667125582695,-0.6566135883331299,-0.02906515821814537,0.7404231429100037]","[-0.048490796238183975,-0.09682101756334305,0.7814736366271973]","[0.10407565534114838,0.13759872317314148,0.6830496191978455,0.7097027897834778]",0.0,0.0,0.0,False,False,0.011134505271911621
211,4,10,False,"[-0.015436723828315735,-0.01699352264404297,0.024750947952270508,0.017492085695266724,-0.025278091430664062,0.027887672185897827,1.0458686351776123,0.2786213755607605,1.508589267730713,1.1690056324005127,-0.9503365159034729,-0.03449133038520813,-1.1496139764785767,0.6777729988098145]","[-0.015610075555741787,-0.016234003007411957,0.024757595732808113,0.016225839033722878,-0.025192422792315483,0.030260365456342697]",0.04399460181593895,"[0.28000253438949585,1.5079259872436523,1.1652395725250244,-0.9478240609169006,-0.03304886445403099,-1.1454613208770752]",0.02720421738922596,"[-0.29877355694770813,-0.35494092106819153,0.9327367544174194,0.7029354572296143,0.030451377853751183,-0.009883187711238861,0.7105326652526855]","[0.22217631340026855,-0.18131276965141296,1.0064865350723267,0.13777202367782593,-0.6533753275871277,-0.03958356752991676,0.7433388233184814]","[-0.048490796238183975,-0.09682101756334305,0.7814736366271973]","[0.10407546162605286,0.1375989019870758,0.6830496191978455,0.7097028493881226]",0.0,0.0,0.0,False,False,0.008200883865356445
212,4,11,False,"[-0.013976186513900757,-0.019793927669525146,0.012449264526367188,0.02775496244430542,-0.0289345383644104,0.02977210283279419,1.0301129817962646,0.253609836101532,1.5401042699813843,1.1692044734954834,-0.9265406727790833,-0.04868534207344055,-1.171755313873291,0.6582695245742798]","[-0.0141602186486125,-0.019327718764543533,0.013784313574433327,0.02623208425939083,-0.0284649059176445,0.02983304113149643]",0.04399817809462547,"[0.25652849674224854,1.5368711948394775,1.1685888767242432,-0.9291433691978455,-0.046642374247312546,-1.168395757675171]",0.026497958227992058,"[-0.29899895191192627,-0.35442548990249634,0.9302126169204712,0.7012306451797485,0.030992470681667328,-0.01079586148262024,0.712178647518158]","[0.2265627533197403,-0.1737155169248581,1.0003107786178589,0.13453879952430725,-0.6519967913627625,-0.03716453164815903,0.7452638149261475]","[-0.048490796238183975,-0.09682101756334305,0.7814736366271973]","[0.1040753498673439,0.13759900629520416,0.6830494999885559,0.7097029089927673]",0.0,0.0,0.0,False,False,0.008692026138305664
213,4,12,False,"[-0.013380870223045349,-0.011269807815551758,0.012373030185699463,0.028342828154563904,-0.03163301944732666,0.033151715993881226,1.0393990278244019,0.23166483640670776,1.537451982498169,1.1834608316421509,-0.9565812349319458,-0.044146209955215454,-1.2005622386932373,0.6318774819374084]","[-0.013465933501720428,-0.012231888249516487,0.012560144066810608,0.028071748092770576,-0.031233949586749077,0.03272832930088043]",0.04399976134300232,"[0.23436908423900604,1.5370244979858398,1.1818690299987793,-0.9530612230300903,-0.04441789165139198,-1.196456789970398]",0.025531699880957603,"[-0.29913851618766785,-0.3538959324359894,0.9294358491897583,0.7000519037246704,0.029727689921855927,-0.007425019983202219,0.7134342193603516]","[0.23288485407829285,-0.17264105379581451,1.0033012628555298,0.13047489523887634,-0.6566852927207947,-0.03676895052194595,0.7418818473815918]","[-0.048490796238183975,-0.09682101756334305,0.7814736366271973]","[0.10407517850399017,0.1375991851091385,0.6830495595932007,0.7097028493881226]",0.0,0.0,0.0,False,False,0.00641787052154541
214,4,13,False,"[-0.01283504068851471,-0.01593679189682007,0.021838009357452393,0.022100895643234253,-0.02991694211959839,0.024062305688858032,1.026200532913208,0.23123225569725037,1.5512282848358154,1.189793348312378,-0.9716426134109497,-0.05815529823303223,-1.2348872423171997,0.5885019898414612]","[-0.01291066873818636,-0.015541661530733109,0.020861055701971054,0.022916721180081367,-0.030086135491728783,0.025167306885123253]",0.043998900800943375,"[0.23165152966976166,1.549708604812622,1.1886844635009766,-0.9692900776863098,-0.05641208589076996,-1.2299872636795044]",0.023991450667381287,"[-0.299168199300766,-0.35465461015701294,0.932008683681488,0.7002788186073303,0.029331056401133537,-0.012439313344657421,0.7131579518318176]","[0.23305350542068481,-0.17149032652378082,1.0014169216156006,0.11152565479278564,-0.6578713059425354,-0.03995373845100403,0.7437546253204346]","[-0.048490796238183975,-0.09682101756334305,0.7814736366271973]","[0.10407554358243942,0.1375988870859146,0.6830494999885559,0.7097028493881226]",0.0,0.0,0.0,False,False,0.007668495178222656
215,4,14,False,"[-0.009856052696704865,-0.01584678888320923,0.02457582950592041,0.023141935467720032,-0.03580334782600403,0.029241353273391724,1.0287532806396484,0.21694326400756836,1.5321661233901978,1.1833879947662354,-0.9645029902458191,-0.054596662521362305,-1.2269376516342163,0.5776187181472778]","[-0.010203746147453785,-0.015803812071681023,0.024117672815918922,0.023115841671824455,-0.03508628159761429,0.028720885515213013]",0.04399706795811653,"[0.21850936114788055,1.5339980125427246,1.184167742729187,-0.9651332497596741,-0.05479704961180687,-1.227326512336731]",0.022875148802995682,"[-0.29957345128059387,-0.3549066185951233,0.9331519603729248,0.6974156498908997,0.03179435804486275,-0.012500674463808537,0.7158520221710205]","[0.23727291822433472,-0.17290882766246796,1.0044480562210083,0.12250252068042755,-0.6563828587532043,-0.04009731486439705,0.743334949016571]","[-0.048490796238183975,-0.09682101756334305,0.7814736366271973]","[0.10407533496618271,0.13759908080101013,0.6830495595932007,0.7097027897834778]",0.0,0.0,0.0,False,False,0.004633784294128418
216,4,15,False,"[-0.015490055084228516,-0.007460355758666992,0.018264412879943848,0.029447615146636963,-0.03420296311378479,0.009532779455184937,1.0248466730117798,0.19376182556152344,1.5629868507385254,1.1948974132537842,-0.9622233510017395,-0.07850277423858643,-1.2352381944656372,0.5193275809288025]","[-0.014867573976516724,-0.008409790694713593,0.018859390169382095,0.028596598654985428,-0.0343066044151783,0.011979916132986546]",0.04399482160806656,"[0.19651341438293457,1.559936285018921,1.1935162544250488,-0.9624976515769958,-0.07544310390949249,-1.2342227697372437]",0.020920680835843086,"[-0.2990953326225281,-0.3540794551372528,0.9313374757766724,0.6996921300888062,0.023451846092939377,-0.015949739143252373,0.7138811945915222]","[0.2418249100446701,-0.16683438420295715,1.000184416770935,0.12102562189102173,-0.6519529223442078,-0.029491042718291283,0.7479575276374817]","[-0.04849079251289368,-0.09682101011276245,0.7814736366271973]","[0.10407561808824539,0.13759873807430267,0.6830498576164246,0.7097026109695435]",0.0,0.0,0.0,False,False,0.007353544235229492
217,4,16,False,"[-0.010811306536197662,-0.00707167387008667,0.016916990280151367,0.0272408127784729,-0.04222974181175232,0.018470823764801025,1.018689751625061,0.17138263583183289,1.5318677425384521,1.1779155731201172,-0.9571263194084167,-0.08461987972259521,-1.2526570558547974,0.5007703304290771]","[-0.011273286305367947,-0.0072342404164373875,0.017161056399345398,0.027412116527557373,-0.04123551771044731,0.017641471698880196]",0.043988414108753204,"[0.1741161048412323,1.534783124923706,1.1799805164337158,-0.9578789472579956,-0.08341053128242493,-1.2503037452697754]",0.019332678988575935,"[-0.29963842034339905,-0.35388457775115967,0.930556058883667,0.6959083080291748,0.02396966516971588,-0.012457218952476978,0.7176222801208496]","[0.2487749457359314,-0.1702984869480133,1.0033272504806519,0.12833645939826965,-0.648409366607666,-0.03365279361605644,0.7496415376663208]","[-0.048490796238183975,-0.09682101756334305,0.7814736366271973]","[0.1040753424167633,0.13759908080101013,0.6830496191978455,0.709702730178833]",0.0,0.0,0.0,False,False,0.007504820823669434
218,4,17,False,"[-0.012708045542240143,-0.003326892852783203,0.02683013677597046,0.035772696137428284,-0.04686534404754639,0.017758339643478394,1.0062469244003296,0.14387476444244385,1.5369455814361572,1.1600655317306519,-0.943561851978302,-0.10387377440929413,-1.2660138607025146,0.41945159435272217]","[-0.012527216225862503,-0.0038531944155693054,0.02586214244365692,0.03477680683135986,-0.0461515374481678,0.017743416130542755]",0.043997623026371,"[0.14720258116722107,1.5370084047317505,1.1622287034988403,-0.9454441070556641,-0.10121136903762817,-1.2640069723129272]",0.01661590486764908,"[-0.2996651530265808,-0.3542987108230591,0.933967113494873,0.6944260597229004,0.028284123167395592,-0.017076674848794937,0.7188050150871277]","[0.25593486428260803,-0.16991834342479706,0.9982390403747559,0.1292763650417328,-0.6443520784378052,-0.026699265465140343,0.7532496452331543]","[-0.048490796238183975,-0.09682101756334305,0.7814736366271973]","[0.10407567769289017,0.13759872317314148,0.6830496191978455,0.7097028493881226]",0.0,0.0,0.0,False,False,0.0062349289655685425
219,4,18,False,"[-0.010674796998500824,-0.006109058856964111,0.024013161659240723,0.03808002173900604,-0.0479428768157959,0.025164872407913208,1.0019004344940186,0.126601442694664,1.5095889568328857,1.150911569595337,-0.9346650838851929,-0.11389361321926117,-1.2595431804656982,0.3737500309944153]","[-0.010889874771237373,-0.005812215618789196,0.024155380204319954,0.03763657435774803,-0.04771954193711281,0.02421841211616993]",0.04399966076016426,"[0.1288718283176422,1.512459397315979,1.1524996757507324,-0.9360677599906921,-0.11225124448537827,-1.2601113319396973]",0.014027968049049377,"[-0.29986751079559326,-0.35433337092399597,0.933811366558075,0.69312983751297,0.03158567473292351,-0.015867076814174652,0.71994549036026]","[0.26123732328414917,-0.17286548018455505,1.0022666454315186,0.1437596082687378,-0.6375166177749634,-0.027814794331789017,0.7563940286636353]","[-0.048490796238183975,-0.09682101756334305,0.7814736366271973]","[0.10407526046037674,0.1375991851091385,0.6830496191978455,0.7097027897834778]",0.0,0.0,0.0,False,False,0.007015228271484375
220,4,19,False,"[-0.010622389614582062,-0.010672569274902344,0.02924048900604248,0.03592301905155182,-0.05349314212799072,0.014855265617370605,0.9982876777648926,0.13658331334590912,1.4818079471588135,1.128415822982788,-0.894489049911499,-0.11468619108200073,-1.2413983345031738,0.3799631893634796]","[-0.010640576481819153,-0.010125797241926193,0.02871224656701088,0.03617638349533081,-0.05276552215218544,0.016048919409513474]",0.04396301135420799,"[0.13578562438488007,1.4854918718338013,1.1312925815582275,-0.8998417258262634,-0.11439604312181473,-1.2437877655029297]",0.012586875818669796,"[-0.3000437021255493,-0.35495221614837646,0.9355415105819702,0.6912339329719543,0.031213337555527687,-0.021548636257648468,0.7216349244117737]","[0.25967299938201904,-0.176156148314476,1.0043787956237793,0.15930864214897156,-0.6301466822624207,-0.03910880163311958,0.7589507699012756]","[-0.048490796238183975,-0.09682101756334305,0.7814736366271973]","[0.1040753573179245,0.13759905099868774,0.683049738407135,0.7097026109695435]",0.0,0.0,0.0,False,False,0.008316099643707275
221,4,20,False,"[-0.00888603925704956,-0.012215614318847656,0.022505581378936768,0.032419249415397644,-0.06853252649307251,0.008967936038970947,0.9931249618530273,0.13039471209049225,1.4986727237701416,1.0959551334381104,-0.8403040766716003,-0.15814167261123657,-1.2070434093475342,0.34755611419677734]","[-0.009059164673089981,-0.011918012984097004,0.023100821301341057,0.03284597396850586,-0.06654448807239532,0.009869172237813473]",0.04382902756333351,"[0.13105781376361847,1.4976588487625122,1.100044846534729,-0.8478742241859436,-0.15256531536579132,-1.2117284536361694]",0.011005333624780178,"[-0.30058974027633667,-0.3546697497367859,0.9334504008293152,0.6858662962913513,0.026454078033566475,-0.021288400515913963,0.7269348502159119]","[0.2595818340778351,-0.1738368570804596,0.9942471981048584,0.1682227998971939,-0.6129286289215088,-0.02747768722474575,0.7715338468551636]","[-0.04849079251289368,-0.09682101756334305,0.7814736366271973]","[0.10407517850399017,0.13759911060333252,0.6830496788024902,0.709702730178833]",0.0,0.0,0.0,False,False,0.011816918849945068
222,4,21,False,"[-0.009541518986225128,-0.005725860595703125,0.030454367399215698,0.032150790095329285,-0.05938032269477844,0.02406531572341919,0.992073655128479,0.11205561459064484,1.470320701599121,1.125211238861084,-0.900536060333252,-0.13026918470859528,-1.2430678606033325,0.3048195540904999]","[-0.009500446729362011,-0.006499723996967077,0.0296955443918705,0.032281167805194855,-0.060284167528152466,0.022255517542362213]",0.04373607784509659,"[0.11404696851968765,1.4728108644485474,1.1225637197494507,-0.8938227295875549,-0.13307252526283264,-1.2390658855438232]",0.009219162166118622,"[-0.3003675639629364,-0.3547530472278595,0.9352260828018188,0.6881104111671448,0.031008800491690636,-0.01696791499853134,0.724744439125061]","[0.2653661072254181,-0.17770633101463318,1.0054248571395874,0.1695602834224701,-0.6222503185272217,-0.03372980281710625,0.7634893655776978]","[-0.048490796238183975,-0.09682101011276245,0.7814736366271973]","[0.10407590866088867,0.13759846985340118,0.6830496788024902,0.7097027897834778]",0.0,0.0,0.0,False,False,0.010503232479095459
223,4,22,False,"[-0.008251309394836426,-0.0016775727272033691,0.02188783884048462,0.022958338260650635,-0.06454059481620789,0.010487794876098633,0.978550910949707,0.09349323064088821,1.4844937324523926,1.110386848449707,-0.8644465804100037,-0.16173160076141357,-1.2433539628982544,0.28106290102005005]","[-0.008388415910303593,-0.0021673922892659903,0.022599976509809494,0.024063831195235252,-0.06400547176599503,0.011988718993961811]",0.04337218031287193,"[0.09580989181995392,1.4837195873260498,1.111541986465454,-0.8681986331939697,-0.15804140269756317,-1.2428048849105835]",0.007549946662038565,"[-0.3005743622779846,-0.35392796993255615,0.9316950440406799,0.6867460608482361,0.02074616402387619,-0.013519063591957092,0.7264755368232727]","[0.2693932354450226,-0.17477907240390778,1.000445008277893,0.1730584055185318,-0.613473117351532,-0.03042895719408989,0.7699191570281982]","[-0.04849079251289368,-0.09682101756334305,0.7814736366271973]","[0.10407529771327972,0.13759903609752655,0.6830497980117798,0.7097026705741882]",0.0,0.0,0.0,False,False,0.005870640277862549
224,4,23,False,"[-0.009434767067432404,0.008727967739105225,0.03080648183822632,0.017150431871414185,-0.06518200039863586,0.026273727416992188,0.9798897504806519,0.08942967653274536,1.456615686416626,1.1198850870132446,-0.877838671207428,-0.15185332298278809,-1.2477818727493286,0.23608753085136414]","[-0.009310808964073658,0.0073988959193229675,0.029943902045488358,0.018068494275212288,-0.06502973288297653,0.024452002719044685]",0.04318783059716225,"[0.09012444317340851,1.4593404531478882,1.11919105052948,-0.876595139503479,-0.15263910591602325,-1.247146487236023]",0.005627488251775503,"[-0.30051371455192566,-0.3537496328353882,0.9328857064247131,0.686663806438446,0.022213445976376534,-0.0059968652203679085,0.7266107797622681]","[0.2714010179042816,-0.17777878046035767,1.0085279941558838,0.18191970884799957,-0.6129608154296875,-0.03928149491548538,0.767880916595459]","[-0.048490796238183975,-0.09682101756334305,0.7814736366271973]","[0.10407568514347076,0.13759878277778625,0.6830498576164246,0.7097025513648987]",0.0,0.0,0.0,False,False,0.0076895952224731445
225,4,24,False,"[-0.008246853947639465,-0.010691285133361816,0.026831388473510742,0.02237550914287567,-0.0738699734210968,0.014035463333129883,0.9785752296447754,0.08912687003612518,1.4581799507141113,1.0940487384796143,-0.8219121694564819,-0.16859832406044006,-1.2278039455413818,0.24164769053459167]","[-0.008352464064955711,-0.008567645214498043,0.02724839188158512,0.021847650408744812,-0.07275685667991638,0.015363295562565327]",0.04304453730583191,"[0.08927221596240997,1.4588145017623901,1.0968784093856812,-0.8288890719413757,-0.16655881702899933,-1.230271339416504]",0.004541842266917229,"[-0.3008366525173187,-0.3546801209449768,0.933543860912323,0.6834092140197754,0.024794891476631165,-0.015588507056236267,0.7294477224349976]","[0.27110445499420166,-0.17631636559963226,1.0040366649627686,0.1932586133480072,-0.6031003594398499,-0.04210187494754791,0.7727538347244263]","[-0.04849079251289368,-0.09682101011276245,0.7814736366271973]","[0.10407555848360062,0.13759878277778625,0.6830497980117798,0.7097026705741882]",0.0,0.0,0.0,False,False,0.010912179946899414
226,4,25,False,"[-0.0050795599818229675,-0.005223572254180908,0.025819063186645508,0.020154938101768494,-0.0737619400024414,0.021249741315841675,0.97919100522995,0.08800005912780762,1.4440577030181885,1.0923550128936768,-0.8126546144485474,-0.18575499951839447,-1.1950210332870483,0.22207635641098022]","[-0.005462567787617445,-0.005593857262283564,0.025911275297403336,0.020343411713838577,-0.0736410990357399,0.020498476922512054]",0.0429798923432827,"[0.08817639946937561,1.4455832242965698,1.0931143760681152,-0.8146902322769165,-0.1833232194185257,-1.1995171308517456]",0.003522623097524047,"[-0.3011360764503479,-0.35438260436058044,0.9327201247215271,0.6820402145385742,0.02458450384438038,-0.01154752541333437,0.7308099865913391]","[0.27102386951446533,-0.17740383744239807,1.006929636001587,0.2073604017496109,-0.5908874869346619,-0.03860902413725853,0.7786930799484253]","[-0.04849079251289368,-0.09682101756334305,0.7814736366271973]","[0.1040756031870842,0.1375986784696579,0.683049738407135,0.7097026705741882]",0.0,0.0,0.0,False,False,0.0070351362228393555
227,4,26,False,"[-0.0052626654505729675,-0.010026752948760986,0.02633771300315857,0.019724488258361816,-0.0696721076965332,0.025965750217437744,0.9765140414237976,0.0767422765493393,1.442339301109314,1.0902807712554932,-0.8183329701423645,-0.17766480147838593,-1.2110086679458618,0.21612057089805603]","[-0.005294270347803831,-0.009518099948763847,0.0263312179595232,0.019819483160972595,-0.07017385959625244,0.025269120931625366]",0.04288327693939209,"[0.07796621322631836,1.442834734916687,1.0904768705368042,-0.8179128766059875,-0.17835547029972076,-1.209539771080017]",0.0027589350938796997,"[-0.3010534942150116,-0.354667067527771,0.9331088662147522,0.6831318140029907,0.027559228241443634,-0.011186868883669376,0.7296890616416931]","[0.27402636408805847,-0.17808982729911804,1.0067245960235596,0.20821572840213776,-0.5943164825439453,-0.03834591060876846,0.7758631706237793]","[-0.048490796238183975,-0.09682101756334305,0.7814736366271973]","[0.10407557338476181,0.13759885728359222,0.683049738407135,0.7097026705741882]",0.0,0.0,0.0,False,False,0.002420179545879364
228,4,27,False,"[-0.0065369755029678345,0.002768874168395996,0.02459561824798584,0.01929701864719391,-0.07211488485336304,0.020705491304397583,0.974987268447876,0.08015123754739761,1.4489647150039673,1.0869693756103516,-0.7872534394264221,-0.19540353119373322,-1.1892542839050293,0.21730288863182068]","[-0.006386671215295792,0.0013484350638464093,0.024712223559617996,0.01932580955326557,-0.07186669856309891,0.021287843585014343]",0.04278774559497833,"[0.07995938509702682,1.4483481645584106,1.087503433227539,-0.7910845875740051,-0.19324232637882233,-1.1918420791625977]",0.002344737062230706,"[-0.3009931147098541,-0.35382989048957825,0.9316878914833069,0.683122456073761,0.021764704957604408,-0.007900035008788109,0.7299365997314453]","[0.27284178137779236,-0.17543457448482513,1.0055681467056274,0.21570859849452972,-0.5846006274223328,-0.03889182582497597,0.7811525464057922]","[-0.048490796238183975,-0.09682101756334305,0.7814736366271973]","[0.10407588630914688,0.13759855926036835,0.6830494999885559,0.7097029089927673]",0.0,0.0,0.0,False,False,0.006115615367889404
229,4,28,False,"[-0.0068185701966285706,-0.00850069522857666,0.02976122498512268,0.01838308572769165,-0.07308515906333923,0.02168521285057068,0.9648709297180176,0.07816185057163239,1.4316420555114746,1.0800838470458984,-0.7761486768722534,-0.190634086728096,-1.1892240047454834,0.2065441608428955]","[-0.006765358615666628,-0.007387376390397549,0.02930966205894947,0.01856168359518051,-0.0729309692978859,0.021634062752127647]",0.042509689927101135,"[0.0783461183309555,1.4334789514541626,1.0810835361480713,-0.7780550122261047,-0.19096389412879944,-1.189557433128357]",0.0018613607389852405,"[-0.3009932041168213,-0.3547283709049225,0.9338371753692627,0.6827174425125122,0.026129882782697678,-0.012397483922541142,0.7301098108291626]","[0.2734852731227875,-0.1771106868982315,1.0080132484436035,0.22366128861904144,-0.58217453956604,-0.045714426785707474,0.7803579568862915]","[-0.048490796238183975,-0.09682101756334305,0.7814736366271973]","[0.10407547652721405,0.13759896159172058,0.6830495595932007,0.7097028493881226]",0.0,0.0,0.0,False,False,0.003960967063903809
230,4,29,False,"[-0.006409958004951477,0.003166019916534424,0.027928858995437622,0.007694646716117859,-0.0735534131526947,0.023428291082382202,0.9651200175285339,0.07072193920612335,1.4324686527252197,1.0815973281860352,-0.7904741168022156,-0.20303542912006378,-1.199416995048523,0.22818702459335327]","[-0.0064508975483477116,0.0019871213007718325,0.027901917695999146,0.009012238122522831,-0.07347458600997925,0.023199893534183502]",0.042350366711616516,"[0.07158084958791733,1.4326735734939575,1.0813815593719482,-0.7889419794082642,-0.2014877200126648,-1.198158860206604]",0.0020288974046707153,"[-0.301034152507782,-0.35396161675453186,0.9317282438278198,0.6826201677322388,0.019766338169574738,-0.004356906283646822,0.7304929494857788]","[0.27510949969291687,-0.17800968885421753,1.0079162120819092,0.21921904385089874,-0.5809078216552734,-0.043334633111953735,0.7826948761940002]","[-0.048490796238183975,-0.09682101756334305,0.7814736366271973]","[0.10407540947198868,0.1375988870859146,0.6830496191978455,0.7097027897834778]",0.0,0.0,0.0,False,False,0.002471625804901123
231,4,30,False,"[-0.004154190421104431,-0.010132372379302979,0.0236513614654541,0.013661116361618042,-0.06802257895469666,0.020271599292755127,0.9753130674362183,0.061251379549503326,1.4201046228408813,1.0748831033706665,-0.7704553008079529,-0.20548425614833832,-1.2097148895263672,0.23402076959609985]","[-0.004434510599821806,-0.008730433881282806,0.024246208369731903,0.013094847090542316,-0.06871726363897324,0.020644884556531906]",0.04247572645545006,"[0.06238517910242081,1.4215151071548462,1.0757629871368408,-0.7728017568588257,-0.20495690405368805,-1.2082395553588867]",0.0022992973681539297,"[-0.3010924458503723,-0.35443490743637085,0.9316928386688232,0.6835280656814575,0.022740015760064125,-0.00933998916298151,0.7295100688934326]","[0.27756789326667786,-0.17866511642932892,1.0097845792770386,0.22563306987285614,-0.5780371427536011,-0.052915915846824646,0.7824081182479858]","[-0.048490796238183975,-0.09682101756334305,0.7814736366271973]","[0.1040753647685051,0.1375989317893982,0.683049738407135,0.709702730178833]",0.0,0.0,0.0,False,False,0.0037032365798950195
232,4,31,False,"[-0.008636519312858582,0.009765923023223877,0.03068062663078308,0.01624302566051483,-0.07850515842437744,0.03381514549255371,0.9684545993804932,0.08089253306388855,1.4243391752243042,1.0547585487365723,-0.7167483568191528,-0.226200133562088,-1.1533803939819336,0.22591900825500488]","[-0.00812439527362585,0.0075715272687375546,0.029932115226984024,0.01584666036069393,-0.07725702971220016,0.03213578090071678]",0.04240476340055466,"[0.07892713695764542,1.4242894649505615,1.0573034286499023,-0.7238519191741943,-0.22353534400463104,-1.1603827476501465]",0.002227336633950472,"[-0.30098098516464233,-0.3537520170211792,0.9326532483100891,0.6817169189453125,0.023877207189798355,-0.0023214993998408318,0.7312225699424744]","[0.27237290143966675,-0.17677196860313416,1.0059007406234741,0.23749233782291412,-0.5615063309669495,-0.04944896697998047,0.791114866733551]","[-0.048490796238183975,-0.09682101756334305,0.7814736366271973]","[0.10407543182373047,0.13759899139404297,0.6830495595932007,0.7097027897834778]",0.0,0.0,0.0,False,False,0.01116269826889038
233,4,32,False,"[-0.005945980548858643,0.007345616817474365,0.038343578577041626,0.005050629377365112,-0.07596126198768616,0.04438728094100952,0.9578400254249573,0.0668802559375763,1.4087265729904175,1.0458669662475586,-0.7366109490394592,-0.21106001734733582,-1.1588199138641357,0.20853587985038757]","[-0.006206495221704245,0.007363474927842617,0.03737964108586311,0.0064498200081288815,-0.07612867653369904,0.042825840413570404]",0.04213019087910652,"[0.06813186407089233,1.4103564023971558,1.0472275018692017,-0.7350600361824036,-0.2126179039478302,-1.159016489982605]",0.0018425564048811793,"[-0.3011358082294464,-0.3542235493659973,0.9342939257621765,0.6813139319419861,0.026946550235152245,0.002252692123875022,0.7314916253089905]","[0.27591177821159363,-0.18055446445941925,1.0059138536453247,0.24200737476348877,-0.5665311217308044,-0.04306976869702339,0.7865238189697266]","[-0.048490796238183975,-0.09682101756334305,0.7814736366271973]","[0.10407541692256927,0.13759887218475342,0.6830496191978455,0.7097028493881226]",0.0,0.0,0.0,False,False,0.003753662109375
234,4,33,False,"[-0.008760564029216766,-0.004956305027008057,0.02702811360359192,0.012480884790420532,-0.0821819007396698,0.030774295330047607,0.9648056626319885,0.0814623162150383,1.403010368347168,1.0273923873901367,-0.7016236186027527,-0.22040830552577972,-1.1405187845230103,0.22968751192092896]","[-0.00844619981944561,-0.0034704050049185753,0.028175344690680504,0.011678551323711872,-0.08141347020864487,0.032311148941516876]",0.04211827740073204,"[0.0800417810678482,1.4039554595947266,1.0297783613204956,-0.7059043049812317,-0.21944695711135864,-1.142882227897644]",0.0020566864404827356,"[-0.3010751008987427,-0.35436758399009705,0.9324915409088135,0.6802489757537842,0.02560792677104473,-0.004153452813625336,0.7325218319892883]","[0.27255579829216003,-0.1814182698726654,1.0037338733673096,0.2457272857427597,-0.5591673851013184,-0.046992652118206024,0.7904058694839478]","[-0.04849079251289368,-0.09682101011276245,0.7814736366271973]","[0.10407540947198868,0.1375988870859146,0.6830496191978455,0.7097027897834778]",0.0,0.0,0.0,False,False,0.006658077239990234
235,4,34,False,"[-0.011888265609741211,-0.0011970996856689453,0.033387988805770874,-0.0008046776056289673,-0.06734591722488403,0.03603282570838928,0.9645676612854004,0.074517160654068,1.412853479385376,1.062110424041748,-0.7260421514511108,-0.22528409957885742,-1.1457411050796509,0.19801181554794312]","[-0.011513113975524902,-0.0014731889823451638,0.032781172543764114,0.0007955388282425702,-0.06911709904670715,0.035559095442295074]",0.042111583054065704,"[0.07511720061302185,1.4116921424865723,1.058423399925232,-0.7233524918556213,-0.22453512251377106,-1.145371913909912]",0.0015643532387912273,"[-0.30042803287506104,-0.3544789254665375,0.9328550696372986,0.6859154105186462,0.024082206189632416,5.111658538226038e-05,0.7272826433181763]","[0.27350789308547974,-0.17828506231307983,1.009454607963562,0.247006356716156,-0.5572779178619385,-0.04791649058461189,0.7912858128547668]","[-0.04849079251289368,-0.09682101756334305,0.7814736366271973]","[0.10407545417547226,0.13759897649288177,0.6830496788024902,0.7097026705741882]",0.0,0.0,0.0,False,False,0.007053852081298828
236,4,35,False,"[-0.008716359734535217,0.01083749532699585,0.02653181552886963,0.006122037768363953,-0.06422299146652222,0.052447110414505005,0.9585643410682678,0.07296572625637054,1.3442960977554321,1.0057826042175293,-0.6416475176811218,-0.2312205284833908,-1.0803848505020142,0.22779345512390137]","[-0.009058233350515366,0.009421633556485176,0.027171440422534943,0.005393370985984802,-0.0648433193564415,0.05029436573386192]",0.041962169110774994,"[0.07321058958768845,1.352057695388794,1.0122486352920532,-0.6521638631820679,-0.2303716093301773,-1.0886805057525635]",0.001845258055254817,"[-0.3005295693874359,-0.3533991575241089,0.93056321144104,0.6865402460098267,0.025146164000034332,0.009794963523745537,0.7265906929969788]","[0.2744559645652771,-0.18631558120250702,1.0140389204025269,0.2852882444858551,-0.5340341329574585,-0.05754387006163597,0.7937926650047302]","[-0.048490796238183975,-0.09682101756334305,0.7814736366271973]","[0.10407520830631256,0.13759911060333252,0.6830494403839111,0.7097029685974121]",0.0,0.0,0.0,False,False,0.016343116760253906
237,4,36,False,"[-0.008815854787826538,0.013405084609985352,0.024746358394622803,0.007911264896392822,-0.07198581099510193,0.05187338590621948,0.9600147008895874,0.07673310488462448,1.3828613758087158,1.0247752666473389,-0.6499835848808289,-0.24674361944198608,-1.1073018312454224,0.2189260721206665]","[-0.00882948562502861,0.012922047637403011,0.02507062628865242,0.007593539077788591,-0.07108300179243088,0.05167240649461746]",0.04190976545214653,"[0.07638146728277206,1.3797255754470825,1.0230382680892944,-0.6502188444137573,-0.244659885764122,-1.1049216985702515]",0.0018107889918610454,"[-0.30072903633117676,-0.3530585765838623,0.9297910928726196,0.6842129826545715,0.024380207061767578,0.011578498408198357,0.728782594203949]","[0.27280768752098083,-0.18107296526432037,1.0106230974197388,0.2727152109146118,-0.5338607430458069,-0.05911601334810257,0.7982007265090942]","[-0.04849079251289368,-0.09682101756334305,0.7814736366271973]","[0.1040755957365036,0.13759878277778625,0.6830497980117798,0.7097026109695435]",0.0,0.0,0.0,False,False,0.008828520774841309
238,4,37,False,"[-0.01372142881155014,0.004970729351043701,0.03228834271430969,0.0028588026762008667,-0.0796356201171875,0.06398656964302063,0.9626734256744385,0.10006284713745117,1.3655571937561035,0.9894822835922241,-0.5967984795570374,-0.2599155902862549,-1.032457947731018,0.24893319606781006]","[-0.013130749575793743,0.005868449807167053,0.03155127540230751,0.0035144994035363197,-0.07854443788528442,0.06241632252931595]",0.041942328214645386,"[0.09751397371292114,1.3671207427978516,0.9937100410461426,-0.6036087274551392,-0.2580339014530182,-1.0417097806930542]",0.002443520352244377,"[-0.30053865909576416,-0.3539300262928009,0.9321426749229431,0.6827827095985413,0.03116045519709587,0.011996474117040634,0.7298579812049866]","[0.2669050991535187,-0.18324416875839233,1.007455825805664,0.2858017086982727,-0.5147064924240112,-0.05084453150629997,0.8067275285720825]","[-0.048490796238183975,-0.09682101756334305,0.7814736366271973]","[0.10407557338476181,0.137598916888237,0.683049738407135,0.7097026109695435]",0.0,0.0,0.0,False,False,0.014465928077697754
239,4,38,False,"[-0.010548397898674011,0.008957207202911377,0.038387954235076904,0.0011276602745056152,-0.06573960185050964,0.06856340169906616,0.9578512907028198,0.08892687410116196,1.3391361236572266,0.9873172044754028,-0.5739386081695557,-0.2635687589645386,-1.0245414972305298,0.262241393327713]","[-0.010879524983465672,0.008594824932515621,0.037570107728242874,0.0014409171417355537,-0.06736273318529129,0.06778088212013245]",0.04185762628912926,"[0.08984726667404175,1.3422070741653442,0.988345205783844,-0.577672004699707,-0.262850284576416,-1.0267274379730225]",0.003214373020455241,"[-0.3004339635372162,-0.35411587357521057,0.933782160282135,0.6859243512153625,0.033587291836738586,0.013469506986439228,0.7267724275588989]","[0.26901617646217346,-0.18521364033222198,1.0134575366973877,0.3032354414463043,-0.5027198791503906,-0.06047641113400459,0.8072567582130432]","[-0.04849079251289368,-0.09682101011276245,0.7814736366271973]","[0.10407553613185883,0.13759876787662506,0.683049738407135,0.709702730178833]",0.0,0.0,0.0,False,False,0.006691098213195801
240,4,39,False,"[-0.01664842665195465,0.030811965465545654,0.04389393329620361,-0.013721227645874023,-0.06865307688713074,0.0868687629699707,0.9516909122467041,0.09175814688205719,1.3413095474243164,0.9691702723503113,-0.5538493394851685,-0.2595870792865753,-1.0241432189941406,0.22954145073890686]","[-0.01597042940557003,0.02823973447084427,0.04300186038017273,-0.011836549267172813,-0.06847424060106277,0.08443646878004074]",0.041670214384794235,"[0.09154485166072845,1.3417528867721558,0.9711923599243164,-0.5569683909416199,-0.2599959671497345,-1.0244734287261963]",0.0028298981487751007,"[-0.29996219277381897,-0.3531050980091095,0.9328473806381226,0.6875370144844055,0.030034741386771202,0.029545126482844353,0.7249260544776917]","[0.2686803638935089,-0.18562982976436615,1.0094853639602661,0.30480191111564636,-0.5025120377540588,-0.06154832988977432,0.8067151308059692]","[-0.04849079251289368,-0.09682101011276245,0.7814736366271973]","[0.1040753424167633,0.1375989466905594,0.6830498576164246,0.7097026109695435]",0.0,0.0,0.0,False,False,0.005309343338012695
241,4,40,False,"[-0.0161745622754097,0.019625842571258545,0.030965596437454224,0.00393250584602356,-0.0638887882232666,0.08675014972686768,0.9609261751174927,0.09869630634784698,1.3252289295196533,0.9496577978134155,-0.4651471674442291,-0.2877267003059387,-0.9406319856643677,0.2696358859539032]","[-0.016161184757947922,0.02063906192779541,0.03242164105176926,0.0019155802438035607,-0.06446798145771027,0.08645611256361008]",0.04175283759832382,"[0.09795784950256348,1.3270835876464844,0.9526917934417725,-0.47671908140182495,-0.28421610593795776,-0.9513301849365234]",0.0035808116663247347,"[-0.2998259961605072,-0.3529804050922394,0.9311547875404358,0.6888527870178223,0.03444531187415123,0.02626115269958973,0.7236059308052063]","[0.2661517262458801,-0.184261292219162,1.0123751163482666,0.3325945734977722,-0.46778368949890137,-0.06312726438045502,0.8164399266242981]","[-0.04849079251289368,-0.09682101011276245,0.7814736366271973]","[0.10407613962888718,0.13759829103946686,0.6830500364303589,0.7097024321556091]",0.0,0.0,0.0,False,False,0.018338888883590698
242,4,41,False,"[-0.021142981946468353,0.02931511402130127,0.042356669902801514,-0.004160761833190918,-0.0598548948764801,0.08068183064460754,0.9525793790817261,0.10768774151802063,1.3161368370056152,0.9226758480072021,-0.4287662208080292,-0.31423595547676086,-0.8951640129089355,0.2553431987762451]","[-0.020566869527101517,0.028256023302674294,0.041262879967689514,-0.0033487530890852213,-0.060428258031606674,0.08141900599002838]",0.041627079248428345,"[0.10668434947729111,1.3176199197769165,0.9261475801467896,-0.4349484145641327,-0.3104454576969147,-0.9023303389549255]",0.0036159977316856384,"[-0.299282044172287,-0.35299572348594666,0.9330738186836243,0.6920499205589294,0.031465619802474976,0.025802727788686752,0.7207016348838806]","[0.263271689414978,-0.18613013625144958,1.0092618465423584,0.338802307844162,-0.4459846615791321,-0.05458201467990875,0.8266386389732361]","[-0.048490796238183975,-0.09682101011276245,0.7814736366271973]","[0.10407565534114838,0.13759873807430267,0.6830497980117798,0.7097026109695435]",0.0,0.0,0.0,False,False,0.011205434799194336
243,4,42,False,"[-0.021788809448480606,0.05150097608566284,0.05280637741088867,-0.01452423632144928,-0.05426463484764099,0.0992358922958374,0.9436796307563782,0.10406029224395752,1.2922594547271729,0.9310420155525208,-0.44699981808662415,-0.2952897846698761,-0.9267088174819946,0.2690589725971222]","[-0.021661479026079178,0.04877780005335808,0.051381032913923264,-0.01311228983104229,-0.05503779277205467,0.09696488082408905]",0.041353922337293625,"[0.10430794954299927,1.2949610948562622,0.9306031465530396,-0.44544777274131775,-0.29722002148628235,-0.9235954880714417]",0.004046541638672352,"[-0.29900261759757996,-0.35218074917793274,0.9339940547943115,0.6944468021392822,0.030119698494672775,0.03869063779711723,0.717871367931366]","[0.26462775468826294,-0.18948522210121155,1.0154318809509277,0.34243035316467285,-0.450205534696579,-0.06935219466686249,0.8217338919639587]","[-0.048490796238183975,-0.09682101756334305,0.7814736366271973]","[0.1040753647685051,0.13759899139404297,0.6830494403839111,0.7097029089927673]",0.0,0.0,0.0,False,False,0.006233930587768555
244,4,43,False,"[-0.018657609820365906,0.054522156715393066,0.055995792150497437,-0.01386617124080658,-0.05708342790603638,0.10332903265953064,0.952013373374939,0.0957762748003006,1.2748022079467773,0.8990523219108582,-0.44403955340385437,-0.28402912616729736,-0.9255951642990112,0.3073647618293762]","[-0.019007395952939987,0.05383754149079323,0.05547882989048958,-0.013757369481027126,-0.056829556822776794,0.10251805186271667]",0.0413665845990181,"[0.09668056666851044,1.2773569822311401,0.9024136066436768,-0.4444153904914856,-0.28568094968795776,-0.9253429770469666]",0.005020970478653908,"[-0.2993117570877075,-0.3520593047142029,0.9349372982978821,0.6927877068519592,0.03141879662871361,0.04134923219680786,0.7192691564559937]","[0.26746106147766113,-0.19460883736610413,1.0107988119125366,0.34612902998924255,-0.4563332200050354,-0.06460016965866089,0.8171789050102234]","[-0.04849079251289368,-0.09682101011276245,0.7814736366271973]","[0.10407545417547226,0.13759882748126984,0.6830497980117798,0.7097026109695435]",0.0,0.0,0.0,False,False,0.007634758949279785
245,4,44,False,"[-0.019694309681653976,0.05516260862350464,0.05758067965507507,-0.016118548810482025,-0.06607118248939514,0.11171695590019226,0.9458448886871338,0.10361343622207642,1.2434959411621094,0.8730297088623047,-0.3700345754623413,-0.31589147448539734,-0.8599416017532349,0.2901180386543274]","[-0.019595373421907425,0.055011481046676636,0.05731963366270065,-0.01581861823797226,-0.06490068882703781,0.11054393649101257]",0.041252557188272476,"[0.1029193177819252,1.2472187280654907,0.8769266605377197,-0.37946370244026184,-0.31208115816116333,-0.8682898283004761]",0.005342274438589811,"[-0.2994880676269531,-0.352091908454895,0.9352754354476929,0.6899815797805786,0.03359724581241608,0.04490847513079643,0.7216507196426392]","[0.26543837785720825,-0.19775307178497314,1.014397144317627,0.3641029894351959,-0.4229002892971039,-0.06979414820671082,0.8268693685531616]","[-0.04849079251289368,-0.09682101756334305,0.7814736366271973]","[0.10407514870166779,0.1375991255044937,0.6830494999885559,0.7097029685974121]",0.0,0.0,0.0,False,False,0.014862358570098877
246,4,45,False,"[-0.023448001593351364,0.07974874973297119,0.0640556812286377,-0.010754503309726715,-0.039577335119247437,0.13286057114601135,0.9499735832214355,0.10770435631275177,1.2325464487075806,0.8678957223892212,-0.31440263986587524,-0.31857746839523315,-0.8362172842025757,0.31145942211151123]","[-0.02305140346288681,0.07682957500219345,0.06326451152563095,-0.011399749666452408,-0.04276779666543007,0.1300177425146103]",0.04128633439540863,"[0.10717520862817764,1.2343982458114624,0.8690822124481201,-0.32264602184295654,-0.3177562952041626,-0.8403077721595764]",0.005961544346064329,"[-0.29848137497901917,-0.3508496880531311,0.9360213875770569,0.6990152597427368,0.03695597127079964,0.055480584502220154,0.7119927406311035]","[0.2641223669052124,-0.19710949063301086,1.0190017223358154,0.37932413816452026,-0.40179264545440674,-0.08334877341985703,0.8292942047119141]","[-0.048490796238183975,-0.09682101756334305,0.7814736366271973]","[0.10407571494579315,0.1375986784696579,0.6830497980117798,0.7097026705741882]",0.0,0.0,0.0,False,False,0.01305493712425232
247,4,46,False,"[-0.02691590040922165,0.07659369707107544,0.07118493318557739,-0.009013481438159943,-0.043755292892456055,0.1351124346256256,0.9499295353889465,0.11252786219120026,1.2054156064987183,0.8527466058731079,-0.3088977336883545,-0.32397058606147766,-0.819530725479126,0.3128952383995056]","[-0.026462659239768982,0.07658294588327408,0.07036587595939636,-0.009266669861972332,-0.04362044110894203,0.1344640851020813]",0.0412728488445282,"[0.11195774376392365,1.2088093757629395,0.8545708656311035,-0.310731440782547,-0.3232056200504303,-0.8221835494041443]",0.0063111018389463425,"[-0.2981778085231781,-0.3512358069419861,0.9386770725250244,0.6996572017669678,0.04181840643286705,0.05356457084417343,0.7112395763397217]","[0.26328447461128235,-0.20191225409507751,1.021187424659729,0.3838731348514557,-0.3912074863910675,-0.08581998199224472,0.8320054411888123]","[-0.048490796238183975,-0.09682101756334305,0.7814736366271973]","[0.10407562553882599,0.13759875297546387,0.6830496191978455,0.7097027897834778]",0.0,0.0,0.0,False,False,0.006040811538696289
248,4,47,False,"[-0.03236498683691025,0.1094745397567749,0.08438253402709961,-0.027112409472465515,-0.026851028203964233,0.13833236694335938,0.9257521629333496,0.11820242553949356,1.142667531967163,0.7944332957267761,-0.23206384479999542,-0.31802597641944885,-0.7362642288208008,0.32309725880622864]","[-0.03170807287096977,0.1056467667222023,0.08258739113807678,-0.02487354539334774,-0.028957132250070572,0.13784165680408478]",0.04076831787824631,"[0.11749377101659775,1.150190830230713,0.8016896843910217,-0.24219927191734314,-0.3187144994735718,-0.7472315430641174]",0.006789409555494785,"[-0.29718872904777527,-0.34976398944854736,0.9390420913696289,0.7072198987007141,0.03235417604446411,0.0660293772816658,0.7031595706939697]","[0.26320165395736694,-0.21197107434272766,1.0224145650863647,0.41129937767982483,-0.3590269982814789,-0.0846397802233696,0.8335277438163757]","[-0.04849079251289368,-0.09682101011276245,0.7814736366271973]","[0.10407545417547226,0.1375989317893982,0.6830497980117798,0.7097026705741882]",0.0,0.0,0.0,False,False,0.017149925231933594
249,4,48,False,"[-0.024665366858243942,0.13051152229309082,0.0946078896522522,-0.023238658905029297,-0.026438921689987183,0.1699245274066925,0.9203976392745972,0.10716316103935242,1.0922998189926147,0.7476370334625244,-0.17466284334659576,-0.31181493401527405,-0.7054609060287476,0.3755946755409241]","[-0.025503359735012054,0.1275579184293747,0.09326717257499695,-0.02341580204665661,-0.026766318827867508,0.16583338379859924]",0.040316611528396606,"[0.10828551650047302,1.0989540815353394,0.7540410757064819,-0.18338200449943542,-0.3126756250858307,-0.710789144039154]",0.008220554329454899,"[-0.29771772027015686,-0.3485758900642395,0.9410749673843384,0.7054779529571533,0.03869941830635071,0.0794358029961586,0.7032020688056946]","[0.2665235996246338,-0.2204619199037552,1.022481918334961,0.43462952971458435,-0.3371519148349762,-0.0921112522482872,0.830024778842926]","[-0.04849079251289368,-0.09682101011276245,0.7814736366271973]","[0.10407555103302002,0.1375986784696579,0.683049738407135,0.709702730178833]",0.0,0.0,0.0,False,False,0.013506829738616943
250,4,49,False,"[-0.029064886271953583,0.15247082710266113,0.10067656636238098,-0.017832353711128235,-0.02021920680999756,0.17940452694892883,0.9210014939308167,0.12397319823503494,1.0272235870361328,0.6546927690505981,-0.06749871373176575,-0.34108197689056396,-0.5944868922233582,0.3900749683380127]","[-0.028661785647273064,0.1495465785264969,0.0997970700263977,-0.018543751910328865,-0.021037597209215164,0.17767660319805145]",0.04008951783180237,"[0.12229438871145248,1.0354405641555786,0.6664493680000305,-0.0824628695845604,-0.33754584193229675,-0.6093350648880005]",0.009329313412308693,"[-0.2971905767917633,-0.3471418619155884,0.9419819116592407,0.7085685133934021,0.039483752101659775,0.08710069954395294,0.6991317272186279]","[0.2641315758228302,-0.23318856954574585,1.014953374862671,0.44807589054107666,-0.2880490720272064,-0.08213653415441513,0.8423236608505249]","[-0.048490796238183975,-0.09682101756334305,0.7814736366271973]","[0.10407578945159912,0.13759854435920715,0.6830496788024902,0.7097027897834778]",0.0,0.0,0.0,False,False,0.023213446140289307
251,5,0,True,"[-0.019119709730148315,-0.013591647148132324,-0.007182896137237549,0.009133443236351013,-0.01679900288581848,0.08940020203590393,1.0164706707000732,0.2867817282676697,1.0371826887130737,0.8238167762756348,-0.6769418120384216,0.045635104179382324,-0.72779780626297,0.7812716960906982]","[-0.02023482322692871,0.005758275743573904,0.005196214187890291,0.00541875371709466,-0.01736823096871376,0.10065551102161407]",0.041682202368974686,"[0.26811397075653076,1.0372591018676758,0.8054459691047668,-0.27597615122795105,-0.14666451513767242,-0.7126961946487427]",0.01719634421169758,"[-0.29805439710617065,-0.35228902101516724,0.9233520030975342,0.7070295214653015,0.03730032220482826,0.03377964720129967,0.7053911685943604]","[0.23772212862968445,-0.2376386672258377,1.0441536903381348,0.42989131808280945,-0.360714852809906,-0.12682953476905823,0.8179196119308472]","[-0.048490796238183975,-0.09682101756334305,0.7814736366271973]","[0.1040755957365036,0.13759881258010864,0.6830496191978455,0.7097027897834778]",0.0,0.0,0.0,False,False,0.4165414869785309
252,5,1,False,"[-0.016568109393119812,-0.023211002349853516,-0.0011506080627441406,0.011468246579170227,-0.01672425866127014,0.08419448137283325,1.0211210250854492,0.2922743558883667,1.0625145435333252,0.8605800867080688,-0.7060917019844055,0.04229104518890381,-0.7567228078842163,0.794244647026062]","[-0.01699656806886196,-0.019961226731538773,9.11362349143019e-06,0.010826501995325089,-0.01681656762957573,0.08628814667463303]",0.042621172964572906,"[0.28918445110321045,1.0608973503112793,0.8530688285827637,-0.4688276946544647,0.016420328989624977,-0.7511088848114014]",0.023472629487514496,"[-0.29837483167648315,-0.35347816348075867,0.9240891933441162,0.7058601975440979,0.04118639603257179,0.019437633454799652,0.706885576248169]","[0.23875831067562103,-0.24096597731113434,1.0396102666854858,0.4321046471595764,-0.45813509821891785,-0.09315483272075653,0.7711808681488037]","[-0.04849079251289368,-0.09682101011276245,0.7814736366271973]","[0.10407545417547226,0.13759884238243103,0.683049738407135,0.7097026705741882]",0.0,0.0,0.0,False,False,0.2567034065723419
253,5,2,False,"[-0.018173538148403168,-0.02319800853729248,0.0006632804870605469,0.01661612093448639,-0.01110038161277771,0.08403518795967102,1.0336432456970215,0.2911476790904999,1.1342501640319824,0.9131527543067932,-0.7499383091926575,0.04109984636306763,-0.8122537136077881,0.7848950028419495]","[-0.018046215176582336,-0.022825388237833977,0.0006017211126163602,0.015889177098870277,-0.011820917949080467,0.08432202786207199]",0.0431896448135376,"[0.29088371992111206,1.1262633800506592,0.9060571193695068,-0.6571794748306274,0.03798625245690346,-0.804452121257782]",0.027109038084745407,"[-0.29813289642333984,-0.35370489954948425,0.9249990582466125,0.7078536748886108,0.04356588050723076,0.01561853475868702,0.7048413157463074]","[0.23849517107009888,-0.239203542470932,1.0306211709976196,0.37471845746040344,-0.5348777770996094,-0.05287282168865204,0.7554444074630737]","[-0.04849079251289368,-0.09682101756334305,0.7814736366271973]","[0.10407525300979614,0.13759906589984894,0.6830494999885559,0.7097029089927673]",0.0,0.0,0.0,False,False,0.11245149374008179
254,5,3,False,"[-0.021568220108747482,-0.022569775581359863,0.01713120937347412,0.010788440704345703,-0.013742417097091675,0.06345906853675842,1.036225438117981,0.2901408076286316,1.189555287361145,0.9631725549697876,-0.7887955904006958,0.035631030797958374,-0.8551992177963257,0.8151651620864868]","[-0.021148594096302986,-0.022653702646493912,0.015321016311645508,0.011513735167682171,-0.01349471416324377,0.06611901521682739]",0.04351585730910301,"[0.2902413308620453,1.1818994283676147,0.9563140273094177,-0.7719862461090088,0.035924822092056274,-0.8487318158149719]",0.030050279572606087,"[-0.29790279269218445,-0.35467904806137085,0.9295645356178284,0.7085280418395996,0.04063345864415169,0.005496153142303228,0.7044903635978699]","[0.23740674555301666,-0.23527935147285461,1.0283392667770386,0.32939642667770386,-0.5753877758979797,-0.032009415328502655,0.747931957244873]","[-0.048490796238183975,-0.09682101756334305,0.7814736366271973]","[0.1040751114487648,0.13759925961494446,0.6830494999885559,0.7097028493881226]",0.0,0.0,0.0,False,False,0.026315689086914062
255,5,4,False,"[-0.021206218749284744,-0.028497517108917236,0.015617787837982178,0.019317254424095154,-0.008119434118270874,0.05709215998649597,1.0333435535430908,0.2881726622581482,1.2417101860046387,0.9901272058486938,-0.8029775023460388,0.03199991583824158,-0.8887693881988525,0.8113566040992737]","[-0.02120993100106716,-0.027790112420916557,0.015544870868325233,0.01831918954849243,-0.00879986397922039,0.058242324739694595]",0.043714288622140884,"[0.2884269952774048,1.234763264656067,0.9862403273582458,-0.7988526821136475,0.03250235319137573,-0.883662760257721]",0.03162577748298645,"[-0.29776906967163086,-0.35506471991539,0.9306836128234863,0.7101101279258728,0.04216260462999344,-0.0016523129306733608,0.702825129032135]","[0.23517611622810364,-0.22669197618961334,1.0250107049942017,0.3048440217971802,-0.5928933024406433,-0.028724774718284607,0.744796872138977]","[-0.04849079251289368,-0.09682101756334305,0.7814736366271973]","[0.10407548397779465,0.13759881258010864,0.6830496191978455,0.7097028493881226]",0.0,0.0,0.0,False,False,0.012421131134033203
256,5,5,False,"[-0.022118665277957916,-0.022180020809173584,0.017434656620025635,0.022577106952667236,-0.0068458616733551025,0.060583919286727905,1.0452845096588135,0.28265058994293213,1.3136097192764282,1.0492124557495117,-0.843297004699707,0.0384308397769928,-0.9602066278457642,0.8031575679779053]","[-0.022016143426299095,-0.022840993478894234,0.0172013808041811,0.022033462300896645,-0.007090341299772263,0.06028514727950096]",0.04382969066500664,"[0.28330865502357483,1.3043721914291382,1.0419914722442627,-0.8373221158981323,0.03769262880086899,-0.9504406452178955]",0.03237586095929146,"[-0.2976391017436981,-0.3548851013183594,0.9312320947647095,0.7109399437904358,0.043070998042821884,-0.0011029306333512068,0.7019316554069519]","[0.23282913863658905,-0.21384981274604797,1.024572491645813,0.2723521292209625,-0.6168131828308105,-0.035813648253679276,0.7376199960708618]","[-0.048490796238183975,-0.09682101756334305,0.7814736366271973]","[0.10407558083534241,0.13759876787662506,0.6830495595932007,0.7097028493881226]",0.0,0.0,0.0,False,False,0.01626133918762207
257,5,6,False,"[-0.021935246884822845,-0.022848308086395264,0.024973809719085693,0.028597384691238403,-0.004535883665084839,0.06566649675369263,1.0583832263946533,0.27631789445877075,1.3299977779388428,1.06613290309906,-0.8433082699775696,0.03749370574951172,-0.9670203924179077,0.8084181547164917]","[-0.02195104770362377,-0.02289217710494995,0.024180926382541656,0.027815289795398712,-0.0048582060262560844,0.06498055160045624]",0.04389677569270134,"[0.27710169553756714,1.3268789052963257,1.0635170936584473,-0.842386782169342,0.03753664344549179,-0.9649054408073425]",0.03288107365369797,"[-0.2975925803184509,-0.355438768863678,0.9341583847999573,0.7112941145896912,0.04924957826733589,-0.004044572357088327,0.7011553049087524]","[0.23286281526088715,-0.2084198147058487,1.025561809539795,0.2683027982711792,-0.6202386021614075,-0.03729866072535515,0.7361565828323364]","[-0.048490796238183975,-0.09682101756334305,0.7814736366271973]","[0.10407570004463196,0.13759863376617432,0.6830496191978455,0.7097027897834778]",0.0,0.0,0.0,False,False,0.005312085151672363
258,5,7,False,"[-0.019318483769893646,-0.027126014232635498,0.016499638557434082,0.020191162824630737,-0.010882526636123657,0.06013345718383789,1.045146107673645,0.2875473201274872,1.400600790977478,1.1082653999328613,-0.8842409253120422,0.0392853319644928,-1.0260652303695679,0.7742297053337097]","[-0.019614987075328827,-0.026551280170679092,0.017209408804774284,0.021091654896736145,-0.010126521810889244,0.06075121462345123]",0.043939054012298584,"[0.2864023447036743,1.3922475576400757,1.1028910875320435,-0.8787044882774353,0.03904091566801071,-1.0182654857635498]",0.03243093565106392,"[-0.29795998334884644,-0.35511770844459534,0.9314223527908325,0.7089603543281555,0.044136859476566315,-0.0018834747606888413,0.703863263130188]","[0.227530837059021,-0.19842641055583954,1.0201246738433838,0.22917664051055908,-0.6409536004066467,-0.040110617876052856,0.731469452381134]","[-0.048490796238183975,-0.09682101011276245,0.7814736366271973]","[0.10407556593418121,0.1375986933708191,0.6830498576164246,0.7097025513648987]",0.0,0.0,0.0,False,False,0.015853524208068848
259,5,8,False,"[-0.023754827678203583,-0.021181046962738037,0.020173609256744385,0.0371289998292923,-0.010414451360702515,0.03255915641784668,1.050298810005188,0.2825852632522583,1.4356768131256104,1.152833104133606,-0.9262073040008545,0.027385801076889038,-1.072131872177124,0.7780824899673462]","[-0.023263869807124138,-0.0218825563788414,0.020001711323857307,0.03514232486486435,-0.010373884811997414,0.03615347295999527]",0.04396982491016388,"[0.28303882479667664,1.4302738904953003,1.147175908088684,-0.9199554920196533,0.028870541602373123,-1.065261721611023]",0.03229394555091858,"[-0.2976206839084625,-0.3551144599914551,0.9333739280700684,0.7104156017303467,0.03961622714996338,-0.014980428852140903,0.7025067210197449]","[0.2261725515127182,-0.1916642189025879,1.0220087766647339,0.20212322473526,-0.6502094268798828,-0.044280555099248886,0.7310356497764587]","[-0.048490796238183975,-0.09682101756334305,0.7814736366271973]","[0.10407548397779465,0.1375988870859146,0.6830494999885559,0.7097029089927673]",0.0,0.0,0.0,False,False,0.010747313499450684
260,5,9,False,"[-0.021433770656585693,-0.016224324703216553,0.011510133743286133,0.03612463176250458,-0.01322793960571289,0.05385017395019531,1.0480080842971802,0.2706480622291565,1.4682631492614746,1.1699726581573486,-0.9360180497169495,0.032636791467666626,-1.1270174980163574,0.7361723780632019]","[-0.02164543978869915,-0.016828974708914757,0.012346053496003151,0.03593055158853531,-0.012868494726717472,0.05159234628081322]",0.043979037553071976,"[0.27200964093208313,1.463937520980835,1.1672630310058594,-0.9338548183441162,0.032185934484004974,-1.1191397905349731]",0.03126129135489464,"[-0.29782775044441223,-0.3542322516441345,0.9304715991020203,0.708901047706604,0.040915507823228836,-0.005245272070169449,0.7041006088256836]","[0.22747692465782166,-0.18496102094650269,1.018782377243042,0.1802416294813156,-0.6619313955307007,-0.05160185694694519,0.7257388234138489]","[-0.04849079251289368,-0.09682101011276245,0.7814736366271973]","[0.10407541692256927,0.13759887218475342,0.6830499172210693,0.7097024917602539]",0.0,0.0,0.0,False,False,0.012322664260864258
261,5,10,False,"[-0.02132856845855713,-0.015816330909729004,0.013925254344940186,0.04913341999053955,-0.01598307490348816,0.030946731567382812,1.0492961406707764,0.26694104075431824,1.4745112657546997,1.2059004306793213,-0.9610885381698608,0.021743595600128174,-1.1519235372543335,0.7427298426628113]","[-0.02135678380727768,-0.01599939912557602,0.013912946917116642,0.04750655218958855,-0.015592958778142929,0.03357945382595062]",0.043988071382045746,"[0.26753899455070496,1.4729524850845337,1.2015700340270996,-0.9574797749519348,0.02307458408176899,-1.1477422714233398]",0.03080860897898674,"[-0.2979370355606079,-0.3543659746646881,0.9320573806762695,0.7079534530639648,0.03875011205673218,-0.0160276610404253,0.70501309633255]","[0.22764115035533905,-0.18191403150558472,1.025417685508728,0.1713138371706009,-0.6613766551017761,-0.06050955504179001,0.7277162671089172]","[-0.04849079251289368,-0.09682101756334305,0.7814736366271973]","[0.10407547652721405,0.1375988870859146,0.6830496191978455,0.7097027897834778]",0.0,0.0,0.0,False,False,0.008673429489135742
262,5,11,False,"[-0.02032722905278206,-0.017451107501983643,-0.004668295383453369,0.05755798518657684,-0.013669341802597046,0.028310120105743408,1.0298103094100952,0.24625816941261292,1.512747049331665,1.2122576236724854,-0.9579294919967651,0.01206350326538086,-1.1815015077590942,0.7339387536048889]","[-0.02045123279094696,-0.017202500253915787,-0.0026725176721811295,0.05618522688746452,-0.013915270566940308,0.02898099459707737]",0.043996814638376236,"[0.2486107349395752,1.5085537433624268,1.2108068466186523,-0.9577745795249939,0.013507026247680187,-1.1771916151046753]",0.030292954295873642,"[-0.2979550063610077,-0.353366494178772,0.9273448586463928,0.7084336876869202,0.034835755825042725,-0.015208234079182148,0.7047529816627502]","[0.23085026443004608,-0.17432834208011627,1.0187184810638428,0.15803803503513336,-0.6658675670623779,-0.0555884912610054,0.727017343044281]","[-0.04849079251289368,-0.09682101756334305,0.7814736366271973]","[0.10407541692256927,0.13759900629520416,0.6830496788024902,0.7097026705741882]",0.0,0.0,0.0,False,False,0.01011514663696289
263,5,12,False,"[-0.01963517814874649,-0.0025521516799926758,-0.0018309950828552246,0.05736246705055237,-0.01748529076576233,0.026660293340682983,1.0452511310577393,0.22657474875450134,1.5250906944274902,1.2386523485183716,-0.9993834495544434,0.022589772939682007,-1.2256494760513306,0.6983950734138489]","[-0.01972314715385437,-0.004314768128097057,-0.0018577660666778684,0.05722411349415779,-0.01703580655157566,0.026955625042319298]",0.04399610310792923,"[0.228963702917099,1.5227702856063843,1.2355107069015503,-0.9940198659896851,0.021480528637766838,-1.219467043876648]",0.02926366962492466,"[-0.29810142517089844,-0.3526307940483093,0.926730215549469,0.7072912454605103,0.030244531109929085,-0.011962235905230045,0.7061735391616821]","[0.23615258932113647,-0.1714639514684677,1.0208171606063843,0.14364969730377197,-0.6763068437576294,-0.056110747158527374,0.720295250415802]","[-0.048490799963474274,-0.09682101756334305,0.7814736366271973]","[0.10407567024230957,0.13759885728359222,0.6830493807792664,0.7097029685974121]",0.0,0.0,0.0,False,False,0.009669065475463867
264,5,13,False,"[-0.018699750304222107,-0.0051152706146240234,0.0073735713958740234,0.04942694306373596,-0.018904656171798706,0.02069675922393799,1.0270624160766602,0.23297202587127686,1.538870930671692,1.2428052425384521,-1.0037404298782349,0.004005521535873413,-1.2455960512161255,0.6519991755485535]","[-0.018815167248249054,-0.005054237321019173,0.006380229257047176,0.050466302782297134,-0.018671631813049316,0.021494384855031967]",0.04399837926030159,"[0.23262716829776764,1.5370893478393555,1.2418652772903442,-1.0024805068969727,0.006207604892551899,-1.2422667741775513]",0.02759714052081108,"[-0.2982470989227295,-0.35315901041030884,0.928945004940033,0.7064405679702759,0.029064606875181198,-0.014687208458781242,0.7070227861404419]","[0.23421311378479004,-0.16973909735679626,1.018527626991272,0.1268579661846161,-0.6751297116279602,-0.05931580811738968,0.7242847681045532]","[-0.04849079251289368,-0.09682101756334305,0.7814736366271973]","[0.10407555103302002,0.13759879767894745,0.683049738407135,0.709702730178833]",0.0,0.0,0.0,False,False,0.005212068557739258
265,5,14,False,"[-0.016267701983451843,-0.006094694137573242,0.010764598846435547,0.050978124141693115,-0.028589725494384766,0.02460610866546631,1.0276048183441162,0.2142334282398224,1.5196040868759155,1.2402081489562988,-0.9985480308532715,0.0044272541999816895,-1.2384105920791626,0.6433439254760742]","[-0.016546713188290596,-0.005973636172711849,0.010252808220684528,0.05092460289597511,-0.02734111063182354,0.02420821599662304]",0.04399804398417473,"[0.21618542075157166,1.5214039087295532,1.2405850887298584,-0.9990538358688354,0.004693955648690462,-1.2389003038406372]",0.02646208368241787,"[-0.2987227141857147,-0.3534727692604065,0.9303787350654602,0.7024442553520203,0.031718555837869644,-0.015645569190382957,0.7108593583106995]","[0.2392706274986267,-0.1709042340517044,1.0224483013153076,0.13970041275024414,-0.67228764295578,-0.058520279824733734,0.724629819393158]","[-0.04849079251289368,-0.09682101756334305,0.7814736366271973]","[0.10407555103302002,0.13759873807430267,0.683049738407135,0.709702730178833]",0.0,0.0,0.0,False,False,0.004971146583557129
266,5,15,False,"[-0.020409733057022095,0.005894005298614502,0.006384551525115967,0.05706387758255005,-0.022308379411697388,0.012742191553115845,1.0272862911224365,0.19863879680633545,1.5623359680175781,1.263756513595581,-1.013595461845398,-0.006899386644363403,-1.2665108442306519,0.5736372470855713]","[-0.019964070990681648,0.004526285920292139,0.006745872087776661,0.05623872950673103,-0.022938638925552368,0.014204910956323147]",0.04399380087852478,"[0.20060162246227264,1.5579205751419067,1.26083242893219,-1.011622428894043,-0.005393988452851772,-1.2629839181900024]",0.02423476055264473,"[-0.29824844002723694,-0.3526105582714081,0.9288877844810486,0.7054845690727234,0.025231722742319107,-0.016072090715169907,0.7080936431884766]","[0.2420061081647873,-0.1634945273399353,1.0179067850112915,0.12615512311458588,-0.6749752759933472,-0.051740244030952454,0.7251318693161011]","[-0.048490796238183975,-0.09682101756334305,0.7814736366271973]","[0.10407544672489166,0.137598916888237,0.6830498576164246,0.7097026109695435]",0.0,0.0,0.0,False,False,0.010145306587219238
267,5,16,False,"[-0.01696549355983734,0.008022785186767578,0.00532156229019165,0.05783012509346008,-0.029878675937652588,0.0128459632396698,1.0187195539474487,0.1731250137090683,1.5362226963043213,1.2465325593948364,-1.0007672309875488,-0.013264209032058716,-1.2777897119522095,0.5509273409843445]","[-0.017303915694355965,0.00760191585868597,0.005514416377991438,0.057628970593214035,-0.02900725044310093,0.013017953373491764]",0.04398743435740471,"[0.1760912835597992,1.5383902788162231,1.2484949827194214,-1.0021852254867554,-0.012210039421916008,-1.275898814201355]",0.02240651287138462,"[-0.2986787259578705,-0.35234561562538147,0.9283627271652222,0.7024388909339905,0.023750241845846176,-0.015452126041054726,0.7111797332763672]","[0.24946174025535583,-0.16562101244926453,1.0200247764587402,0.13537608087062836,-0.6719573736190796,-0.053640466183423996,0.7261331081390381]","[-0.048490796238183975,-0.09682101756334305,0.7814736366271973]","[0.1040755957365036,0.13759884238243103,0.6830496788024902,0.709702730178833]",0.0,0.0,0.0,False,False,0.006708502769470215
268,5,17,False,"[-0.02002580091357231,0.011137068271636963,0.020696938037872314,0.05922411382198334,-0.03521019220352173,0.010895371437072754,1.0078513622283936,0.16007086634635925,1.5441339015960693,1.248070478439331,-1.022027611732483,-0.023983776569366455,-1.3018903732299805,0.470608115196228]","[-0.019692551344633102,0.01064658910036087,0.019099608063697815,0.059106916189193726,-0.03442155197262764,0.011165723204612732]",0.04399775713682175,"[0.16186365485191345,1.5436217784881592,1.247886300086975,-1.0195684432983398,-0.02246134541928768,-1.2985752820968628]",0.019559595733880997,"[-0.298615038394928,-0.35301339626312256,0.9329065084457397,0.7012317180633545,0.02714565396308899,-0.020539982244372368,0.7121201753616333]","[0.2533629536628723,-0.16585376858711243,1.018013834953308,0.12382731586694717,-0.6731929779052734,-0.04870433732867241,0.7273966073989868]","[-0.04849079251289368,-0.09682101011276245,0.7814736366271973]","[0.10407538712024689,0.137598916888237,0.6830498576164246,0.7097026109695435]",0.0,0.0,0.0,False,False,0.005186676979064941
269,5,18,False,"[-0.01783069223165512,0.007727444171905518,0.017653346061706543,0.061610639095306396,-0.03754538297653198,0.015498071908950806,0.9989986419677734,0.14414142072200775,1.5252089500427246,1.2330715656280518,-1.0054385662078857,-0.03736993670463562,-1.2964293956756592,0.4328266382217407]","[-0.018043842166662216,0.008111975155770779,0.017723344266414642,0.061262987554073334,-0.03715408965945244,0.014945268630981445]",0.043976619839668274,"[0.14608891308307648,1.5272018909454346,1.2349562644958496,-1.0072815418243408,-0.03544466942548752,-1.2967028617858887]",0.017065081745386124,"[-0.2988557517528534,-0.35310861468315125,0.93284010887146,0.6995694637298584,0.029584132134914398,-0.020398583263158798,0.7136604189872742]","[0.2578877806663513,-0.16797983646392822,1.0191432237625122,0.1339104175567627,-0.6670899391174316,-0.04789673537015915,0.7312762141227722]","[-0.04849079251289368,-0.09682101756334305,0.7814736366271973]","[0.10407539457082748,0.1375989466905594,0.6830496788024902,0.7097027897834778]",0.0,0.0,0.0,False,False,0.004448056221008301
270,5,19,False,"[-0.017095252871513367,0.007058262825012207,0.024275124073028564,0.05944935977458954,-0.04166978597640991,0.006276309490203857,0.9999099969863892,0.1565573811531067,1.4855796098709106,1.2087002992630005,-0.9670286774635315,-0.030403196811676025,-1.2676506042480469,0.44806984066963196]","[-0.017196020111441612,0.007155623286962509,0.023571660742163658,0.05971519649028778,-0.04110236093401909,0.007381371222436428]",0.0439855121076107,"[0.15545237064361572,1.4903736114501953,1.2119618654251099,-0.9722213745117188,-0.031070053577423096,-1.2713594436645508]",0.01589735597372055,"[-0.29905965924263,-0.3535521328449249,0.9347561001777649,0.6978893280029297,0.02869436889886856,-0.025039661675691605,0.7151923179626465]","[0.25614506006240845,-0.17327655851840973,1.0233843326568604,0.1557001769542694,-0.6603143215179443,-0.05899116396903992,0.7322993874549866]","[-0.04849079251289368,-0.09682101011276245,0.7814736366271973]","[0.10407541692256927,0.13759881258010864,0.683049738407135,0.709702730178833]",0.0,0.0,0.0,False,False,0.008966565132141113
271,5,20,False,"[-0.015803396701812744,0.007959306240081787,0.016405224800109863,0.044915780425071716,-0.05033594369888306,0.009923607110977173,0.9850760102272034,0.14257657527923584,1.496396541595459,1.1805073022842407,-0.9354041218757629,-0.062049925327301025,-1.2515852451324463,0.41056138277053833]","[-0.015948019921779633,0.007950641214847565,0.017021525651216507,0.046716075390577316,-0.049171581864356995,0.00959854107350111]",0.043668244034051895,"[0.14401891827583313,1.4962221384048462,1.184003472328186,-0.9401366710662842,-0.05808322876691818,-1.2541046142578125]",0.01435706578195095,"[-0.2994046211242676,-0.3529925048351288,0.9312088489532471,0.6947853565216064,0.022406555712223053,-0.016901075839996338,0.7186692357063293]","[0.2584279179573059,-0.17214253544807434,1.0150099992752075,0.16129672527313232,-0.6502189636230469,-0.04763925448060036,0.740897536277771]","[-0.048490796238183975,-0.09682101756334305,0.7814736366271973]","[0.10407539457082748,0.13759902119636536,0.6830496191978455,0.709702730178833]",0.0,0.0,0.0,False,False,0.007757663726806641
272,5,21,False,"[-0.0169060081243515,0.012645602226257324,0.020884931087493896,0.0506698340177536,-0.04242262244224548,0.01662197709083557,0.9829939603805542,0.13073953986167908,1.4893755912780762,1.2136716842651367,-0.9882843494415283,-0.040545105934143066,-1.2852567434310913,0.37338751554489136]","[-0.016807816922664642,0.012036936357617378,0.020572016015648842,0.05021137371659279,-0.04327348619699478,0.01572709158062935]",0.043437082320451736,"[0.1321408748626709,1.4896442890167236,1.2103650569915771,-0.9821265339851379,-0.04274916276335716,-1.281280279159546]",0.012705705128610134,"[-0.2991502285003662,-0.352962464094162,0.9324425458908081,0.6970993280410767,0.02561950497329235,-0.015745876356959343,0.7163435816764832]","[0.2624305486679077,-0.17356152832508087,1.0228404998779297,0.15586385130882263,-0.6591212153434753,-0.05090262368321419,0.7339444756507874]","[-0.048490796238183975,-0.09682101756334305,0.7814736366271973]","[0.10407528281211853,0.13759906589984894,0.6830494403839111,0.7097029685974121]",0.0,0.0,0.0,False,False,0.009597361087799072
273,5,22,False,"[-0.015988729894161224,0.015648365020751953,0.017580151557922363,0.033480167388916016,-0.044045835733413696,0.011078298091888428,0.9643591046333313,0.10792681574821472,1.49656081199646,1.1990430355072021,-0.9605061411857605,-0.06493934988975525,-1.2939895391464233,0.33580899238586426]","[-0.0160830095410347,0.015289138071238995,0.0177531186491251,0.035547561943531036,-0.043949730694293976,0.011671463027596474]",0.04288332536816597,"[0.11061444133520126,1.4961737394332886,1.2001997232437134,-0.9632652997970581,-0.0620686411857605,-1.2923656702041626]",0.0108313774690032,"[-0.2992328107357025,-0.35250556468963623,0.9298133254051208,0.6968641877174377,0.01709791086614132,-0.009649951942265034,0.7169342637062073]","[0.2676522433757782,-0.17124369740486145,1.0188791751861572,0.15840989351272583,-0.6535675525665283,-0.04837086424231529,0.7385228276252747]","[-0.048490796238183975,-0.09682101756334305,0.7814736366271973]","[0.10407566279172897,0.13759876787662506,0.6830494999885559,0.7097028493881226]",0.0,0.0,0.0,False,False,0.004979021847248077
274,5,23,False,"[-0.01575201004743576,0.02033531665802002,0.03101736307144165,0.034035518765449524,-0.05184176564216614,0.015146195888519287,0.9656615257263184,0.11487915366888046,1.4797682762145996,1.2154467105865479,-0.9820367097854614,-0.05232357978820801,-1.3012031316757202,0.3012298047542572]","[-0.01577492244541645,0.019662907347083092,0.029653334990143776,0.03430885076522827,-0.050844721496105194,0.014702381566166878]",0.04258018732070923,"[0.1144317016005516,1.4813135862350464,1.2138367891311646,-0.979633092880249,-0.053579434752464294,-1.300077199935913]",0.008993422612547874,"[-0.2994692027568817,-0.3529495298862457,0.9334160089492798,0.6941908001899719,0.020236484706401825,-0.010883224196732044,0.7194240689277649]","[0.2671051025390625,-0.17370909452438354,1.0260601043701172,0.15952274203300476,-0.6555702090263367,-0.05690011754631996,0.7358956336975098]","[-0.04849079251289368,-0.09682101756334305,0.7814736366271973]","[0.10407545417547226,0.1375989317893982,0.683049738407135,0.7097026705741882]",0.0,0.0,0.0,False,False,0.00536656379699707
275,5,24,False,"[-0.013833276927471161,0.010114848613739014,0.018923461437225342,0.037887364625930786,-0.05425995588302612,0.007903814315795898,0.964208722114563,0.10357378423213959,1.4718141555786133,1.1798863410949707,-0.9286620616912842,-0.06722235679626465,-1.2853199243545532,0.29953062534332275]","[-0.014053268358111382,0.011303027160465717,0.020038314163684845,0.03737300634384155,-0.05383363366127014,0.008770344778895378]",0.04237489402294159,"[0.10476778447628021,1.4733699560165405,1.183771014213562,-0.9352039098739624,-0.06545937061309814,-1.2872015237808228]",0.007817310281097889,"[-0.299722284078598,-0.35292086005210876,0.9310769438743591,0.6925347447395325,0.018777189776301384,-0.013679957948625088,0.7210102081298828]","[0.26947274804115295,-0.17379572987556458,1.0210407972335815,0.17305457592010498,-0.6479054689407349,-0.056868378072977066,0.7396191954612732]","[-0.04849079251289368,-0.09682101011276245,0.7814736366271973]","[0.10407551378011703,0.1375986635684967,0.6830497980117798,0.7097026705741882]",0.0,0.0,0.0,False,False,0.010157763957977295
276,5,25,False,"[-0.01125018298625946,0.01769578456878662,0.02430737018585205,0.03625313937664032,-0.053869783878326416,0.020856469869613647,0.9613994359970093,0.1080097109079361,1.4559619426727295,1.1810953617095947,-0.9275368452072144,-0.0789639949798584,-1.2596752643585205,0.2881423532962799]","[-0.011580453254282475,0.01691225729882717,0.02386990748345852,0.03641900792717934,-0.05386960133910179,0.019314924255013466]",0.04219043254852295,"[0.10770144313573837,1.4577504396438599,1.1816147565841675,-0.9285038709640503,-0.07726506143808365,-1.2631874084472656]",0.006916884332895279,"[-0.2999618947505951,-0.35278499126434326,0.9318591952323914,0.6915512681007385,0.021506700664758682,-0.008854369632899761,0.7219527959823608]","[0.2685486376285553,-0.1759975254535675,1.0246875286102295,0.1846085786819458,-0.6389932632446289,-0.05605252832174301,0.7446243166923523]","[-0.048490796238183975,-0.09682101756334305,0.7814736366271973]","[0.10407521575689316,0.1375991702079773,0.6830493807792664,0.7097029685974121]",0.0,0.0,0.0,False,False,0.005493760108947754
277,5,26,False,"[-0.010870762169361115,0.01096409559249878,0.019288182258605957,0.03672514855861664,-0.05222085118293762,0.014422804117202759,0.9604479074478149,0.09732169657945633,1.4633517265319824,1.180191993713379,-0.9272789359092712,-0.07350164651870728,-1.27017343044281,0.2732304036617279]","[-0.010956413112580776,0.011684664525091648,0.019787779077887535,0.03666888549923897,-0.05243142321705818,0.015047143213450909]",0.04206034913659096,"[0.09842940419912338,1.4629263877868652,1.1802020072937012,-0.9274477958679199,-0.07395235449075699,-1.2692794799804688]",0.006030967924743891,"[-0.2999819219112396,-0.3528750240802765,0.930894136428833,0.6918749809265137,0.02052665688097477,-0.010890202596783638,0.7216432094573975]","[0.27110975980758667,-0.17494149506092072,1.0229878425598145,0.1847831904888153,-0.6416776776313782,-0.05338175594806671,0.7424655556678772]","[-0.048490796238183975,-0.09682101756334305,0.7814736366271973]","[0.10407527536153793,0.1375991255044937,0.6830494403839111,0.7097029089927673]",0.0,0.0,0.0,False,False,0.00262606143951416
278,5,27,False,"[-0.011929593980312347,0.02409660816192627,0.025739431381225586,0.029468700289726257,-0.05492255091667175,0.016663342714309692,0.958519697189331,0.09640634804964066,1.4732156991958618,1.1832022666931152,-0.9048653244972229,-0.0876052975654602,-1.2548266649246216,0.27317333221435547]","[-0.011810274794697762,0.022627975791692734,0.0250320453196764,0.030386727303266525,-0.0546051524579525,0.016457149758934975]",0.04193805530667305,"[0.09666720777750015,1.4720467329025269,1.1830068826675415,-0.907635509967804,-0.08586876094341278,-1.2566684484481812]",0.005518625490367413,"[-0.2999570071697235,-0.35245686769485474,0.9312307834625244,0.691498339176178,0.016893727704882622,-0.006027480587363243,0.7221553325653076]","[0.2709128260612488,-0.17143596708774567,1.0221459865570068,0.19213850796222687,-0.6346476674079895,-0.05291924253106117,0.7466622591018677]","[-0.048490796238183975,-0.09682101011276245,0.7814736366271973]","[0.10407555103302002,0.13759873807430267,0.6830498576164246,0.7097026109695435]",0.0,0.0,0.0,False,False,0.004502058029174805
279,5,28,False,"[-0.011340156197547913,0.01762598752975464,0.026547610759735107,0.032028958201408386,-0.055264681577682495,0.01795336604118347,0.9494527578353882,0.09481978416442871,1.4598259925842285,1.1838057041168213,-0.9193456768989563,-0.07738322019577026,-1.272895097732544,0.256175696849823]","[-0.011394302360713482,0.018200064077973366,0.026422716677188873,0.031841740012168884,-0.055182427167892456,0.017762508243322372]",0.04166800528764725,"[0.09500347822904587,1.4610906839370728,1.1837372779846191,-0.9178961515426636,-0.07845919579267502,-1.2708250284194946]",0.004821984563022852,"[-0.3000184893608093,-0.35284048318862915,0.9321885108947754,0.6910607218742371,0.01982518658041954,-0.008209382183849812,0.7224780917167664]","[0.27183374762535095,-0.17392627894878387,1.0248112678527832,0.18973898887634277,-0.638428270816803,-0.058218568563461304,0.7436525225639343]","[-0.048490796238183975,-0.09682101011276245,0.7814736366271973]","[0.10407555848360062,0.13759879767894745,0.6830497980117798,0.7097026705741882]",0.0,0.0,0.0,False,False,0.0032399892807006836
280,5,29,False,"[-0.009392805397510529,0.023371219635009766,0.029534965753555298,0.01540820300579071,-0.05334088206291199,0.01704731583595276,0.9505786299705505,0.08880780637264252,1.4560914039611816,1.1811985969543457,-0.9210638999938965,-0.0884091854095459,-1.2782201766967773,0.28661927580833435]","[-0.009631399065256119,0.02279970794916153,0.029053781181573868,0.017468901351094246,-0.05357762426137924,0.017138756811618805]",0.041530780494213104,"[0.08950421214103699,1.4567533731460571,1.1813974380493164,-0.9207043647766113,-0.0871334969997406,-1.2772773504257202]",0.005080032162368298,"[-0.30014169216156006,-0.35264962911605835,0.931342363357544,0.69114750623703,0.014042387716472149,-0.002455018227919936,0.7225730419158936]","[0.2732100486755371,-0.17498575150966644,1.0251753330230713,0.18828433752059937,-0.6362879276275635,-0.05855083465576172,0.745827317237854]","[-0.048490796238183975,-0.09682101011276245,0.7814736366271973]","[0.10407525300979614,0.13759899139404297,0.6830496788024902,0.709702730178833]",0.0,0.0,0.0,False,False,0.003279469907283783
281,5,30,False,"[-0.009002767503261566,0.012524127960205078,0.020992279052734375,0.028580233454704285,-0.0538385808467865,0.013018637895584106,0.9611157178878784,0.07705428451299667,1.440653920173645,1.1641261577606201,-0.9060682654380798,-0.0908530056476593,-1.284762978553772,0.2913784980773926]","[-0.009075243957340717,0.013726146891713142,0.02198709174990654,0.027168357744812965,-0.05380754917860031,0.013543632812798023]",0.04167824611067772,"[0.07841040939092636,1.4425183534622192,1.1661818027496338,-0.90799480676651,-0.09035380184650421,-1.2838078737258911]",0.005347724538296461,"[-0.3002040684223175,-0.35284310579299927,0.9305693507194519,0.690800666809082,0.0168057382106781,-0.008016778156161308,0.722805380821228]","[0.2763819694519043,-0.17739863693714142,1.024903416633606,0.19365248084068298,-0.6346384286880493,-0.06172595173120499,0.7456021904945374]","[-0.048490799963474274,-0.09682101756334305,0.7814736366271973]","[0.10407548397779465,0.137598916888237,0.6830496788024902,0.709702730178833]",0.0,0.0,0.0,False,False,0.00341951847076416
282,5,31,False,"[-0.01214665174484253,0.026883363723754883,0.022735536098480225,0.022094622254371643,-0.06620076298713684,0.03270277380943298,0.9550735354423523,0.0948515385389328,1.4347665309906006,1.144714117050171,-0.8617648482322693,-0.1007121205329895,-1.2356141805648804,0.2900138199329376]","[-0.011762790381908417,0.02534985914826393,0.022579267621040344,0.02271285466849804,-0.06462544202804565,0.030259495601058006]",0.04163816198706627,"[0.09309978783130646,1.4358208179473877,1.1473532915115356,-0.8676316738128662,-0.09943224489688873,-1.2417652606964111]",0.005472393706440926,"[-0.30024755001068115,-0.35213136672973633,0.9294396638870239,0.6878471970558167,0.017185868695378304,0.0036649578250944614,0.725642740726471]","[0.2720664441585541,-0.17722971737384796,1.0227137804031372,0.20900002121925354,-0.6230618357658386,-0.06089899688959122,0.7512683868408203]","[-0.048490796238183975,-0.09682101756334305,0.7814736366271973]","[0.1040753647685051,0.13759902119636536,0.6830496191978455,0.7097027897834778]",0.0,0.0,0.0,False,False,0.0096205472946167
283,5,32,False,"[-0.009603090584278107,0.029880762100219727,0.03577005863189697,0.010105699300765991,-0.06251963973045349,0.03729945421218872,0.9449669122695923,0.08104933798313141,1.4364020824432373,1.1513185501098633,-0.8938305377960205,-0.08595699071884155,-1.2631112337112427,0.263134241104126]","[-0.009862114675343037,0.029306327924132347,0.034317128360271454,0.011763177812099457,-0.06279022246599197,0.03640278801321983]",0.041394151747226715,"[0.08230448514223099,1.436255693435669,1.1507600545883179,-0.8905401229858398,-0.08763772994279861,-1.2603846788406372]",0.004967154935002327,"[-0.3003842830657959,-0.3525327742099762,0.9320834875106812,0.687796950340271,0.01823304034769535,0.007066854741424322,0.7256396412849426]","[0.2754831910133362,-0.17850759625434875,1.0226871967315674,0.2026318460702896,-0.6320775151252747,-0.057238366454839706,0.745749294757843]","[-0.048490796238183975,-0.09682101011276245,0.7814736366271973]","[0.10407552868127823,0.13759875297546387,0.6830497980117798,0.7097026109695435]",0.0,0.0,0.0,False,False,0.005240261554718018
284,5,33,False,"[-0.012180469930171967,0.023809373378753662,0.019924044609069824,0.020352259278297424,-0.06561172008514404,0.027908772230148315,0.9474902749061584,0.09301435947418213,1.422888159751892,1.1248841285705566,-0.855254054069519,-0.09483346343040466,-1.2377878427505493,0.27549153566360474]","[-0.011901026591658592,0.024521980434656143,0.02146587148308754,0.019187431782484055,-0.06525115668773651,0.028992153704166412]",0.04130331426858902,"[0.09188394993543625,1.4244962930679321,1.1280176639556885,-0.8597862124443054,-0.09394418448209763,-1.240674614906311]",0.004917762707918882,"[-0.30025190114974976,-0.35211530327796936,0.9287828803062439,0.6877115964889526,0.015450280159711838,0.004603257402777672,0.72580486536026]","[0.27284133434295654,-0.18027329444885254,1.0202654600143433,0.21056774258613586,-0.6249016523361206,-0.06005977466702461,0.7493676543235779]","[-0.04849079251289368,-0.09682101756334305,0.7814736366271973]","[0.1040753647685051,0.13759896159172058,0.6830497980117798,0.7097026705741882]",0.0,0.0,0.0,False,False,0.007023870944976807
285,5,34,False,"[-0.013051718473434448,0.016038835048675537,0.023942947387695312,0.011036410927772522,-0.06303560733795166,0.026449084281921387,0.9513521194458008,0.08967180550098419,1.441490650177002,1.1575182676315308,-0.879921019077301,-0.09215378761291504,-1.2468873262405396,0.2507050931453705]","[-0.012920942157506943,0.017005911096930504,0.023741917684674263,0.012110810726881027,-0.06331434100866318,0.02677307277917862]",0.041329603642225266,"[0.0898958295583725,1.4394515752792358,1.1540894508361816,-0.8772421479225159,-0.09237614274024963,-1.2460910081863403]",0.004400897771120071,"[-0.30010363459587097,-0.3527108132839203,0.9294596910476685,0.6887799501419067,0.015627175569534302,0.002790589351207018,0.7247965931892395]","[0.2731042504310608,-0.17669449746608734,1.023350715637207,0.2078571617603302,-0.6269450783729553,-0.059164468199014664,0.7484883069992065]","[-0.04849079251289368,-0.09682101756334305,0.7814736366271973]","[0.10407542437314987,0.13759897649288177,0.6830497980117798,0.7097026705741882]",0.0,0.0,0.0,False,False,0.006062865257263184
286,5,35,False,"[-0.010876752436161041,0.0226517915725708,0.016614556312561035,0.01697652041912079,-0.06243738532066345,0.04631820321083069,0.944758415222168,0.07877132296562195,1.3561041355133057,1.0899852514266968,-0.7983039021492004,-0.10023784637451172,-1.177538514137268,0.27677279710769653]","[-0.011121544055640697,0.02202248014509678,0.017353516072034836,0.016308370977640152,-0.06254936754703522,0.043826013803482056]",0.041202884167432785,"[0.07997232675552368,1.3655260801315308,1.0979458093643188,-0.8085171580314636,-0.09921631962060928,-1.1862866878509521]",0.004616774618625641,"[-0.30024921894073486,-0.3520318865776062,0.9272937178611755,0.6883194446563721,0.019048122689127922,0.011626324616372585,0.7250643372535706]","[0.27654314041137695,-0.18791864812374115,1.0282056331634521,0.2557089328765869,-0.6052312850952148,-0.06515993177890778,0.7510406374931335]","[-0.048490796238183975,-0.09682101756334305,0.7814736366271973]","[0.10407543927431107,0.1375989466905594,0.6830496191978455,0.7097027897834778]",0.0,0.0,0.0,False,False,0.017896533012390137
287,5,36,False,"[-0.008772380650043488,0.022816181182861328,0.015278398990631104,0.011587977409362793,-0.06992676854133606,0.038572221994400024,0.9488458037376404,0.0835820659995079,1.3857145309448242,1.1097123622894287,-0.8069460391998291,-0.11564561724662781,-1.2065259218215942,0.28652697801589966]","[-0.00903184711933136,0.022722061723470688,0.015524315647780895,0.012183398008346558,-0.06899965554475784,0.03924240544438362]",0.04121439903974533,"[0.08323326706886292,1.3838309049606323,1.1080290079116821,-0.807113528251648,-0.11356474459171295,-1.2039399147033691]",0.004953498486429453,"[-0.3006390333175659,-0.35189586877822876,0.9262149930000305,0.6853130459785461,0.015141734853386879,0.012455233372747898,0.7279845476150513]","[0.2749398350715637,-0.1840035319328308,1.0268117189407349,0.24463817477226257,-0.6035400032997131,-0.07038310170173645,0.7556042075157166]","[-0.048490796238183975,-0.09682101756334305,0.7814736366271973]","[0.10407526046037674,0.13759908080101013,0.6830494999885559,0.7097028493881226]",0.0,0.0,0.0,False,False,0.007490038871765137
288,5,37,False,"[-0.011653251945972443,0.02398049831390381,0.024921774864196777,0.003713443875312805,-0.07464525103569031,0.05335626006126404,0.9486270546913147,0.10431932657957077,1.3864686489105225,1.0977802276611328,-0.7942070364952087,-0.1117430329322815,-1.1684648990631104,0.29864415526390076]","[-0.011335201561450958,0.02379855327308178,0.023897498846054077,0.004833486396819353,-0.07392552495002747,0.05155637115240097]",0.04122428223490715,"[0.10200919955968857,1.3861467838287354,1.0990726947784424,-0.7958418726921082,-0.11202122271060944,-1.1729949712753296]",0.005402367562055588,"[-0.3005598187446594,-0.35229891538619995,0.9282830357551575,0.6842525601387024,0.019311608746647835,0.016973812133073807,0.7287917137145996]","[0.2699492573738098,-0.18407611548900604,1.0240918397903442,0.24710530042648315,-0.5996260046958923,-0.06431451439857483,0.7584531307220459]","[-0.048490796238183975,-0.09682101756334305,0.7814736366271973]","[0.1040753722190857,0.13759903609752655,0.6830496788024902,0.7097026705741882]",0.0,0.0,0.0,False,False,0.007082104682922363
289,5,38,False,"[-0.00945262610912323,0.02335953712463379,0.028929919004440308,0.003326624631881714,-0.05978351831436157,0.0602189302444458,0.9479015469551086,0.0918983519077301,1.3446974754333496,1.0770162343978882,-0.750377893447876,-0.12168309092521667,-1.137712836265564,0.31022775173187256]","[-0.009704363532364368,0.023410744965076447,0.02834010124206543,0.003530313028022647,-0.0615740530192852,0.05911579728126526]",0.04121282324194908,"[0.09299378842115402,1.349279761314392,1.079972505569458,-0.7561654448509216,-0.12043406814336777,-1.1422115564346313]",0.006010758224874735,"[-0.30036479234695435,-0.3525572419166565,0.9297043681144714,0.6880309581756592,0.02322702296078205,0.01834123395383358,0.7250775694847107]","[0.27252519130706787,-0.18830716609954834,1.029349684715271,0.2751934826374054,-0.5835011005401611,-0.07094402611255646,0.7607640624046326]","[-0.048490796238183975,-0.09682101011276245,0.7814736366271973]","[0.10407581180334091,0.13759845495224,0.683049738407135,0.7097026705741882]",0.0,0.0,0.0,False,False,0.009691596031188965
290,5,39,False,"[-0.013237185776233673,0.0355563759803772,0.028675436973571777,-0.010057255625724792,-0.068174809217453,0.06383243203163147,0.941331684589386,0.08939440548419952,1.3521126508712769,1.0671314001083374,-0.7441509366035461,-0.11511698365211487,-1.1563105583190918,0.2831825613975525]","[-0.01280936412513256,0.034180283546447754,0.028470443561673164,-0.008384346030652523,-0.06733112782239914,0.06323187798261642]",0.04105668514966965,"[0.08978071063756943,1.352156639099121,1.068366527557373,-0.7457503080368042,-0.11577755957841873,-1.154510498046875]",0.005678468383848667,"[-0.3002202808856964,-0.3518947660923004,0.9277600646018982,0.6872508525848389,0.01695302128791809,0.028130868449807167,0.7256771326065063]","[0.273479163646698,-0.18798430263996124,1.02566397190094,0.2724918723106384,-0.5875413417816162,-0.07316458970308304,0.7584129571914673]","[-0.04849079251289368,-0.09682101756334305,0.7814736366271973]","[0.1040756106376648,0.13759870827198029,0.683049738407135,0.7097026705741882]",0.0,0.0,0.0,False,False,0.0041610002517700195
291,5,40,False,"[-0.013312146067619324,0.022350013256072998,0.017583608627319336,0.009191393852233887,-0.05816018581390381,0.06818243861198425,0.9486480355262756,0.09778569638729095,1.3284531831741333,1.0450382232666016,-0.6693750619888306,-0.1390763819217682,-1.072148084640503,0.3149021863937378]","[-0.013273170217871666,0.02372315339744091,0.018956588581204414,0.006964823696762323,-0.059318605810403824,0.06755168735980988]",0.04112505167722702,"[0.09695660322904587,1.3311200141906738,1.0482356548309326,-0.679007351398468,-0.136135995388031,-1.0826568603515625]",0.006262629292905331,"[-0.2999447286128998,-0.35200515389442444,0.9268063306808472,0.6901124119758606,0.02406713180243969,0.0236209649592638,0.7229160666465759]","[0.27101385593414307,-0.1881982684135437,1.0282409191131592,0.3058047592639923,-0.5580626130104065,-0.07268838584423065,0.7679622173309326]","[-0.048490796238183975,-0.09682101756334305,0.7814736366271973]","[0.10407566279172897,0.13759876787662506,0.6830495595932007,0.7097028493881226]",0.0,0.0,0.0,False,False,0.016441941261291504
292,5,41,False,"[-0.01527230441570282,0.03726869821548462,0.025616765022277832,-0.0036999136209487915,-0.055782467126846313,0.0600602924823761,0.9434746503829956,0.10000669956207275,1.305931806564331,1.0041519403457642,-0.6222488284111023,-0.16192102432250977,-1.0249751806259155,0.3162124454975128]","[-0.015044149942696095,0.03567219898104668,0.02480114996433258,-0.002345733344554901,-0.056225214153528214,0.06101641058921814]",0.041052114218473434,"[0.09972190856933594,1.3090708255767822,1.009305477142334,-0.6295889616012573,-0.15865401923656464,-1.0323333740234375]",0.006548754405230284,"[-0.2996755540370941,-0.3515860140323639,0.9269713163375854,0.6920893788337708,0.01661490462720394,0.02684459090232849,0.721121072769165]","[0.26999130845069885,-0.19176113605499268,1.0244766473770142,0.3225298821926117,-0.5365409255027771,-0.06606744974851608,0.7770028114318848]","[-0.048490796238183975,-0.09682101756334305,0.7814736366271973]","[0.10407556593418121,0.13759872317314148,0.683049738407135,0.709702730178833]",0.0,0.0,0.0,False,False,0.011507749557495117
293,5,42,False,"[-0.013735324144363403,0.04481363296508789,0.03905439376831055,-0.019855692982673645,-0.05532291531562805,0.08306306600570679,0.9399726986885071,0.09431885182857513,1.2770012617111206,1.0116353034973145,-0.6397089958190918,-0.15447914600372314,-1.0493413209915161,0.3220505714416504]","[-0.01389436423778534,0.04371797293424606,0.03740813955664635,-0.0175953209400177,-0.055436670780181885,0.0802517905831337]",0.04092874005436897,"[0.09490004926919937,1.2804369926452637,1.0115138292312622,-0.6384344696998596,-0.1550067514181137,-1.0471687316894531]",0.006951863411813974,"[-0.299768328666687,-0.3517654240131378,0.9291805028915405,0.6918796300888062,0.019615869969129562,0.03768164664506912,0.7207620143890381]","[0.2718271315097809,-0.19670343399047852,1.031427025794983,0.3271995186805725,-0.5358908772468567,-0.07865500450134277,0.7743221521377563]","[-0.048490796238183975,-0.09682101756334305,0.7814736366271973]","[0.10407565534114838,0.1375986784696579,0.6830496191978455,0.7097027897834778]",0.0,0.0,0.0,False,False,0.007674694061279297
294,5,43,False,"[-0.014926619827747345,0.0474589467048645,0.0372467041015625,-0.018361903727054596,-0.04921957850456238,0.08157789707183838,0.9420077204704285,0.0944075733423233,1.2567933797836304,0.9673659205436707,-0.6070470809936523,-0.14910869300365448,-1.0211513042449951,0.3557918667793274]","[-0.014818328432738781,0.04704379290342331,0.037199825048446655,-0.018287137150764465,-0.050002794712781906,0.08141053467988968]",0.040907926857471466,"[0.0944434329867363,1.2598522901535034,0.9722681045532227,-0.6112467646598816,-0.14985065162181854,-1.024474859237671]",0.007800613529980183,"[-0.2995171546936035,-0.3515394926071167,0.9287816286087036,0.6941974759101868,0.01864561252295971,0.03953055292367935,0.7184563279151917]","[0.2725420892238617,-0.20143750309944153,1.0256255865097046,0.3369174301624298,-0.5320348143577576,-0.07286769151687622,0.7733794450759888]","[-0.04849079251289368,-0.09682101011276245,0.7814736366271973]","[0.10407581925392151,0.13759845495224,0.683049738407135,0.7097026705741882]",0.0,0.0,0.0,False,False,0.010088801383972168
295,5,44,False,"[-0.012874819338321686,0.05215609073638916,0.044962078332901,-0.02319107949733734,-0.06094440817832947,0.09540578722953796,0.9383978843688965,0.09173569083213806,1.2269275188446045,0.9435019493103027,-0.5475576519966125,-0.178824320435524,-0.9723454713821411,0.345746785402298]","[-0.013082744553685188,0.051530029624700546,0.04410089552402496,-0.02253880724310875,-0.059563249349594116,0.09362052381038666]",0.04080544784665108,"[0.09209635853767395,1.2305644750595093,0.9472850561141968,-0.5556372404098511,-0.17514458298683167,-0.9789953231811523]",0.008226441219449043,"[-0.29996559023857117,-0.3516274094581604,0.9303803443908691,0.6900187134742737,0.022107787430286407,0.044807471334934235,0.7220648527145386]","[0.2726764380931854,-0.2043582797050476,1.0280482769012451,0.3591732382774353,-0.5038696527481079,-0.07697579264640808,0.781782865524292]","[-0.04849079251289368,-0.09682101011276245,0.7814736366271973]","[0.10407532751560211,0.13759897649288177,0.683049738407135,0.7097026705741882]",0.0,0.0,0.0,False,False,0.012713193893432617
296,5,45,False,"[-0.01779717206954956,0.06336343288421631,0.045303523540496826,-0.015760846436023712,-0.03611630201339722,0.10374230146408081,0.9453363418579102,0.09490874409675598,1.183768630027771,0.9226142764091492,-0.4869074821472168,-0.17599833011627197,-0.927335262298584,0.3778654932975769]","[-0.017293356359004974,0.06197887659072876,0.04513396695256233,-0.016636259853839874,-0.03906969353556633,0.10245446860790253]",0.040921472012996674,"[0.09458978474140167,1.1891911029815674,0.9257528185844421,-0.4956592619419098,-0.17589762806892395,-0.9339250922203064]",0.009141704998910427,"[-0.29894739389419556,-0.3509645164012909,0.9304808378219604,0.698832094669342,0.024315115064382553,0.04874739050865173,0.7132083177566528]","[0.2724665105342865,-0.20888268947601318,1.0345314741134644,0.38887283205986023,-0.4773249626159668,-0.08965577185153961,0.782879650592804]","[-0.048490796238183975,-0.09682101756334305,0.7814736366271973]","[0.10407590121030807,0.13759845495224,0.6830496191978455,0.7097028493881226]",0.0,0.0,0.0,False,False,0.013790488243103027
297,5,46,False,"[-0.01866111159324646,0.06980717182159424,0.05787530541419983,-0.021722495555877686,-0.04037526249885559,0.11557593941688538,0.94889235496521,0.09530678391456604,1.1631920337677002,0.9105159044265747,-0.47527241706848145,-0.18328605592250824,-0.9246418476104736,0.3808813691139221]","[-0.01850142888724804,0.06884635239839554,0.05646797642111778,-0.021025577560067177,-0.040204208344221115,0.11390342563390732]",0.04103300720453262,"[0.09524600952863693,1.1663919687271118,0.9121178388595581,-0.47796815633773804,-0.1823527067899704,-0.9258259534835815]",0.009692545048892498,"[-0.2988626956939697,-0.35108187794685364,0.9333953857421875,0.6987056136131287,0.028357340022921562,0.052813250571489334,0.7128933668136597]","[0.2724831998348236,-0.2126537263393402,1.0364495515823364,0.39521005749702454,-0.4676174223423004,-0.09671559184789658,0.7847221493721008]","[-0.04849079251289368,-0.09682101011276245,0.7814736366271973]","[0.10407533496618271,0.13759900629520416,0.683049738407135,0.7097026705741882]",0.0,0.0,0.0,False,False,0.005511164665222168
298,5,47,False,"[-0.024649903178215027,0.09444433450698853,0.06492879986763,-0.0326044037938118,-0.027430623769760132,0.11089065670967102,0.9305182695388794,0.10424922406673431,1.0991771221160889,0.848129153251648,-0.40303540229797363,-0.1815101057291031,-0.8375071287155151,0.3737312853336334]","[-0.02395441010594368,0.09147396683692932,0.06379267573356628,-0.031169496476650238,-0.029032286256551743,0.11127736419439316]",0.04072998836636543,"[0.10323835164308548,1.1068514585494995,0.8558264374732971,-0.4127328395843506,-0.18164680898189545,-0.8487802147865295]",0.009897902607917786,"[-0.29797279834747314,-0.3499397039413452,0.9331261515617371,0.7049322128295898,0.01898217760026455,0.06072206795215607,0.7064156532287598]","[0.27164047956466675,-0.22282373905181885,1.0356996059417725,0.42536836862564087,-0.4349555969238281,-0.09361092001199722,0.7881068587303162]","[-0.04849079251289368,-0.09682101756334305,0.7814736366271973]","[0.10407532751560211,0.13759896159172058,0.683049738407135,0.709702730178833]",0.0,0.0,0.0,False,False,0.01762944459915161
299,5,48,False,"[-0.016499601304531097,0.11189645528793335,0.0807502269744873,-0.049570657312870026,-0.032298505306243896,0.15945519506931305,0.917864203453064,0.08924524486064911,1.0193779468536377,0.7987352013587952,-0.3494979739189148,-0.16101180016994476,-0.793869137763977,0.4379062354564667]","[-0.017376264557242393,0.10947064310312271,0.07878699153661728,-0.04719743877649307,-0.03189391270279884,0.15331122279167175]",0.04024351015686989,"[0.09074091911315918,1.0292389392852783,0.8057097792625427,-0.3576691448688507,-0.16359955072402954,-0.8008713126182556]",0.011473641730844975,"[-0.2987053692340851,-0.3494322896003723,0.9352774620056152,0.7013123035430908,0.02694009058177471,0.08261989802122116,0.7075373530387878]","[0.27619048953056335,-0.23554323613643646,1.0391420125961304,0.463538259267807,-0.4081036150455475,-0.10226169973611832,0.7798244953155518]","[-0.04849079251289368,-0.09682101011276245,0.7814736366271973]","[0.10407552868127823,0.13759878277778625,0.6830498576164246,0.7097025513648987]",0.0,0.0,0.0,False,False,0.018079161643981934
300,5,49,False,"[-0.021503247320652008,0.12874901294708252,0.07936370372772217,-0.039490945637226105,-0.03003641963005066,0.16295814514160156,0.9243904948234558,0.1054234728217125,0.9406273365020752,0.6826395988464355,-0.2207762598991394,-0.2036905735731125,-0.6694809198379517,0.458581805229187]","[-0.021023087203502655,0.126504048705101,0.07924026995897293,-0.040498822927474976,-0.030261510983109474,0.16173124313354492]",0.04012269526720047,"[0.10385891795158386,0.9509751200675964,0.6970605850219727,-0.23853415250778198,-0.19865556061267853,-0.6862521171569824]",0.012738264165818691,"[-0.29826605319976807,-0.3482176661491394,0.9346956014633179,0.7031919360160828,0.026671359315514565,0.08903028070926666,0.7048994898796082]","[0.27375560998916626,-0.24907508492469788,1.0276038646697998,0.48582881689071655,-0.3477395176887512,-0.09308872371912003,0.7964809536933899]","[-0.04849079251289368,-0.09682101756334305,0.7814736366271973]","[0.10407552123069763,0.13759876787662506,0.6830495595932007,0.7097028493881226]",0.0,0.0,0.0,False,True,0.02725568413734436
