update step=0 qpos=[5.115576473709027e-13, -1.1561168578941706e-15, 1.7672687317415835e-17, 7.853411024860463e-16, -9.987140238074121e-13, 2.5006567996865847e-12, 1.0, 5.115578100012286e-13, -1.1561144226744473e-15, 1.7668519981489792e-17, 7.853378731729349e-16, -9.987125059243707e-13, 2.5006539807609363e-12, 1.0]
pred step=0 action=[[0.03351539373397827, -0.08607667684555054, -0.05087566375732422, 0.042265087366104126, -0.009931802749633789, 0.021518021821975708, 1.012257695198059, -0.004084400832653046, -0.004089325666427612, 0.009376704692840576, 0.07339239120483398, -0.01570267230272293, 0.021996473893523216, 0.9617971181869507]] left_gripper=1.012257695198059 right_gripper=0.9617971181869507
update step=1 qpos=[0.029601631686091423, -0.07470975071191788, -0.03629510849714279, 0.036169134080410004, -0.008741811849176884, 0.018771126866340637, 1.0, -0.0035765657667070627, -0.003808380803093314, 0.008850794285535812, 0.06424813717603683, -0.013706730678677559, 0.019191352650523186, 0.9617971181869507]
pred step=1 action=[[0.032155998051166534, -0.0846589207649231, -0.05237838625907898, 0.041952311992645264, -0.010555677115917206, 0.019905947148799896, 1.0117273330688477, -0.007688293233513832, 0.00821828842163086, 0.016103923320770264, 0.06941801309585571, -0.01879807561635971, 0.02048061601817608, 0.9619939923286438]] left_gripper=1.0117273330688477 right_gripper=0.9619939923286438
update step=2 qpos=[0.031864188611507416, -0.0833687037229538, -0.03624837473034859, 0.041270945221185684, -0.010332939215004444, 0.019761892035603523, 1.0, -0.007194969803094864, 0.006864046212285757, 0.015062523074448109, 0.06871957331895828, -0.01814686320722103, 0.02031741663813591, 0.9619939923286438]
pred step=2 action=[[0.03032667189836502, -0.0823940634727478, -0.04961758852005005, 0.04299965500831604, -0.009820826351642609, 0.015266261994838715, 1.0107818841934204, -0.013120951130986214, 0.03842863440513611, 0.035579025745391846, 0.06117776036262512, -0.023863863199949265, 0.01764935627579689, 0.9624000191688538]] left_gripper=1.0107818841934204 right_gripper=0.9624000191688538
update step=3 qpos=[0.030506499111652374, -0.08311522006988525, -0.036258891224861145, 0.04278339073061943, -0.009883187711238861, 0.015839632600545883, 1.0, -0.012412942945957184, 0.03468265384435654, 0.0331973172724247, 0.062168531119823456, -0.02312963269650936, 0.0179898738861084, 0.9624000191688538]
pred step=3 action=[[0.023124143481254578, -0.09147393703460693, -0.05470031499862671, 0.04222986102104187, -0.012874208390712738, 0.01228930801153183, 1.0101027488708496, -0.024221010506153107, 0.10973182320594788, 0.07563772797584534, 0.036299437284469604, -0.03691296651959419, 0.014578612521290779, 0.963384747505188]] left_gripper=1.0101027488708496 right_gripper=0.963384747505188
update step=4 qpos=[0.023997480049729347, -0.09024519473314285, -0.03619197756052017, 0.04232712835073471, -0.012481853365898132, 0.012742110528051853, 1.0, -0.022805336862802505, 0.10086667537689209, 0.070649154484272, 0.039630789309740067, -0.03514663130044937, 0.015014137141406536, 0.963384747505188]
pred step=4 action=[[0.02442087233066559, -0.09199380874633789, -0.059281378984451294, 0.04388028383255005, -0.014024965465068817, 0.007190592586994171, 1.0104340314865112, -0.03187708184123039, 0.18637897074222565, 0.14123325049877167, 0.0022530555725097656, -0.049713384360075, 0.008269737474620342, 0.9627788662910461]] left_gripper=1.0104340314865112 right_gripper=0.9627788662910461
update step=5 qpos=[0.024373173713684082, -0.09165998548269272, -0.036186546087265015, 0.04365739971399307, -0.01383147668093443, 0.00789807178080082, 1.0, -0.0307824295014143, 0.17621830105781555, 0.13315366208553314, 0.007172160316258669, -0.04785322770476341, 0.009130326099693775, 0.9627788662910461]
pred step=5 action=[[0.019823424518108368, -0.08493608236312866, -0.05787786841392517, 0.043019115924835205, -0.013476133346557617, 0.004764251410961151, 1.0084166526794434, -0.043329622596502304, 0.2833441495895386, 0.20181052386760712, -0.03341543674468994, -0.06347188353538513, 0.002091826405376196, 0.9624344110488892]] left_gripper=1.0084166526794434 right_gripper=0.9624344110488892
update step=6 qpos=[0.020357657223939896, -0.08665554225444794, -0.036276381462812424, 0.04307577759027481, -0.013512494042515755, 0.005163931287825108, 1.0, -0.041824907064437866, 0.2707976698875427, 0.19370707869529724, -0.0281684473156929, -0.06146923825144768, 0.002990835579112172, 0.9624344110488892]
pred step=6 action=[[0.018721945583820343, -0.07855868339538574, -0.05616578459739685, 0.04354220628738403, -0.014159530401229858, -0.0006331391632556915, 1.0092291831970215, -0.05438679829239845, 0.4093409478664398, 0.30252569913864136, -0.09897767007350922, -0.08182447403669357, -0.007543372921645641, 0.9650089740753174]] left_gripper=1.0092291831970215 right_gripper=0.9650089740753174
update step=7 qpos=[0.018915237858891487, -0.08031544834375381, -0.03632528334856033, 0.04345642402768135, -0.014075028710067272, 0.0001059165078913793, 1.0, -0.05287069082260132, 0.39302217960357666, 0.2900109887123108, -0.08970169723033905, -0.07922054082155228, -0.006197792943567038, 0.9650089740753174]
pred step=7 action=[[0.015354037284851074, -0.0771598219871521, -0.04509735107421875, 0.03748255968093872, -0.012083858251571655, 0.00034052878618240356, 1.005770206451416, -0.05643096938729286, 0.499722957611084, 0.36388152837753296, -0.1407022625207901, -0.0919698029756546, -0.013118445873260498, 0.9667157530784607]] left_gripper=1.005770206451416 right_gripper=0.9667157530784607
update step=8 qpos=[0.015768298879265785, -0.07791377604007721, -0.03628157824277878, 0.03821098431944847, -0.012328419834375381, 0.0003107858938165009, 1.0, -0.0559886172413826, 0.4873693287372589, 0.3551555871963501, -0.13408595323562622, -0.09034396708011627, -0.012234448455274105, 0.9667157530784607]
pred step=8 action=[[0.019541971385478973, -0.06690114736557007, -0.048825085163116455, 0.03179281949996948, -0.009338796138763428, -0.0010476484894752502, 1.0073463916778564, -0.06060633435845375, 0.5413233041763306, 0.4134543538093567, -0.15801474452018738, -0.09361546486616135, -0.017769398167729378, 0.9632896184921265]] left_gripper=1.0073463916778564 right_gripper=0.9632896184921265
update step=9 qpos=[0.01909182034432888, -0.06868349760770798, -0.0363871268928051, 0.032548390328884125, -0.009724068455398083, -0.0008745195809751749, 1.0, -0.06006108224391937, 0.5349963903427124, 0.40682369470596313, -0.1547793745994568, -0.09318885952234268, -0.017062300816178322, 0.9632896184921265]
pred step=9 action=[[0.019142910838127136, -0.055594027042388916, -0.036860108375549316, 0.037264347076416016, -0.01196984201669693, -0.01055103912949562, 1.0088648796081543, -0.08063057065010071, 0.7103300094604492, 0.5329176187515259, -0.2448102831840515, -0.11667433381080627, -0.035245247185230255, 0.9774754643440247]] left_gripper=1.0088648796081543 right_gripper=0.9774754643440247
update step=10 qpos=[0.019143477082252502, -0.05715300142765045, -0.036406952887773514, 0.03663560003042221, -0.011687085963785648, -0.009317540563642979, 1.0, -0.078170545399189, 0.6899847984313965, 0.5183212757110596, -0.2329855114221573, -0.11364679783582687, -0.032920610159635544, 0.9774754643440247]
pred step=10 action=[[0.019100576639175415, -0.0499035120010376, -0.0320475697517395, 0.031192034482955933, -0.008397847414016724, -0.007743429392576218, 1.0054073333740234, -0.08128553628921509, 0.7635979652404785, 0.5694157481193542, -0.26618659496307373, -0.11676326394081116, -0.03676382079720497, 0.9720546007156372]] left_gripper=1.0054073333740234 right_gripper=0.9720546007156372
update step=11 qpos=[0.019098857417702675, -0.050764892250299454, -0.03255424648523331, 0.03189043700695038, -0.008813489228487015, -0.007944364100694656, 1.0, -0.08092202246189117, 0.755128026008606, 0.563509464263916, -0.26179972290992737, -0.11635579913854599, -0.036272287368774414, 0.9720546007156372]
pred step=11 action=[[0.017306573688983917, -0.04550135135650635, -0.028254181146621704, 0.029074817895889282, -0.00988750159740448, -0.009070850908756256, 1.006535291671753, -0.0918600857257843, 0.875493049621582, 0.6633235216140747, -0.32037732005119324, -0.13532540202140808, -0.05098137632012367, 0.9798358678817749]] left_gripper=1.006535291671753 right_gripper=0.9798358678817749
update step=12 qpos=[0.017519483342766762, -0.046129096299409866, -0.028750581666827202, 0.02944093383848667, -0.0097480658441782, -0.008927037939429283, 1.0, -0.09054683893918991, 0.8615051507949829, 0.6519362926483154, -0.31253954768180847, -0.1328904628753662, -0.04910164698958397, 0.979835867881775]
pred step=12 action=[[0.016084589064121246, -0.04751700162887573, -0.02682936191558838, 0.03126215934753418, -0.009180203080177307, -0.005387205630540848, 1.0028235912322998, -0.08958709239959717, 0.8904386162757874, 0.6752876043319702, -0.33196330070495605, -0.13643473386764526, -0.04966418817639351, 0.977973222732544]] left_gripper=1.0028235912322998 right_gripper=0.977973222732544
update step=13 qpos=[0.016251202672719955, -0.04736137017607689, -0.027028709650039673, 0.03104339726269245, -0.009248686954379082, -0.005838404409587383, 1.0, -0.08969003707170486, 0.8871406316757202, 0.6725445985794067, -0.3294244706630707, -0.13598687946796417, -0.04959258437156677, 0.9779732227325441]
pred step=13 action=[[0.01907685399055481, -0.04261285066604614, -0.018333107233047485, 0.02533721923828125, -0.00880046933889389, -0.011246271431446075, 1.006588101387024, -0.0977599024772644, 0.9966952800750732, 0.7650215029716492, -0.3880745768547058, -0.14438645541667938, -0.06062204763293266, 0.9892466068267822]] left_gripper=1.006588101387024 right_gripper=0.9892466068267822
update step=14 qpos=[0.018744520843029022, -0.043187811970710754, -0.019331134855747223, 0.026086479425430298, -0.008863404393196106, -0.010556835681200027, 1.0, -0.09681486338376999, 0.9840348362922668, 0.7543891668319702, -0.3802463710308075, -0.14329449832439423, -0.059211138635873795, 0.9892466068267822]
pred step=14 action=[[0.016222909092903137, -0.03635793924331665, -0.020001977682113647, 0.029046356678009033, -0.006546303629875183, -0.012320220470428467, 1.003531575202942, -0.11459578573703766, 1.1289156675338745, 0.8610199689865112, -0.45802563428878784, -0.16020753979682922, -0.07040802389383316, 0.9939090013504028]] left_gripper=1.003531575202942 right_gripper=0.9939090013504028
update step=15 qpos=[0.016515256837010384, -0.03714507073163986, -0.019981522113084793, 0.028646348044276237, -0.006834372412413359, -0.012095286510884762, 1.0, -0.1125175803899765, 1.1121876239776611, 0.848801851272583, -0.4476598799228668, -0.15801312029361725, -0.06897331029176712, 0.9939090013504028]
pred step=15 action=[[0.016114164143800735, -0.04271197319030762, -0.02044352889060974, 0.025666117668151855, -0.006576530635356903, -0.008269816637039185, 1.0032209157943726, -0.11134745180606842, 1.1186003684997559, 0.8611420392990112, -0.4529622197151184, -0.1611851453781128, -0.06971976906061172, 0.9924874305725098]] left_gripper=1.0032209157943726 right_gripper=0.9924874305725098
update step=16 qpos=[0.016159676015377045, -0.042055997997522354, -0.020374024286866188, 0.026052556931972504, -0.006607646122574806, -0.008757573552429676, 1.0, -0.11146549880504608, 1.117534875869751, 0.8600786924362183, -0.4521620571613312, -0.1607930213212967, -0.06962595134973526, 0.9924874305725098]
pred step=16 action=[[0.019304797053337097, -0.04116135835647583, -0.015433341264724731, 0.021844089031219482, -0.005028657615184784, -0.010175716131925583, 1.0035202503204346, -0.11380089819431305, 1.1839314699172974, 0.9204282760620117, -0.4871693551540375, -0.16408243775367737, -0.07509694248437881, 0.9954813122749329]] left_gripper=1.0035202503204346 right_gripper=0.9954813122749329
update step=17 qpos=[0.01893220655620098, -0.04127877950668335, -0.015990061685442924, 0.022396793588995934, -0.005234705749899149, -0.009994902648031712, 1.0, -0.11353527009487152, 1.176383137702942, 0.913364052772522, -0.48247748613357544, -0.16365225613117218, -0.07439673691987991, 0.9954813122749329]
pred step=17 action=[[0.013537038117647171, -0.026499807834625244, -0.02193126082420349, 0.025558769702911377, -0.005057208240032196, -0.010031793266534805, 1.0012415647506714, -0.12108764052391052, 1.2215776443481445, 0.939274787902832, -0.5053415894508362, -0.17040809988975525, -0.07794948667287827, 0.9967538714408875]] left_gripper=1.0012415647506714 right_gripper=0.9967538714408875
update step=18 qpos=[0.01417145598679781, -0.028199799358844757, -0.021368075162172318, 0.025093069300055504, -0.005068873520940542, -0.01002664864063263, 1.0, -0.12022731453180313, 1.2164009809494019, 0.9362607002258301, -0.5023126602172852, -0.16952897608280182, -0.07749373465776443, 0.9967538714408875]
pred step=18 action=[[0.016007564961910248, -0.019442260265350342, -0.01310703158378601, 0.023293882608413696, -0.004458323121070862, -0.013351697474718094, 1.0032958984375, -0.13686880469322205, 1.3471097946166992, 1.045772671699524, -0.5700054168701172, -0.18389379978179932, -0.09477511048316956, 1.0024762153625488]] left_gripper=1.0032958984375 right_gripper=1.0024762153625488
update step=19 qpos=[0.015790244564414024, -0.020526345819234848, -0.013953146524727345, 0.023570485413074493, -0.004539428744465113, -0.012927891686558723, 1.0, -0.1349564641714096, 1.3318217992782593, 1.0333501100540161, -0.5608336925506592, -0.18203070759773254, -0.09256483614444733, 1.0]
pred step=19 action=[[0.017165083438158035, -0.023562133312225342, -0.012106329202651978, 0.02242419123649597, -0.004345826804637909, -0.011167313903570175, 1.0029479265213013, -0.13082905113697052, 1.3170549869537354, 1.033095121383667, -0.5516226291656494, -0.18468785285949707, -0.09326595067977905, 1.0000593662261963]] left_gripper=1.0029479265213013 right_gripper=1.0000593662261963
update step=20 qpos=[0.017003297805786133, -0.023197472095489502, -0.012332762591540813, 0.022573698312044144, -0.004372891504317522, -0.011392062529921532, 1.0, -0.13124874234199524, 1.318312406539917, 1.033575415611267, -0.552712619304657, -0.1843753308057785, -0.09318015724420547, 1.0]
pred step=20 action=[[0.015926197171211243, -0.0188027024269104, -0.012973934412002563, 0.022295057773590088, -0.003954082727432251, -0.013577695935964584, 1.0026745796203613, -0.14557434618473053, 1.4132933616638184, 1.0934392213821411, -0.6013377904891968, -0.19084210693836212, -0.10098402202129364, 1.005012035369873]] left_gripper=1.0026745796203613 right_gripper=1.005012035369873
update step=21 qpos=[0.01605246402323246, -0.01930699124932289, -0.01294503640383482, 0.022312544286251068, -0.004005144815891981, -0.013298826292157173, 1.0, -0.1439804881811142, 1.4026587009429932, 1.0862772464752197, -0.5948852896690369, -0.18997392058372498, -0.09998214244842529, 1.0]
pred step=21 action=[[0.017296843230724335, -0.014699876308441162, -0.01396089792251587, 0.021570295095443726, -0.0048867687582969666, -0.014611557126045227, 1.0050835609436035, -0.14740069210529327, 1.4569451808929443, 1.1239473819732666, -0.6196771860122681, -0.19833888113498688, -0.10482979565858841, 1.010739803314209]] left_gripper=1.0050835609436035 right_gripper=1.010739803314209
update step=22 qpos=[0.017152607440948486, -0.015238134190440178, -0.013859963975846767, 0.021653449162840843, -0.0047779507003724575, -0.014444475062191486, 1.0, -0.1469833254814148, 1.450232744216919, 1.1199625730514526, -0.6162562370300293, -0.1972772628068924, -0.1042110025882721, 1.0]
pred step=22 action=[[0.018773730844259262, -0.01791548728942871, -0.01497313380241394, 0.01992589235305786, -0.00508977472782135, -0.01438295841217041, 1.0057284832000732, -0.14826510846614838, 1.4930386543273926, 1.173051118850708, -0.6414560079574585, -0.2047073245048523, -0.11251796036958694, 1.00961434841156]] left_gripper=1.0057284832000732 right_gripper=1.00961434841156
update step=23 qpos=[0.01858418807387352, -0.017600156366825104, -0.01483340933918953, 0.02014729753136635, -0.005053726956248283, -0.014391048811376095, 1.0, -0.14810366928577423, 1.4878621101379395, 1.1670724153518677, -0.6379790902137756, -0.20376552641391754, -0.11145798861980438, 1.0]
pred step=23 action=[[0.0181882344186306, -0.022716522216796875, -0.016406148672103882, 0.015310734510421753, -0.004556506872177124, -0.011836081743240356, 1.004929542541504, -0.14766383171081543, 1.4902153015136719, 1.171740174293518, -0.6398096680641174, -0.20671969652175903, -0.1112419068813324, 1.0019299983978271]] left_gripper=1.004929542541504 right_gripper=1.0019299983978271
update step=24 qpos=[0.01823357492685318, -0.02210240066051483, -0.01624239794909954, 0.015919821336865425, -0.004618328996002674, -0.012161756865680218, 1.0, -0.1476989984512329, 1.4899314641952515, 1.1712100505828857, -0.6395578384399414, -0.20634812116622925, -0.11127005517482758, 1.0]
pred step=24 action=[[0.01653396710753441, -0.014121055603027344, -0.021031945943832397, 0.02000439167022705, -0.006635002791881561, -0.01270294189453125, 1.004992961883545, -0.15161964297294617, 1.542053461074829, 1.2051782608032227, -0.6633423566818237, -0.212230384349823, -0.11454693228006363, 1.0070072412490845]] left_gripper=1.004992961883545 right_gripper=1.0070072412490845
update step=25 qpos=[0.016737859696149826, -0.015047211199998856, -0.02052203193306923, 0.019452529028058052, -0.006376686505973339, -0.012633783742785454, 1.0, -0.15118888020515442, 1.536102294921875, 1.20118248462677, -0.6601433157920837, -0.21146903932094574, -0.1141265481710434, 1.0]
pred step=25 action=[[0.016222555190324783, -0.019147276878356934, -0.017397582530975342, 0.019248902797698975, -0.00513855367898941, -0.01386433094739914, 1.004705786705017, -0.16195450723171234, 1.5970683097839355, 1.252845287322998, -0.6942446231842041, -0.22115448117256165, -0.12333980202674866, 1.0002362728118896]] left_gripper=1.004705786705017 right_gripper=1.0002362728118896
update step=26 qpos=[0.016280243173241615, -0.01869666948914528, -0.017665326595306396, 0.019313408061861992, -0.005294219125062227, -0.013707338832318783, 1.0, -0.1607612818479538, 1.5896990299224854, 1.2470511198043823, -0.6896142363548279, -0.2199057936668396, -0.12216164171695709, 1.0]
pred step=26 action=[[0.018983103334903717, -0.02113783359527588, -0.01902717351913452, 0.017513006925582886, -0.00538211315870285, -0.0131172314286232, 1.005171537399292, -0.15658554434776306, 1.5928535461425781, 1.251081109046936, -0.6946550607681274, -0.22053271532058716, -0.11817857623100281, 1.0041990280151367]] left_gripper=1.005171537399292 right_gripper=1.0041990280151367
update step=27 qpos=[0.01866576448082924, -0.02083015628159046, -0.01891784369945526, 0.017726322636008263, -0.005376321729272604, -0.013192799873650074, 1.0, -0.1569754034280777, 1.592223882675171, 1.2507957220077515, -0.6939688920974731, -0.22047454118728638, -0.11868872493505478, 1.0]
pred step=27 action=[[0.014450326561927795, -0.02263939380645752, -0.01425740122795105, 0.020245105028152466, -0.004885822534561157, -0.013495445251464844, 1.003960371017456, -0.16837602853775024, 1.6554546356201172, 1.2961525917053223, -0.7167328000068665, -0.23251193761825562, -0.1292303502559662, 0.9888173341751099]] left_gripper=1.003960371017456 right_gripper=0.9888173341751099
update step=28 qpos=[0.01494462601840496, -0.02245764434337616, -0.014719626866281033, 0.01996128261089325, -0.004939360544085503, -0.013456383720040321, 1.0, -0.16714748740196228, 1.6481537818908691, 1.2909022569656372, -0.7135798335075378, -0.23095352947711945, -0.12788182497024536, 0.9888173341751099]
pred step=28 action=[[0.017109300941228867, -0.02324962615966797, -0.014799237251281738, 0.017425060272216797, -0.0049300044775009155, -0.015314958989620209, 1.004676342010498, -0.1664765626192093, 1.6586449146270752, 1.3053617477416992, -0.7230168581008911, -0.23013973236083984, -0.13203559815883636, 0.9891082048416138]] left_gripper=1.004676342010498 right_gripper=0.9891082048416138
update step=29 qpos=[0.0168546624481678, -0.023134348914027214, -0.014849311672151089, 0.01773138716816902, -0.004935670644044876, -0.015078224241733551, 1.0, -0.16648544371128082, 1.6570559740066528, 1.3039295673370361, -0.7217115759849548, -0.230258509516716, -0.1315075010061264, 0.9891082048416137]
pred step=29 action=[[0.01717500016093254, -0.025019824504852295, -0.018427342176437378, 0.01728561520576477, -0.005504608154296875, -0.014457028359174728, 1.0061590671539307, -0.16665992140769958, 1.6609456539154053, 1.3076672554016113, -0.7262240052223206, -0.23853307962417603, -0.13087525963783264, 0.9865384697914124]] left_gripper=1.0061590671539307 right_gripper=0.9865384697914124
update step=30 qpos=[0.017138827592134476, -0.024783598259091377, -0.018038760870695114, 0.017326124012470245, -0.005433333572000265, -0.014536394737660885, 1.0, -0.16662506759166718, 1.6605225801467896, 1.3071950674057007, -0.7256437540054321, -0.23748411238193512, -0.1309560239315033, 0.9865384697914124]
pred step=30 action=[[0.015369798988103867, -0.03023815155029297, -0.014128059148788452, 0.016928046941757202, -0.003766879439353943, -0.013025447726249695, 1.0054454803466797, -0.16967321932315826, 1.6959397792816162, 1.3305630683898926, -0.7348564267158508, -0.24125072360038757, -0.1372286081314087, 0.9677621126174927]] left_gripper=1.0054454803466797 right_gripper=0.9677621126174927
update step=31 qpos=[0.015573765151202679, -0.029625218361616135, -0.014498494565486908, 0.017017154023051262, -0.003973762970417738, -0.013217774219810963, 1.0, -0.16934876143932343, 1.691818118095398, 1.3278824090957642, -0.7335394620895386, -0.24076326191425323, -0.13642732799053192, 0.9677621126174927]
pred step=31 action=[[0.014891941100358963, -0.023676753044128418, -0.01734045147895813, 0.019095271825790405, -0.00455242395401001, -0.012635551393032074, 1.0073740482330322, -0.1786891669034958, 1.7313251495361328, 1.3462694883346558, -0.7467608451843262, -0.24545878171920776, -0.14671219885349274, 0.9561372995376587]] left_gripper=1.0073740482330322 right_gripper=0.9561372995376587
update step=32 qpos=[0.014973001554608345, -0.02434990368783474, -0.017094021663069725, 0.01879524439573288, -0.00447770394384861, -0.012709680013358593, 1.0, -0.17767326533794403, 1.7265111207962036, 1.3443050384521484, -0.7449260950088501, -0.24484601616859436, -0.14539866149425507, 0.9561372995376587]
pred step=32 action=[[0.01671580970287323, -0.02832704782485962, -0.017085224390029907, 0.015494376420974731, -0.0034414157271385193, -0.012375500053167343, 1.0061436891555786, -0.1733880490064621, 1.74965500831604, 1.3737701177597046, -0.7624866366386414, -0.24929964542388916, -0.14508312940597534, 0.9478598237037659]] left_gripper=1.0061436891555786 right_gripper=0.9478598237037659
update step=33 qpos=[0.01650877296924591, -0.027864821255207062, -0.017057841643691063, 0.015925096347928047, -0.0035758945159614086, -0.012418179772794247, 1.0, -0.17375990748405457, 1.7466554641723633, 1.3705108165740967, -0.7600948810577393, -0.24875685572624207, -0.14512524008750916, 0.947859823703766]
pred step=33 action=[[0.017180517315864563, -0.030004382133483887, -0.012765645980834961, 0.01653030514717102, -0.003666236996650696, -0.012738004326820374, 1.0089434385299683, -0.17774184048175812, 1.7537312507629395, 1.3701646327972412, -0.7616136074066162, -0.25241103768348694, -0.14724893867969513, 0.9310407638549805]] left_gripper=1.0089434385299683 right_gripper=0.9310407638549805
update step=34 qpos=[0.017102055251598358, -0.02977432683110237, -0.01321023516356945, 0.016481824219226837, -0.003656175220385194, -0.012697277590632439, 1.0, -0.17735473811626434, 1.7528960704803467, 1.3702194690704346, -0.7614102363586426, -0.2519354224205017, -0.14697685837745667, 0.9310407638549805]
pred step=34 action=[[0.016492079943418503, -0.027580738067626953, -0.009813249111175537, 0.01771143078804016, -0.0018940716981887817, -0.01137295737862587, 1.008148431777954, -0.18194693326950073, 1.7824535369873047, 1.3949100971221924, -0.7741010189056396, -0.2545616030693054, -0.15162920951843262, 0.9095765948295593]] left_gripper=1.008148431777954 right_gripper=0.9095765948295593
update step=35 qpos=[0.016560107469558716, -0.02784143015742302, -0.010214211419224739, 0.017561083659529686, -0.0021154272835701704, -0.011541645973920822, 1.0, -0.18143144249916077, 1.7789093255996704, 1.392095685005188, -0.772346556186676, -0.2542218565940857, -0.1510346382856369, 0.9095765948295593]
pred step=35 action=[[0.01897335797548294, -0.03375154733657837, -0.010436564683914185, 0.014004230499267578, -0.0028683170676231384, -0.010950151830911636, 1.010453701019287, -0.1828772872686386, 1.7880678176879883, 1.4077883958816528, -0.7766047120094299, -0.2635820806026459, -0.1598173975944519, 0.8857253193855286]] left_gripper=1.010453701019287 right_gripper=0.8857253193855286
update step=36 qpos=[0.018691174685955048, -0.03304213285446167, -0.01043338980525732, 0.014453932642936707, -0.0027778272051364183, -0.01102577243000269, 1.0, -0.18266460299491882, 1.7868660688400269, 1.4060556888580322, -0.7759765386581421, -0.26240074634552, -0.15869806706905365, 0.8857253193855286]
pred step=36 action=[[0.01683507114648819, -0.024988234043121338, -0.009499222040176392, 0.01568266749382019, -0.0029250383377075195, -0.010105013847351074, 1.0103437900543213, -0.18580663204193115, 1.8175852298736572, 1.4216078519821167, -0.7876670360565186, -0.26419979333877563, -0.16119731962680817, 0.8715171813964844]] left_gripper=1.0103437900543213 right_gripper=0.8715171813964844
update step=37 qpos=[0.017053890973329544, -0.025936996564269066, -0.009628789499402046, 0.015516899526119232, -0.002902720123529434, -0.010222209617495537, 1.0, -0.18546831607818604, 1.814002275466919, 1.4197962284088135, -0.7860814929008484, -0.26396334171295166, -0.1608775109052658, 0.8715171813964844]
pred step=37 action=[[0.01825626939535141, -0.027157187461853027, -0.006562232971191406, 0.014796793460845947, -0.0011809617280960083, -0.0098436139523983, 1.009484052658081, -0.1838931292295456, 1.8111107349395752, 1.4257172346115112, -0.7878609299659729, -0.26528483629226685, -0.1635144203901291, 0.8444393277168274]] left_gripper=1.009484052658081 right_gripper=0.8444393277168274
update step=38 qpos=[0.018111079931259155, -0.027029111981391907, -0.006875665858387947, 0.014909671619534492, -0.0014009012375026941, -0.00989183783531189, 1.0, -0.18402056396007538, 1.8112117052078247, 1.4251842498779297, -0.7875916957855225, -0.26512962579727173, -0.16317936778068542, 0.8444393277168274]
pred step=38 action=[[0.017557624727487564, -0.026844263076782227, -0.004325062036514282, 0.014203578233718872, 0.00023727118968963623, -0.009758193045854568, 1.0052310228347778, -0.18288953602313995, 1.8268694877624512, 1.4356610774993896, -0.7977413535118103, -0.26533809304237366, -0.1588258594274521, 0.8311362266540527]] left_gripper=1.0052310228347778 right_gripper=0.8311362266540527
update step=39 qpos=[0.017619432881474495, -0.026866959407925606, -0.004625244997441769, 0.014299122616648674, 3.142951391055249e-05, -0.009775055572390556, 1.0, -0.1830253005027771, 1.825130820274353, 1.4343515634536743, -0.7964119911193848, -0.2653091549873352, -0.1593804508447647, 0.8311362266540527]
pred step=39 action=[[0.01848154515028, -0.024664580821990967, -0.007098019123077393, 0.012823224067687988, -0.0017592385411262512, -0.008505411446094513, 1.0089495182037354, -0.18544988334178925, 1.8358666896820068, 1.4408293962478638, -0.8010073900222778, -0.2721434235572815, -0.16519849002361298, 0.8197554349899292]] left_gripper=1.0089495182037354 right_gripper=0.8197554349899292
update step=40 qpos=[0.018383778631687164, -0.02490115724503994, -0.006871640682220459, 0.01298523973673582, -0.0015343852574005723, -0.0086674764752388, 1.0, -0.18519389629364014, 1.8344706296920776, 1.440163254737854, -0.8003716468811035, -0.27127397060394287, -0.16445592045783997, 0.8197554349899292]
pred step=40 action=[[0.018495384603738785, -0.022709369659423828, -0.007006615400314331, 0.013732880353927612, -1.936405897140503e-05, -0.007651198655366898, 1.0078855752944946, -0.18485790491104126, 1.8492319583892822, 1.4575403928756714, -0.80660080909729, -0.27814942598342896, -0.16946366429328918, 0.7739379405975342]] left_gripper=1.0078855752944946 right_gripper=0.7739379405975342
update step=41 qpos=[0.01847922056913376, -0.022976761683821678, -0.006968728266656399, 0.013641931116580963, -0.00021108254441060126, -0.007780620362609625, 1.0, -0.18486027419567108, 1.8474464416503906, 1.4555498361587524, -0.8057186603546143, -0.2772819697856903, -0.16882552206516266, 0.7739379405975342]
pred step=41 action=[[0.01722891628742218, -0.0198744535446167, -0.007367610931396484, 0.01071709394454956, 0.0002185031771659851, -0.005608182400465012, 1.0045950412750244, -0.18199901282787323, 1.8696489334106445, 1.474990725517273, -0.8222718238830566, -0.2793406844139099, -0.16806568205356598, 0.7364323139190674]] left_gripper=1.0045950412750244 right_gripper=0.7364323139190674
update step=42 qpos=[0.017374670132994652, -0.020230626687407494, -0.007351242005825043, 0.011077126488089561, 0.00016706412134226412, -0.005884956102818251, 1.0, -0.18230313062667847, 1.8669769763946533, 1.472719430923462, -0.8200773000717163, -0.27908530831336975, -0.16816259920597076, 0.7364323139190674]
pred step=42 action=[[0.016907550394535065, -0.01788097620010376, -0.005851536989212036, 0.009379029273986816, -0.0005612000823020935, -0.004853773862123489, 1.007368803024292, -0.1824648380279541, 1.8564536571502686, 1.4643032550811768, -0.8120583295822144, -0.2782948613166809, -0.17306305468082428, 0.723085880279541]] left_gripper=1.007368803024292 right_gripper=0.723085880279541
update step=43 qpos=[0.016963576897978783, -0.018164992332458496, -0.006012681871652603, 0.009600726887583733, -0.0004680337733589113, -0.004985134582966566, 1.0, -0.1824801117181778, 1.8575878143310547, 1.4653854370117188, -0.8131005764007568, -0.27839475870132446, -0.17243839800357819, 0.723085880279541]
pred step=43 action=[[0.018141228705644608, -0.018153369426727295, -0.010034114122390747, 0.00921398401260376, -0.0008781477808952332, -0.005376111716032028, 1.0071849822998047, -0.1855529248714447, 1.8763291835784912, 1.4786276817321777, -0.8262525200843811, -0.2855927050113678, -0.175777867436409, 0.709733784198761]] left_gripper=1.0071849822998047 right_gripper=0.709733784198761
update step=44 qpos=[0.01800381764769554, -0.018134430050849915, -0.009612048976123333, 0.009239253588020802, -0.0008287701057270169, -0.005326359067112207, 1.0, -0.18521778285503387, 1.8741731643676758, 1.4770152568817139, -0.8245250582695007, -0.2846728563308716, -0.17535100877285004, 0.7097337841987611]
pred step=44 action=[[0.01736997812986374, -0.015516400337219238, -0.009146630764007568, 0.01193132996559143, -0.0001362934708595276, -0.0049222782254219055, 1.0077979564666748, -0.18515753746032715, 1.8881840705871582, 1.491039752960205, -0.8362274169921875, -0.29010650515556335, -0.1778634786605835, 0.6730553507804871]] left_gripper=1.0077979564666748 right_gripper=0.6730553507804871
update step=45 qpos=[0.017443114891648293, -0.01584249548614025, -0.00915851816534996, 0.011600217781960964, -0.00022253267525229603, -0.004973709117621183, 1.0, -0.18512368202209473, 1.8863775730133057, 1.4894689321517944, -0.8346685767173767, -0.28942450881004333, -0.17754331231117249, 0.6730553507804871]
pred step=45 action=[[0.01737106218934059, -0.016654610633850098, -0.008234947919845581, 0.013968288898468018, 8.407235145568848e-05, -0.004111673682928085, 1.007469892501831, -0.1845637559890747, 1.8915355205535889, 1.4930275678634644, -0.8423876762390137, -0.2932431697845459, -0.1783304214477539, 0.6523538827896118]] left_gripper=1.007469892501831 right_gripper=0.6523538827896118
update step=46 qpos=[0.017378609627485275, -0.016567321494221687, -0.008317955769598484, 0.013677318580448627, 4.5646131184184924e-05, -0.004221529699862003, 1.0, -0.18461918830871582, 1.8908650875091553, 1.4926187992095947, -0.8413953185081482, -0.2927619218826294, -0.1782301515340805, 0.6523538827896118]
pred step=46 action=[[0.017728623002767563, -0.015130221843719482, -0.010015249252319336, 0.012235790491104126, -0.0009957626461982727, -0.0032148808240890503, 1.0083580017089844, -0.18404477834701538, 1.8914268016815186, 1.4933784008026123, -0.8479484915733337, -0.29517650604248047, -0.1799318939447403, 0.6351714730262756]] left_gripper=1.0083580017089844 right_gripper=0.6351714730262756
update step=47 qpos=[0.017689604312181473, -0.01528224442154169, -0.009864967316389084, 0.012400289997458458, -0.0008647107752040029, -0.003343281801789999, 1.0, -0.18410956859588623, 1.8913109302520752, 1.4932830333709717, -0.8471235036849976, -0.2948727309703827, -0.17971482872962952, 0.6351714730262756]
pred step=47 action=[[0.018306437879800797, -0.015062570571899414, -0.011412829160690308, 0.012089401483535767, -0.000571809709072113, -0.0030373111367225647, 1.0091822147369385, -0.18522047996520996, 1.8923044204711914, 1.4931977987289429, -0.8482692837715149, -0.2989185154438019, -0.18282805383205414, 0.6203661561012268]] left_gripper=1.0091822147369385 right_gripper=0.6203661561012268
update step=48 qpos=[0.018233435228466988, -0.015087607316672802, -0.01123166922479868, 0.01212476659566164, -0.0006101117469370365, -0.0030763146933168173, 1.0, -0.18510746955871582, 1.8921784162521362, 1.493208408355713, -0.8481245040893555, -0.29840341210365295, -0.18243086338043213, 0.6203661561012268]
pred step=48 action=[[0.01762932538986206, -0.013914227485656738, -0.010660946369171143, 0.014330536127090454, -0.000580325722694397, -0.003020714968442917, 1.0084385871887207, -0.18202292919158936, 1.8974788188934326, 1.496506690979004, -0.8510396480560303, -0.3001714050769806, -0.18105413019657135, 0.6015965938568115]] left_gripper=1.0084385871887207 right_gripper=0.6015965938568115
update step=49 qpos=[0.01770026981830597, -0.014063782058656216, -0.010699574835598469, 0.01405854057520628, -0.0005828479770570993, -0.003027726197615266, 1.0, -0.18233104050159454, 1.896833896636963, 1.4961283206939697, -0.8506509065628052, -0.2999545633792877, -0.18123039603233337, 0.6015965938568115]
pred step=49 action=[[0.01833947002887726, -0.013381540775299072, -0.01163533329963684, 0.014014482498168945, -0.0007403865456581116, -0.0020210184156894684, 1.0096689462661743, -0.18477638065814972, 1.8984465599060059, 1.4984588623046875, -0.854091227054596, -0.3019821345806122, -0.1855832189321518, 0.5919908285140991]] left_gripper=1.0096689462661743 right_gripper=0.5919908285140991
update step=50 qpos=[0.018264543265104294, -0.013454427011311054, -0.011545820161700249, 0.014011717401444912, -0.0007216304657049477, -0.0021494387183338404, 1.0, -0.18455758690834045, 1.898215413093567, 1.49819815158844, -0.853644609451294, -0.30171841382980347, -0.18502715229988098, 0.5919908285140991]
pred step=50 action=[[0.008504897356033325, -0.03439372777938843, -0.027080237865447998, 0.014277666807174683, 0.0027474984526634216, 0.004108443856239319, 1.0041228532791138, -0.2352408617734909, 2.1585404872894287, 1.6919080018997192, -0.9059820771217346, -0.326375812292099, -0.17896592617034912, 0.5778604745864868]] left_gripper=1.0041228532791138 right_gripper=0.5778604745864868
update step=51 qpos=[0.009642520919442177, -0.03187619522213936, -0.02533569559454918, 0.014200135134160519, 0.002329534152522683, 0.003311839420348406, 1.0, -0.2292952686548233, 2.0720291137695312, 1.6682158708572388, -0.8985966444015503, -0.3232775032520294, -0.17973576486110687, 0.5778604745864869]
pred step=51 action=[[0.008483242243528366, -0.03466600179672241, -0.026598691940307617, 0.014656275510787964, 0.0027184560894966125, 0.003787621855735779, 1.0039595365524292, -0.23529024422168732, 2.1538245677948, 1.685923457145691, -0.9051872491836548, -0.327772855758667, -0.17989632487297058, 0.5777827501296997]] left_gripper=1.0039595365524292 right_gripper=0.5777827501296997
update step=52 qpos=[0.008616617880761623, -0.03436203673481941, -0.0263862032443285, 0.014615809544920921, 0.0026721972972154617, 0.003727423958480358, 1.0, -0.23380263149738312, 2.1428563594818115, 1.6848033666610718, -0.9039960503578186, -0.32727861404418945, -0.17988133430480957, 0.5777827501296997]
pred step=52 action=[[0.008350428193807602, -0.03445303440093994, -0.025728583335876465, 0.0155143141746521, 0.002596057951450348, 0.0034966543316841125, 1.0038362741470337, -0.23395012319087982, 2.152595043182373, 1.683083415031433, -0.9047640562057495, -0.3286568820476532, -0.17967361211776733, 0.5696275234222412]] left_gripper=1.0038362741470337 right_gripper=0.5696275234222412
update step=53 qpos=[0.008381666615605354, -0.03444840759038925, -0.025790899991989136, 0.015405991114675999, 0.0026062375400215387, 0.0035261218436062336, 1.0, -0.23387759923934937, 2.1509323120117188, 1.683607578277588, -0.9046103358268738, -0.32849645614624023, -0.1797012984752655, 0.5696275234222413]
pred step=53 action=[[0.006468605250120163, -0.033959150314331055, -0.02662724256515503, 0.016066402196884155, 0.003021635115146637, 0.004013165831565857, 1.0035851001739502, -0.23500868678092957, 2.1568644046783447, 1.6790761947631836, -0.9032887816429138, -0.33008745312690735, -0.18170297145843506, 0.5498343706130981]] left_gripper=1.0035851001739502 right_gripper=0.5498343706130981
update step=54 qpos=[0.006692331284284592, -0.03401152417063713, -0.02654394693672657, 0.015975933521986008, 0.002973044291138649, 0.003951272461563349, 1.0, -0.23488619923591614, 2.1560769081115723, 1.6796774864196777, -0.9034518003463745, -0.32988542318344116, -0.18144762516021729, 0.5498343706130981]
pred step=54 action=[[0.006291791796684265, -0.034463465213775635, -0.025438129901885986, 0.015513896942138672, 0.002883926033973694, 0.0029603466391563416, 1.0036253929138184, -0.23128168284893036, 2.1490330696105957, 1.6748199462890625, -0.9019672870635986, -0.3318515717983246, -0.1813223510980606, 0.5469523072242737]] left_gripper=1.0036253929138184 right_gripper=0.5469523072242737
update step=55 qpos=[0.006338780280202627, -0.03441663831472397, -0.025550149381160736, 0.0155806764960289, 0.0028959547635167837, 0.0030867436435073614, 1.0, -0.23165090382099152, 2.1498429775238037, 1.6754049062728882, -0.9021825194358826, -0.33160966634750366, -0.18133926391601562, 0.5469523072242737]
pred step=55 action=[[0.004723053425550461, -0.03473484516143799, -0.02720355987548828, 0.016006648540496826, 0.0033202990889549255, 0.0036855414509773254, 1.0030713081359863, -0.23165984451770782, 2.1466851234436035, 1.6656893491744995, -0.8991974592208862, -0.3332909345626831, -0.18405163288116455, 0.5303261280059814]] left_gripper=1.0030713081359863 right_gripper=0.5303261280059814
update step=56 qpos=[0.004911802243441343, -0.03468800336122513, -0.02703302726149559, 0.015942126512527466, 0.0032699950970709324, 0.0036093343514949083, 1.0, -0.23172548413276672, 2.1470725536346436, 1.6668341159820557, -0.8996145725250244, -0.33307257294654846, -0.18370532989501953, 0.5303261280059816]
pred step=56 action=[[0.003773026168346405, -0.03422975540161133, -0.02312546968460083, 0.016192615032196045, 0.0037425681948661804, 0.002067767083644867, 1.0028306245803833, -0.23129130899906158, 2.145444869995117, 1.666993498802185, -0.9025701880455017, -0.33579111099243164, -0.18607574701309204, 0.5019824504852295]] left_gripper=1.0028306245803833 right_gripper=0.5019824504852295
update step=57 qpos=[0.0039056395180523396, -0.03430568054318428, -0.02352883666753769, 0.01618541032075882, 0.003685030620545149, 0.0022644787095487118, 1.0, -0.23133395612239838, 2.145616292953491, 1.6669667959213257, -0.902202844619751, -0.3354484736919403, -0.18577362596988678, 0.5019824504852295]
pred step=57 action=[[0.0035075508058071136, -0.033198654651641846, -0.022529900074005127, 0.01586058735847473, 0.004842683672904968, 0.002391323447227478, 1.0025749206542969, -0.22693081200122833, 2.139336347579956, 1.6642131805419922, -0.9027842879295349, -0.33476871252059937, -0.1848558783531189, 0.481868714094162]] left_gripper=1.0025749206542969 right_gripper=0.481868714094162
update step=58 qpos=[0.0035517672076821327, -0.03332138806581497, -0.022671466693282127, 0.015896623954176903, 0.004697231575846672, 0.0023751866538077593, 1.0, -0.22741761803627014, 2.1401355266571045, 1.6644916534423828, -0.9027397632598877, -0.3348594009876251, -0.18497347831726074, 0.48186871409416204]
pred step=58 action=[[0.0033364780247211456, -0.03397095203399658, -0.018968254327774048, 0.01507633924484253, 0.004733532667160034, 0.00228128582239151, 1.0037683248519897, -0.22948771715164185, 2.13277268409729, 1.6603690385818481, -0.8984410762786865, -0.33886584639549255, -0.1893981546163559, 0.4657265543937683]] left_gripper=1.0037683248519897 right_gripper=0.4657265543937683
update step=59 qpos=[0.003361556213349104, -0.03390812501311302, -0.01936684176325798, 0.015200153924524784, 0.004729459062218666, 0.0022932887077331543, 1.0, -0.229336217045784, 2.133729934692383, 1.6608179807662964, -0.8990136384963989, -0.3383484482765198, -0.18883316218852997, 0.4657265543937683]
pred step=59 action=[[0.0025870464742183685, -0.03374379873275757, -0.019108563661575317, 0.01611274480819702, 0.0055274441838264465, 0.002550702542066574, 1.0028620958328247, -0.22621484100818634, 2.1301591396331787, 1.6542308330535889, -0.8989025354385376, -0.3370400071144104, -0.189273402094841, 0.4553780257701874]] left_gripper=1.0028620958328247 right_gripper=0.4553780257701874
update step=60 qpos=[0.0026763356290757656, -0.03375609219074249, -0.019158953800797462, 0.015991536900401115, 0.005428176373243332, 0.002518004272133112, 1.0, -0.22651615738868713, 2.1306028366088867, 1.6549843549728394, -0.8989515900611877, -0.33721283078193665, -0.18921801447868347, 0.4553780257701873]
pred step=60 action=[[0.002762656658887863, -0.0331844687461853, -0.015350908041000366, 0.014594674110412598, 0.005192309617996216, 0.0018384940922260284, 1.003333330154419, -0.22617805004119873, 2.124406099319458, 1.6528269052505493, -0.898840069770813, -0.34272441267967224, -0.19383111596107483, 0.4155306816101074]] left_gripper=1.003333330154419 right_gripper=0.4155306816101074
update step=61 qpos=[0.002752927364781499, -0.03326422721147537, -0.015768850222229958, 0.014789227396249771, 0.005221935920417309, 0.0019251174526289105, 1.0, -0.2262635976076126, 2.1251683235168457, 1.6530555486679077, -0.8988765478134155, -0.34202250838279724, -0.193242609500885, 0.4155306816101074]
pred step=61 action=[[0.0021755360066890717, -0.034507811069488525, -0.015930205583572388, 0.016411006450653076, 0.005060441792011261, 0.0015926174819469452, 1.0028066635131836, -0.22371463477611542, 2.1202499866485596, 1.6487555503845215, -0.9008013010025024, -0.3458886444568634, -0.19380804896354675, 0.3947463631629944]] left_gripper=1.0028066635131836 right_gripper=0.3947463631629944
update step=62 qpos=[0.0022437497973442078, -0.034355971962213516, -0.0159223061054945, 0.01620216853916645, 0.0050819553434848785, 0.0016350215300917625, 1.0, -0.22399264574050903, 2.1208817958831787, 1.6492102146148682, -0.9005933403968811, -0.3454013466835022, -0.1937364786863327, 0.3947463631629944]
pred step=62 action=[[0.0014646314084529877, -0.03327786922454834, -0.01185673475265503, 0.015304803848266602, 0.005978979170322418, 0.0016634538769721985, 1.0022732019424438, -0.22725066542625427, 2.1119465827941895, 1.6441110372543335, -0.900324285030365, -0.3473345637321472, -0.1985812485218048, 0.35411226749420166]] left_gripper=1.0022732019424438 right_gripper=0.35411226749420166
update step=63 qpos=[0.0015541885513812304, -0.03341872617602348, -0.01230303943157196, 0.015436692163348198, 0.005867176689207554, 0.0016599425580352545, 1.0, -0.22694917023181915, 2.1130542755126953, 1.6446679830551147, -0.900398850440979, -0.3470816910266876, -0.19796258211135864, 0.35411226749420166]
pred step=63 action=[[0.002120569348335266, -0.03251773118972778, -0.011208415031433105, 0.015718042850494385, 0.005533322691917419, 0.0020046979188919067, 1.0023318529129028, -0.221398264169693, 2.115950107574463, 1.6490898132324219, -0.9041694402694702, -0.3485000431537628, -0.19811606407165527, 0.32744210958480835]] left_gripper=1.0023318529129028 right_gripper=0.32744210958480835
update step=64 qpos=[0.002054586075246334, -0.032618891447782516, -0.011352527886629105, 0.015679754316806793, 0.005574492737650871, 0.001960671041160822, 1.0, -0.22193805873394012, 2.1156468391418457, 1.6485286951065063, -0.9036807417869568, -0.3483313024044037, -0.1980976015329361, 0.32744210958480835]
pred step=64 action=[[0.0004448331892490387, -0.03186589479446411, -0.00351792573928833, 0.014979451894760132, 0.005594119429588318, 0.0014767087996006012, 1.0013747215270996, -0.2210843861103058, 2.0940253734588623, 1.634892225265503, -0.905593991279602, -0.35881590843200684, -0.20336495339870453, 0.27367186546325684]] left_gripper=1.0013747215270996 right_gripper=0.27367186546325684
update step=65 qpos=[0.0006339740357361734, -0.03198527544736862, -0.004361873492598534, 0.015108081512153149, 0.005594789516180754, 0.0015385798178613186, 1.0, -0.22125914692878723, 2.0966439247131348, 1.6364182233810425, -0.9054548144340515, -0.3574826717376709, -0.20269297063350677, 0.27367186546325684]
pred step=65 action=[[0.00023655593395233154, -0.03065890073776245, -0.0006354451179504395, 0.015317171812057495, 0.006189592182636261, 0.0012863650918006897, 1.0019915103912354, -0.21906356513500214, 2.0899484157562256, 1.6302456855773926, -0.908649742603302, -0.361164927482605, -0.20403985679149628, 0.2284020185470581]] left_gripper=1.0019915103912354 right_gripper=0.2284020185470581
update step=66 qpos=[0.0002818765351548791, -0.030810421332716942, -0.0010906814131885767, 0.015293503180146217, 0.0061152055859565735, 0.0013185694115236402, 1.0, -0.2193174958229065, 2.090860605239868, 1.6308631896972656, -0.9083012938499451, -0.36069828271865845, -0.2038683295249939, 0.2284020185470581]
pred step=66 action=[[0.0032660141587257385, -0.03260993957519531, -3.3676624298095703e-06, 0.013992786407470703, 0.005549706518650055, 0.0017495229840278625, 1.0004425048828125, -0.21721294522285461, 2.0844292640686035, 1.638582468032837, -0.9073113799095154, -0.3630111515522003, -0.20893673598766327, 0.2205706238746643]] left_gripper=1.0004425048828125 right_gripper=0.2205706238746643
update step=67 qpos=[0.002916439203545451, -0.03239177167415619, -0.00014458941586781293, 0.014158283360302448, 0.005615299101918936, 0.0016942578367888927, 1.0, -0.21747620403766632, 2.0852925777435303, 1.637618899345398, -0.9074227809906006, -0.3627168536186218, -0.2082901895046234, 0.2205706238746643]
pred step=67 action=[[0.0004932135343551636, -0.025410771369934082, 0.0041481852531433105, 0.01403316855430603, 0.006902158260345459, 0.0023544952273368835, 1.0014609098434448, -0.21354152262210846, 2.078850269317627, 1.629347324371338, -0.9160678386688232, -0.3689936697483063, -0.20780423283576965, 0.1567041277885437]] left_gripper=1.0014609098434448 right_gripper=0.1567041277885437
update step=68 qpos=[0.0007758816354908049, -0.02624322660267353, 0.0036540436558425426, 0.014056905172765255, 0.006744293496012688, 0.0022706342861056328, 1.0, -0.2139824628829956, 2.079686403274536, 1.63020920753479, -0.9150435328483582, -0.3682008981704712, -0.20786666870117188, 0.1567041277885437]
pred step=68 action=[[0.0014259964227676392, -0.026868700981140137, 0.005576431751251221, 0.015114843845367432, 0.005937658250331879, 0.002549532800912857, 1.0010778903961182, -0.20998577773571014, 2.058267593383789, 1.6173250675201416, -0.9175934791564941, -0.37546592950820923, -0.2140074372291565, 0.11437457799911499]] left_gripper=1.0010778903961182 right_gripper=0.11437457799911499
update step=69 qpos=[0.0013507668627426028, -0.026799887418746948, 0.005367541220039129, 0.014990019612014294, 0.006038491614162922, 0.002513902261853218, 1.0, -0.21046683192253113, 2.060838460922241, 1.6187677383422852, -0.9173720479011536, -0.37455108761787415, -0.2132250964641571, 0.11437457799911499]
pred step=69 action=[[0.0006196200847625732, -0.026573896408081055, 0.007195800542831421, 0.015620172023773193, 0.007077015936374664, 0.002262711524963379, 1.0004833936691284, -0.20555536448955536, 2.047325849533081, 1.613211750984192, -0.9215918779373169, -0.3794752061367035, -0.21020926535129547, 0.095458984375]] left_gripper=1.0004833936691284 right_gripper=0.095458984375
update step=70 qpos=[0.0007035746821202338, -0.02660316601395607, 0.006986257620155811, 0.015545795671641827, 0.006947113201022148, 0.0022948815021663904, 1.0, -0.20613673329353333, 2.0490903854370117, 1.6137129068374634, -0.921130359172821, -0.3788522779941559, -0.21059440076351166, 0.095458984375]
pred step=70 action=[[0.0007077120244503021, -0.022403180599212646, 0.00786694884300232, 0.015857428312301636, 0.006204754114151001, 0.003050845116376877, 1.0033917427062988, -0.20358362793922424, 2.051210641860962, 1.6073455810546875, -0.9229825139045715, -0.380535364151001, -0.21289490163326263, 0.06743752956390381]] left_gripper=1.0033917427062988 right_gripper=0.06743752956390381
update step=71 qpos=[0.0007086386322043836, -0.022893201559782028, 0.007743301335722208, 0.0158111322671175, 0.006298728287220001, 0.0029544008430093527, 1.0, -0.2039337456226349, 2.0509822368621826, 1.6080694198608398, -0.9227745532989502, -0.38031888008117676, -0.2126009613275528, 0.06743752956390381]
pred step=71 action=[[0.003121640533208847, -0.021349847316741943, 0.009714782238006592, 0.015408843755722046, 0.006485700607299805, 0.00397874042391777, 1.0026911497116089, -0.1982283592224121, 2.028902530670166, 1.6002583503723145, -0.9348902106285095, -0.3912660479545593, -0.21774105727672577, 0.02107369899749756]] left_gripper=1.0026911497116089 right_gripper=0.02107369899749756
update step=72 qpos=[0.002837661188095808, -0.02153880149126053, 0.009500554762780666, 0.01546836830675602, 0.006457307375967503, 0.0038479692302644253, 1.0, -0.19883686304092407, 2.031467914581299, 1.6011018753051758, -0.9334508180618286, -0.38989365100860596, -0.2170863300561905, 0.021073698997497572]
pred step=72 action=[[0.005120918154716492, -0.02036803960800171, 0.011586904525756836, 0.0150127112865448, 0.006296619772911072, 0.004762835800647736, 1.0033637285232544, -0.186635360121727, 2.0045344829559326, 1.5902734994888306, -0.9450410604476929, -0.4009205400943756, -0.21956048905849457, -0.0010219812393188477]] left_gripper=1.0033637285232544 right_gripper=-0.0010219812393188477
update step=73 qpos=[0.004853300284594297, -0.020509231835603714, 0.011348078027367592, 0.015076451934874058, 0.00631242198869586, 0.004646023735404015, 1.0, -0.18797314167022705, 2.007931709289551, 1.5913041830062866, -0.9437122941017151, -0.39953893423080444, -0.21924607455730438, 0.0]
pred step=73 action=[[0.004867721349000931, -0.01833665370941162, 0.014601141214370728, 0.012975454330444336, 0.007480494678020477, 0.005675911903381348, 1.0020800828933716, -0.1831468790769577, 1.978865385055542, 1.583054542541504, -0.9573279619216919, -0.40713533759117126, -0.22005341947078705, -0.012789666652679443]] left_gripper=1.0020800828933716 right_gripper=-0.012789666652679443
update step=74 qpos=[0.00486394576728344, -0.018596135079860687, 0.014222745783627033, 0.013249730691313744, 0.007332881912589073, 0.005544718354940414, 1.0, -0.183822363615036, 1.9825010299682617, 1.5837783813476562, -0.9557368755340576, -0.4061673879623413, -0.21994969248771667, 0.0]
pred step=74 action=[[0.005831066519021988, -0.015100359916687012, 0.015837013721466064, 0.013073772192001343, 0.007494114339351654, 0.006465591490268707, 1.002034306526184, -0.16938534379005432, 1.9637877941131592, 1.582385540008545, -0.9751272201538086, -0.416390985250473, -0.21749477088451385, -0.03410136699676514]] left_gripper=1.002034306526184 right_gripper=-0.03410136699676514
update step=75 qpos=[0.005717068444937468, -0.015509908087551594, 0.015636108815670013, 0.013094073161482811, 0.007471977733075619, 0.006348154973238707, 1.0, -0.17092357575893402, 1.9662209749221802, 1.5822714567184448, -0.9727749824523926, -0.41511696577072144, -0.21780918538570404, 0.0]
pred step=75 action=[[0.006478067487478256, -0.017293453216552734, 0.018889039754867554, 0.010861098766326904, 0.00783807784318924, 0.007285900413990021, 1.001981258392334, -0.16181953251361847, 1.947655200958252, 1.581001877784729, -0.982456386089325, -0.4231405258178711, -0.21508868038654327, -0.0372200608253479]] left_gripper=1.001981258392334 right_gripper=-0.0372200608253479
update step=76 qpos=[0.0063878693617880344, -0.017093371599912643, 0.018535438925027847, 0.01116200815886259, 0.007790395524352789, 0.0071663400158286095, 1.0, -0.16295017302036285, 1.950015664100647, 1.5809712409973145, -0.9813048839569092, -0.4221242070198059, -0.21543551981449127, 0.0]
pred step=76 action=[[0.00645190104842186, -0.01775282621383667, 0.015838801860809326, 0.012793421745300293, 0.006897911429405212, 0.007090546190738678, 1.0021722316741943, -0.15225417912006378, 1.9351558685302734, 1.5810104608535767, -0.9981034398078918, -0.43041515350341797, -0.21562404930591583, -0.04371631145477295]] left_gripper=1.0021722316741943 right_gripper=-0.04371631145477295
update step=77 qpos=[0.006446385756134987, -0.01765810139477253, 0.016112886369228363, 0.012567947618663311, 0.007010572589933872, 0.007100197020918131, 1.0, -0.1534600853919983, 1.937074899673462, 1.5807865858078003, -0.996054470539093, -0.42937543988227844, -0.2156001478433609, 0.0]
pred step=77 action=[[0.006226919591426849, -0.01475745439529419, 0.020655930042266846, 0.010275155305862427, 0.007502235472202301, 0.008075281977653503, 1.0025267601013184, -0.13886365294456482, 1.9137232303619385, 1.5760564804077148, -1.0106159448623657, -0.43626874685287476, -0.20959514379501343, -0.05390900373458862]] left_gripper=1.0025267601013184 right_gripper=-0.05390900373458862
update step=78 qpos=[0.006251614075154066, -0.015117927454411983, 0.02016354165971279, 0.010587087832391262, 0.007440580055117607, 0.00795100349932909, 1.0, -0.14048196375370026, 1.9166030883789062, 1.5764234066009521, -1.008877158164978, -0.43541479110717773, -0.21036240458488464, 0.0]
pred step=78 action=[[0.005661226809024811, -0.014210820198059082, 0.0214291512966156, 0.010088115930557251, 0.006981350481510162, 0.0070960745215415955, 1.0041683912277222, -0.12762345373630524, 1.8942604064941406, 1.5694808959960938, -1.0225498676300049, -0.44211554527282715, -0.20977160334587097, -0.05517780780792236]] left_gripper=1.0041683912277222 right_gripper=-0.05517780780792236
update step=79 qpos=[0.005731647368520498, -0.014312636107206345, 0.021266421303153038, 0.010149764828383923, 0.007040499709546566, 0.007205144036561251, 1.0, -0.129102885723114, 1.897082805633545, 1.5700701475143433, -1.0209341049194336, -0.44127652049064636, -0.20984703302383423, 0.0]
pred step=79 action=[[0.00555294007062912, -0.010656476020812988, 0.024742811918258667, 0.009117186069488525, 0.007694214582443237, 0.008478961884975433, 1.0043617486953735, -0.11134721338748932, 1.87479567527771, 1.5621029138565063, -1.031761646270752, -0.44723397493362427, -0.2004026472568512, -0.06129366159439087]] left_gripper=1.0043617486953735 right_gripper=-0.06129366159439087
update step=80 qpos=[0.005572428461164236, -0.011094597168266773, 0.024346787482500076, 0.009257521480321884, 0.007612065877765417, 0.008316567167639732, 1.0, -0.11329689621925354, 1.8775733709335327, 1.562853455543518, -1.0305018424987793, -0.4465024471282959, -0.20160917937755585, 0.0]
pred step=80 action=[[0.005946852266788483, -0.015988171100616455, 0.024919182062149048, 0.009373486042022705, 0.0067012980580329895, 0.008559778332710266, 1.0030864477157593, -0.08273273706436157, 1.8466107845306396, 1.5669699907302856, -1.05107581615448, -0.45833656191825867, -0.19168847799301147, -0.06044447422027588]] left_gripper=1.0030864477157593 right_gripper=-0.06044447422027588
update step=81 qpos=[0.0059045180678367615, -0.015413525514304638, 0.02486538514494896, 0.00936731044203043, 0.006815761793404818, 0.008528746664524078, 1.0, -0.0860062688589096, 1.8504244089126587, 1.5662707090377808, -1.0485608577728271, -0.4568897783756256, -0.19295734167099, 0.0]
pred step=81 action=[[0.004560697823762894, -0.012197494506835938, 0.0234890878200531, 0.009612202644348145, 0.005672834813594818, 0.007460944354534149, 1.0056041479110718, -0.06980228424072266, 1.8274970054626465, 1.553256869316101, -1.0625319480895996, -0.46373018622398376, -0.19068804383277893, -0.06237590312957764]] left_gripper=1.0056041479110718 right_gripper=-0.06237590312957764
update step=82 qpos=[0.004721323028206825, -0.01256139948964119, 0.023605352267622948, 0.009562765248119831, 0.005819743033498526, 0.007597140036523342, 1.0, -0.07174940407276154, 1.8305271863937378, 1.5544668436050415, -1.0609126091003418, -0.4628627598285675, -0.19097645580768585, 0.0]
pred step=82 action=[[0.005394238978624344, -0.014641404151916504, 0.021183639764785767, 0.009784549474716187, 0.00567983090877533, 0.006857387721538544, 1.0061380863189697, -0.04620609059929848, 1.830536127090454, 1.5604532957077026, -1.073049545288086, -0.4676510989665985, -0.1776791512966156, -0.06718331575393677]] left_gripper=1.0061380863189697 right_gripper=-0.06718331575393677
update step=83 qpos=[0.005315289832651615, -0.014394303783774376, 0.021468888968229294, 0.009752266108989716, 0.0056960443034768105, 0.006951581686735153, 1.0, -0.048991553485393524, 1.830647349357605, 1.5596237182617188, -1.0715230703353882, -0.4670819640159607, -0.17937824130058289, 0.0]
pred step=83 action=[[0.005393091589212418, -0.01763838529586792, 0.02370038628578186, 0.008328348398208618, 0.00539088249206543, 0.007403910160064697, 1.0039695501327515, -0.035892561078071594, 1.8200950622558594, 1.5635285377502441, -1.0689830780029297, -0.4696560502052307, -0.1727975308895111, -0.061929941177368164]] left_gripper=1.0039695501327515 right_gripper=-0.061929941177368164
update step=84 qpos=[0.005384497810155153, -0.01727181486785412, 0.023481333628296852, 0.008529222570359707, 0.005429337732493877, 0.007346178870648146, 1.0, -0.03747601434588432, 1.8213768005371094, 1.5630664825439453, -1.0693042278289795, -0.469337522983551, -0.17363743484020233, 0.0]
pred step=84 action=[[0.004868507385253906, -0.01288527250289917, 0.026433467864990234, 0.006168961524963379, 0.005355536937713623, 0.007891468703746796, 1.0041533708572388, -0.007073953747749329, 1.797914743423462, 1.5576211214065552, -1.0833961963653564, -0.47170549631118774, -0.15690892934799194, -0.06339937448501587]] left_gripper=1.0041533708572388 right_gripper=-0.06339937448501587
update step=85 qpos=[0.004929388407617807, -0.013397978618741035, 0.02606547251343727, 0.006466911174356937, 0.005365911405533552, 0.007822005078196526, 1.0, -0.010275728069245815, 1.8008081912994385, 1.5580841302871704, -1.0817179679870605, -0.4714620113372803, -0.159046933054924, 0.0]
pred step=85 action=[[0.003339748829603195, -0.011898219585418701, 0.02512982487678528, 0.007755011320114136, 0.005717583000659943, 0.007751628756523132, 1.003565788269043, 0.013506176881492138, 1.7747914791107178, 1.546737551689148, -1.0915278196334839, -0.4799484312534332, -0.15129444003105164, -0.05725127458572388]] left_gripper=1.003565788269043 right_gripper=-0.05725127458572388
update step=86 qpos=[0.0035258058924227953, -0.012068850919604301, 0.025225237011909485, 0.007583634927868843, 0.0056762988679111, 0.0077607957646250725, 1.0, 0.01084885559976101, 1.7780228853225708, 1.5478811264038086, -1.0904147624969482, -0.47890010476112366, -0.1522846519947052, 0.0]
pred step=86 action=[[0.005095519125461578, -0.012616932392120361, 0.025558143854141235, 0.006193101406097412, 0.005543828010559082, 0.00889638066291809, 1.0042991638183594, 0.026208166033029556, 1.7705698013305664, 1.5497536659240723, -1.099560022354126, -0.478998601436615, -0.14159345626831055, -0.06038397550582886]] left_gripper=1.0042991638183594 right_gripper=-0.06038397550582886
update step=87 qpos=[0.00491090165451169, -0.012554237619042397, 0.025524737313389778, 0.006372738163918257, 0.005557638127356768, 0.008751443587243557, 1.0, 0.024431128054857254, 1.7716330289840698, 1.549361228942871, -1.0984410047531128, -0.4789968430995941, -0.14295753836631775, 0.0]
pred step=87 action=[[0.004387788474559784, -0.015529334545135498, 0.0218542218208313, 0.005854129791259766, 0.005500026047229767, 0.008812278509140015, 1.0029993057250977, 0.07060237228870392, 1.7639296054840088, 1.542956829071045, -1.0975522994995117, -0.48048773407936096, -0.11569438874721527, -0.056930720806121826]] left_gripper=1.0029993057250977 right_gripper=-0.056930720806121826
update step=88 qpos=[0.004449611529707909, -0.015163873322308064, 0.022251741960644722, 0.005903922487050295, 0.005508325528353453, 0.008804626762866974, 1.0, 0.06573696434497833, 1.7649530172348022, 1.5436636209487915, -1.0977081060409546, -0.48038598895072937, -0.1191798597574234, 0.0]
pred step=88 action=[[0.003923460841178894, -0.014322817325592041, 0.02188083529472351, 0.004920452833175659, 0.005791403353214264, 0.0075865238904953, 1.0022644996643066, 0.07815083861351013, 1.7671706676483154, 1.5479618310928345, -1.096632957458496, -0.4774363040924072, -0.110862597823143, -0.052939534187316895]] left_gripper=1.0022644996643066 right_gripper=-0.052939534187316895
update step=89 qpos=[0.00398476654663682, -0.01442587561905384, 0.021932020783424377, 0.005046152509748936, 0.0057565378956496716, 0.007741892710328102, 1.0, 0.07651488482952118, 1.7669644355773926, 1.5474470853805542, -1.096743106842041, -0.4778030812740326, -0.1119220107793808, 0.0]
pred step=89 action=[[0.0051159001886844635, -0.011462688446044922, 0.023079514503479004, 0.006274163722991943, 0.006502985954284668, 0.009630657732486725, 1.0033427476882935, 0.08859895169734955, 1.742471694946289, 1.530819058418274, -1.1109580993652344, -0.48634788393974304, -0.10762417316436768, -0.05463862419128418]] left_gripper=1.0033427476882935 right_gripper=-0.05463862419128418
update step=90 qpos=[0.004981180187314749, -0.01181919313967228, 0.022960461676120758, 0.006122975144535303, 0.006406629923731089, 0.009389732033014297, 1.0, 0.08730950206518173, 1.7452632188796997, 1.5326985120773315, -1.1093025207519531, -0.4852885901927948, -0.10817339271306992, 0.0]
pred step=90 action=[[0.0049438029527664185, -0.01316303014755249, 0.017623871564865112, 0.006305694580078125, 0.0064839571714401245, 0.007958315312862396, 1.0032786130905151, 0.11830444633960724, 1.7454643249511719, 1.529703140258789, -1.1113086938858032, -0.4816804528236389, -0.09047014266252518, -0.0528179407119751]] left_gripper=1.0032786130905151 right_gripper=-0.0528179407119751
update step=91 qpos=[0.004948435816913843, -0.012979947961866856, 0.01819227822124958, 0.006254296749830246, 0.006474116817116737, 0.008140917867422104, 1.0, 0.11499161273241043, 1.7456351518630981, 1.529929518699646, -1.111084222793579, -0.4821889400482178, -0.09273276478052139, 0.0]
pred step=91 action=[[0.005638979375362396, -0.014509856700897217, 0.017956078052520752, 0.004891455173492432, 0.006978064775466919, 0.008327320218086243, 1.0017400979995728, 0.1359788328409195, 1.7440917491912842, 1.5288172960281372, -1.1029695272445679, -0.4805089235305786, -0.07730640470981598, -0.049983322620391846]] left_gripper=1.0017400979995728 right_gripper=-0.049983322620391846
update step=92 qpos=[0.005556690040975809, -0.014341260306537151, 0.01801603101193905, 0.005074357148259878, 0.0069130281917750835, 0.008303452283143997, 1.0, 0.1335945874452591, 1.744249939918518, 1.5290173292160034, -1.1039857864379883, -0.48074811697006226, -0.07927665114402771, 0.0]
pred step=92 action=[[0.005893740803003311, -0.016428768634796143, 0.01844295859336853, 0.0040219128131866455, 0.006904907524585724, 0.007755488157272339, 1.0023345947265625, 0.1510632038116455, 1.732297420501709, 1.5223275423049927, -1.1080284118652344, -0.47933557629585266, -0.06770016998052597, -0.050223469734191895]] left_gripper=1.0023345947265625 right_gripper=-0.050223469734191895
update step=93 qpos=[0.0058542704209685326, -0.016185224056243896, 0.018400924280285835, 0.004160469397902489, 0.006905222311615944, 0.007825328037142754, 1.0, 0.14912904798984528, 1.7336955070495605, 1.5230745077133179, -1.1075773239135742, -0.4795405864715576, -0.06917837262153625, 0.0]
pred step=93 action=[[0.0052754245698452, -0.012252271175384521, 0.01672440767288208, 0.00623360276222229, 0.006624035537242889, 0.00845305621623993, 1.0000700950622559, 0.16388888657093048, 1.7337675094604492, 1.5187110900878906, -1.1040258407592773, -0.4812799096107483, -0.06172039359807968, -0.047128498554229736]] left_gripper=1.0000700950622559 right_gripper=-0.047128498554229736
update step=94 qpos=[0.0053441282361745834, -0.01270646508783102, 0.01689213141798973, 0.0059549203142523766, 0.006660774350166321, 0.008373030461370945, 1.0, 0.16224785149097443, 1.7338697910308838, 1.519175410270691, -1.1044936180114746, -0.48107579350471497, -0.06267308443784714, 0.0]
pred step=94 action=[[0.005154307931661606, -0.01572704315185547, 0.01415058970451355, 0.007005214691162109, 0.00643293559551239, 0.0067390576004981995, 1.001377820968628, 0.18859416246414185, 1.7311577796936035, 1.512808084487915, -1.1070914268493652, -0.4770245850086212, -0.044172875583171844, -0.04932379722595215]] left_gripper=1.001377820968628 right_gripper=-0.04932379722595215
update step=95 qpos=[0.005177103448659182, -0.015370089560747147, 0.014478559605777264, 0.006869073025882244, 0.006461928132921457, 0.006947419140487909, 1.0, 0.18576855957508087, 1.7314375638961792, 1.5135585069656372, -1.106799602508545, -0.47758734226226807, -0.046536847949028015, 0.0]
pred step=95 action=[[0.005402270704507828, -0.01491159200668335, 0.014135420322418213, 0.006943792104721069, 0.006322294473648071, 0.007124051451683044, 1.0005340576171875, 0.19304077327251434, 1.7305371761322021, 1.513196349143982, -1.1040432453155518, -0.4777209758758545, -0.04174962267279625, -0.04598045349121094]] left_gripper=1.0005340576171875 right_gripper=-0.04598045349121094
update step=96 qpos=[0.005376054905354977, -0.014968322589993477, 0.014180867932736874, 0.0069346982054412365, 0.006339497864246368, 0.007101420313119888, 1.0, 0.19212283194065094, 1.7306327819824219, 1.513264536857605, -1.1043879985809326, -0.47770431637763977, -0.04235982894897461, 0.0]
pred step=96 action=[[0.005612347275018692, -0.016238093376159668, 0.013197243213653564, 0.006121993064880371, 0.006330467760562897, 0.005806490778923035, 1.0013391971588135, 0.2066691666841507, 1.7244129180908203, 1.5061289072036743, -1.1060622930526733, -0.4735538363456726, -0.030954355373978615, -0.049437522888183594]] left_gripper=1.0013391971588135 right_gripper=-0.049437522888183594
update step=97 qpos=[0.005584789905697107, -0.01608475111424923, 0.013305419124662876, 0.006221822462975979, 0.00633096881210804, 0.005971573293209076, 1.0, 0.20511411130428314, 1.7251439094543457, 1.5069379806518555, -1.1058988571166992, -0.47410619258880615, -0.032411303371191025, 0.0]
pred step=97 action=[[0.005087517201900482, -0.015938401222229004, 0.010604768991470337, 0.006705492734909058, 0.006125740706920624, 0.004930943250656128, 1.0011690855026245, 0.22071442008018494, 1.7252845764160156, 1.503930687904358, -1.1044081449508667, -0.4718400239944458, -0.022766610607504845, -0.04665064811706543]] left_gripper=1.0011690855026245 right_gripper=-0.04665064811706543
update step=98 qpos=[0.005146560724824667, -0.01594668999314308, 0.010899346321821213, 0.006631048396229744, 0.006152539048343897, 0.005063587799668312, 1.0, 0.21900303661823273, 1.7252960205078125, 1.5042724609375, -1.1046093702316284, -0.47215065360069275, -0.02399870939552784, 0.0]
pred step=98 action=[[0.004395980387926102, -0.014917075634002686, 0.00965803861618042, 0.007882863283157349, 0.005983226001262665, 0.004982396960258484, 1.0012805461883545, 0.22832366824150085, 1.721700668334961, 1.4986978769302368, -1.1008378267288208, -0.47176915407180786, -0.018832910805940628, -0.04549610614776611]] left_gripper=1.0012805461883545 right_gripper=-0.04549610614776611
update step=99 qpos=[0.004484434146434069, -0.015041882172226906, 0.009812876582145691, 0.0077225579880177975, 0.006006116047501564, 0.00499275978654623, 1.0, 0.2272653579711914, 1.7220982313156128, 1.4993807077407837, -1.1013367176055908, -0.471828818321228, -0.01949276216328144, 0.0]
pred step=99 action=[[0.004649218171834946, -0.014211952686309814, 0.010068386793136597, 0.007758200168609619, 0.006054453551769257, 0.004162877798080444, 1.001665711402893, 0.23397426307201385, 1.7204217910766602, 1.4974253177642822, -1.1021966934204102, -0.4685349464416504, -0.014918811619281769, -0.046941399574279785]] left_gripper=1.001665711402893 right_gripper=-0.046941399574279785
update step=100 qpos=[0.004629750270396471, -0.014313466846942902, 0.010047324001789093, 0.007756244391202927, 0.006047918926924467, 0.004268664866685867, 1.0, 0.23321601748466492, 1.720621109008789, 1.4976422786712646, -1.1021019220352173, -0.46896079182624817, -0.01550273410975933, 0.0]
pred step=100 action=[[0.0072421059012413025, 0.010096311569213867, 0.006386399269104004, 0.015005946159362793, 0.019408084452152252, 0.004743143916130066, 1.0017502307891846, 0.24439115822315216, 1.8260042667388916, 1.505718469619751, -1.1331720352172852, -0.5356647968292236, 0.0008008006843738258, -0.026998400688171387]] left_gripper=1.0017502307891846 right_gripper=-0.026998400688171387
update step=101 qpos=[0.006908401846885681, 0.007244787644594908, 0.006720679812133312, 0.01403032522648573, 0.01771402917802334, 0.004683189559727907, 1.0, 0.24325624108314514, 1.8139348030090332, 1.5048432350158691, -1.1289639472961426, -0.5272065997123718, -0.0012800432741641998, 0.0]
pred step=101 action=[[0.007026996463537216, 0.009630024433135986, 0.006107360124588013, 0.014748245477676392, 0.019161604344844818, 0.00563359260559082, 1.0022779703140259, 0.2414337545633316, 1.8260984420776367, 1.4988858699798584, -1.127184271812439, -0.5376099944114685, -0.00010325724724680185, -0.022677123546600342]] left_gripper=1.0022779703140259 right_gripper=-0.022677123546600342
update step=102 qpos=[0.007010004948824644, 0.009329104796051979, 0.006241844035685062, 0.014671332202851772, 0.018979374319314957, 0.005512538366019726, 1.0, 0.241527259349823, 1.8233829736709595, 1.500407338142395, -1.1273332834243774, -0.5363335609436035, -0.00025662247207947075, 0.0]
pred step=102 action=[[0.006720975041389465, 0.008388340473175049, 0.0075425803661346436, 0.01439279317855835, 0.01896604150533676, 0.004809923470020294, 1.00209379196167, 0.24348868429660797, 1.827773094177246, 1.4987183809280396, -1.1250972747802734, -0.5369716882705688, 0.0010978684294968843, -0.017104804515838623]] left_gripper=1.00209379196167 right_gripper=-0.017104804515838623
update step=103 qpos=[0.006754951551556587, 0.008490005508065224, 0.007416172418743372, 0.014439426362514496, 0.018968336284160614, 0.004899583291262388, 1.0, 0.24329468607902527, 1.8272154331207275, 1.498958945274353, -1.1253719329833984, -0.5368966460227966, 0.0009244268876500428, 0.0]
pred step=103 action=[[0.006785918027162552, 0.0069394707679748535, 0.008812546730041504, 0.013589352369308472, 0.019191034138202667, 0.005286768078804016, 1.002675175666809, 0.24405138194561005, 1.833852767944336, 1.5007234811782837, -1.1184275150299072, -0.5372669100761414, 0.0004187336890026927, -0.014063417911529541]] left_gripper=1.002675175666809 right_gripper=-0.014063417911529541
update step=104 qpos=[0.006781683769077063, 0.007120408583432436, 0.008654075674712658, 0.013703473843634129, 0.019162889569997787, 0.0052373833023011684, 1.0, 0.24395492672920227, 1.8330466747283936, 1.500587821006775, -1.1192693710327148, -0.5372214913368225, 0.0004825777723453939, 0.0]
pred step=104 action=[[0.008877333253622055, 0.004229605197906494, 0.007320135831832886, 0.013626277446746826, 0.019544310867786407, 0.004898302257061005, 1.003783106803894, 0.24536113440990448, 1.8349943161010742, 1.4980641603469849, -1.1045597791671753, -0.5368847250938416, 0.00198795972391963, 0.008334517478942871]] left_gripper=1.003783106803894 right_gripper=0.008334517478942871
update step=105 qpos=[0.008630496449768543, 0.004578252788633108, 0.007460280787199736, 0.013630370609462261, 0.01949186623096466, 0.0049413773231208324, 1.0, 0.24520745873451233, 1.8347500562667847, 1.4984604120254517, -1.106396198272705, -0.536929726600647, 0.0017945105209946632, 0.008334517478942878]
pred step=105 action=[[0.007690414786338806, -0.0018826723098754883, 0.0057762861251831055, 0.013549566268920898, 0.019651874899864197, 0.0071959346532821655, 1.0036307573318481, 0.24279393255710602, 1.8500537872314453, 1.4985644817352295, -1.0972830057144165, -0.5342426300048828, -0.0007362483302131295, 0.018298685550689697]] left_gripper=1.0036307573318481 right_gripper=0.018298685550689697
update step=106 qpos=[0.0078003061935305595, -0.0011213405523449183, 0.005984206683933735, 0.013563512824475765, 0.019633876159787178, 0.006908601615577936, 1.0, 0.24302567541599274, 1.8482990264892578, 1.4986097812652588, -1.0983831882476807, -0.5345737934112549, -0.0004132108297199011, 0.0182986855506897]
pred step=106 action=[[0.007387205958366394, -0.004149496555328369, 0.006270498037338257, 0.015079706907272339, 0.0178811177611351, 0.004477024078369141, 1.0046652555465698, 0.24628213047981262, 1.8525476455688477, 1.5072367191314697, -1.0927462577819824, -0.5291510820388794, -0.0010786427883431315, 0.047126054763793945]] left_gripper=1.0046652555465698 right_gripper=0.047126054763793945
update step=107 qpos=[0.007439380511641502, -0.0037999285850673914, 0.006258275825530291, 0.014895983040332794, 0.01810326799750328, 0.004787094425410032, 1.0, 0.24595797061920166, 1.851880431175232, 1.5063785314559937, -1.0933938026428223, -0.5298557281494141, -0.000995791982859373, 0.047126054763793945]
pred step=107 action=[[0.0068790726363658905, -0.005934178829193115, 0.007547467947006226, 0.015646010637283325, 0.017725802958011627, 0.0019117742776870728, 1.0046252012252808, 0.24414101243019104, 1.858792781829834, 1.5103552341461182, -1.0906598567962646, -0.524067759513855, -0.0030259257182478905, 0.0731167197227478]] left_gripper=1.0046252012252808 right_gripper=0.0731167197227478
update step=108 qpos=[0.0069459350779652596, -0.005687725264579058, 0.007410755846649408, 0.015559587627649307, 0.017774203792214394, 0.0022782788146287203, 1.0, 0.24429388344287872, 1.8580477237701416, 1.509880542755127, -1.0909711122512817, -0.5247925519943237, -0.0027663353830575943, 0.0731167197227478]
pred step=108 action=[[0.008288994431495667, -0.007984399795532227, 0.0036676228046417236, 0.014702707529067993, 0.01746470481157303, 0.004973478615283966, 1.0063024759292603, 0.24799545109272003, 1.8671274185180664, 1.5173977613449097, -1.081035852432251, -0.5242705345153809, 0.000473972933832556, 0.08947861194610596]] left_gripper=1.0063024759292603 right_gripper=0.08947861194610596
update step=109 qpos=[0.008131495676934719, -0.007690930273383856, 0.004051260184496641, 0.014788770116865635, 0.017501426860690117, 0.004629566799849272, 1.0, 0.24762776494026184, 1.8660407066345215, 1.5166095495224, -1.082223892211914, -0.524347186088562, 5.8618021284928545e-05, 0.08947861194610596]
pred step=109 action=[[0.009158905595541, -0.008585631847381592, 0.00577971339225769, 0.013439446687698364, 0.016592197120189667, 0.004278786480426788, 1.0057569742202759, 0.24932293593883514, 1.8746130466461182, 1.5195012092590332, -1.0771911144256592, -0.5180148482322693, 0.0012569521786645055, 0.11873370409011841]] left_gripper=1.0057569742202759 right_gripper=0.11873370409011841
update step=110 qpos=[0.009040305390954018, -0.008495545946061611, 0.005616681184619665, 0.013627012260258198, 0.0167049840092659, 0.004323487635701895, 1.0, 0.2491031289100647, 1.8735978603363037, 1.5192139148712158, -1.0777859687805176, -0.5188172459602356, 0.0011038933880627155, 0.11873370409011842]
pred step=110 action=[[0.008362412452697754, -0.005886256694793701, 0.0020563602447509766, 0.012640148401260376, 0.016247287392616272, 0.007330767810344696, 1.0078569650650024, 0.25372159481048584, 1.8848307132720947, 1.5313416719436646, -1.080397129058838, -0.5161735415458679, 0.0010881902417168021, 0.12736272811889648]] left_gripper=1.0078569650650024 right_gripper=0.12736272811889648
update step=111 qpos=[0.008442958816885948, -0.006168284919112921, 0.0024042294826358557, 0.012735352851450443, 0.016306711360812187, 0.006947361398488283, 1.0, 0.25322577357292175, 1.883442997932434, 1.529971957206726, -1.0799956321716309, -0.5165207386016846, 0.0010892284335568547, 0.12736272811889648]
pred step=111 action=[[0.009671606123447418, -0.01201164722442627, 0.0018950402736663818, 0.01343834400177002, 0.015597179532051086, 0.006555564701557159, 1.0065943002700806, 0.2515895366668701, 1.8940339088439941, 1.5366147756576538, -1.0725435018539429, -0.513420045375824, 0.0003392643993720412, 0.15692371129989624]] left_gripper=1.0065943002700806 right_gripper=0.15692371129989624
update step=112 qpos=[0.009528489783406258, -0.011340531520545483, 0.0020141175482422113, 0.013368652202188969, 0.015684396028518677, 0.006605524569749832, 1.0, 0.25170770287513733, 1.8927866220474243, 1.5359079837799072, -1.0734204053878784, -0.5138064026832581, 0.0004348538932390511, 0.15692371129989624]
pred step=112 action=[[0.009076923131942749, -0.013505220413208008, 0.00012880563735961914, 0.014536112546920776, 0.015452280640602112, 0.005855269730091095, 1.0068389177322388, 0.2524450421333313, 1.8997631072998047, 1.5486940145492554, -1.0748488903045654, -0.5103003978729248, 0.0013334730174392462, 0.17076796293258667]] left_gripper=1.0068389177322388 right_gripper=0.17076796293258667
update step=113 qpos=[0.009130734950304031, -0.013242393732070923, 0.00033172816620208323, 0.014379732310771942, 0.01548236794769764, 0.0059509375132620335, 1.0, 0.2523830831050873, 1.89888334274292, 1.5472432374954224, -1.0746002197265625, -0.510752260684967, 0.00121810392010957, 0.1707679629325867]
pred step=113 action=[[0.007856491953134537, -0.013527989387512207, -0.0027610361576080322, 0.01604992151260376, 0.014230914413928986, 0.007160797715187073, 1.0066983699798584, 0.25402283668518066, 1.91180419921875, 1.562807559967041, -1.0810723304748535, -0.5044755935668945, -0.0011897162767127156, 0.20447462797164917]] left_gripper=1.0066983699798584 right_gripper=0.20447462797164917
update step=114 qpos=[0.008008511736989021, -0.013486831448972225, -0.002415891969576478, 0.015825428068637848, 0.014391781762242317, 0.007006559520959854, 1.0, 0.2538377344608307, 1.910308599472046, 1.5609586238861084, -1.080177664756775, -0.5052751302719116, -0.000882390362676233, 0.20447462797164917]
pred step=114 action=[[0.01023143157362938, -0.014560043811798096, -0.0015569627285003662, 0.014044642448425293, 0.013975299894809723, 0.0075980499386787415, 1.0077135562896729, 0.25546571612358093, 1.9210939407348633, 1.5637726783752441, -1.073063611984253, -0.5033648014068604, 0.00313553586602211, 0.2282518744468689]] left_gripper=1.0077135562896729 right_gripper=0.2282518744468689
update step=115 qpos=[0.009970913641154766, -0.014441585168242455, -0.0016355079133063555, 0.014280293136835098, 0.014023493975400925, 0.007522458676248789, 1.0, 0.2552814781665802, 1.9197981357574463, 1.5635216236114502, -1.0739141702651978, -0.5036090612411499, 0.002621999243274331, 0.2282518744468689]
pred step=115 action=[[0.011768374592065811, -0.01581442356109619, -0.004338383674621582, 0.013383209705352783, 0.013873651623725891, 0.005869433283805847, 1.0061297416687012, 0.2554565966129303, 1.919198751449585, 1.571420669555664, -1.0786809921264648, -0.5019240379333496, 0.003083022078499198, 0.22467279434204102]] left_gripper=1.0061297416687012 right_gripper=0.22467279434204102
update step=116 qpos=[0.011558197438716888, -0.01563773863017559, -0.004057097714394331, 0.0134815638884902, 0.013888698071241379, 0.00608002720400691, 1.0, 0.25542008876800537, 1.9191670417785645, 1.570535659790039, -1.0780481100082397, -0.5021421313285828, 0.0030242109205573797, 0.22467279434204102]
pred step=116 action=[[0.009445980191230774, -0.02055257558822632, -0.006858706474304199, 0.014270573854446411, 0.013373143970966339, 0.006100878119468689, 1.0047005414962769, 0.2571728527545929, 1.9426186084747314, 1.5912563800811768, -1.0787614583969116, -0.496131956577301, 0.002759584691375494, 0.25426071882247925]] left_gripper=1.0047005414962769 right_gripper=0.25426071882247925
update step=117 qpos=[0.00969523936510086, -0.01997401937842369, -0.006517329253256321, 0.014170685783028603, 0.013442550785839558, 0.006098323501646519, 1.0, 0.2569746673107147, 1.9399422407150269, 1.5888186693191528, -1.0785448551177979, -0.4968961179256439, 0.002793063409626484, 0.25426071882247925]
pred step=117 action=[[0.00849747285246849, -0.020907878875732422, -0.005492061376571655, 0.015153557062149048, 0.011218585073947906, 0.00603368878364563, 1.0050795078277588, 0.2527886629104614, 1.951812982559204, 1.599592924118042, -1.0838009119033813, -0.4934011697769165, -0.001828606124036014, 0.29025840759277344]] left_gripper=1.0050795078277588 right_gripper=0.29025840759277344
update step=118 qpos=[0.008642321452498436, -0.020808927714824677, -0.005583935417234898, 0.015039905905723572, 0.0115021001547575, 0.0060419123619794846, 1.0, 0.25320860743522644, 1.9502654075622559, 1.5984125137329102, -1.0830668210983276, -0.49384284019470215, -0.0012385325971990824, 0.29025840759277344]
pred step=118 action=[[0.009477555751800537, -0.02351599931716919, -0.007342487573623657, 0.01481848955154419, 0.010279685258865356, 0.006044566631317139, 1.0049033164978027, 0.25762006640434265, 1.9641962051391602, 1.6140328645706177, -1.0840532779693604, -0.48932209610939026, 0.001743139000609517, 0.3168076276779175]] left_gripper=1.0049033164978027 right_gripper=0.3168076276779175
update step=119 qpos=[0.00938180461525917, -0.023186324164271355, -0.00715889036655426, 0.014838096685707569, 0.010432390496134758, 0.006044070702046156, 1.0, 0.25720593333244324, 1.9625123739242554, 1.6122443675994873, -1.083837866783142, -0.48991015553474426, 0.0013610536698251963, 0.3168076276779175]
pred step=119 action=[[0.008926711976528168, -0.020945191383361816, -0.010761231184005737, 0.011897832155227661, 0.010566920042037964, 0.006432384252548218, 1.0052555799484253, 0.26035505533218384, 1.971142292022705, 1.6200491189956665, -1.0925389528274536, -0.48960354924201965, 0.001575128873810172, 0.3343275189399719]] left_gripper=1.0052555799484253 right_gripper=0.3343275189399719
update step=120 qpos=[0.008980141952633858, -0.021187545731663704, -0.010400054976344109, 0.012243994511663914, 0.010550745762884617, 0.006382918916642666, 1.0, 0.2599789798259735, 1.9700583219528198, 1.6191370487213135, -1.0914024114608765, -0.48964688181877136, 0.001547972671687603, 0.334327518939972]
pred step=120 action=[[0.007501672953367233, -0.023602187633514404, -0.00826805830001831, 0.015282869338989258, 0.008966557681560516, 0.005297064781188965, 1.0044095516204834, 0.2578636407852173, 1.9861774444580078, 1.6263189315795898, -1.088065505027771, -0.4845629334449768, 0.0007058038609102368, 0.3624335527420044]] left_gripper=1.0044095516204834 right_gripper=0.3624335527420044
update step=121 qpos=[0.0076784188859164715, -0.02335018664598465, -0.00842500850558281, 0.014929468743503094, 0.009169690310955048, 0.005435580387711525, 1.0, 0.25803592801094055, 1.9842194318771362, 1.6255581378936768, -1.0884134769439697, -0.4852028489112854, 0.0008134259842336178, 0.3624335527420044]
pred step=121 action=[[0.007771342992782593, -0.02669215202331543, -0.008367359638214111, 0.012773633003234863, 0.008066609501838684, 0.0037715062499046326, 1.0025813579559326, 0.25408869981765747, 1.995830774307251, 1.6405024528503418, -1.091975450515747, -0.4773775339126587, -0.0005499807884916663, 0.3920556604862213]] left_gripper=1.0025813579559326 right_gripper=0.3920556604862213
update step=122 qpos=[0.007762681692838669, -0.026286201551556587, -0.008402490988373756, 0.013042623177170753, 0.008205571211874485, 0.003983533475548029, 1.0, 0.2545243501663208, 1.9943288564682007, 1.6388263702392578, -1.0914384126663208, -0.47837188839912415, -0.0003760683466680348, 0.3920556604862213]
pred step=122 action=[[0.006131146103143692, -0.02789926528930664, -0.014192909002304077, 0.012276113033294678, 0.0085478276014328, 0.0024423748254776, 1.0045031309127808, 0.2608983814716339, 2.023855209350586, 1.674781084060669, -1.099924921989441, -0.4705129861831665, 0.0033013527281582355, 0.4429723620414734]] left_gripper=1.0045031309127808 right_gripper=0.4429723620414734
update step=123 qpos=[0.006322365719825029, -0.027681509032845497, -0.013581621460616589, 0.012341529130935669, 0.008507569320499897, 0.0026389567647129297, 1.0, 0.2602688670158386, 2.02032732963562, 1.6705814599990845, -1.0986618995666504, -0.4715290069580078, 0.00283042318187654, 0.4429723620414734]
pred step=123 action=[[0.006299205124378204, -0.026536643505096436, -0.015842467546463013, 0.009805828332901001, 0.007430426776409149, 0.002250492572784424, 1.0038986206054688, 0.2605794668197632, 2.0219321250915527, 1.676468014717102, -1.1069185733795166, -0.47018343210220337, -0.000405858620069921, 0.4525483250617981]] left_gripper=1.0038986206054688 right_gripper=0.4525483250617981
update step=124 qpos=[0.006303923204541206, -0.026670431718230247, -0.015581555664539337, 0.010120624676346779, 0.007566625252366066, 0.002299875719472766, 1.0, 0.26046937704086304, 2.02164626121521, 1.6757941246032715, -1.10585618019104, -0.4703525900840759, 7.776324309816118e-06, 0.4525483250617981]
pred step=124 action=[[0.004877213388681412, -0.029790759086608887, -0.015250086784362793, 0.006483793258666992, 0.00840587168931961, 0.0012943856418132782, 1.0032203197479248, 0.25619539618492126, 2.03886079788208, 1.6868634223937988, -1.1065316200256348, -0.46522876620292664, -0.00018146377988159657, 0.4762555956840515]] left_gripper=1.0032203197479248 right_gripper=0.4762555956840515
update step=125 qpos=[0.005043062847107649, -0.029428282752633095, -0.015268567018210888, 0.00695487717166543, 0.008302501402795315, 0.0014227540232241154, 1.0, 0.2566366195678711, 2.0368144512176514, 1.685591697692871, -1.1063661575317383, -0.4658729135990143, -0.00015695762704126537, 0.4762555956840515]
pred step=125 action=[[0.003322400152683258, -0.029721438884735107, -0.015669584274291992, 0.0049967169761657715, 0.00871114432811737, -0.001001991331577301, 1.003358244895935, 0.25790390372276306, 2.039503574371338, 1.6882611513137817, -1.1166412830352783, -0.4645231366157532, -0.0020658080466091633, 0.48216792941093445]] left_gripper=1.003358244895935 right_gripper=0.48216792941093445
update step=126 qpos=[0.0035237022675573826, -0.029680822044610977, -0.0156400203704834, 0.005239831283688545, 0.008662750944495201, -0.000692706904374063, 1.0, 0.25784429907798767, 2.0390329360961914, 1.6879764795303345, -1.115338683128357, -0.46470674872398376, -0.0018226964166387916, 0.48216792941093445]
pred step=126 action=[[0.007123693823814392, -0.03250908851623535, -0.016635000705718994, 0.003086775541305542, 0.008648991584777832, -0.000598907470703125, 1.0032572746276855, 0.25452038645744324, 2.0479280948638916, 1.6943628787994385, -1.1040918827056885, -0.46151888370513916, 0.0031949635595083237, 0.4986617863178253]] left_gripper=1.0032572746276855 right_gripper=0.4986617863178253
update step=127 qpos=[0.006700591649860144, -0.032171111553907394, -0.01652437075972557, 0.0033583631739020348, 0.008643565699458122, -0.0006113371928222477, 1.0, 0.25484129786491394, 2.046889305114746, 1.693686604499817, -1.1054482460021973, -0.4619159996509552, 0.0025544981472194195, 0.4986617863178253]
pred step=127 action=[[0.0032480545341968536, -0.03632324934005737, -0.018164634704589844, 0.002327144145965576, 0.007580593228340149, -0.004793595522642136, 1.0032411813735962, 0.25329071283340454, 2.0803911685943604, 1.7376781702041626, -1.1158483028411865, -0.4413668215274811, 0.0020728339441120625, 0.5802257061004639]] left_gripper=1.0032411813735962 right_gripper=0.5802257061004639
update step=128 qpos=[0.003656771034002304, -0.03582988306879997, -0.017974592745304108, 0.0024566086940467358, 0.007721324451267719, -0.004260106012225151, 1.0, 0.2534838318824768, 2.076327085494995, 1.7325429916381836, -1.1143014430999756, -0.44398149847984314, 0.0021340881939977407, 0.5802257061004639]
pred step=128 action=[[0.0027245990931987762, -0.03931707143783569, -0.018221944570541382, -0.0015314221382141113, 0.008382633328437805, -0.005616113543510437, 1.00247323513031, 0.2511485815048218, 2.080206871032715, 1.7400490045547485, -1.121854305267334, -0.4429177939891815, 0.00043546687811613083, 0.5891000032424927]] left_gripper=1.00247323513031 right_gripper=0.5891000032424927
update step=129 qpos=[0.0028322713915258646, -0.03890121355652809, -0.01820157654583454, -0.0010248253820464015, 0.00830078125, -0.005443301517516375, 1.0, 0.251450777053833, 2.079665184020996, 1.7391786575317383, -1.1208714246749878, -0.4430559277534485, 0.0006522083422169089, 0.5891000032424927]
pred step=129 action=[[0.0004732944071292877, -0.03538668155670166, -0.021341264247894287, -0.004617094993591309, 0.009359285235404968, -0.007222399115562439, 1.0022962093353271, 0.2530781328678131, 2.082791805267334, 1.7509574890136719, -1.1287851333618164, -0.43534255027770996, -0.0016787423519417644, 0.6236206293106079]] left_gripper=1.0022962093353271 right_gripper=0.6236206293106079
update step=130 qpos=[0.0007484053494408727, -0.035777583718299866, -0.02104305848479271, -0.004190515261143446, 0.009230028837919235, -0.006995360367000103, 1.0, 0.2529318630695343, 2.0824522972106934, 1.7495098114013672, -1.1277492046356201, -0.43632596731185913, -0.0013814071426168084, 0.6236206293106079]
pred step=130 action=[[0.003325100988149643, -0.04229748249053955, -0.01778775453567505, -0.008860766887664795, 0.009531423449516296, -0.010417163372039795, 1.0010473728179932, 0.2515794038772583, 2.0853664875030518, 1.7637354135513306, -1.1255853176116943, -0.428377240896225, 0.0007279081037268043, 0.6531922221183777]] left_gripper=1.0010473728179932 right_gripper=0.6531922221183777
update step=131 qpos=[0.0030217019375413656, -0.0415523461997509, -0.0180930495262146, -0.008233069442212582, 0.009487905539572239, -0.00998121127486229, 1.0, 0.25169166922569275, 2.085111618041992, 1.762028694152832, -1.1257953643798828, -0.4293798506259918, 0.0004589066084008664, 0.6531922221183777]
pred step=131 action=[[0.0022476837038993835, -0.037520527839660645, -0.016340643167495728, -0.015435963869094849, 0.009724050760269165, -0.012896280735731125, 1.0011506080627441, 0.24558418989181519, 2.089909315109253, 1.7720720767974854, -1.127711296081543, -0.4264194965362549, -0.002786053344607353, 0.6757951974868774]] left_gripper=1.0011506080627441 right_gripper=0.6757951974868774
update step=132 qpos=[0.002339134691283107, -0.03797519579529762, -0.016617638990283012, -0.014539175666868687, 0.009695282205939293, -0.012524740770459175, 1.0, 0.24626806378364563, 2.089398145675659, 1.7708537578582764, -1.1274245977401733, -0.42678844928741455, -0.0023713791742920876, 0.6757951974868774]
pred step=132 action=[[0.002790585160255432, -0.03950333595275879, -0.019743680953979492, -0.01624077558517456, 0.011130563914775848, -0.015583004802465439, 1.0016728639602661, 0.2523440718650818, 2.0900719165802, 1.7747899293899536, -1.1322054862976074, -0.41385582089424133, -0.0027453540824353695, 0.7135351896286011]] left_gripper=1.0016728639602661 right_gripper=0.7135351896286011
update step=133 qpos=[0.002734862733632326, -0.03931046277284622, -0.019403167068958282, -0.016038816422224045, 0.010947915725409985, -0.01519320160150528, 1.0, 0.251787006855011, 2.089996099472046, 1.774294137954712, -1.1315945386886597, -0.41551101207733154, -0.002698674099519849, 0.7135351896286011]
pred step=133 action=[[0.0019711479544639587, -0.035485684871673584, -0.017635196447372437, -0.02367246150970459, 0.011432915925979614, -0.02037089690566063, 1.0045017004013062, 0.24592776596546173, 2.094878911972046, 1.7789665460586548, -1.1371386051177979, -0.409607857465744, -0.002286242786794901, 0.722161591053009]] left_gripper=1.0045017004013062 right_gripper=0.722161591053009
update step=134 qpos=[0.002060679020360112, -0.035934265702962875, -0.01786133646965027, -0.022705821320414543, 0.011372571811079979, -0.019710836932063103, 1.0, 0.2464526891708374, 2.094276189804077, 1.7784032821655273, -1.1364171504974365, -0.410340815782547, -0.0023370077833533287, 0.722161591053009]
pred step=134 action=[[-0.001887790858745575, -0.03716731071472168, -0.01567000150680542, -0.021703749895095825, 0.011394895613193512, -0.021016567945480347, 1.0046498775482178, 0.23739193379878998, 2.099004030227661, 1.7889225482940674, -1.1306934356689453, -0.40356358885765076, -0.004076291806995869, 0.7341922521591187]] left_gripper=1.0046498775482178 right_gripper=0.7341922521591187
update step=135 qpos=[-0.0014242376200854778, -0.037039171904325485, -0.015876857563853264, -0.021811341866850853, 0.011399972252547741, -0.0208499226719141, 1.0, 0.23846174776554108, 2.0984585285186768, 1.7877150774002075, -1.1313530206680298, -0.4044189751148224, -0.003854430513456464, 0.7341922521591185]
pred step=135 action=[[-0.00029526278376579285, -0.030905604362487793, -0.014282673597335815, -0.031116172671318054, 0.014577381312847137, -0.027965763583779335, 1.0067092180252075, 0.23675115406513214, 2.0928313732147217, 1.7969917058944702, -1.132149338722229, -0.38940268754959106, -0.004976992029696703, 0.7869778871536255]] left_gripper=1.0067092180252075 right_gripper=0.7869778871536255
update step=136 qpos=[-0.0004338204162195325, -0.03160341456532478, -0.01455620862543583, -0.029958020895719528, 0.014172626659274101, -0.027058571577072144, 1.0, 0.23707126080989838, 2.0936312675476074, 1.7958168983459473, -1.1320288181304932, -0.39131221175193787, -0.004834149032831192, 0.7869778871536255]
pred step=136 action=[[0.0006003342568874359, -0.028099477291107178, -0.007074415683746338, -0.03595064580440521, 0.015595659613609314, -0.03145834803581238, 1.0101772546768188, 0.23308762907981873, 2.087386131286621, 1.7975575923919678, -1.1294504404067993, -0.3803987205028534, -0.010234897024929523, 0.8089824914932251]] left_gripper=1.0101772546768188 right_gripper=0.8089824914932251
update step=137 qpos=[0.00047674955567345023, -0.028538743034005165, -0.007893111556768417, -0.03515724092721939, 0.015413383021950722, -0.03089776635169983, 1.0, 0.23353789746761322, 2.088289976119995, 1.7972733974456787, -1.129782795906067, -0.38177451491355896, -0.009545317851006985, 0.8089824914932251]
pred step=137 action=[[-0.0011792853474617004, -0.019047558307647705, -0.0035538077354431152, -0.0441301167011261, 0.014139749109745026, -0.03659040853381157, 1.0123533010482788, 0.22546538710594177, 2.08648681640625, 1.786521077156067, -1.1259945631027222, -0.3829093873500824, -0.011460227891802788, 0.8018026351928711]] left_gripper=1.0123533010482788 right_gripper=0.8018026351928711
update step=138 qpos=[-0.0009808726608753204, -0.020146405324339867, -0.004141547251492739, -0.04300808161497116, 0.014303232543170452, -0.03586484491825104, 1.0, 0.22640569508075714, 2.0867040157318115, 1.787811517715454, -1.1265102624893188, -0.3827582597732544, -0.011215568520128727, 0.8018026351928711]
pred step=138 action=[[0.001740872859954834, -0.024241209030151367, -0.0024019479751586914, -0.047163352370262146, 0.016685254871845245, -0.037106119096279144, 1.0100212097167969, 0.2294762283563614, 2.080489158630371, 1.7886128425598145, -1.1286437511444092, -0.37948355078697205, -0.009426627308130264, 0.8182195425033569]] left_gripper=1.0100212097167969 right_gripper=0.8182195425033569
update step=139 qpos=[0.001416218001395464, -0.023763108998537064, -0.0025828403886407614, -0.046622250229120255, 0.016378553584218025, -0.03694827854633331, 1.0, 0.22927294671535492, 2.081239938735962, 1.7884910106658936, -1.128388524055481, -0.37991246581077576, -0.009655945934355259, 0.8182195425033569]
pred step=139 action=[[0.0019074417650699615, -0.014718174934387207, 0.004067510366439819, -0.05369973182678223, 0.019662700593471527, -0.04389016702771187, 1.013944387435913, 0.2238043248653412, 2.0755083560943604, 1.7845162153244019, -1.1308261156082153, -0.36261606216430664, -0.012002863921225071, 0.8518480658531189]] left_gripper=1.013944387435913 right_gripper=0.8518480658531189
update step=140 qpos=[0.001844687038101256, -0.015788156539201736, 0.0032685473561286926, -0.052795566618442535, 0.019245754927396774, -0.0430050753057003, 1.0, 0.22430771589279175, 2.0762691497802734, 1.784920573234558, -1.130550742149353, -0.36479243636131287, -0.011701165698468685, 0.8518480658531188]
pred step=140 action=[[0.0024326927959918976, 0.008527994155883789, 0.02614465355873108, -0.07199257612228394, 0.02468721568584442, -0.04972795024514198, 1.0196878910064697, 0.21180491149425507, 2.0403406620025635, 1.763976812362671, -1.112339735031128, -0.35131919384002686, -0.020376378670334816, 0.8707207441329956]] left_gripper=1.0196878910064697 right_gripper=0.8707207441329956
update step=141 qpos=[0.002354147145524621, 0.005623378790915012, 0.023494306951761246, -0.06950405240058899, 0.02399737574160099, -0.0488710030913353, 1.0, 0.2131994068622589, 2.0448474884033203, 1.7664064168930054, -1.1147586107254028, -0.35300689935684204, -0.019268622621893883, 0.8707207441329956]
pred step=141 action=[[-0.003170739859342575, 0.02893686294555664, 0.03812149167060852, -0.07482178509235382, 0.02408716082572937, -0.05341581255197525, 1.0223939418792725, 0.2082020342350006, 2.0266802310943604, 1.7553986310958862, -1.1037251949310303, -0.33608976006507874, -0.024170635268092155, 0.8831120133399963]] left_gripper=1.0223939418792725 right_gripper=0.8831120133399963
update step=142 qpos=[-0.002520767506211996, 0.02618470974266529, 0.0363783985376358, -0.07413440942764282, 0.024086276069283485, -0.05283619090914726, 1.0, 0.20891106128692627, 2.0291643142700195, 1.7565513849258423, -1.1051949262619019, -0.3382326662540436, -0.0235457606613636, 0.8831120133399963]
pred step=142 action=[[-0.004819814115762711, 0.045977234840393066, 0.047973811626434326, -0.08215804398059845, 0.026230692863464355, -0.05593564733862877, 1.0241832733154297, 0.20748525857925415, 2.0136682987213135, 1.746563196182251, -1.0943944454193115, -0.32755139470100403, -0.02671241946518421, 0.8915567398071289]] left_gripper=1.0241832733154297 right_gripper=0.8915567398071289
update step=143 qpos=[-0.004554086364805698, 0.04364711791276932, 0.046577151864767075, -0.081133171916008, 0.025963617488741875, -0.05554043874144554, 1.0, 0.20770619809627533, 2.015669107437134, 1.7476943731307983, -1.0958157777786255, -0.32890403270721436, -0.026308998465538025, 0.8915567398071289]
pred step=143 action=[[-0.00858287513256073, 0.07030057907104492, 0.0671117901802063, -0.0943894237279892, 0.03172118961811066, -0.06481540203094482, 1.0268210172653198, 0.19580401480197906, 1.9731481075286865, 1.7175801992416382, -1.0755164623260498, -0.30185219645500183, -0.031376179307699203, 0.9134039282798767]] left_gripper=1.0268210172653198 right_gripper=0.9134039282798767
update step=144 qpos=[-0.008120034821331501, 0.06713161617517471, 0.06472879648208618, -0.09266394376754761, 0.03100024163722992, -0.06363233923912048, 1.0, 0.19701118767261505, 1.9784600734710693, 1.7210631370544434, -1.0782488584518433, -0.3052508533000946, -0.030727364122867584, 0.9134039282798767]
pred step=144 action=[[-0.010772988200187683, 0.08636164665222168, 0.0778457522392273, -0.09927813708782196, 0.0330764576792717, -0.06834209710359573, 1.0265742540359497, 0.19560977816581726, 1.9589006900787354, 1.7117234468460083, -1.0642080307006836, -0.30053579807281494, -0.032979756593704224, 0.9205414652824402]] left_gripper=1.0265742540359497 right_gripper=0.9205414652824402
update step=145 qpos=[-0.010465157218277454, 0.08409842103719711, 0.0762813538312912, -0.09842494130134583, 0.032818812876939774, -0.0677417740225792, 1.0, 0.19594702124595642, 1.9615713357925415, 1.7126747369766235, -1.0660536289215088, -0.30113857984542847, -0.03269384428858757, 0.9205414652824402]
pred step=145 action=[[-0.011025805026292801, 0.1101667582988739, 0.10138148069381714, -0.11301183700561523, 0.03842415660619736, -0.0748511552810669, 1.0309711694717407, 0.18834230303764343, 1.915071964263916, 1.6825711727142334, -1.0438117980957031, -0.28544366359710693, -0.038258180022239685, 0.925693690776825]] left_gripper=1.0309711694717407 right_gripper=0.925693690776825
update step=146 qpos=[-0.010969926603138447, 0.10705883055925369, 0.09849201887845993, -0.11109604686498642, 0.03771567717194557, -0.07394472509622574, 1.0, 0.18910513818264008, 1.920870304107666, 1.6860387325286865, -1.046798586845398, -0.28741076588630676, -0.037547044456005096, 0.925693690776825]
pred step=146 action=[[-0.01266263797879219, 0.14144957065582275, 0.12049049139022827, -0.1311955749988556, 0.04285150021314621, -0.07906994223594666, 1.0353624820709229, 0.18231824040412903, 1.8781087398529053, 1.6510971784591675, -1.0240477323532104, -0.27358025312423706, -0.04348709434270859, 0.9341552257537842]] left_gripper=1.0353624820709229 right_gripper=0.9341552257537842
update step=147 qpos=[-0.012472499161958694, 0.1374242901802063, 0.1178097054362297, -0.12863396108150482, 0.04220430180430412, -0.07841675728559494, 1.0, 0.18309609591960907, 1.883561372756958, 1.6550471782684326, -1.0271282196044922, -0.27531835436820984, -0.042728886008262634, 0.9341552257537842]
pred step=147 action=[[-0.014029355719685555, 0.16609972715377808, 0.13655927777290344, -0.1466144174337387, 0.0458901971578598, -0.08304392546415329, 1.0365139245986938, 0.17802463471889496, 1.8457190990447998, 1.6301847696304321, -1.0053683519363403, -0.26165884733200073, -0.04444755241274834, 0.9390882849693298]] left_gripper=1.0365139245986938 right_gripper=0.9390882849693298
update step=148 qpos=[-0.013852778822183609, 0.16273193061351776, 0.13431744277477264, -0.14431042969226837, 0.045426346361637115, -0.08245416730642319, 1.0, 0.1786024123430252, 1.850500226020813, 1.633000135421753, -1.0082696676254272, -0.26337897777557373, -0.04422815144062042, 0.9390882849693298]
pred step=148 action=[[-0.014487409964203835, 0.17968013882637024, 0.14747217297554016, -0.15216505527496338, 0.049168869853019714, -0.08630727231502533, 1.039174199104309, 0.1741291880607605, 1.8227183818817139, 1.6158427000045776, -0.9917344450950623, -0.2557119131088257, -0.04782796651124954, 0.9405913352966309]] left_gripper=1.039174199104309 right_gripper=0.9405913352966309
update step=149 qpos=[-0.014419657178223133, 0.17768099904060364, 0.1459369659423828, -0.15114133059978485, 0.048696428537368774, -0.08581609278917313, 1.0, 0.17463691532611847, 1.826314091682434, 1.6177246570587158, -0.9939386248588562, -0.2566728889942169, -0.04736843332648277, 0.9405913352966309]
pred step=149 action=[[-0.014453981071710587, 0.1876797378063202, 0.1543496549129486, -0.15918482840061188, 0.05106816813349724, -0.08577407151460648, 1.0401456356048584, 0.17298570275306702, 1.8076016902923584, 1.603241205215454, -0.9850912094116211, -0.2520686089992523, -0.05085577443242073, 0.9427251219749451]] left_gripper=1.0401456356048584 right_gripper=0.9427251219749451
update step=150 qpos=[-0.014454620890319347, 0.18651317059993744, 0.15333148837089539, -0.158155620098114, 0.05076826736330986, -0.08577964454889297, 1.0, 0.17319871485233307, 1.81000816822052, 1.6048394441604614, -0.9863039255142212, -0.2526492476463318, -0.05041113868355751, 0.9427251219749451]
pred step=150 action=[[-0.005892477929592133, 0.060661137104034424, 0.06356930732727051, -0.022134125232696533, 0.025114446878433228, -0.03851586580276489, 1.010803461074829, 0.2306293100118637, 2.070394992828369, 1.9106059074401855, -1.1556092500686646, -0.3178870379924774, -0.05099599435925484, 0.9520697593688965]] left_gripper=1.010803461074829 right_gripper=0.9520697593688965
update step=151 qpos=[-0.006855296902358532, 0.07539177685976028, 0.07454666495323181, -0.039446040987968445, 0.02834811620414257, -0.04454219713807106, 1.0, 0.22423245012760162, 1.9838216304779053, 1.79183828830719, -1.1343351602554321, -0.3097294569015503, -0.05092591047286987, 0.9520697593688965]
pred step=151 action=[[-0.006543383002281189, 0.06708228588104248, 0.06850072741508484, -0.024140626192092896, 0.02673560380935669, -0.03865084797143936, 1.0115869045257568, 0.2276744693517685, 2.060218572616577, 1.8940857648849487, -1.1438884735107422, -0.31440362334251404, -0.05310949310660362, 0.9545886516571045]] left_gripper=1.0115869045257568 right_gripper=0.9545886516571045
update step=152 qpos=[-0.006575962528586388, 0.06800926476716995, 0.06929364055395126, -0.026061655953526497, 0.026938006281852722, -0.039399608969688416, 1.0, 0.22640618681907654, 2.0503900051116943, 1.8824964761734009, -1.1420789957046509, -0.31377118825912476, -0.05282857269048691, 0.9545886516571045]
pred step=152 action=[[-0.007435452193021774, 0.08707866072654724, 0.08651676774024963, -0.032299309968948364, 0.03148716688156128, -0.04375281184911728, 1.0106894969940186, 0.22374732792377472, 2.030975580215454, 1.871300220489502, -1.1264677047729492, -0.3041478097438812, -0.055364951491355896, 0.9577562808990479]] left_gripper=1.0106894969940186 right_gripper=0.9577562808990479
update step=153 qpos=[-0.007342681288719177, 0.08479514718055725, 0.08456134051084518, -0.031457267701625824, 0.030913012102246284, -0.043197210878133774, 1.0, 0.2240052968263626, 2.0335137844085693, 1.8726094961166382, -1.1284904479980469, -0.30535730719566345, -0.055041179060935974, 0.9577562808990479]
pred step=153 action=[[-0.011711232364177704, 0.11382251977920532, 0.10742217302322388, -0.039312466979026794, 0.03705790638923645, -0.044908080250024796, 1.011859655380249, 0.21527425944805145, 1.9960556030273438, 1.8197561502456665, -1.0884824991226196, -0.29175952076911926, -0.056044138967990875, 0.9646576642990112]] left_gripper=1.011859655380249 right_gripper=0.9646576642990112
update step=154 qpos=[-0.011210084892809391, 0.11038678139448166, 0.10476689040660858, -0.03826930746436119, 0.036289457231760025, -0.04468946158885956, 1.0, 0.21621805429458618, 2.0007472038269043, 1.8260936737060547, -1.0937402248382568, -0.29346293210983276, -0.05591566115617752, 0.9646576642990112]
pred step=154 action=[[-0.0116657093167305, 0.1345139741897583, 0.12736651301383972, -0.05387178063392639, 0.04329557716846466, -0.051213741302490234, 1.0125716924667358, 0.21028372645378113, 1.9401376247406006, 1.7825019359588623, -1.0665677785873413, -0.280009001493454, -0.057200513780117035, 0.9665151834487915]] left_gripper=1.0125716924667358 right_gripper=0.9665151834487915
update step=155 qpos=[-0.011625576764345169, 0.1316758543252945, 0.12469882518053055, -0.051852818578481674, 0.04240993782877922, -0.050381772220134735, 1.0, 0.21100622415542603, 1.9477897882461548, 1.7875324487686157, -1.0702444314956665, -0.28170302510261536, -0.05703624337911606, 0.9665151834487915]
pred step=155 action=[[-0.01747247390449047, 0.16725853085517883, 0.16698786616325378, -0.06462858617305756, 0.04852868616580963, -0.05363977700471878, 1.0139213800430298, 0.19564229249954224, 1.8762969970703125, 1.699698805809021, -1.0163705348968506, -0.25533878803253174, -0.05859199911355972, 0.9646710753440857]] left_gripper=1.0139213800430298 right_gripper=0.9646710753440857
update step=156 qpos=[-0.01679723709821701, 0.16299626231193542, 0.16220919787883759, -0.06287026405334473, 0.04776642099022865, -0.05322381854057312, 1.0, 0.19722887873649597, 1.8852142095565796, 1.7100422382354736, -1.0235764980316162, -0.258639931678772, -0.05839097127318382, 0.9646710753440857]
pred step=156 action=[[-0.02180393598973751, 0.2071010172367096, 0.20675036311149597, -0.09519943594932556, 0.055671848356723785, -0.059305887669324875, 1.0152844190597534, 0.18449409306049347, 1.8043584823608398, 1.6430927515029907, -0.9890323877334595, -0.23557788133621216, -0.060694415122270584, 0.9650115966796875]] left_gripper=1.0152844190597534 right_gripper=0.9650115966796875
update step=157 qpos=[-0.021230455487966537, 0.20194588601589203, 0.20145483314990997, -0.09102203696966171, 0.05468059703707695, -0.05853016674518585, 1.0, 0.18591798841953278, 1.814247488975525, 1.6509002447128296, -0.9937622547149658, -0.23847924172878265, -0.060399267822504044, 0.9650115966796875]
pred step=157 action=[[-0.023292075842618942, 0.24224409461021423, 0.23311294615268707, -0.1113506555557251, 0.06303424388170242, -0.06643465161323547, 1.0184370279312134, 0.17297634482383728, 1.7249579429626465, 1.5627036094665527, -0.9460568428039551, -0.21990227699279785, -0.058693140745162964, 0.9664562344551086]] left_gripper=1.0184370279312134 right_gripper=0.9664562344551086
update step=158 qpos=[-0.023064926266670227, 0.23755690455436707, 0.22932980954647064, -0.10872689634561539, 0.06198006123304367, -0.0654270127415657, 1.0, 0.1743585467338562, 1.7359212636947632, 1.5729392766952515, -0.9525530338287354, -0.22222530841827393, -0.058908820152282715, 0.9664562344551086]
pred step=158 action=[[-0.02589666284620762, 0.310025155544281, 0.27723926305770874, -0.1261202096939087, 0.08166993409395218, -0.0693199560046196, 1.0175092220306396, 0.16863644123077393, 1.6693589687347412, 1.5222245454788208, -0.9020975232124329, -0.2109830677509308, -0.061677418649196625, 0.9732360243797302]] left_gripper=1.0175092220306396 right_gripper=0.9732360243797302
update step=159 qpos=[-0.025602174922823906, 0.30153024196624756, 0.2717001438140869, -0.1237952709197998, 0.07918250560760498, -0.06882331520318985, 1.0, 0.1692950427532196, 1.67763352394104, 1.5280890464782715, -0.9087468981742859, -0.2123957723379135, -0.06132479012012482, 0.9732360243797302]
pred step=159 action=[[-0.025303054600954056, 0.3437367081642151, 0.31809449195861816, -0.1426001936197281, 0.08868548274040222, -0.07795882225036621, 1.0187294483184814, 0.15230444073677063, 1.5683796405792236, 1.4006658792495728, -0.8422629237174988, -0.19411197304725647, -0.06107562035322189, 0.9732918739318848]] left_gripper=1.0187294483184814 right_gripper=0.9732918739318848
update step=160 qpos=[-0.025354545563459396, 0.33877089619636536, 0.31278300285339355, -0.14007094502449036, 0.08748128265142441, -0.0767943263053894, 1.0, 0.15399621427059174, 1.581324577331543, 1.415644645690918, -0.8512792587280273, -0.19637782871723175, -0.06110433116555214, 0.9732918739318848]
pred step=160 action=[[-0.02932145446538925, 0.3784071207046509, 0.3310374617576599, -0.1582738608121872, 0.09210218489170074, -0.07639385759830475, 1.020829439163208, 0.14755520224571228, 1.529581069946289, 1.3752330541610718, -0.8255285024642944, -0.18467886745929718, -0.06319312006235123, 0.9743747711181641]] left_gripper=1.020829439163208 right_gripper=0.9743747711181641
update step=161 qpos=[-0.02886294759809971, 0.3739265203475952, 0.32865041494369507, -0.15599215030670166, 0.09152259677648544, -0.07644567638635635, 1.0, 0.14826467633247375, 1.5358315706253052, 1.3798454999923706, -0.8290232419967651, -0.1861487627029419, -0.06292615830898285, 0.974374771118164]
pred step=161 action=[[-0.031674087047576904, 0.4507332742214203, 0.3811039924621582, -0.18074068427085876, 0.10089608281850815, -0.07873545587062836, 1.019012212753296, 0.14039961993694305, 1.4559898376464844, 1.299905776977539, -0.7739021182060242, -0.17502373456954956, -0.06637582182884216, 0.9769132137298584]] left_gripper=1.019012212753296 right_gripper=0.9769132137298584
update step=162 qpos=[-0.031359754502773285, 0.4417395293712616, 0.375125527381897, -0.1774275153875351, 0.09971144050359726, -0.07844367623329163, 1.0, 0.14121204614639282, 1.4653879404067993, 1.3093034029006958, -0.7812610864639282, -0.17641253769397736, -0.0659356489777565, 0.9769132137298584]
pred step=162 action=[[-0.038451217114925385, 0.5370952486991882, 0.4483887255191803, -0.21856598556041718, 0.1097116619348526, -0.08807509392499924, 1.0220980644226074, 0.1218913346529007, 1.3338017463684082, 1.1893662214279175, -0.7208769917488098, -0.14212171733379364, -0.06850754469633102, 0.9703619480133057]] left_gripper=1.0220980644226074 right_gripper=0.9703619480133057
update step=163 qpos=[-0.037633683532476425, 0.5259965062141418, 0.4399338662624359, -0.21311794221401215, 0.10845427215099335, -0.08684726059436798, 1.0, 0.12382416427135468, 1.3487828969955444, 1.2036243677139282, -0.7290868163108826, -0.14640972018241882, -0.0681757777929306, 0.9703619480133057]
pred step=163 action=[[-0.0516846626996994, 0.6092502474784851, 0.5000404119491577, -0.21814239025115967, 0.1245795488357544, -0.09665806591510773, 1.0203492641448975, 0.11407941579818726, 1.2717106342315674, 1.1121562719345093, -0.6695436239242554, -0.1288580596446991, -0.0655054822564125, 0.9796103239059448]] left_gripper=1.0203492641448975 right_gripper=0.9796103239059448
update step=164 qpos=[-0.05006995052099228, 0.5996144413948059, 0.4932037591934204, -0.21728616952896118, 0.12256255745887756, -0.09540526568889618, 1.0, 0.11510211229324341, 1.2809104919433594, 1.1226621866226196, -0.6775290369987488, -0.13105112314224243, -0.0658445879817009, 0.9796103239059448]
pred step=164 action=[[-0.057353436946868896, 0.700876772403717, 0.5481941103935242, -0.2489481419324875, 0.12764039635658264, -0.09608728438615799, 1.0235326290130615, 0.10350185632705688, 1.1904006004333496, 1.0420165061950684, -0.6322214007377625, -0.11173361539840698, -0.06833966076374054, 0.9794374704360962]] left_gripper=1.0235326290130615 right_gripper=0.9794374704360962
update step=165 qpos=[-0.05650641396641731, 0.6893219351768494, 0.5417038202285767, -0.24477429687976837, 0.12700289487838745, -0.09600155800580978, 1.0, 0.10471843928098679, 1.200545310974121, 1.0516636371612549, -0.6383041143417358, -0.11415047943592072, -0.06801952421665192, 0.9794374704360962]
pred step=165 action=[[-0.0630449652671814, 0.7668008804321289, 0.5862007141113281, -0.2720969319343567, 0.14038251340389252, -0.10538415610790253, 1.021905541419983, 0.09563422203063965, 1.1080172061920166, 0.9877480268478394, -0.593193531036377, -0.11227327585220337, -0.07117221504449844, 0.9771988391876221]] left_gripper=1.021905541419983 right_gripper=0.9771988391876221
update step=166 qpos=[-0.06230948492884636, 0.7578579187393188, 0.5811240673065186, -0.26845139265060425, 0.13869647681713104, -0.10418742895126343, 1.0, 0.09663531184196472, 1.1185096502304077, 0.9953680634498596, -0.599199652671814, -0.11249030381441116, -0.07076974213123322, 0.9771988391876221]
pred step=166 action=[[-0.06804584711790085, 0.825372576713562, 0.6323209404945374, -0.29639774560928345, 0.14612868428230286, -0.11227071285247803, 1.0160741806030273, 0.08398082852363586, 1.041832685470581, 0.9076200723648071, -0.5410937070846558, -0.09367664158344269, -0.0684795007109642, 0.9788705110549927]] left_gripper=1.0160741806030273 right_gripper=0.9788705110549927
update step=167 qpos=[-0.0673910453915596, 0.8175401091575623, 0.6265061497688293, -0.2926374077796936, 0.1451956331729889, -0.11124017834663391, 1.0, 0.08534280210733414, 1.0508249998092651, 0.9177024960517883, -0.5488607883453369, -0.09602172672748566, -0.06876909732818604, 0.9788705110549927]
pred step=167 action=[[-0.08957290649414062, 0.9792702198028564, 0.7103145718574524, -0.33918753266334534, 0.1531265676021576, -0.12685823440551758, 1.019944429397583, 0.06804494559764862, 0.9023723006248474, 0.7663449048995972, -0.4531417191028595, -0.07341738045215607, -0.06709443777799606, 0.9806715250015259]] left_gripper=1.019944429397583 right_gripper=0.9806715250015259
update step=168 qpos=[-0.08699677139520645, 0.9607652425765991, 0.7007390856742859, -0.33290037512779236, 0.15215061604976654, -0.12486559897661209, 1.0, 0.0699305385351181, 0.9188872575759888, 0.7845425605773926, -0.4657740890979767, -0.07623324543237686, -0.0673055574297905, 0.9806715250015259]
pred step=168 action=[[-0.08238618075847626, 0.9699950218200684, 0.7189686298370361, -0.3435303568840027, 0.15463127195835114, -0.12762236595153809, 1.0149675607681274, 0.06222904101014137, 0.871557891368866, 0.7481160163879395, -0.4439523220062256, -0.07332346588373184, -0.06979437917470932, 0.9756494760513306]] left_gripper=1.0149675607681274 right_gripper=0.9756494760513306
update step=169 qpos=[-0.08291800320148468, 0.9685722589492798, 0.7173230051994324, -0.34200310707092285, 0.1543106883764267, -0.12727180123329163, 1.0, 0.0631009191274643, 0.8768506050109863, 0.7524820566177368, -0.44683825969696045, -0.07367237657308578, -0.06947579979896545, 0.9756494760513306]
pred step=169 action=[[-0.09105698019266129, 0.9961687326431274, 0.7245238423347473, -0.33432862162590027, 0.1580045223236084, -0.12564897537231445, 1.0146543979644775, 0.062491998076438904, 0.8497220277786255, 0.7333197593688965, -0.4389045834541321, -0.06722830981016159, -0.06857677549123764, 0.979435920715332]] left_gripper=1.0146543979644775 right_gripper=0.979435920715332
update step=170 qpos=[-0.09013635665178299, 0.9931610226631165, 0.7235952615737915, -0.335284948348999, 0.15755228698253632, -0.12585437297821045, 1.0, 0.06254488229751587, 0.8528200387954712, 0.7355293035507202, -0.43999841809272766, -0.06804314255714417, -0.06869149208068848, 0.979435920715332]
pred step=170 action=[[-0.10734923928976059, 1.0821731090545654, 0.7636106014251709, -0.35655760765075684, 0.15294131636619568, -0.13406428694725037, 1.0092271566390991, 0.050090938806533813, 0.7511262893676758, 0.6382774710655212, -0.3843761384487152, -0.058834828436374664, -0.06748933345079422, 0.9822535514831543]] left_gripper=1.0092271566390991 right_gripper=0.9822535514831543
update step=171 qpos=[-0.10536003112792969, 1.0720570087432861, 0.759000301361084, -0.3536626696586609, 0.15355437994003296, -0.13301530480384827, 1.0, 0.051500219851732254, 0.7626423835754395, 0.6497648358345032, -0.39176592230796814, -0.05996996536850929, -0.06764088571071625, 0.9822535514831544]
pred step=171 action=[[-0.12275547534227371, 1.197343349456787, 0.8061541318893433, -0.3656739294528961, 0.17221450805664062, -0.1544511914253235, 0.9893004894256592, 0.041899360716342926, 0.6553949117660522, 0.5544084310531616, -0.3211967945098877, -0.03785540163516998, -0.07211998850107193, 0.9656867384910583]] left_gripper=0.9893004894256592 right_gripper=0.9656867384910583
update step=172 qpos=[-0.12080136686563492, 1.1829551458358765, 0.8010456562042236, -0.36381787061691284, 0.169874370098114, -0.15171478688716888, 0.9893004894256592, 0.04295431450009346, 0.667488157749176, 0.5658848881721497, -0.3303924798965454, -0.04062984511256218, -0.07154729962348938, 0.9656867384910583]
pred step=172 action=[[-0.13745056092739105, 1.278657078742981, 0.8343362808227539, -0.3917684555053711, 0.1708156317472458, -0.15711544454097748, 0.9731589555740356, 0.03434157371520996, 0.5578101873397827, 0.48139744997024536, -0.2822810411453247, -0.031952399760484695, -0.0680391937494278, 0.971388578414917]] left_gripper=0.9731589555740356 right_gripper=0.971388578414917
update step=173 qpos=[-0.13556745648384094, 1.2674858570098877, 0.830843448638916, -0.38794830441474915, 0.17072734236717224, -0.15642495453357697, 0.9731589555740356, 0.03531959652900696, 0.5702296495437622, 0.49152472615242004, -0.28859615325927734, -0.03302912414073944, -0.06848566979169846, 0.971388578414917]
pred step=173 action=[[-0.1383664608001709, 1.2626866102218628, 0.8478491902351379, -0.39149248600006104, 0.17874740064144135, -0.16982294619083405, 0.9776812195777893, 0.033304423093795776, 0.5782226324081421, 0.46962854266166687, -0.27053102850914, -0.025219209492206573, -0.06811612099409103, 0.9641900658607483]] left_gripper=0.9776812195777893 right_gripper=0.9641900658607483
update step=174 qpos=[-0.13806389272212982, 1.2627145051956177, 0.8464676141738892, -0.3908475935459137, 0.17774711549282074, -0.16811220347881317, 0.9776812195777893, 0.033518314361572266, 0.5773743391036987, 0.4721028804779053, -0.2728997468948364, -0.026200339198112488, -0.06816229224205017, 0.9641900658607483]
pred step=174 action=[[-0.14648565649986267, 1.3357431888580322, 0.854332447052002, -0.3904886245727539, 0.18715530633926392, -0.17284104228019714, 0.937024712562561, 0.027638811618089676, 0.5101479887962341, 0.4193422496318817, -0.2400725930929184, -0.019998542964458466, -0.07056523859500885, 0.959004282951355]] left_gripper=0.937024712562561 right_gripper=0.959004282951355
update step=175 qpos=[-0.14556337893009186, 1.3278852701187134, 0.8531265258789062, -0.3905109763145447, 0.1859646588563919, -0.17223846912384033, 0.937024712562561, 0.028309470042586327, 0.517787516117096, 0.4257391095161438, -0.24433386325836182, -0.020769163966178894, -0.07025790959596634, 0.959004282951355]
pred step=175 action=[[-0.14316004514694214, 1.3600544929504395, 0.8573354482650757, -0.3908330798149109, 0.18149954080581665, -0.17620164155960083, 0.9166422486305237, 0.024298345670104027, 0.47540467977523804, 0.39629122614860535, -0.2274680882692337, -0.022961273789405823, -0.07327286154031754, 0.9517781138420105]] left_gripper=0.9166422486305237 right_gripper=0.9517781138420105
update step=176 qpos=[-0.14340059459209442, 1.3560346364974976, 0.8572708964347839, -0.39064696431159973, 0.18205899000167847, -0.17569667100906372, 0.9166422486305237, 0.02477164939045906, 0.4802466928958893, 0.3998224139213562, -0.22966691851615906, -0.022675281390547752, -0.07288822531700134, 0.9517781138420105]
pred step=176 action=[[-0.15752026438713074, 1.4280815124511719, 0.8802629709243774, -0.39736348390579224, 0.18581345677375793, -0.1886563003063202, 0.9109909534454346, 0.024655766785144806, 0.4147396981716156, 0.3501751720905304, -0.20213697850704193, -0.009026400744915009, -0.07065507024526596, 0.951593279838562]] left_gripper=0.9109909534454346 right_gripper=0.951593279838562
update step=177 qpos=[-0.1559634953737259, 1.4198609590530396, 0.8777280449867249, -0.39633917808532715, 0.18536090850830078, -0.18700100481510162, 0.9109909534454346, 0.024636108428239822, 0.4223024547100067, 0.35602349042892456, -0.20575399696826935, -0.010752037167549133, -0.07093960791826248, 0.951593279838562]
pred step=177 action=[[-0.16279517114162445, 1.4484000205993652, 0.8876701593399048, -0.3818979263305664, 0.1888425499200821, -0.18778151273727417, 0.8720545172691345, 0.017573248594999313, 0.360984742641449, 0.3098885416984558, -0.1767653524875641, -0.007802344858646393, -0.07216513901948929, 0.9539510607719421]] left_gripper=0.8720545172691345 right_gripper=0.9539510607719421
update step=178 qpos=[-0.16203631460666656, 1.4448540210723877, 0.886942982673645, -0.3835655748844147, 0.1884172260761261, -0.1876794993877411, 0.8720545172691345, 0.01839219033718109, 0.3680550158023834, 0.31538674235343933, -0.18053331971168518, -0.008158532902598381, -0.0720076709985733, 0.9539510607719421]
pred step=178 action=[[-0.17006653547286987, 1.4522788524627686, 0.8911725282669067, -0.38641321659088135, 0.1910368800163269, -0.19751998782157898, 0.8374974131584167, 0.01585071161389351, 0.3503447473049164, 0.30436989665031433, -0.1692000776529312, -0.012722045183181763, -0.06865853816270828, 0.9455910921096802]] left_gripper=0.8374974131584167 right_gripper=0.9455910921096802
update step=179 qpos=[-0.1691916584968567, 1.451356291770935, 0.8907586932182312, -0.38601353764533997, 0.1907244175672531, -0.19626301527023315, 0.8374974131584167, 0.016156360507011414, 0.3523489236831665, 0.3057681620121002, -0.17063313722610474, -0.012138769030570984, -0.069085493683815, 0.9455910921096803]
pred step=179 action=[[-0.17365655303001404, 1.469313144683838, 0.8779044151306152, -0.37970614433288574, 0.19371259212493896, -0.20343130826950073, 0.8193754553794861, 0.018000252544879913, 0.33264604210853577, 0.295207679271698, -0.16348689794540405, -0.012103520333766937, -0.07199423760175705, 0.9430335164070129]] left_gripper=0.8193754553794861 right_gripper=0.9430335164070129
update step=180 qpos=[-0.17316873371601105, 1.4673806428909302, 0.8793308734893799, -0.3805479109287262, 0.19333866238594055, -0.20251712203025818, 0.8193754553794861, 0.017784232273697853, 0.33492806553840637, 0.2964664101600647, -0.1644115149974823, -0.012112732976675034, -0.0716235488653183, 0.9430335164070129]
pred step=180 action=[[-0.1709735095500946, 1.4558017253875732, 0.8911865949630737, -0.3819026052951813, 0.20187893509864807, -0.20268070697784424, 0.7589449882507324, 0.011644876562058926, 0.2771899998188019, 0.2572117745876312, -0.14350596070289612, -0.014435641467571259, -0.07031678408384323, 0.9470747113227844]] left_gripper=0.7589449882507324 right_gripper=0.9470747113227844
update step=181 qpos=[-0.17122016847133636, 1.456803321838379, 0.8901567459106445, -0.38161492347717285, 0.2007989138364792, -0.20265907049179077, 0.7589449882507323, 0.012368873693048954, 0.28391745686531067, 0.26181289553642273, -0.14624804258346558, -0.014128955081105232, -0.07048306614160538, 0.9470747113227844]
pred step=181 action=[[-0.1903030276298523, 1.5364683866500854, 0.9208850860595703, -0.38638025522232056, 0.204103022813797, -0.21777349710464478, 0.717298686504364, 0.011000997386872768, 0.2327723205089569, 0.2211504429578781, -0.11808313429355621, -0.008175969123840332, -0.06684476137161255, 0.9398554563522339]] left_gripper=0.717298686504364 right_gripper=0.9398554563522339
update step=182 qpos=[-0.1882113218307495, 1.5277448892593384, 0.9171442985534668, -0.38564369082450867, 0.20370902121067047, -0.21584296226501465, 0.717298686504364, 0.011145980097353458, 0.2387266606092453, 0.22596411406993866, -0.12173311412334442, -0.008925102651119232, -0.06730826944112778, 0.9398554563522339]
pred step=182 action=[[-0.20477813482284546, 1.5419201850891113, 0.920764148235321, -0.37782764434814453, 0.21206773817539215, -0.2236548364162445, 0.7003355026245117, 0.007763874717056751, 0.20068956911563873, 0.20152810215950012, -0.10987818241119385, -0.004355192184448242, -0.06557701528072357, 0.9466260671615601]] left_gripper=0.7003355026245117 right_gripper=0.9466260671615601
update step=183 qpos=[-0.2028784304857254, 1.5399316549301147, 0.9207891821861267, -0.3786846101284027, 0.21100829541683197, -0.22265079617500305, 0.7003355026245117, 0.008149378933012486, 0.20510175824165344, 0.20446497201919556, -0.11140915006399155, -0.004924967885017395, -0.06579694896936417, 0.9466260671615601]
pred step=183 action=[[-0.19683068990707397, 1.494741678237915, 0.8998106718063354, -0.3752124309539795, 0.2209262251853943, -0.23203572630882263, 0.6277801990509033, 0.011285263113677502, 0.21059158444404602, 0.21433426439762115, -0.10488614439964294, -0.017710663378238678, -0.06631536781787872, 0.9396981000900269]] left_gripper=0.6277801990509033 right_gripper=0.9396981000900269
update step=184 qpos=[-0.1974608600139618, 1.4996967315673828, 0.9024094343185425, -0.3757232129573822, 0.21966072916984558, -0.23083996772766113, 0.6277801990509033, 0.010943847708404064, 0.2098756581544876, 0.21334190666675568, -0.10564564913511276, -0.016100402921438217, -0.06625022739171982, 0.9396981000900269]
pred step=184 action=[[-0.2141493856906891, 1.55751633644104, 0.9261800050735474, -0.37072211503982544, 0.2192414402961731, -0.2409118115901947, 0.6147674322128296, 0.011644217185676098, 0.1732669174671173, 0.1812090128660202, -0.09009000658988953, -0.011894933879375458, -0.06388621032238007, 0.9404857158660889]] left_gripper=0.6147674322128296 right_gripper=0.9404857158660889
update step=185 qpos=[-0.21233221888542175, 1.551247477531433, 0.9232597947120667, -0.3712642192840576, 0.21931806206703186, -0.2396247386932373, 0.6147674322128296, 0.011553129181265831, 0.17763060331344604, 0.1848180890083313, -0.09217536449432373, -0.012428945861756802, -0.06418777257204056, 0.9404857158660888]
pred step=185 action=[[-0.21207678318023682, 1.5908160209655762, 0.9325069189071655, -0.3736950159072876, 0.21778899431228638, -0.2418457567691803, 0.5663732886314392, 0.009266230277717113, 0.12252455949783325, 0.15364742279052734, -0.07350419461727142, -0.010641366243362427, -0.06541326642036438, 0.9378463625907898]] left_gripper=0.5663732886314392 right_gripper=0.9378463625907898
update step=186 qpos=[-0.2124868929386139, 1.5854768753051758, 0.9322232604026794, -0.3731290102005005, 0.21821555495262146, -0.2415766716003418, 0.5663732886314392, 0.009530099108815193, 0.12893229722976685, 0.15744049847126007, -0.07588836550712585, -0.010862485505640507, -0.06525667756795883, 0.9378463625907897]
pred step=186 action=[[-0.21598225831985474, 1.575677752494812, 0.9370298981666565, -0.3655602037906647, 0.2196733057498932, -0.24927371740341187, 0.5369390249252319, 0.010833559557795525, 0.12300890684127808, 0.14702433347702026, -0.07522514462471008, -0.014881126582622528, -0.06515876203775406, 0.9387211799621582]] left_gripper=0.5369390249252319 right_gripper=0.9387211799621582
update step=187 qpos=[-0.21561071276664734, 1.576483130455017, 0.9368272423744202, -0.36642464995384216, 0.21950392425060272, -0.24828948080539703, 0.5369390249252319, 0.010688175447285175, 0.12371722608804703, 0.14819082617759705, -0.0753457248210907, -0.014375662431120872, -0.06517177820205688, 0.9387211799621582]
pred step=187 action=[[-0.2251642942428589, 1.5666921138763428, 0.9360727667808533, -0.35890859365463257, 0.23159094154834747, -0.2611263394355774, 0.48219960927963257, 0.012706421315670013, 0.11628603935241699, 0.1453353464603424, -0.07154560089111328, -0.018977411091327667, -0.0608932301402092, 0.938493549823761]] left_gripper=0.48219960927963257 right_gripper=0.938493549823761
update step=188 qpos=[-0.2241673618555069, 1.567935824394226, 0.9360672831535339, -0.35989508032798767, 0.23008131980895996, -0.2594866454601288, 0.48219960927963257, 0.012478436343371868, 0.11712470650672913, 0.1457560807466507, -0.07200778275728226, -0.018399614840745926, -0.061439286917448044, 0.938493549823761]
pred step=188 action=[[-0.2293500304222107, 1.5640321969985962, 0.9489222764968872, -0.3854925334453583, 0.23598189651966095, -0.27232253551483154, 0.4257596731185913, 0.009669997729361057, 0.10638093948364258, 0.12923112511634827, -0.06131911277770996, -0.020830489695072174, -0.0565304160118103, 0.9414048194885254]] left_gripper=0.4257596731185913 right_gripper=0.9414048194885254
update step=189 qpos=[-0.2287827432155609, 1.5645036697387695, 0.947285532951355, -0.3822466731071472, 0.23524397611618042, -0.2706855535507202, 0.4257596731185913, 0.010004311800003052, 0.10768301039934158, 0.13108879327774048, -0.06273479759693146, -0.02051733434200287, -0.05715607851743698, 0.9414048194885254]
pred step=189 action=[[-0.2413991391658783, 1.6003434658050537, 0.9533246755599976, -0.36842501163482666, 0.23776060342788696, -0.27921220660209656, 0.4030570387840271, 0.010469073429703712, 0.07674106955528259, 0.10670103132724762, -0.05446493625640869, -0.01638808846473694, -0.05644308030605316, 0.9418230056762695]] left_gripper=0.4030570387840271 right_gripper=0.9418230056762695
update step=190 qpos=[-0.24003086984157562, 1.596454381942749, 0.9525766372680664, -0.3701365888118744, 0.23745892941951752, -0.2781226634979248, 0.4030570387840271, 0.010404943488538265, 0.08038997650146484, 0.10955154150724411, -0.05556055158376694, -0.016911135986447334, -0.056533727794885635, 0.9418230056762696]
pred step=190 action=[[-0.24341553449630737, 1.5920238494873047, 0.9539179801940918, -0.36472874879837036, 0.24363335967063904, -0.28373923897743225, 0.35426023602485657, 0.008194876834750175, 0.06597900390625, 0.10511137545108795, -0.05088183283805847, -0.018737100064754486, -0.05646682530641556, 0.9389544129371643]] left_gripper=0.35426023602485657 right_gripper=0.9389544129371643
update step=191 qpos=[-0.24303048849105835, 1.5922672748565674, 0.954043447971344, -0.3653446435928345, 0.24286098778247833, -0.2830212712287903, 0.35426023602485657, 0.008457852527499199, 0.06762382388114929, 0.10575446486473083, -0.05144377425312996, -0.018501562997698784, -0.05647522583603859, 0.9389544129371643]
pred step=191 action=[[-0.2581484317779541, 1.6032267808914185, 0.9578772783279419, -0.36545953154563904, 0.2495766580104828, -0.3000183403491974, 0.32081300020217896, 0.010186010040342808, 0.06136882305145264, 0.0895872563123703, -0.041131868958473206, -0.016797132790088654, -0.050135139375925064, 0.9451091289520264]] left_gripper=0.32081300020217896 right_gripper=0.9451091289520264
update step=192 qpos=[-0.256541907787323, 1.6020870208740234, 0.9573454856872559, -0.36544516682624817, 0.24875664710998535, -0.2978472113609314, 0.32081300020217896, 0.009978080168366432, 0.062154270708560944, 0.09137415140867233, -0.042508698999881744, -0.017015278339385986, -0.05094369500875473, 0.9451091289520264]
pred step=192 action=[[-0.2539302706718445, 1.5988893508911133, 0.95169997215271, -0.3670741021633148, 0.2509688138961792, -0.2992704510688782, 0.29713165760040283, 0.011053874157369137, 0.06041872501373291, 0.0886484682559967, -0.04608610272407532, -0.02156694233417511, -0.054779570549726486, 0.9435544013977051]] left_gripper=0.29713165760040283 right_gripper=0.9435544013977051
update step=193 qpos=[-0.25416478514671326, 1.5991847515106201, 0.9524035453796387, -0.36687833070755005, 0.25067827105522156, -0.29909056425094604, 0.29713165760040283, 0.010937536135315895, 0.0606062076985836, 0.08900585770606995, -0.045625749975442886, -0.020994162186980247, -0.05429057776927948, 0.9435544013977051]
pred step=193 action=[[-0.26666364073753357, 1.613468050956726, 0.9631932973861694, -0.3561728596687317, 0.2505961060523987, -0.3173375427722931, 0.2741941809654236, 0.01113282423466444, 0.04733666777610779, 0.07780301570892334, -0.03452657163143158, -0.01631350815296173, -0.048423051834106445, 0.9448397755622864]] left_gripper=0.2741941809654236 right_gripper=0.9448397755622864
update step=194 qpos=[-0.2653283178806305, 1.611844539642334, 0.9620228409767151, -0.3574616611003876, 0.25063297152519226, -0.31500619649887085, 0.2741941809654236, 0.011099475435912609, 0.04889824986457825, 0.07914116978645325, -0.03594999760389328, -0.016905097290873528, -0.049171190708875656, 0.9448397755622864]
pred step=194 action=[[-0.27307602763175964, 1.6172523498535156, 0.9665049314498901, -0.350999653339386, 0.2561498284339905, -0.3198716640472412, 0.2524557113647461, 0.011290510185062885, 0.037793874740600586, 0.07397454977035522, -0.0339406281709671, -0.016436628997325897, -0.04970167949795723, 0.9448619484901428]] left_gripper=0.2524557113647461 right_gripper=0.9448619484901428
update step=195 qpos=[-0.2722263038158417, 1.616633653640747, 0.9660335779190063, -0.3517867922782898, 0.25546371936798096, -0.31924983859062195, 0.2524557113647461, 0.011266911402344704, 0.03909308835864067, 0.07460598647594452, -0.03419359773397446, -0.016496002674102783, -0.04963376745581627, 0.9448619484901428]
pred step=195 action=[[-0.27757200598716736, 1.6192058324813843, 0.9632091522216797, -0.34114712476730347, 0.2513033151626587, -0.3277837634086609, 0.25338006019592285, 0.012108748778700829, 0.04096296429634094, 0.07231560349464417, -0.034957677125930786, -0.018080398440361023, -0.04892406240105629, 0.9450672268867493]] left_gripper=0.25338006019592285 right_gripper=0.9450672268867493
update step=196 qpos=[-0.27696648240089417, 1.618941307067871, 0.9635665416717529, -0.34249526262283325, 0.2518385946750641, -0.32669416069984436, 0.25338006019592285, 0.012013019062578678, 0.040753770619630814, 0.07255005836486816, -0.034876685589551926, -0.01788170449435711, -0.04901476576924324, 0.9450672268867493]
pred step=196 action=[[-0.2872614860534668, 1.623609185218811, 0.9640229940414429, -0.3334285020828247, 0.2557494044303894, -0.34077778458595276, 0.23068499565124512, 0.013440033420920372, 0.040531009435653687, 0.06952130794525146, -0.034841179847717285, -0.017629198729991913, -0.04966389015316963, 0.9385813474655151]] left_gripper=0.23068499565124512 right_gripper=0.9385813474655151
update step=197 qpos=[-0.2861603796482086, 1.6230686902999878, 0.9640289545059204, -0.3345583379268646, 0.255275160074234, -0.33897873759269714, 0.23068499565124512, 0.013272106647491455, 0.040561776608228683, 0.06986815482378006, -0.03485541790723801, -0.01766415871679783, -0.04958122968673706, 0.9385813474655151]
pred step=197 action=[[-0.2884969413280487, 1.624629259109497, 0.9608621597290039, -0.33522534370422363, 0.2575089931488037, -0.3438318371772766, 0.22670704126358032, 0.014346174895763397, 0.03945809602737427, 0.0693809986114502, -0.03522464632987976, -0.01813538745045662, -0.04836640879511833, 0.9389658570289612]] left_gripper=0.22670704126358032 right_gripper=0.9389658570289612
update step=198 qpos=[-0.28821897506713867, 1.624447226524353, 0.9612269997596741, -0.3351510167121887, 0.2572270631790161, -0.34321317076683044, 0.22670704126358032, 0.014221006073057652, 0.03958076983690262, 0.06945763528347015, -0.03517274931073189, -0.018077848479151726, -0.04852146655321121, 0.9389658570289611]
pred step=198 action=[[-0.29705294966697693, 1.6355924606323242, 0.9680684804916382, -0.3273678123950958, 0.2590793967247009, -0.3489474952220917, 0.21508139371871948, 0.016043636947870255, 0.038071274757385254, 0.06616553664207458, -0.02994459867477417, -0.01789160445332527, -0.048732928931713104, 0.9367780089378357]] left_gripper=0.21508139371871948 right_gripper=0.9367780089378357
update step=199 qpos=[-0.29610633850097656, 1.6342995166778564, 0.9673553705215454, -0.3283030390739441, 0.2588626742362976, -0.34821364283561707, 0.21508139371871948, 0.015829309821128845, 0.038250599056482315, 0.06655457615852356, -0.030615517869591713, -0.017918812111020088, -0.04870609566569328, 0.9367780089378357]
pred step=199 action=[[-0.297827810049057, 1.6293833255767822, 0.9697146415710449, -0.33098217844963074, 0.25908219814300537, -0.3527919352054596, 0.2169082760810852, 0.016194667667150497, 0.038242459297180176, 0.06672421097755432, -0.030754879117012024, -0.018067672848701477, -0.04922553524374962, 0.9354873895645142]] left_gripper=0.2169082760810852 right_gripper=0.9354873895645142
update step=200 qpos=[-0.297614187002182, 1.6298993825912476, 0.9694709181785583, -0.3306313157081604, 0.2590564489364624, -0.35220783948898315, 0.2169082760810852, 0.01615242101252079, 0.03823905810713768, 0.0667143315076828, -0.030733585357666016, -0.01804967410862446, -0.04915936663746834, 0.9354873895645142]
pred step=200 action=[[-0.3790743052959442, 1.646720290184021, 1.0312212705612183, -0.27794867753982544, 0.23332597315311432, -0.34777405858039856, 0.5908347368240356, 0.016894681379199028, 0.0143204927444458, -0.0007394850254058838, 0.0017360895872116089, 0.014018654823303223, -0.003908409271389246, 1.011244297027588]] left_gripper=0.5908347368240356 right_gripper=1.011244297027588
update step=201 qpos=[-0.37019556760787964, 1.6450040340423584, 1.0244845151901245, -0.28427940607070923, 0.23674072325229645, -0.3483215570449829, 0.5510913335614734, 0.016735289245843887, 0.01736043021082878, 0.006710322108119726, -0.0026686012279242277, 0.009969059377908707, -0.00967609416693449, 1.0]
pred step=201 action=[[-0.38062793016433716, 1.6455634832382202, 1.033023715019226, -0.28093624114990234, 0.23253682255744934, -0.34733444452285767, 0.6028832793235779, 0.016676049679517746, 0.014056503772735596, -0.002078711986541748, 0.001896977424621582, 0.013751871883869171, -0.003817649558186531, 1.0109825134277344]] left_gripper=0.6028832793235779 right_gripper=1.0109825134277344
update step=202 qpos=[-0.3791543245315552, 1.6460014581680298, 1.0316414833068848, -0.28142401576042175, 0.23303988575935364, -0.34746259450912476, 0.6028832793235778, 0.016672944650053978, 0.014328023418784142, -0.0007286685286089778, 0.0013896966120228171, 0.013277062214910984, -0.004562037531286478, 1.0]
pred step=202 action=[[-0.38167160749435425, 1.6448163986206055, 1.0375759601593018, -0.2853066623210907, 0.23122233152389526, -0.3502355217933655, 0.6263725161552429, 0.016687925904989243, 0.013717949390411377, -0.0035168826580047607, 0.0007151216268539429, 0.01362597942352295, -0.0035672313533723354, 1.0099722146987915]] left_gripper=0.6263725161552429 right_gripper=1.0099722146987915
update step=203 qpos=[-0.3813508152961731, 1.6449750661849976, 1.0368579626083374, -0.2848025858402252, 0.23145166039466858, -0.3498818278312683, 0.6263725161552429, 0.016685159876942635, 0.013785210438072681, -0.003175636986270547, 0.0007988790166564286, 0.013582234270870686, -0.0036937552504241467, 1.0]
pred step=203 action=[[-0.38206347823143005, 1.644529938697815, 1.0378150939941406, -0.29413071274757385, 0.2306126058101654, -0.34751036763191223, 0.6393331289291382, 0.016069773584604263, 0.013821601867675781, -0.00518035888671875, 0.0011704862117767334, 0.013449393212795258, -0.0034629879519343376, 1.010448694229126]] left_gripper=0.6393331289291382 right_gripper=1.010448694229126
update step=204 qpos=[-0.3819773495197296, 1.644626259803772, 1.037618637084961, -0.2929670512676239, 0.23071859776973724, -0.3478136956691742, 0.6393331289291382, 0.0161422286182642, 0.01381771918386221, -0.004944638814777136, 0.0011184638133272529, 0.013467476703226566, -0.00349230389110744, 1.0]
pred step=204 action=[[-0.3810611069202423, 1.6458733081817627, 1.0484780073165894, -0.3065008819103241, 0.2267128974199295, -0.3490654230117798, 0.6850078701972961, 0.016024570912122726, 0.014355599880218506, -0.007460176944732666, -0.0006863325834274292, 0.01293802261352539, -0.00326735433191061, 1.009138584136963]] left_gripper=0.6850078701972961 right_gripper=1.009138584136963
update step=205 qpos=[-0.3811422884464264, 1.6457021236419678, 1.0471923351287842, -0.30475449562072754, 0.22721736133098602, -0.34890633821487427, 0.6850078701972961, 0.016039380803704262, 0.014302744530141354, -0.007192578166723251, -0.0004710946814157069, 0.013005191460251808, -0.0032960528042167425, 1.0]
pred step=205 action=[[-0.3786161541938782, 1.6478140354156494, 1.0484733581542969, -0.32019519805908203, 0.22400328516960144, -0.3449704349040985, 0.710867702960968, 0.01413458026945591, 0.011415421962738037, -0.009241878986358643, 0.001795262098312378, 0.012198962271213531, -0.003031007945537567, 1.008634328842163]] left_gripper=0.710867702960968 right_gripper=1.008634328842163
update step=206 qpos=[-0.3788827955722809, 1.6476199626922607, 1.048210859298706, -0.31826138496398926, 0.22440367937088013, -0.34547409415245056, 0.710867702960968, 0.014359619468450546, 0.011748719960451126, -0.008974088355898857, 0.0015118587762117386, 0.012304769828915596, -0.0030646200757473707, 1.0]
pred step=206 action=[[-0.3694413900375366, 1.652121901512146, 1.0675092935562134, -0.35364243388175964, 0.21705949306488037, -0.33465129137039185, 0.7471389174461365, 0.014833491295576096, 0.013467520475387573, -0.012602686882019043, -0.003090992569923401, 0.01168101280927658, -0.0037756934762001038, 1.0080691576004028]] left_gripper=0.7471389174461365 right_gripper=1.0080691576004028
update step=207 qpos=[-0.37042903900146484, 1.6515226364135742, 1.0651971101760864, -0.3491074740886688, 0.2179686725139618, -0.3360348045825958, 0.7471389174461365, 0.014779092743992805, 0.013291377574205399, -0.012250948697328568, -0.0025364826433360577, 0.01175874937325716, -0.0036851344630122185, 1.0]
pred step=207 action=[[-0.36762288212776184, 1.6591459512710571, 1.087656021118164, -0.36356914043426514, 0.21247747540473938, -0.3396283686161041, 0.7894451022148132, 0.013643411919474602, 0.012026160955429077, -0.015529006719589233, -0.0049247294664382935, 0.012279249727725983, -0.0035160942934453487, 1.0061588287353516]] left_gripper=0.7894451022148132 right_gripper=1.0061588287353516
update step=208 qpos=[-0.36795419454574585, 1.6583133935928345, 1.0849817991256714, -0.36167052388191223, 0.2131696492433548, -0.33917000889778137, 0.7894451022148132, 0.013775601051747799, 0.012179162353277206, -0.015148516744375229, -0.0046295891515910625, 0.012215749360620975, -0.003537527285516262, 1.0]
pred step=208 action=[[-0.3691222369670868, 1.6686164140701294, 1.1020872592926025, -0.3739873766899109, 0.20929667353630066, -0.34337517619132996, 0.8153808116912842, 0.01457668375223875, 0.01221609115600586, -0.0125027596950531, -0.006175130605697632, 0.011616095900535583, -0.002695897128432989, 1.0071951150894165]] left_gripper=0.8153808116912842 right_gripper=1.0071951150894165
update step=209 qpos=[-0.3690088987350464, 1.6675159931182861, 1.10000479221344, -0.37238264083862305, 0.20978890359401703, -0.3428391218185425, 0.8153808116912842, 0.014483549632132053, 0.012192964553833008, -0.01276539545506239, -0.005958946887403727, 0.011690439656376839, -0.00280331214889884, 1.0]
pred step=209 action=[[-0.3604922890663147, 1.6710580587387085, 1.131561279296875, -0.3931639492511749, 0.20193296670913696, -0.34526804089546204, 0.8737120628356934, 0.013798197731375694, 0.009118080139160156, -0.012498527765274048, -0.010900929570198059, 0.010326333343982697, -0.0031608114950358868, 1.004543423652649]] left_gripper=0.8737120628356934 right_gripper=1.004543423652649
update step=210 qpos=[-0.36135804653167725, 1.6706539392471313, 1.1278492212295532, -0.3904282748699188, 0.20290566980838776, -0.3449605703353882, 0.8737120628356934, 0.013881629332900047, 0.009493698365986347, -0.012560953386127949, -0.01027857419103384, 0.010500038042664528, -0.0031152076553553343, 1.0]
pred step=210 action=[[-0.34891611337661743, 1.6875203847885132, 1.1676652431488037, -0.42081961035728455, 0.19470450282096863, -0.33885109424591064, 0.9071158766746521, 0.013411310501396656, 0.009583085775375366, -0.018171042203903198, -0.01228991150856018, 0.009579285979270935, -0.003667309880256653, 1.0060454607009888]] left_gripper=0.9071158766746521 right_gripper=1.0060454607009888
update step=211 qpos=[-0.35026317834854126, 1.6857706308364868, 1.162807822227478, -0.4168672263622284, 0.19571562111377716, -0.33963340520858765, 0.9071158766746521, 0.013468488119542599, 0.00960154365748167, -0.017588045448064804, -0.012069275602698326, 0.009696443565189838, -0.0035969570744782686, 1.0]
pred step=211 action=[[-0.3457433581352234, 1.7007842063903809, 1.1661356687545776, -0.4337007403373718, 0.18941065669059753, -0.33217963576316833, 0.8893154859542847, 0.012215680442750454, 0.008564174175262451, -0.014135748147964478, -0.01271730661392212, 0.009629689157009125, -0.0037705362774431705, 1.0076653957366943]] left_gripper=0.8893154859542847 right_gripper=1.0076653957366943
update step=212 qpos=[-0.3462951183319092, 1.6991286277770996, 1.1656341552734375, -0.4315706491470337, 0.19020569324493408, -0.33313125371932983, 0.8893154859542847, 0.012362639419734478, 0.008654147386550903, -0.014453454874455929, -0.012601364403963089, 0.009640653617680073, -0.003748286049813032, 1.0]
pred step=212 action=[[-0.3213527202606201, 1.7106223106384277, 1.1998344659805298, -0.46568721532821655, 0.18119050562381744, -0.3110198676586151, 0.9199889302253723, 0.010783151723444462, 0.003912627696990967, -0.019871294498443604, -0.015293151140213013, 0.00964711606502533, -0.005396163556724787, 1.0081908702850342]] left_gripper=0.9199889302253723 right_gripper=1.0081908702850342
update step=213 qpos=[-0.3239763081073761, 1.709112524986267, 1.195908546447754, -0.46122050285339355, 0.18227989971637726, -0.31384456157684326, 0.9199889302253723, 0.010968508198857307, 0.004508248530328274, -0.019321901723742485, -0.014984870329499245, 0.009649330750107765, -0.005185907706618309, 1.0]
pred step=213 action=[[-0.3139633238315582, 1.7497879266738892, 1.2471568584442139, -0.479586124420166, 0.18060266971588135, -0.30891096591949463, 0.9322652816772461, 0.009403573349118233, -0.0015399456024169922, -0.019093334674835205, -0.013030320405960083, 0.010205328464508057, -0.005238791927695274, 1.01192307472229]] left_gripper=0.9322652816772461 right_gripper=1.01192307472229
update step=214 qpos=[-0.3152098059654236, 1.745208501815796, 1.241131067276001, -0.47704464197158813, 0.18080951273441315, -0.30953875184059143, 0.9322652816772461, 0.009585551917552948, -0.0008503906428813934, -0.01904490776360035, -0.01325275469571352, 0.010138355195522308, -0.005231897346675396, 1.0]
pred step=214 action=[[-0.3075658679008484, 1.7383503913879395, 1.238965392112732, -0.49388331174850464, 0.17110756039619446, -0.30741360783576965, 0.942470133304596, 0.008417777717113495, 0.0027321279048919678, -0.019036859273910522, -0.017918407917022705, 0.009006068110466003, -0.005124055314809084, 1.009138822555542]] left_gripper=0.942470133304596 right_gripper=1.009138822555542
update step=215 qpos=[-0.30842334032058716, 1.7390564680099487, 1.2391858100891113, -0.49178028106689453, 0.1723286509513855, -0.307686448097229, 0.942470133304596, 0.008557037450373173, 0.0023291786201298237, -0.01910281553864479, -0.017345886677503586, 0.0091515788808465, -0.005137765780091286, 1.0]
pred step=215 action=[[-0.2938474118709564, 1.7506352663040161, 1.259251594543457, -0.506237268447876, 0.1672414392232895, -0.29552000761032104, 0.9443841576576233, 0.008336523547768593, -0.00022584199905395508, -0.022457093000411987, -0.02072349190711975, 0.00920366495847702, -0.005518692079931498, 1.01008939743042]] left_gripper=0.9443841576576233 right_gripper=1.01008939743042
update step=216 qpos=[-0.2954259216785431, 1.7493280172348022, 1.2568589448928833, -0.5043336153030396, 0.16785873472690582, -0.2970740795135498, 0.9443841576576234, 0.008362136781215668, 8.965474989963695e-05, -0.022092312574386597, -0.020308801904320717, 0.009197434410452843, -0.005470097530633211, 1.0]
pred step=216 action=[[-0.2833477854728699, 1.784743309020996, 1.291612148284912, -0.517103374004364, 0.16861669719219208, -0.29380929470062256, 0.947217583656311, 0.006571219768375158, 0.001047581434249878, -0.017834603786468506, -0.01718975603580475, 0.00916878879070282, -0.005897577852010727, 1.0101715326309204]] left_gripper=0.947217583656311 right_gripper=1.0101715326309204
update step=217 qpos=[-0.28475096821784973, 1.7806330919265747, 1.2876026630401611, -0.5153089761734009, 0.16850663721561432, -0.2942256033420563, 0.947217583656311, 0.0067813522182404995, 0.0008991319336928427, -0.01824333146214485, -0.017551297321915627, 0.009176049381494522, -0.005842879414558411, 1.0]
pred step=217 action=[[-0.2761158049106598, 1.7926160097122192, 1.3062447309494019, -0.5315470695495605, 0.16855044662952423, -0.2801339626312256, 0.9507009983062744, 0.00656967144459486, 0.0008647143840789795, -0.02029728889465332, -0.014065176248550415, 0.008809641003608704, -0.006170833948999643, 1.012518286705017]] left_gripper=0.9507009983062744 right_gripper=1.012518286705017
update step=218 qpos=[-0.27713364362716675, 1.7910999059677124, 1.304119348526001, -0.5294016003608704, 0.16853955388069153, -0.2819312512874603, 0.9507009983062744, 0.006595083978027105, 0.0008842223905958235, -0.02009538561105728, -0.01452413760125637, 0.008856364525854588, -0.006129041314125061, 1.0]
pred step=218 action=[[-0.25815558433532715, 1.8004107475280762, 1.3248692750930786, -0.5455179214477539, 0.15459905564785004, -0.27428606152534485, 0.9590004682540894, 0.0055273305624723434, -0.001960188150405884, -0.019191265106201172, -0.022720888257026672, 0.009862080216407776, -0.006703360006213188, 1.0109304189682007]] left_gripper=0.9590004682540894 right_gripper=1.0109304189682007
update step=219 qpos=[-0.2601848244667053, 1.799353837966919, 1.3223967552185059, -0.543402910232544, 0.15633118152618408, -0.2752639949321747, 0.9590004682540892, 0.0056505403481423855, -0.0016160907689481974, -0.01931830681860447, -0.021680211648344994, 0.009737047366797924, -0.006629979703575373, 1.0]
pred step=219 action=[[-0.23760363459587097, 1.8319863080978394, 1.3559428453445435, -0.5667911767959595, 0.15564626455307007, -0.2528383731842041, 0.9482523202896118, 0.005800236016511917, -0.004226595163345337, -0.024231284856796265, -0.017756342887878418, 0.008995942771434784, -0.006096948869526386, 1.012513518333435]] left_gripper=0.9482523202896118 right_gripper=1.012513518333435
update step=220 qpos=[-0.2401908040046692, 1.8281781673431396, 1.352015733718872, -0.5636695027351379, 0.15570659935474396, -0.25570011138916016, 0.9482523202896118, 0.005783881526440382, -0.003909080754965544, -0.023671109229326248, -0.01827024482190609, 0.00908947829157114, -0.006164989899843931, 1.0]
pred step=220 action=[[-0.23007094860076904, 1.8664183616638184, 1.3858188390731812, -0.5677449703216553, 0.15822327136993408, -0.24952170252799988, 0.9499093890190125, 0.003528125584125519, -0.009558647871017456, -0.015295356512069702, -0.011912807822227478, 0.008492782711982727, -0.006670326925814152, 1.014797568321228]] left_gripper=0.9499093890190125 right_gripper=1.014797568321228
update step=221 qpos=[-0.23139727115631104, 1.8617931604385376, 1.3820769786834717, -0.5670104026794434, 0.1579105108976364, -0.25030675530433655, 0.9499093890190125, 0.003793863346800208, -0.00895601324737072, -0.016098137944936752, -0.012645673006772995, 0.008572792634367943, -0.006605619564652443, 1.0]
pred step=221 action=[[-0.2120661437511444, 1.8861265182495117, 1.4105764627456665, -0.5816206932067871, 0.1565968543291092, -0.23477736115455627, 0.9469093084335327, 0.0037474678829312325, -0.012718766927719116, -0.020904570817947388, -0.013274729251861572, 0.009351268410682678, -0.006748898886144161, 1.015739917755127]] left_gripper=0.9469093084335327 right_gripper=1.015739917755127
update step=222 qpos=[-0.2142178863286972, 1.8831442594528198, 1.4073494672775269, -0.5796130895614624, 0.15673884749412537, -0.23675933480262756, 0.9469093084335327, 0.0037510746624320745, -0.012222153134644032, -0.020476752892136574, -0.013241390697658062, 0.009252914227545261, -0.006730613764375448, 1.0]
pred step=222 action=[[-0.20072504878044128, 1.9168460369110107, 1.4423505067825317, -0.5944509506225586, 0.1518004834651947, -0.22869613766670227, 0.9446726441383362, 0.0033984603360295296, -0.013413488864898682, -0.018434733152389526, -0.010404631495475769, 0.009961582720279694, -0.00647807028144598, 1.0162086486816406]] left_gripper=0.9446726441383362 right_gripper=1.0162086486816406
update step=223 qpos=[-0.20239783823490143, 1.9128003120422363, 1.4383467435836792, -0.5923817753791809, 0.15242531895637512, -0.22972337901592255, 0.9446726441383362, 0.0034381982404738665, -0.013300406746566296, -0.018600016832351685, -0.010738539509475231, 0.009872861206531525, -0.006510176695883274, 1.0]
pred step=223 action=[[-0.179599791765213, 1.928195834159851, 1.4619932174682617, -0.6155229210853577, 0.14253626763820648, -0.21146026253700256, 0.945042610168457, 0.0022503104992210865, -0.013489782810211182, -0.020161330699920654, -0.012081608176231384, 0.010327465832233429, -0.007108940742909908, 1.0154553651809692]] left_gripper=0.945042610168457 right_gripper=1.0154553651809692
update step=224 qpos=[-0.18217119574546814, 1.9262796640396118, 1.4592405557632446, -0.6124874353408813, 0.14376497268676758, -0.21379166841506958, 0.945042610168457, 0.002388871507719159, -0.013448708690702915, -0.020028656348586082, -0.011928494088351727, 0.010272368788719177, -0.0070324428379535675, 1.0]
pred step=224 action=[[-0.16706016659736633, 1.9632933139801025, 1.4903786182403564, -0.6214917898178101, 0.1448649913072586, -0.20111796259880066, 0.9333138465881348, 0.0020960276015102863, -0.017708241939544678, -0.015027403831481934, -0.0031444132328033447, 0.008731313049793243, -0.006942053325474262, 1.0146726369857788]] left_gripper=0.9333138465881348 right_gripper=1.0146726369857788
update step=225 qpos=[-0.1690104454755783, 1.9588207006454468, 1.4868742227554321, -0.6201567649841309, 0.14473070204257965, -0.2027321606874466, 0.9333138465881348, 0.0021331319585442543, -0.017255842685699463, -0.015470820479094982, -0.004205665551126003, 0.008926838636398315, -0.006953627802431583, 1.0]
pred step=225 action=[[-0.15306758880615234, 1.9831273555755615, 1.5166723728179932, -0.6295735836029053, 0.14353466033935547, -0.18986594676971436, 0.9293955564498901, 0.0014259107410907745, -0.021188557147979736, -0.01818186044692993, -0.0018344074487686157, 0.010060317814350128, -0.00703723169863224, 1.0159318447113037]] left_gripper=0.9293955564498901 right_gripper=1.0159318447113037
update step=226 qpos=[-0.15498651564121246, 1.980116605758667, 1.5133079290390015, -0.6282116770744324, 0.1436810940504074, -0.19150614738464355, 0.92939555644989, 0.0015066227642819285, -0.020696494728326797, -0.017933227121829987, -0.0021584180649369955, 0.00991836003959179, -0.007026425562798977, 1.0]
pred step=226 action=[[-0.15495117008686066, 1.9900137186050415, 1.5213704109191895, -0.6210484504699707, 0.1504577398300171, -0.19878974556922913, 0.9341654777526855, 0.0021399823017418385, -0.017238318920135498, -0.01521754264831543, -0.0019194483757019043, 0.010107085108757019, -0.006188173312693834, 1.017891526222229]] left_gripper=0.9341654777526855 right_gripper=1.017891526222229
update step=227 qpos=[-0.1552083045244217, 1.9888296127319336, 1.5205059051513672, -0.6218920350074768, 0.14962026476860046, -0.19785775244235992, 0.9341654777526855, 0.0020650241058319807, -0.017658904194831848, -0.015512737445533276, -0.001939013134688139, 0.010082138702273369, -0.0062951017171144485, 1.0]
pred step=227 action=[[-0.13577473163604736, 2.0047435760498047, 1.5399585962295532, -0.6430281400680542, 0.1390151083469391, -0.17668630182743073, 0.9236643314361572, 0.0019665327854454517, -0.020048469305038452, -0.019043922424316406, -0.00022442638874053955, 0.010240964591503143, -0.006627827882766724, 1.0144935846328735]] left_gripper=0.9236643314361572 right_gripper=1.0144935846328735
update step=228 qpos=[-0.13782048225402832, 2.0027809143066406, 1.537674903869629, -0.6402632594108582, 0.140327587723732, -0.1793900579214096, 0.9236643314361572, 0.00197790190577507, -0.01975109800696373, -0.018661921843886375, -0.000458321301266551, 0.010221052914857864, -0.006585345137864351, 1.0]
pred step=228 action=[[-0.1271941363811493, 2.0083842277526855, 1.5446022748947144, -0.6492955684661865, 0.13686299324035645, -0.16884058713912964, 0.9203479886054993, 0.0013058017939329147, -0.023905575275421143, -0.022775083780288696, 0.0001445859670639038, 0.01034669578075409, -0.00676201656460762, 1.0143848657608032]] left_gripper=0.9203479886054993 right_gripper=1.0143848657608032
update step=229 qpos=[-0.12865203619003296, 2.007659912109375, 1.5437971353530884, -0.6481220722198486, 0.13731373846530914, -0.1701841950416565, 0.9203479886054993, 0.0013843454653397202, -0.02340826205909252, -0.02230171672999859, 5.861942918272689e-05, 0.010332189500331879, -0.006739423610270023, 1.0]
pred step=229 action=[[-0.12959857285022736, 2.0124661922454834, 1.5482594966888428, -0.6503033638000488, 0.13658222556114197, -0.17330493032932281, 0.9221011400222778, 0.0013801716268062592, -0.02024233341217041, -0.019945472478866577, -0.0011333376169204712, 0.01075868308544159, -0.006409226916730404, 1.0154826641082764]] left_gripper=0.9221011400222778 right_gripper=1.0154826641082764
update step=230 qpos=[-0.12965747714042664, 2.0118722915649414, 1.5477527379989624, -0.6500024795532227, 0.13669025897979736, -0.1729050874710083, 0.9221011400222778, 0.0013796491548418999, -0.02062922716140747, -0.02019599638879299, -0.0009710494196042418, 0.010704843327403069, -0.006451310124248266, 1.0]
pred step=230 action=[[-0.10683276504278183, 2.0351967811584473, 1.5749694108963013, -0.6624811887741089, 0.13467217981815338, -0.15340390801429749, 0.9130209684371948, 0.0012382585555315018, -0.025982201099395752, -0.02198776602745056, 0.002257987856864929, 0.011192552745342255, -0.006401486694812775, 1.0147638320922852]] left_gripper=0.9130209684371948 right_gripper=1.0147638320922852
update step=231 qpos=[-0.10927943140268326, 2.032369613647461, 1.5718333721160889, -0.6607547998428345, 0.13489381968975067, -0.1558939814567566, 0.9130209684371949, 0.001253696740604937, -0.02535083517432213, -0.021763049066066742, 0.001851064502261579, 0.011131277307868004, -0.0064077614806592464, 1.0]
pred step=231 action=[[-0.08993104845285416, 2.056948184967041, 1.591806411743164, -0.6689132452011108, 0.13294503092765808, -0.1376676857471466, 0.9035645723342896, 0.0007707709446549416, -0.03223726153373718, -0.024133235216140747, 0.0058250874280929565, 0.0110420361161232, -0.006009724456816912, 1.0119465589523315]] left_gripper=0.9035645723342896 right_gripper=1.0119465589523315
update step=232 qpos=[-0.09242153912782669, 2.053865671157837, 1.5895991325378418, -0.6677448749542236, 0.13319963216781616, -0.1399904489517212, 0.9035645723342896, 0.0008273863350041211, -0.03142688050866127, -0.023836594074964523, 0.005324782803654671, 0.01105443388223648, -0.0060604028403759, 1.0]
pred step=232 action=[[-0.08072708547115326, 2.068315029144287, 1.6075282096862793, -0.6744611859321594, 0.13179489970207214, -0.1302758753299713, 0.8991074562072754, 0.0015770257450640202, -0.03155648708343506, -0.0239560604095459, 0.006645306944847107, 0.011457912623882294, -0.006125256419181824, 1.0131478309631348]] left_gripper=0.8991074562072754 right_gripper=1.0131478309631348
update step=233 qpos=[-0.08231017738580704, 2.0665199756622314, 1.605479121208191, -0.6735143065452576, 0.1319839507341385, -0.13151293992996216, 0.8991074562072754, 0.0014881039969623089, -0.031541887670755386, -0.023943426087498665, 0.0064772022888064384, 0.01140540186315775, -0.006117014214396477, 1.0]
pred step=233 action=[[-0.07941290736198425, 2.072113037109375, 1.6109861135482788, -0.6773287057876587, 0.13111929595470428, -0.1318788230419159, 0.8971742987632751, 0.0008292794227600098, -0.030479341745376587, -0.022767484188079834, 0.008074343204498291, 0.011859133839607239, -0.005730104632675648, 1.012566328048706]] left_gripper=0.8971742987632751 right_gripper=1.012566328048706
update step=234 qpos=[-0.07991231232881546, 2.071413278579712, 1.6103556156158447, -0.6768167018890381, 0.13124051690101624, -0.13183078169822693, 0.8971742987632751, 0.0009057731367647648, -0.030611824244260788, -0.022889021784067154, 0.007878041826188564, 0.01180317159742117, -0.005779340397566557, 1.0]
pred step=234 action=[[-0.07169423997402191, 2.081010341644287, 1.620168924331665, -0.6808029413223267, 0.13010965287685394, -0.125951886177063, 0.894447922706604, 0.0013112984597682953, -0.03081604838371277, -0.02477404475212097, 0.007561385631561279, 0.011774562299251556, -0.00536348856985569, 1.0126080513000488]] left_gripper=0.894447922706604 right_gripper=1.0126080513000488
update step=235 qpos=[-0.07262983918190002, 2.079819917678833, 1.6190518140792847, -0.6802419424057007, 0.13024592399597168, -0.12670227885246277, 0.894447922706604, 0.0012636001920327544, -0.030779028311371803, -0.02458552084863186, 0.007588137406855822, 0.011777443811297417, -0.005416534375399351, 1.0]
pred step=235 action=[[-0.05456320941448212, 2.0922226905822754, 1.6345545053482056, -0.6922697424888611, 0.12624430656433105, -0.11049430072307587, 0.8872553706169128, 0.001376473344862461, -0.034700870513916016, -0.025000393390655518, 0.008946463465690613, 0.012303993105888367, -0.0052978042513132095, 1.0113615989685059]] left_gripper=0.8872553706169128 right_gripper=1.0113615989685059
update step=236 qpos=[-0.056684330105781555, 2.090686559677124, 1.632745623588562, -0.6906724572181702, 0.12674131989479065, -0.11256231367588043, 0.8872553706169128, 0.001362042035907507, -0.03424783796072006, -0.02491725981235504, 0.008785397745668888, 0.012237265706062317, -0.005312884226441383, 1.0]
pred step=236 action=[[-0.05538146197795868, 2.1020960807800293, 1.6430423259735107, -0.6917639970779419, 0.1293846219778061, -0.1105492115020752, 0.881442666053772, 0.0012040641158819199, -0.03636676073074341, -0.026263773441314697, 0.011474445462226868, 0.012446403503417969, -0.00538810808211565, 1.0123127698898315]] left_gripper=0.881442666053772 right_gripper=1.0123127698898315
update step=237 qpos=[-0.055842023342847824, 2.100672960281372, 1.641894817352295, -0.6915596723556519, 0.12907396256923676, -0.11080275475978851, 0.881442666053772, 0.001222155406139791, -0.03611546382308006, -0.02610582858324051, 0.01113105472177267, 0.012420328333973885, -0.005378473084419966, 1.0]
pred step=237 action=[[-0.0442209430038929, 2.103083610534668, 1.6455711126327515, -0.6941688060760498, 0.12656712532043457, -0.09970840811729431, 0.8770915865898132, 0.0011271825060248375, -0.037441134452819824, -0.02360674738883972, 0.011605992913246155, 0.01238086074590683, -0.005415931809693575, 1.0108814239501953]] left_gripper=0.8770915865898132 right_gripper=1.0108814239501953
update step=238 qpos=[-0.045490995049476624, 2.102783203125, 1.6451466083526611, -0.6938194632530212, 0.1268709897994995, -0.10112463682889938, 0.8770915865898132, 0.001138320891186595, -0.037298113107681274, -0.0238643866032362, 0.011562880128622055, 0.012386077083647251, -0.005411143880337477, 1.0]
pred step=238 action=[[-0.03770596534013748, 2.113722801208496, 1.66010320186615, -0.7013993859291077, 0.1271628439426422, -0.09481052309274673, 0.8689885139465332, 0.0007814196869730949, -0.038326412439346313, -0.026311784982681274, 0.013359174132347107, 0.013079509139060974, -0.0051234266720712185, 1.01178777217865]] left_gripper=0.8689885139465332 right_gripper=1.01178777217865
update step=239 qpos=[-0.0387783907353878, 2.112395763397217, 1.6583436727523804, -0.7003718614578247, 0.1271340399980545, -0.09561458230018616, 0.8689885139465332, 0.0008218847215175629, -0.038190484046936035, -0.026060808449983597, 0.013115535490214825, 0.01299260649830103, -0.0051600318402051926, 1.0]
pred step=239 action=[[-0.03147866949439049, 2.1211037635803223, 1.6690480709075928, -0.7048988342285156, 0.12431104481220245, -0.0900680348277092, 0.8669322729110718, 0.0006657494232058525, -0.03900963068008423, -0.02611657977104187, 0.013350054621696472, 0.013345181941986084, -0.0052359518595039845, 1.0114320516586304]] left_gripper=0.8669322729110718 right_gripper=1.0114320516586304
update step=240 qpos=[-0.032407745718955994, 2.1200313568115234, 1.6678085327148438, -0.7042714357376099, 0.1246708333492279, -0.09077505022287369, 0.8669322729110718, 0.0006832432118244469, -0.03891848772764206, -0.0260939858853817, 0.013325371779501438, 0.013300998136401176, -0.005226214416325092, 1.0]
pred step=240 action=[[-0.01843230053782463, 2.1254453659057617, 1.6746867895126343, -0.7085301876068115, 0.12492182850837708, -0.07727313786745071, 0.8590551614761353, 0.0006335992366075516, -0.04117715358734131, -0.02724185585975647, 0.01405903697013855, 0.013582736253738403, -0.004863853100687265, 1.0105280876159668]] left_gripper=0.8590551614761353 right_gripper=1.0105280876159668
update step=241 qpos=[-0.02010917291045189, 2.1247785091400146, 1.6738861799240112, -0.7079566121101379, 0.12488508224487305, -0.07899545133113861, 0.8590551614761353, 0.0006387149915099144, -0.040908295661211014, -0.027108658105134964, 0.013964315876364708, 0.013547315262258053, -0.004910026211291552, 1.0]
pred step=241 action=[[-0.004308443516492844, 2.1406311988830566, 1.691842794418335, -0.7161096334457397, 0.12179288268089294, -0.0635606199502945, 0.8476130962371826, 0.0004974203184247017, -0.041723936796188354, -0.026003658771514893, 0.015912607312202454, 0.01329166442155838, -0.005074330139905214, 1.0094408988952637]] left_gripper=0.8476130962371826 right_gripper=1.0094408988952637
update step=242 qpos=[-0.00631554052233696, 2.1386606693267822, 1.6897752285003662, -0.7149810791015625, 0.12218865752220154, -0.06552836298942566, 0.8476130962371826, 0.0005144926253706217, -0.0416385792195797, -0.026104016229510307, 0.015676522627472878, 0.013324282132089138, -0.005053355358541012, 1.0]
pred step=242 action=[[-0.010832242667675018, 2.1427688598632812, 1.6971615552902222, -0.7151657342910767, 0.12299006432294846, -0.0715256780385971, 0.8442429900169373, 0.0006131120026111603, -0.03977367281913757, -0.025763481855392456, 0.01617184281349182, 0.013716235756874084, -0.005060723051428795, 1.0110580921173096]] left_gripper=0.8442429900169373 right_gripper=1.0110580921173096
update step=243 qpos=[-0.010595714673399925, 2.1422979831695557, 1.6962928771972656, -0.7151083946228027, 0.12291355431079865, -0.07075770199298859, 0.8442429900169373, 0.0006007832707837224, -0.03998950868844986, -0.025819197297096252, 0.01610397920012474, 0.013666459359228611, -0.0050597828812897205, 1.0]
pred step=243 action=[[0.00415564700961113, 2.150914192199707, 1.7084691524505615, -0.7223618030548096, 0.12018530070781708, -0.05535506457090378, 0.8340522050857544, 1.7249025404453278e-05, -0.04200121760368347, -0.026709705591201782, 0.01741771399974823, 0.013707704842090607, -0.005156627856194973, 1.0101035833358765]] left_gripper=0.8340522050857544 right_gripper=1.0101035833358765
update step=244 qpos=[0.0026057998184114695, 2.1498641967773438, 1.7070376873016357, -0.7213864326477051, 0.12050905078649521, -0.057321950793266296, 0.8340522050857545, 8.56558617670089e-05, -0.04176441207528114, -0.026597993448376656, 0.017252104356884956, 0.013703698292374611, -0.005144214257597923, 1.0]
pred step=244 action=[[0.025719262659549713, 2.1618449687957764, 1.7169908285140991, -0.7254010438919067, 0.12001816183328629, -0.03285767883062363, 0.823940634727478, 0.0005251159891486168, -0.046054959297180176, -0.027116507291793823, 0.018402963876724243, 0.013222821056842804, -0.005170966032892466, 1.0083478689193726]] left_gripper=0.823940634727478 right_gripper=1.0083478689193726
update step=245 qpos=[0.022829070687294006, 2.160316228866577, 1.7158957719802856, -0.7248223423957825, 0.12008217722177505, -0.035977184772491455, 0.823940634727478, 0.00047427345998585224, -0.04555235803127289, -0.027038143947720528, 0.018263716250658035, 0.013282767497003078, -0.005167616996914148, 1.0]
pred step=245 action=[[0.031347379088401794, 2.1652612686157227, 1.7210904359817505, -0.7275378704071045, 0.12050244957208633, -0.025947391986846924, 0.8180429935455322, 0.00038394052535295486, -0.048101454973220825, -0.02944868803024292, 0.019254103302955627, 0.013366200029850006, -0.005166864488273859, 1.0085662603378296]] left_gripper=0.8180429935455322 right_gripper=1.0085662603378296
update step=246 qpos=[0.029993217438459396, 2.1646370887756348, 1.7204941511154175, -0.7271666526794434, 0.12047260999679565, -0.027223506942391396, 0.8180429935455321, 0.0003944332420360297, -0.047791413962841034, -0.029186399653553963, 0.01911867782473564, 0.013355802744626999, -0.005166944116353989, 1.0]
pred step=246 action=[[0.03779281675815582, 2.1675782203674316, 1.7234854698181152, -0.728847324848175, 0.12039928138256073, -0.020232487469911575, 0.8136168122291565, 0.00033573154360055923, -0.04722869396209717, -0.031733810901641846, 0.018426835536956787, 0.013404056429862976, -0.004940267652273178, 1.008994698524475]] left_gripper=0.8136168122291565 right_gripper=1.008994698524475
update step=247 qpos=[0.03679667040705681, 2.167206048965454, 1.7231444120407104, -0.7286179661750793, 0.12041091918945312, -0.021123576909303665, 0.8136168122291565, 0.00034251806209795177, -0.047285523265600204, -0.03146103397011757, 0.01850096695125103, 0.01339809875935316, -0.0049691651947796345, 1.0]
pred step=247 action=[[0.04644712805747986, 2.1719236373901367, 1.7281041145324707, -0.7305483222007751, 0.12091267108917236, -0.012875683605670929, 0.808734655380249, 0.0003946637734770775, -0.048166245222091675, -0.03069642186164856, 0.018695294857025146, 0.013350576162338257, -0.004922804422676563, 1.0086097717285156]] left_gripper=0.808734655380249 right_gripper=1.0086097717285156
update step=248 qpos=[0.04522372782230377, 2.1713311672210693, 1.727537989616394, -0.7302756905555725, 0.1208510622382164, -0.013927259482443333, 0.808734655380249, 0.00038853607838973403, -0.04807494953274727, -0.03075013868510723, 0.018683183938264847, 0.01335651520639658, -0.00492870295420289, 1.0]
pred step=248 action=[[0.054094649851322174, 2.1768226623535156, 1.7333974838256836, -0.7315646409988403, 0.1203218549489975, -0.005005486309528351, 0.7996705770492554, 0.0003558993339538574, -0.048223018646240234, -0.030162304639816284, 0.018969714641571045, 0.013123445212841034, -0.0049612196162343025, 1.0085961818695068]] left_gripper=0.7996705770492554 right_gripper=1.0085961818695068
update step=249 qpos=[0.05292651802301407, 2.1761369705200195, 1.7327302694320679, -0.7313672304153442, 0.120394267141819, -0.0061426591128110886, 0.7996705770492554, 0.0003602301294449717, -0.048206038773059845, -0.030230699107050896, 0.018935011699795723, 0.013152959756553173, -0.004957083147019148, 1.0]
pred step=249 action=[[0.05801353603601456, 2.176924228668213, 1.7350965738296509, -0.7324122786521912, 0.12026778608560562, -0.002324111759662628, 0.7998773455619812, 0.0004946095868945122, -0.04836636781692505, -0.031831592321395874, 0.018879011273384094, 0.013167709112167358, -0.004926780704408884, 1.0086541175842285]] left_gripper=0.7998773455619812 right_gripper=1.0086541175842285
update step=250 qpos=[0.05729135870933533, 2.176844358444214, 1.7348053455352783, -0.7322728037834167, 0.12029068917036057, -0.0028102269861847162, 0.7998773455619812, 0.0004788202641066164, -0.04833821579813957, -0.03166726604104042, 0.018875790759921074, 0.013165554031729698, -0.004930660128593445, 1.0]
pred step=250 action=[[0.05338329076766968, 2.3071961402893066, 1.9542150497436523, -0.8426774740219116, 0.10727646201848984, -0.010094545781612396, 0.9855526685714722, 0.010778832249343395, -0.019507229328155518, -0.014973163604736328, 0.0015113353729248047, 0.01031031459569931, -0.0011919263051822782, 1.0006213188171387]] left_gripper=0.9855526685714722 right_gripper=1.0006213188171387
update step=251 qpos=[0.05380748584866524, 2.29168701171875, 1.9124089479446411, -0.8287631273269653, 0.10892770439386368, -0.009168300777673721, 0.9855526685714722, 0.00957519467920065, -0.02292817272245884, -0.016951248049736023, 0.0037322177086025476, 0.010650756768882275, -0.0016698731342330575, 1.0]
pred step=251 action=[[0.05474186688661575, 2.3089041709899902, 1.9533635377883911, -0.8428730964660645, 0.10701936483383179, -0.008991606533527374, 0.9852224588394165, 0.010436197742819786, -0.01977655291557312, -0.015671998262405396, 0.0024197548627853394, 0.010156653821468353, -0.0014331709826365113, 1.0010473728179932]] left_gripper=0.9852224588394165 right_gripper=1.0010473728179932
update step=252 qpos=[0.05467309430241585, 2.307236433029175, 1.9482581615447998, -0.840961754322052, 0.10725374519824982, -0.009015124291181564, 0.9852224588394165, 0.01033798512071371, -0.020137786865234375, -0.015841664746403694, 0.0025802762247622013, 0.010216936469078064, -0.0014633071841672063, 1.0]
pred step=252 action=[[0.05923842638731003, 2.3131744861602783, 1.959989070892334, -0.8443509340286255, 0.10890655964612961, -0.006860390305519104, 0.9845459461212158, 0.01022234559059143, -0.020991235971450806, -0.016713351011276245, 0.0029068589210510254, 0.010508760809898376, -0.0019119371427223086, 1.0009312629699707]] left_gripper=0.9845459461212158 right_gripper=1.0009312629699707
update step=253 qpos=[0.05865108221769333, 2.3123555183410645, 1.9586442708969116, -0.8438645601272583, 0.1086990013718605, -0.007135004736483097, 0.9845459461212158, 0.010235503315925598, -0.02088792622089386, -0.016614116728305817, 0.0028628730215132236, 0.010472019203007221, -0.0018546978244557977, 1.0]
pred step=253 action=[[0.06632539629936218, 2.322472095489502, 1.9636108875274658, -0.8461579084396362, 0.10850473493337631, -0.00047381967306137085, 0.9803491830825806, 0.009855613112449646, -0.022854536771774292, -0.018070071935653687, 0.004290193319320679, 0.010205917060375214, -0.0024904385209083557, 1.0013790130615234]] left_gripper=0.9803491830825806 right_gripper=1.0013790130615234
update step=254 qpos=[0.0653119757771492, 2.321054458618164, 1.9631344079971313, -0.8458164930343628, 0.10853499174118042, -0.001322770956903696, 0.9803491830825806, 0.009900767356157303, -0.022622274234890938, -0.01789524033665657, 0.004107827786356211, 0.01024028193205595, -0.002409379230812192, 1.0]
pred step=254 action=[[0.07320399582386017, 2.3230721950531006, 1.965279459953308, -0.8463054895401001, 0.11030511558055878, 0.004500716924667358, 0.9772741794586182, 0.009637703187763691, -0.025950491428375244, -0.021128833293914795, 0.004822492599487305, 0.010381929576396942, -0.0030591655522584915, 1.0017549991607666]] left_gripper=0.9772741794586182 right_gripper=1.0017549991607666
update step=255 qpos=[0.07212130725383759, 2.322888135910034, 1.9649921655654907, -0.846238374710083, 0.11008767783641815, 0.0037589583080261946, 0.9772741794586182, 0.009668262675404549, -0.02554900571703911, -0.020765436813235283, 0.004721914883702993, 0.010364487767219543, -0.0029763123020529747, 1.0]
pred step=255 action=[[0.07923574000597, 2.3352131843566895, 1.9735859632492065, -0.8464103937149048, 0.10941383987665176, 0.008506044745445251, 0.9720563292503357, 0.009374276734888554, -0.024767518043518066, -0.02174830436706543, 0.0051923394203186035, 0.010101601481437683, -0.003336782567203045, 1.0020066499710083]] left_gripper=0.9720563292503357 right_gripper=1.0020066499710083
update step=256 qpos=[0.0782494768500328, 2.3334860801696777, 1.9727133512496948, -0.8463127613067627, 0.10950789600610733, 0.007901704870164394, 0.9720563292503357, 0.00940934382379055, -0.024861587211489677, -0.02163003757596016, 0.005130487028509378, 0.010135392658412457, -0.003290843218564987, 1.0]
pred step=256 action=[[0.08673831075429916, 2.3442349433898926, 1.9839622974395752, -0.8472867012023926, 0.11017648130655289, 0.01416567713022232, 0.9626992344856262, 0.009468675591051579, -0.027924656867980957, -0.023572027683258057, 0.00595209002494812, 0.010127462446689606, -0.0037998901680111885, 1.0024222135543823]] left_gripper=0.9626992344856262 right_gripper=1.0024222135543823
update step=257 qpos=[0.08558536320924759, 2.342912435531616, 1.9826452732086182, -0.847102701663971, 0.11009859293699265, 0.01336769387125969, 0.9626992344856262, 0.009461671113967896, -0.027561739087104797, -0.023340268060564995, 0.0058463444001972675, 0.010128295980393887, -0.0037350067868828773, 1.0]
pred step=257 action=[[0.09331966191530228, 2.349515914916992, 1.9876017570495605, -0.8511689901351929, 0.10941214114427567, 0.017890565097332, 0.9569851160049438, 0.009436012245714664, -0.02475154399871826, -0.02213233709335327, 0.0051664263010025024, 0.010462664067745209, -0.0036117215640842915, 1.001939058303833]] left_gripper=0.9569851160049438 right_gripper=1.001939058303833
update step=258 qpos=[0.09224192798137665, 2.348606824874878, 1.9870612621307373, -0.8506219387054443, 0.10950806736946106, 0.017314698547124863, 0.9569851160049437, 0.009438383392989635, -0.02508724480867386, -0.02227090299129486, 0.005254674702882767, 0.010420449078083038, -0.00362744671292603, 1.0]
pred step=258 action=[[0.0972040519118309, 2.359431028366089, 1.996026635169983, -0.8515859842300415, 0.1117270290851593, 0.02174779772758484, 0.951754629611969, 0.009077918715775013, -0.02513977885246277, -0.023253440856933594, 0.0065668076276779175, 0.009783320128917694, -0.003922515548765659, 1.001875638961792]] left_gripper=0.951754629611969 right_gripper=1.001875638961792
update step=259 qpos=[0.09648457169532776, 2.3579916954040527, 1.9950391054153442, -0.8514028787612915, 0.11145345866680145, 0.021183451637625694, 0.9517546296119691, 0.009121588431298733, -0.02513130195438862, -0.023141570389270782, 0.006396591197699308, 0.00986456498503685, -0.0038848917465656996, 1.0]
pred step=259 action=[[0.10432646423578262, 2.364342212677002, 2.0004498958587646, -0.8532881736755371, 0.11056366562843323, 0.02572961151599884, 0.9450588822364807, 0.00924805086106062, -0.025776147842407227, -0.023478835821151733, 0.006010532379150391, 0.010530248284339905, -0.003732014447450638, 1.0014320611953735]] left_gripper=0.9450588822364807 right_gripper=1.0014320611953735
update step=260 qpos=[0.10328352451324463, 2.3635311126708984, 1.9998286962509155, -0.8530181646347046, 0.11068166792392731, 0.025150364264845848, 0.9450588822364807, 0.009231740608811378, -0.025699831545352936, -0.02343854494392872, 0.006059573031961918, 0.010445843450725079, -0.0037514904979616404, 1.0]
pred step=260 action=[[0.10838828235864639, 2.381375789642334, 2.0153965950012207, -0.8525700569152832, 0.11249987035989761, 0.029763266444206238, 0.9244300127029419, 0.009434564039111137, -0.02520805597305298, -0.027215152978897095, 0.007972225546836853, 0.009980551898479462, -0.002920574974268675, 1.0029206275939941]] left_gripper=0.9244300127029419 right_gripper=1.0029206275939941
update step=261 qpos=[0.10763663798570633, 2.378962278366089, 2.013705253601074, -0.8525151014328003, 0.11227841675281525, 0.029176190495491028, 0.9244300127029419, 0.009411650709807873, -0.025253454223275185, -0.0268036350607872, 0.007710636593401432, 0.01003908272832632, -0.0030265548266470432, 1.0]
pred step=261 action=[[0.11631319671869278, 2.3791422843933105, 2.0100016593933105, -0.8499788045883179, 0.11111760884523392, 0.03569407016038895, 0.9131665229797363, 0.008959515020251274, -0.025628596544265747, -0.02545696496963501, 0.0074399858713150024, 0.01008286327123642, -0.004104249645024538, 1.0019259452819824]] left_gripper=0.9131665229797363 right_gripper=1.0019259452819824
update step=262 qpos=[0.1151590347290039, 2.379183292388916, 2.0104291439056396, -0.8503116965293884, 0.11127009242773056, 0.03486340120434761, 0.9131665229797363, 0.009012625552713871, -0.025599390268325806, -0.02557414211332798, 0.007489531300961971, 0.010078100487589836, -0.003966756165027618, 1.0]
pred step=262 action=[[0.12561890482902527, 2.39646577835083, 2.0237696170806885, -0.8531169891357422, 0.1095857322216034, 0.03966154903173447, 0.8934495449066162, 0.009137135930359364, -0.02415516972541809, -0.02364411950111389, 0.008011505007743835, 0.010167472064495087, -0.003310446161776781, 1.002106785774231]] left_gripper=0.8934495449066162 right_gripper=1.002106785774231
update step=263 qpos=[0.12415756285190582, 2.3935091495513916, 2.0225939750671387, -0.8528661131858826, 0.10954251140356064, 0.039089612662792206, 0.8934495449066162, 0.009122198447585106, -0.02433047816157341, -0.023861832916736603, 0.00795117300003767, 0.010156006552278996, -0.003394181840121746, 1.0]
pred step=263 action=[[0.12825718522071838, 2.418774127960205, 2.0453579425811768, -0.8504124879837036, 0.11147577315568924, 0.03957470506429672, 0.8676799535751343, 0.009449539706110954, -0.023062705993652344, -0.02583882212638855, 0.009731456637382507, 0.010199062526226044, -0.0020698457956314087, 1.0033985376358032]] left_gripper=0.8676799535751343 right_gripper=1.0033985376358032
update step=264 qpos=[0.1282009482383728, 2.4084699153900146, 2.0453858375549316, -0.8515377640724182, 0.11039402335882187, 0.03940308839082718, 0.8676799535751343, 0.009410928934812546, -0.023201407864689827, -0.02563595212996006, 0.009491197764873505, 0.010193105787038803, -0.002238691318780184, 1.0]
pred step=264 action=[[0.1340217888355255, 2.4174411296844482, 2.042151689529419, -0.8494663238525391, 0.11225806921720505, 0.04699813574552536, 0.8524461984634399, 0.0091851269826293, -0.02386215329170227, -0.0278719961643219, 0.009446367621421814, 0.009553559124469757, -0.002549552358686924, 1.003046989440918]] left_gripper=0.8524461984634399 right_gripper=1.003046989440918
update step=265 qpos=[0.13332879543304443, 2.4091784954071045, 2.045366048812866, -0.850486695766449, 0.11158516258001328, 0.045943282544612885, 0.8524461984634399, 0.009213041514158249, -0.02377942018210888, -0.027618613094091415, 0.00944471638649702, 0.009634812362492085, -0.0025098712649196386, 1.0]
pred step=265 action=[[0.14119672775268555, 2.423931121826172, 2.051532506942749, -0.8477107286453247, 0.11219634860754013, 0.050999924540519714, 0.8248146176338196, 0.008928533643484116, -0.024687588214874268, -0.02728879451751709, 0.010244697332382202, 0.009624049067497253, -0.0020344825461506844, 1.0034801959991455]] left_gripper=0.8248146176338196 right_gripper=1.0034801959991455
update step=266 qpos=[0.1398046612739563, 2.4151296615600586, 2.053471088409424, -0.8488784432411194, 0.11199069023132324, 0.050243791192770004, 0.8248146176338196, 0.008961805142462254, -0.02459017187356949, -0.027299601584672928, 0.010152331553399563, 0.009626021608710289, -0.0020950734615325928, 1.0]
pred step=266 action=[[0.15029296278953552, 2.436716079711914, 2.059774875640869, -0.8551398515701294, 0.11410292983055115, 0.06098603457212448, 0.7861818671226501, 0.009577615186572075, -0.019365698099136353, -0.027420997619628906, 0.010280609130859375, 0.00817830115556717, -0.002028016373515129, 1.0030651092529297]] left_gripper=0.7861818671226501 right_gripper=1.0030651092529297
update step=267 qpos=[0.14855976402759552, 2.4213807582855225, 2.0637876987457275, -0.8558843731880188, 0.11360723525285721, 0.059438277035951614, 0.7861818671226501, 0.009508419781923294, -0.019975338131189346, -0.027435440570116043, 0.01025202963501215, 0.008360016159713268, -0.0020367077086120844, 1.0]
pred step=267 action=[[0.1525416374206543, 2.4487481117248535, 2.070702314376831, -0.8504468202590942, 0.11719802021980286, 0.06407671421766281, 0.7592867016792297, 0.009181508794426918, -0.020516812801361084, -0.028851300477981567, 0.010879546403884888, 0.007422924041748047, -0.002650896552950144, 1.0042134523391724]] left_gripper=0.7592867016792297 right_gripper=1.0042134523391724
update step=268 qpos=[0.1528092473745346, 2.429779291152954, 2.07586407661438, -0.8529362678527832, 0.11593518406152725, 0.06332003325223923, 0.7592867016792297, 0.009222017601132393, -0.020452355965971947, -0.028681393712759018, 0.010797725059092045, 0.007541846018284559, -0.002572614001110196, 1.0]
pred step=268 action=[[0.16337069869041443, 2.4581453800201416, 2.0745248794555664, -0.8489577770233154, 0.11743789911270142, 0.07009994238615036, 0.7250421047210693, 0.008713734336197376, -0.01951274275779724, -0.025781571865081787, 0.010636582970619202, 0.007191702723503113, -0.002828252036124468, 1.0044530630111694]] left_gripper=0.7250421047210693 right_gripper=1.0044530630111694
update step=269 qpos=[0.16184887290000916, 2.434860944747925, 2.08225679397583, -0.8517884016036987, 0.11712004244327545, 0.06902530789375305, 0.7250421047210693, 0.008774103596806526, -0.01963863894343376, -0.02608557417988777, 0.01067361794412136, 0.007236906792968512, -0.0027956583071500063, 1.0]
pred step=269 action=[[0.16239076852798462, 2.4651284217834473, 2.08300518989563, -0.8437169790267944, 0.11724284291267395, 0.06814076751470566, 0.7141880393028259, 0.008473922498524189, -0.022718042135238647, -0.025361746549606323, 0.012134924530982971, 0.007532641291618347, -0.0017267708899453282, 1.0053048133850098]] left_gripper=0.7141880393028259 right_gripper=1.0053048133850098
update step=270 qpos=[0.16326859593391418, 2.4411356449127197, 2.090761423110962, -0.846963107585907, 0.1166408583521843, 0.06810076534748077, 0.7141880393028259, 0.008508254773914814, -0.022356491535902023, -0.025436004623770714, 0.011956206522881985, 0.007496005855500698, -0.001863005105406046, 1.0]
pred step=270 action=[[0.1692822277545929, 2.4797115325927734, 2.0994150638580322, -0.8410310745239258, 0.11810794472694397, 0.07504723221063614, 0.6625381708145142, 0.007663659751415253, -0.02683466672897339, -0.025605976581573486, 0.013352349400520325, 0.006634548306465149, -0.0016677641542628407, 1.0067909955978394]] left_gripper=0.6625381708145142 right_gripper=1.0067909955978394
update step=271 qpos=[0.16909010708332062, 2.4522745609283447, 2.1069447994232178, -0.8440829515457153, 0.11774855107069016, 0.07400767505168915, 0.662538170814514, 0.007764413487166166, -0.026306848973035812, -0.025577545166015625, 0.013180372305214405, 0.006745212245732546, -0.0016925642266869545, 1.0]
pred step=271 action=[[0.17662250995635986, 2.4808220863342285, 2.0891339778900146, -0.8504799604415894, 0.11890837550163269, 0.07955173403024673, 0.6542834043502808, 0.008172955363988876, -0.01953849196434021, -0.019524872303009033, 0.010826721787452698, 0.006028883159160614, -0.002485997974872589, 1.0052621364593506]] left_gripper=0.6542834043502808 right_gripper=1.0052621364593506
update step=272 qpos=[0.17424587905406952, 2.453113079071045, 2.107462167739868, -0.8435642719268799, 0.1198146715760231, 0.07939867675304413, 0.634003205349048, 0.008126605302095413, -0.020349765196442604, -0.020221389830112457, 0.011139490641653538, 0.006118429359048605, -0.002384923631325364, 1.0]
pred step=272 action=[[0.1812412440776825, 2.491023302078247, 2.1116323471069336, -0.8403446674346924, 0.12319710105657578, 0.08172742277383804, 0.599995493888855, 0.007209460251033306, -0.02138453722000122, -0.02065354585647583, 0.01291610300540924, 0.006049551069736481, -0.0011590324575081468, 1.0081651210784912]] left_gripper=0.599995493888855 right_gripper=1.0081651210784912
update step=273 qpos=[0.18068456649780273, 2.4616057872772217, 2.1200389862060547, -0.8430526852607727, 0.1231551542878151, 0.08130965381860733, 0.5788167203742045, 0.007317204959690571, -0.021255377680063248, -0.02061592973768711, 0.012686026282608509, 0.006060197949409485, -0.0013152771862223744, 1.0]
pred step=273 action=[[0.18568021059036255, 2.4985690116882324, 2.1132967472076416, -0.849946141242981, 0.12766432762145996, 0.09084052592515945, 0.5632286071777344, 0.007329333107918501, -0.020106077194213867, -0.023232609033584595, 0.012523740530014038, 0.004665389657020569, -0.002292958553880453, 1.0080182552337646]] left_gripper=0.5632286071777344 right_gripper=1.0080182552337646
update step=274 qpos=[0.1854403018951416, 2.464982748031616, 2.1261188983917236, -0.8479956388473511, 0.12778963148593903, 0.08970759063959122, 0.5405878948116744, 0.007330840453505516, -0.020227354019880295, -0.022964710369706154, 0.01252628955990076, 0.004841547925025225, -0.0021683424711227417, 1.0]
pred step=274 action=[[0.18767237663269043, 2.5139365196228027, 2.1270508766174316, -0.8372480869293213, 0.12862169742584229, 0.08804116398096085, 0.5205645561218262, 0.006705865729600191, -0.023168981075286865, -0.018115520477294922, 0.01407112181186676, 0.005068182945251465, -0.0005912756314501166, 1.009617567062378]] left_gripper=0.5205645561218262 right_gripper=1.009617567062378
update step=275 qpos=[0.1887926310300827, 2.4728407859802246, 2.13623309135437, -0.840705156326294, 0.12897968292236328, 0.08817154169082642, 0.5032946086454171, 0.006778410170227289, -0.022857896983623505, -0.018584124743938446, 0.013916880823671818, 0.005040931981056929, -0.0007923071971163154, 1.0]
pred step=275 action=[[0.19786205887794495, 2.502657413482666, 2.11773681640625, -0.8454066514968872, 0.13623206317424774, 0.1026332750916481, 0.46614381670951843, 0.005318902432918549, -0.01933184266090393, -0.019413262605667114, 0.015668198466300964, 0.0038884803652763367, -0.001247033360414207, 1.0094927549362183]] left_gripper=0.46614381670951843 right_gripper=1.0094927549362183
update step=276 qpos=[0.19568060338497162, 2.473493814468384, 2.1357831954956055, -0.8391474485397339, 0.13699841499328613, 0.1009412333369255, 0.461912324845239, 0.005492773838341236, -0.019727788865566254, -0.01937728002667427, 0.01542376633733511, 0.004037033766508102, -0.001188913476653397, 1.0]
pred step=276 action=[[0.20397832989692688, 2.5131025314331055, 2.1239118576049805, -0.8424093723297119, 0.1354958415031433, 0.10126779228448868, 0.45097070932388306, 0.006596634164452553, -0.016456305980682373, -0.014555007219314575, 0.013565152883529663, 0.003433831036090851, -0.0008747115498408675, 1.0088598728179932]] left_gripper=0.45097070932388306 right_gripper=1.0088598728179932
update step=277 qpos=[0.20244120061397552, 2.4757468700408936, 2.138524055480957, -0.839563250541687, 0.13750170171260834, 0.10121019929647446, 0.3929532697087981, 0.006468051113188267, -0.01686066761612892, -0.015079380013048649, 0.013822352513670921, 0.003507823683321476, -0.000914941483642906, 1.0]
pred step=277 action=[[0.20955246686935425, 2.5045900344848633, 2.114243268966675, -0.8462198972702026, 0.1394837349653244, 0.1087113544344902, 0.41082963347435, 0.005383578594774008, -0.015906065702438354, -0.01449674367904663, 0.01497243344783783, 0.0026139765977859497, -0.00045784073881804943, 1.008881688117981]] left_gripper=0.41082963347435 right_gripper=1.008881688117981
update step=278 qpos=[0.2048047035932541, 2.4745140075683594, 2.135486364364624, -0.8369789719581604, 0.14253339171409607, 0.10770189017057419, 0.3851851851851852, 0.005512942094355822, -0.01601349003612995, -0.014579370617866516, 0.014822723343968391, 0.0027291213627904654, -0.00051605369662866, 1.0]
pred step=278 action=[[0.21454724669456482, 2.5012364387512207, 2.1146011352539062, -0.8517532348632812, 0.14536331593990326, 0.11743030697107315, 0.35798731446266174, 0.004594259895384312, -0.014362931251525879, -0.013719648122787476, 0.014185145497322083, 0.0025001317262649536, -0.0012414840748533607, 1.0082125663757324]] left_gripper=0.35798731446266174 right_gripper=1.0082125663757324
update step=279 qpos=[0.2095176726579666, 2.47416615486145, 2.1355929374694824, -0.8409882187843323, 0.14840386807918549, 0.11613057553768158, 0.35798731446266174, 0.00470257131382823, -0.014556803740561008, -0.013826102949678898, 0.014265528880059719, 0.002530802274122834, -0.0011488976888358593, 1.0]
pred step=279 action=[[0.21574920415878296, 2.504655361175537, 2.11555814743042, -0.8489271402359009, 0.1471838653087616, 0.11483485251665115, 0.35242927074432373, 0.00394448172301054, -0.013308435678482056, -0.008181840181350708, 0.015455067157745361, 0.0015628784894943237, -0.0004899670602753758, 1.0093414783477783]] left_gripper=0.35242927074432373 right_gripper=1.0093414783477783
update step=280 qpos=[0.21110983192920685, 2.4738497734069824, 2.1349706649780273, -0.8411369919776917, 0.1507532000541687, 0.11492587625980377, 0.35242927074432373, 0.004035213030874729, -0.013482075184583664, -0.008778346702456474, 0.01533497590571642, 0.0016868363600224257, -0.0005739955231547356, 1.0]
pred step=280 action=[[0.2220776081085205, 2.4955101013183594, 2.1099038124084473, -0.849034309387207, 0.15491871535778046, 0.12105075269937515, 0.31342238187789917, 0.003470153082162142, -0.013637036085128784, -0.007657170295715332, 0.015727341175079346, 0.0016121864318847656, -0.00043414917308837175, 1.0089401006698608]] left_gripper=0.31342238187789917 right_gripper=1.0089401006698608
update step=281 qpos=[0.2164083868265152, 2.4714138507843018, 2.130180835723877, -0.839937686920166, 0.15815326571464539, 0.12018243223428726, 0.31342238187789917, 0.0035365805961191654, -0.013608883135020733, -0.007815530523657799, 0.01567280851304531, 0.0016227222513407469, -0.0004518960777204484, 1.0]
pred step=281 action=[[0.2221945822238922, 2.493504524230957, 2.1146113872528076, -0.8525568246841431, 0.1643422544002533, 0.12334727495908737, 0.2578762173652649, 0.0032074018381536007, -0.013286560773849487, -0.009096115827560425, 0.01514260470867157, 0.0015645548701286316, -0.0005743642104789615, 1.007296085357666]] left_gripper=0.2578762173652649 right_gripper=1.007296085357666
update step=282 qpos=[0.22014236450195312, 2.4721827507019043, 2.1318206787109375, -0.8434875011444092, 0.16559773683547974, 0.12293340265750885, 0.2578762173652649, 0.003246140433475375, -0.013313674367964268, -0.008974915370345116, 0.015198529697954655, 0.0015725584235042334, -0.0005587149644270539, 1.0]
pred step=282 action=[[0.22949719429016113, 2.483602523803711, 2.108518600463867, -0.8538846969604492, 0.17500722408294678, 0.12699967622756958, 0.20382463932037354, 0.0025070877745747566, -0.010376602411270142, -0.0026359260082244873, 0.01673506200313568, -0.00010822713375091553, -0.0003717489307746291, 1.0079671144485474]] left_gripper=0.20382463932037354 right_gripper=1.0079671144485474
update step=283 qpos=[0.22561480104923248, 2.4670450687408447, 2.12357234954834, -0.846843957901001, 0.17641399800777435, 0.12642328441143036, 0.20382463932037354, 0.0025972300209105015, -0.010756706818938255, -0.00329820835031569, 0.016575723886489868, 0.00010573292820481583, -0.0003956232685595751, 1.0]
pred step=283 action=[[0.2308923304080963, 2.472912311553955, 2.093782424926758, -0.8544203042984009, 0.18124650418758392, 0.12960153818130493, 0.19747817516326904, 0.001964682713150978, -0.00807100534439087, 0.0011292994022369385, 0.01671653985977173, 0.0015221461653709412, -0.0008004367118701339, 1.008378028869629]] left_gripper=0.19747817516326904 right_gripper=1.008378028869629
update step=284 qpos=[0.22883471846580505, 2.4580888748168945, 2.108961582183838, -0.84798264503479, 0.18244785070419312, 0.12917642295360565, 0.19747817516326904, 0.002036087913438678, -0.008388550020754337, 0.000605607230681926, 0.01670621708035469, 0.0013442416675388813, -0.000748666760046035, 1.0]
pred step=284 action=[[0.23261183500289917, 2.4689109325408936, 2.0969324111938477, -0.859076738357544, 0.1884942352771759, 0.13085678219795227, 0.1620076298713684, 0.0024329526349902153, -0.007923424243927002, 0.0004743635654449463, 0.01558847725391388, 0.0007091984152793884, -0.0012034036917611957, 1.0075316429138184]] left_gripper=0.1620076298713684 right_gripper=1.0075316429138184
update step=285 qpos=[0.23113775253295898, 2.4566187858581543, 2.1073954105377197, -0.8533722758293152, 0.18915599584579468, 0.13062576949596405, 0.1620076298713684, 0.0023876435589045286, -0.00796412955969572, 0.0004523020179476589, 0.015719348564743996, 0.0007887089159339666, -0.0011455247877165675, 1.0]
pred step=285 action=[[0.23978236317634583, 2.4560630321502686, 2.079092025756836, -0.8569514751434326, 0.19936472177505493, 0.1364699900150299, 0.13202917575836182, 0.00285777123644948, -0.004815995693206787, 0.008903741836547852, 0.01675228774547577, 7.82310962677002e-07, -0.002164858393371105, 1.0079476833343506]] left_gripper=0.13202917575836182 right_gripper=1.0079476833343506
update step=286 qpos=[0.23679594695568085, 2.44659686088562, 2.090172529220581, -0.85306715965271, 0.19996681809425354, 0.1356741487979889, 0.13202917575836182, 0.0028043866623193026, -0.005226365756243467, 0.008006560616195202, 0.016665559262037277, 9.924225741997361e-05, -0.0020350152626633644, 1.0]
pred step=286 action=[[0.23287823796272278, 2.4535741806030273, 2.089630126953125, -0.8621236085891724, 0.20120473206043243, 0.13281837105751038, 0.11760026216506958, 0.0027593164704740047, -0.0075615644454956055, 0.004787355661392212, 0.01544201374053955, 0.0004773437976837158, -0.0023557376116514206, 1.0072022676467896]] left_gripper=0.11760026216506958 right_gripper=1.0072022676467896
update step=287 qpos=[0.23447245359420776, 2.4477944374084473, 2.093658447265625, -0.8591367602348328, 0.20081180334091187, 0.1332215964794159, 0.11760026216506958, 0.0027640503831207752, -0.007248645182698965, 0.005071785766631365, 0.015565299428999424, 0.0004295232065487653, -0.0023148725740611553, 1.0]
pred step=287 action=[[0.2338176965713501, 2.4344120025634766, 2.081662654876709, -0.875089168548584, 0.21513818204402924, 0.1337650716304779, 0.08664506673812866, 0.0016179769299924374, -0.00555989146232605, 0.006493091583251953, 0.016290202736854553, 0.0002734959125518799, -0.0011875120690092444, 1.0087389945983887]] left_gripper=0.08664506673812866 right_gripper=1.0087389945983887
update step=288 qpos=[0.23393656313419342, 2.4361867904663086, 2.0829226970672607, -0.8731792569160461, 0.21332086622714996, 0.1336955577135086, 0.08664506673812866, 0.001752711134031415, -0.005773847922682762, 0.006361411884427071, 0.016210056841373444, 0.0002956920943688601, -0.0013311579823493958, 1.0]
pred step=288 action=[[0.23397913575172424, 2.4276468753814697, 2.077285051345825, -0.8743042945861816, 0.2194633185863495, 0.13391968607902527, 0.07914012670516968, 0.0016632755286991596, -0.004574418067932129, 0.009097814559936523, 0.01629692316055298, 0.0006755813956260681, -0.0017173561500385404, 1.0084128379821777]] left_gripper=0.07914012670516968 right_gripper=1.0084128379821777
update step=289 qpos=[0.23398824036121368, 2.4287731647491455, 2.0778932571411133, -0.8742082715034485, 0.21868443489074707, 0.13389119505882263, 0.07914012670516968, 0.0016728696646168828, -0.0047239018604159355, 0.00879527535289526, 0.016296839341521263, 0.0006277181673794985, -0.0016680288827046752, 1.0]
pred step=289 action=[[0.22395506501197815, 2.4168949127197266, 2.085273265838623, -0.8839116096496582, 0.228346049785614, 0.12851598858833313, 0.05797135829925537, 0.0008294461295008659, -0.004430145025253296, 0.0072834789752960205, 0.016823038458824158, 9.199976921081543e-05, -0.0013275922974571586, 1.0103565454483032]] left_gripper=0.05797135829925537 right_gripper=1.0103565454483032
update step=290 qpos=[0.2252608984708786, 2.418833017349243, 2.084056854248047, -0.8827379941940308, 0.22711363434791565, 0.12920132279396057, 0.05797135829925537, 0.0009295889176428318, -0.004451750312000513, 0.007427666336297989, 0.016742907464504242, 0.00016146736743394285, -0.0013709679478779435, 1.0]
pred step=290 action=[[0.22447854280471802, 2.396975517272949, 2.071751117706299, -0.892526388168335, 0.2410723716020584, 0.12867993116378784, 0.042559027671813965, 0.0008346475660800934, -0.0031133294105529785, 0.010288625955581665, 0.016702070832252502, 0.00010232627391815186, -0.0014792346628382802, 1.010642647743225]] left_gripper=0.042559027671813965 right_gripper=1.010642647743225
update step=291 qpos=[0.22471772134304047, 2.3998451232910156, 2.073035717010498, -0.8914045691490173, 0.2392938733100891, 0.12874557077884674, 0.04255902767181396, 0.0008457898511551321, -0.003286833642050624, 0.009990828111767769, 0.01672387681901455, 0.0001099647197406739, -0.0014654083643108606, 1.0]
pred step=291 action=[[0.21948349475860596, 2.387537956237793, 2.07185697555542, -0.8984661102294922, 0.24652910232543945, 0.1250157654285431, 0.033843398094177246, 0.0004858989268541336, -0.0022470951080322266, 0.008501797914505005, 0.016648247838020325, -0.0006212145090103149, -0.0009372975910082459, 1.0122616291046143]] left_gripper=0.033843398094177246 right_gripper=1.0122616291046143
update step=292 qpos=[0.2201496809720993, 2.389241933822632, 2.0718295574188232, -0.8976308107376099, 0.24561096727848053, 0.12549151480197906, 0.03384339809417725, 0.0005296609015204012, -0.0023544819559901953, 0.008636455982923508, 0.016642196103930473, -0.0005280243349261582, -0.0010046458337455988, 1.0]
pred step=292 action=[[0.2190900444984436, 2.3703885078430176, 2.0598714351654053, -0.9072247743606567, 0.2575317621231079, 0.12591734528541565, 0.02860713005065918, 0.0007526818662881851, -0.0005924701690673828, 0.011021196842193604, 0.015930145978927612, -0.0005171522498130798, -0.0019144975813105702, 1.0116726160049438]] left_gripper=0.02860713005065918 right_gripper=1.0116726160049438
update step=293 qpos=[0.21930572390556335, 2.3729019165039062, 2.0611085891723633, -0.9061232209205627, 0.25601494312286377, 0.12586233019828796, 0.02860713005065919, 0.00072654546238482, -0.0008128831977955997, 0.01077116746455431, 0.016033489257097244, -0.000519125780556351, -0.001798491459339857, 1.0]
pred step=293 action=[[0.21439462900161743, 2.364778995513916, 2.061051607131958, -0.9151840209960938, 0.2603597044944763, 0.12323295325040817, 0.02271801233291626, 0.0005211085081100464, -0.001328974962234497, 0.009661376476287842, 0.015569254755973816, -0.0016171783208847046, -0.0005730800330638885, 1.0131053924560547]] left_gripper=0.02271801233291626 right_gripper=1.0131053924560547
update step=294 qpos=[0.21502648293972015, 2.365851879119873, 2.0609498023986816, -0.914078414440155, 0.2598089277744293, 0.12356825172901154, 0.022718012332916246, 0.0005474003264680505, -0.0012577340239658952, 0.009766289964318275, 0.01561877690255642, -0.0014778447803109884, -0.000729407009202987, 1.0]
pred step=294 action=[[0.20380771160125732, 2.3462026119232178, 2.0609450340270996, -0.9219604730606079, 0.27235275506973267, 0.11268536001443863, 0.011463403701782227, 0.0008848132565617561, 0.0002491176128387451, 0.008802711963653564, 0.015192180871963501, -0.0018765106797218323, -0.0007922638906165957, 1.0139198303222656]] left_gripper=0.011463403701782227 right_gripper=1.0139198303222656
update step=295 qpos=[0.20528173446655273, 2.3491601943969727, 2.060577392578125, -0.9210566878318787, 0.27075129747390747, 0.11407303065061569, 0.011463403701782242, 0.0008460458484478295, 7.52080450183712e-05, 0.008904140442609787, 0.015239671804010868, -0.001826878054998815, -0.000784247531555593, 1.0]
pred step=295 action=[[0.20153987407684326, 2.34183406829834, 2.0582802295684814, -0.9226564168930054, 0.27433180809020996, 0.10859432071447372, 0.011558711528778076, 0.001197541132569313, 0.0009851157665252686, 0.008558034896850586, 0.014585301280021667, -0.0022794008255004883, -0.0005004111444577575, 1.014163851737976]] left_gripper=0.011558711528778076 right_gripper=1.014163851737976
update step=296 qpos=[0.2021763026714325, 2.3426389694213867, 2.0585837364196777, -0.9224706292152405, 0.2738691568374634, 0.1092921793460846, 0.011558711528778081, 0.0011572414077818394, 0.0008774906164035201, 0.00859922170639038, 0.01466708816587925, -0.002222916344180703, -0.0005366645054891706, 1.0]
pred step=296 action=[[0.19042441248893738, 2.327406167984009, 2.055270195007324, -0.9306786060333252, 0.2845348119735718, 0.09993446618318558, 0.006714880466461182, 0.001705666072666645, 0.004432350397109985, 0.007874846458435059, 0.01341332495212555, -0.002239339053630829, 1.5677651390433311e-06, 1.0150507688522339]] left_gripper=0.006714880466461182 right_gripper=1.0150507688522339
update step=297 qpos=[0.19190636277198792, 2.329660654067993, 2.0553908348083496, -0.9297249913215637, 0.28317785263061523, 0.1011277437210083, 0.006714880466461185, 0.0016413872363045812, 0.004020713735371828, 0.007935691624879837, 0.013561482541263103, -0.002238344866782427, -6.709238368785009e-05, 1.0]
pred step=297 action=[[0.18609115481376648, 2.318223476409912, 2.0516467094421387, -0.9338114261627197, 0.29027223587036133, 0.09645149856805801, 0.005590975284576416, 0.0016079219058156013, 0.006584763526916504, 0.00821182131767273, 0.013603419065475464, -0.0019658729434013367, -0.00040770601481199265, 1.015308141708374]] left_gripper=0.005590975284576416 right_gripper=1.015308141708374
update step=298 qpos=[0.186998188495636, 2.3197109699249268, 2.0520055294036865, -0.9333434700965881, 0.28936082124710083, 0.09704674780368805, 0.005590975284576401, 0.0016114545287564397, 0.006277791690081358, 0.008189983665943146, 0.013599686324596405, -0.0020002953242510557, -0.0003642322262749076, 1.0]
pred step=298 action=[[0.1784185767173767, 2.306884288787842, 2.046724319458008, -0.9356848001480103, 0.29670655727386475, 0.08857979625463486, 0.003081381320953369, 0.0023176101967692375, 0.010047614574432373, 0.008036136627197266, 0.013435214757919312, -0.0025647208094596863, 0.0001552823232486844, 1.01597261428833]] left_gripper=0.003081381320953369 right_gripper=1.01597261428833
update step=299 qpos=[0.1795356124639511, 2.3086764812469482, 2.0472023487091064, -0.9354527592658997, 0.2957702875137329, 0.08965948224067688, 0.003081381320953376, 0.0022358689457178116, 0.009606916457414627, 0.008040285669267178, 0.013448997400701046, -0.00249472726136446, 8.89270959305577e-05, 1.0]
pred step=299 action=[[0.1744876503944397, 2.304706573486328, 2.046405792236328, -0.9368383884429932, 0.29866254329681396, 0.08527832478284836, 0.004364192485809326, 0.0026989239268004894, 0.01119166612625122, 0.006623625755310059, 0.012309655547142029, -0.002609938383102417, 0.00022966723190620542, 1.0158820152282715]] left_gripper=0.004364192485809326 right_gripper=1.0158820152282715
update step=300 qpos=[0.175241157412529, 2.3051815032958984, 2.046491861343384, -0.936674952507019, 0.2982884645462036, 0.08583638817071915, 0.004364192485809327, 0.002644950756803155, 0.011011905036866665, 0.006771564949303865, 0.012444687075912952, -0.002596351085230708, 0.0002116961986757815, 1.0]
pred step=300 action=[[0.22073501348495483, 2.440230369567871, 2.209686279296875, -1.1314562559127808, 0.37045544385910034, 0.10327551513910294, 0.09180724620819092, 0.007622293662279844, 0.0008733272552490234, -0.00021517276763916016, -0.008486852049827576, 0.006144627928733826, 0.003704220987856388, 1.0002577304840088]] left_gripper=0.09180724620819092 right_gripper=1.0002577304840088
update step=301 qpos=[0.21492549777030945, 2.42159366607666, 2.1907894611358643, -1.1029150485992432, 0.36133915185928345, 0.10105255991220474, 0.09180724620819092, 0.007019423879683018, 0.0021301114466041327, 0.0004563510592561215, -0.0058770268224179745, 0.0050301565788686275, 0.003259012708440423, 1.0]
pred step=301 action=[[0.21731099486351013, 2.44209885597229, 2.2089176177978516, -1.1314117908477783, 0.3710934519767761, 0.10271915048360825, 0.08936864137649536, 0.0074112750589847565, 0.00010564923286437988, 0.000197678804397583, -0.007546454668045044, 0.005690053105354309, 0.003491596784442663, 1.001530647277832]] left_gripper=0.08936864137649536 right_gripper=1.001530647277832
update step=302 qpos=[0.21644078195095062, 2.4400687217712402, 2.2063639163970947, -1.127819299697876, 0.36988934874534607, 0.10250856727361679, 0.08936864137649538, 0.007364342454820871, 0.0003175887104589492, 0.0002991541114170104, -0.0073145353235304356, 0.005606396589428186, 0.0034621229860931635, 1.0]
pred step=302 action=[[0.214738130569458, 2.4415178298950195, 2.2167203426361084, -1.1324083805084229, 0.3710659146308899, 0.09729709476232529, 0.08312124013900757, 0.007741490378975868, 0.0011827945709228516, -0.0014019906520843506, -0.008662283420562744, 0.00632399320602417, 0.0036004427820444107, 1.0014400482177734]] left_gripper=0.08312124013900757 right_gripper=1.0014400482177734
update step=303 qpos=[0.2150324583053589, 2.4413797855377197, 2.2154269218444824, -1.13180410861969, 0.37091174721717834, 0.09796164929866791, 0.08312124013900757, 0.0076958113349974155, 0.0010917044710367918, -0.001233119168318808, -0.008504395373165607, 0.006232578307390213, 0.003582822857424617, 1.0]
pred step=303 action=[[0.20857074856758118, 2.4351797103881836, 2.2105536460876465, -1.13434898853302, 0.3725714087486267, 0.09477893263101578, 0.07599502801895142, 0.006719479337334633, -0.0011224448680877686, -0.0007384121417999268, -0.008442327380180359, 0.006338626146316528, 0.0032304669730365276, 1.0014703273773193]] left_gripper=0.07599502801895142 right_gripper=1.0014703273773193
update step=304 qpos=[0.2094046175479889, 2.4360158443450928, 2.211087226867676, -1.1340627670288086, 0.37235864996910095, 0.09518437832593918, 0.07599502801895142, 0.006833862513303757, -0.0008723678765818477, -0.0007628551102243364, -0.008438068442046642, 0.006327216047793627, 0.0032755103893578053, 1.0]
pred step=304 action=[[0.20040550827980042, 2.430560827255249, 2.2104523181915283, -1.1376043558120728, 0.37523025274276733, 0.08901794999837875, 0.07467889785766602, 0.0063962992280721664, -0.0006567239761352539, -0.0016370117664337158, -0.008685693144798279, 0.006336793303489685, 0.003370804712176323, 1.0023044347763062]] left_gripper=0.07467889785766602 right_gripper=1.0023044347763062
update step=305 qpos=[0.20164048671722412, 2.4313459396362305, 2.21044659614563, -1.137181043624878, 0.374857634305954, 0.08980380743741989, 0.07467889785766603, 0.006447501014918089, -0.000674306764267385, -0.0015564935747534037, -0.008662642911076546, 0.006336502730846405, 0.0033586842473596334, 1.0]
pred step=305 action=[[0.19261693954467773, 2.424131393432617, 2.2010035514831543, -1.1388851404190063, 0.3781299591064453, 0.08747681230306625, 0.07809126377105713, 0.005401815753430128, -0.002164214849472046, -0.0009748935699462891, -0.008118197321891785, 0.006163217127323151, 0.0026339497417211533, 1.0022194385528564]] left_gripper=0.07809126377105713 right_gripper=1.0022194385528564
update step=306 qpos=[0.19387279450893402, 2.425009250640869, 2.2021358013153076, -1.1387146711349487, 0.3777082860469818, 0.08777272701263428, 0.07809126377105714, 0.005524889100342989, -0.0019965616520494223, -0.0010191394248977304, -0.008178197778761387, 0.006187171209603548, 0.002726455917581916, 1.0]
pred step=306 action=[[0.17731845378875732, 2.4075851440429688, 2.1967363357543945, -1.1456247568130493, 0.3820456862449646, 0.07635153084993362, 0.06968992948532104, 0.005374167114496231, -0.0026917755603790283, 0.0001233816146850586, -0.008831754326820374, 0.005987897515296936, 0.002408483996987343, 1.0021575689315796]] left_gripper=0.06968992948532104 right_gripper=1.0021575689315796
update step=307 qpos=[0.17950959503650665, 2.410158395767212, 2.19711971282959, -1.144832968711853, 0.3814801275730133, 0.07780703902244568, 0.06968992948532104, 0.005392136983573437, -0.00261099124327302, -8.34274851513328e-06, -0.008744672872126102, 0.00601336220279336, 0.002448991872370243, 1.0]
pred step=307 action=[[0.16762062907218933, 2.4028375148773193, 2.1947662830352783, -1.1476994752883911, 0.3863508701324463, 0.0691017135977745, 0.07046866416931152, 0.004495260771363974, -0.0021652579307556152, 0.0006024539470672607, -0.008256196975708008, 0.0058920904994010925, 0.0024099149741232395, 1.0022008419036865]] left_gripper=0.07046866416931152 right_gripper=1.0022008419036865
update step=308 qpos=[0.16934055089950562, 2.4037208557128906, 2.1950368881225586, -1.1473608016967773, 0.38571980595588684, 0.07021079957485199, 0.07046866416931154, 0.0046008010394871235, -0.002218064619228244, 0.0005299401818774641, -0.008317403495311737, 0.005909211002290249, 0.002414966933429241, 1.0]
pred step=308 action=[[0.1585923731327057, 2.392841339111328, 2.1855063438415527, -1.1510107517242432, 0.3947599530220032, 0.06713423877954483, 0.06762677431106567, 0.004353081341832876, -0.00016134977340698242, -0.0010316967964172363, -0.006537690758705139, 0.004540294408798218, 0.0019935239106416702, 1.0034071207046509]] left_gripper=0.06762677431106567 right_gripper=1.0034071207046509
update step=309 qpos=[0.16007249057292938, 2.3943164348602295, 2.186558485031128, -1.1506142616271973, 0.3936031758785248, 0.06752539426088333, 0.06762677431106567, 0.004384975414723158, -0.00039687033859081566, -0.000868486356921494, -0.00677484693005681, 0.004713769536465406, 0.002047192770987749, 1.0]
pred step=309 action=[[0.1457206904888153, 2.3754725456237793, 2.168658971786499, -1.1533218622207642, 0.39739859104156494, 0.06019505858421326, 0.06959092617034912, 0.0032300823368132114, -0.0001996159553527832, 0.00022792816162109375, -0.00713762640953064, 0.004736587405204773, 0.0017134534427896142, 1.003482699394226]] left_gripper=0.06959092617034912 right_gripper=1.003482699394226
update step=310 qpos=[0.14763891696929932, 2.37796688079834, 2.1706931591033936, -1.153085470199585, 0.39690643548965454, 0.061128851026296616, 0.06959092617034912, 0.003365617012605071, -0.0002313920558663085, 0.00012183527724118903, -0.007082571741193533, 0.004735913593322039, 0.001756104058586061, 1.0]
pred step=310 action=[[0.13121920824050903, 2.362372875213623, 2.159619092941284, -1.161704659461975, 0.40588605403900146, 0.05478977411985397, 0.061024606227874756, 0.004042013548314571, 0.00018972158432006836, -0.001205354928970337, -0.005798801779747009, 0.004825405776500702, 0.001922314753755927, 1.00495183467865]] left_gripper=0.061024606227874756 right_gripper=1.00495183467865
update step=311 qpos=[0.13343273103237152, 2.3644399642944336, 2.1608145236968994, -1.1607038974761963, 0.40473517775535583, 0.05559675768017769, 0.06102460622787477, 0.003962235059589148, 0.00014639818982686847, -0.0010656617814674973, -0.005970072466880083, 0.004812773782759905, 0.0019010440446436405, 1.0]
pred step=311 action=[[0.11438753455877304, 2.346799850463867, 2.1521759033203125, -1.1605302095413208, 0.4079480767250061, 0.04454765468835831, 0.046420395374298096, 0.0036732028238475323, 0.00043004751205444336, -0.0007722675800323486, -0.006424412131309509, 0.005829364061355591, 0.0012329310411587358, 1.003980278968811]] left_gripper=0.046420395374298096 right_gripper=1.003980278968811
update step=312 qpos=[0.1169428750872612, 2.3492603302001953, 2.153052568435669, -1.1606230735778809, 0.4075237512588501, 0.0459555946290493, 0.046420395374298096, 0.003705225884914398, 0.0003935116692446172, -0.000799077155534178, -0.006363929249346256, 0.005701370537281036, 0.001318213064223528, 1.0]
pred step=312 action=[[0.10508420318365097, 2.3410513401031494, 2.1484591960906982, -1.161205768585205, 0.4112696647644043, 0.037723831832408905, 0.04973095655441284, 0.003365879412740469, -0.001970231533050537, 0.0005970597267150879, -0.006018102169036865, 0.005178771913051605, 0.0011162080336362123, 1.00435471534729]] left_gripper=0.04973095655441284 right_gripper=1.00435471534729
update step=313 qpos=[0.10680239647626877, 2.342102527618408, 2.148977518081665, -1.161163568496704, 0.41077882051467896, 0.03877235949039459, 0.04973095655441284, 0.003406675299629569, -0.0017005406552925706, 0.00046068281517364085, -0.006049284245818853, 0.005245574284344912, 0.0011419368674978614, 1.0]
pred step=313 action=[[0.07197895646095276, 2.3104376792907715, 2.1209921836853027, -1.1663668155670166, 0.4257763624191284, 0.02176745980978012, 0.04439812898635864, 0.0024068583734333515, 0.0009310245513916016, 0.0009550750255584717, -0.004465878009796143, 0.005736924707889557, 0.0001733348472043872, 1.0054816007614136]] left_gripper=0.04439812898635864 right_gripper=1.0054816007614136
update step=314 qpos=[0.07625295221805573, 2.314713716506958, 2.1241276264190674, -1.1658740043640137, 0.4238723814487457, 0.023935804143548012, 0.04439812898635865, 0.002523386152461171, 0.0006235093460418284, 0.0008840002119541168, -0.004671511705964804, 0.005676683038473129, 0.0002969484485220164, 1.0]
pred step=314 action=[[0.05698687583208084, 2.2904505729675293, 2.104283332824707, -1.1702030897140503, 0.42540276050567627, 0.01011405885219574, 0.03865844011306763, 0.002442705910652876, 0.004149049520492554, 0.0037138164043426514, -0.003296792507171631, 0.005883753299713135, -0.0005778197664767504, 1.0063831806182861]] left_gripper=0.03865844011306763 right_gripper=1.0063831806182861
update step=315 qpos=[0.05986697971820831, 2.29359769821167, 2.1065263748168945, -1.16978120803833, 0.42517319321632385, 0.011873182840645313, 0.038658440113067606, 0.00245174509473145, 0.0037214981857687235, 0.00340729346498847, -0.003460052190348506, 0.0058576869778335094, -0.0004663182480726391, 1.0]
pred step=315 action=[[0.042161449790000916, 2.277517557144165, 2.1017541885375977, -1.1732643842697144, 0.43303346633911133, 0.0021242015063762665, 0.03532969951629639, 0.00217573344707489, 0.0044810473918914795, 0.002838343381881714, -0.004453137516975403, 0.006624393165111542, -0.0002173569519072771, 1.0065957307815552]] left_gripper=0.03532969951629639 right_gripper=1.0065957307815552
update step=316 qpos=[0.04448921978473663, 2.2797553539276123, 2.102154016494751, -1.1728872060775757, 0.43202343583106995, 0.003366137156262994, 0.03532969951629639, 0.0022065588273108006, 0.004403439350426197, 0.0028736807871609926, -0.004337609745562077, 0.006528077181428671, -0.0002490675251465291, 1.0]
pred step=316 action=[[0.02043335884809494, 2.259584665298462, 2.09283185005188, -1.1700265407562256, 0.42607152462005615, -0.018834568560123444, 0.026234149932861328, 0.001622287556529045, 0.002051055431365967, 0.005907922983169556, -0.004861593246459961, 0.006805591285228729, -0.0006516904104501009, 1.0077673196792603]] left_gripper=0.026234149932861328 right_gripper=1.0077673196792603
update step=317 qpos=[0.02351737767457962, 2.2623608112335205, 2.093794584274292, -1.170459508895874, 0.4268139898777008, -0.016003763303160667, 0.026234149932861342, 0.0016901835333555937, 0.002310501877218485, 0.005601734388619661, -0.0047719767317175865, 0.0067717344500124454, -0.0006002619629725814, 1.0]
pred step=317 action=[[6.558001041412354e-05, 2.2500648498535156, 2.0775222778320312, -1.1642824411392212, 0.43519270420074463, -0.02794344536960125, 0.02775287628173828, 0.001241643913090229, 0.0026470720767974854, 0.006042063236236572, -0.0026822537183761597, 0.006614401936531067, -0.002725060563534498, 1.0084569454193115]] left_gripper=0.02775287628173828 right_gripper=1.0084569454193115
update step=318 qpos=[0.003158637322485447, 2.2515957355499268, 2.07949161529541, -1.165124535560608, 0.4341185986995697, -0.02642172947525978, 0.027752876281738278, 0.0012948587536811829, 0.002611176110804081, 0.005978789180517197, -0.0029503649566322565, 0.006634965073317289, -0.002454143250361085, 1.0]
pred step=318 action=[[-0.026727905496954918, 2.214704990386963, 2.0585927963256836, -1.169866681098938, 0.4393656253814697, -0.0470682792365551, 0.020207345485687256, 0.001009080559015274, 0.0023615658283233643, 0.005789339542388916, -0.0033774375915527344, 0.008334003388881683, -0.0021430188789963722, 1.009119987487793]] left_gripper=0.020207345485687256 right_gripper=1.009119987487793
update step=319 qpos=[-0.02296697162091732, 2.2197554111480713, 2.0607733726501465, -1.1694289445877075, 0.43868476152420044, -0.04443690925836563, 0.020207345485687256, 0.0010390139650553465, 0.0023952831979840994, 0.0058004786260426044, -0.00332640134729445, 0.008119866251945496, -0.0021826543379575014, 1.0]
pred step=319 action=[[-0.03818938136100769, 2.2180843353271484, 2.0510025024414062, -1.1625219583511353, 0.4461723566055298, -0.05058911442756653, 0.022673487663269043, 0.0007929401472210884, 0.003346562385559082, 0.0069837868213653564, -0.0019328296184539795, 0.007431186735630035, -0.003352588973939419, 1.0096619129180908]] left_gripper=0.022673487663269043 right_gripper=1.0096619129180908
update step=320 qpos=[-0.035940367728471756, 2.2181243896484375, 2.05230450630188, -1.1634048223495483, 0.44520363211631775, -0.049806032329797745, 0.022673487663269043, 0.0008233273983933032, 0.0032262131571769714, 0.006864848546683788, -0.0021022583823651075, 0.007518711965531111, -0.003203426720574498, 1.0]
pred step=320 action=[[-0.07156086713075638, 2.1987290382385254, 2.0421111583709717, -1.1572147607803345, 0.44541168212890625, -0.07427021116018295, 0.022914767265319824, 0.00041033513844013214, 0.0003216564655303955, 0.006880044937133789, -0.002069637179374695, 0.007551632821559906, -0.0031000622548162937, 1.0119283199310303]] left_gripper=0.022914767265319824 right_gripper=1.0119283199310303
update step=321 qpos=[-0.06732761114835739, 2.2014777660369873, 2.043177843093872, -1.1580584049224854, 0.44539210200309753, -0.071148581802845, 0.022914767265319828, 0.00045865686843171716, 0.0006649217684753239, 0.006880951579660177, -0.0020708059892058372, 0.0075482879765331745, -0.0031132500153034925, 1.0]
pred step=321 action=[[-0.0923665463924408, 2.179511547088623, 2.0259616374969482, -1.1580110788345337, 0.4494144916534424, -0.08737212419509888, 0.01911097764968872, 5.13419508934021e-05, 0.0013560950756072998, 0.00854790210723877, -0.0011981427669525146, 0.008733786642551422, -0.003419569693505764, 1.010928988456726]] left_gripper=0.01911097764968872 right_gripper=1.010928988456726
update step=322 qpos=[-0.08893761038780212, 2.1823854446411133, 2.027902603149414, -1.1581213474273682, 0.4488776922225952, -0.08530589193105698, 0.019110977649688707, 9.669052815297619e-05, 0.0012680988293141127, 0.008366052992641926, -0.0013016319135203958, 0.008584748022258282, -0.0033803926780819893, 1.0]
pred step=322 action=[[-0.11419626325368881, 2.1687369346618652, 2.0269951820373535, -1.149989128112793, 0.45068222284317017, -0.10843417793512344, 0.017461121082305908, 0.00033239927142858505, 0.0011527538299560547, 0.010164439678192139, -0.0015741288661956787, 0.008708775043487549, -0.003056509420275688, 1.0133781433105469]] left_gripper=0.017461121082305908 right_gripper=1.0133781433105469
update step=323 qpos=[-0.11097316443920135, 2.170705556869507, 2.026984453201294, -1.1510380506515503, 0.45044201612472534, -0.10548437386751175, 0.017461121082305922, 0.0003043300239369273, 0.0011635933769866824, 0.009959743358194828, -0.0015332188922911882, 0.00869275163859129, -0.003097832202911377, 1.0]
pred step=323 action=[[-0.12257730960845947, 2.151925802230835, 2.015972137451172, -1.1554312705993652, 0.44993388652801514, -0.11254408955574036, 0.02081829309463501, 0.0005785468965768814, -0.0008442699909210205, 0.01049146056175232, -0.0038102567195892334, 0.00809447467327118, -0.00287725031375885, 1.014198660850525]] left_gripper=0.02081829309463501 right_gripper=1.014198660850525
update step=324 qpos=[-0.12086410820484161, 2.1544127464294434, 2.0171384811401367, -1.1549649238586426, 0.44997328519821167, -0.11164724826812744, 0.02081829309463501, 0.0005475702346302569, -0.0006020881119184196, 0.010416103526949883, -0.0035216831602156162, 0.008169568143785, -0.0029054235201328993, 1.0]
pred step=324 action=[[-0.1630282998085022, 2.146307945251465, 2.0074164867401123, -1.1369338035583496, 0.4498237371444702, -0.1422751098871231, 0.01568317413330078, 0.0005310140550136566, -0.0013143718242645264, 0.011170387268066406, -0.0010435283184051514, 0.00884837657213211, -0.003183226566761732, 1.0145726203918457]] left_gripper=0.01568317413330078 right_gripper=1.0145726203918457
update step=325 qpos=[-0.15819400548934937, 2.1474452018737793, 2.0086300373077393, -1.1392180919647217, 0.44987308979034424, -0.13836419582366943, 0.01568317413330079, 0.000531617202796042, -0.001238766242749989, 0.011104711331427097, -0.0013499361230060458, 0.008762546814978123, -0.0031477478332817554, 1.0]
pred step=325 action=[[-0.17262369394302368, 2.133821964263916, 2.005858898162842, -1.1455720663070679, 0.4555368423461914, -0.14573654532432556, 0.015225231647491455, 0.0002903034910559654, -0.000240325927734375, 0.011888444423675537, -0.0008609890937805176, 0.01001293957233429, -0.0025432645343244076, 1.0170722007751465]] left_gripper=0.015225231647491455 right_gripper=1.0170722007751465
update step=326 qpos=[-0.17028021812438965, 2.1356992721557617, 2.006031036376953, -1.144819974899292, 0.4547739326953888, -0.1448012888431549, 0.015225231647491453, 0.000315997313009575, -0.0003568492829799652, 0.011790848337113857, -0.0009233843302354217, 0.009855496697127819, -0.002620244398713112, 1.0]
pred step=326 action=[[-0.18279141187667847, 2.121811866760254, 1.9858547449111938, -1.1403733491897583, 0.45669907331466675, -0.15011970698833466, 0.02077484130859375, 0.0003696540370583534, 0.0035413801670074463, 0.011419504880905151, -0.0017202198505401611, 0.00812038779258728, -0.0032656611874699593, 1.016054630279541]] left_gripper=0.02077484130859375 right_gripper=1.016054630279541
update step=327 qpos=[-0.1812225729227066, 2.123526096343994, 1.988258957862854, -1.1410257816314697, 0.45645254850387573, -0.14944207668304443, 0.02077484130859374, 0.00036708213156089187, 0.003091104794293642, 0.01143326424062252, -0.0016310132341459394, 0.008339562453329563, -0.0031834691762924194, 1.0]
pred step=327 action=[[-0.23504897952079773, 2.1135878562927246, 1.975943922996521, -1.1228474378585815, 0.458377480506897, -0.1865701973438263, 0.01502525806427002, 0.0005514426156878471, 0.0031635165214538574, 0.014533907175064087, -8.26120376586914e-05, 0.008511140942573547, -0.004148968029767275, 1.0177254676818848]] left_gripper=0.01502525806427002 right_gripper=1.0177254676818848
update step=328 qpos=[-0.2289711982011795, 2.115002155303955, 1.977461338043213, -1.1251548528671265, 0.4581797122955322, -0.1818285882472992, 0.015025258064270004, 0.0005295550217851996, 0.0031328138429671526, 0.014229551889002323, -0.0002554084057919681, 0.008488866500556469, -0.004025907255709171, 1.0]
pred step=328 action=[[-0.22837206721305847, 2.104480266571045, 1.9767684936523438, -1.1261217594146729, 0.4550935626029968, -0.18499156832695007, 0.0156363844871521, 0.0007086293771862984, 0.0030306875705718994, 0.014819025993347168, -0.0027004778385162354, 0.008745908737182617, -0.00401156535372138, 1.0183583498001099]] left_gripper=0.0156363844871521 right_gripper=1.0183583498001099
update step=329 qpos=[-0.22745433449745178, 2.105944871902466, 1.9767471551895142, -1.126019835472107, 0.45540571212768555, -0.1845959573984146, 0.015636384487152096, 0.0006871535442769527, 0.0030553657561540604, 0.014714791439473629, -0.0023978750687092543, 0.00871304888278246, -0.004013450816273689, 1.0]
pred step=329 action=[[-0.25067946314811707, 2.1069154739379883, 1.9705122709274292, -1.1176111698150635, 0.45803844928741455, -0.1964440941810608, 0.01728898286819458, 0.0007952535524964333, 0.003727942705154419, 0.01445034146308899, -0.0004881322383880615, 0.008653119206428528, -0.0042218780145049095, 1.0175938606262207]] left_gripper=0.01728898286819458 right_gripper=1.0175938606262207
update step=330 qpos=[-0.2482413947582245, 2.106754779815674, 1.9713414907455444, -1.1186723709106445, 0.4577420949935913, -0.1949291080236435, 0.017288982868194573, 0.0007827426306903362, 0.003646105993539095, 0.014488264918327332, -0.0007302729063667357, 0.00866046454757452, -0.004195317625999451, 1.0]
pred step=330 action=[[-0.2727890610694885, 2.1022090911865234, 1.9712947607040405, -1.1059367656707764, 0.45651566982269287, -0.21627503633499146, 0.01240473985671997, 0.0014783339574933052, 0.003463953733444214, 0.017126470804214478, -0.00015638768672943115, 0.009196199476718903, -0.003570334054529667, 1.0187331438064575]] left_gripper=0.01240473985671997 right_gripper=1.0187331438064575
update step=331 qpos=[-0.2696812152862549, 2.1029200553894043, 1.9712973833084106, -1.107532024383545, 0.45666611194610596, -0.2135513871908188, 0.01240473985671997, 0.001395449973642826, 0.0034723395947366953, 0.01685056835412979, -0.00021325117268133909, 0.009127166122198105, -0.0036500575952231884, 1.0]
pred step=331 action=[[-0.2926996648311615, 2.1048152446746826, 1.9564415216445923, -1.094261646270752, 0.45531564950942993, -0.22581928968429565, 0.010266423225402832, 0.0013958467170596123, 0.005297154188156128, 0.016720294952392578, 0.0015150010585784912, 0.009090334177017212, -0.004293578676879406, 1.0192744731903076]] left_gripper=0.010266423225402832 right_gripper=1.0192744731903076
update step=332 qpos=[-0.28977933526039124, 2.104423761367798, 1.958396553993225, -1.0959453582763672, 0.4554888606071472, -0.22425401210784912, 0.010266423225402832, 0.0013961490476503968, 0.005089046899229288, 0.01671511121094227, 0.0012879259884357452, 0.009094913490116596, -0.004211508668959141, 1.0]
pred step=332 action=[[-0.3096778094768524, 2.08471941947937, 1.9411166906356812, -1.091751217842102, 0.46052122116088867, -0.2360544502735138, 0.016697227954864502, 0.0020118807442486286, 0.009498953819274902, 0.018517225980758667, -0.00045202672481536865, 0.008317820727825165, -0.003941754810512066, 1.0187243223190308]] left_gripper=0.016697227954864502 right_gripper=1.0187243223190308
update step=333 qpos=[-0.30715736746788025, 2.0872955322265625, 1.9430832862854004, -1.0923786163330078, 0.4598746597766876, -0.23455055058002472, 0.016697227954864502, 0.0019412609981372952, 0.008978933095932007, 0.018299071118235588, -0.00023144352599047124, 0.0084147984161973, -0.003976298961788416, 1.0]
pred step=333 action=[[-0.31894850730895996, 2.0906097888946533, 1.9423779249191284, -1.0872273445129395, 0.45935678482055664, -0.24631240963935852, 0.01532822847366333, 0.002134496346116066, 0.013447076082229614, 0.019149720668792725, 0.0026602596044540405, 0.009317934513092041, -0.0037258006632328033, 1.0180474519729614]] left_gripper=0.01532822847366333 right_gripper=1.0180474519729614
update step=334 qpos=[-0.3173246383666992, 2.0901594161987305, 1.9425265789031982, -1.087859869003296, 0.45941370725631714, -0.24481235444545746, 0.015328228473663334, 0.002110121538862586, 0.012915157712996006, 0.019060740247368813, 0.0022943075746297836, 0.009203337132930756, -0.003757690079510212, 1.0]
pred step=334 action=[[-0.32297036051750183, 2.0836730003356934, 1.9340381622314453, -1.0816917419433594, 0.45844775438308716, -0.24823835492134094, 0.014778435230255127, 0.002062375657260418, 0.01196184754371643, 0.020339876413345337, 0.0007273554801940918, 0.007867544889450073, -0.004406235180795193, 1.0191473960876465]] left_gripper=0.014778435230255127 right_gripper=1.0191473960876465
update step=335 qpos=[-0.32217252254486084, 2.0844991207122803, 1.9350552558898926, -1.082503318786621, 0.4585617184638977, -0.24780231714248657, 0.01477843523025514, 0.0020708150696009398, 0.012072124518454075, 0.020197227597236633, 0.0009325530845671892, 0.008036459796130657, -0.00432361476123333, 1.0]
pred step=335 action=[[-0.3360595107078552, 2.083956003189087, 1.9304884672164917, -1.0702712535858154, 0.45678871870040894, -0.2586292028427124, 0.01344066858291626, 0.002718918491154909, 0.012338817119598389, 0.02169010043144226, 0.0020364224910736084, 0.008144110441207886, -0.004631283693015575, 1.0188212394714355]] left_gripper=0.01344066858291626 right_gripper=1.0188212394714355
update step=336 qpos=[-0.3344630002975464, 2.0840299129486084, 1.9311002492904663, -1.0718108415603638, 0.45702481269836426, -0.257246196269989, 0.013440668582916248, 0.0026426624972373247, 0.01230157632380724, 0.021528933197259903, 0.0019033582648262382, 0.008129069581627846, -0.004592146724462509, 1.0]
pred step=336 action=[[-0.3527437150478363, 2.0891947746276855, 1.925602674484253, -1.0574294328689575, 0.45475852489471436, -0.27016890048980713, 0.011919260025024414, 0.0031257509253919125, 0.01343989372253418, 0.022066891193389893, 0.003064870834350586, 0.007907308638095856, -0.004971147049218416, 1.0196107625961304]] left_gripper=0.011919260025024414 right_gripper=1.0196107625961304
update step=337 qpos=[-0.3505116105079651, 2.0884721279144287, 1.9264111518859863, -1.0592193603515625, 0.4550539553165436, -0.2685187757015228, 0.011919260025024428, 0.0030696853064000607, 0.013307048007845879, 0.021998967975378036, 0.0029163954313844442, 0.007934299297630787, -0.004922905005514622, 1.0]
pred step=337 action=[[-0.3582562208175659, 2.089412212371826, 1.9206135272979736, -1.0518395900726318, 0.4557575583457947, -0.27264031767845154, 0.012970805168151855, 0.003418311942368746, 0.015667766332626343, 0.022188454866409302, 0.0028914213180541992, 0.008091233670711517, -0.004291039891541004, 1.0196737051010132]] left_gripper=0.012970805168151855 right_gripper=1.0196737051010132
update step=338 qpos=[-0.3571071922779083, 2.0892422199249268, 1.9213831424713135, -1.0527706146240234, 0.4556563198566437, -0.27211540937423706, 0.012970805168151843, 0.0033771218731999397, 0.015392922796308994, 0.02215457893908024, 0.0028901316691190004, 0.008070726878941059, -0.004371647723019123, 1.0]
pred step=338 action=[[-0.366278737783432, 2.0858240127563477, 1.919165849685669, -1.049398422241211, 0.45319753885269165, -0.2801688611507416, 0.01261061429977417, 0.003442241810262203, 0.013551294803619385, 0.022505521774291992, 0.003959789872169495, 0.008637815713882446, -0.004805894568562508, 1.019677996635437]] left_gripper=0.01261061429977417 right_gripper=1.019677996635437
update step=339 qpos=[-0.3651616871356964, 2.086289882659912, 1.9194167852401733, -1.049835443496704, 0.4535108804702759, -0.2791413366794586, 0.012610614299774173, 0.0034334654919803143, 0.013761065900325775, 0.022487513720989227, 0.0038324506022036076, 0.008565980941057205, -0.004750464111566544, 1.0]
pred step=339 action=[[-0.37968966364860535, 2.089132308959961, 1.9107829332351685, -1.0364435911178589, 0.45238667726516724, -0.28763630986213684, 0.013371527194976807, 0.0038937916979193687, 0.014726221561431885, 0.02392438054084778, 0.004064574837684631, 0.00846938043832779, -0.004960174206644297, 1.0199693441390991]] left_gripper=0.013371527194976807 right_gripper=1.0199693441390991
update step=340 qpos=[-0.37795352935791016, 2.088688611984253, 1.9119535684585571, -1.0381277799606323, 0.45253854990005493, -0.2865510880947113, 0.013371527194976812, 0.0038399952463805676, 0.01460988074541092, 0.023759424686431885, 0.004038969520479441, 0.00848066620528698, -0.004933511838316917, 1.0]
pred step=340 action=[[-0.38549017906188965, 2.088139533996582, 1.9087824821472168, -1.0323920249938965, 0.4518689513206482, -0.2921287715435028, 0.013331353664398193, 0.0041764602065086365, 0.016013234853744507, 0.024723440408706665, 0.00455908477306366, 0.008499830961227417, -0.004976402502506971, 1.0193685293197632]] left_gripper=0.013331353664398193 right_gripper=1.0193685293197632
update step=341 qpos=[-0.3844195306301117, 2.0882022380828857, 1.9091968536376953, -1.0331159830093384, 0.45194464921951294, -0.2914177179336548, 0.01333135366439819, 0.0041370396502316, 0.015847429633140564, 0.024609645828604698, 0.004494088236242533, 0.008496697060763836, -0.0049709780141711235, 1.0]
pred step=341 action=[[-0.39339858293533325, 2.0887069702148438, 1.9032728672027588, -1.0226514339447021, 0.45029354095458984, -0.2970697581768036, 0.014018595218658447, 0.004291958641260862, 0.016513079404830933, 0.024190813302993774, 0.004806011915206909, 0.008135423064231873, -0.005127409938722849, 1.0198074579238892]] left_gripper=0.014018595218658447 right_gripper=1.0198074579238892
update step=342 qpos=[-0.3923022747039795, 2.088606834411621, 1.9040621519088745, -1.0239709615707397, 0.4505062401294708, -0.296347975730896, 0.014018595218658439, 0.004274621140211821, 0.01643872819840908, 0.024229466915130615, 0.004761915188282728, 0.008180741220712662, -0.005107507109642029, 1.0]
pred step=342 action=[[-0.40178850293159485, 2.0904393196105957, 1.9000804424285889, -1.0140817165374756, 0.44932425022125244, -0.3036089241504669, 0.01563847064971924, 0.00494831707328558, 0.017013758420944214, 0.026822447776794434, 0.005249142646789551, 0.007829613983631134, -0.005448000505566597, 1.0193777084350586]] left_gripper=0.01563847064971924 right_gripper=1.0193777084350586
update step=343 qpos=[-0.4006010890007019, 2.0901761054992676, 1.9006400108337402, -1.0153193473815918, 0.44947558641433716, -0.3026818037033081, 0.01563847064971925, 0.0048699998296797276, 0.016932250931859016, 0.02655252255499363, 0.005202721804380417, 0.007872570306062698, -0.005404683295637369, 1.0]
pred step=343 action=[[-0.4074637293815613, 2.0884883403778076, 1.8958423137664795, -1.005462884902954, 0.4479563236236572, -0.3090253472328186, 0.01572805643081665, 0.005346739664673805, 0.017535805702209473, 0.026675879955291748, 0.005077183246612549, 0.007550716400146484, -0.005580788012593985, 1.0197890996932983]] left_gripper=0.01572805643081665 right_gripper=1.0197890996932983
update step=344 qpos=[-0.40655502676963806, 2.088705062866211, 1.8964617252349854, -1.0067102909088135, 0.4481450617313385, -0.3082159161567688, 0.015728056430816643, 0.005291619338095188, 0.017472563311457634, 0.026640012860298157, 0.005087013356387615, 0.007590357679873705, -0.005558425560593605, 1.0]
pred step=344 action=[[-0.4158996641635895, 2.0924975872039795, 1.892137885093689, -0.9958856105804443, 0.44464778900146484, -0.3123199939727783, 0.01734977960586548, 0.0060834744945168495, 0.016018450260162354, 0.02803632616996765, 0.005755692720413208, 0.007753975689411163, -0.005950632505118847, 1.0192993879318237]] left_gripper=0.01734977960586548 right_gripper=1.0192993879318237
update step=345 qpos=[-0.41476428508758545, 2.091958522796631, 1.8927688598632812, -0.9972342252731323, 0.4450966417789459, -0.31179535388946533, 0.01734977960586549, 0.005990238860249519, 0.0161801315844059, 0.02789955958724022, 0.005682699847966433, 0.007731636520475149, -0.005900700110942125, 1.0]
pred step=345 action=[[-0.4196079671382904, 2.091063976287842, 1.8862780332565308, -0.9877880811691284, 0.44338810443878174, -0.3158101439476013, 0.017268240451812744, 0.006268367171287537, 0.017174124717712402, 0.028944849967956543, 0.005439102649688721, 0.007114589214324951, -0.006316193379461765, 1.0198216438293457]] left_gripper=0.017268240451812744 right_gripper=1.0198216438293457
update step=346 qpos=[-0.4189203977584839, 2.091148853302002, 1.887117624282837, -0.9889863133430481, 0.4435988962650299, -0.315297931432724, 0.017268240451812755, 0.006237214431166649, 0.01705968752503395, 0.028812261298298836, 0.005469159223139286, 0.007191948127001524, -0.0062633091583848, 1.0]
pred step=346 action=[[-0.4252997040748596, 2.0932726860046387, 1.8830516338348389, -0.9792535305023193, 0.4422764182090759, -0.31998783349990845, 0.019497811794281006, 0.006856652908027172, 0.018929272890090942, 0.029434561729431152, 0.00566275417804718, 0.007283464074134827, -0.006184469908475876, 1.0191649198532104]] left_gripper=0.019497811794281006 right_gripper=1.0191649198532104
update step=347 qpos=[-0.4245264530181885, 2.0929644107818604, 1.8836241960525513, -0.9804717302322388, 0.4424474239349365, -0.3193886876106262, 0.019497811794281013, 0.0067838276736438274, 0.018709829077124596, 0.029357215389609337, 0.005637051071971655, 0.007270598318427801, -0.006194600369781256, 1.0]
pred step=347 action=[[-0.42863622307777405, 2.093745231628418, 1.8812977075576782, -0.9778268337249756, 0.44150859117507935, -0.3215964138507843, 0.02091115713119507, 0.007174009457230568, 0.018023371696472168, 0.030019253492355347, 0.006240770220756531, 0.007370598614215851, -0.0065999263897538185, 1.0188342332839966]] left_gripper=0.02091115713119507 right_gripper=1.0188342332839966
update step=348 qpos=[-0.42807793617248535, 2.0936193466186523, 1.8816094398498535, -0.9781597852706909, 0.4416252672672272, -0.32131490111351013, 0.02091115713119508, 0.007128111552447081, 0.018099602311849594, 0.029955469071865082, 0.006170001346617937, 0.007357124704867601, -0.006548275239765644, 1.0]
pred step=348 action=[[-0.4305948317050934, 2.095186233520508, 1.8776392936706543, -0.9681659936904907, 0.44158321619033813, -0.32461684942245483, 0.022053658962249756, 0.007674355059862137, 0.02117156982421875, 0.03153800964355469, 0.006579682230949402, 0.007090345025062561, -0.006681854836642742, 1.0187342166900635]] left_gripper=0.022053658962249756 right_gripper=1.0187342166900635
update step=349 qpos=[-0.43025314807891846, 2.0949580669403076, 1.878193736076355, -0.9694189429283142, 0.4415873885154724, -0.3241949677467346, 0.022053658962249752, 0.007610923610627651, 0.020807970315217972, 0.03135165572166443, 0.006529076490551233, 0.00712292455136776, -0.00666491873562336, 1.0]
pred step=349 action=[[-0.43309587240219116, 2.0954151153564453, 1.8768272399902344, -0.9639571905136108, 0.43982017040252686, -0.32594531774520874, 0.02318286895751953, 0.008030395954847336, 0.021440178155899048, 0.031493306159973145, 0.006256952881813049, 0.007082328200340271, -0.006747732870280743, 1.0185116529464722]] left_gripper=0.02318286895751953 right_gripper=1.0185116529464722
update step=350 qpos=[-0.43274253606796265, 2.095357656478882, 1.877023696899414, -0.9646402597427368, 0.4400448203086853, -0.32572171092033386, 0.023182868957519528, 0.007981356233358383, 0.021368809044361115, 0.03146911412477493, 0.006289283744990826, 0.007086565252393484, -0.006737228482961655, 1.0]
pred step=350 action=[[-0.4584202468395233, 2.245936393737793, 1.9808582067489624, -1.0918177366256714, 0.5587610006332397, -0.3021986484527588, 0.07648968696594238, 0.004878987558186054, 0.010269343852996826, -0.0028700828552246094, -0.00539650022983551, 0.00927184522151947, 0.0023880989756435156, 1.0045411586761475]] left_gripper=0.07648968696594238 right_gripper=1.0045411586761475
update step=351 qpos=[-0.4554743468761444, 2.22552752494812, 1.9695080518722534, -1.0750428438186646, 0.5437957048416138, -0.3051902949810028, 0.07648968696594238, 0.005237969569861889, 0.011752533726394176, 0.0007440982153639197, -0.004102525766938925, 0.00900276843458414, 0.0012251142179593444, 1.0]
pred step=351 action=[[-0.4580812454223633, 2.2458996772766113, 1.976855754852295, -1.0931527614593506, 0.5617431998252869, -0.3010963499546051, 0.09194737672805786, 0.005344003438949585, 0.009009122848510742, -0.0009055733680725098, -0.006352722644805908, 0.008790887892246246, 0.0018530659144744277, 1.00510835647583]] left_gripper=0.09194737672805786 right_gripper=1.00510835647583
update step=352 qpos=[-0.4572187662124634, 2.243258476257324, 1.9760398864746094, -1.0908198356628418, 0.559448778629303, -0.30161988735198975, 0.09194737672805786, 0.005330846179276705, 0.00924414861947298, -0.00047259379061870277, -0.006001940928399563, 0.008817873895168304, 0.001773456926457584, 1.0]
pred step=352 action=[[-0.46096503734588623, 2.2467310428619385, 1.9809136390686035, -1.0906283855438232, 0.5641610026359558, -0.3054076135158539, 0.09714096784591675, 0.005736762657761574, 0.009369224309921265, -0.0036911964416503906, -0.004850476980209351, 0.009151890873908997, 0.0019362368620932102, 1.005270004272461]] left_gripper=0.09714096784591675 right_gripper=1.005270004272461
update step=353 qpos=[-0.4605342447757721, 2.246288776397705, 1.9803518056869507, -1.0906288623809814, 0.5635688304901123, -0.304923415184021, 0.09714096784591675, 0.005688447970896959, 0.009362435899674892, -0.0033331941813230515, -0.005010382272303104, 0.009108847007155418, 0.0019154922338202596, 1.0]
pred step=353 action=[[-0.4618576169013977, 2.2433652877807617, 1.9728912115097046, -1.088557481765747, 0.567959725856781, -0.3049249053001404, 0.11318665742874146, 0.005810917820781469, 0.0071607232093811035, -0.0023326873779296875, -0.004761412739753723, 0.008842505514621735, 0.001690517645329237, 1.0056077241897583]] left_gripper=0.11318665742874146 right_gripper=1.0056077241897583
update step=354 qpos=[-0.4616372287273407, 2.243699550628662, 1.9738024473190308, -1.0888460874557495, 0.5673993229866028, -0.3049251139163971, 0.11318665742874146, 0.005797081161290407, 0.007405092939734459, -0.002405786421149969, -0.004776514135301113, 0.008875930681824684, 0.0017191851511597633, 1.0]
pred step=354 action=[[-0.46359673142433167, 2.240542411804199, 1.9651033878326416, -1.0869500637054443, 0.5713249444961548, -0.3066628873348236, 0.1406031847000122, 0.005550568923354149, 0.004257529973983765, -0.0025628209114074707, -0.0031685680150985718, 0.007905073463916779, 0.0013118735514581203, 1.007414698600769]] left_gripper=0.1406031847000122 right_gripper=1.007414698600769
update step=355 qpos=[-0.46335357427597046, 2.2408857345581055, 1.9661675691604614, -1.087221622467041, 0.5708273649215698, -0.3064412772655487, 0.1406031847000122, 0.005581531673669815, 0.004627749789506197, -0.0025371008086949587, -0.003368970938026905, 0.008028225973248482, 0.0013637641677632928, 1.0]
pred step=355 action=[[-0.4624297618865967, 2.239450216293335, 1.9586493968963623, -1.0852234363555908, 0.5695499181747437, -0.3049739599227905, 0.18189901113510132, 0.005915721412748098, 0.0017721951007843018, -0.002227604389190674, -0.0027223825454711914, 0.008657306432723999, 0.001191429910250008, 1.0068508386611938]] left_gripper=0.18189901113510132 right_gripper=1.0068508386611938
update step=356 qpos=[-0.4624939560890198, 2.2395665645599365, 1.9595853090286255, -1.0854978561401367, 0.5697093605995178, -0.30516162514686584, 0.18189901113510132, 0.005875131580978632, 0.0021067943889647722, -0.002255186205729842, -0.002799135632812977, 0.00857705157250166, 0.0012133897980675101, 1.0]
pred step=356 action=[[-0.4641473889350891, 2.23744797706604, 1.9659433364868164, -1.0966522693634033, 0.5731617212295532, -0.30931755900382996, 0.21566706895828247, 0.006413271650671959, 0.0005418956279754639, -0.002816140651702881, -0.0032231658697128296, 0.008027158677577972, 0.0003716257051564753, 1.0063999891281128]] left_gripper=0.21566706895828247 right_gripper=1.0063999891281128
update step=357 qpos=[-0.4639808237552643, 2.237790107727051, 1.9650726318359375, -1.0952506065368652, 0.5727235078811646, -0.3087880611419678, 0.21566706895828247, 0.006351391784846783, 0.0007320570293813944, -0.0027640711050480604, -0.0031732507050037384, 0.008095508441329002, 0.0004788472142536193, 1.0]
pred step=357 action=[[-0.46530845761299133, 2.2330567836761475, 1.9582464694976807, -1.097499132156372, 0.5717319250106812, -0.3111947178840637, 0.26007699966430664, 0.004951839800924063, -0.0038753747940063477, -0.0007619261741638184, -0.0009647011756896973, 0.008701547980308533, 0.00022935919696465135, 1.005531907081604]] left_gripper=0.26007699966430664 right_gripper=1.005531907081604
update step=358 qpos=[-0.46512147784233093, 2.2336230278015137, 1.9590452909469604, -1.097252607345581, 0.5718556046485901, -0.31088876724243164, 0.26007699966430664, 0.0051148380152881145, -0.0033508946653455496, -0.0009399245609529316, -0.0012212499277666211, 0.008627748116850853, 0.0002613204997032881, 1.0]
pred step=358 action=[[-0.4657401442527771, 2.2455239295959473, 1.967140555381775, -1.095770239830017, 0.577130138874054, -0.3119460940361023, 0.30602145195007324, 0.005427226889878511, -0.0040263831615448, -0.0012333095073699951, -0.001016378402709961, 0.007900737226009369, -0.0006674552569165826, 1.006956934928894]] left_gripper=0.30602145195007324 right_gripper=1.006956934928894
update step=359 qpos=[-0.4656509459018707, 2.2439563274383545, 1.9662686586380005, -1.0958970785140991, 0.5764663219451904, -0.31180986762046814, 0.30602145195007324, 0.005391973536461592, -0.003935419954359531, -0.0012305495329201221, -0.0010513263987377286, 0.007991948164999485, -0.0005491310148499906, 1.0]
pred step=359 action=[[-0.4664852023124695, 2.237382411956787, 1.9597268104553223, -1.0979290008544922, 0.5741061568260193, -0.3176876902580261, 0.3568473756313324, 0.005023944657295942, -0.009041190147399902, -0.0006763041019439697, -0.001456230878829956, 0.009406894445419312, -0.001199420657940209, 1.004927158355713]] left_gripper=0.3568473756313324 right_gripper=1.004927158355713
update step=360 qpos=[-0.46637576818466187, 2.2382242679595947, 1.9604642391204834, -1.097713828086853, 0.5744019150733948, -0.3169387876987457, 0.3568473756313324, 0.005064243450760841, -0.008445685729384422, -0.0007161145331338048, -0.0013925533276051283, 0.00922869797796011, -0.0011164244497194886, 1.0]
pred step=360 action=[[-0.47009432315826416, 2.2415661811828613, 1.9671839475631714, -1.100809931755066, 0.5688127875328064, -0.3210151493549347, 0.4229307472705841, 0.0051277438178658485, -0.01271095871925354, -0.0026665031909942627, -0.0013979077339172363, 0.008920997381210327, -0.0033661359921097755, 1.006015658378601]] left_gripper=0.4229307472705841 right_gripper=1.006015658378601
update step=361 qpos=[-0.46965205669403076, 2.2411608695983887, 1.9663681983947754, -1.100394606590271, 0.5695236921310425, -0.3204953074455261, 0.42293074727058405, 0.005121069494634867, -0.012197994627058506, -0.0024586578365415335, -0.001404676935635507, 0.008959607221186161, -0.0030793629121035337, 1.0]
pred step=361 action=[[-0.4634878635406494, 2.2337722778320312, 1.9509886503219604, -1.0995632410049438, 0.5723640322685242, -0.31460994482040405, 0.41379451751708984, 0.005123143084347248, -0.012221157550811768, 0.00123673677444458, 0.0005371570587158203, 0.008707761764526367, -0.0027114879339933395, 1.0049066543579102]] left_gripper=0.41379451751708984 right_gripper=1.0049066543579102
update step=362 qpos=[-0.464129775762558, 2.234626531600952, 1.9528433084487915, -1.0997309684753418, 0.5719944834709167, -0.3153626024723053, 0.4137945175170898, 0.00512332608923316, -0.012241682969033718, 0.0008612371166236699, 0.0003156582242809236, 0.008739624172449112, -0.0027585087809711695, 1.0]
pred step=362 action=[[-0.4625943601131439, 2.2268214225769043, 1.9553475379943848, -1.1053465604782104, 0.5729753375053406, -0.3151172697544098, 0.4646134078502655, 0.004223558120429516, -0.01763126254081726, -0.0029558539390563965, -9.551644325256348e-05, 0.007926657795906067, -0.00314945075660944, 1.00558340549469]] left_gripper=0.4646134078502655 right_gripper=1.00558340549469
update step=363 qpos=[-0.4628801643848419, 2.2279233932495117, 1.9549200534820557, -1.1046626567840576, 0.5728514194488525, -0.31514909863471985, 0.4646134078502655, 0.004330913536250591, -0.016970491036772728, -0.0025643405970185995, -6.425621540984139e-05, 0.008031165227293968, -0.003099550260230899, 1.0]
pred step=363 action=[[-0.46303603053092957, 2.2209582328796387, 1.9556394815444946, -1.1062493324279785, 0.563653290271759, -0.3189607262611389, 0.547491192817688, 0.002824116498231888, -0.023984283208847046, -0.0013583004474639893, 0.0010846853256225586, 0.008062377572059631, -0.004200258292257786, 1.0050808191299438]] left_gripper=0.547491192817688 right_gripper=1.0050808191299438
update step=364 qpos=[-0.46302637457847595, 2.221928119659424, 1.9554659128189087, -1.1060690879821777, 0.564815878868103, -0.3184753656387329, 0.547491192817688, 0.003000757424160838, -0.023178674280643463, -0.0014334096340462565, 0.0009654212044551969, 0.008061369881033897, -0.004059774801135063, 1.0]
pred step=364 action=[[-0.45958107709884644, 2.2158420085906982, 1.9437696933746338, -1.1012238264083862, 0.5583001375198364, -0.3185504376888275, 0.5781488418579102, 0.0017248778603971004, -0.025193750858306885, -0.002476632595062256, 1.0877847671508789e-05, 0.008133061230182648, -0.005587881896644831, 1.004173994064331]] left_gripper=0.5781488418579102 right_gripper=1.004173994064331
update step=365 qpos=[-0.4599713087081909, 2.216564655303955, 1.9451894760131836, -1.1018790006637573, 0.5591220855712891, -0.31854182481765747, 0.5781488418579102, 0.0018745602574199438, -0.024941490963101387, -0.0023936850484460592, 0.00012029166828142479, 0.008126405999064445, -0.005392984952777624, 1.0]
pred step=365 action=[[-0.45817792415618896, 2.2014317512512207, 1.9411014318466187, -1.105780839920044, 0.5606508255004883, -0.32101309299468994, 0.6177366375923157, 0.0006725220009684563, -0.02829831838607788, -0.0022045373916625977, -0.0018184781074523926, 0.008183233439922333, -0.004659487400203943, 1.0044234991073608]] left_gripper=0.6177366375923157 right_gripper=1.0044234991073608
update step=366 qpos=[-0.4584449231624603, 2.2034716606140137, 1.9414334297180176, -1.1053494215011597, 0.5604504942893982, -0.3206993639469147, 0.6177366375923157, 0.0008131906506605446, -0.027904493734240532, -0.0022175104822963476, -0.001566498656757176, 0.008178608492016792, -0.004752954002469778, 1.0]
pred step=366 action=[[-0.4578741192817688, 2.192136764526367, 1.9350520372390747, -1.1090139150619507, 0.5497199296951294, -0.31968748569488525, 0.6791396141052246, -5.4455362260341644e-05, -0.03234422206878662, -0.0027664005756378174, -0.000803828239440918, 0.008123181760311127, -0.0054737888276577, 1.0045905113220215]] left_gripper=0.6791396141052246 right_gripper=1.0045905113220215
update step=367 qpos=[-0.4579537510871887, 2.1936228275299072, 1.9357094764709473, -1.1086078882217407, 0.5510761737823486, -0.31981849670410156, 0.6791396141052246, 4.73530926683452e-05, -0.03182251378893852, -0.0026906535495072603, -0.0008957383106462657, 0.00813190545886755, -0.005381760653108358, 1.0]
pred step=367 action=[[-0.45284584164619446, 2.187558650970459, 1.92648446559906, -1.1057690382003784, 0.543236255645752, -0.31924280524253845, 0.7250007390975952, -0.001617291010916233, -0.03263852000236511, -0.008342087268829346, -0.0026426315307617188, 0.006182365119457245, -0.008846216835081577, 1.007120132446289]] left_gripper=0.7250007390975952 right_gripper=1.007120132446289
update step=368 qpos=[-0.4534260332584381, 2.1883015632629395, 1.9275829792022705, -1.1061670780181885, 0.5442241430282593, -0.3193172216415405, 0.7250007390975952, -0.0014173424569889903, -0.0325109027326107, -0.007759920787066221, -0.002456267597153783, 0.006431665271520615, -0.008404533378779888, 1.0]
pred step=368 action=[[-0.4534495770931244, 2.183554172515869, 1.9357094764709473, -1.100900650024414, 0.5392937064170837, -0.32686638832092285, 0.7711508870124817, -0.0023506581783294678, -0.037786781787872314, -0.009245127439498901, -0.0032699257135391235, 0.007057651877403259, -0.0088251493871212, 1.0060995817184448]] left_gripper=0.7711508870124817 right_gripper=1.0060995817184448
update step=369 qpos=[-0.4535370171070099, 2.1843228340148926, 1.9346588850021362, -1.1015465259552002, 0.5399185419082642, -0.3259027302265167, 0.7711508870124816, -0.00224270299077034, -0.03717748075723648, -0.0090257553383708, -0.0031536163296550512, 0.006980309262871742, -0.008771554566919804, 1.0]
pred step=369 action=[[-0.45641767978668213, 2.179405689239502, 1.9258475303649902, -1.095724105834961, 0.5313547849655151, -0.32392749190330505, 0.7862194776535034, -0.002605583518743515, -0.04120013117790222, -0.011020034551620483, -0.00015023350715637207, 0.006296612322330475, -0.007565195672214031, 1.006062626838684]] left_gripper=0.7862194776535034 right_gripper=1.006062626838684
update step=370 qpos=[-0.45609259605407715, 2.180011034011841, 1.9269170761108398, -1.0964893102645874, 0.5324416756629944, -0.3241797685623169, 0.7862194776535035, -0.0025619887746870518, -0.040727611631155014, -0.010773957706987858, -0.0005304981023073196, 0.006383991800248623, -0.007719017565250397, 1.0]
pred step=370 action=[[-0.44291767477989197, 2.1380295753479004, 1.8962358236312866, -1.0945054292678833, 0.5253434777259827, -0.31508487462997437, 0.8296071887016296, -0.0032721245661377907, -0.0384429395198822, -0.004603058099746704, -0.004372626543045044, 0.006815366446971893, -0.005666015204042196, 1.0054762363433838]] left_gripper=0.8296071887016296 right_gripper=1.0054762363433838
update step=371 qpos=[-0.4442838728427887, 2.1434311866760254, 1.8996788263320923, -1.0949491262435913, 0.5262079238891602, -0.31625044345855713, 0.8296071887016296, -0.003189879935234785, -0.03873012214899063, -0.005291846115142107, -0.00386069156229496, 0.00676247151568532, -0.005927607882767916, 1.0]
pred step=371 action=[[-0.42679712176322937, 2.114421844482422, 1.882063388824463, -1.0975362062454224, 0.5191585421562195, -0.306431382894516, 0.8791857957839966, -0.005386429838836193, -0.05000263452529907, -0.009960711002349854, -0.0028135329484939575, 0.0059198662638664246, -0.008876730687916279, 1.007156491279602]] left_gripper=0.8791857957839966 right_gripper=1.007156491279602
update step=372 qpos=[-0.4289224147796631, 2.1182291507720947, 1.8839315176010132, -1.0973477363586426, 0.5200351476669312, -0.30768731236457825, 0.8791857957839966, -0.005126608069986105, -0.048652246594429016, -0.009444641880691051, -0.002958906115964055, 0.00603049760684371, -0.008500468917191029, 1.0]
pred step=372 action=[[-0.4163980185985565, 2.104740619659424, 1.866339921951294, -1.0850481986999512, 0.516504168510437, -0.30715620517730713, 0.9052128791809082, -0.0058946264907717705, -0.04235085844993591, -0.0017137527465820312, -0.004465669393539429, 0.004875078797340393, -0.008356158621609211, 1.0060852766036987]] left_gripper=0.9052128791809082 right_gripper=1.0060852766036987
update step=373 qpos=[-0.41804662346839905, 2.1064693927764893, 1.8684158325195312, -1.086678147315979, 0.5169515609741211, -0.30722370743751526, 0.9052128791809081, -0.0058022974990308285, -0.04312415421009064, -0.002563515678048134, -0.004243617877364159, 0.005022637080401182, -0.008374701254069805, 1.0]
pred step=373 action=[[-0.41512948274612427, 2.070460796356201, 1.8547698259353638, -1.076781988143921, 0.49900269508361816, -0.3058846592903137, 0.9464638829231262, -0.008352259173989296, -0.03647616505622864, -0.008397847414016724, -0.009073570370674133, 0.004387855529785156, -0.010905057191848755, 1.0040944814682007]] left_gripper=0.9464638829231262 right_gripper=1.0040944814682007
update step=374 qpos=[-0.41561493277549744, 2.075192928314209, 1.856188416481018, -1.0781480073928833, 0.5012719035148621, -0.3060567378997803, 0.9464638829231262, -0.008050723932683468, -0.03720077872276306, -0.007876195944845676, -0.00852447934448719, 0.004472688306123018, -0.010582284070551395, 1.0]
pred step=374 action=[[-0.3879980444908142, 2.0011420249938965, 1.8040661811828613, -1.067923903465271, 0.49740880727767944, -0.2900627553462982, 0.9599135518074036, -0.006694389507174492, -0.04244190454483032, -0.011855125427246094, -0.015479683876037598, 0.0045256540179252625, -0.008527844212949276, 1.006418228149414]] left_gripper=0.9599135518074036 right_gripper=1.006418228149414
update step=375 qpos=[-0.39086562395095825, 2.0105957984924316, 1.8099347352981567, -1.0695390701293945, 0.4978300929069519, -0.29211190342903137, 0.9599135518074036, -0.006854682695120573, -0.04182043299078941, -0.01138199120759964, -0.014599950984120369, 0.004516517743468285, -0.008790021762251854, 1.0]
pred step=375 action=[[-0.3852823078632355, 1.9974544048309326, 1.7995818853378296, -1.0601648092269897, 0.4889446496963501, -0.2912779450416565, 0.9718765616416931, -0.008547639474272728, -0.032879650592803955, -0.006153285503387451, -0.012534230947494507, 0.004489481449127197, -0.008841803297400475, 1.0056407451629639]] left_gripper=0.9718765616416931 right_gripper=1.0056407451629639
update step=376 qpos=[-0.3862985372543335, 1.9993479251861572, 1.8006433248519897, -1.0614228248596191, 0.4900849461555481, -0.29138264060020447, 0.9718765616416931, -0.008348380215466022, -0.03396796062588692, -0.006697821896523237, -0.012771664187312126, 0.0044962577521800995, -0.008834931999444962, 1.0]
pred step=376 action=[[-0.39085912704467773, 2.004141330718994, 1.797357201576233, -1.0535789728164673, 0.48433029651641846, -0.29449698328971863, 0.9745378494262695, -0.008589498698711395, -0.029717564582824707, -0.003964066505432129, -0.017677173018455505, 0.002928413450717926, -0.009185301139950752, 1.002659797668457]] left_gripper=0.9745378494262695 right_gripper=1.002659797668457
update step=377 qpos=[-0.3904484212398529, 2.003506898880005, 1.7978293895721436, -1.0545556545257568, 0.48507335782051086, -0.2940976619720459, 0.9745378494262695, -0.008558038622140884, -0.030207226052880287, -0.004323133267462254, -0.017060747370123863, 0.0031270100735127926, -0.00914071500301361, 1.0]
pred step=377 action=[[-0.3513711988925934, 1.906205177307129, 1.7349412441253662, -1.026627779006958, 0.46660178899765015, -0.28193169832229614, 1.005035638809204, -0.010317731648683548, -0.021841734647750854, -0.005480915307998657, -0.01674775779247284, 0.0008125752210617065, -0.010234842076897621, 1.0051263570785522]] left_gripper=1.005035638809204 right_gripper=1.0051263570785522
update step=378 qpos=[-0.35511159896850586, 1.9182919263839722, 1.742302656173706, -1.0304828882217407, 0.4688339829444885, -0.2834950387477875, 1.0, -0.010105916298925877, -0.022815892472863197, -0.005389111582189798, -0.016809167340397835, 0.001108353491872549, -0.010095346719026566, 1.0]
pred step=378 action=[[-0.33213284611701965, 1.8436733484268188, 1.7020089626312256, -1.0285930633544922, 0.460921049118042, -0.27541953325271606, 1.0042963027954102, -0.01034005731344223, -0.005505263805389404, -0.006769716739654541, -0.030107006430625916, 0.000168725848197937, -0.009219519793987274, 1.0057446956634521]] left_gripper=1.0042963027954102 right_gripper=1.0057446956634521
update step=379 qpos=[-0.33495423197746277, 1.8533499240875244, 1.7062181234359741, -1.0291730165481567, 0.46189165115356445, -0.276455819606781, 1.0, -0.010310497134923935, -0.0075053004547953606, -0.006746216677129269, -0.028471171855926514, 0.00028782893787138164, -0.0093312943354249, 1.0]
pred step=379 action=[[-0.33591407537460327, 1.860478401184082, 1.712732195854187, -1.0272579193115234, 0.46015048027038574, -0.27083998918533325, 1.0074427127838135, -0.012016922235488892, -0.012237578630447388, -0.007080376148223877, -0.020450428128242493, 0.0006351619958877563, -0.011548697017133236, 1.0066931247711182]] left_gripper=1.0074427127838135 right_gripper=1.0066931247711182
update step=380 qpos=[-0.33607181906700134, 1.8599517345428467, 1.7117924690246582, -1.0274813175201416, 0.46038734912872314, -0.2715539038181305, 1.0, -0.011817331425845623, -0.01172679103910923, -0.0068904319778084755, -0.021426290273666382, 0.0005944921285845339, -0.011265726760029793, 1.0]
pred step=380 action=[[-0.30164554715156555, 1.7640076875686646, 1.6534438133239746, -1.0036402940750122, 0.45620405673980713, -0.2552962899208069, 1.0116627216339111, -0.010530423372983932, -0.0032736361026763916, -0.010085970163345337, -0.02597932517528534, -0.0012742280960083008, -0.00849357433617115, 1.0051462650299072]] left_gripper=1.0116627216339111 right_gripper=1.0051462650299072
update step=381 qpos=[-0.3049657642841339, 1.7755802869796753, 1.6603724956512451, -1.0069636106491089, 0.45663774013519287, -0.25737935304641724, 1.0, -0.01067802868783474, -0.004229363985359669, -0.009838459081947803, -0.02544953115284443, -0.0010402998887002468, -0.008847381919622421, 1.0]
pred step=381 action=[[-0.27669015526771545, 1.7120602130889893, 1.6149067878723145, -0.9813222885131836, 0.43944841623306274, -0.24821364879608154, 1.0183460712432861, -0.012529164552688599, 0.002339303493499756, -0.005932211875915527, -0.032095134258270264, -0.0018296986818313599, -0.013426551595330238, 1.011377215385437]] left_gripper=1.0183460712432861 right_gripper=1.011377215385437
update step=382 qpos=[-0.27980077266693115, 1.7203680276870728, 1.6198399066925049, -0.9848658442497253, 0.4415607154369354, -0.2493891716003418, 1.0, -0.012309255078434944, 0.0015475878026336432, -0.006357396021485329, -0.03123660944402218, -0.0017268875380977988, -0.012842440977692604, 1.0]
pred step=382 action=[[-0.2663124203681946, 1.6542675495147705, 1.5721702575683594, -0.9717189073562622, 0.4238894581794739, -0.2410205602645874, 1.0227396488189697, -0.009196938946843147, 0.020498335361480713, 0.0016357004642486572, -0.03472745418548584, -0.0005403086543083191, -0.007813247852027416, 1.0058165788650513]] left_gripper=1.0227396488189697 right_gripper=1.0058165788650513
update step=383 qpos=[-0.2678455412387848, 1.6623607873916626, 1.5775693655014038, -0.9736887812614441, 0.4261021018028259, -0.24209190905094147, 1.0, -0.009565341286361217, 0.018250800669193268, 0.0006934390403330326, -0.0342794694006443, -0.0006960612372495234, -0.008454939350485802, 1.0]
pred step=383 action=[[-0.2573641836643219, 1.6409733295440674, 1.5586152076721191, -0.9673330783843994, 0.41881805658340454, -0.23592466115951538, 1.020838737487793, -0.01159883663058281, 0.025154978036880493, 0.008771747350692749, -0.04241928458213806, -0.0015358030796051025, -0.01192003395408392, 1.0072886943817139]] left_gripper=1.020838737487793 right_gripper=1.0072886943817139
update step=384 qpos=[-0.25851601362228394, 1.6438672542572021, 1.5605971813201904, -0.9682716131210327, 0.4197109341621399, -0.2367144376039505, 1.0, -0.011357322335243225, 0.024332720786333084, 0.007833370938897133, -0.041367530822753906, -0.0014259715098887682, -0.011477818712592125, 1.0]
pred step=384 action=[[-0.2472691833972931, 1.6077277660369873, 1.533540964126587, -0.9618822336196899, 0.416232168674469, -0.23943999409675598, 1.0249743461608887, -0.010500956326723099, 0.041586101055145264, 0.010827451944351196, -0.04813814163208008, -0.003506287932395935, -0.009360868483781815, 1.0071706771850586]] left_gripper=1.0249743461608887 right_gripper=1.0071706771850586
update step=385 qpos=[-0.2484755665063858, 1.6120171546936035, 1.5366685390472412, -0.9628582000732422, 0.4166463017463684, -0.23909559845924377, 1.0, -0.010597343556582928, 0.03957894444465637, 0.010373704135417938, -0.04731139913201332, -0.0032449145801365376, -0.009631169959902763, 1.0]
pred step=385 action=[[-0.22362059354782104, 1.5512430667877197, 1.4949959516525269, -0.9453238248825073, 0.4081421494483948, -0.2173168957233429, 1.0193132162094116, -0.010195324197411537, 0.03442603349685669, 0.018571972846984863, -0.046905696392059326, -0.0041338056325912476, -0.010552256368100643, 1.009024977684021]] left_gripper=1.0193132162094116 right_gripper=1.009024977684021
update step=386 qpos=[-0.22619900107383728, 1.5585618019104004, 1.4997973442077637, -0.9477909207344055, 0.40915054082870483, -0.2201010137796402, 1.0, -0.010240484960377216, 0.03498086705803871, 0.017764894291758537, -0.04689102992415428, -0.004022527951747179, -0.010434813797473907, 1.0]
pred step=386 action=[[-0.1993257701396942, 1.5086097717285156, 1.472217321395874, -0.9348782300949097, 0.395088255405426, -0.20986026525497437, 1.0248790979385376, -0.01056055910885334, 0.02867603302001953, 0.0235404372215271, -0.04443027079105377, -0.0061568766832351685, -0.011164823547005653, 1.011379599571228]] left_gripper=1.0248790979385376 right_gripper=1.011379599571228
update step=387 qpos=[-0.20216389000415802, 1.5148274898529053, 1.4752311706542969, -0.9367117285728455, 0.3967965841293335, -0.2111728936433792, 1.0, -0.010518426075577736, 0.029409492388367653, 0.022893451154232025, -0.04471601918339729, -0.005886666942387819, -0.01107188779860735, 1.0]
pred step=387 action=[[-0.1851588785648346, 1.4736968278884888, 1.441773772239685, -0.9242949485778809, 0.39187681674957275, -0.20975163578987122, 1.0237853527069092, -0.010478263720870018, 0.050277918577194214, 0.0366176962852478, -0.06371110677719116, -0.007372573018074036, -0.01252161618322134, 1.0093698501586914]] left_gripper=1.0237853527069092 right_gripper=1.0093698501586914
update step=388 qpos=[-0.18700766563415527, 1.478793978691101, 1.4454970359802246, -0.9260811805725098, 0.3924536406993866, -0.2099376618862152, 1.0, -0.010479142889380455, 0.047839049249887466, 0.034895919263362885, -0.06130780652165413, -0.007185271941125393, -0.012336879037320614, 1.0]
pred step=388 action=[[-0.1755920946598053, 1.425140619277954, 1.407933235168457, -0.9100894927978516, 0.3777574896812439, -0.20243212580680847, 1.0258220434188843, -0.009494105353951454, 0.05666238069534302, 0.03847041726112366, -0.05755031108856201, -0.006453126668930054, -0.012888851575553417, 1.013700246810913]] left_gripper=1.0258220434188843 right_gripper=1.013700246810913
update step=389 qpos=[-0.17679712176322937, 1.4314944744110107, 1.4122729301452637, -0.9123411178588867, 0.3795875310897827, -0.20339268445968628, 1.0, -0.009610957466065884, 0.05561425909399986, 0.03807257115840912, -0.058020491153001785, -0.006547799799591303, -0.012818613089621067, 1.0]
pred step=389 action=[[-0.1398451030254364, 1.375415325164795, 1.3683818578720093, -0.8967843055725098, 0.37127071619033813, -0.18473586440086365, 1.0239864587783813, -0.008746795356273651, 0.06142336130142212, 0.054786115884780884, -0.06702724099159241, -0.009510762989521027, -0.011262445710599422, 1.0116387605667114]] left_gripper=1.0239864587783813 right_gripper=1.0116387605667114
update step=390 qpos=[-0.14377787709236145, 1.3821699619293213, 1.3733742237091064, -0.8990121483802795, 0.372217059135437, -0.18712542951107025, 1.0, -0.00884201843291521, 0.06069410592317581, 0.05292275920510292, -0.06581774353981018, -0.00913788378238678, -0.01146113220602274, 1.0]
pred step=390 action=[[-0.12821391224861145, 1.3385601043701172, 1.3343274593353271, -0.8823080062866211, 0.3581411838531494, -0.18036022782325745, 1.0234813690185547, -0.009937308728694916, 0.06742653250694275, 0.06125107407569885, -0.07372723519802094, -0.010281696915626526, -0.012960447929799557, 1.0102818012237549]] left_gripper=1.0234813690185547 right_gripper=1.0102818012237549
update step=391 qpos=[-0.12989813089370728, 1.3438165187835693, 1.338760495185852, -0.884649395942688, 0.35988032817840576, -0.1812267005443573, 1.0, -0.009805717505514622, 0.06665503978729248, 0.06020067259669304, -0.07272684574127197, -0.010135351680219173, -0.012769131921231747, 1.0]
pred step=391 action=[[-0.11928454041481018, 1.3005061149597168, 1.2987686395645142, -0.8701084852218628, 0.3482927680015564, -0.1702856719493866, 1.0212538242340088, -0.009347090497612953, 0.08046293258666992, 0.06971973180770874, -0.08331404626369476, -0.010127030313014984, -0.01285900454968214, 1.0107667446136475]] left_gripper=1.0212538242340088 right_gripper=1.0107667446136475
update step=392 qpos=[-0.12042900919914246, 1.305592656135559, 1.3033772706985474, -0.8721722364425659, 0.34972935914993286, -0.17168369889259338, 1.0, -0.009400784969329834, 0.07884230464696884, 0.0685616284608841, -0.08196555078029633, -0.010129110887646675, -0.012847633101046085, 1.0]
pred step=392 action=[[-0.10116294026374817, 1.2689642906188965, 1.2759114503860474, -0.8549391031265259, 0.33641549944877625, -0.1641303300857544, 1.0262105464935303, -0.007965140044689178, 0.08408495783805847, 0.08202503621578217, -0.08178822696208954, -0.011571578681468964, -0.013056904077529907, 1.0118118524551392]] left_gripper=1.0262105464935303 right_gripper=1.0118118524551392
update step=393 qpos=[-0.10324274748563766, 1.273287296295166, 1.2790948152542114, -0.8572704195976257, 0.3380472660064697, -0.16509799659252167, 1.0, -0.008130433969199657, 0.08341939002275467, 0.08056607842445374, -0.08174795657396317, -0.011392222717404366, -0.013030474074184895, 1.0]
pred step=393 action=[[-0.0811951607465744, 1.2332124710083008, 1.2465330362319946, -0.8462867736816406, 0.32953399419784546, -0.1530592441558838, 1.0205243825912476, -0.007364626973867416, 0.08279454708099365, 0.08732698857784271, -0.08501832187175751, -0.01193419098854065, -0.012632192112505436, 1.0119584798812866]] left_gripper=1.0205243825912476 right_gripper=1.0119584798812866
update step=394 qpos=[-0.0836096853017807, 1.237926959991455, 1.2502570152282715, -0.8478673100471497, 0.33055105805397034, -0.15460024774074554, 1.0, -0.007453074678778648, 0.08287828415632248, 0.08650381863117218, -0.08459411561489105, -0.011867387220263481, -0.012683100998401642, 1.0]
pred step=394 action=[[-0.06708867847919464, 1.2059378623962402, 1.222307801246643, -0.8390542268753052, 0.3252858519554138, -0.14327043294906616, 1.0173492431640625, -0.005952822044491768, 0.08631742000579834, 0.09450758993625641, -0.08966238796710968, -0.012902922928333282, -0.013067401945590973, 1.010237693786621]] left_gripper=1.0173492431640625 right_gripper=1.010237693786621
update step=395 qpos=[-0.06891527026891708, 1.2097134590148926, 1.2254844903945923, -0.8403337001800537, 0.32590723037719727, -0.14471925795078278, 1.0, -0.006126434542238712, 0.08590807020664215, 0.09356763958930969, -0.08900098502635956, -0.012775225564837456, -0.013018610887229443, 1.0]
pred step=395 action=[[-0.05675981193780899, 1.1768553256988525, 1.1986151933670044, -0.8283634185791016, 0.31471240520477295, -0.13687628507614136, 1.0150315761566162, -0.005553839728236198, 0.08570054173469543, 0.10000476241111755, -0.0933140218257904, -0.013210833072662354, -0.013484016060829163, 1.0090421438217163]] left_gripper=1.0150315761566162 right_gripper=1.0090421438217163
update step=396 qpos=[-0.05809065327048302, 1.1806657314300537, 1.2017302513122559, -0.8300268054008484, 0.31609660387039185, -0.13787896931171417, 1.0, -0.005619747564196587, 0.08571979403495789, 0.09925677627325058, -0.0927482545375824, -0.01315715629607439, -0.013424784876406193, 1.0]
pred step=396 action=[[-0.05088547617197037, 1.1673712730407715, 1.1911182403564453, -0.8254178762435913, 0.31393295526504517, -0.13489603996276855, 1.0157101154327393, -0.004710179753601551, 0.08783906698226929, 0.10167430341243744, -0.09313764423131943, -0.013983562588691711, -0.013176598586142063, 1.0096590518951416]] left_gripper=1.0157101154327393 right_gripper=1.0096590518951416
update step=397 qpos=[-0.05168778449296951, 1.1690001487731934, 1.1922756433486938, -0.8260719180107117, 0.31418541073799133, -0.1352781504392624, 1.0, -0.004815100692212582, 0.08759792894124985, 0.1013668030500412, -0.09309033304452896, -0.013880961574614048, -0.013208417221903801, 1.0]
pred step=397 action=[[-0.0452929362654686, 1.1560626029968262, 1.179328203201294, -0.8224642276763916, 0.30709537863731384, -0.13037537038326263, 1.0147594213485718, -0.004499772563576698, 0.09011280536651611, 0.10469873249530792, -0.09490611404180527, -0.014060445129871368, -0.013476270250976086, 1.0087119340896606]] left_gripper=1.0147594213485718 right_gripper=1.0087119340896606
update step=398 qpos=[-0.04599543288350105, 1.157576560974121, 1.1808052062988281, -0.8229928612709045, 0.30797573924064636, -0.13100236654281616, 1.0, -0.004536155145615339, 0.08981359750032425, 0.10431192070245743, -0.09466744214296341, -0.01403850968927145, -0.0134421456605196, 1.0]
pred step=398 action=[[-0.04021475091576576, 1.1497910022735596, 1.1738619804382324, -0.8201248645782471, 0.3066139817237854, -0.1275964379310608, 1.0136466026306152, -0.0036898143589496613, 0.09006860852241516, 0.10709954798221588, -0.09551692008972168, -0.014393828809261322, -0.014039859175682068, 1.0082972049713135]] left_gripper=1.0136466026306152 right_gripper=1.0082972049713135
update step=399 qpos=[-0.040862224996089935, 1.1506962776184082, 1.1746625900268555, -0.8205252885818481, 0.3067711889743805, -0.12803195416927338, 1.0, -0.003788256784901023, 0.09003384411334991, 0.10678338259458542, -0.09539937227964401, -0.014350737445056438, -0.013963788747787476, 1.0]
pred step=399 action=[[-0.03806707262992859, 1.1458847522735596, 1.1698851585388184, -0.8216220140457153, 0.3046513795852661, -0.12565359473228455, 1.013811707496643, -0.0034545958042144775, 0.09270435571670532, 0.10902632772922516, -0.09623421728610992, -0.014404259622097015, -0.01435130089521408, 1.008381724357605]] left_gripper=1.013811707496643 right_gripper=1.008381724357605
update step=400 qpos=[-0.038378115743398666, 1.146450161933899, 1.1704119443893433, -0.8215150237083435, 0.3049123287200928, -0.12595772743225098, 1.0, -0.0034933877177536488, 0.09239277243614197, 0.10875335335731506, -0.09612684696912766, -0.01439825352281332, -0.014301960356533527, 1.0]
pred step=400 action=[[-0.0349414236843586, 1.407826542854309, 1.2346314191818237, -0.919593095779419, 0.36601150035858154, -0.09673565626144409, 1.021484375, 0.010558116249740124, 0.028883367776870728, 0.019322365522384644, -0.030060335993766785, 0.0058182477951049805, -0.0007274142699316144, 1.0022246837615967]] left_gripper=1.021484375 right_gripper=1.0022246837615967
update step=401 qpos=[-0.03549155965447426, 1.319117546081543, 1.227478265762329, -0.9069905281066895, 0.3583028316497803, -0.10046204179525375, 1.0, 0.008863290771842003, 0.03655270114541054, 0.029493216425180435, -0.038726452738046646, 0.0032367133535444736, -0.0024585528299212456, 1.0]
pred step=401 action=[[-0.03292780742049217, 1.4122955799102783, 1.2353698015213013, -0.920371413230896, 0.3639625310897827, -0.09398248791694641, 1.021998643875122, 0.009910505264997482, 0.027655601501464844, 0.017560482025146484, -0.029320865869522095, 0.00579456239938736, -0.0012100940803065896, 1.002424716949463]] left_gripper=1.021998643875122 right_gripper=1.002424716949463
update step=402 qpos=[-0.03323838859796524, 1.4002430438995361, 1.2355866432189941, -0.9183056950569153, 0.3632783889770508, -0.09480416029691696, 1.0, 0.009783239103853703, 0.02858089469373226, 0.019281793385744095, -0.030444158241152763, 0.005470567382872105, -0.001368519151583314, 1.0]
pred step=402 action=[[-0.026995349675416946, 1.4240968227386475, 1.2459951639175415, -0.9215211868286133, 0.3583056628704071, -0.08953659236431122, 1.0227380990982056, 0.008813014253973961, 0.02224770188331604, 0.014788687229156494, -0.026731207966804504, 0.005995936691761017, -0.0017638277495279908, 1.0025639533996582]] left_gripper=1.0227380990982056 right_gripper=1.0025639533996582
update step=403 qpos=[-0.027672983705997467, 1.420568585395813, 1.2453892230987549, -0.9209400415420532, 0.3589455485343933, -0.09020671248435974, 1.0, 0.008925738744437695, 0.02298160083591938, 0.015359747223556042, -0.027196699753403664, 0.005931663326919079, -0.0017132122302427888, 1.0]
pred step=403 action=[[-0.018973885104060173, 1.4422295093536377, 1.254363775253296, -0.9278565645217896, 0.3503519296646118, -0.08036619424819946, 1.0219022035598755, 0.007116318214684725, 0.01621699333190918, 0.011947959661483765, -0.02533714473247528, 0.0060982778668403625, -0.0023414897732436657, 1.0038317441940308]] left_gripper=1.0219022035598755 right_gripper=1.0038317441940308
update step=404 qpos=[-0.019910624250769615, 1.4396799802780151, 1.2533589601516724, -0.92690110206604, 0.3514213263988495, -0.08162339776754379, 1.0, 0.007328075356781483, 0.017014624550938606, 0.012358350679278374, -0.025573937222361565, 0.006080913357436657, -0.002261186484247446, 1.0]
pred step=404 action=[[-0.011968944221735, 1.4624292850494385, 1.2658872604370117, -0.9262715578079224, 0.34212929010391235, -0.07713024318218231, 1.0251719951629639, 0.005847631487995386, 0.011235624551773071, 0.0057446956634521484, -0.02327568829059601, 0.006292156875133514, -0.0023004617542028427, 1.004993200302124]] left_gripper=1.0251719951629639 right_gripper=1.004993200302124
update step=405 qpos=[-0.01282111182808876, 1.4597114324569702, 1.2645511627197266, -0.9262362122535706, 0.3432909846305847, -0.07770425826311111, 1.0, 0.0060205599293112755, 0.011933721601963043, 0.006487739272415638, -0.02358887903392315, 0.00626852922141552, -0.002295302227139473, 1.0]
pred step=405 action=[[-0.0028734952211380005, 1.4801833629608154, 1.2743380069732666, -0.9323383569717407, 0.32927465438842773, -0.06535546481609344, 1.024877667427063, 0.003677327185869217, 0.0058945417404174805, 0.0034831464290618896, -0.02221570909023285, 0.006321251392364502, -0.0029542353004217148, 1.0058672428131104]] left_gripper=1.024877667427063 right_gripper=1.0058672428131104
update step=406 qpos=[-0.003934347536414862, 1.4777458906173706, 1.2732585668563843, -0.9314802289009094, 0.3310289680957794, -0.06693273037672043, 1.0, 0.003951892722398043, 0.006599315907806158, 0.0038652713410556316, -0.02238474227488041, 0.006319351494312286, -0.0028699554968625307, 1.0]
pred step=406 action=[[0.002227693796157837, 1.503684401512146, 1.2893110513687134, -0.9363805055618286, 0.3230628967285156, -0.06302710622549057, 1.0263030529022217, 0.003829179797321558, 0.0018291771411895752, 0.0019124746322631836, -0.02046102285385132, 0.006358280777931213, -0.002137159463018179, 1.0067604780197144]] left_gripper=1.0263030529022217 right_gripper=1.0067604780197144
update step=407 qpos=[0.0015607840614393353, 1.5006016492843628, 1.287529468536377, -0.9356369376182556, 0.3240612745285034, -0.06352593004703522, 1.0, 0.0038428837433457375, 0.0023892680183053017, 0.0021551568061113358, -0.02070293389260769, 0.006353782955557108, -0.0022305927705019712, 1.0]
pred step=407 action=[[0.007954344153404236, 1.5223288536071777, 1.3005516529083252, -0.9384236335754395, 0.3091849684715271, -0.0617690272629261, 1.0293638706207275, 0.003445154521614313, -0.0034638047218322754, 0.0036447644233703613, -0.018687114119529724, 0.007210031151771545, -0.0017553759971633554, 1.0063377618789673]] left_gripper=1.0293638706207275 right_gripper=1.0063377618789673
update step=408 qpos=[0.007286540232598782, 1.5197209119796753, 1.299134373664856, -0.9379631876945496, 0.31105703115463257, -0.06199454516172409, 1.0, 0.003489804919809103, -0.002790323691442609, 0.003521968377754092, -0.01892077550292015, 0.00710272416472435, -0.0018158195307478309, 1.0]
pred step=408 action=[[0.009400613605976105, 1.5502198934555054, 1.3218929767608643, -0.9410495758056641, 0.30424317717552185, -0.05457738786935806, 1.032673954963684, 0.0031252382323145866, -0.0044023096561431885, 0.0012683868408203125, -0.015494823455810547, 0.005773365497589111, -0.0018669142154976726, 1.0083030462265015]] left_gripper=1.032673954963684 right_gripper=1.0083030462265015
update step=409 qpos=[0.00917096622288227, 1.5466158390045166, 1.3193453550338745, -0.9404959678649902, 0.3051052391529083, -0.055523090064525604, 1.0, 0.0031707189045846462, -0.004200480412691832, 0.0015037179691717029, -0.015942633152008057, 0.00594218447804451, -0.0018604168435558677, 1.0]
pred step=409 action=[[0.013619672507047653, 1.5658029317855835, 1.3287429809570312, -0.9371299743652344, 0.29361283779144287, -0.05737908557057381, 1.0376033782958984, 0.002929156180471182, -0.010049611330032349, -0.0022207796573638916, -0.013704642653465271, 0.006949342787265778, -0.001403392176143825, 1.0079326629638672]] left_gripper=1.0376033782958984 right_gripper=1.0079326629638672
update step=410 qpos=[0.013163480907678604, 1.5634905099868774, 1.3277736902236938, -0.9374575614929199, 0.2950596809387207, -0.057142890989780426, 1.0, 0.0029552034102380276, -0.009355427697300911, -0.001782977138645947, -0.0139935202896595, 0.00682253809645772, -0.0014615667751058936, 1.0]
pred step=410 action=[[0.017544936388731003, 1.5992674827575684, 1.349778652191162, -0.9412680864334106, 0.28708863258361816, -0.0528021976351738, 1.0401569604873657, 0.0027374904602766037, -0.011809200048446655, -0.003588557243347168, -0.01291385293006897, 0.006207644939422607, -0.00046594697050750256, 1.0092271566390991]] left_gripper=1.0401569604873657 right_gripper=1.0092271566390991
update step=411 qpos=[0.017077963799238205, 1.5950604677200317, 1.3473132848739624, -0.9406152963638306, 0.28809064626693726, -0.053356610238552094, 1.0, 0.002764051081612706, -0.01152035966515541, -0.003372339764609933, -0.013052258640527725, 0.006286009680479765, -0.0005928701721131802, 1.0]
pred step=411 action=[[0.01988423615694046, 1.6111828088760376, 1.3550382852554321, -0.9396792650222778, 0.28012987971305847, -0.05113277584314346, 1.0408856868743896, 0.0027230465784668922, -0.011830449104309082, -0.0066634416580200195, -0.01172727346420288, 0.006341680884361267, -0.001143072615377605, 1.0101571083068848]] left_gripper=1.0408856868743896 right_gripper=1.0101571083068848
update step=412 qpos=[0.019582809880375862, 1.609123706817627, 1.3543071746826172, -0.9397094249725342, 0.2811374366283417, -0.051416147500276566, 1.0, 0.002727813320234418, -0.011784314177930355, -0.006300478242337704, -0.011909892782568932, 0.006334626115858555, -0.001072868355549872, 1.0]
pred step=412 action=[[0.02566809207201004, 1.6364719867706299, 1.3692651987075806, -0.9441053867340088, 0.26940423250198364, -0.04850005730986595, 1.0447843074798584, 0.0028293421491980553, -0.019944876432418823, -0.00648990273475647, -0.010205626487731934, 0.007316887378692627, -0.0003409227356314659, 1.0097904205322266]] left_gripper=1.0447843074798584 right_gripper=1.0097904205322266
update step=413 qpos=[0.02503485418856144, 1.6332461833953857, 1.3675886392593384, -0.9434281587600708, 0.27087774872779846, -0.04887347295880318, 1.0, 0.0028150223661214113, -0.019000349566340446, -0.006404009182006121, -0.010398836806416512, 0.0071926843374967575, -0.0004342033062130213, 1.0]
pred step=413 action=[[0.02467375248670578, 1.661808967590332, 1.386267900466919, -0.9403283596038818, 0.2655775547027588, -0.04920326545834541, 1.0487056970596313, 0.0036089704371988773, -0.018466532230377197, -0.010855108499526978, -0.009678378701210022, 0.007171794772148132, 0.00018079078290611506, 1.0108692646026611]] left_gripper=1.0487056970596313 right_gripper=1.0108692646026611
update step=414 qpos=[0.024693021550774574, 1.6583470106124878, 1.3842687606811523, -0.9405608773231506, 0.2662554383277893, -0.04915989190340042, 1.0, 0.0035158004611730576, -0.018503207713365555, -0.010404933243989944, -0.00980116706341505, 0.007172954734414816, 0.0001023333752527833, 1.0]
pred step=414 action=[[0.027543507516384125, 1.669349193572998, 1.3964141607284546, -0.9440670013427734, 0.2641848623752594, -0.04496064782142639, 1.048104166984558, 0.0036948597989976406, -0.016511380672454834, -0.011134922504425049, -0.008685335516929626, 0.00706077367067337, 5.4857926443219185e-05, 1.012495994567871]] left_gripper=1.048104166984558 right_gripper=1.012495994567871
update step=415 qpos=[0.02724504843354225, 1.6679160594940186, 1.3951095342636108, -0.9435403943061829, 0.26444461941719055, -0.045496366918087006, 1.0, 0.0036742035299539566, -0.016755923628807068, -0.011025323532521725, -0.008823668584227562, 0.0070745693519711494, 6.0915277572348714e-05, 1.0]
pred step=415 action=[[0.030117370188236237, 1.6896284818649292, 1.4020479917526245, -0.9423494338989258, 0.2540353536605835, -0.04109527915716171, 1.0515167713165283, 0.002953550312668085, -0.02332708239555359, -0.015294760465621948, -0.007851958274841309, 0.007768124341964722, 0.0005498242098838091, 1.0114006996154785]] left_gripper=1.0515167713165283 right_gripper=1.0114006996154785
update step=416 qpos=[0.02982138656079769, 1.6871362924575806, 1.4012678861618042, -0.9424219727516174, 0.25534695386886597, -0.04165707901120186, 1.0, 0.0030365409329533577, -0.022543026134371758, -0.014801191166043282, -0.007983055897057056, 0.00768200121819973, 0.0004876158491242677, 1.0]
pred step=416 action=[[0.031447634100914, 1.6999907493591309, 1.4102035760879517, -0.9481009244918823, 0.2537307143211365, -0.03960222005844116, 1.0505456924438477, 0.0026871832087635994, -0.019641071557998657, -0.015873312950134277, -0.008246570825576782, 0.007471390068531036, 0.000808394281193614, 1.013224720954895]] left_gripper=1.0505456924438477 right_gripper=1.013224720954895
update step=417 qpos=[0.031256966292858124, 1.6982958316802979, 1.4092843532562256, -0.9473108053207397, 0.25393781065940857, -0.039863910526037216, 1.0, 0.002728525083512068, -0.019981713965535164, -0.01575983501970768, -0.0082210972905159, 0.0074988012202084064, 0.0007675410015508533, 1.0]
pred step=417 action=[[0.03181800991296768, 1.7190617322921753, 1.4234774112701416, -0.9492930173873901, 0.2514369785785675, -0.03869287669658661, 1.052388310432434, 0.003232331946492195, -0.01912778615951538, -0.01753091812133789, -0.0073043107986450195, 0.007118716835975647, 0.00064466567710042, 1.01361882686615]] left_gripper=1.052388310432434 right_gripper=1.01361882686615
update step=418 qpos=[0.031755052506923676, 1.7166035175323486, 1.421879529953003, -0.9489387273788452, 0.2517543137073517, -0.03884197026491165, 1.0, 0.003173946402966976, -0.0192270465195179, -0.017325090244412422, -0.007426414173096418, 0.007165718358010054, 0.0006602712674066424, 1.0]
pred step=418 action=[[0.035354889929294586, 1.7370100021362305, 1.4319069385528564, -0.9467002153396606, 0.24139484763145447, -0.03269757702946663, 1.0537877082824707, 0.0038710804656147957, -0.020746320486068726, -0.02017390727996826, -0.005299463868141174, 0.00765538215637207, 0.00029458943754434586, 1.014220952987671]] left_gripper=1.0537877082824707 right_gripper=1.014220952987671
update step=419 qpos=[0.034993287175893784, 1.7345378398895264, 1.4308557510375977, -0.946881890296936, 0.24270066618919373, -0.03348160535097122, 1.0, 0.00378832733258605, -0.020564818754792213, -0.019839318469166756, -0.005575523711740971, 0.0075920140370726585, 0.00034116723691113293, 1.0]
pred step=419 action=[[0.03352732956409454, 1.74148428440094, 1.4317796230316162, -0.9427241086959839, 0.2415923774242401, -0.034407615661621094, 1.0541588068008423, 0.0038790670223534107, -0.020055025815963745, -0.022228538990020752, -0.006050661206245422, 0.007660984992980957, 0.00042302795918658376, 1.0139869451522827]] left_gripper=1.0541588068008423 right_gripper=1.0139869451522827
update step=420 qpos=[0.033648766577243805, 1.7405433654785156, 1.4317959547042847, -0.9432109594345093, 0.24174101650714874, -0.03428805246949196, 1.0, 0.0038683894090354443, -0.020107870921492577, -0.021967673674225807, -0.006001736503094435, 0.007652105297893286, 0.0004125658597331494, 1.0]
pred step=420 action=[[0.03633195906877518, 1.7648977041244507, 1.4423136711120605, -0.9429395198822021, 0.23195257782936096, -0.02932463400065899, 1.0565552711486816, 0.0038229930214583874, -0.020978063344955444, -0.024749428033828735, -0.0059728920459747314, 0.007685676217079163, 0.00028701656265184283, 1.0141923427581787]] left_gripper=1.0565552711486816 right_gripper=1.0141923427581787
update step=421 qpos=[0.036081962287425995, 1.7620322704315186, 1.4411548376083374, -0.9428712725639343, 0.23318485915660858, -0.029958412051200867, 1.0, 0.0038282584864646196, -0.02087090164422989, -0.02443050593137741, -0.005984796676784754, 0.007681517396122217, 0.00030303531093522906, 1.0]
pred step=421 action=[[0.03826282173395157, 1.76535964012146, 1.449609398841858, -0.9468256235122681, 0.23608660697937012, -0.0313563346862793, 1.0591449737548828, 0.00487351743504405, -0.02022537589073181, -0.02045634388923645, -0.004351437091827393, 0.007930733263492584, 0.0007100652437657118, 1.0146667957305908]] left_gripper=1.0591449737548828 right_gripper=1.0146667957305908
update step=422 qpos=[0.03800247609615326, 1.7647619247436523, 1.4487507343292236, -0.9462711811065674, 0.23572120070457458, -0.031177576631307602, 1.0, 0.004750173073261976, -0.020329542458057404, -0.020850926637649536, -0.004529767669737339, 0.007897185161709785, 0.0006580760236829519, 1.0]
pred step=422 action=[[0.0378035232424736, 1.7850420475006104, 1.4566969871520996, -0.9435704946517944, 0.22972527146339417, -0.02743357978761196, 1.0554606914520264, 0.004087889567017555, -0.02309855818748474, -0.026815325021743774, -0.005963444709777832, 0.007734440267086029, 0.0009086368372663856, 1.014889121055603]] left_gripper=1.0554606914520264 right_gripper=1.014889121055603
update step=423 qpos=[0.03782177343964577, 1.782752275466919, 1.455776572227478, -0.9438353180885315, 0.2304847538471222, -0.027910955250263214, 1.0, 0.004166176076978445, -0.022731972858309746, -0.026213523000478745, -0.005821016617119312, 0.007756351958960295, 0.0008767661056481302, 1.0]
pred step=423 action=[[0.04164649546146393, 1.803717017173767, 1.4681901931762695, -0.9467363357543945, 0.22290845215320587, -0.02043881267309189, 1.0565605163574219, 0.00511739868670702, -0.022329360246658325, -0.025268912315368652, -0.003915905952453613, 0.00790831446647644, 0.0005018292577005923, 1.0148221254348755]] left_gripper=1.0565605163574219 right_gripper=1.0148221254348755
update step=424 qpos=[0.041258543729782104, 1.8010903596878052, 1.4668817520141602, -0.946260392665863, 0.2238626629114151, -0.021392062306404114, 1.0, 0.005005289800465107, -0.0224006250500679, -0.02531714364886284, -0.0041385795921087265, 0.007887163199484348, 0.0005495597724802792, 1.0]
pred step=424 action=[[0.042736321687698364, 1.8223778009414673, 1.4772363901138306, -0.943217396736145, 0.22017650306224823, -0.01936490088701248, 1.0558210611343384, 0.005561284255236387, -0.023302018642425537, -0.02462923526763916, -0.004528462886810303, 0.007235437631607056, 0.001337941735982895, 1.0148814916610718]] left_gripper=1.0558210611343384 right_gripper=1.0148814916610718
update step=425 qpos=[0.04254937916994095, 1.8197717666625977, 1.4761656522750854, -0.9434958100318909, 0.22064536809921265, -0.0196225605905056, 1.0, 0.0054974062368273735, -0.023194728419184685, -0.024711396545171738, -0.0044768499210476875, 0.007316767703741789, 0.001237309887073934, 1.0]
pred step=425 action=[[0.04456070065498352, 1.8338998556137085, 1.485141396522522, -0.9459900856018066, 0.21617168188095093, -0.01798057183623314, 1.056687831878662, 0.005411366932094097, -0.023444026708602905, -0.02509436011314392, -0.0034600496292114258, 0.0073434337973594666, 0.00131606322247535, 1.0150331258773804]] left_gripper=1.056687831878662 right_gripper=1.0150331258773804
update step=426 qpos=[0.04434221237897873, 1.8320960998535156, 1.4842039346694946, -0.9455975890159607, 0.21673789620399475, -0.01818997971713543, 1.0, 0.00542150903493166, -0.02341306582093239, -0.025053106248378754, -0.0035911055747419596, 0.007340191397815943, 0.001306071993894875, 1.0]
pred step=426 action=[[0.044609636068344116, 1.8361060619354248, 1.4854594469070435, -0.9433761835098267, 0.21586479246616364, -0.015374138951301575, 1.0559990406036377, 0.005541682243347168, -0.022508561611175537, -0.02853432297706604, -0.004150852560997009, 0.008016131818294525, 0.0013040354242548347, 1.01595139503479]] left_gripper=1.0559990406036377 right_gripper=1.01595139503479
update step=427 qpos=[0.044558484107255936, 1.8355616331100464, 1.4853827953338623, -0.9436318874359131, 0.21597826480865479, -0.015732668340206146, 1.0, 0.005526226945221424, -0.02259751409292221, -0.028172926977276802, -0.004101959522813559, 0.007930442690849304, 0.0013043254148215055, 1.0]
pred step=427 action=[[0.04699765890836716, 1.8492999076843262, 1.4870294332504272, -0.9420803785324097, 0.2075028419494629, -0.011956412345170975, 1.0536820888519287, 0.005021245218813419, -0.02275910973548889, -0.026950210332870483, -0.003560364246368408, 0.007520981132984161, 0.0007018069154582918, 1.0154128074645996]] left_gripper=1.0536820888519287 right_gripper=1.0154128074645996
update step=428 qpos=[0.04675782099366188, 1.8476701974868774, 1.486885905265808, -0.9422330856323242, 0.20857076346874237, -0.012438490986824036, 1.0, 0.005081385374069214, -0.02275761589407921, -0.02704561874270439, -0.003612683853134513, 0.007573745213449001, 0.0007786561618559062, 1.0]
pred step=428 action=[[0.049794964492321014, 1.8675545454025269, 1.498922348022461, -0.9447771310806274, 0.20332618057727814, -0.007458571344614029, 1.0509276390075684, 0.005143076181411743, -0.023493260145187378, -0.02755272388458252, -0.0033364295959472656, 0.007566049695014954, 0.0010757551062852144, 1.0155442953109741]] left_gripper=1.0509276390075684 right_gripper=1.0155442953109741
update step=429 qpos=[0.049456048756837845, 1.8650736808776855, 1.4976378679275513, -0.9443531036376953, 0.2039889544248581, -0.008093589916825294, 1.0, 0.005135737359523773, -0.023401398211717606, -0.027505280449986458, -0.003375581931322813, 0.007566913962364197, 0.0010378408478572965, 1.0]
pred step=429 action=[[0.05095420777797699, 1.8688809871673584, 1.4974278211593628, -0.9443409442901611, 0.20452691614627838, -0.0070836953818798065, 1.0523083209991455, 0.005326465703547001, -0.02373102307319641, -0.026644140481948853, -0.003303840756416321, 0.007735714316368103, 0.0012726280838251114, 1.0156158208847046]] left_gripper=1.0523083209991455 right_gripper=1.0156158208847046
update step=430 qpos=[0.05075940489768982, 1.8683065176010132, 1.497541904449463, -0.9443236589431763, 0.20446093380451202, -0.007211966905742884, 1.0, 0.00530368322506547, -0.02369708940386772, -0.026732170954346657, -0.0033069392666220665, 0.007714024279266596, 0.0012427006149664521, 1.0]
pred step=430 action=[[0.05148421227931976, 1.8741614818572998, 1.4908597469329834, -0.9388999938964844, 0.19771558046340942, -0.0023145489394664764, 1.0488903522491455, 0.004276796244084835, -0.024926722049713135, -0.029530853033065796, -0.0031957775354385376, 0.008201055228710175, 0.0002784570096991956, 1.0150976181030273]] left_gripper=1.0488903522491455 right_gripper=1.0150976181030273
update step=431 qpos=[0.05140570551156998, 1.8734471797943115, 1.491698980331421, -0.9395862221717834, 0.1985694319009781, -0.0029390209820121527, 1.0, 0.004396503791213036, -0.024767493829131126, -0.029236281290650368, -0.0032252599485218525, 0.008141464553773403, 0.0004015417071059346, 1.0]
pred step=431 action=[[0.054708048701286316, 1.8993538618087769, 1.5078437328338623, -0.9383964538574219, 0.19499742984771729, 0.005123987793922424, 1.0438047647476196, 0.005881125573068857, -0.02509129047393799, -0.028849810361862183, -0.0027449876070022583, 0.0076669976115226746, 0.0012179113691672683, 1.014513373374939]] left_gripper=1.0438047647476196 right_gripper=1.014513373374939
update step=432 qpos=[0.05435681343078613, 1.8962023258209229, 1.506093144416809, -0.9384094476699829, 0.19544567167758942, 0.004095886833965778, 1.0, 0.00570750143378973, -0.025062836706638336, -0.028868542984128, -0.00279736565425992, 0.007724123075604439, 0.0011136006796732545, 1.0]
pred step=432 action=[[0.056624479591846466, 1.9129011631011963, 1.51735258102417, -0.9398776292800903, 0.19335545599460602, 0.006201803684234619, 1.0411999225616455, 0.005886562168598175, -0.0230715274810791, -0.029550522565841675, -0.002875015139579773, 0.007302418351173401, 0.0014849607832729816, 1.014855146408081]] left_gripper=1.0411999225616455 right_gripper=1.014855146408081
update step=433 qpos=[0.056349337100982666, 1.9107763767242432, 1.5161688327789307, -0.9395970106124878, 0.19362178444862366, 0.005933844018727541, 1.0, 0.005866692401468754, -0.023299966007471085, -0.02949182502925396, -0.002874248195439577, 0.007355317007750273, 0.001437604078091681, 1.0]
pred step=433 action=[[0.05569671094417572, 1.9088587760925293, 1.5128196477890015, -0.9403148889541626, 0.19522805511951447, 0.0057136788964271545, 1.040974497795105, 0.005865513347089291, -0.020078986883163452, -0.026340395212173462, -0.00214211642742157, 0.007272042334079742, 0.001731018885038793, 1.0144245624542236]] left_gripper=1.040974497795105 right_gripper=1.0144245624542236
update step=434 qpos=[0.055730074644088745, 1.9089890718460083, 1.513263463973999, -0.9402352571487427, 0.1950301080942154, 0.005742406938225031, 1.0, 0.00586584210395813, -0.02047578990459442, -0.02667241543531418, -0.0022194033954292536, 0.0072825695388019085, 0.0016936216270551085, 1.0]
pred step=434 action=[[0.059045568108558655, 1.9285125732421875, 1.5190165042877197, -0.9353494644165039, 0.18813112378120422, 0.013415224850177765, 1.0367823839187622, 0.005997980013489723, -0.02195751667022705, -0.02875390648841858, -0.002054557204246521, 0.007397562265396118, 0.0018688219133764505, 1.0137659311294556]] left_gripper=1.0367823839187622 right_gripper=1.0137659311294556
update step=435 qpos=[0.05872294306755066, 1.926223874092102, 1.5184135437011719, -0.9358890652656555, 0.18899685144424438, 0.012436091899871826, 1.0, 0.005982220638543367, -0.021767795085906982, -0.028543924912810326, -0.0020890815649181604, 0.007382775191217661, 0.0018464933382347226, 1.0]
pred step=435 action=[[0.06472910940647125, 1.935186743736267, 1.516716718673706, -0.9356837272644043, 0.1844167411327362, 0.015547245740890503, 1.0347063541412354, 0.0055336179211735725, -0.020143896341323853, -0.025271505117416382, -0.002531290054321289, 0.0079827681183815, 0.0014056181535124779, 1.0134809017181396]] left_gripper=1.0347063541412354 right_gripper=1.0134809017181396
update step=436 qpos=[0.06406493484973907, 1.9339375495910645, 1.5170572996139526, -0.9356777667999268, 0.18499116599559784, 0.015150184743106365, 1.0, 0.005585093051195145, -0.020352637395262718, -0.02561570145189762, -0.0024571381509304047, 0.007907799445092678, 0.0014619198627769947, 1.0]
pred step=436 action=[[0.0649326965212822, 1.9423928260803223, 1.5193490982055664, -0.9340722560882568, 0.18136730790138245, 0.01989208161830902, 1.0307772159576416, 0.0053915162570774555, -0.021905511617660522, -0.027953684329986572, -0.002997294068336487, 0.00764484703540802, 0.0012891399674117565, 1.013587474822998]] left_gripper=1.0307772159576416 right_gripper=1.013587474822998
update step=437 qpos=[0.0647696852684021, 1.9413032531738281, 1.519167184829712, -0.9342359304428101, 0.18183262646198273, 0.019288228824734688, 1.0, 0.0054147448390722275, -0.021704232320189476, -0.027722809463739395, -0.002945391461253166, 0.0076784975826740265, 0.0013111501466482878, 1.0]
pred step=437 action=[[0.06873872876167297, 1.9594730138778687, 1.5249660015106201, -0.9309583902359009, 0.17680279910564423, 0.028775937855243683, 1.014867901802063, 0.004413203336298466, -0.019819587469100952, -0.02509722113609314, -0.0028678476810455322, 0.00605715811252594, 0.0012413247022777796, 1.0126621723175049]] left_gripper=1.014867901802063 right_gripper=1.0126621723175049
update step=438 qpos=[0.06831903010606766, 1.9572604894638062, 1.5243955850601196, -0.9312940239906311, 0.17743395268917084, 0.027565842494368553, 1.0, 0.0045341006480157375, -0.020058339461684227, -0.025367381051182747, -0.0028621084056794643, 0.006264087278395891, 0.0012502223253250122, 1.0]
pred step=438 action=[[0.07106025516986847, 1.9720302820205688, 1.5300283432006836, -0.9319849014282227, 0.17306144535541534, 0.030576996505260468, 1.0074150562286377, 0.0036959820427000523, -0.019369423389434814, -0.02474522590637207, -0.0038265883922576904, 0.006161324679851532, 0.0007361321477219462, 1.0124400854110718]] left_gripper=1.0074150562286377 right_gripper=1.0124400854110718
update step=439 qpos=[0.07072471082210541, 1.9701234102249146, 1.5295027494430542, -0.9318277835845947, 0.17361652851104736, 0.030193530023097992, 1.0, 0.003794556250795722, -0.019444910809397697, -0.024835292249917984, -0.0037077951710671186, 0.006175852846354246, 0.0008017506333999336, 1.0]
pred step=439 action=[[0.0724991112947464, 1.9791290760040283, 1.5333422422409058, -0.9309914112091064, 0.17199330031871796, 0.030774623155593872, 1.003111720085144, 0.0038098455406725407, -0.017656385898590088, -0.022617101669311523, -0.0036661475896835327, 0.006064020097255707, 0.0010475271847099066, 1.0122990608215332]] left_gripper=1.003111720085144 right_gripper=1.0122990608215332
update step=440 qpos=[0.07227650284767151, 1.9779576063156128, 1.5329878330230713, -0.9310500621795654, 0.1722000390291214, 0.0307008046656847, 1.0, 0.00380813074298203, -0.017875688150525093, -0.0228598490357399, -0.0036625475622713566, 0.006078159436583519, 0.0010161574464291334, 1.0]
pred step=440 action=[[0.07871123403310776, 2.0001144409179688, 1.5363056659698486, -0.9247788190841675, 0.16705253720283508, 0.043382637202739716, 0.9833917617797852, 0.003578328527510166, -0.01845642924308777, -0.02056637406349182, -0.0028283894062042236, 0.005138210952281952, 0.0007008350221440196, 1.0104966163635254]] left_gripper=0.9833917617797852 right_gripper=1.0104966163635254
update step=441 qpos=[0.0780176892876625, 1.9974234104156494, 1.5360599756240845, -0.9254860281944275, 0.167695552110672, 0.0417647585272789, 0.983391761779785, 0.0036072751972824335, -0.018395690247416496, -0.02081417478621006, -0.002922490006312728, 0.0052574374713003635, 0.0007410160615108907, 1.0]
pred step=441 action=[[0.08097798377275467, 2.0150656700134277, 1.5426890850067139, -0.9231964349746704, 0.1618044078350067, 0.04674430936574936, 0.9693236947059631, 0.0032492000609636307, -0.016424059867858887, -0.023288249969482422, -0.004272490739822388, 0.004655532538890839, 0.0006694935727864504, 1.0104094743728638]] left_gripper=0.9693236947059631 right_gripper=1.0104094743728638
update step=442 qpos=[0.08058241754770279, 2.012756824493408, 1.5421104431152344, -0.9233939051628113, 0.16255538165569305, 0.04611039161682129, 0.9693236947059631, 0.003292598994448781, -0.016633328050374985, -0.02306353859603405, -0.004126688465476036, 0.004732239525765181, 0.0006785904406569898, 1.0]
pred step=442 action=[[0.08298658579587936, 2.010904312133789, 1.530779480934143, -0.9210357666015625, 0.16540969908237457, 0.05241291970014572, 0.9621269702911377, 0.0032130414620041847, -0.017364323139190674, -0.022765159606933594, -0.002553015947341919, 0.0047347694635391235, -0.00022293103393167257, 1.0091848373413086]] left_gripper=0.9621269702911377 right_gripper=1.0091848373413086
update step=443 qpos=[0.08268304914236069, 2.010984182357788, 1.532199501991272, -0.921366810798645, 0.16504943370819092, 0.05160977691411972, 0.9621269702911377, 0.003222381230443716, -0.017292868345975876, -0.02275707572698593, -0.0027398262172937393, 0.004734487272799015, -0.000107984320493415, 1.0]
pred step=443 action=[[0.0838639959692955, 2.0260651111602783, 1.544141411781311, -0.9247597455978394, 0.16092707216739655, 0.053299956023693085, 0.9500847458839417, 0.002761558163911104, -0.01627078652381897, -0.02229893207550049, -0.00263155996799469, 0.0034076347947120667, -0.00011838576756417751, 1.009080410003662]] left_gripper=0.9500847458839417 right_gripper=1.009080410003662
update step=444 qpos=[0.08371996879577637, 2.0242326259613037, 1.5427907705307007, -0.9242508411407471, 0.16145001351833344, 0.053084596991539, 0.9500847458839417, 0.0028184230905026197, -0.016390187665820122, -0.022358793765306473, -0.002646584063768387, 0.0035762654151767492, -0.00011713969433913007, 1.0]
pred step=444 action=[[0.09419558197259903, 2.0512547492980957, 1.5555086135864258, -0.9136614799499512, 0.15553365647792816, 0.0681033805012703, 0.9100796580314636, 0.0031690276227891445, -0.015231877565383911, -0.022709697484970093, -0.003730282187461853, 0.0020008012652397156, -5.312357097864151e-05, 1.0070552825927734]] left_gripper=0.9100796580314636 right_gripper=1.0070552825927734
update step=445 qpos=[0.09307073056697845, 2.047975778579712, 1.5542134046554565, -0.9148556590080261, 0.1562681794166565, 0.06618686765432358, 0.9100796580314636, 0.003131130477413535, -0.015362994745373726, -0.022685140371322632, -0.003598906332626939, 0.0021991373505443335, -6.14237433183007e-05, 1.0]
pred step=445 action=[[0.09427911788225174, 2.047910690307617, 1.55117666721344, -0.9124377965927124, 0.156422957777977, 0.06811285763978958, 0.9094253778457642, 0.0025304649025201797, -0.016846805810928345, -0.023929089307785034, -0.004119217395782471, 0.00228988379240036, -0.0006115530850365758, 1.00686514377594]] left_gripper=0.9094253778457642 right_gripper=1.00686514377594
update step=446 qpos=[0.09398696571588516, 2.0477354526519775, 1.5516629219055176, -0.9127336740493774, 0.1564171016216278, 0.0678693875670433, 0.9094253778457642, 0.002600922482088208, -0.016668902710080147, -0.02378629893064499, -0.004055952653288841, 0.002279453445225954, -0.0005413442268036306, 1.0]
pred step=446 action=[[0.09650825709104538, 2.0603983402252197, 1.5562885999679565, -0.9092798233032227, 0.1549074351787567, 0.07271001487970352, 0.8867195248603821, 0.002845508512109518, -0.012334972620010376, -0.02442184090614319, -0.0047111958265304565, 0.0013119801878929138, -9.578350000083447e-05, 1.0067968368530273]] left_gripper=0.8867195248603821 right_gripper=1.0067968368530273
update step=447 qpos=[0.09623280167579651, 2.0588982105255127, 1.5558000802993774, -0.9096620082855225, 0.1550951451063156, 0.07209252566099167, 0.8867195248603821, 0.0028187448624521494, -0.01284126378595829, -0.02436942793428898, -0.0046389056369662285, 0.0014338273322209716, -0.00015270472795236856, 1.0]
pred step=447 action=[[0.1011006310582161, 2.0650229454040527, 1.5543721914291382, -0.9081078767776489, 0.1534700095653534, 0.07758479565382004, 0.873059093952179, 0.002265539485961199, -0.010318189859390259, -0.02187258005142212, -0.005387991666793823, 0.0009654760360717773, -0.00012696068733930588, 1.0058646202087402]] left_gripper=0.873059093952179 right_gripper=1.0058646202087402
update step=448 qpos=[0.10055022686719894, 2.0641772747039795, 1.5546387434005737, -0.9082817435264587, 0.1536722481250763, 0.0768842026591301, 0.873059093952179, 0.002331511350348592, -0.010628994554281235, -0.022134646773338318, -0.005280015990138054, 0.0010257234098389745, -0.00013019228936173022, 1.0]
pred step=448 action=[[0.10706578940153122, 2.074629545211792, 1.553053855895996, -0.9011826515197754, 0.1534399390220642, 0.08629921823740005, 0.8401597142219543, 0.0015656165778636932, -0.007850885391235352, -0.02024659514427185, -0.0065252333879470825, -0.0003371313214302063, -0.00045562186278402805, 1.0049443244934082]] left_gripper=0.8401597142219543 right_gripper=1.0049443244934082
update step=449 qpos=[0.1061716377735138, 2.0730576515197754, 1.5534197092056274, -0.9020930528640747, 0.15356330573558807, 0.08510469645261765, 0.8401597142219543, 0.0016583683900535107, -0.008177779614925385, -0.020476512610912323, -0.0063668545335531235, -0.00016339437570422888, -0.0004141333047300577, 1.0]
pred step=449 action=[[0.10776055604219437, 2.0757648944854736, 1.5555089712142944, -0.9015500545501709, 0.15359756350517273, 0.08777273446321487, 0.835332989692688, 0.0016891676932573318, -0.005782365798950195, -0.021702975034713745, -0.006406262516975403, -0.0003710240125656128, -0.0006305761635303497, 1.0044147968292236]] left_gripper=0.835332989692688 right_gripper=1.0044147968292236
update step=450 qpos=[0.10749628394842148, 2.0753421783447266, 1.5553388595581055, -0.9015931487083435, 0.15359964966773987, 0.08743355423212051, 0.835332989692688, 0.001685991301201284, -0.006055147387087345, -0.021587617695331573, -0.0064141531474888325, -0.0003449507348705083, -0.0006030137301422656, 1.0]
pred step=450 action=[[0.1197245791554451, 2.2244253158569336, 1.7889333963394165, -1.0074139833450317, 0.10461946576833725, 0.125797301530838, 0.7915146946907043, 0.007361057214438915, -0.017749011516571045, -0.007739901542663574, -0.0023547112941741943, 0.006806015968322754, -6.309058517217636e-05, 1.0057835578918457]] left_gripper=0.7915146946907043 right_gripper=1.0057835578918457
update step=451 qpos=[0.11865007132291794, 2.1960558891296387, 1.7336387634277344, -0.9990870952606201, 0.10998955368995667, 0.12020411342382431, 0.7915146946907043, 0.006679863203316927, -0.0164538212120533, -0.009117146953940392, -0.0027589958626776934, 0.0058907270431518555, -0.00013211295299697667, 1.0]
pred step=451 action=[[0.12153645604848862, 2.224229097366333, 1.7871767282485962, -1.0076515674591064, 0.10549911856651306, 0.12681356072425842, 0.7882528901100159, 0.007193299010396004, -0.01676839590072632, -0.008771032094955444, -0.000934600830078125, 0.006786823272705078, -0.0006120912730693817, 1.0062804222106934]] left_gripper=0.7882528901100159 right_gripper=1.0062804222106934
update step=452 qpos=[0.12090066075325012, 2.220684051513672, 1.7810415029525757, -1.006285548210144, 0.10609640926122665, 0.12596485018730164, 0.7882528901100159, 0.007132237311452627, -0.01668611168861389, -0.008940150961279869, -0.0012011260259896517, 0.006672779563814402, -0.0005508722388185561, 1.0]
pred step=452 action=[[0.12501662969589233, 2.230602979660034, 1.7948992252349854, -1.0108405351638794, 0.10717539489269257, 0.12867382168769836, 0.773199737071991, 0.007321986835449934, -0.016911059617996216, -0.008019119501113892, -0.0013411492109298706, 0.006544031202793121, -0.0008056041551753879, 1.0059442520141602]] left_gripper=0.773199737071991 right_gripper=1.0059442520141602
update step=453 qpos=[0.12452451139688492, 2.2294116020202637, 1.793265461921692, -1.010196328163147, 0.10703535377979279, 0.12832827866077423, 0.7731997370719909, 0.007300069089978933, -0.01688591204583645, -0.00812417734414339, -0.0013199830427765846, 0.006559938658028841, -0.0007731777732260525, 1.0]
pred step=453 action=[[0.1289089322090149, 2.234555721282959, 1.7962677478790283, -1.012122631072998, 0.10908933728933334, 0.131989985704422, 0.7585405707359314, 0.0068082925863564014, -0.017931491136550903, -0.007190972566604614, -0.0015203654766082764, 0.006850630044937134, -0.0007850584806874394, 1.0067182779312134]] left_gripper=0.7585405707359314 right_gripper=1.0067182779312134
update step=454 qpos=[0.1282942146062851, 2.2337701320648193, 1.7959160804748535, -1.0119335651397705, 0.1089162677526474, 0.13152660429477692, 0.7585405707359315, 0.006865444593131542, -0.017810292541980743, -0.007293974980711937, -0.0014900328824296594, 0.0068148719146847725, -0.0007834872812964022, 1.0]
pred step=454 action=[[0.1321169137954712, 2.2371773719787598, 1.8008196353912354, -1.0160801410675049, 0.11360278725624084, 0.13550421595573425, 0.7395150661468506, 0.007128434721380472, -0.018343061208724976, -0.008614778518676758, -0.0008647739887237549, 0.0061531513929367065, -0.0012055799597874284, 1.006984829902649]] left_gripper=0.7395150661468506 right_gripper=1.006984829902649
update step=455 qpos=[0.1316269487142563, 2.236740827560425, 1.8002381324768066, -1.0155365467071533, 0.11301089823246002, 0.13499708473682404, 0.7395150661468506, 0.007098902482539415, -0.01827279105782509, -0.00847817212343216, -0.0009522365871816874, 0.006236236542463303, -0.0011518336832523346, 1.0]
pred step=455 action=[[0.1379338502883911, 2.241128444671631, 1.803879976272583, -1.0206682682037354, 0.11747673153877258, 0.14098817110061646, 0.7183071970939636, 0.00680591631680727, -0.01700526475906372, -0.008334428071975708, -0.0014322102069854736, 0.006427928805351257, -0.0010934307938441634, 1.0067259073257446]] left_gripper=0.7183071970939636 right_gripper=1.0067259073257446
update step=456 qpos=[0.13692952692508698, 2.2396135330200195, 1.8042452335357666, -1.0197166204452515, 0.11702687293291092, 0.1402852088212967, 0.7183071970939636, 0.006839998997747898, -0.017156030982732773, -0.008350581862032413, -0.0013715263921767473, 0.006404239684343338, -0.0011008583242073655, 1.0]
pred step=456 action=[[0.14081373810768127, 2.2473411560058594, 1.809520959854126, -1.0240191221237183, 0.11992422491312027, 0.14439299702644348, 0.6946544051170349, 0.007112189196050167, -0.01871773600578308, -0.009090006351470947, -0.0005211681127548218, 0.005760319530963898, -0.0008486119331791997, 1.0070549249649048]] left_gripper=0.6946544051170349 right_gripper=1.0070549249649048
update step=457 qpos=[0.1406928151845932, 2.243093252182007, 1.809848427772522, -1.0244981050491333, 0.11927478015422821, 0.1437278836965561, 0.6946544051170349, 0.0070814285427331924, -0.018534362316131592, -0.008996713906526566, -0.00062813691329211, 0.005841217469424009, -0.0008808334241621196, 1.0]
pred step=457 action=[[0.14783290028572083, 2.250120162963867, 1.8120806217193604, -1.0323772430419922, 0.12513114511966705, 0.15037000179290771, 0.674159049987793, 0.006381778046488762, -0.01476222276687622, -0.0069065093994140625, -0.001253560185432434, 0.006076328456401825, -0.0003304705023765564, 1.0060118436813354]] left_gripper=0.674159049987793 right_gripper=1.0060118436813354
update step=458 qpos=[0.1467251032590866, 2.2460718154907227, 1.8146648406982422, -1.0302212238311768, 0.12447459995746613, 0.14971889555454254, 0.6741590499877931, 0.006463509052991867, -0.01521212887018919, -0.007147632539272308, -0.001170520787127316, 0.0060480204410851, -0.00040054539567790926, 1.0]
pred step=458 action=[[0.1522628664970398, 2.253143787384033, 1.81244695186615, -1.0328279733657837, 0.12927427887916565, 0.15655437111854553, 0.6508566737174988, 0.006650143302977085, -0.01612401008605957, -0.00784197449684143, -0.0009395629167556763, 0.004949532449245453, -0.00027940759900957346, 1.0057356357574463]] left_gripper=0.6508566737174988 right_gripper=1.0057356357574463
update step=459 qpos=[0.15154403448104858, 2.2474253177642822, 1.8163968324661255, -1.0315004587173462, 0.12857979536056519, 0.15585020184516907, 0.6508566737174988, 0.00663035036996007, -0.016012096777558327, -0.0077680302783846855, -0.0009721589740365744, 0.005088047124445438, -0.00029491112218238413, 1.0]
pred step=459 action=[[0.15913709998130798, 2.254396438598633, 1.8137303590774536, -1.0397167205810547, 0.1324969083070755, 0.15948742628097534, 0.6324324011802673, 0.006270920857787132, -0.013903796672821045, -0.005742281675338745, -0.0010090619325637817, 0.0054230839014053345, -5.249876994639635e-05, 1.0051273107528687]] left_gripper=0.6324324011802673 right_gripper=1.0051273107528687
update step=460 qpos=[0.15774722397327423, 2.248775005340576, 1.8182893991470337, -1.0369993448257446, 0.1322464793920517, 0.15928125381469727, 0.6324324011802673, 0.006312482990324497, -0.014160781167447567, -0.005963355302810669, -0.0009963114280253649, 0.0053814067505300045, -8.334375161211938e-05, 1.0]
pred step=460 action=[[0.15885835886001587, 2.261491537094116, 1.823520302772522, -1.0450410842895508, 0.139304518699646, 0.1640077531337738, 0.5907812714576721, 0.00613072793930769, -0.015483558177947998, -0.010186642408370972, -3.135204315185547e-05, 0.004487477242946625, -0.0003872113302350044, 1.0057095289230347]] left_gripper=0.5907812714576721 right_gripper=1.0057095289230347
update step=461 qpos=[0.16009521484375, 2.253148078918457, 1.826004147529602, -1.0449292659759521, 0.1374456286430359, 0.16329260170459747, 0.5907812714576721, 0.0061539155431091785, -0.015307493507862091, -0.009737850166857243, -0.00017646982450969517, 0.004600823391228914, -0.00034849598887376487, 1.0]
pred step=461 action=[[0.16711261868476868, 2.259786605834961, 1.8155157566070557, -1.0476058721542358, 0.14560452103614807, 0.1737118661403656, 0.5588618516921997, 0.0061250245198607445, -0.016324758529663086, -0.0072554051876068115, -0.00012706220149993896, 0.004856117069721222, 6.180291529744864e-05, 1.0053554773330688]] left_gripper=0.5588618516921997 right_gripper=1.0053554773330688
update step=462 qpos=[0.1663217693567276, 2.2519233226776123, 1.8230990171432495, -1.0447801351547241, 0.1445658951997757, 0.17273348569869995, 0.5588618516921998, 0.006127725355327129, -0.016227100044488907, -0.007487236522138119, -0.00010978346836054698, 0.004823918454349041, 9.498676263319794e-06, 1.0]
pred step=462 action=[[0.17454800009727478, 2.2664220333099365, 1.8247787952423096, -1.0547364950180054, 0.1514078974723816, 0.17644986510276794, 0.5287513732910156, 0.006109960377216339, -0.01380053162574768, -0.006040483713150024, 0.000657990574836731, 0.004272468388080597, 0.000659245066344738, 1.0047541856765747]] left_gripper=0.5287513732910156 right_gripper=1.0047541856765747
update step=463 qpos=[0.17352637648582458, 2.257091522216797, 1.8308764696121216, -1.0512938499450684, 0.15065890550613403, 0.1762717366218567, 0.5287513732910156, 0.006113162264227867, -0.014084987342357635, -0.006220708601176739, 0.000559169624466449, 0.004342287313193083, 0.0005763922235928476, 1.0]
pred step=463 action=[[0.17748898267745972, 2.272643566131592, 1.8349056243896484, -1.0650837421417236, 0.16231665015220642, 0.18191254138946533, 0.47329676151275635, 0.006019200198352337, -0.013126373291015625, -0.008261233568191528, 0.0016442090272903442, 0.004220493137836456, 0.0005833818577229977, 1.0046181678771973]] left_gripper=0.47329676151275635 right_gripper=1.0046181678771973
update step=464 qpos=[0.17811264097690582, 2.262937307357788, 1.8407323360443115, -1.0613130331039429, 0.16027984023094177, 0.18141603469848633, 0.47329676151275635, 0.006030545104295015, -0.013228724710643291, -0.008048951625823975, 0.0014929844764992595, 0.004236034583300352, 0.0005825233529321849, 1.0]
pred step=464 action=[[0.1806795299053192, 2.26859712600708, 1.8274712562561035, -1.0687589645385742, 0.1721428632736206, 0.19080239534378052, 0.43441617488861084, 0.0060846200212836266, -0.015600621700286865, -0.007419288158416748, 0.002065420150756836, 0.004404075443744659, 0.0008022196125239134, 1.00481379032135]] left_gripper=0.43441617488861084 right_gripper=1.00481379032135
update step=465 qpos=[0.18152573704719543, 2.2601685523986816, 1.835813045501709, -1.0652955770492554, 0.17008879780769348, 0.18990741670131683, 0.43441617488861084, 0.006077784579247236, -0.015332660637795925, -0.0074570924043655396, 0.0020061167888343334, 0.004382763989269733, 0.0007742179441265762, 1.0]
pred step=465 action=[[0.1879291832447052, 2.2688591480255127, 1.8384768962860107, -1.0836230516433716, 0.1848309338092804, 0.19776731729507446, 0.39661794900894165, 0.00585161754861474, -0.013128817081451416, -0.006627678871154785, 0.003299504518508911, 0.003954894840717316, 0.001505739171989262, 1.004656195640564]] left_gripper=0.39661794900894165 right_gripper=1.004656195640564
update step=466 qpos=[0.18781064450740814, 2.264043092727661, 1.8413591384887695, -1.0800989866256714, 0.18268486857414246, 0.19689758121967316, 0.39661794900894165, 0.005879018921405077, -0.013389293104410172, -0.006728925742208958, 0.0031344150193035603, 0.00400951923802495, 0.0014124804874882102, 1.0]
pred step=466 action=[[0.19693726301193237, 2.2675387859344482, 1.8340692520141602, -1.098172903060913, 0.19386550784111023, 0.20414674282073975, 0.35371172428131104, 0.0057776919566094875, -0.010306388139724731, -0.0031053125858306885, 0.0027625858783721924, 0.0025902017951011658, 0.0014653721591457725, 1.0030341148376465]] left_gripper=0.35371172428131104 right_gripper=1.0030341148376465
update step=467 qpos=[0.19575326144695282, 2.263230800628662, 1.8381843566894531, -1.094733476638794, 0.1926528364419937, 0.20332643389701843, 0.35371172428131104, 0.005792532116174698, -0.010681076906621456, -0.003507811576128006, 0.002822773763909936, 0.00276977033354342, 0.0014585840981453657, 1.0]
pred step=467 action=[[0.19539111852645874, 2.2715964317321777, 1.8422523736953735, -1.1078227758407593, 0.20477190613746643, 0.20778337121009827, 0.3110584616661072, 0.006344971247017384, -0.010286062955856323, -0.004617214202880859, 0.002768278121948242, 0.0023320242762565613, 0.0010466057574376464, 1.002784252166748]] left_gripper=0.3110584616661072 right_gripper=1.002784252166748
update step=468 qpos=[0.1961948424577713, 2.267256736755371, 1.8445103168487549, -1.105249047279358, 0.20302900671958923, 0.20727930963039398, 0.3110584616661071, 0.006281137932091951, -0.010319511406123638, -0.0045205107890069485, 0.002762740245088935, 0.00238608755171299, 0.0010990484151989222, 1.0]
pred step=468 action=[[0.205998957157135, 2.26590633392334, 1.8353142738342285, -1.1201812028884888, 0.22141706943511963, 0.21736440062522888, 0.2515449523925781, 0.005672046914696693, -0.011481702327728271, -0.004471719264984131, 0.0025739818811416626, 0.002856209874153137, 0.0014584498712792993, 1.001550316810608]] left_gripper=0.2515449523925781 right_gripper=1.001550316810608
update step=469 qpos=[0.20495980978012085, 2.2644636631011963, 1.8377528190612793, -1.1179149150848389, 0.21937605738639832, 0.21602104604244232, 0.2515449523925781, 0.005742598790675402, -0.011349025182425976, -0.004463576711714268, 0.0026028489228338003, 0.002798025496304035, 0.0014126989990472794, 1.0]
pred step=469 action=[[0.20374542474746704, 2.263552188873291, 1.8406846523284912, -1.130713701248169, 0.23363493382930756, 0.2193731665611267, 0.2259780764579773, 0.00490565923973918, -0.01101219654083252, -0.002999335527420044, 0.004577755928039551, 0.0027571171522140503, 0.0018971168901771307, 1.0019643306732178]] left_gripper=0.2259780764579773 right_gripper=1.0019643306732178
update step=470 qpos=[0.20426039397716522, 2.2628872394561768, 1.8407609462738037, -1.1290619373321533, 0.23176740109920502, 0.21897320449352264, 0.2259780764579773, 0.005003813188523054, -0.011061709374189377, -0.003146618604660034, 0.004336876794695854, 0.0027640885673463345, 0.001835457282140851, 1.0]
pred step=470 action=[[0.20236387848854065, 2.265829563140869, 1.8508421182632446, -1.1446880102157593, 0.24343229830265045, 0.2174462378025055, 0.19522547721862793, 0.00421245489269495, -0.011191606521606445, -0.0025003254413604736, 0.005600333213806152, 0.0024786219000816345, 0.001707589952275157, 1.0007469654083252]] left_gripper=0.19522547721862793 right_gripper=1.0007469654083252
update step=471 qpos=[0.20319458842277527, 2.2645483016967773, 1.8500900268554688, -1.1426975727081299, 0.24187295138835907, 0.21767161786556244, 0.19522547721862793, 0.004305847454816103, -0.011176561936736107, -0.002575389575213194, 0.0054417019709944725, 0.002516301115974784, 0.001723978202790022, 1.0]
pred step=471 action=[[0.2075428068637848, 2.2481789588928223, 1.8340296745300293, -1.1686171293258667, 0.26346877217292786, 0.2288258671760559, 0.1606784462928772, 0.004183120559900999, -0.007057100534439087, 0.0019063353538513184, 0.003681197762489319, 0.0022810399532318115, 0.0017019059741869569, 0.9997361898422241]] left_gripper=0.1606784462928772 right_gripper=0.9997361898422241
update step=472 qpos=[0.2074432373046875, 2.2493302822113037, 1.836396336555481, -1.1653518676757812, 0.26074525713920593, 0.22739000618457794, 0.1606784462928772, 0.004197971895337105, -0.007552611641585827, 0.0013955367030575871, 0.00391716044396162, 0.0023110031615942717, 0.0017047093715518713, 0.9997361898422241]
pred step=472 action=[[0.20582768321037292, 2.244560718536377, 1.8417887687683105, -1.1833442449569702, 0.27946746349334717, 0.2295045256614685, 0.11671161651611328, 0.0036862888373434544, -0.008960753679275513, 0.0019637644290924072, 0.00396728515625, 0.002159498631954193, 0.0014976528473198414, 0.9982978105545044]] left_gripper=0.11671161651611328 right_gripper=0.9982978105545044
update step=473 qpos=[0.2063441425561905, 2.244457244873047, 1.8413723707199097, -1.1811649799346924, 0.277090847492218, 0.22926267981529236, 0.11671161651611328, 0.0037466876674443483, -0.008790714666247368, 0.0018903198651969433, 0.003961244598031044, 0.0021796412765979767, 0.0015240925131365657, 0.9982978105545044]
pred step=473 action=[[0.21034258604049683, 2.2387189865112305, 1.8441040515899658, -1.2033724784851074, 0.2938053011894226, 0.23300358653068542, 0.07518303394317627, 0.004631726071238518, -0.009041279554367065, 0.0005346238613128662, 0.0017905384302139282, 0.0024002566933631897, 0.0008932916098274291, 0.997262716293335]] left_gripper=0.07518303394317627 right_gripper=0.997262716293335
update step=474 qpos=[0.20965513586997986, 2.2389137744903564, 1.8440555334091187, -1.2005442380905151, 0.29204261302948, 0.23250828683376312, 0.07779573816116209, 0.004527381155639887, -0.008998306468129158, 0.0006577986641786993, 0.002053349744528532, 0.002370508387684822, 0.0009736307547427714, 0.997262716293335]
pred step=474 action=[[0.19704532623291016, 2.226228713989258, 1.8466463088989258, -1.2273815870285034, 0.3196064233779907, 0.23218613862991333, 0.05330955982208252, 0.0036350255832076073, -0.011588186025619507, 0.002932816743850708, 0.0059494078159332275, 0.002805761992931366, 0.0004009050317108631, 0.9979387521743774]] left_gripper=0.05330955982208252 right_gripper=0.9979387521743774
update step=475 qpos=[0.19873341917991638, 2.2269718647003174, 1.8468334674835205, -1.223913311958313, 0.3161953389644623, 0.23222671449184418, 0.05330955982208252, 0.003738989355042577, -0.011309508234262466, 0.0027413812931627035, 0.005482594948261976, 0.0027525031473487616, 0.0004740109434351325, 0.9979387521743774]
pred step=475 action=[[0.18961796164512634, 2.2025046348571777, 1.84592866897583, -1.2565302848815918, 0.339699387550354, 0.23454204201698303, 0.027207255363464355, 0.0044011399149894714, -0.014235615730285645, -0.0010603070259094238, 0.004055380821228027, 0.0035983026027679443, 5.8456556871533394e-05, 0.9977519512176514]] left_gripper=0.027207255363464355 right_gripper=0.9977519512176514
update step=476 qpos=[0.19101493060588837, 2.2057738304138184, 1.845929503440857, -1.2522681951522827, 0.3365882635116577, 0.23422107100486755, 0.03214361630380153, 0.004321562126278877, -0.01386118121445179, -0.0006874352693557739, 0.004209495149552822, 0.003490064525976777, 0.0001113981197704561, 0.9977519512176514]
pred step=476 action=[[0.1895102858543396, 2.2038135528564453, 1.8481696844100952, -1.2650291919708252, 0.3502858579158783, 0.23085585236549377, 0.017778456211090088, 0.003943606745451689, -0.014912724494934082, 0.001443237066268921, 0.006089746952056885, 0.0026921704411506653, -9.897258132696152e-05, 0.9967016577720642]] left_gripper=0.017778456211090088 right_gripper=0.9967016577720642
update step=477 qpos=[0.18979839980602264, 2.2044079303741455, 1.8473979234695435, -1.2636204957962036, 0.348432719707489, 0.23134100437164307, 0.024320373014995338, 0.003989651333540678, -0.01481323316693306, 0.001258303178474307, 0.005874884780496359, 0.0027938091661781073, -7.218118116725236e-05, 0.9967016577720642]
pred step=477 action=[[0.18378353118896484, 2.178661823272705, 1.84079110622406, -1.2944399118423462, 0.36732763051986694, 0.23142221570014954, 0.013170480728149414, 0.004147253464907408, -0.013394653797149658, 0.002757042646408081, 0.005032286047935486, 0.0015632137656211853, -0.00046558654867112637, 0.99807208776474]] left_gripper=0.013170480728149414 right_gripper=0.99807208776474
update step=478 qpos=[0.18460018932819366, 2.182290554046631, 1.8411191701889038, -1.2906357049942017, 0.3647519052028656, 0.23144838213920593, 0.03265652927673525, 0.004131348337978125, -0.013557091355323792, 0.0025637755170464516, 0.005137234460562468, 0.0017183233285322785, -0.00041553497430868447, 0.99807208776474]
pred step=478 action=[[0.17574992775917053, 2.1661200523376465, 1.8488448858261108, -1.3144811391830444, 0.3808664083480835, 0.22738432884216309, 0.00018095970153808594, 0.0038607767783105373, -0.015016019344329834, 0.0006346702575683594, 0.005317270755767822, 0.0010815560817718506, -0.000261655542999506, 0.9982228875160217]] left_gripper=0.00018095970153808594 right_gripper=0.9982228875160217
update step=479 qpos=[0.176807701587677, 2.1684019565582275, 1.8476686477661133, -1.3114627599716187, 0.378791868686676, 0.22792094945907593, 0.02314008118377791, 0.003893893212080002, -0.014834560453891754, 0.0008404376567341387, 0.005284918937832117, 0.00116251059807837, -0.0002813090686686337, 0.9982228875160217]
pred step=479 action=[[0.16749876737594604, 2.1597819328308105, 1.8508434295654297, -1.318987488746643, 0.3902774453163147, 0.22444239258766174, -0.0001437664031982422, 0.0035104858689010143, -0.0167863667011261, -0.00019294023513793945, 0.0065794289112091064, 0.0018267706036567688, -0.0006716296775266528, 0.9988224506378174]] left_gripper=-0.0001437664031982422 right_gripper=0.9988224506378174
update step=480 qpos=[0.1687343418598175, 2.1613404750823975, 1.8501049280166626, -1.3180619478225708, 0.3887038230895996, 0.22492194175720215, 0.024806717424480998, 0.0035541022662073374, -0.016560403630137444, -5.684460120392032e-05, 0.006417999509721994, 0.0017435168847441673, -0.0006217790069058537, 0.9988224506378174]
pred step=480 action=[[0.15466716885566711, 2.1334662437438965, 1.847166657447815, -1.3449792861938477, 0.41594308614730835, 0.21683967113494873, -0.005489647388458252, 0.0032178694382309914, -0.016479283571243286, -0.0013709962368011475, 0.008714869618415833, 0.00036713480949401855, -0.00029619678389281034, 1.0006487369537354]] left_gripper=-0.005489647388458252 right_gripper=1.0006487369537354
update step=481 qpos=[0.1563923954963684, 2.137296676635742, 1.84700608253479, -1.3417460918426514, 0.4123794138431549, 0.21791404485702515, 0.029385159564790896, 0.0032600699923932552, -0.01648811064660549, -0.0012182046193629503, 0.008419322781264782, 0.0005418678629212081, -0.0003377792309038341, 1.0]
pred step=481 action=[[0.13117730617523193, 2.1189372539520264, 1.8582310676574707, -1.365498423576355, 0.43157637119293213, 0.2034464180469513, -0.009518444538116455, 0.002042406238615513, -0.01934260129928589, -0.004160553216934204, 0.011621296405792236, 0.001373104751110077, 2.2668158635497093e-05, 1.0017712116241455]] left_gripper=-0.009518444538116455 right_gripper=1.0017712116241455
update step=482 qpos=[0.13423368334770203, 2.121762752532959, 1.8564348220825195, -1.3625245094299316, 0.4290370047092438, 0.20532666146755219, 0.028006733167502608, 0.002183560747653246, -0.019004154950380325, -0.0038123908452689648, 0.011210175231099129, 0.0012704716064035892, -2.3101205442799255e-05, 1.0]
pred step=482 action=[[0.11503427475690842, 2.097676992416382, 1.8529475927352905, -1.3819515705108643, 0.45189177989959717, 0.19523009657859802, -0.009235858917236328, 0.0021308897994458675, -0.01939082145690918, -0.00539281964302063, 0.013509988784790039, 0.0011857971549034119, -3.758224193006754e-05, 1.0033760070800781]] left_gripper=-0.009235858917236328 right_gripper=1.0033760070800781
update step=483 qpos=[0.11753373593091965, 2.101038694381714, 1.852982521057129, -1.3795864582061768, 0.44886961579322815, 0.1965537816286087, 0.02518076847686811, 0.0021370055619627237, -0.019346842542290688, -0.005202073138207197, 0.013215798884630203, 0.0011966993333771825, -3.5715976991923526e-05, 1.0]
pred step=483 action=[[0.10836435109376907, 2.0897178649902344, 1.851016879081726, -1.3868625164031982, 0.45884501934051514, 0.19152319431304932, -0.0073702335357666016, 0.002545648254454136, -0.017634540796279907, -0.004237264394760132, 0.012322992086410522, 0.0016377568244934082, 0.00019583571702241898, 1.003143548965454]] left_gripper=-0.0073702335357666016 right_gripper=1.003143548965454
update step=484 qpos=[0.10968181490898132, 2.0914876461029053, 1.8509896993637085, -1.3859632015228271, 0.4574739336967468, 0.1921943873167038, 0.02113623934004593, 0.002496740547940135, -0.017839530482888222, -0.0043463557958602905, 0.012438864447176456, 0.0015812068013474345, 0.00016630161553621292, 1.0]
pred step=484 action=[[0.09165958315134048, 2.0721256732940674, 1.8535122871398926, -1.407597303390503, 0.47405868768692017, 0.1773645579814911, -0.007150411605834961, 0.0012684566900134087, -0.018754571676254272, -0.005565017461776733, 0.014768272638320923, 0.001144804060459137, 0.0007746913470327854, 1.00542414188385]] left_gripper=-0.007150411605834961 right_gripper=1.00542414188385
update step=485 qpos=[0.09377608448266983, 2.074984550476074, 1.8527227640151978, -1.4049568176269531, 0.47179117798805237, 0.1793055385351181, 0.030670802950583116, 0.0014135624514892697, -0.018646428361535072, -0.005418639630079269, 0.014470718801021576, 0.001202535000629723, 0.0006972281844355166, 1.0]
pred step=485 action=[[0.08190859109163284, 2.0554232597351074, 1.844530701637268, -1.4114875793457031, 0.4876304268836975, 0.17225977778434753, -0.007408201694488525, 0.0017624669708311558, -0.018723756074905396, -0.005307048559188843, 0.016090944409370422, 0.0008539929986000061, 0.00020512728951871395, 1.0060056447982788]] left_gripper=-0.007408201694488525 right_gripper=1.0060056447982788
update step=486 qpos=[0.08346543461084366, 2.058137893676758, 1.845323085784912, -1.4106848239898682, 0.4855823516845703, 0.1731734573841095, 0.023643961190073573, 0.0017220580484718084, -0.01871952973306179, -0.005307096987962723, 0.015889108180999756, 0.0008972880896180868, 0.000267842726316303, 1.0]
pred step=486 action=[[0.05354525148868561, 2.050015449523926, 1.8593822717666626, -1.426088809967041, 0.49830085039138794, 0.15511909127235413, -0.0007014870643615723, 0.0006636101752519608, -0.020446687936782837, -0.005898952484130859, 0.018897399306297302, 0.0009541958570480347, 0.0004839111934415996, 1.0065041780471802]] left_gripper=-0.0007014870643615723 right_gripper=1.0065041780471802
update step=487 qpos=[0.0570053867995739, 2.0516228675842285, 1.8572165966033936, -1.4241516590118408, 0.4964900612831116, 0.1574791520833969, 0.03397060818280334, 0.0007877905736677349, -0.020246805623173714, -0.005815398879349232, 0.01851886697113514, 0.0009491389500908554, 0.0004564436967484653, 1.0]
pred step=487 action=[[0.041066184639930725, 2.04573392868042, 1.8630123138427734, -1.4295103549957275, 0.5021622180938721, 0.14628750085830688, -0.0012562870979309082, 0.0003469260409474373, -0.02129340171813965, -0.006809741258621216, 0.018524691462516785, 0.0015920549631118774, 0.0007676801178604364, 1.0067791938781738]] left_gripper=-0.0012562870979309082 right_gripper=1.0067791938781738
update step=488 qpos=[0.04321722686290741, 2.0466973781585693, 1.8622783422470093, -1.42872953414917, 0.5014190673828125, 0.14771994948387146, 0.022368484742387573, 0.00039715765160508454, -0.021164270117878914, -0.006707018706947565, 0.018518639728426933, 0.0015117543516680598, 0.0007280937861651182, 1.0]
pred step=488 action=[[0.03396208584308624, 2.0409560203552246, 1.8587044477462769, -1.4299874305725098, 0.5112771987915039, 0.1414366066455841, 0.0001894235610961914, 0.0015635872259736061, -0.018803060054779053, -0.006595700979232788, 0.01879867911338806, 0.0014137327671051025, 0.0005173853132873774, 1.006527304649353]] left_gripper=0.0001894235610961914 right_gripper=1.006527304649353
update step=489 qpos=[0.03519692271947861, 2.0420773029327393, 1.8588098287582397, -1.4298778772354126, 0.5098603963851929, 0.14228570461273193, 0.02631931463601412, 0.0014267811784520745, -0.01908241957426071, -0.006610672455281019, 0.018761038780212402, 0.0014238033909350634, 0.000544148322660476, 1.0]
pred step=489 action=[[-0.00583784282207489, 2.0220916271209717, 1.8684232234954834, -1.448175072669983, 0.5276634693145752, 0.11404690891504288, 0.009625017642974854, -0.0002506216987967491, -0.021861881017684937, -0.00848427414894104, 0.021627351641654968, 0.002484530210494995, 0.00045274727744981647, 1.0077989101409912]] left_gripper=0.009625017642974854 right_gripper=1.0077989101409912
update step=490 qpos=[-0.0012845669407397509, 2.0250518321990967, 1.86680269241333, -1.445951223373413, 0.5252830982208252, 0.11770595610141754, 0.038616489287879724, -5.568151391344145e-05, -0.021535756066441536, -0.008251981809735298, 0.021263988688588142, 0.0023538097739219666, 0.0004646172164939344, 1.0]
pred step=490 action=[[-0.005054634064435959, 2.0169553756713867, 1.8640258312225342, -1.451310157775879, 0.5300771594047546, 0.11203262954950333, 0.008665025234222412, 0.0005396045744419098, -0.019330859184265137, -0.006893575191497803, 0.020834997296333313, 0.002851530909538269, 0.0007346660131588578, 1.0076180696487427]] left_gripper=0.008665025234222412 right_gripper=1.0076180696487427
update step=491 qpos=[-0.004040108993649483, 2.018237590789795, 1.8643357753753662, -1.450534462928772, 0.5294521450996399, 0.1127455085515976, 0.020680839847773306, 0.0004683646548073739, -0.019594820216298103, -0.007048826199024916, 0.02089254930615425, 0.0027875653468072414, 0.0007002088823355734, 1.0]
pred step=491 action=[[-0.022540312260389328, 2.014566421508789, 1.866687536239624, -1.4523131847381592, 0.5386149287223816, 0.09912586957216263, 0.013551652431488037, 0.00023987051099538803, -0.01749473810195923, -0.008137136697769165, 0.022714927792549133, 0.0024691522121429443, 0.0013437450397759676, 1.0081437826156616]] left_gripper=0.013551652431488037 right_gripper=1.0081437826156616
update step=492 qpos=[-0.020537149161100388, 2.0153846740722656, 1.8660229444503784, -1.4521636962890625, 0.5372454524040222, 0.10093070566654205, 0.03228989431151637, 0.00026742948102764785, -0.017737682908773422, -0.008022989146411419, 0.022475121542811394, 0.002509947633370757, 0.0012617127504199743, 1.0]
pred step=492 action=[[-0.03197675570845604, 2.006124496459961, 1.8641635179519653, -1.4565989971160889, 0.5451866984367371, 0.08973861485719681, 0.017096638679504395, 0.0008396236225962639, -0.015795737504959106, -0.006844043731689453, 0.02199453115463257, 0.0025421306490898132, 0.0012707923306152225, 1.0082759857177734]] left_gripper=0.017096638679504395 right_gripper=1.0082759857177734
update step=493 qpos=[-0.03047427348792553, 2.007599353790283, 1.8640987873077393, -1.456081748008728, 0.5440393686294556, 0.09120442718267441, 0.028687292827224285, 0.0007723507005721331, -0.016030384227633476, -0.006970422808080912, 0.022060450166463852, 0.0025368931237608194, 0.001269612810574472, 1.0]
pred step=493 action=[[-0.0549079030752182, 2.008258819580078, 1.8711035251617432, -1.4591795206069946, 0.5524762272834778, 0.06861906498670578, 0.021638810634613037, 0.0007034195587038994, -0.014037489891052246, -0.006802111864089966, 0.022724196314811707, 0.003291115164756775, 0.0018572071567177773, 1.0092140436172485]] left_gripper=0.021638810634613037 right_gripper=1.0092140436172485
update step=494 qpos=[-0.05212889984250069, 2.00846266746521, 1.870100736618042, -1.4587461948394775, 0.5513165593147278, 0.07153601944446564, 0.028168270205733946, 0.0007100266520865262, -0.01427142322063446, -0.006826958619058132, 0.022637207061052322, 0.00319598033092916, 0.0017823467496782541, 1.0]
pred step=494 action=[[-0.06766781955957413, 2.0060253143310547, 1.8716398477554321, -1.4593392610549927, 0.5569175481796265, 0.0595385879278183, 0.023747563362121582, 0.00041052699089050293, -0.014565110206604004, -0.007647782564163208, 0.023793667554855347, 0.0037184059619903564, 0.0015594122232869267, 1.0091472864151]] left_gripper=0.023747563362121582 right_gripper=1.0091472864151
update step=495 qpos=[-0.06563593447208405, 2.006615400314331, 1.8713185787200928, -1.4592177867889404, 0.5561023950576782, 0.06109284982085228, 0.02647307771775457, 0.00044460559729486704, -0.014530052430927753, -0.007550171576440334, 0.023645242676138878, 0.0036530124489217997, 0.0015879272250458598, 1.0]
pred step=495 action=[[-0.0792025774717331, 2.005760669708252, 1.8713048696517944, -1.4571106433868408, 0.5591106414794922, 0.04725992679595947, 0.026332557201385498, 0.0003268243744969368, -0.012026071548461914, -0.0066336989402771, 0.023550957441329956, 0.003603719174861908, 0.00220838887616992, 1.0097606182098389]] left_gripper=0.026332557201385498 right_gripper=1.0097606182098389
update step=496 qpos=[-0.07752511650323868, 2.006148099899292, 1.8711673021316528, -1.4573421478271484, 0.5586254596710205, 0.04905238747596741, 0.02633255720138549, 0.0003406645846553147, -0.012324107810854912, -0.006738907191902399, 0.023563984781503677, 0.0036102961748838425, 0.002129280474036932, 1.0]
pred step=496 action=[[-0.09846314787864685, 2.0046205520629883, 1.8764375448226929, -1.456983208656311, 0.5646700263023376, 0.028406664729118347, 0.031136751174926758, 0.0005560796707868576, -0.010606467723846436, -0.005868583917617798, 0.02325761318206787, 0.004433326423168182, 0.002630415838211775, 1.0096666812896729]] left_gripper=0.031136751174926758 right_gripper=1.0096666812896729
update step=497 qpos=[-0.09602746367454529, 2.0051751136779785, 1.8755550384521484, -1.4570194482803345, 0.5637595653533936, 0.031082037836313248, 0.031136751174926747, 0.0005290377885103226, -0.010810094885528088, -0.005970063153654337, 0.023297496140003204, 0.004328923299908638, 0.002566585084423423, 1.0]
pred step=497 action=[[-0.10752838104963303, 2.004268169403076, 1.8766772747039795, -1.4558873176574707, 0.5682869553565979, 0.02165340632200241, 0.03390634059906006, 0.0007125865668058395, -0.01070210337638855, -0.005863368511199951, 0.024019062519073486, 0.004805766046047211, 0.0024600031320005655, 1.0096111297607422]] left_gripper=0.03390634059906006 right_gripper=1.0096111297607422
update step=498 qpos=[-0.10599379986524582, 2.004577875137329, 1.8764599561691284, -1.4559861421585083, 0.5676074624061584, 0.02288215607404709, 0.033906340599060066, 0.0006900777225382626, -0.010715917684137821, -0.005872159730643034, 0.02392849698662758, 0.004745167680084705, 0.0024736293125897646, 1.0]
pred step=498 action=[[-0.11792787164449692, 2.0052084922790527, 1.8768415451049805, -1.450890302658081, 0.5700352191925049, 0.010832063853740692, 0.03550344705581665, 0.0009187608957290649, -0.008670121431350708, -0.005081921815872192, 0.02407395839691162, 0.004780516028404236, 0.002954922616481781, 1.0099910497665405]] left_gripper=0.03550344705581665 right_gripper=1.0099910497665405
update step=499 qpos=[-0.1164899542927742, 2.0054690837860107, 1.8765695095062256, -1.4515436887741089, 0.5695787668228149, 0.012411972507834435, 0.03550344705581665, 0.0008918383973650634, -0.008912518620491028, -0.005175423342734575, 0.02405564859509468, 0.004775664769113064, 0.002893534256145358, 1.0]
pred step=499 action=[[-0.12406002730131149, 2.00823712348938, 1.879611611366272, -1.4491592645645142, 0.5712882876396179, 0.0040616318583488464, 0.036922991275787354, 0.0009245406836271286, -0.007365107536315918, -0.0041856467723846436, 0.023802384734153748, 0.004881896078586578, 0.0031846044585108757, 1.0099079608917236]] left_gripper=0.036922991275787354 right_gripper=1.0099079608917236
update step=500 qpos=[-0.12307645380496979, 2.008071184158325, 1.8791463375091553, -1.449428677558899, 0.5709537863731384, 0.005159821826964617, 0.03692299127578737, 0.0009205123642459512, -0.0075492714531719685, -0.004299522377550602, 0.023836415261030197, 0.004868431482464075, 0.0031475198920816183, 1.0]
pred step=500 action=[[-0.1730203628540039, 1.9424142837524414, 1.8986806869506836, -1.4040378332138062, 0.6153334975242615, 0.007666066288948059, 0.010875046253204346, 0.004504237789660692, -0.009149670600891113, -0.0025845766067504883, 0.0074693262577056885, 0.0069227516651153564, -0.001509488676674664, 1.0054192543029785]] left_gripper=0.010875046253204346 right_gripper=1.0054192543029785
update step=501 qpos=[-0.16770097613334656, 1.9518836736679077, 1.8957664966583252, -1.4097015857696533, 0.6093113422393799, 0.00744760874658823, 0.08401784391866789, 0.004079865291714668, -0.008932828903198242, -0.0028633116744458675, 0.009533718228340149, 0.006655300036072731, -0.0009159698383882642, 1.0]
pred step=501 action=[[-0.1812242865562439, 1.9441602230072021, 1.8948321342468262, -1.3960951566696167, 0.6152268052101135, -0.004579208791255951, 0.009188830852508545, 0.004755821079015732, -0.00879862904548645, -0.00168609619140625, 0.0065362900495529175, 0.006839819252490997, -0.0023553776554763317, 1.0071977376937866]] left_gripper=0.009188830852508545 right_gripper=1.0071977376937866
update step=502 qpos=[-0.179465651512146, 1.9457945823669434, 1.8946211338043213, -1.3979109525680542, 0.6146777868270874, -0.003030095249414444, 0.03135557512028349, 0.004676796495914459, -0.008820930495858192, -0.0018087858334183693, 0.00692346366122365, 0.006815010216087103, -0.0021721518132835627, 1.0]
pred step=502 action=[[-0.19623792171478271, 1.9418010711669922, 1.9002974033355713, -1.3898366689682007, 0.616804838180542, -0.021595697849988937, 0.009220659732818604, 0.005010223016142845, -0.009712636470794678, -0.0016318857669830322, 0.0061191171407699585, 0.007219366729259491, -0.0021108780056238174, 1.0075353384017944]] left_gripper=0.009220659732818604 right_gripper=1.0075353384017944
update step=503 qpos=[-0.19412808120250702, 1.9425021409988403, 1.8997610807418823, -1.3906476497650146, 0.6164905428886414, -0.019256683066487312, 0.03744112139360772, 0.004970318637788296, -0.00960668083280325, -0.0016535277245566249, 0.006222030613571405, 0.007167592644691467, -0.0021187695674598217, 1.0]
pred step=503 action=[[-0.22958701848983765, 1.9412682056427002, 1.8999555110931396, -1.360963225364685, 0.6116476058959961, -0.06680470705032349, 0.005315065383911133, 0.004781434312462807, -0.008822649717330933, -0.00121384859085083, 0.0039501190185546875, 0.00683131068944931, -0.002779558766633272, 1.0094646215438843]] left_gripper=0.005315065383911133 right_gripper=1.0094646215438843
update step=504 qpos=[-0.22560696303844452, 1.94182288646698, 1.899906873703003, -1.3645845651626587, 0.6120792627334595, -0.060704488307237625, 0.034084708133229495, 0.0048044766299426556, -0.008910918608307838, -0.0012794352369382977, 0.004235478583723307, 0.006874124053865671, -0.002695315983146429, 1.0]
pred step=504 action=[[-0.25162938237190247, 1.939653754234314, 1.89617919921875, -1.3453559875488281, 0.6175355315208435, -0.09178173542022705, 0.007692575454711914, 0.004594246856868267, -0.00924798846244812, -0.0022202730178833008, 0.004792243242263794, 0.0071165114641189575, -0.002534935250878334, 1.01067316532135]] left_gripper=0.007692575454711914 right_gripper=1.01067316532135
update step=505 qpos=[-0.24834001064300537, 1.9404677152633667, 1.8963373899459839, -1.3477836847305298, 0.6165515184402466, -0.0877598226070404, 0.05126722158381232, 0.004618375096470118, -0.009206757880747318, -0.0021118076983839273, 0.004718730691820383, 0.00708630308508873, -0.002555378945544362, 1.0]
pred step=505 action=[[-0.29358550906181335, 1.9471710920333862, 1.89603590965271, -1.3057259321212769, 0.6078741550445557, -0.15213443338871002, 0.0005418658256530762, 0.004758837167173624, -0.005976557731628418, 0.0024597346782684326, 0.003705456852912903, 0.007201679050922394, -0.003954592626541853, 1.0121153593063354]] left_gripper=0.0005418658256530762 right_gripper=1.0121153593063354
update step=506 qpos=[-0.2882901430130005, 1.9468183517456055, 1.8960450887680054, -1.3109527826309204, 0.6088311672210693, -0.1438705027103424, 0.04691266766576855, 0.004742287565022707, -0.006374968681484461, 0.001960889669135213, 0.003853573463857174, 0.007186661474406719, -0.003776201279833913, 1.0]
pred step=506 action=[[-0.32138514518737793, 1.943004846572876, 1.8926677703857422, -1.2822736501693726, 0.6054850816726685, -0.1912863850593567, -0.003417789936065674, 0.004606418777257204, -0.004393517971038818, 0.004012197256088257, 0.0038124173879623413, 0.006869211792945862, -0.0026754294522106647, 1.0132369995117188]] left_gripper=-0.003417789936065674 right_gripper=1.0132369995117188
update step=507 qpos=[-0.3172193467617035, 1.9438586235046387, 1.8930498361587524, -1.2858147621154785, 0.6057527661323547, -0.1852084994316101, 0.03262504539969894, 0.004622976295650005, -0.00462487805634737, 0.0037622591480612755, 0.0038184495642781258, 0.006909721996635199, -0.002815849147737026, 1.0]
pred step=507 action=[[-0.3445929288864136, 1.9553978443145752, 1.8794606924057007, -1.2530102729797363, 0.6102432012557983, -0.22468623518943787, -0.002381563186645508, 0.004867273382842541, -0.006107449531555176, 0.0007080435752868652, 0.0033405572175979614, 0.006514303386211395, -0.00394816929474473, 1.0135761499404907]] left_gripper=-0.002381563186645508 right_gripper=1.0135761499404907
update step=508 qpos=[-0.3412112891674042, 1.9540421962738037, 1.88127863407135, -1.2570915222167969, 0.6096144914627075, -0.21962422132492065, 0.025590412435984162, 0.004839558620005846, -0.005914816167205572, 0.001024404657073319, 0.0033831573091447353, 0.0065636299550533295, -0.0038038031198084354, 1.0]
pred step=508 action=[[-0.37252408266067505, 1.955998420715332, 1.866524338722229, -1.2225677967071533, 0.607812225818634, -0.2657700181007385, -0.005130589008331299, 0.00493265874683857, -0.0035940706729888916, -0.000357896089553833, 0.0007786750793457031, 0.005949251353740692, -0.00423742039129138, 1.0142675638198853]] left_gripper=-0.005130589008331299 right_gripper=1.0142675638198853
update step=509 qpos=[-0.36868390440940857, 1.9559059143066406, 1.8684126138687134, -1.226881742477417, 0.6079089641571045, -0.2598540484905243, 0.02934328454236189, 0.0049231695011258125, -0.003861419390887022, -0.00021650217240676284, 0.0010988881113007665, 0.0060266125947237015, -0.004182248376309872, 1.0]
pred step=509 action=[[-0.3977402150630951, 1.9658902883529663, 1.8748193979263306, -1.1943992376327515, 0.5989313721656799, -0.30237287282943726, -0.013290584087371826, 0.005050208885222673, -0.006188809871673584, 0.000652700662612915, 0.0008729547262191772, 0.00696205347776413, -0.002515810541808605, 1.0149784088134766]] left_gripper=-0.013290584087371826 right_gripper=1.0149784088134766
update step=510 qpos=[-0.3941331207752228, 1.964991569519043, 1.8739657402038574, -1.1984835863113403, 0.5998972654342651, -0.2968904674053192, 0.03580155387106868, 0.005033053457736969, -0.005927905905991793, 0.0005915707442909479, 0.0009167806711047888, 0.006843746639788151, -0.0027282421942800283, 1.0]
pred step=510 action=[[-0.4130457639694214, 1.968732237815857, 1.8755134344100952, -1.1793981790542603, 0.5931583642959595, -0.3248065412044525, -0.015980422496795654, 0.005289755761623383, -0.0073587000370025635, 0.0010662674903869629, 0.00010448694229125977, 0.008017145097255707, -0.0025898395106196404, 1.016093134880066]] left_gripper=-0.015980422496795654 right_gripper=1.016093134880066
update step=511 qpos=[-0.4104957580566406, 1.9687062501907349, 1.8751827478408813, -1.1817660331726074, 0.5937854647636414, -0.32120898365974426, 0.039845089165976746, 0.005257151555269957, -0.00718768872320652, 0.0010047672549262643, 0.0002083582803606987, 0.007868403568863869, -0.0026073534972965717, 1.0]
pred step=511 action=[[-0.4179854691028595, 1.9679828882217407, 1.8683284521102905, -1.1685479879379272, 0.5915911197662354, -0.3323483169078827, -0.01643979549407959, 0.005790905561298132, -0.012375950813293457, -0.003993868827819824, -0.0012192875146865845, 0.007919661700725555, -0.0024788244627416134, 1.015468716621399]] left_gripper=-0.01643979549407959 right_gripper=1.015468716621399
update step=512 qpos=[-0.4168711304664612, 1.9683811664581299, 1.8690086603164673, -1.1702347993850708, 0.5917053818702698, -0.33089742064476013, 0.035619165555194565, 0.005728061310946941, -0.01174143236130476, -0.0034569352865219116, -0.001060056616552174, 0.007912210188806057, -0.0024952529929578304, 1.0]
pred step=512 action=[[-0.4425441324710846, 1.9791924953460693, 1.859818935394287, -1.1369295120239258, 0.5855487585067749, -0.37168198823928833, -0.02012425661087036, 0.005352959036827087, -0.008769243955612183, -0.0028322935104370117, 0.0004313141107559204, 0.007168181240558624, -0.002317660953849554, 1.014829397201538]] left_gripper=-0.02012425661087036 right_gripper=1.014829397201538
update step=513 qpos=[-0.43959102034568787, 1.9780572652816772, 1.8610097169876099, -1.1410917043685913, 0.5862354040145874, -0.36644628643989563, 0.03465918756469532, 0.005398615263402462, -0.009134484454989433, -0.00287345377728343, 0.00025005594943650067, 0.0072629875503480434, -0.002340304898098111, 1.0]
pred step=513 action=[[-0.4476024806499481, 1.99563467502594, 1.8509117364883423, -1.119342565536499, 0.5848069787025452, -0.38785073161125183, -0.02071744203567505, 0.004775351844727993, -0.006416589021682739, -0.0005595982074737549, 0.0021122395992279053, 0.006478451192378998, -0.003201279789209366, 1.0153833627700806]] left_gripper=-0.02071744203567505 right_gripper=1.0153833627700806
update step=514 qpos=[-0.44635066390037537, 1.9933909177780151, 1.8522984981536865, -1.1220543384552002, 0.5848856568336487, -0.3850867748260498, 0.02551367749218587, 0.004850255791097879, -0.006748388987034559, -0.0008050635806284845, 0.001886450918391347, 0.006578718777745962, -0.0030914866365492344, 1.0]
pred step=514 action=[[-0.4592854976654053, 1.9980167150497437, 1.8459727764129639, -1.0953571796417236, 0.5759381651878357, -0.408434122800827, -0.024272143840789795, 0.0041789039969444275, -0.006785750389099121, -0.0008454620838165283, 0.0017070919275283813, 0.0067242905497550964, -0.0025698821991682053, 1.0157040357589722]] left_gripper=-0.024272143840789795 right_gripper=1.0157040357589722
update step=515 qpos=[-0.45771273970603943, 1.9976731538772583, 1.8466801643371582, -1.0987544059753418, 0.5769329071044922, -0.4054098427295685, 0.03261775866288829, 0.004257297143340111, -0.006774774752557278, -0.0008571064681746066, 0.0017252961406484246, 0.00670726178213954, -0.0026363504584878683, 1.0]
pred step=515 action=[[-0.4698795676231384, 2.0100438594818115, 1.8399853706359863, -1.0739518404006958, 0.574776828289032, -0.42913198471069336, -0.022227883338928223, 0.004031501244753599, -0.004577517509460449, -0.0005388855934143066, 0.0010958164930343628, 0.006947875022888184, -0.0028771101497113705, 1.0163415670394897]] left_gripper=-0.022227883338928223 right_gripper=1.0163415670394897
update step=516 qpos=[-0.46827808022499084, 2.008732318878174, 1.8408143520355225, -1.0770564079284668, 0.5749111175537109, -0.4260720908641815, 0.034385913375903056, 0.004057490266859531, -0.0048348805867135525, -0.0005849242443218827, 0.0011725460644811392, 0.006917904131114483, -0.0028463536873459816, 1.0]
pred step=516 action=[[-0.47414425015449524, 2.0141687393188477, 1.8522387742996216, -1.074540138244629, 0.5714203715324402, -0.42973023653030396, -0.02822744846343994, 0.004580321256071329, -0.009014666080474854, -0.002437770366668701, -0.000545501708984375, 0.00789865106344223, -0.001264348509721458, 1.016892433166504]] left_gripper=-0.02822744846343994 right_gripper=1.016892433166504
update step=517 qpos=[-0.4733434021472931, 2.013916254043579, 1.8505704402923584, -1.0748878717422485, 0.5716965198516846, -0.42922312021255493, 0.038581849262118335, 0.004516563843935728, -0.008514865301549435, -0.002229913603514433, -0.00033125447225756943, 0.007773868273943663, -0.0014660443412140012, 1.0]
pred step=517 action=[[-0.47696614265441895, 2.0284814834594727, 1.8309228420257568, -1.0395158529281616, 0.5681259036064148, -0.44443896412849426, -0.03227025270462036, 0.004101289436221123, -0.012100398540496826, -0.0034697353839874268, -0.00023962557315826416, 0.007106587290763855, -0.002389596775174141, 1.0161607265472412]] left_gripper=-0.03227025270462036 right_gripper=1.0161607265472412
update step=518 qpos=[-0.47642824053764343, 2.0267107486724854, 1.8334962129592896, -1.0439453125, 0.5684916377067566, -0.4424682557582855, 0.031413071354230236, 0.004151519387960434, -0.01167898066341877, -0.0033155553974211216, -0.0002492392377462238, 0.007191731594502926, -0.0022717653773725033, 1.0]
pred step=518 action=[[-0.4836951494216919, 2.0375564098358154, 1.839385986328125, -1.0349712371826172, 0.5657451748847961, -0.4531674385070801, -0.03493756055831909, 0.0043792640790343285, -0.012303650379180908, -0.0029927194118499756, 0.00012947618961334229, 0.007469572126865387, -0.0014460220700129867, 1.0154893398284912]] left_gripper=-0.03493756055831909 right_gripper=1.0154893398284912
update step=519 qpos=[-0.48287439346313477, 2.036449432373047, 1.838527798652649, -1.0361307859420776, 0.5659794807434082, -0.4517602324485779, 0.03507184107546452, 0.004351761192083359, -0.012233549728989601, -0.0030220106709748507, 8.505193545715883e-05, 0.007434062194079161, -0.0015513484831899405, 1.0]
pred step=519 action=[[-0.48559731245040894, 2.0480055809020996, 1.8281854391098022, -1.018359899520874, 0.5649026036262512, -0.4609256386756897, -0.03315526247024536, 0.004408563021570444, -0.012350410223007202, -0.003788173198699951, -0.0010969340801239014, 0.007348544895648956, -0.002188601531088352, 1.0159162282943726]] left_gripper=-0.03315526247024536 right_gripper=1.0159162282943726
update step=520 qpos=[-0.4850699305534363, 2.0467019081115723, 1.829491138458252, -1.0205738544464111, 0.5649017691612244, -0.45973122119903564, 0.03271864763012638, 0.004402210004627705, -0.012328969314694405, -0.003718771506100893, -0.0009541597100906074, 0.007359170354902744, -0.002107328502461314, 1.0]
pred step=520 action=[[-0.4903140366077423, 2.048194169998169, 1.8288640975952148, -1.005812644958496, 0.5598973035812378, -0.4705711603164673, -0.034572720527648926, 0.0038250023499131203, -0.015025556087493896, -0.004597961902618408, -0.0019969046115875244, 0.007530711591243744, -0.0011710281250998378, 1.0164521932601929]] left_gripper=-0.034572720527648926 right_gripper=1.0164521932601929
update step=521 qpos=[-0.489739328622818, 2.048383951187134, 1.8286806344985962, -1.0077685117721558, 0.5604021549224854, -0.46914368867874146, 0.039034170215880425, 0.003892234992235899, -0.01470685563981533, -0.004491718485951424, -0.001863687066361308, 0.007510312832891941, -0.0012903606984764338, 1.0]
pred step=521 action=[[-0.4947301149368286, 2.0643577575683594, 1.826495885848999, -0.9884524345397949, 0.558516800403595, -0.47980913519859314, -0.041148245334625244, 0.004462754353880882, -0.014142125844955444, -0.0033469796180725098, -0.001224324107170105, 0.00790300965309143, -0.000756726018153131, 1.0158222913742065]] left_gripper=-0.041148245334625244 right_gripper=1.0158222913742065
update step=522 qpos=[-0.4939981997013092, 2.062514305114746, 1.8268368244171143, -0.9908362627029419, 0.5586390495300293, -0.47842100262641907, 0.0378267277446058, 0.004394770599901676, -0.0142161063849926, -0.003464468289166689, -0.0012985396897420287, 0.00785231962800026, -0.0008247458026744425, 1.0]
pred step=522 action=[[-0.496559202671051, 2.067448139190674, 1.8277812004089355, -0.9866734743118286, 0.5574444532394409, -0.48605838418006897, -0.03976738452911377, 0.004013644065707922, -0.012205302715301514, -0.0017961859703063965, -0.0012878775596618652, 0.007598184049129486, -0.0006634679157286882, 1.0157016515731812]] left_gripper=-0.03976738452911377 right_gripper=1.0157016515731812
update step=523 qpos=[-0.4962082803249359, 2.067157506942749, 1.8274303674697876, -0.9872620105743408, 0.5574591755867004, -0.48504945635795593, 0.039713130242846624, 0.00405903672799468, -0.012444872409105301, -0.0019899108447134495, -0.0012860649731010199, 0.007631094194948673, -0.0006839840789325535, 1.0]
pred step=523 action=[[-0.5030274391174316, 2.075566530227661, 1.8173274993896484, -0.9567627906799316, 0.5508167147636414, -0.5027754306793213, -0.039907991886138916, 0.003914872650057077, -0.012487918138504028, -0.0019320249557495117, -0.0025936663150787354, 0.007717058062553406, -0.00059388333465904, 1.0154006481170654]] left_gripper=-0.039907991886138916 right_gripper=1.0154006481170654
update step=524 qpos=[-0.5021597146987915, 2.074700355529785, 1.8186284303665161, -0.9605840444564819, 0.5515531897544861, -0.5004864931106567, 0.034047683749209946, 0.0039315735921263695, -0.012477121315896511, -0.0019535846076905727, -0.002431432483717799, 0.007706481497734785, -0.0006053451215848327, 1.0]
pred step=524 action=[[-0.507379949092865, 2.0680437088012695, 1.8154022693634033, -0.9594529867172241, 0.5510068535804749, -0.5053002834320068, -0.033557891845703125, 0.003610348328948021, -0.013257205486297607, -0.004099518060684204, -0.0025712400674819946, 0.00748945027589798, -0.0008045899448916316, 1.0160642862319946]] left_gripper=-0.033557891845703125 right_gripper=1.0160642862319946
update step=525 qpos=[-0.5066857933998108, 2.0692858695983887, 1.815470576286316, -0.9596883058547974, 0.5509350895881653, -0.5046578049659729, 0.03893265605524734, 0.0036485190503299236, -0.01315675675868988, -0.0038673346862196922, -0.0025636879727244377, 0.007517513353377581, -0.0007791646057739854, 1.0]
pred step=525 action=[[-0.5086929202079773, 2.08319091796875, 1.8151938915252686, -0.945155143737793, 0.5497435331344604, -0.5101698637008667, -0.03829598426818848, 0.004118415527045727, -0.012636721134185791, -0.003562241792678833, -0.0023742318153381348, 0.008008338510990143, -0.0006594933802261949, 1.016416311264038]] left_gripper=-0.03829598426818848 right_gripper=1.016416311264038
update step=526 qpos=[-0.5082260370254517, 2.0814757347106934, 1.8153692483901978, -0.9469243288040161, 0.549817681312561, -0.5094437599182129, 0.0382786390889022, 0.0040621450170874596, -0.0127049395814538, -0.0035808654502034187, -0.002393130911514163, 0.007945368997752666, -0.0006747763836756349, 1.0]
pred step=526 action=[[-0.5056458711624146, 2.085409641265869, 1.8135569095611572, -0.9452992677688599, 0.5508440732955933, -0.5059832334518433, -0.04055202007293701, 0.004258050117641687, -0.015225112438201904, -0.0030969083309173584, -0.003565773367881775, 0.007719345390796661, -1.6422243788838387e-05, 1.0158770084381104]] left_gripper=-0.04055202007293701 right_gripper=1.0158770084381104
update step=527 qpos=[-0.5059804916381836, 2.0851151943206787, 1.8136405944824219, -0.9455434083938599, 0.5506525635719299, -0.5063953399658203, 0.024055084054944685, 0.004235429223626852, -0.014929252676665783, -0.0031463438645005226, -0.0034116003662347794, 0.007747631054371595, -0.00010038388427346945, 1.0]
pred step=527 action=[[-0.5107405781745911, 2.0945358276367188, 1.812153697013855, -0.9300123453140259, 0.5469099879264832, -0.5192807912826538, -0.04125887155532837, 0.0043202112428843975, -0.01391860842704773, -0.0017237365245819092, -0.004235655069351196, 0.007793590426445007, 2.766679972410202e-05, 1.0157231092453003]] left_gripper=-0.04125887155532837 right_gripper=1.0157231092453003
update step=528 qpos=[-0.5101634860038757, 2.0933635234832764, 1.8124641180038452, -0.9319196343421936, 0.5473334789276123, -0.5176109075546265, 0.022769384617330846, 0.004310208838433027, -0.014039271511137486, -0.0018911382649093866, -0.004128343425691128, 0.007787599693983793, 1.1365169484633952e-05, 1.0]
pred step=528 action=[[-0.5092601180076599, 2.099188804626465, 1.7987812757492065, -0.9155958890914917, 0.5468126535415649, -0.5193281769752502, -0.040243685245513916, 0.004523000214248896, -0.014005124568939209, -0.0016304552555084229, -0.004301518201828003, 0.00746917724609375, -0.0006997898453846574, 1.0155856609344482]] left_gripper=-0.040243685245513916 right_gripper=1.0155856609344482
update step=529 qpos=[-0.5092673301696777, 2.0983877182006836, 1.8005648851394653, -0.917651891708374, 0.5468453168869019, -0.5190851092338562, 0.015120803116372332, 0.004498790949583054, -0.01400737278163433, -0.0016655982472002506, -0.004280244931578636, 0.007508907001465559, -0.0006091577815823257, 1.0]
pred step=529 action=[[-0.5113065242767334, 2.0963923931121826, 1.803699016571045, -0.9144340753555298, 0.543763279914856, -0.5223674774169922, -0.041170358657836914, 0.0042582624591887, -0.014077454805374146, -0.00037738680839538574, -0.0048812031745910645, 0.0076586902141571045, 0.0001293380046263337, 1.0155916213989258]] left_gripper=-0.041170358657836914 right_gripper=1.0155916213989258
update step=530 qpos=[-0.5112308263778687, 2.0969011783599854, 1.803107738494873, -0.9149045348167419, 0.5441252589225769, -0.5219143033027649, 0.01491625708424382, 0.004286129027605057, -0.01407326478511095, -0.0005187322967685759, -0.00479887705296278, 0.007640306372195482, 3.518234007060528e-05, 1.0]
pred step=530 action=[[-0.5171424746513367, 2.1042966842651367, 1.8023422956466675, -0.8980634212493896, 0.5390411019325256, -0.5332967638969421, -0.03915530443191528, 0.00427537877112627, -0.013864666223526001, -0.00013121962547302246, -0.005496203899383545, 0.007715821266174316, 0.0002911951160058379, 1.0160963535308838]] left_gripper=-0.03915530443191528 right_gripper=1.0160963535308838
update step=531 qpos=[-0.5163173079490662, 2.1034598350524902, 1.802529215812683, -0.9001355171203613, 0.5396226048469543, -0.5318219661712646, 0.015839335729402517, 0.004276426974684, -0.013886143453419209, -0.00018603888747747988, -0.005409423727542162, 0.007706341799348593, 0.0002585960610304028, 1.0]
pred step=531 action=[[-0.5150855183601379, 2.1122989654541016, 1.798371434211731, -0.8915789127349854, 0.5382091999053955, -0.5326935648918152, -0.04040372371673584, 0.00494818389415741, -0.015049934387207031, 0.000697404146194458, -0.006363227963447571, 0.008014991879463196, 0.00010203372221440077, 1.0155160427093506]] left_gripper=-0.04040372371673584 right_gripper=1.0155160427093506
update step=532 qpos=[-0.5151267647743225, 2.1111037731170654, 1.7989654541015625, -0.8926577568054199, 0.5383682250976562, -0.5325549244880676, 0.011456160888903664, 0.004868647549301386, -0.014915388077497482, 0.0006019994034431875, -0.0062367054633796215, 0.00797461997717619, 0.00012195989984320477, 1.0]
pred step=532 action=[[-0.5198060274124146, 2.1141839027404785, 1.8009167909622192, -0.8901197910308838, 0.5365082025527954, -0.5395107865333557, -0.03911346197128296, 0.00437949737533927, -0.015282660722732544, 0.002729564905166626, -0.005487978458404541, 0.0077224597334861755, 0.0008324467344209552, 1.0151779651641846]] left_gripper=-0.03911346197128296 right_gripper=1.0151779651641846
update step=533 qpos=[-0.5192606449127197, 2.113832950592041, 1.800673007965088, -0.8904339671134949, 0.5367152094841003, -0.5385961532592773, 0.01399080486002343, 0.00443743821233511, -0.015248419716954231, 0.002502813935279846, -0.005571346264332533, 0.007755412254482508, 0.0007418915047310293, 1.0]
pred step=533 action=[[-0.5201911330223083, 2.1098220348358154, 1.7966493368148804, -0.8908411264419556, 0.5379160046577454, -0.5380988121032715, -0.03535568714141846, 0.004273880738765001, -0.01373329758644104, 0.0001296699047088623, -0.0048838406801223755, 0.007601946592330933, 8.279143366962671e-05, 1.0153825283050537]] left_gripper=-0.03535568714141846 right_gripper=1.0153825283050537
update step=534 qpos=[-0.5200161337852478, 2.1103086471557617, 1.7970902919769287, -0.8908249139785767, 0.5377706289291382, -0.5381340384483337, 0.01168376577811108, 0.004293518140912056, -0.01389420498162508, 0.00036006313166581094, -0.004991557449102402, 0.007621566765010357, 0.00016686016169842333, 1.0]
pred step=534 action=[[-0.5172582268714905, 2.1175901889801025, 1.7872257232666016, -0.8772438764572144, 0.5373818874359131, -0.5410130620002747, -0.03482109308242798, 0.004889453295618296, -0.014511317014694214, 0.0012508034706115723, -0.005958274006843567, 0.0072300732135772705, -0.0002082207938656211, 1.014620304107666]] left_gripper=-0.03482109308242798 right_gripper=1.014620304107666
update step=535 qpos=[-0.5176011323928833, 2.116523027420044, 1.7885863780975342, -0.8789467811584473, 0.5374455451965332, -0.5406171679496765, 0.010091874641538764, 0.004820255097001791, -0.014448356814682484, 0.0011735050939023495, -0.005825101863592863, 0.007278312463313341, -0.00016051559941843152, 1.0]
pred step=535 action=[[-0.522307813167572, 2.120180368423462, 1.7938730716705322, -0.873242974281311, 0.5332493782043457, -0.5476434826850891, -0.035586416721343994, 0.004597530234605074, -0.014395296573638916, 0.004373818635940552, -0.005431041121482849, 0.007710151374340057, 0.0008874895283952355, 1.0145182609558105]] left_gripper=-0.035586416721343994 right_gripper=1.0145182609558105
update step=536 qpos=[-0.5218137502670288, 2.1198244094848633, 1.7932075262069702, -0.8739513754844666, 0.5337677001953125, -0.5467159152030945, 0.013131799914494702, 0.004622732289135456, -0.014414723962545395, 0.004030867014080286, -0.0054643121547997, 0.00765610858798027, 0.0007539070211350918, 1.0]
pred step=536 action=[[-0.5223221182823181, 2.12080717086792, 1.7840938568115234, -0.860924243927002, 0.5304492115974426, -0.5514495372772217, -0.03434544801712036, 0.004789922386407852, -0.01645505428314209, 0.002611875534057617, -0.005449071526527405, 0.007327534258365631, 7.282756268978119e-05, 1.0146147012710571]] left_gripper=-0.03434544801712036 right_gripper=1.0146147012710571
update step=537 qpos=[-0.5221569538116455, 2.1205806732177734, 1.7853245735168457, -0.8625575304031372, 0.5308635830879211, -0.5508221983909607, 0.010521233750990138, 0.004771011415868998, -0.016200637444853783, 0.0027455564122647047, -0.005462166387587786, 0.00736868055537343, 0.00015967655053827912, 1.0]
pred step=537 action=[[-0.5214787125587463, 2.124115467071533, 1.7810364961624146, -0.8551262617111206, 0.529691219329834, -0.5527483820915222, -0.029792070388793945, 0.00485314941033721, -0.015089452266693115, 0.004052996635437012, -0.005912527441978455, 0.007073119282722473, 0.0003110862453468144, 1.0143510103225708]] left_gripper=-0.029792070388793945 right_gripper=1.0143510103225708
update step=538 qpos=[-0.5215631127357483, 2.1235973834991455, 1.781633973121643, -0.8560543656349182, 0.5298482775688171, -0.5524743795394897, 0.010689022723171439, 0.004844134673476219, -0.015226860530674458, 0.003912653774023056, -0.005849200766533613, 0.007110297679901123, 0.0002917204983532429, 1.0]
pred step=538 action=[[-0.5238461494445801, 2.1255974769592285, 1.777678370475769, -0.846572995185852, 0.5271661877632141, -0.5552965402603149, -0.0275917649269104, 0.005223443266004324, -0.01637759804725647, 0.004322618246078491, -0.00687234103679657, 0.007484130561351776, 0.00030918943230062723, 1.0146058797836304]] left_gripper=-0.0275917649269104 right_gripper=1.0146058797836304
update step=539 qpos=[-0.523500382900238, 2.125246524810791, 1.7782796621322632, -0.8477410674095154, 0.5274918079376221, -0.5549105405807495, 0.0110441174806544, 0.005178125575184822, -0.016240194439888, 0.0042716264724731445, -0.006741293705999851, 0.007436102256178856, 0.0003069553931709379, 1.0]
pred step=539 action=[[-0.5277281999588013, 2.1298389434814453, 1.7773743867874146, -0.8379055261611938, 0.5227782130241394, -0.5640206336975098, -0.021443307399749756, 0.0052422997541725636, -0.016746878623962402, 0.004486769437789917, -0.005716413259506226, 0.006999589502811432, 0.00040768698090687394, 1.015014410018921]] left_gripper=-0.021443307399749756 right_gripper=1.015014410018921
update step=540 qpos=[-0.5272104144096375, 2.129257917404175, 1.7775473594665527, -0.8391251564025879, 0.5233752727508545, -0.5628311634063721, 0.0116523357970571, 0.005235687363892794, -0.01668963022530079, 0.004468669183552265, -0.005843861494213343, 0.007054664194583893, 0.0003948133089579642, 1.0]
pred step=540 action=[[-0.5272676944732666, 2.1323530673980713, 1.7727532386779785, -0.8310228586196899, 0.5197274684906006, -0.5657147169113159, -0.016911804676055908, 0.005619758274406195, -0.017544984817504883, 0.006779670715332031, -0.00696931779384613, 0.007211223244667053, 0.0006243429379537702, 1.0140554904937744]] left_gripper=-0.016911804676055908 right_gripper=1.0140554904937744
update step=541 qpos=[-0.5272348523139954, 2.13179349899292, 1.773471713066101, -0.8320246934890747, 0.52023845911026, -0.5653181672096252, 0.009807172348653822, 0.0055742827244102955, -0.01745116338133812, 0.006526148412376642, -0.006814978551119566, 0.0071906656958162785, 0.0005950563354417682, 1.0]
pred step=541 action=[[-0.5261277556419373, 2.1354117393493652, 1.7662423849105835, -0.8218942880630493, 0.5195178389549255, -0.5667233467102051, -0.013966917991638184, 0.005864808801561594, -0.017973989248275757, 0.007539421319961548, -0.007335379719734192, 0.006840497255325317, 0.00046851171646267176, 1.0140044689178467]] left_gripper=-0.013966917991638184 right_gripper=1.0140044689178467
update step=542 qpos=[-0.5262466073036194, 2.134784460067749, 1.767285943031311, -0.8231415748596191, 0.5196354389190674, -0.5665175914764404, 0.009506299105231403, 0.005831492133438587, -0.017910078167915344, 0.007413807790726423, -0.0072683291509747505, 0.006884154863655567, 0.0004846053780056536, 1.0]
pred step=542 action=[[-0.5268246531486511, 2.136258602142334, 1.7672306299209595, -0.8187137842178345, 0.5165258646011353, -0.5694933533668518, -0.008402049541473389, 0.005810145288705826, -0.01938459277153015, 0.008414477109909058, -0.007821321487426758, 0.0068311020731925964, 0.0007907415856607258, 1.0142742395401]] left_gripper=-0.008402049541473389 right_gripper=1.0142742395401
update step=543 qpos=[-0.5267630219459534, 2.1360538005828857, 1.7672905921936035, -0.8192466497421265, 0.5169222354888916, -0.5690876841545105, 0.009944018559461384, 0.005812741816043854, -0.019212722778320312, 0.00830334983766079, -0.007745783310383558, 0.006837862078100443, 0.0007517041522078216, 1.0]
pred step=543 action=[[-0.5264864563941956, 2.135186195373535, 1.7531218528747559, -0.7988775968551636, 0.5118668079376221, -0.5753013491630554, -0.0013408064842224121, 0.006076164077967405, -0.019999325275421143, 0.009420543909072876, -0.00850541889667511, 0.006431989371776581, 0.00033862347481772304, 1.014298439025879]] left_gripper=-0.0013408064842224121 right_gripper=1.014298439025879
update step=544 qpos=[-0.5265318751335144, 2.1351685523986816, 1.7550010681152344, -0.801435112953186, 0.512535572052002, -0.5744855999946594, 0.009791130748473929, 0.006046095862984657, -0.01990729756653309, 0.009290605783462524, -0.00840525422245264, 0.0064827073365449905, 0.0003912525426130742, 1.0]
pred step=544 action=[[-0.5300342440605164, 2.135660171508789, 1.7550383806228638, -0.7955119609832764, 0.5097465515136719, -0.579948902130127, 0.0071680545806884766, 0.00591695960611105, -0.020373106002807617, 0.010453134775161743, -0.00845201313495636, 0.006604880094528198, 0.0008992165676318109, 1.0143767595291138]] left_gripper=0.0071680545806884766 right_gripper=1.0143767595291138
update step=545 qpos=[-0.5296194553375244, 2.135620594024658, 1.7550309896469116, -0.7962642908096313, 0.5100876688957214, -0.579223096370697, 0.010942859864897191, 0.005931853782385588, -0.020320717245340347, 0.010322838090360165, -0.008441228419542313, 0.006589725613594055, 0.0008344540256075561, 1.0]
pred step=545 action=[[-0.5273458361625671, 2.1338911056518555, 1.7412185668945312, -0.7799865007400513, 0.5060833096504211, -0.5832065343856812, 0.01388847827911377, 0.006001050118356943, -0.021772146224975586, 0.011128604412078857, -0.008654400706291199, 0.006288804113864899, 0.00040095887379720807, 1.0142059326171875]] left_gripper=0.01388847827911377 right_gripper=1.0142059326171875
update step=546 qpos=[-0.5276035070419312, 2.1340346336364746, 1.7429579496383667, -0.782074511051178, 0.5065993070602417, -0.5826714634895325, 0.013888478279113778, 0.005993540398776531, -0.021602047607302666, 0.011038001626729965, -0.008623190224170685, 0.006326664704829454, 0.00045622786274179816, 1.0]
pred step=546 action=[[-0.5265384912490845, 2.135796546936035, 1.7369036674499512, -0.7736105918884277, 0.5038834810256958, -0.583909273147583, 0.024363577365875244, 0.006409723777323961, -0.023263126611709595, 0.011233091354370117, -0.009278014302253723, 0.0062997788190841675, 0.0002475067740306258, 1.014115810394287]] left_gripper=0.024363577365875244 right_gripper=1.014115810394287
update step=547 qpos=[-0.526666522026062, 2.135510206222534, 1.737727165222168, -0.7746618986129761, 0.5042174458503723, -0.5837303996086121, 0.024363577365875258, 0.006360907573252916, -0.02306518703699112, 0.0112058836966753, -0.00919430237263441, 0.006302299443632364, 0.0002740547352004796, 1.0]
pred step=547 action=[[-0.5276108384132385, 2.134666919708252, 1.7351430654525757, -0.7699655890464783, 0.5012883543968201, -0.5881029963493347, 0.03128993511199951, 0.006234609521925449, -0.023930639028549194, 0.012795239686965942, -0.008732602000236511, 0.00641246885061264, 0.0005283255013637245, 1.0136061906814575]] left_gripper=0.03128993511199951 right_gripper=1.0136061906814575
update step=548 qpos=[-0.5275130867958069, 2.134826183319092, 1.7354196310043335, -0.7705777287483215, 0.5016444325447083, -0.5875193476676941, 0.0312899351119995, 0.006249218247830868, -0.023836424574255943, 0.012629027478396893, -0.008781139738857746, 0.006398823577910662, 0.0004959180951118469, 1.0]
pred step=548 action=[[-0.5288631916046143, 2.1341748237609863, 1.732657790184021, -0.7652302980422974, 0.5006871223449707, -0.5911644697189331, 0.0362585186958313, 0.006235073320567608, -0.02372315526008606, 0.013599246740341187, -0.008714407682418823, 0.006350390613079071, 0.0006702262908220291, 1.0137306451797485]] left_gripper=0.0362585186958313 right_gripper=1.0137306451797485
update step=549 qpos=[-0.5286751985549927, 2.134308338165283, 1.7329760789871216, -0.7659127712249756, 0.5007851719856262, -0.5906782150268555, 0.036258518695831285, 0.006236805580556393, -0.02373536303639412, 0.01348090823739767, -0.008721836842596531, 0.006356568541377783, 0.0006480137817561626, 1.0]
pred step=549 action=[[-0.5286254286766052, 2.133572578430176, 1.729525089263916, -0.7599470615386963, 0.49892908334732056, -0.5926369428634644, 0.04261654615402222, 0.00621012831106782, -0.02430310845375061, 0.013967186212539673, -0.00852617621421814, 0.006251156330108643, 0.0005877116927877069, 1.0137338638305664]] left_gripper=0.04261654615402222 right_gripper=1.0137338638305664
update step=550 qpos=[-0.5286312699317932, 2.133707284927368, 1.7299084663391113, -0.7607273459434509, 0.49915722012519836, -0.5923618078231812, 0.04261654615402223, 0.006213474553078413, -0.024236660450696945, 0.013911980204284191, -0.008548942394554615, 0.006264525465667248, 0.0005954049411229789, 1.0]
pred step=550 action=[[-0.5085920691490173, 2.152034044265747, 1.635854721069336, -0.7288438081741333, 0.4718136787414551, -0.5011797547340393, 0.4565962255001068, 0.007343429606407881, -0.025761693716049194, -0.0013035237789154053, -0.0003944486379623413, 0.01055958867073059, 0.004231835249811411, 1.009202480316162]] left_gripper=0.4565962255001068 right_gripper=1.009202480316162
update step=551 qpos=[-0.5108534693717957, 2.1486823558807373, 1.648084282875061, -0.7328904271125793, 0.4753309488296509, -0.5128158330917358, 0.45659622550010676, 0.007201510947197676, -0.025528768077492714, 0.0003591607674024999, -0.0015013605589047074, 0.010014894418418407, 0.003768390975892544, 1.0]
pred step=551 action=[[-0.511841356754303, 2.1497464179992676, 1.6374589204788208, -0.7314111590385437, 0.4712750315666199, -0.5023518800735474, 0.475111722946167, 0.007617698982357979, -0.025901466608047485, -0.001491636037826538, -0.0005702078342437744, 0.010368652641773224, 0.004091054201126099, 1.0089720487594604]] left_gripper=0.475111722946167 right_gripper=1.0089720487594604
update step=552 qpos=[-0.511844277381897, 2.149402141571045, 1.6388049125671387, -0.7316359877586365, 0.47175222635269165, -0.5036763548851013, 0.4751117229461671, 0.007567957043647766, -0.025886384770274162, -0.0011950983898714185, -0.0006699652876704931, 0.010323455557227135, 0.004050089977681637, 1.0]
pred step=552 action=[[-0.5140735507011414, 2.1487584114074707, 1.6390228271484375, -0.7345853447914124, 0.4693496823310852, -0.5044974684715271, 0.49114397168159485, 0.007527969777584076, -0.026569455862045288, -0.002284407615661621, -0.000589028000831604, 0.010459348559379578, 0.004053139593452215, 1.008474349975586]] left_gripper=0.49114397168159485 right_gripper=1.008474349975586
update step=553 qpos=[-0.5137025713920593, 2.148848056793213, 1.6389487981796265, -0.7342309951782227, 0.46964195370674133, -0.5043931603431702, 0.49114397168159485, 0.0075324238277971745, -0.026488879695534706, -0.0021547749638557434, -0.0006008819327689707, 0.010442272759974003, 0.00405278243124485, 1.0]
pred step=553 action=[[-0.5178514719009399, 2.1442008018493652, 1.6392335891723633, -0.7404763102531433, 0.46596193313598633, -0.5064241290092468, 0.5163191556930542, 0.0072397394105792046, -0.027379274368286133, -0.003432929515838623, -0.0005638301372528076, 0.01043122261762619, 0.0038504870608448982, 1.0079351663589478]] left_gripper=0.5163191556930542 right_gripper=1.0079351663589478
update step=554 qpos=[-0.5173611044883728, 2.1447806358337402, 1.6391409635543823, -0.7397066354751587, 0.46643030643463135, -0.5061659812927246, 0.5163191556930542, 0.007274138741195202, -0.027271850034594536, -0.0032872636802494526, -0.0005721787456423044, 0.01043319795280695, 0.003876308212056756, 1.0]
pred step=554 action=[[-0.5222974419593811, 2.1407389640808105, 1.641046166419983, -0.7463182210922241, 0.46058112382888794, -0.50755774974823, 0.5576903223991394, 0.007006789091974497, -0.027705907821655273, -0.0040340423583984375, 0.00044536590576171875, 0.010176509618759155, 0.0032962304539978504, 1.0071409940719604]] left_gripper=0.5576903223991394 right_gripper=1.0071409940719604
update step=555 qpos=[-0.5216888189315796, 2.1412689685821533, 1.6407489776611328, -0.7454976439476013, 0.4613225758075714, -0.5073814988136292, 0.5576903223991394, 0.007038724143058062, -0.02765682525932789, -0.003939514979720116, 0.00031646405113860965, 0.010209431871771812, 0.0033701895736157894, 1.0]
pred step=555 action=[[-0.5274707078933716, 2.132180690765381, 1.6352125406265259, -0.7527943849563599, 0.4524942636489868, -0.5097004175186157, 0.6055446863174438, 0.00629403255879879, -0.028964072465896606, -0.005467742681503296, 0.00038717687129974365, 0.009887345135211945, 0.0031750937923789024, 1.0055946111679077]] left_gripper=0.6055446863174438 right_gripper=1.0055946111679077
update step=556 qpos=[-0.5267555713653564, 2.1333048343658447, 1.635778546333313, -0.7519255876541138, 0.4536135196685791, -0.5094062685966492, 0.6055446863174438, 0.0063821314834058285, -0.028805233538150787, -0.00529780238866806, 0.00037288269959390163, 0.009929516352713108, 0.00319999223574996, 1.0]
pred step=556 action=[[-0.5307341814041138, 2.133486747741699, 1.6467894315719604, -0.7666956186294556, 0.44757407903671265, -0.509587287902832, 0.6516405940055847, 0.007506391033530235, -0.02744486927986145, -0.007945030927658081, -0.0005875974893569946, 0.010192111134529114, 0.0023865289986133575, 1.005293846130371]] left_gripper=0.6516405940055847 right_gripper=1.005293846130371
update step=557 qpos=[-0.5302033424377441, 2.1335325241088867, 1.6453739404678345, -0.7648157477378845, 0.44833582639694214, -0.5095656514167786, 0.6516405940055847, 0.007373853586614132, -0.02759307622909546, -0.007668083533644676, -0.0004823447670787573, 0.010156547650694847, 0.0024901339784264565, 1.0]
pred step=557 action=[[-0.5349099040031433, 2.126450300216675, 1.6413387060165405, -0.7679170370101929, 0.44033747911453247, -0.5114918351173401, 0.6888552904129028, 0.0070174564607441425, -0.029425740242004395, -0.007983088493347168, 0.0007699429988861084, 0.010005943477153778, 0.0024856501258909702, 1.0044152736663818]] left_gripper=0.6888552904129028 right_gripper=1.0044152736663818
update step=558 qpos=[-0.5343531370162964, 2.127291440963745, 1.6417909860610962, -0.7675554752349854, 0.44135454297065735, -0.5112468004226685, 0.6888552904129028, 0.00705970311537385, -0.029221806675195694, -0.007908466272056103, 0.0006218231283128262, 0.010025708004832268, 0.002486213343217969, 1.0]
pred step=558 action=[[-0.5406064987182617, 2.1338348388671875, 1.6522563695907593, -0.7725055813789368, 0.43226903676986694, -0.5147505402565002, 0.7403213977813721, 0.007829605601727962, -0.027643918991088867, -0.009227067232131958, -0.0010141432285308838, 0.010496050119400024, 0.00151294213719666, 1.0048394203186035]] left_gripper=0.7403213977813721 right_gripper=1.0048394203186035
update step=559 qpos=[-0.5398382544517517, 2.133047103881836, 1.6510207653045654, -0.7718326449394226, 0.4334234595298767, -0.5143033266067505, 0.7403213977813721, 0.007738365791738033, -0.027817433699965477, -0.009109266102313995, -0.0008207825012505054, 0.010434920899569988, 0.0016369755612686276, 1.0]
pred step=559 action=[[-0.5454462766647339, 2.1271679401397705, 1.6560614109039307, -0.7749749422073364, 0.41809380054473877, -0.5217323899269104, 0.7985609173774719, 0.007891536690294743, -0.030400753021240234, -0.011294394731521606, -0.0013057440519332886, 0.010986752808094025, 0.0012461849255487323, 1.0030525922775269]] left_gripper=0.7985609173774719 right_gripper=1.0030525922775269
update step=560 qpos=[-0.5447234511375427, 2.1279680728912354, 1.655385971069336, -0.7745824456214905, 0.42003339529037476, -0.5207858085632324, 0.7985609173774719, 0.007872506976127625, -0.030093619599938393, -0.011037284508347511, -0.0012474050745368004, 0.010916683822870255, 0.0012959842570126057, 1.0]
pred step=560 action=[[-0.5551175475120544, 2.129126787185669, 1.6662461757659912, -0.7910104990005493, 0.3949747681617737, -0.5134734511375427, 0.8867406845092773, 0.008927000686526299, -0.0340057909488678, -0.012439906597137451, -0.0002032071352005005, 0.010630503296852112, 1.3810582458972931e-05, 1.0061637163162231]] left_gripper=0.8867406845092773 right_gripper=1.0061637163162231
update step=561 qpos=[-0.5538832545280457, 2.1290595531463623, 1.664841651916504, -0.7889197468757629, 0.3981563448905945, -0.5144076943397522, 0.8867406845092773, 0.008803809061646461, -0.033548254519701004, -0.012257525697350502, -0.00033145572524517775, 0.010664459317922592, 0.0001771503157215193, 1.0]
pred step=561 action=[[-0.5509021878242493, 2.131385087966919, 1.6682350635528564, -0.7965558767318726, 0.3905676007270813, -0.5143354535102844, 0.8866557478904724, 0.00829761940985918, -0.03354346752166748, -0.011185437440872192, 0.0002682209014892578, 0.011774115264415741, -0.0010366827482357621, 1.0072975158691406]] left_gripper=0.8866557478904724 right_gripper=1.0072975158691406
update step=562 qpos=[-0.5510667562484741, 2.131088972091675, 1.6678134202957153, -0.7955819964408875, 0.39151349663734436, -0.5143462419509888, 0.8866557478904724, 0.008355115540325642, -0.03355036675930023, -0.011297053657472134, 0.0001986919523915276, 0.01163469348102808, -0.0008818689384497702, 1.0]
pred step=562 action=[[-0.5522333979606628, 2.1199772357940674, 1.667773962020874, -0.7994592189788818, 0.37615257501602173, -0.5106819272041321, 0.9323834180831909, 0.007589831482619047, -0.03820273280143738, -0.012959867715835571, 0.00011393427848815918, 0.010621294379234314, -0.0007810977986082435, 1.0066068172454834]] left_gripper=0.9323834180831909 right_gripper=1.0066068172454834
update step=563 qpos=[-0.5521647334098816, 2.1214146614074707, 1.667670726776123, -0.7990064024925232, 0.3781033754348755, -0.511150062084198, 0.9323834180831909, 0.0076815844513475895, -0.037646882236003876, -0.012774481438100338, 0.00012143262574682012, 0.010751035995781422, -0.0007939855568110943, 1.0]
pred step=563 action=[[-0.556311845779419, 2.100252628326416, 1.6702828407287598, -0.8000411987304688, 0.3476077914237976, -0.5046622157096863, 0.9967454671859741, 0.0072987983003258705, -0.04306763410568237, -0.013108313083648682, -0.00011886656284332275, 0.01061788946390152, -0.0013210101751610637, 1.007124662399292]] left_gripper=0.9967454671859741 right_gripper=1.007124662399292
update step=564 qpos=[-0.555820107460022, 2.1031110286712646, 1.6697399616241455, -0.7999692559242249, 0.3514697253704071, -0.5054910182952881, 0.9967454671859741, 0.007343844976276159, -0.04243220016360283, -0.013050899840891361, -7.990695303305984e-05, 0.010635409504175186, -0.0012537731090560555, 1.0]
pred step=564 action=[[-0.5546396374702454, 2.0835564136505127, 1.6652239561080933, -0.8029701709747314, 0.3329126834869385, -0.4993589222431183, 1.0168938636779785, 0.006274196784943342, -0.041176438331604004, -0.012368947267532349, -0.0021224766969680786, 0.01118866354227066, -0.0017864826368167996, 1.0074504613876343]] left_gripper=1.0168938636779785 right_gripper=1.0074504613876343
update step=565 qpos=[-0.5547100305557251, 2.086162567138672, 1.6655364036560059, -0.8026759028434753, 0.3352528512477875, -0.5001433491706848, 1.0, 0.006398787256330252, -0.04131924733519554, -0.012469694018363953, -0.0018678143387660384, 0.01112079992890358, -0.001718460931442678, 1.0]
pred step=565 action=[[-0.5476763844490051, 2.0654096603393555, 1.654174566268921, -0.800529956817627, 0.3302942216396332, -0.49811092019081116, 1.0178624391555786, 0.005274990573525429, -0.04109472036361694, -0.01696622371673584, -0.0010913163423538208, 0.010610826313495636, -0.0015542079927399755, 1.007468342781067]] left_gripper=1.0178624391555786 right_gripper=1.007468342781067
update step=566 qpos=[-0.5484670400619507, 2.0680830478668213, 1.655361533164978, -0.8009008169174194, 0.33091044425964355, -0.4983721971511841, 1.0, 0.0054079084657132626, -0.04110291972756386, -0.016483375802636147, -0.0012138248421251774, 0.010677596554160118, -0.0015751023311167955, 1.0]
pred step=566 action=[[-0.5383661985397339, 2.047193765640259, 1.6520347595214844, -0.8022006750106812, 0.3082273006439209, -0.49224576354026794, 1.0300155878067017, 0.0036492059007287025, -0.042138367891311646, -0.017515867948532104, 0.0004653334617614746, 0.010803401470184326, -0.003499008249491453, 1.0080980062484741]] left_gripper=1.0300155878067017 right_gripper=1.0080980062484741
update step=567 qpos=[-0.5395357608795166, 2.0499441623687744, 1.652227520942688, -0.8021127581596375, 0.31109127402305603, -0.49302956461906433, 1.0, 0.00385550269857049, -0.04202816262841225, -0.017358871176838875, 0.00026023853570222855, 0.010790824890136719, -0.0032535260543227196, 1.0]
pred step=567 action=[[-0.5258663892745972, 2.0045793056488037, 1.63670015335083, -0.8070396184921265, 0.2891732454299927, -0.47539883852005005, 1.0406938791275024, 0.001068001613020897, -0.040697306394577026, -0.020552068948745728, 0.0024812817573547363, 0.00903521478176117, -0.0043764179572463036, 1.0096958875656128]] left_gripper=1.0406938791275024 right_gripper=1.0096958875656128
update step=568 qpos=[-0.5274582505226135, 2.0103859901428223, 1.638190507888794, -0.8066007494926453, 0.2919341027736664, -0.47765132784843445, 1.0, 0.0013989642029628158, -0.04084421694278717, -0.02020440623164177, 0.002182704396545887, 0.009262592531740665, -0.004233193583786488, 1.0]
pred step=568 action=[[-0.510269820690155, 1.9569958448410034, 1.6275051832199097, -0.784072995185852, 0.2677624225616455, -0.46501338481903076, 1.0520203113555908, -0.0013709906488656998, -0.03593754768371582, -0.024701088666915894, -0.0010642707347869873, 0.006029859185218811, -0.005459284409880638, 1.0075562000274658]] left_gripper=1.0520203113555908 right_gripper=1.0075562000274658
update step=569 qpos=[-0.5122494101524353, 1.9640923738479614, 1.6283866167068481, -0.787078320980072, 0.27080175280570984, -0.4666271209716797, 1.0, -0.0010390528477728367, -0.036492589861154556, -0.02424250915646553, -0.0006853155791759491, 0.006443744990974665, -0.005302976816892624, 1.0]
pred step=569 action=[[-0.4863121211528778, 1.8816815614700317, 1.5777549743652344, -0.7735041379928589, 0.24218618869781494, -0.43774089217185974, 1.049796462059021, -0.0043905992060899734, -0.027150094509124756, -0.02200847864151001, 0.004292905330657959, 0.0017267093062400818, -0.005204947665333748, 1.0087361335754395]] left_gripper=1.049796462059021 right_gripper=1.0087361335754395
update step=570 qpos=[-0.4891580641269684, 1.8920620679855347, 1.5832974910736084, -0.7755895853042603, 0.2457699179649353, -0.4414314329624176, 1.0, -0.003987601492553949, -0.028284678235650063, -0.02219826728105545, 0.0036783991381525993, 0.0023295022547245026, -0.005217466037720442, 1.0]
pred step=570 action=[[-0.47531619668006897, 1.8886491060256958, 1.5759016275405884, -0.7831159830093384, 0.23091313242912292, -0.4374316334724426, 1.0373272895812988, -0.0054147010669112206, -0.03640228509902954, -0.01957792043685913, 0.002181023359298706, 0.0010420233011245728, -0.00859732273966074, 1.0093692541122437]] left_gripper=1.0373272895812988 right_gripper=1.0093692541122437
update step=571 qpos=[-0.47711560130119324, 1.8893340826034546, 1.5765355825424194, -0.7822405099868774, 0.23279669880867004, -0.43794211745262146, 1.0, -0.0052446783520281315, -0.0354563370347023, -0.019835760816931725, 0.0023979153484106064, 0.0012070058146491647, -0.008166336454451084, 1.0]
pred step=571 action=[[-0.44567087292671204, 1.811777949333191, 1.5442644357681274, -0.7603013515472412, 0.20768091082572937, -0.4081982374191284, 1.038139820098877, -0.009165083989501, -0.020923346281051636, -0.02413240075111389, 0.0006220191717147827, -0.004684098064899445, -0.009753244929015636, 1.0073809623718262]] left_gripper=1.038139820098877 right_gripper=1.0073809623718262
update step=572 qpos=[-0.448940634727478, 1.8212528228759766, 1.5479917526245117, -0.7632825374603271, 0.21080191433429718, -0.41199782490730286, 1.0, -0.008692010305821896, -0.022589873522520065, -0.023784315213561058, 0.0007826539222151041, -0.003931952174752951, -0.009551092982292175, 1.0]
pred step=572 action=[[-0.43674877285957336, 1.7766916751861572, 1.5242189168930054, -0.7457631826400757, 0.18300865590572357, -0.41029810905456543, 1.0405590534210205, -0.010063592344522476, -0.008863270282745361, -0.01673850417137146, -0.004077881574630737, -0.006348572671413422, -0.010744278319180012, 1.0072494745254517]] left_gripper=1.0405590534210205 right_gripper=1.0072494745254517
update step=573 qpos=[-0.4383242726325989, 1.7826652526855469, 1.5265545845031738, -0.748206615447998, 0.18652978539466858, -0.41051575541496277, 1.0, -0.009897752664983273, -0.010517189279198647, -0.01749662309885025, -0.0034341916907578707, -0.006040820386260748, -0.01059222687035799, 1.0]
pred step=573 action=[[-0.3974530100822449, 1.6853270530700684, 1.4648791551589966, -0.7237080931663513, 0.15988503396511078, -0.3721753656864166, 1.0263378620147705, -0.01498158648610115, 0.020453155040740967, -0.015933245420455933, -0.01302783191204071, -0.014023594558238983, -0.013247405178844929, 1.0052800178527832]] left_gripper=1.0263378620147705 right_gripper=1.0052800178527832
update step=574 qpos=[-0.40155452489852905, 1.6970996856689453, 1.4719703197479248, -0.7271760106086731, 0.1631554365158081, -0.37707632780075073, 1.0, -0.014367405325174332, 0.016845200210809708, -0.016288554295897484, -0.011876094155013561, -0.013004729524254799, -0.0129088731482625, 1.0]
pred step=574 action=[[-0.3841436505317688, 1.685205340385437, 1.47157621383667, -0.7176082134246826, 0.15614815056324005, -0.3737804889678955, 1.0209470987319946, -0.013880038633942604, 0.017863720655441284, -0.005375295877456665, -0.011014610528945923, -0.015925750136375427, -0.01505177840590477, 1.0085625648498535]] left_gripper=1.0209470987319946 right_gripper=1.0085625648498535
update step=575 qpos=[-0.3862852454185486, 1.6872371435165405, 1.4712315797805786, -0.7189001441001892, 0.15702512860298157, -0.374200701713562, 1.0, -0.013931564055383205, 0.017667140811681747, -0.0064409454353153706, -0.011039172299206257, -0.015558233484625816, -0.014778932556509972, 1.0]
pred step=575 action=[[-0.34209829568862915, 1.5976485013961792, 1.4149994850158691, -0.6920766830444336, 0.12495188415050507, -0.3431243896484375, 1.007498860359192, -0.018377140164375305, 0.0449424684047699, -0.0012729763984680176, -0.018557444214820862, -0.023297946900129318, -0.019732991233468056, 1.00930655002594]] left_gripper=1.007498860359192 right_gripper=1.00930655002594
update step=576 qpos=[-0.3465431332588196, 1.6082682609558105, 1.421612024307251, -0.6957733035087585, 0.12889733910560608, -0.34709951281547546, 1.0, -0.017837975174188614, 0.04177301004528999, -0.002058271784335375, -0.01765909418463707, -0.022311320528388023, -0.01910136640071869, 1.0]
pred step=576 action=[[-0.3615078032016754, 1.6129525899887085, 1.4217368364334106, -0.6912788152694702, 0.13583117723464966, -0.3527277112007141, 1.0172523260116577, -0.017192494124174118, 0.03846770524978638, -0.0018019676208496094, -0.011854752898216248, -0.02092648297548294, -0.015893777832388878, 1.0089566707611084]] left_gripper=1.0172523260116577 right_gripper=1.0089566707611084
update step=577 qpos=[-0.3602380156517029, 1.6129807233810425, 1.4213652610778809, -0.6918991208076477, 0.1350162774324417, -0.3520030081272125, 1.0, -0.017272289842367172, 0.03882869333028793, -0.0017314594006165862, -0.012562339194118977, -0.021102866157889366, -0.016302993521094322, 1.0]
pred step=577 action=[[-0.31407061219215393, 1.5159022808074951, 1.3561689853668213, -0.662572979927063, 0.09733718633651733, -0.3209742605686188, 1.000600814819336, -0.023966364562511444, 0.08095172047615051, 0.031515806913375854, -0.03285592794418335, -0.03099370002746582, -0.025589879602193832, 1.0072882175445557]] left_gripper=1.000600814819336 right_gripper=1.0072882175445557
update step=578 qpos=[-0.31849992275238037, 1.5270723104476929, 1.3640377521514893, -0.6665860414505005, 0.10195362567901611, -0.3249468505382538, 1.0, -0.023158375173807144, 0.07592105865478516, 0.027679478749632835, -0.03020625002682209, -0.029730750247836113, -0.02440524287521839, 1.0]
pred step=578 action=[[-0.2801472246646881, 1.461699366569519, 1.3195980787277222, -0.6453114748001099, 0.08406010270118713, -0.300374299287796, 0.9912487268447876, -0.028682559728622437, 0.10882574319839478, 0.022784173488616943, -0.036738425493240356, -0.036723095923662186, -0.02877984195947647, 1.0070003271102905]] left_gripper=0.9912487268447876 right_gripper=1.0070003271102905
update step=579 qpos=[-0.28425589203834534, 1.4699091911315918, 1.3243687152862549, -0.6483303308486938, 0.08623217791318893, -0.3035165071487427, 0.9912487268447876, -0.028019875288009644, 0.10506529361009598, 0.02303539589047432, -0.036035023629665375, -0.0358283594250679, -0.0282221008092165, 1.0]
pred step=579 action=[[-0.2749871611595154, 1.469283103942871, 1.3334323167800903, -0.6388610005378723, 0.08508619666099548, -0.303354412317276, 0.9965663552284241, -0.029681764543056488, 0.1125582754611969, 0.03487914800643921, -0.03732144832611084, -0.03901122510433197, -0.03218516334891319, 1.0073351860046387]] left_gripper=0.9965663552284241 right_gripper=1.0073351860046387
update step=580 qpos=[-0.2760903537273407, 1.4697109460830688, 1.3321828842163086, -0.640055775642395, 0.08522115647792816, -0.30337467789649963, 0.9965663552284241, -0.029480338096618652, 0.11158601194620132, 0.033724021166563034, -0.03706929087638855, -0.03860628232359886, -0.03168003633618355, 1.0]
pred step=580 action=[[-0.24322867393493652, 1.3958183526992798, 1.279021143913269, -0.6172673106193542, 0.06881207972764969, -0.275155633687973, 0.984874427318573, -0.03413284197449684, 0.13315153121948242, 0.03847646713256836, -0.04791708290576935, -0.04499500244855881, -0.0353737510740757, 1.005560040473938]] left_gripper=0.984874427318573 right_gripper=1.005560040473938
update step=581 qpos=[-0.2466239184141159, 1.404348611831665, 1.285291314125061, -0.6204250454902649, 0.07079238444566727, -0.2787639796733856, 0.9848744273185729, -0.03357329219579697, 0.13066157698631287, 0.03775080293416977, -0.04658817499876022, -0.04417812451720238, -0.034902576357126236, 1.0]
pred step=581 action=[[-0.22096556425094604, 1.3493441343307495, 1.23764169216156, -0.5956207513809204, 0.05107685551047325, -0.2617586553096771, 0.9812848567962646, -0.04077427461743355, 0.1598254144191742, 0.06510412693023682, -0.06082436442375183, -0.050922833383083344, -0.043788593262434006, 1.0052984952926636]] left_gripper=0.9812848567962646 right_gripper=1.0052984952926636
update step=582 qpos=[-0.2236986607313156, 1.3560529947280884, 1.24295973777771, -0.5990498661994934, 0.05350426957011223, -0.2639334797859192, 0.9812848567962646, -0.03991478681564331, 0.1563108116388321, 0.062046486884355545, -0.05892510339617729, -0.05005654692649841, -0.04265492036938667, 1.0]
pred step=582 action=[[-0.19333112239837646, 1.3066973686218262, 1.2070457935333252, -0.5821633338928223, 0.04353362321853638, -0.24179357290267944, 0.9762052297592163, -0.041866205632686615, 0.18165747821331024, 0.062390267848968506, -0.0662045031785965, -0.05510784685611725, -0.04366851598024368, 1.0041788816452026]] left_gripper=0.9762052297592163 right_gripper=1.0041788816452026
update step=583 qpos=[-0.19659066200256348, 1.3125159740447998, 1.211147665977478, -0.5845077037811279, 0.044710639864206314, -0.2446243017911911, 0.9762052297592163, -0.041627634316682816, 0.1787610501050949, 0.06210879236459732, -0.06536298245191574, -0.054464902728796005, -0.04353943467140198, 1.0]
pred step=583 action=[[-0.1920756995677948, 1.3085606098175049, 1.2047677040100098, -0.5753173828125, 0.03911278396844864, -0.24739500880241394, 0.9809476733207703, -0.043631333857774734, 0.19768835604190826, 0.0890432745218277, -0.07544095814228058, -0.05500632897019386, -0.04933633282780647, 1.0045125484466553]] left_gripper=0.9809476733207703 right_gripper=1.0045125484466553
update step=584 qpos=[-0.1925859898328781, 1.3092718124389648, 1.2053489685058594, -0.5765383839607239, 0.0398135706782341, -0.24704179167747498, 0.9809476733207703, -0.043394479900598526, 0.19535252451896667, 0.08613090217113495, -0.07403672486543655, -0.05493459850549698, -0.04859677329659462, 1.0]
pred step=584 action=[[-0.17349043488502502, 1.2759112119674683, 1.1813263893127441, -0.5618846416473389, 0.032142236828804016, -0.23329871892929077, 0.9813095927238464, -0.04807500168681145, 0.2213362604379654, 0.09392337501049042, -0.08401045203208923, -0.060422133654356, -0.052582427859306335, 1.0036067962646484]] left_gripper=0.9813095927238464 right_gripper=1.0036067962646484
update step=585 qpos=[-0.1755383014678955, 1.279686450958252, 1.1842048168182373, -0.5638485550880432, 0.033058781176805496, -0.23505660891532898, 0.9813095927238464, -0.04751430079340935, 0.21835221350193024, 0.09279946237802505, -0.08279810845851898, -0.05971834808588028, -0.05207380652427673, 1.0]
pred step=585 action=[[-0.15618078410625458, 1.243440866470337, 1.148807406425476, -0.5568207502365112, 0.028813712298870087, -0.21598777174949646, 0.9708904027938843, -0.049766551703214645, 0.22629936039447784, 0.10490672290325165, -0.09124155342578888, -0.06273241341114044, -0.05394507944583893, 1.0009371042251587]] left_gripper=0.9708904027938843 right_gripper=1.0009371042251587
update step=586 qpos=[-0.15829098224639893, 1.247724175453186, 1.1527851819992065, -0.5579158067703247, 0.029296457767486572, -0.21842430531978607, 0.9708904027938843, -0.0494963712990284, 0.22532707452774048, 0.10357315838336945, -0.09011981636285782, -0.06234723702073097, -0.05370635911822319, 1.0]
pred step=586 action=[[-0.1489170789718628, 1.2352310419082642, 1.147331714630127, -0.5474046468734741, 0.025748997926712036, -0.21532148122787476, 0.9755964875221252, -0.05131763964891434, 0.23888741433620453, 0.10378898680210114, -0.09065417945384979, -0.06514245271682739, -0.05577221140265465, 1.0028239488601685]] left_gripper=0.9755964875221252 right_gripper=1.0028239488601685
update step=587 qpos=[-0.14994698762893677, 1.2367240190505981, 1.1479597091674805, -0.5487680435180664, 0.02617403119802475, -0.21571850776672363, 0.9755964875221254, -0.0510982945561409, 0.23733387887477875, 0.10365535318851471, -0.09062407165765762, -0.06478505581617355, -0.05550862476229668, 1.0]
pred step=587 action=[[-0.14063522219657898, 1.2138326168060303, 1.12358820438385, -0.5395019054412842, 0.01851338893175125, -0.20538198947906494, 0.9704188704490662, -0.0546131394803524, 0.24785244464874268, 0.12502388656139374, -0.10148300975561142, -0.06701993197202682, -0.06018645688891411, 0.9992638826370239]] left_gripper=0.9704188704490662 right_gripper=0.9992638826370239
update step=588 qpos=[-0.14164286851882935, 1.2165311574935913, 1.126358151435852, -0.5408047437667847, 0.019457262009382248, -0.20670288801193237, 0.9704188704490662, -0.05419572442770004, 0.24654057621955872, 0.12268421053886414, -0.10000920295715332, -0.06673082709312439, -0.05958949401974678, 0.9992638826370239]
pred step=588 action=[[-0.13336308300495148, 1.206557273864746, 1.1215094327926636, -0.5324769020080566, 0.015282116830348969, -0.20656409859657288, 0.9755396842956543, -0.05657469853758812, 0.26300519704818726, 0.13310015201568604, -0.10565882176160812, -0.06853017210960388, -0.06370929628610611, 1.0001449584960938]] left_gripper=0.9755396842956543 right_gripper=1.0001449584960938
update step=589 qpos=[-0.13426725566387177, 1.207723617553711, 1.1220871210098267, -0.5335549116134644, 0.01578788459300995, -0.20658345520496368, 0.9755396842956543, -0.056291863322257996, 0.2611030638217926, 0.1317831128835678, -0.10495077818632126, -0.06829764693975449, -0.06318368762731552, 1.0]
pred step=589 action=[[-0.11827469617128372, 1.1835870742797852, 1.1035829782485962, -0.5258135795593262, 0.011423595249652863, -0.19476690888404846, 0.9727033376693726, -0.05678066983819008, 0.27828508615493774, 0.13886360824108124, -0.11249523609876633, -0.07123015820980072, -0.06417390704154968, 0.9990878701210022]] left_gripper=0.9727033376693726 right_gripper=0.9990878701210022
update step=590 qpos=[-0.12002689391374588, 1.186389446258545, 1.10570228099823, -0.5268955826759338, 0.011930515058338642, -0.19627806544303894, 0.9727033376693726, -0.056717365980148315, 0.276285320520401, 0.13797494769096375, -0.11154422163963318, -0.07085801661014557, -0.06404763460159302, 0.9990878701210022]
pred step=590 action=[[-0.10740689188241959, 1.1745134592056274, 1.0933234691619873, -0.5216317176818848, 0.009511657059192657, -0.18553465604782104, 0.9725449681282043, -0.05967503413558006, 0.2903658449649811, 0.14717315137386322, -0.11923760175704956, -0.07445880025625229, -0.06716058403253555, 0.9979020357131958]] left_gripper=0.9725449681282043 right_gripper=0.9979020357131958
update step=591 qpos=[-0.1088036373257637, 1.175958514213562, 1.094691514968872, -0.5223715901374817, 0.00978356134146452, -0.18690729141235352, 0.9725449681282043, -0.05932018533349037, 0.2887036204338074, 0.14610347151756287, -0.11824192106723785, -0.07399749755859375, -0.06676320731639862, 0.9979020357131958]
pred step=591 action=[[-0.09653317928314209, 1.1557457447052002, 1.0724976062774658, -0.5152538418769836, 0.00426357239484787, -0.17541943490505219, 0.9690889716148376, -0.060519393533468246, 0.30536317825317383, 0.15675245225429535, -0.1255292296409607, -0.07607241719961166, -0.06854463368654251, 0.9945498704910278]] left_gripper=0.9690889716148376 right_gripper=0.9945498704910278
update step=592 qpos=[-0.09788138419389725, 1.1580499410629272, 1.0750741958618164, -0.5162591338157654, 0.004928108770400286, -0.17688724398612976, 0.9690889716148376, -0.06037464365363121, 0.30340492725372314, 0.15549585223197937, -0.12458713352680206, -0.07580739259719849, -0.06831725686788559, 0.9945498704910278]
pred step=592 action=[[-0.09941785782575607, 1.1607637405395508, 1.0812716484069824, -0.5183297395706177, 0.003019869327545166, -0.18116982281208038, 0.9742777347564697, -0.06022338941693306, 0.31055948138237, 0.15923140943050385, -0.12480095773935318, -0.07597927749156952, -0.06976281106472015, 0.9950946569442749]] left_gripper=0.9742777347564697 right_gripper=0.9950946569442749
update step=593 qpos=[-0.09924484044313431, 1.1604663133621216, 1.0805383920669556, -0.5180444121360779, 0.0032660234719514847, -0.18062280118465424, 0.9742777347564698, -0.06024075672030449, 0.3097246289253235, 0.1587868630886078, -0.1247701346874237, -0.07595779001712799, -0.06957849860191345, 0.995094656944275]
pred step=593 action=[[-0.08478200435638428, 1.1477956771850586, 1.0701905488967896, -0.5120487213134766, 0.0005029886960983276, -0.17096222937107086, 0.9730884432792664, -0.061714526265859604, 0.3254828453063965, 0.16486431658267975, -0.13136911392211914, -0.07803654670715332, -0.07114400714635849, 0.9927520155906677]] left_gripper=0.9730884432792664 right_gripper=0.9927520155906677
update step=594 qpos=[-0.08637888729572296, 1.1492525339126587, 1.0713980197906494, -0.5128584504127502, 0.0008118701516650617, -0.1721980720758438, 0.9730884432792664, -0.06153726205229759, 0.32364776730537415, 0.16410526633262634, -0.1305352747440338, -0.07777011394500732, -0.07094406336545944, 0.9927520155906677]
pred step=594 action=[[-0.07439254224300385, 1.1404446363449097, 1.0595029592514038, -0.5084241032600403, -0.00023865699768066406, -0.16173049807548523, 0.9705177545547485, -0.06277799606323242, 0.3311130106449127, 0.17147918045520782, -0.1362534612417221, -0.07989049702882767, -0.07296930253505707, 0.9913784861564636]] left_gripper=0.9705177545547485 right_gripper=0.9913784861564636
update step=595 qpos=[-0.07572785764932632, 1.1414982080459595, 1.0608447790145874, -0.5090466141700745, -0.0001382183691021055, -0.16306783258914948, 0.9705177545547485, -0.06262780725955963, 0.3302222490310669, 0.17064456641674042, -0.1355038583278656, -0.07961998134851456, -0.07271088659763336, 0.9913784861564636]
pred step=595 action=[[-0.06908313184976578, 1.1364898681640625, 1.056154727935791, -0.5065609812736511, -0.0016814470291137695, -0.1576405167579651, 0.9699912071228027, -0.06397052109241486, 0.339712917804718, 0.1749376803636551, -0.1395460069179535, -0.08118250221014023, -0.07430917024612427, 0.9907768964767456]] left_gripper=0.9699912071228027 right_gripper=0.9907768964767456
update step=596 qpos=[-0.06982237100601196, 1.1370443105697632, 1.056718111038208, -0.5068936347961426, -0.001503757550381124, -0.1583336740732193, 0.9699912071228027, -0.06380978226661682, 0.3386135697364807, 0.17439532279968262, -0.13903677463531494, -0.08098193258047104, -0.0741051509976387, 0.9907768964767456]
pred step=596 action=[[-0.06588616967201233, 1.1383942365646362, 1.0574971437454224, -0.5073134899139404, -0.0014191120862960815, -0.15658268332481384, 0.9707059860229492, -0.06332625448703766, 0.3434460461139679, 0.17523065209388733, -0.13949380815029144, -0.08133386075496674, -0.07387977838516235, 0.9905432462692261]] left_gripper=0.9707059860229492 right_gripper=0.9905432462692261
update step=597 qpos=[-0.06632687896490097, 1.1382567882537842, 1.0573920011520386, -0.5072591304779053, -0.0014402737142518163, -0.1568066030740738, 0.9707059860229492, -0.06338249891996384, 0.34288474917411804, 0.17512288689613342, -0.1394387036561966, -0.08129018545150757, -0.07390861213207245, 0.9905432462692261]
pred step=597 action=[[-0.06304040551185608, 1.1348824501037598, 1.0546785593032837, -0.5058810710906982, -0.00287792831659317, -0.15413841605186462, 0.9707168340682983, -0.06419752538204193, 0.35095638036727905, 0.17986610531806946, -0.14255404472351074, -0.08256489783525467, -0.07518497109413147, 0.9898034334182739]] left_gripper=0.9707168340682983 right_gripper=0.9898034334182739
update step=598 qpos=[-0.06340383738279343, 1.1352550983428955, 1.0550062656402588, -0.5060663819313049, -0.0027047910261899233, -0.15447944402694702, 0.9707168340682983, -0.06409907341003418, 0.3500041961669922, 0.17931781709194183, -0.1421474665403366, -0.0824018344283104, -0.07502198219299316, 0.9898034334182739]
pred step=598 action=[[-0.05952204763889313, 1.137213110923767, 1.0546042919158936, -0.505316972732544, -0.0031395405530929565, -0.15236952900886536, 0.9701789021492004, -0.06412665545940399, 0.35541194677352905, 0.1826256364583969, -0.14408543705940247, -0.08310553431510925, -0.07569277286529541, 0.9891816973686218]] left_gripper=0.9701789021492004 right_gripper=0.9891816973686218
update step=599 qpos=[-0.0599546879529953, 1.137010931968689, 1.0546376705169678, -0.5054136514663696, -0.003094928804785013, -0.15263937413692474, 0.9701789021492004, -0.06412193924188614, 0.3547790050506592, 0.18223413825035095, -0.14383433759212494, -0.08301641047000885, -0.07560722529888153, 0.9891816973686218]
pred step=599 action=[[-0.05775963515043259, 1.1405484676361084, 1.058558464050293, -0.5086138844490051, -0.002844184637069702, -0.1512003093957901, 0.9706598520278931, -0.06359776854515076, 0.3535305857658386, 0.18080046772956848, -0.1431828886270523, -0.0826542004942894, -0.07519557327032089, 0.9890325665473938]] left_gripper=0.9706598520278931 right_gripper=0.9890325665473938
update step=600 qpos=[-0.05800607427954674, 1.1401218175888062, 1.058113694190979, -0.5081885457038879, -0.002881635446101427, -0.1513841450214386, 0.9706598520278931, -0.06365998089313507, 0.3536835312843323, 0.18095743656158447, -0.1432720422744751, -0.08270113915205002, -0.07524818927049637, 0.9890325665473938]
pred step=600 action=[[-0.1272883415222168, 1.297619104385376, 1.0305418968200684, -0.48743772506713867, -0.023662343621253967, -0.11770716309547424, 1.010338544845581, -0.02249602973461151, 0.1685868352651596, 0.13638994097709656, -0.10302568227052689, -0.017532646656036377, -0.04588380083441734, 1.0048147439956665]] left_gripper=1.010338544845581 right_gripper=1.0048147439956665
update step=601 qpos=[-0.11933788657188416, 1.2805384397506714, 1.0341777801513672, -0.4897725284099579, -0.020867420360445976, -0.12198672443628311, 1.0, -0.02745917998254299, 0.19162176549434662, 0.14235298335552216, -0.10798155516386032, -0.025860777124762535, -0.04963379353284836, 1.0]
pred step=601 action=[[-0.12773510813713074, 1.305564045906067, 1.0370653867721558, -0.4928808808326721, -0.023752883076667786, -0.11695888638496399, 1.0105650424957275, -0.022829782217741013, 0.16296571493148804, 0.13117185235023499, -0.09897999465465546, -0.01654258370399475, -0.04592688009142876, 1.0050008296966553]] left_gripper=1.0105650424957275 right_gripper=1.0050008296966553
update step=602 qpos=[-0.126750186085701, 1.3009968996047974, 1.0382856130599976, -0.492096871137619, -0.023376943543553352, -0.11759655177593231, 1.0, -0.02338770218193531, 0.16639700531959534, 0.1322494000196457, -0.10019778460264206, -0.017726518213748932, -0.04639836400747299, 1.0]
pred step=602 action=[[-0.12781935930252075, 1.3273812532424927, 1.0597820281982422, -0.504726767539978, -0.021544158458709717, -0.11756742745637894, 1.0103259086608887, -0.022493228316307068, 0.14456531405448914, 0.11969971656799316, -0.08971939980983734, -0.013794772326946259, -0.04461397975683212, 1.0052446126937866]] left_gripper=1.0103259086608887 right_gripper=1.0052446126937866
update step=603 qpos=[-0.12769842147827148, 1.3242955207824707, 1.0573359727859497, -0.5030105113983154, -0.021774273365736008, -0.11757034063339233, 1.0, -0.022606492042541504, 0.1471344530582428, 0.12117576599121094, -0.09106873720884323, -0.014292881824076176, -0.04484127461910248, 1.0]
pred step=603 action=[[-0.1308135837316513, 1.3654896020889282, 1.0964876413345337, -0.5272905826568604, -0.021323978900909424, -0.11572928726673126, 1.0115010738372803, -0.022833693772554398, 0.12291210889816284, 0.10326668620109558, -0.07842971384525299, -0.010396264493465424, -0.04248359799385071, 1.0067204236984253]] left_gripper=1.0115010738372803 right_gripper=1.0067204236984253
update step=604 qpos=[-0.13047222793102264, 1.3606833219528198, 1.0919852256774902, -0.5240204334259033, -0.02137209102511406, -0.1159626767039299, 1.0, -0.0228160060942173, 0.12577153742313385, 0.10536166280508041, -0.08006765693426132, -0.010887743905186653, -0.04278392717242241, 1.0]
pred step=604 action=[[-0.1297508180141449, 1.390697956085205, 1.1187326908111572, -0.5415029525756836, -0.01999141275882721, -0.11646823585033417, 1.012263298034668, -0.022516287863254547, 0.10523760318756104, 0.08926065266132355, -0.07134805619716644, -0.007599234580993652, -0.04080742597579956, 1.0073504447937012]] left_gripper=1.012263298034668 right_gripper=1.0073504447937012
update step=605 qpos=[-0.12982715666294098, 1.387154221534729, 1.1156880855560303, -0.5391466021537781, -0.020168205723166466, -0.1164034828543663, 1.0, -0.02255922183394432, 0.10765887051820755, 0.09115207195281982, -0.07248229533433914, -0.008014928549528122, -0.041059210896492004, 1.0]
pred step=605 action=[[-0.13111889362335205, 1.4217727184295654, 1.150335669517517, -0.561560869216919, -0.01927967369556427, -0.11480528116226196, 1.013835072517395, -0.02247447893023491, 0.09200972318649292, 0.0790848433971405, -0.0629531741142273, -0.005930803716182709, -0.038116130977869034, 1.0081781148910522]] left_gripper=1.013835072517395 right_gripper=1.0081781148910522
update step=606 qpos=[-0.13098211586475372, 1.417696237564087, 1.1463563442230225, -0.5585481524467468, -0.01938781887292862, -0.11500823497772217, 1.0, -0.02248966693878174, 0.09384366869926453, 0.0805370956659317, -0.06417360156774521, -0.006193713750690222, -0.038491178303956985, 1.0]
pred step=606 action=[[-0.13185708224773407, 1.4670755863189697, 1.1911615133285522, -0.5807420611381531, -0.020287275314331055, -0.11465466022491455, 1.017303228378296, -0.02203734964132309, 0.07050803303718567, 0.0652572512626648, -0.05727332830429077, -0.0028643980622291565, -0.03609051555395126, 1.008750557899475]] left_gripper=1.017303228378296 right_gripper=1.008750557899475
update step=607 qpos=[-0.1317562758922577, 1.461296796798706, 1.1860357522964478, -0.5776899456977844, -0.020170243456959724, -0.1146988645195961, 1.0, -0.022098267450928688, 0.07326570153236389, 0.06704916059970856, -0.058172933757305145, -0.003285601269453764, -0.0363963283598423, 1.0]
pred step=607 action=[[-0.13116157054901123, 1.4871498346328735, 1.2140462398529053, -0.597403883934021, -0.021797016263008118, -0.11567670851945877, 1.0180778503417969, -0.02170402742922306, 0.06437575817108154, 0.05844762921333313, -0.05319155752658844, -0.001881033182144165, -0.033664457499980927, 1.0092425346374512]] left_gripper=1.0180778503417969 right_gripper=1.0092425346374512
update step=608 qpos=[-0.13121788203716278, 1.4839913845062256, 1.210888147354126, -0.5947563648223877, -0.021592730656266212, -0.11555188149213791, 1.0, -0.02175389789044857, 0.06542161107063293, 0.059465471655130386, -0.053836971521377563, -0.0020587395410984755, -0.03401261195540428, 1.0]
pred step=608 action=[[-0.13466712832450867, 1.528725028038025, 1.2512433528900146, -0.6151769161224365, -0.016784533858299255, -0.1179625391960144, 1.023010015487671, -0.02024185098707676, 0.05832993984222412, 0.05425664782524109, -0.04645663499832153, -0.0024092718958854675, -0.03180602937936783, 1.0100500583648682]] left_gripper=1.023010015487671 right_gripper=1.0100500583648682
update step=609 qpos=[-0.1343095451593399, 1.5234949588775635, 1.2466017007827759, -0.6123738288879395, -0.01738365739583969, -0.11765357851982117, 1.0, -0.020419105887413025, 0.059151869267225266, 0.054914455860853195, -0.04738945886492729, -0.0023675912525504827, -0.032087408006191254, 1.0]
pred step=609 action=[[-0.13430184125900269, 1.5445594787597656, 1.2665313482284546, -0.6263977289199829, -0.016768425703048706, -0.11842644214630127, 1.0250155925750732, -0.019749483093619347, 0.048936665058135986, 0.04918333888053894, -0.04379676282405853, -0.0023806989192962646, -0.030285535380244255, 1.0100054740905762]] left_gripper=1.0250155925750732 right_gripper=1.0100054740905762
update step=610 qpos=[-0.1342877745628357, 1.5419418811798096, 1.2643241882324219, -0.6245017647743225, -0.016847865656018257, -0.11832787841558456, 1.0, -0.019828274846076965, 0.05014347657561302, 0.04986005276441574, -0.04425905644893646, -0.0023802013602107763, -0.030515247955918312, 1.0]
pred step=610 action=[[-0.13672035932540894, 1.582053780555725, 1.297784447669983, -0.6433242559432983, -0.017150312662124634, -0.11720073223114014, 1.0285972356796265, -0.019443437457084656, 0.039837807416915894, 0.043089359998703, -0.040995582938194275, -0.001684330403804779, -0.028612608090043068, 1.0108808279037476]] left_gripper=1.0285972356796265 right_gripper=1.0108808279037476
update step=611 qpos=[-0.13645973801612854, 1.5773224830627441, 1.2939481735229492, -0.6407521963119507, -0.017105061560869217, -0.11734338849782944, 1.0, -0.019490450620651245, 0.041058726608753204, 0.043879035860300064, -0.04142111539840698, -0.0017728045349940658, -0.028855109587311745, 1.0]
pred step=611 action=[[-0.13658639788627625, 1.610478162765503, 1.3252689838409424, -0.6615554094314575, -0.019663125276565552, -0.11933395266532898, 1.0295679569244385, -0.01857500523328781, 0.033421099185943604, 0.03707936406135559, -0.035220712423324585, -0.0008056461811065674, -0.02700107730925083, 1.0118011236190796]] left_gripper=1.0295679569244385 right_gripper=1.0118011236190796
update step=612 qpos=[-0.13655345141887665, 1.6064174175262451, 1.3217428922653198, -0.6587403416633606, -0.01934005320072174, -0.1190798431634903, 1.0, -0.018684901297092438, 0.03432203084230423, 0.037887100130319595, -0.036017242819070816, -0.0009294047486037016, -0.027237407863140106, 1.0]
pred step=612 action=[[-0.1373921036720276, 1.6347064971923828, 1.345550537109375, -0.6701805591583252, -0.020600616931915283, -0.11764656007289886, 1.0326881408691406, -0.01850997656583786, 0.023986011743545532, 0.03385522961616516, -0.03430114686489105, -0.00012727081775665283, -0.026073915883898735, 1.0120099782943726]] left_gripper=1.0326881408691406 right_gripper=1.0120099782943726
update step=613 qpos=[-0.13730135560035706, 1.6312847137451172, 1.3428797721862793, -0.6685848832130432, -0.020438261330127716, -0.1178288534283638, 1.0, -0.01853245310485363, 0.0251990407705307, 0.03435421735048294, -0.034514375030994415, -0.0002287648676428944, -0.026222137734293938, 1.0]
pred step=613 action=[[-0.14291849732398987, 1.6731853485107422, 1.3770935535430908, -0.6817015409469604, -0.019204482436180115, -0.12114091962575912, 1.035171389579773, -0.01750870980322361, 0.020196855068206787, 0.029322803020477295, -0.029065176844596863, -2.6747584342956543e-05, -0.0248462725430727, 1.012345314025879]] left_gripper=1.035171389579773 right_gripper=1.012345314025879
update step=614 qpos=[-0.14232046902179718, 1.6681476831436157, 1.3732529878616333, -0.6798228025436401, -0.019347382709383965, -0.12071669101715088, 1.0, -0.017629625275731087, 0.020790573209524155, 0.02990994043648243, -0.02976737916469574, -5.408477954915725e-05, -0.02502172626554966, 1.0]
pred step=614 action=[[-0.14205913245677948, 1.691589593887329, 1.3969725370407104, -0.6925314664840698, -0.018051356077194214, -0.1205962523818016, 1.0342659950256348, -0.01660901866853237, 0.01903441548347473, 0.024099677801132202, -0.0272320955991745, 0.0014848262071609497, -0.02398151159286499, 1.0132620334625244]] left_gripper=1.0342659950256348 right_gripper=1.0132620334625244
update step=615 qpos=[-0.1420470029115677, 1.6886464357376099, 1.394341230392456, -0.6907773017883301, -0.018220344558358192, -0.12061183899641037, 1.0, -0.016732055693864822, 0.019255073741078377, 0.02475079894065857, -0.02757548727095127, 0.0012883965391665697, -0.0241140928119421, 1.0]
pred step=615 action=[[-0.14258426427841187, 1.7130786180496216, 1.4109055995941162, -0.7067762613296509, -0.020272284746170044, -0.11856929957866669, 1.0363755226135254, -0.01659676618874073, 0.007514238357543945, 0.020261645317077637, -0.025081053376197815, 0.0022971704602241516, -0.02240666002035141, 1.0125651359558105]] left_gripper=1.0363755226135254 right_gripper=1.0125651359558105
update step=616 qpos=[-0.14252443611621857, 1.7101104259490967, 1.4090183973312378, -0.7046507596969604, -0.020010560750961304, -0.11882941424846649, 1.0, -0.016615165397524834, 0.008887840434908867, 0.02083631232380867, -0.025387302041053772, 0.002169775078073144, -0.022624235600233078, 1.0]
pred step=616 action=[[-0.1426694691181183, 1.7352336645126343, 1.4331518411636353, -0.7181973457336426, -0.018562108278274536, -0.11748748272657394, 1.0383936166763306, -0.015885908156633377, 0.007086664438247681, 0.017125368118286133, -0.02250055968761444, 0.0022215843200683594, -0.021115481853485107, 1.013457179069519]] left_gripper=1.0383936166763306 right_gripper=1.013457179069519
update step=617 qpos=[-0.14265425503253937, 1.7321110963821411, 1.4304460287094116, -0.7163379788398743, -0.018745120614767075, -0.11765804886817932, 1.0, -0.015971889719367027, 0.007306505460292101, 0.01754147559404373, -0.02288038469851017, 0.0022138291969895363, -0.02130783349275589, 1.0]
pred step=617 action=[[-0.14497536420822144, 1.7593809366226196, 1.4522171020507812, -0.7272952795028687, -0.0204039067029953, -0.11961477994918823, 1.0402801036834717, -0.016033707186579704, 0.0041040778160095215, 0.015971124172210693, -0.018864110112190247, 0.00262364000082016, -0.021008025854825974, 1.0127360820770264]] left_gripper=1.0402801036834717 right_gripper=1.0127360820770264
update step=618 qpos=[-0.14472484588623047, 1.756055235862732, 1.4497694969177246, -0.7257700562477112, -0.02018837258219719, -0.11936444789171219, 1.0, -0.016027335077524185, 0.0044702449813485146, 0.016192510724067688, -0.019365618005394936, 0.0025720465928316116, -0.02104613557457924, 1.0]
pred step=618 action=[[-0.14344161748886108, 1.7779191732406616, 1.4689631462097168, -0.7391103506088257, -0.01994401216506958, -0.11865096539258957, 1.0409258604049683, -0.014704935252666473, 0.002318352460861206, 0.012662917375564575, -0.01733991503715515, 0.00292196124792099, -0.02024911344051361, 1.0128716230392456]] left_gripper=1.0409258604049683 right_gripper=1.0128716230392456
update step=619 qpos=[-0.1435546576976776, 1.7751803398132324, 1.4668145179748535, -0.7373048067092896, -0.01997981406748295, -0.11874222755432129, 1.0, -0.014861088246107101, 0.002583148190751672, 0.01305252593010664, -0.01761109009385109, 0.0028752032667398453, -0.020350834354758263, 1.0]
pred step=619 action=[[-0.14633014798164368, 1.7826491594314575, 1.4691017866134644, -0.7386882305145264, -0.021233558654785156, -0.11903086304664612, 1.039116382598877, -0.014245331287384033, 0.0004989206790924072, 0.011138767004013062, -0.017923370003700256, 0.0034683644771575928, -0.019710293039679527, 1.0130350589752197]] left_gripper=1.039116382598877 right_gripper=1.0130350589752197
update step=620 qpos=[-0.1460525393486023, 1.7816635370254517, 1.4689171314239502, -0.7384788990020752, -0.021067071706056595, -0.11899325251579285, 1.0, -0.01431879773736, 0.0007453348953276873, 0.011364922858774662, -0.017886226996779442, 0.0033922388684004545, -0.019791951403021812, 1.0]
pred step=620 action=[[-0.1492529660463333, 1.812835931777954, 1.4948629140853882, -0.7547273635864258, -0.02162821590900421, -0.11889145523309708, 1.0412728786468506, -0.013944553211331367, -0.00501897931098938, 0.006798535585403442, -0.01484718918800354, 0.0035820752382278442, -0.01853189431130886, 1.0132814645767212]] left_gripper=1.0412728786468506 right_gripper=1.0132814645767212
update step=621 qpos=[-0.1488877385854721, 1.8090436458587646, 1.4918986558914185, -0.7525172233581543, -0.021552639082074165, -0.11890362948179245, 1.0, -0.013989120721817017, -0.004334812983870506, 0.0073350355960428715, -0.015240312553942204, 0.003557547926902771, -0.018692538142204285, 1.0]
pred step=621 action=[[-0.14693456888198853, 1.8183683156967163, 1.5038731098175049, -0.7554057836532593, -0.019629716873168945, -0.1192210391163826, 1.0420715808868408, -0.013328904286026955, -0.0025172829627990723, 0.00771939754486084, -0.013553276658058167, 0.003364376723766327, -0.018634477630257607, 1.0136170387268066]] left_gripper=1.0420715808868408 right_gripper=1.0136170387268066
update step=622 qpos=[-0.14710520207881927, 1.8171333074569702, 1.5025768280029297, -0.7549623250961304, -0.019880926236510277, -0.1191810593008995, 1.0, -0.013405965641140938, -0.0027411384508013725, 0.007694324478507042, -0.013762217946350574, 0.003387486794963479, -0.018641896545886993, 1.0]
pred step=622 action=[[-0.15178492665290833, 1.8449642658233643, 1.5229578018188477, -0.7681359648704529, -0.02283395826816559, -0.11988649517297745, 1.0401451587677002, -0.012975646182894707, -0.010111302137374878, 0.0035711824893951416, -0.011788159608840942, 0.004837006330490112, -0.017461447045207024, 1.0139946937561035]] left_gripper=1.0401451587677002 right_gripper=1.0139946937561035
update step=623 qpos=[-0.15130873024463654, 1.8416008949279785, 1.5206234455108643, -0.7663431763648987, -0.022447479888796806, -0.11979518830776215, 1.0, -0.013029375113546848, -0.009233808144927025, 0.004048874136060476, -0.01204547006636858, 0.0046530840918421745, -0.01761189103126526, 1.0]
pred step=623 action=[[-0.1480623036623001, 1.8524843454360962, 1.534767985343933, -0.7742538452148438, -0.020566090941429138, -0.11628521978855133, 1.0415115356445312, -0.011970192193984985, -0.00867849588394165, 0.0032115578651428223, -0.011025756597518921, 0.004798516631126404, -0.017484242096543312, 1.014125108718872]] left_gripper=1.0415115356445312 right_gripper=1.014125108718872
update step=624 qpos=[-0.14834973216056824, 1.8510442972183228, 1.5331995487213135, -0.7731708288192749, -0.020816395059227943, -0.11673367768526077, 1.0, -0.012094843201339245, -0.00874616950750351, 0.0033119930885732174, -0.01115697342902422, 0.004778113216161728, -0.017500555142760277, 1.0]
pred step=624 action=[[-0.15402302145957947, 1.8751790523529053, 1.5470954179763794, -0.7791116237640381, -0.022838279604911804, -0.11815227568149567, 1.0393040180206299, -0.011356176808476448, -0.009237825870513916, 0.004128009080886841, -0.009566277265548706, 0.004570603370666504, -0.016225764527916908, 1.0139572620391846]] left_gripper=1.0393040180206299 right_gripper=1.0139572620391846
update step=625 qpos=[-0.1534622311592102, 1.872237205505371, 1.545555830001831, -0.7782536149024963, -0.022566331550478935, -0.11796953529119492, 1.0, -0.011442523449659348, -0.009189370088279247, 0.0040588583797216415, -0.00975864939391613, 0.00459549855440855, -0.016388369724154472, 1.0]
pred step=625 action=[[-0.15336114168167114, 1.890557885169983, 1.5620834827423096, -0.7887008190155029, -0.022529855370521545, -0.11916282773017883, 1.0395591259002686, -0.011073039844632149, -0.009207099676132202, 0.0013992786407470703, -0.00833292305469513, 0.004717253148555756, -0.016295218840241432, 1.0142236948013306]] left_gripper=1.0395591259002686 right_gripper=1.0142236948013306
update step=626 qpos=[-0.1532980501651764, 1.8881947994232178, 1.5602582693099976, -0.787273108959198, -0.02254173532128334, -0.11901113390922546, 1.0, -0.01111653447151184, -0.009191909804940224, 0.0016786367632448673, -0.00852970127016306, 0.0047010937705636024, -0.016307072713971138, 1.0]
pred step=626 action=[[-0.15365523099899292, 1.8986716270446777, 1.5696138143539429, -0.7911199331283569, -0.02159792184829712, -0.11793231219053268, 1.0407122373580933, -0.0103830024600029, -0.011449098587036133, -0.0010919272899627686, -0.008082911372184753, 0.005406662821769714, -0.015378499403595924, 1.014337182044983]] left_gripper=1.0407122373580933 right_gripper=1.014337182044983
update step=627 qpos=[-0.15362246334552765, 1.8973559141159058, 1.5685714483261108, -0.7905732989311218, -0.021716201677918434, -0.11806965619325638, 1.0, -0.010470730252563953, -0.011179666966199875, -0.0007693707593716681, -0.008145414292812347, 0.005316137336194515, -0.01549691241234541, 1.0]
pred step=627 action=[[-0.15589316189289093, 1.9070557355880737, 1.5764697790145874, -0.7983790636062622, -0.023219034075737, -0.11839786171913147, 1.0384396314620972, -0.009970055893063545, -0.010613501071929932, -0.0017019808292388916, -0.007623717188835144, 0.005625404417514801, -0.014942793175578117, 1.0142102241516113]] left_gripper=1.0384396314620972 right_gripper=1.0142102241516113
update step=628 qpos=[-0.1556461602449417, 1.9058305025100708, 1.575569987297058, -0.7973467111587524, -0.02302483841776848, -0.11835550516843796, 1.0, -0.010029463097453117, -0.010682327672839165, -0.0015880719292908907, -0.007691395003348589, 0.0055854120291769505, -0.01501342374831438, 1.0]
pred step=628 action=[[-0.15542957186698914, 1.934624195098877, 1.59953773021698, -0.8142400979995728, -0.024794071912765503, -0.11779429018497467, 1.034538984298706, -0.009357038885354996, -0.012221753597259521, -0.001578599214553833, -0.005720555782318115, 0.00555863231420517, -0.014197674579918385, 1.013999104499817]] left_gripper=1.034538984298706 right_gripper=1.013999104499817
update step=629 qpos=[-0.15541917085647583, 1.9310423135757446, 1.5968059301376343, -0.811960756778717, -0.024572834372520447, -0.11786587536334991, 1.0, -0.00943603552877903, -0.012048531323671341, -0.0015537269646301866, -0.005962648428976536, 0.005560792982578278, -0.014301713556051254, 1.0]
pred step=629 action=[[-0.15562865138053894, 1.9261754751205444, 1.5901647806167603, -0.807808518409729, -0.02451363205909729, -0.11813057959079742, 1.0354863405227661, -0.00999402068555355, -0.012230396270751953, -0.0009704828262329102, -0.006431087851524353, 0.005781009793281555, -0.01434735395014286, 1.0141874551773071]] left_gripper=1.0354863405227661 right_gripper=1.0141874551773071
update step=630 qpos=[-0.15561239421367645, 1.9266468286514282, 1.5910286903381348, -0.8083508014678955, -0.024520620703697205, -0.11809677630662918, 1.0, -0.009928831830620766, -0.012207919731736183, -0.0010430270340293646, -0.006370986346155405, 0.005754276178777218, -0.014341426081955433, 1.0]
pred step=630 action=[[-0.15500929951667786, 1.9348140954971313, 1.594772219657898, -0.8126767873764038, -0.025800704956054688, -0.1175897866487503, 1.0344293117523193, -0.00983707420527935, -0.01418033242225647, -0.003102719783782959, -0.006277233362197876, 0.006038188934326172, -0.014074839651584625, 1.0138845443725586]] left_gripper=1.0344293117523193 right_gripper=1.0138845443725586
update step=631 qpos=[-0.15506717562675476, 1.933821678161621, 1.5943396091461182, -0.8121035099029541, -0.025639832019805908, -0.11765454709529877, 1.0, -0.009848596528172493, -0.013938994146883488, -0.0028796030674129725, -0.0062979478389024734, 0.00600218353793025, -0.01410882268100977, 1.0]
pred step=631 action=[[-0.15855561196804047, 1.9637887477874756, 1.6197274923324585, -0.8237787485122681, -0.024235501885414124, -0.11693457514047623, 1.030640959739685, -0.00812586210668087, -0.016480475664138794, -0.00382155179977417, -0.004462450742721558, 0.005491852760314941, -0.013711300678551197, 1.0136165618896484]] left_gripper=1.030640959739685 right_gripper=1.0136165618896484
update step=632 qpos=[-0.15819701552391052, 1.9600518941879272, 1.616866946220398, -0.8221402764320374, -0.024405794218182564, -0.11702518910169601, 1.0, -0.008327217772603035, -0.016186967492103577, -0.0036895156372338533, -0.004690160509198904, 0.005552974063903093, -0.013762170448899269, 1.0]
pred step=632 action=[[-0.1576133668422699, 1.9758304357528687, 1.6313837766647339, -0.8298349380493164, -0.024761170148849487, -0.1142093688249588, 1.0285733938217163, -0.007382752373814583, -0.016232222318649292, -0.004129916429519653, -0.0031302422285079956, 0.0057230666279792786, -0.01296241395175457, 1.0144323110580444]] left_gripper=1.0285733938217163 right_gripper=1.0144323110580444
update step=633 qpos=[-0.15761852264404297, 1.9737958908081055, 1.629774570465088, -0.828769326210022, -0.024721793830394745, -0.11456873267889023, 1.0, -0.007493819575756788, -0.016227474436163902, -0.004077116027474403, -0.0033291256986558437, 0.005699689965695143, -0.01306444313377142, 1.0]
pred step=633 action=[[-0.15695743262767792, 1.9794321060180664, 1.632488489151001, -0.8332282304763794, -0.023743465542793274, -0.11587607860565186, 1.0277410745620728, -0.007946252822875977, -0.01287078857421875, -0.0026494860649108887, -0.0031704306602478027, 0.005377292633056641, -0.013160058297216892, 1.0138293504714966]] left_gripper=1.0277410745620728 right_gripper=1.0138293504714966
update step=634 qpos=[-0.15703968703746796, 1.9786829948425293, 1.6322060823440552, -0.8326424360275269, -0.023867739364504814, -0.11570921540260315, 1.0, -0.00789222214370966, -0.013270335271954536, -0.002813957631587982, -0.003188655013218522, 0.0054189180955290794, -0.013147803023457527, 1.0]
pred step=634 action=[[-0.15913347899913788, 1.9969786405563354, 1.6420199871063232, -0.838969349861145, -0.0263250470161438, -0.11602632701396942, 1.0244684219360352, -0.0074897147715091705, -0.015366196632385254, -0.0015444755554199219, -0.0019028782844543457, 0.004997372627258301, -0.013046287931501865, 1.0136438608169556]] left_gripper=1.0244684219360352 right_gripper=1.0136438608169556
update step=635 qpos=[-0.1589152216911316, 1.9946542978286743, 1.6409646272659302, -0.8380886912345886, -0.02600920759141445, -0.11598542332649231, 1.0, -0.0075362566858530045, -0.015127881430089474, -0.0016649262979626656, -0.0020537707023322582, 0.005049863364547491, -0.013059294782578945, 1.0]
pred step=635 action=[[-0.15477147698402405, 2.006208658218384, 1.6492551565170288, -0.8439798355102539, -0.024270281195640564, -0.11370167136192322, 1.0220915079116821, -0.0072653628885746, -0.015080630779266357, -0.003186732530593872, -0.0020480453968048096, 0.005432546138763428, -0.012957882136106491, 1.0135104656219482]] left_gripper=1.0220915079116821 right_gripper=1.0135104656219482
update step=636 qpos=[-0.1551837921142578, 2.0046842098236084, 1.6483665704727173, -0.8431739211082458, -0.02450012043118477, -0.11399365961551666, 1.0, -0.0072978525422513485, -0.015072965994477272, -0.003043798729777336, -0.0020623921882361174, 0.0053835902363061905, -0.012970815412700176, 1.0]
pred step=636 action=[[-0.1572774052619934, 2.0152454376220703, 1.658017635345459, -0.8489518165588379, -0.02494169771671295, -0.11306226253509521, 1.0185065269470215, -0.0065461620688438416, -0.0172041654586792, -0.005987703800201416, -0.0022544264793395996, 0.005805470049381256, -0.012651321478188038, 1.0137535333633423]] left_gripper=1.0185065269470215 right_gripper=1.0137535333633423
update step=637 qpos=[-0.1571199744939804, 2.0139095783233643, 1.6569228172302246, -0.8481640815734863, -0.024876300245523453, -0.11317989975214005, 1.0, -0.006635353900492191, -0.016945267096161842, -0.005656473804265261, -0.0022395746782422066, 0.005750699900090694, -0.012692100368440151, 1.0]
pred step=637 action=[[-0.1590030938386917, 2.035998582839966, 1.6739529371261597, -0.8596559762954712, -0.02664896845817566, -0.11277784407138824, 1.005951166152954, -0.005972761660814285, -0.017618387937545776, -0.003794163465499878, -0.0016426444053649902, 0.005169428884983063, -0.01224606204777956, 1.0142474174499512]] left_gripper=1.005951166152954 right_gripper=1.0142474174499512
update step=638 qpos=[-0.15876026451587677, 2.033202648162842, 1.6720352172851562, -0.8580946922302246, -0.02642454393208027, -0.11282887309789658, 1.0, -0.0060493736527860165, -0.017556188628077507, -0.00396754452958703, -0.0017008233116939664, 0.00524164829403162, -0.012303008697926998, 1.0]
pred step=638 action=[[-0.15838053822517395, 2.0467851161956787, 1.6826703548431396, -0.8692754507064819, -0.027165740728378296, -0.11549018323421478, 0.9996850490570068, -0.007348150014877319, -0.01514577865600586, -0.003553152084350586, -0.0014066249132156372, 0.00605832040309906, -0.012318434193730354, 1.0141146183013916]] left_gripper=0.9996850490570068 right_gripper=1.0141146183013916
update step=639 qpos=[-0.15839190781116486, 2.044997453689575, 1.6814864873886108, -0.8677971959114075, -0.027075270190835, -0.11515102535486221, 0.9996850490570068, -0.007197109516710043, -0.01542411558330059, -0.003622533520683646, -0.0014505689032375813, 0.005957636050879955, -0.012316269800066948, 1.0]
pred step=639 action=[[-0.15744800865650177, 2.058351755142212, 1.6914061307907104, -0.8715243339538574, -0.025869429111480713, -0.11215579509735107, 0.9967759847640991, -0.006048861891031265, -0.015446692705154419, -0.0031540393829345703, -0.0002241283655166626, 0.005534820258617401, -0.012091115117073059, 1.013965129852295]] left_gripper=0.9967759847640991 right_gripper=1.013965129852295
update step=640 qpos=[-0.15756098926067352, 2.056647539138794, 1.6903157234191895, -0.8709827065467834, -0.026022406294941902, -0.11253771185874939, 0.9967759847640991, -0.006183106452226639, -0.0154492212459445, -0.0031936666928231716, -0.00037461865576915443, 0.005586070008575916, -0.0121199581772089, 1.0]
pred step=640 action=[[-0.1577499508857727, 2.084636926651001, 1.7111769914627075, -0.8817441463470459, -0.02539907395839691, -0.11125484108924866, 0.9774402379989624, -0.005560426041483879, -0.01663994789123535, -0.003170192241668701, -0.0007735639810562134, 0.005766361951828003, -0.012089971452951431, 1.0133986473083496]] left_gripper=0.9774402379989624 right_gripper=1.0133986473083496
update step=641 qpos=[-0.15774327516555786, 2.081068277359009, 1.7088605165481567, -0.8802403807640076, -0.025476133450865746, -0.11141779273748398, 0.9774402379989624, -0.0056337350979447365, -0.016497492790222168, -0.003176675410941243, -0.0007228839094750583, 0.005742269568145275, -0.012093834578990936, 1.0]
pred step=641 action=[[-0.15781164169311523, 2.1020569801330566, 1.7237883806228638, -0.8887983560562134, -0.027542203664779663, -0.1110331267118454, 0.9672147631645203, -0.004950546659529209, -0.014992594718933105, -0.0031218528747558594, -0.0006094425916671753, 0.005480505526065826, -0.011142268776893616, 1.0138874053955078]] left_gripper=0.9672147631645203 right_gripper=1.0138874053955078
update step=642 qpos=[-0.15779569745063782, 2.0993189811706543, 1.7221657037734985, -0.8876088857650757, -0.027280688285827637, -0.11108199506998062, 0.9672147631645202, -0.0050302231684327126, -0.015168528072535992, -0.0031355053652077913, -0.0006268763681873679, 0.005512314848601818, -0.011263673193752766, 1.0]
pred step=642 action=[[-0.1576836109161377, 2.105586528778076, 1.7212285995483398, -0.8927159309387207, -0.025443628430366516, -0.11099768429994583, 0.9573769569396973, -0.005809729918837547, -0.01547291874885559, -0.003817826509475708, -0.0012427419424057007, 0.0060148686170578, -0.012334903702139854, 1.0131477117538452]] left_gripper=0.9573769569396973 right_gripper=1.0131477117538452
update step=643 qpos=[-0.15769965946674347, 2.104686975479126, 1.721412181854248, -0.8920574188232422, -0.025676758959889412, -0.11100835353136063, 0.9573769569396973, -0.005718974396586418, -0.015433763153851032, -0.003744866233319044, -0.0011678830487653613, 0.005952758248895407, -0.012198174372315407, 1.0]
pred step=643 action=[[-0.15892153978347778, 2.1135387420654297, 1.73336660861969, -0.898629903793335, -0.025373026728630066, -0.11230173707008362, 0.9477980136871338, -0.005718827247619629, -0.014512777328491211, -0.004963338375091553, 0.0003932267427444458, 0.005674146115779877, -0.011814777739346027, 1.0135561227798462]] left_gripper=0.9477980136871338 right_gripper=1.0135561227798462
update step=644 qpos=[-0.15878728032112122, 2.1124305725097656, 1.7319668531417847, -0.8977419137954712, -0.025409899652004242, -0.11213652789592743, 0.9477980136871338, -0.00571845006197691, -0.014620582573115826, -0.004822633694857359, 0.0001904491800814867, 0.00570945767685771, -0.011863728985190392, 1.0]
pred step=644 action=[[-0.1576046645641327, 2.1517629623413086, 1.767144799232483, -0.910000205039978, -0.024664804339408875, -0.1062675416469574, 0.9084745645523071, -0.0025104517117142677, -0.021593600511550903, -0.006184130907058716, 0.0005285888910293579, 0.004910759627819061, -0.010435967706143856, 1.0131620168685913]] left_gripper=0.9084745645523071 right_gripper=1.0131620168685913
update step=645 qpos=[-0.157716304063797, 2.146789073944092, 1.7631731033325195, -0.9082267880439758, -0.024761024862527847, -0.10701573640108109, 0.9084745645523071, -0.0028858394362032413, -0.020774932578206062, -0.006000691559165716, 0.0004941578954458237, 0.005005422979593277, -0.010618341155350208, 1.0]
pred step=645 action=[[-0.158115416765213, 2.14558744430542, 1.762250304222107, -0.9079617261886597, -0.02531297504901886, -0.10720818489789963, 0.9116665720939636, -0.0028221476823091507, -0.021731317043304443, -0.007353097200393677, 0.0002706199884414673, 0.005304872989654541, -0.010318531654775143, 1.012893795967102]] left_gripper=0.9116665720939636 right_gripper=1.012893795967102
update step=646 qpos=[-0.1580912470817566, 2.1456830501556396, 1.762395977973938, -0.9079943895339966, -0.025241084396839142, -0.10718318074941635, 0.9116665720939636, -0.002829726319760084, -0.021611053496599197, -0.007215592078864574, 0.00029065654962323606, 0.005266801919788122, -0.010356680490076542, 1.0]
pred step=646 action=[[-0.1579335629940033, 2.171051025390625, 1.7824150323867798, -0.91639244556427, -0.024580150842666626, -0.10662329196929932, 0.8766982555389404, -0.0023591741919517517, -0.021439164876937866, -0.007931411266326904, 0.000951036810874939, 0.004864580929279327, -0.009155143052339554, 1.0140539407730103]] left_gripper=0.8766982555389404 right_gripper=1.0140539407730103
update step=647 qpos=[-0.15794363617897034, 2.167816400527954, 1.780171513557434, -0.9151974320411682, -0.024664273485541344, -0.10669447481632233, 0.8766982555389404, -0.0024137746077030897, -0.021460717543959618, -0.007843855768442154, 0.0008662170730531216, 0.004914640448987484, -0.009308387525379658, 1.0]
pred step=647 action=[[-0.15607380867004395, 2.1826963424682617, 1.786887526512146, -0.9218345880508423, -0.024648472666740417, -0.10659253597259521, 0.8697509169578552, -0.0026547834277153015, -0.02220863103866577, -0.004474550485610962, 0.0011366605758666992, 0.0047944411635398865, -0.009220072999596596, 1.0140076875686646]] left_gripper=0.8697509169578552 right_gripper=1.0140076875686646
update step=648 qpos=[-0.15628524124622345, 2.1806905269622803, 1.7862169742584229, -0.9209320545196533, -0.02465224638581276, -0.10660559684038162, 0.8697509169578552, -0.002626220230013132, -0.02213854156434536, -0.00482229795306921, 0.0011244139168411493, 0.004810112528502941, -0.009231249801814556, 1.0]
pred step=648 action=[[-0.1537991762161255, 2.202813148498535, 1.8045704364776611, -0.9277724027633667, -0.021177679300308228, -0.10428106784820557, 0.8183762431144714, -0.0019041700288653374, -0.02159816026687622, -0.006241738796234131, 0.0013653039932250977, 0.00389678031206131, -0.007704654708504677, 1.0148274898529053]] left_gripper=0.8183762431144714 right_gripper=1.0148274898529053
update step=649 qpos=[-0.15411719679832458, 2.199960231781006, 1.802523136138916, -0.9267861843109131, -0.02161712571978569, -0.10457714647054672, 0.8183762431144715, -0.001987250754609704, -0.021645130589604378, -0.006120434030890465, 0.0013181482208892703, 0.004010927397757769, -0.00789941381663084, 1.0]
pred step=649 action=[[-0.15580883622169495, 2.204606294631958, 1.8079123497009277, -0.9295564889907837, -0.021205246448516846, -0.1061287671327591, 0.817983090877533, -0.0016487222164869308, -0.021825551986694336, -0.008607089519500732, 0.001883193850517273, 0.0045055970549583435, -0.007969093509018421, 1.0149422883987427]] left_gripper=0.817983090877533 right_gripper=1.0149422883987427
update step=650 qpos=[-0.15565520524978638, 2.2040088176727295, 1.8072946071624756, -0.9291772246360779, -0.021252909675240517, -0.10593028366565704, 0.817983090877533, -0.0016893530264496803, -0.021798525005578995, -0.008327789604663849, 0.001801963895559311, 0.004442313220351934, -0.007960139773786068, 1.0]
pred step=650 action=[[-0.187003493309021, 2.2678260803222656, 1.9550446271896362, -1.0394219160079956, -0.03388242423534393, -0.156191885471344, 0.9445498585700989, 0.00423441780731082, -0.015554249286651611, 0.0018673539161682129, 0.005548104643821716, 0.005058109760284424, -0.005426747724413872, 1.0018243789672852]] left_gripper=0.9445498585700989 right_gripper=1.0018243789672852
update step=651 qpos=[-0.1832415908575058, 2.2603468894958496, 1.9369229078292847, -1.0249892473220825, -0.032273367047309875, -0.1497795581817627, 0.9445498585700989, 0.003537275129929185, -0.016345540061593056, 0.0008018742664717138, 0.005128696095198393, 0.004968662746250629, -0.005750279873609543, 1.0]
pred step=651 action=[[-0.18721884489059448, 2.2699780464172363, 1.9572702646255493, -1.0409601926803589, -0.033035457134246826, -0.15617719292640686, 0.9433605670928955, 0.004024622496217489, -0.015682905912399292, 0.0017989575862884521, 0.006793484091758728, 0.005267612636089325, -0.005557302385568619, 1.0021586418151855]] left_gripper=0.9433605670928955 right_gripper=1.0021586418151855
update step=652 qpos=[-0.18622802197933197, 2.268791913986206, 1.9547994136810303, -1.0388801097869873, -0.03297628089785576, -0.15536683797836304, 0.9433605670928955, 0.0039678411558270454, -0.01574126072227955, 0.001630436279810965, 0.006569401361048222, 0.005228752736002207, -0.005581817589700222, 1.0]
pred step=652 action=[[-0.18545261025428772, 2.2769832611083984, 1.968361735343933, -1.044579029083252, -0.029201075434684753, -0.15555758774280548, 0.9378568530082703, 0.004198543261736631, -0.01623108983039856, 0.0015437901020050049, 0.007285594940185547, 0.006053052842617035, -0.005744701251387596, 1.0018271207809448]] left_gripper=0.9378568530082703 right_gripper=1.0018271207809448
update step=653 qpos=[-0.18554018437862396, 2.2759876251220703, 1.966729998588562, -1.0438029766082764, -0.02968023531138897, -0.15553338825702667, 0.9378568530082703, 0.004169841296970844, -0.016171259805560112, 0.0015496965497732162, 0.007193590048700571, 0.005948399193584919, -0.005723895039409399, 1.0]
pred step=653 action=[[-0.182894766330719, 2.289039373397827, 1.9808876514434814, -1.0510809421539307, -0.02473771572113037, -0.15138141810894012, 0.9253399968147278, 0.0038526407442986965, -0.018246769905090332, 0.0014250576496124268, 0.008721709251403809, 0.0072948262095451355, -0.005955193657428026, 1.002172827720642]] left_gripper=0.9253399968147278 right_gripper=1.002172827720642
update step=654 qpos=[-0.1832190752029419, 2.2873342037200928, 1.9792474508285522, -1.0500881671905518, -0.025364045053720474, -0.151910662651062, 0.9253399968147278, 0.0038871050346642733, -0.018006080761551857, 0.001454038079828024, 0.008532756939530373, 0.007125332020223141, -0.005925590172410011, 1.0]
pred step=654 action=[[-0.18020784854888916, 2.2912700176239014, 1.9865806102752686, -1.053391695022583, -0.021457210183143616, -0.1491500586271286, 0.9169023036956787, 0.00391063978895545, -0.019502222537994385, -0.0017656981945037842, 0.008734121918678284, 0.008237220346927643, -0.0060004969127476215, 1.0022333860397339]] left_gripper=0.9169023036956787 right_gripper=1.0022333860397339
update step=655 qpos=[-0.18060366809368134, 2.2908201217651367, 1.9856808185577393, -1.0529471635818481, -0.021950308233499527, -0.14950159192085266, 0.9169023036956787, 0.003905522171407938, -0.019310439005494118, -0.0014251911779865623, 0.008691485971212387, 0.008096732199192047, -0.005990890320390463, 1.0]
pred step=655 action=[[-0.1787472665309906, 2.3040013313293457, 1.997778296470642, -1.0605541467666626, -0.01663057506084442, -0.14617544412612915, 0.904629647731781, 0.003917541820555925, -0.019691497087478638, -9.208917617797852e-05, 0.00927676260471344, 0.008878909051418304, -0.006176257040351629, 1.0025604963302612]] left_gripper=0.904629647731781 right_gripper=1.0025604963302612
update step=656 qpos=[-0.17901268601417542, 2.3022301197052, 1.996406078338623, -1.0595252513885498, -0.017301950603723526, -0.14659897983074188, 0.904629647731781, 0.003914455883204937, -0.019662069156765938, -0.0002078651887131855, 0.009217332117259502, 0.008780104108154774, -0.006152572575956583, 1.0]
pred step=656 action=[[-0.1737373173236847, 2.314756155014038, 2.010207414627075, -1.0631479024887085, -0.011624760925769806, -0.1424509584903717, 0.8797787427902222, 0.004184766206890345, -0.02363651990890503, -0.0027012526988983154, 0.009751155972480774, 0.010515540838241577, -0.006014540325850248, 1.0029702186584473]] left_gripper=0.8797787427902222 right_gripper=1.0029702186584473
update step=657 qpos=[-0.17438969016075134, 2.313164234161377, 2.008599281311035, -1.062615990638733, -0.012343659065663815, -0.14297951757907867, 0.8797787427902222, 0.004149348475039005, -0.023156914860010147, -0.002429824322462082, 0.009674306958913803, 0.010295743122696877, -0.006032057572156191, 1.0]
pred step=657 action=[[-0.17097795009613037, 2.322254180908203, 2.0196146965026855, -1.0720881223678589, -0.006720580160617828, -0.14146022498607635, 0.8651317954063416, 0.0045223357155919075, -0.01996743679046631, -0.000819087028503418, 0.009584277868270874, 0.010533176362514496, -0.005155548918992281, 1.003273606300354]] left_gripper=0.8651317954063416 right_gripper=1.003273606300354
update step=658 qpos=[-0.17146876454353333, 2.3210716247558594, 2.018301486968994, -1.0708470344543457, -0.0074282558634877205, -0.1416531652212143, 0.8651317954063416, 0.0044779847376048565, -0.02035125531256199, -0.0009959460003301501, 0.009600766003131866, 0.010502621531486511, -0.005267313681542873, 1.0]
pred step=658 action=[[-0.16872239112854004, 2.3316397666931152, 2.0314295291900635, -1.0762964487075806, -0.0002689957618713379, -0.13944190740585327, 0.8445005416870117, 0.004818092565983534, -0.018938720226287842, -0.0010660290718078613, 0.010662093758583069, 0.010888971388339996, -0.00496475026011467, 1.003951907157898]] left_gripper=0.8445005416870117 right_gripper=1.003951907157898
update step=659 qpos=[-0.1690954715013504, 2.3302881717681885, 2.0298819541931152, -1.0755459070205688, -0.0011734804138541222, -0.1397233009338379, 0.8445005416870117, 0.004777409136295319, -0.0191038865596056, -0.0010617544176056981, 0.010524768382310867, 0.010839493945240974, -0.005003293044865131, 1.0]
pred step=659 action=[[-0.16241499781608582, 2.335848093032837, 2.0349793434143066, -1.0812395811080933, 0.004095777869224548, -0.13758334517478943, 0.8262317776679993, 0.005031584296375513, -0.01981198787689209, -0.0008907318115234375, 0.009303942322731018, 0.011671438813209534, -0.004295713733881712, 1.0038477182388306]] left_gripper=0.8262317776679993 right_gripper=1.0038477182388306
update step=660 qpos=[-0.16325348615646362, 2.3351058959960938, 2.034384250640869, -1.0804975032806396, 0.0034289215691387653, -0.1378561109304428, 0.8262317776679993, 0.004999956581741571, -0.019727664068341255, -0.0009116836008615792, 0.00945989415049553, 0.01156588550657034, -0.004385882057249546, 1.0]
pred step=660 action=[[-0.16237206757068634, 2.3455231189727783, 2.0463054180145264, -1.0883522033691406, 0.008078396320343018, -0.13699489831924438, 0.8029148578643799, 0.005378083325922489, -0.019388198852539062, -0.0021703243255615234, 0.010846436023712158, 0.011521130800247192, -0.003928842023015022, 1.0045088529586792]] left_gripper=0.8029148578643799 right_gripper=1.0045088529586792
update step=661 qpos=[-0.16258057951927185, 2.344158172607422, 2.044901132583618, -1.087306261062622, 0.007496510166674852, -0.13710375130176544, 0.8029148578643799, 0.005333744455128908, -0.01942518539726734, -0.0020301782060414553, 0.010664665140211582, 0.011526132002472878, -0.003987114876508713, 1.0]
pred step=661 action=[[-0.1576661318540573, 2.349039077758789, 2.0477235317230225, -1.0886335372924805, 0.012640446424484253, -0.1323775351047516, 0.7760480642318726, 0.0049136015586555, -0.020214170217514038, -0.0005441009998321533, 0.010491982102394104, 0.012719526886940002, -0.003697524778544903, 1.006399154663086]] left_gripper=0.7760480642318726 right_gripper=1.006399154663086
update step=662 qpos=[-0.15825799107551575, 2.3483855724334717, 2.0474202632904053, -1.0884442329406738, 0.011987820267677307, -0.13298022747039795, 0.7760480642318726, 0.004960456397384405, -0.020130934193730354, -0.0006920293089933693, 0.010525641031563282, 0.012569580227136612, -0.003734302707016468, 1.0]
pred step=662 action=[[-0.15323758125305176, 2.3626761436462402, 2.058847188949585, -1.0930609703063965, 0.01879066228866577, -0.13228358328342438, 0.7345765829086304, 0.0048931920900940895, -0.019737660884857178, 0.0001615285873413086, 0.010888054966926575, 0.01293695718050003, -0.002786412835121155, 1.006701111793518]] left_gripper=0.7345765829086304 right_gripper=1.006701111793518
update step=663 qpos=[-0.1539265364408493, 2.36074161529541, 2.057579517364502, -1.0924046039581299, 0.0179336816072464, -0.13237154483795166, 0.7345765829086304, 0.00490014161914587, -0.019783662632107735, 5.868949301657267e-05, 0.010843006893992424, 0.012890860438346863, -0.0029072181787341833, 1.0]
pred step=663 action=[[-0.15548652410507202, 2.3808681964874268, 2.077106237411499, -1.0959243774414062, 0.02620384842157364, -0.13668152689933777, 0.695420503616333, 0.005034984089434147, -0.018913358449935913, 0.000870823860168457, 0.011801064014434814, 0.012796096503734589, -0.002276079263538122, 1.0075289011001587]] left_gripper=0.695420503616333 right_gripper=1.0075289011001587
update step=664 qpos=[-0.15535703301429749, 2.3782358169555664, 2.0748748779296875, -1.0953651666641235, 0.025161094963550568, -0.13613072037696838, 0.695420503616333, 0.005019261036068201, -0.0190185084939003, 0.000780734175350517, 0.011682058684527874, 0.012807900086045265, -0.0023565171286463737, 1.0]
pred step=664 action=[[-0.15165087580680847, 2.378465175628662, 2.0791032314300537, -1.1022650003433228, 0.0322519913315773, -0.12998062372207642, 0.664239227771759, 0.004806244280189276, -0.019181936979293823, -0.0003172159194946289, 0.011768937110900879, 0.012571103870868683, -0.002377583645284176, 1.0076223611831665]] left_gripper=0.664239227771759 right_gripper=1.0076223611831665
update step=665 qpos=[-0.15206581354141235, 2.3785359859466553, 2.0785090923309326, -1.1013973951339722, 0.03135065361857414, -0.13076545298099518, 0.664239227771759, 0.004831802099943161, -0.019155554473400116, -0.00020586805476341397, 0.011750485748052597, 0.012601439841091633, -0.002374863252043724, 1.0]
pred step=665 action=[[-0.14891654253005981, 2.382716655731201, 2.0827200412750244, -1.104516863822937, 0.03755909204483032, -0.12991546094417572, 0.6362495422363281, 0.004541571252048016, -0.018847405910491943, -0.0007751882076263428, 0.011432632803916931, 0.012563638389110565, -0.0017114303773269057, 1.0080405473709106]] left_gripper=0.6362495422363281 right_gripper=1.0080405473709106
update step=666 qpos=[-0.14936240017414093, 2.3821160793304443, 2.082251787185669, -1.1041007041931152, 0.03677649796009064, -0.1300230473279953, 0.6362495422363281, 0.004575625527650118, -0.018883079290390015, -0.0007103421958163381, 0.011470895260572433, 0.01256906520575285, -0.0017959913238883018, 1.0]
pred step=666 action=[[-0.1448325514793396, 2.386630058288574, 2.0950229167938232, -1.1174168586730957, 0.047140076756477356, -0.12575945258140564, 0.5851722955703735, 0.004937866702675819, -0.015205711126327515, 0.00016686320304870605, 0.01234416663646698, 0.011756524443626404, -0.0017809324199333787, 1.0077705383300781]] left_gripper=0.5851722955703735 right_gripper=1.0077705383300781
update step=667 qpos=[-0.14542639255523682, 2.386138439178467, 2.0933890342712402, -1.1157121658325195, 0.045828841626644135, -0.12630289793014526, 0.5851722955703735, 0.004897027742117643, -0.015643825754523277, 6.998573371674865e-05, 0.012234194204211235, 0.011858477257192135, -0.001782911131158471, 1.0]
pred step=667 action=[[-0.14170430600643158, 2.3946847915649414, 2.1034226417541504, -1.1197142601013184, 0.05398980528116226, -0.12468820065259933, 0.5496271848678589, 0.003772016614675522, -0.01473817229270935, 0.0021864771842956543, 0.012636259198188782, 0.011566027998924255, -0.001516372780315578, 1.008493185043335]] left_gripper=0.5496271848678589 right_gripper=1.008493185043335
update step=668 qpos=[-0.14222052693367004, 2.3935322761535645, 2.1022660732269287, -1.1191585063934326, 0.052960220724344254, -0.12489330023527145, 0.5496271848678589, 0.0039047840982675552, -0.014854229986667633, 0.00196181982755661, 0.012596244923770428, 0.011605224572122097, -0.0015502640744671226, 1.0]
pred step=668 action=[[-0.13796794414520264, 2.3928675651550293, 2.1008167266845703, -1.1184613704681396, 0.06017855554819107, -0.12203060835599899, 0.5198197364807129, 0.0036783432587981224, -0.016305476427078247, 0.001965552568435669, 0.011879563331604004, 0.011806868016719818, -0.002100735902786255, 1.00751793384552]] left_gripper=0.5198197364807129 right_gripper=1.00751793384552
update step=669 qpos=[-0.1385350227355957, 2.3929848670959473, 2.1009774208068848, -1.1185564994812012, 0.059266574680805206, -0.1223953515291214, 0.5198197364807129, 0.0037044039927423, -0.016128573566675186, 0.0019520189380273223, 0.0119680967181921, 0.011781780980527401, -0.00203050603158772, 1.0]
pred step=669 action=[[-0.13941557705402374, 2.3990671634674072, 2.1068475246429443, -1.1216548681259155, 0.06650722026824951, -0.12418285012245178, 0.4816700220108032, 0.0033519621938467026, -0.015930235385894775, 0.0024181008338928223, 0.01156221330165863, 0.011864632368087769, -0.00195901095867157, 1.0075066089630127]] left_gripper=0.4816700220108032 right_gripper=1.0075066089630127
update step=670 qpos=[-0.13935881853103638, 2.398228645324707, 2.106182813644409, -1.1212317943572998, 0.06559369713068008, -0.12395402789115906, 0.48167002201080333, 0.003393144579604268, -0.01595415733754635, 0.002363285282626748, 0.011614743620157242, 0.011854893527925014, -0.001968114636838436, 1.0]
pred step=670 action=[[-0.13903531432151794, 2.4031548500061035, 2.1157660484313965, -1.1215397119522095, 0.07435639202594757, -0.125278502702713, 0.4430113136768341, 0.002826225943863392, -0.014880716800689697, 0.004666775465011597, 0.010760381817817688, 0.011871710419654846, -0.0017255827551707625, 1.0077234506607056]] left_gripper=0.4430113136768341 right_gripper=1.0077234506607056
update step=671 qpos=[-0.1390479952096939, 2.4026100635528564, 2.114590883255005, -1.1214611530303955, 0.07324405759572983, -0.12510934472084045, 0.4430113136768341, 0.002892695600166917, -0.01501405704766512, 0.004410949070006609, 0.010877827182412148, 0.011870765127241611, -0.0017564467852935195, 1.0]
pred step=671 action=[[-0.1374807059764862, 2.401409149169922, 2.114593744277954, -1.1290472745895386, 0.07802584767341614, -0.12390131503343582, 0.43004491925239563, 0.002830325160175562, -0.012941926717758179, 0.00583001971244812, 0.010598212480545044, 0.011311784386634827, -0.001796023570932448, 1.0068120956420898]] left_gripper=0.43004491925239563 right_gripper=1.0068120956420898
update step=672 qpos=[-0.1376773566007614, 2.4015438556671143, 2.1145565509796143, -1.1281064748764038, 0.07742014527320862, -0.12405552715063095, 0.43004491925239563, 0.002838781103491783, -0.013185045681893826, 0.005656545516103506, 0.01063363254070282, 0.01138254813849926, -0.0017910003662109375, 1.0]
pred step=672 action=[[-0.1391409933567047, 2.404055595397949, 2.124788999557495, -1.1279431581497192, 0.0885210633277893, -0.126103937625885, 0.37404999136924744, 0.0018174899742007256, -0.011377304792404175, 0.007675468921661377, 0.010004162788391113, 0.011336863040924072, -0.0013124613324180245, 1.0070350170135498]] left_gripper=0.37404999136924744 right_gripper=1.0070350170135498
update step=673 qpos=[-0.13897794485092163, 2.4038541316986084, 2.1235082149505615, -1.1279292106628418, 0.08711475133895874, -0.1258419156074524, 0.37404999136924744, 0.0019375181291252375, -0.011594315059483051, 0.007445450406521559, 0.010089630261063576, 0.011344698257744312, -0.0013733836822211742, 1.0]
pred step=673 action=[[-0.13544169068336487, 2.3960771560668945, 2.1202337741851807, -1.1413813829421997, 0.09399138391017914, -0.12124256044626236, 0.34865304827690125, 0.0026186308823525906, -0.01167309284210205, 0.007810443639755249, 0.009347870945930481, 0.010643556714057922, -0.0022081262432038784, 1.004048228263855]] left_gripper=0.34865304827690125 right_gripper=1.004048228263855
update step=674 qpos=[-0.13584429025650024, 2.3971033096313477, 2.12050199508667, -1.1397411823272705, 0.09311694651842117, -0.12182997167110443, 0.34865304827690125, 0.0025400302838534117, -0.01166008785367012, 0.007758280262351036, 0.009440416470170021, 0.010730723850429058, -0.002101788530126214, 1.0]
pred step=674 action=[[-0.13746346533298492, 2.4070229530334473, 2.1253325939178467, -1.135119915008545, 0.10282274335622787, -0.127010315656662, 0.31092846393585205, 0.0011879419907927513, -0.009590774774551392, 0.0123024582862854, 0.008437588810920715, 0.01033376157283783, -0.0016853593988344073, 1.0057475566864014]] left_gripper=0.31092846393585205 right_gripper=1.0057475566864014
update step=675 qpos=[-0.13731470704078674, 2.4055888652801514, 2.124907970428467, -1.1356456279754639, 0.10159748792648315, -0.1263480931520462, 0.31092846393585205, 0.0013476527528837323, -0.00985074881464243, 0.011805040761828423, 0.008584590628743172, 0.010386629030108452, -0.0017383910017088056, 1.0]
pred step=675 action=[[-0.13916662335395813, 2.3917667865753174, 2.1189022064208984, -1.145403504371643, 0.11084303259849548, -0.12456447631120682, 0.27462655305862427, 0.0015632645227015018, -0.010205894708633423, 0.00936231017112732, 0.009024545550346375, 0.010381877422332764, -0.0013399937888607383, 1.0047346353530884]] left_gripper=0.27462655305862427 right_gripper=1.0047346353530884
update step=676 qpos=[-0.13889804482460022, 2.3937830924987793, 2.119384765625, -1.144256830215454, 0.10966592282056808, -0.12479282170534134, 0.27462655305862427, 0.0015377495437860489, -0.010143613442778587, 0.009598270058631897, 0.008948616683483124, 0.010382083244621754, -0.0013907903339713812, 1.0]
pred step=676 action=[[-0.13821715116500854, 2.4026827812194824, 2.1282246112823486, -1.140988826751709, 0.11159452050924301, -0.12697917222976685, 0.2736201882362366, 0.00181302847340703, -0.009297221899032593, 0.011264532804489136, 0.007677510380744934, 0.01018158346414566, -0.0018599295290187001, 1.004235029220581]] left_gripper=0.2736201882362366 right_gripper=1.004235029220581
update step=677 qpos=[-0.13827121257781982, 2.4013864994049072, 2.1272997856140137, -1.1413345336914062, 0.11135055869817734, -0.1266998052597046, 0.2736201882362366, 0.001781185157597065, -0.009407330304384232, 0.011093425564467907, 0.007849421352148056, 0.010206313803792, -0.0018001374555751681, 1.0]
pred step=677 action=[[-0.13844279944896698, 2.3915672302246094, 2.122624635696411, -1.1530615091323853, 0.12054082751274109, -0.125158429145813, 0.23119789361953735, 0.0014332504943013191, -0.005827814340591431, 0.013345479965209961, 0.00601351261138916, 0.00972546637058258, -0.0011878538643941283, 1.0038129091262817]] left_gripper=0.23119789361953735 right_gripper=1.0038129091262817
update step=678 qpos=[-0.1384369432926178, 2.3929874897003174, 2.122995615005493, -1.1516525745391846, 0.11937439441680908, -0.12535546720027924, 0.23119789361953735, 0.001475183293223381, -0.006249426864087582, 0.013073178939521313, 0.006247403100132942, 0.009786959737539291, -0.0012659466592594981, 1.0]
pred step=678 action=[[-0.1398712396621704, 2.3830153942108154, 2.1229546070098877, -1.159536361694336, 0.12754327058792114, -0.12428926676511765, 0.20444685220718384, 0.0017228275537490845, -0.005141645669937134, 0.012913644313812256, 0.0052843838930130005, 0.009515337646007538, -0.0008617393905296922, 1.0035310983657837]] left_gripper=0.20444685220718384 right_gripper=1.0035310983657837
update step=679 qpos=[-0.13968224823474884, 2.384396553039551, 2.122814416885376, -1.158586859703064, 0.1265057623386383, -0.12442543357610703, 0.20444685220718384, 0.001694248290732503, -0.005266196560114622, 0.012916488572955132, 0.0054009840823709965, 0.009549183771014214, -0.0009132891427725554, 1.0]
pred step=679 action=[[-0.1421615481376648, 2.3877406120300293, 2.123089551925659, -1.1552984714508057, 0.13188883662223816, -0.12858623266220093, 0.19163161516189575, 0.001089463010430336, -0.005441874265670776, 0.014756560325622559, 0.006013065576553345, 0.009317852556705475, -0.0007284486200660467, 1.0039807558059692]] left_gripper=0.19163161516189575 right_gripper=1.0039807558059692
update step=680 qpos=[-0.14182870090007782, 2.3871960639953613, 2.123150587081909, -1.1556921005249023, 0.1312061846256256, -0.12805499136447906, 0.19163161516189575, 0.001160945976153016, -0.005433239508420229, 0.01457250863313675, 0.005948712583631277, 0.009348317980766296, -0.0007519473438151181, 1.0]
pred step=680 action=[[-0.1414979100227356, 2.380985975265503, 2.1215169429779053, -1.1585103273391724, 0.13938747346401215, -0.12686848640441895, 0.16870111227035522, 0.0010809432715177536, -0.004111438989639282, 0.016313135623931885, 0.005196243524551392, 0.009052008390426636, -0.000438984134234488, 1.0038683414459229]] left_gripper=0.16870111227035522 right_gripper=1.0038683414459229
update step=681 qpos=[-0.1415003538131714, 2.3819234371185303, 2.121598243713379, -1.1581872701644897, 0.13834600150585175, -0.12702031433582306, 0.16870111227035522, 0.0010908630210906267, -0.00426624296233058, 0.016102584078907967, 0.005293434020131826, 0.009089640341699123, -0.0004788904916495085, 1.0]
pred step=681 action=[[-0.14820802211761475, 2.3808603286743164, 2.123960018157959, -1.163996934890747, 0.1464410424232483, -0.13091358542442322, 0.13842779397964478, 0.0014507025480270386, -0.005733847618103027, 0.016057640314102173, 0.004839122295379639, 0.009067974984645844, -0.0005560894496738911, 1.0039644241333008]] left_gripper=0.13842779397964478 right_gripper=1.0039644241333008
update step=682 qpos=[-0.1473914384841919, 2.3809781074523926, 2.1236486434936523, -1.1632684469223022, 0.1454182118177414, -0.13041676580905914, 0.13842779397964478, 0.0014084632275626063, -0.00555789889767766, 0.016057675704360008, 0.004896300379186869, 0.00906996987760067, -0.0005462667904794216, 1.0]
pred step=682 action=[[-0.1514902263879776, 2.3775384426116943, 2.1236257553100586, -1.1651182174682617, 0.15370871126651764, -0.1334204524755478, 0.1205669641494751, 0.0015231827273964882, -0.005416214466094971, 0.01785808801651001, 0.004917129874229431, 0.008617661893367767, -0.0003822649596258998, 1.0035587549209595]] left_gripper=0.1205669641494751 right_gripper=1.0035587549209595
update step=683 qpos=[-0.15087392926216125, 2.3780457973480225, 2.123569965362549, -1.1649004220962524, 0.15265025198459625, -0.13303779065608978, 0.1205669641494751, 0.0015106633072718978, -0.005440388340502977, 0.017664417624473572, 0.0049236794002354145, 0.00867460947483778, -0.0004032169235870242, 1.0]
pred step=683 action=[[-0.15159980952739716, 2.364090919494629, 2.115689277648926, -1.1723182201385498, 0.1615033745765686, -0.13245420157909393, 0.10812902450561523, 0.001459483988583088, -0.004328638315200806, 0.019023150205612183, 0.005389273166656494, 0.00880584865808487, -6.63046957924962e-05, 1.0032845735549927]] left_gripper=0.10812902450561523 right_gripper=1.0032845735549927
update step=684 qpos=[-0.15145698189735413, 2.3659846782684326, 2.116478681564331, -1.1714619398117065, 0.16037525236606598, -0.13252952694892883, 0.10812902450561523, 0.0014652482932433486, -0.004460637923330069, 0.01886395923793316, 0.005332630127668381, 0.008789362385869026, -0.00010923953232122585, 1.0]
pred step=684 action=[[-0.15388615429401398, 2.362602710723877, 2.1198055744171143, -1.1779425144195557, 0.16621051728725433, -0.13402625918388367, 0.09294593334197998, 0.0019629276357591152, -0.006968259811401367, 0.01999121904373169, 0.004701718688011169, 0.008623756468296051, -0.00011917960364371538, 1.0030391216278076]] left_gripper=0.09294593334197998 right_gripper=1.0030391216278076
update step=685 qpos=[-0.15358096361160278, 2.363068103790283, 2.1193349361419678, -1.1771365404129028, 0.16547080874443054, -0.1338353008031845, 0.09294593334197998, 0.0019047338282689452, -0.006675715558230877, 0.019869865849614143, 0.0047895596362650394, 0.008643710985779762, -0.00011794987949542701, 1.0]
pred step=685 action=[[-0.15497687458992004, 2.353987693786621, 2.114576578140259, -1.1812769174575806, 0.17299756407737732, -0.13402312994003296, 0.0802496075630188, 0.002117290161550045, -0.008691102266311646, 0.021667391061782837, 0.005736321210861206, 0.008362092077732086, -0.00015025062020868063, 1.0024348497390747]] left_gripper=0.0802496075630188 right_gripper=1.0024348497390747
update step=686 qpos=[-0.1547664850950241, 2.3552260398864746, 2.1150472164154053, -1.1808041334152222, 0.17203941941261292, -0.13399967551231384, 0.08024960756301881, 0.0020929272286593914, -0.008461249992251396, 0.021477416157722473, 0.0056276568211615086, 0.008397243916988373, -0.00014616618864238262, 1.0]
pred step=686 action=[[-0.16105026006698608, 2.3598861694335938, 2.124523639678955, -1.1822651624679565, 0.17271694540977478, -0.13913759589195251, 0.07829564809799194, 0.0020633391104638577, -0.009242057800292969, 0.021213829517364502, 0.005720973014831543, 0.008212283253669739, -0.00013185141142457724, 1.0029311180114746]] left_gripper=0.07829564809799194 right_gripper=1.0029311180114746
update step=687 qpos=[-0.16026507318019867, 2.3592960834503174, 2.1233928203582764, -1.1820403337478638, 0.17263291776180267, -0.1384817212820053, 0.07829564809799194, 0.0020672560203820467, -0.009142249822616577, 0.02122427709400654, 0.005703374743461609, 0.00823569018393755, -0.00013368786312639713, 1.0]
pred step=687 action=[[-0.16837364435195923, 2.347372531890869, 2.1223392486572266, -1.1905694007873535, 0.1838569939136505, -0.14345240592956543, 0.06171846389770508, 0.002156950067728758, -0.01020088791847229, 0.022157490253448486, 0.005330905318260193, 0.008241184055805206, 0.000551000121049583, 1.0035918951034546]] left_gripper=0.06171846389770508 right_gripper=1.0035918951034546
update step=688 qpos=[-0.167304128408432, 2.3491034507751465, 2.1222667694091797, -1.1895487308502197, 0.18242721259593964, -0.14281907677650452, 0.06171846389770508, 0.002146271988749504, -0.010080792009830475, 0.022060517221689224, 0.005384829360991716, 0.008240388706326485, 0.0004637009114958346, 1.0]
pred step=688 action=[[-0.16636356711387634, 2.343639373779297, 2.1209025382995605, -1.1907466650009155, 0.1871911585330963, -0.1432141661643982, 0.05675482749938965, 0.0022328654304146767, -0.009922891855239868, 0.022728145122528076, 0.0058748722076416016, 0.00833166390657425, 0.00038861489156261086, 1.0031635761260986]] left_gripper=0.05675482749938965 right_gripper=1.0031635761260986
update step=689 qpos=[-0.1663402020931244, 2.3443422317504883, 2.1210341453552246, -1.1906152963638306, 0.18657708168029785, -0.14316482841968536, 0.05675482749938965, 0.0022225372958928347, -0.009942214004695415, 0.022650660946965218, 0.005814308300614357, 0.008319943211972713, 0.0003982195630669594, 1.0]
pred step=689 action=[[-0.17785531282424927, 2.3394317626953125, 2.1248834133148193, -1.1978281736373901, 0.19516313076019287, -0.15074527263641357, 0.04601389169692993, 0.002082505263388157, -0.012012511491775513, 0.023104846477508545, 0.006153956055641174, 0.008043371140956879, 0.0005951591301709414, 1.00430166721344]] left_gripper=0.04601389169692993 right_gripper=1.00430166721344
update step=690 qpos=[-0.17651522159576416, 2.3401856422424316, 2.1242988109588623, -1.1969345808029175, 0.19408102333545685, -0.14977766573429108, 0.04601389169692993, 0.0020994534716010094, -0.0117713687941432, 0.023061664775013924, 0.006116244941949844, 0.008078649640083313, 0.0005700458423234522, 1.0]
pred step=690 action=[[-0.17984738945960999, 2.3308539390563965, 2.1201608180999756, -1.202917218208313, 0.20180609822273254, -0.15127846598625183, 0.03784489631652832, 0.0023464420810341835, -0.012315332889556885, 0.02334412932395935, 0.0063867270946502686, 0.00852292776107788, 0.0005645736237056553, 1.0044561624526978]] left_gripper=0.03784489631652832 right_gripper=1.0044561624526978
update step=691 qpos=[-0.17923937737941742, 2.332103967666626, 2.120556592941284, -1.2022122144699097, 0.20081181824207306, -0.15108871459960938, 0.03784489631652833, 0.002316491911187768, -0.01225042063742876, 0.02330836094915867, 0.006352737545967102, 0.008466268889605999, 0.0005652870750054717, 1.0]
pred step=691 action=[[-0.1853916347026825, 2.327274799346924, 2.1225805282592773, -1.2064701318740845, 0.2089969366788864, -0.1559731662273407, 0.03160065412521362, 0.0023464499972760677, -0.011266767978668213, 0.025317609310150146, 0.004765912890434265, 0.007975414395332336, 0.001164935645647347, 1.0054692029953003]] left_gripper=0.03160065412521362 right_gripper=1.0054692029953003
update step=692 qpos=[-0.18462830781936646, 2.327970504760742, 2.1222517490386963, -1.2059491872787476, 0.20795908570289612, -0.15535002946853638, 0.03160065412521362, 0.002343912608921528, -0.011385895311832428, 0.025086605921387672, 0.00497317872941494, 0.00803748145699501, 0.0010884468210861087, 1.0]
pred step=692 action=[[-0.18848878145217896, 2.3200647830963135, 2.1204559803009033, -1.2105125188827515, 0.21390989422798157, -0.1583784967660904, 0.02789759635925293, 0.0024200500920414925, -0.011987537145614624, 0.025137990713119507, 0.005113780498504639, 0.008151456713676453, 0.0009275731281377375, 1.005556583404541]] left_gripper=0.02789759635925293 right_gripper=1.005556583404541
update step=693 qpos=[-0.18792268633842468, 2.321157217025757, 2.1205716133117676, -1.2099740505218506, 0.21314816176891327, -0.15799309313297272, 0.02789759635925292, 0.002410904737189412, -0.011914186179637909, 0.02512686513364315, 0.0050949170254170895, 0.00813684705644846, 0.0009481132146902382, 1.0]
pred step=693 action=[[-0.1932031214237213, 2.3155808448791504, 2.1226277351379395, -1.2158942222595215, 0.21827411651611328, -0.16131596267223358, 0.02384471893310547, 0.002642887644469738, -0.01101154088973999, 0.025797396898269653, 0.003894820809364319, 0.007996141910552979, 0.0014751090202480555, 1.0063705444335938]] left_gripper=0.02384471893310547 right_gripper=1.0063705444335938
update step=694 qpos=[-0.1925228238105774, 2.316375732421875, 2.122281074523926, -1.2151684761047363, 0.21762195229530334, -0.16089248657226562, 0.023844718933105472, 0.0026158930268138647, -0.011116640642285347, 0.0257128793746233, 0.004046747926622629, 0.008013524115085602, 0.001407878939062357, 1.0]
pred step=694 action=[[-0.2005774974822998, 2.3123433589935303, 2.12436842918396, -1.2182977199554443, 0.225539892911911, -0.1666584014892578, 0.01744312047958374, 0.0029529365710914135, -0.011726200580596924, 0.02539116144180298, 0.004356935620307922, 0.008091002702713013, 0.0014850776642560959, 1.0065467357635498]] left_gripper=0.01744312047958374 right_gripper=1.0065467357635498
update step=695 qpos=[-0.199540913105011, 2.312929630279541, 2.1240484714508057, -1.2179136276245117, 0.2245335727930069, -0.16592301428318024, 0.017443120479583733, 0.0029131921473890543, -0.011654054746031761, 0.02542978525161743, 0.004317314829677343, 0.008080537430942059, 0.0014752361457794905, 1.0]
pred step=695 action=[[-0.20397800207138062, 2.310065746307373, 2.1251606941223145, -1.2201429605484009, 0.22725705802440643, -0.16910389065742493, 0.016084492206573486, 0.0030077998526394367, -0.011323153972625732, 0.025299102067947388, 0.004173293709754944, 0.008050672709941864, 0.0016781352460384369, 1.0067590475082397]] left_gripper=0.016084492206573486 right_gripper=1.0067590475082397
update step=696 qpos=[-0.20331647992134094, 2.310473918914795, 2.1249818801879883, -1.2198700904846191, 0.22690410912036896, -0.1686989665031433, 0.016084492206573493, 0.002996786031872034, -0.011361041106283665, 0.02531079575419426, 0.004190057050436735, 0.008054275065660477, 0.0016522589139640331, 1.0]
pred step=696 action=[[-0.21078714728355408, 2.305091381072998, 2.125521183013916, -1.2231559753417969, 0.23474738001823425, -0.1748688817024231, 0.012028038501739502, 0.003301540855318308, -0.010251492261886597, 0.024388015270233154, 0.004688084125518799, 0.008309803903102875, 0.002027795882895589, 1.0067533254623413]] left_gripper=0.012028038501739502 right_gripper=1.0067533254623413
update step=697 qpos=[-0.20985110104084015, 2.3058676719665527, 2.1253721714019775, -1.2227615118026733, 0.23375160992145538, -0.17408186197280884, 0.012028038501739502, 0.0032652164809405804, -0.010378622449934483, 0.02448643557727337, 0.00461894366890192, 0.008276932872831821, 0.0019799142610281706, 1.0]
pred step=697 action=[[-0.21293237805366516, 2.302053689956665, 2.124109983444214, -1.2229619026184082, 0.23805464804172516, -0.17659325897693634, 0.010700047016143799, 0.0035155173391103745, -0.010045826435089111, 0.024250566959381104, 0.004647091031074524, 0.008454300463199615, 0.001983417896553874, 1.006668210029602]] left_gripper=0.010700047016143799 right_gripper=1.006668210029602
update step=698 qpos=[-0.21243828535079956, 2.3025665283203125, 2.1242318153381348, -1.222951054573059, 0.23750106990337372, -0.17627370357513428, 0.010700047016143804, 0.0034857855644077063, -0.010086792521178722, 0.02428320050239563, 0.004644106142222881, 0.008431395515799522, 0.0019829776138067245, 1.0]
pred step=698 action=[[-0.21881061792373657, 2.296643018722534, 2.122999906539917, -1.2249157428741455, 0.2433082014322281, -0.18060952425003052, 0.007776200771331787, 0.003776928875595331, -0.009237885475158691, 0.023621737957000732, 0.004811182618141174, 0.008152417838573456, 0.0023941269610077143, 1.0070091485977173]] left_gripper=0.007776200771331787 right_gripper=1.0070091485977173
update step=699 qpos=[-0.21802660822868347, 2.2974796295166016, 2.1230733394622803, -1.2246923446655273, 0.24257159233093262, -0.18005652725696564, 0.007776200771331796, 0.0037433092948049307, -0.009335233829915524, 0.023691916838288307, 0.004785629920661449, 0.008187144063413143, 0.0023416620679199696, 1.0]
pred step=699 action=[[-0.22129637002944946, 2.2976622581481934, 2.124711513519287, -1.223970890045166, 0.244561567902565, -0.18340972065925598, 0.008284211158752441, 0.00390871986746788, -0.008150309324264526, 0.022745221853256226, 0.004926472902297974, 0.008245386183261871, 0.002515589352697134, 1.0069074630737305]] left_gripper=0.008284211158752441 right_gripper=1.0069074630737305
update step=700 qpos=[-0.2207978367805481, 2.297636032104492, 2.124521493911743, -1.224053978919983, 0.24430367350578308, -0.18298235535621643, 0.008284211158752448, 0.003889233572408557, -0.008287058211863041, 0.022848382592201233, 0.004903183784335852, 0.008237685076892376, 0.0024934213142842054, 1.0]
pred step=700 action=[[-0.208041250705719, 2.437288999557495, 2.3774139881134033, -1.4154083728790283, 0.3335205912590027, -0.12293695658445358, 0.10080885887145996, 0.004506514873355627, 0.011557549238204956, 0.012739717960357666, 0.0016815215349197388, 0.006526239216327667, 0.000848134164698422, 1.0043010711669922]] left_gripper=0.10080885887145996 right_gripper=1.0043010711669922
update step=701 qpos=[-0.20964458584785461, 2.4195868968963623, 2.3086678981781006, -1.3895643949508667, 0.32220131158828735, -0.13060452044010162, 0.10080885887145996, 0.004438507836312056, 0.00929198693484068, 0.013720314018428326, 0.0019943895749747753, 0.006740981712937355, 0.0010576898930594325, 1.0]
pred step=701 action=[[-0.2108834683895111, 2.438692331314087, 2.37626314163208, -1.4125796556472778, 0.3352705240249634, -0.12535041570663452, 0.09962338209152222, 0.004613135475665331, 0.01189526915550232, 0.012985289096832275, 0.0021187514066696167, 0.006566382944583893, 0.0005877802614122629, 1.0056356191635132]] left_gripper=0.09962338209152222 right_gripper=1.0056356191635132
update step=702 qpos=[-0.21084702014923096, 2.437203884124756, 2.3675715923309326, -1.4094897508621216, 0.3336210548877716, -0.12601704895496368, 0.09962338209152222, 0.004593048710376024, 0.011546822264790535, 0.013190202414989471, 0.0021320711821317673, 0.006587941199541092, 0.0006475829286500812, 1.0]
pred step=702 action=[[-0.21257343888282776, 2.4369373321533203, 2.3797943592071533, -1.4128425121307373, 0.33807218074798584, -0.1276579201221466, 0.0916559100151062, 0.004588027019053698, 0.012056678533554077, 0.011011213064193726, 0.001671433448791504, 0.007229164242744446, 0.0008244536584243178, 1.0051199197769165]] left_gripper=0.0916559100151062 right_gripper=1.0051199197769165
update step=703 qpos=[-0.212316632270813, 2.436861753463745, 2.3783445358276367, -1.412383794784546, 0.3375100791454315, -0.1274479180574417, 0.0916559100151062, 0.00458731921389699, 0.012004096060991287, 0.011249133385717869, 0.0017193213570863008, 0.007148129865527153, 0.0008019199012778699, 1.0]
pred step=703 action=[[-0.2158602774143219, 2.4316654205322266, 2.3756613731384277, -1.4134479761123657, 0.34313058853149414, -0.1277708113193512, 0.08199208974838257, 0.0039416030049324036, 0.01086735725402832, 0.011414885520935059, 0.0022963285446166992, 0.007359929382801056, 0.0005084903677925467, 1.0050320625305176]] left_gripper=0.08199208974838257 right_gripper=1.0050320625305176
update step=704 qpos=[-0.2154020220041275, 2.432441234588623, 2.3759195804595947, -1.4133358001708984, 0.34241461753845215, -0.12773001194000244, 0.08199208974838257, 0.004016920458525419, 0.010991177521646023, 0.011424694210290909, 0.0022323871962726116, 0.007334492169320583, 0.0005459936219267547, 1.0]
pred step=704 action=[[-0.2201586365699768, 2.4254207611083984, 2.371518611907959, -1.4125847816467285, 0.3468233346939087, -0.13031218945980072, 0.07669568061828613, 0.003632250241935253, 0.011120229959487915, 0.01001650094985962, 0.00277574360370636, 0.007619284093379974, 0.0007582681719213724, 1.0050349235534668]] left_gripper=0.07669568061828613 right_gripper=1.0050349235534668
update step=705 qpos=[-0.21951709687709808, 2.4263839721679688, 2.3720083236694336, -1.4127049446105957, 0.3462594151496887, -0.12998318672180176, 0.07669568061828615, 0.0036767064593732357, 0.011112275533378124, 0.010162869468331337, 0.002697911811992526, 0.007584115955978632, 0.0007312475936487317, 1.0]
pred step=705 action=[[-0.22379636764526367, 2.4233765602111816, 2.3662030696868896, -1.4137040376663208, 0.35270899534225464, -0.12830489873886108, 0.07895946502685547, 0.003461777698248625, 0.009840279817581177, 0.011041074991226196, 0.0034259408712387085, 0.007543712854385376, 0.0006710010929964483, 1.0050498247146606]] left_gripper=0.07895946502685547 right_gripper=1.0050498247146606
update step=706 qpos=[-0.22320257127285004, 2.4237029552459717, 2.366926670074463, -1.4136009216308594, 0.35188835859298706, -0.12851949036121368, 0.07895946502685547, 0.003486964385956526, 0.009979714639484882, 0.01096766721457243, 0.003344800090417266, 0.007549291010946035, 0.000678716751281172, 1.0]
pred step=706 action=[[-0.22955995798110962, 2.41245436668396, 2.3616631031036377, -1.4136279821395874, 0.35988450050354004, -0.13226191699504852, 0.06505203247070312, 0.003285558894276619, 0.009270012378692627, 0.009784519672393799, 0.0033512115478515625, 0.007955826818943024, 0.00047192408237606287, 1.0043940544128418]] left_gripper=0.06505203247070312 right_gripper=1.0043940544128418
update step=707 qpos=[-0.2287210077047348, 2.4141147136688232, 2.362170457839966, -1.4136649370193481, 0.35886213183403015, -0.13178512454032898, 0.06505203247070312, 0.0033083721064031124, 0.009362480603158474, 0.009901096113026142, 0.0033418629318475723, 0.007904824800789356, 0.0004983317339792848, 1.0]
pred step=707 action=[[-0.23333442211151123, 2.410067558288574, 2.3603928089141846, -1.4185549020767212, 0.3676735758781433, -0.13377374410629272, 0.060180485248565674, 0.0030818460509181023, 0.008966624736785889, 0.010308116674423218, 0.003157183527946472, 0.007836945354938507, 0.00028409663354977965, 1.0043302774429321]] left_gripper=0.060180485248565674 right_gripper=1.0043302774429321
update step=708 qpos=[-0.232673779129982, 2.4105472564697266, 2.3605916500091553, -1.4179595708847046, 0.36655163764953613, -0.13352073729038239, 0.06018048524856566, 0.0031085405498743057, 0.00900860782712698, 0.010272699408233166, 0.0031854191329330206, 0.007845995016396046, 0.00031142073567025363, 1.0]
pred step=708 action=[[-0.23589369654655457, 2.4068164825439453, 2.3570644855499268, -1.4198042154312134, 0.3755728602409363, -0.13437962532043457, 0.05639791488647461, 0.0032268352806568146, 0.00914815068244934, 0.010076165199279785, 0.0028567463159561157, 0.007330834865570068, 0.0005407801945693791, 1.005243182182312]] left_gripper=0.05639791488647461 right_gripper=1.005243182182312
update step=709 qpos=[-0.2354356199502945, 2.4073262214660645, 2.3574607372283936, -1.419594168663025, 0.3744245767593384, -0.1342705488204956, 0.056397914886474616, 0.003213961608707905, 0.009134776890277863, 0.01009065005928278, 0.0028955384623259306, 0.0073957317508757114, 0.0005114824161864817, 1.0]
pred step=709 action=[[-0.23827219009399414, 2.3988094329833984, 2.347050666809082, -1.4202899932861328, 0.38093066215515137, -0.13455790281295776, 0.05635547637939453, 0.002626191359013319, 0.009322255849838257, 0.010220348834991455, 0.0032733529806137085, 0.007481612265110016, 0.00039451615884900093, 1.00448477268219]] left_gripper=0.05635547637939453 right_gripper=1.00448477268219
update step=710 qpos=[-0.23787881433963776, 2.3999264240264893, 2.3482797145843506, -1.4202516078948975, 0.38010072708129883, -0.134521946310997, 0.05635547637939453, 0.0026950601022690535, 0.009297966957092285, 0.010210801847279072, 0.0032270688097923994, 0.007471895776689053, 0.00040950527181848884, 1.0]
pred step=710 action=[[-0.24254533648490906, 2.3918395042419434, 2.341632127761841, -1.4262526035308838, 0.38564300537109375, -0.1370057761669159, 0.04606986045837402, 0.002870481926947832, 0.008155494928359985, 0.00957462191581726, 0.002826288342475891, 0.007725797593593597, -6.412144284695387e-05, 1.0047457218170166]] left_gripper=0.04606986045837402 right_gripper=1.0047457218170166
update step=711 qpos=[-0.24193857610225677, 2.392923355102539, 2.34236478805542, -1.4255446195602417, 0.3849358558654785, -0.13668976724147797, 0.04606986045837403, 0.002849308541044593, 0.008293353952467442, 0.009642926044762135, 0.0028747720643877983, 0.007693320047110319, -3.743275101442123e-06, 1.0]
pred step=711 action=[[-0.24531573057174683, 2.385986804962158, 2.3372397422790527, -1.4229683876037598, 0.3909221291542053, -0.13919951021671295, 0.03678703308105469, 0.0026711788959801197, 0.008197128772735596, 0.009286254644393921, 0.0031245797872543335, 0.007823355495929718, -0.0003535847645252943, 1.0048495531082153]] left_gripper=0.03678703308105469 right_gripper=1.0048495531082153
update step=712 qpos=[-0.24483256042003632, 2.386934757232666, 2.3378281593322754, -1.4233176708221436, 0.39015665650367737, -0.13887980580329895, 0.03678703308105471, 0.002691890811547637, 0.008208192884922028, 0.009328794665634632, 0.003092213999480009, 0.0078072515316307545, -0.00030897869146429, 1.0]
pred step=712 action=[[-0.25189369916915894, 2.380525588989258, 2.3320512771606445, -1.4244788885116577, 0.39904630184173584, -0.14222954213619232, 0.03224599361419678, 0.0027451161295175552, 0.007714658975601196, 0.008851379156112671, 0.002576485276222229, 0.0077038779854774475, 9.821332059800625e-05, 1.0051790475845337]] left_gripper=0.03224599361419678 right_gripper=1.0051790475845337
update step=713 qpos=[-0.2510013282299042, 2.381380081176758, 2.3327155113220215, -1.4243639707565308, 0.3979169428348541, -0.14180254936218262, 0.03224599361419677, 0.0027389852330088615, 0.0077749197371304035, 0.008902729488909245, 0.002639961428940296, 0.007716897875070572, 4.626984446076676e-05, 1.0]
pred step=713 action=[[-0.25998154282569885, 2.373436212539673, 2.3242387771606445, -1.4234583377838135, 0.4078589081764221, -0.14760714769363403, 0.029469013214111328, 0.0023706918582320213, 0.007555931806564331, 0.009945660829544067, 0.0031079649925231934, 0.00791727751493454, -0.00010141672100871801, 1.005499243736267]] left_gripper=0.029469013214111328 right_gripper=1.005499243736267
update step=714 qpos=[-0.25879180431365967, 2.3744962215423584, 2.325234889984131, -1.4236114025115967, 0.4065916836261749, -0.14686724543571472, 0.029469013214111335, 0.0024135170970112085, 0.007574331946671009, 0.009842530824244022, 0.0030565380584448576, 0.007892676629126072, -8.25153838377446e-05, 1.0]
pred step=714 action=[[-0.2637445330619812, 2.3628811836242676, 2.310870409011841, -1.4253507852554321, 0.4128199815750122, -0.14970728754997253, 0.0154266357421875, 0.002162282820791006, 0.006210952997207642, 0.011439204216003418, 0.0020058155059814453, 0.008589372038841248, -0.0005865623243153095, 1.0060709714889526]] left_gripper=0.0154266357421875 right_gripper=1.0060709714889526
update step=715 qpos=[-0.2630099654197693, 2.3643858432769775, 2.3125667572021484, -1.42520010471344, 0.41201865673065186, -0.14934664964675903, 0.015426635742187514, 0.0021903053857386112, 0.00636884942650795, 0.01125962845981121, 0.0021464857272803783, 0.008501793257892132, -0.0005222356994636357, 1.0]
pred step=715 action=[[-0.27036815881729126, 2.3613123893737793, 2.311629295349121, -1.426283359527588, 0.42086362838745117, -0.15463435649871826, 0.01575171947479248, 0.00206541595980525, 0.007573038339614868, 0.012355118989944458, 0.0018532723188400269, 0.00818660855293274, -0.00019444187637418509, 1.0060153007507324]] left_gripper=0.01575171947479248 right_gripper=1.0060153007507324
update step=716 qpos=[-0.26942741870880127, 2.36173677444458, 2.311713933944702, -1.4261584281921387, 0.4197402894496918, -0.15395990014076233, 0.015751719474792467, 0.002080674283206463, 0.007432662881910801, 0.012218918651342392, 0.0018901341827586293, 0.008226776495575905, -0.00023626752954442054, 1.0]
pred step=716 action=[[-0.2767496705055237, 2.3535871505737305, 2.304664373397827, -1.43023681640625, 0.421500027179718, -0.15553976595401764, 0.012468814849853516, 0.0025183684192597866, 0.008127063512802124, 0.01283445954322815, 0.000186040997505188, 0.008366070687770844, 0.00025428133085370064, 1.0055510997772217]] left_gripper=0.012468814849853516 right_gripper=1.0055510997772217
update step=717 qpos=[-0.275759220123291, 2.354680299758911, 2.3054537773132324, -1.4297676086425781, 0.421269029378891, -0.15533965826034546, 0.012468814849853502, 0.0024666436947882175, 0.008048729039728642, 0.012751348316669464, 0.0004005831142421812, 0.008347613736987114, 0.00019171599706169218, 1.0]
pred step=717 action=[[-0.28505939245224, 2.345271110534668, 2.2946057319641113, -1.4274790287017822, 0.4295116662979126, -0.16173560917377472, 0.007674872875213623, 0.002052555326372385, 0.008246183395385742, 0.013545811176300049, -6.74128532409668e-05, 0.008512236177921295, -6.982928607612848e-05, 1.00636625289917]] left_gripper=0.007674872875213623 right_gripper=1.00636625289917
update step=718 qpos=[-0.2838571071624756, 2.346506118774414, 2.2958953380584717, -1.4278141260147095, 0.42846059799194336, -0.1609201580286026, 0.007674872875213613, 0.0021009340416640043, 0.008220233023166656, 0.013459051959216595, -4.432385139807593e-06, 0.008492233231663704, -3.640785871539265e-05, 1.0]
pred step=718 action=[[-0.2898390591144562, 2.33949613571167, 2.2884161472320557, -1.4259188175201416, 0.4350167512893677, -0.16518518328666687, 0.0029591917991638184, 0.0022225314751267433, 0.008297324180603027, 0.013847589492797852, -0.0006812512874603271, 0.008629366755485535, -0.00015468255151063204, 1.006211519241333]] left_gripper=0.0029591917991638184 right_gripper=1.006211519241333
update step=719 qpos=[-0.28898096084594727, 2.3404223918914795, 2.2893002033233643, -1.4261903762817383, 0.4341759979724884, -0.16464202105998993, 0.0029591917991638123, 0.002207924844697118, 0.00828972551971674, 0.013797464780509472, -0.0005956231616437435, 0.008611790835857391, -0.00013962066441308707, 1.0]
pred step=719 action=[[-0.29737934470176697, 2.337594509124756, 2.2851595878601074, -1.423914909362793, 0.4398348331451416, -0.16981440782546997, 0.0014224648475646973, 0.0017520892433822155, 0.008312970399856567, 0.015433728694915771, -0.0016560554504394531, 0.008766919374465942, 2.600369043648243e-05, 1.0066123008728027]] left_gripper=0.0014224648475646973 right_gripper=1.0066123008728027
update step=720 qpos=[-0.296307235956192, 2.337953805923462, 2.2856686115264893, -1.4242147207260132, 0.439115971326828, -0.1691545844078064, 0.0014224648475646884, 0.0018052718369290233, 0.008305528201162815, 0.015252579003572464, -0.001514279399998486, 0.008748261258006096, 4.937304765917361e-06, 1.0]
pred step=720 action=[[-0.3107009530067444, 2.328915596008301, 2.2800893783569336, -1.4192826747894287, 0.4471473693847656, -0.17854279279708862, 0.0007880926132202148, 0.00204421766102314, 0.009311318397521973, 0.016338586807250977, -0.0014760792255401611, 0.009523332118988037, 0.00023677211720496416, 1.0077183246612549]] left_gripper=0.0007880926132202148 right_gripper=1.0077183246612549
update step=721 qpos=[-0.30888399481773376, 2.330205202102661, 2.280707836151123, -1.4199286699295044, 0.44612380862236023, -0.17734532058238983, 0.0007880926132202282, 0.002014482393860817, 0.009192515164613724, 0.016209589317440987, -0.00147953478153795, 0.00942493136972189, 0.0002072459174087271, 1.0]
pred step=721 action=[[-0.31614288687705994, 2.3227624893188477, 2.269321918487549, -1.4193369150161743, 0.45198625326156616, -0.17967724800109863, -0.0001499652862548828, 0.001620657742023468, 0.010221719741821289, 0.01716509461402893, -0.002497360110282898, 0.009212121367454529, 0.0004868865944445133, 1.0066521167755127]] left_gripper=-0.0001499652862548828 right_gripper=1.0066521167755127
update step=722 qpos=[-0.3150526285171509, 2.3236734867095947, 2.2707064151763916, -1.4194570779800415, 0.45122942328453064, -0.17938145995140076, 0.0, 0.0016673567006364465, 0.010101637803018093, 0.017047574743628502, -0.0023679148871451616, 0.009239884093403816, 0.0004512691230047494, 1.0]
pred step=722 action=[[-0.33053407073020935, 2.320143222808838, 2.2688121795654297, -1.4129633903503418, 0.45894140005111694, -0.1903536319732666, -0.00650864839553833, 0.0021332991309463978, 0.00988835096359253, 0.016877323389053345, -0.003202199935913086, 0.01004394143819809, 0.0012393801007419825, 1.0082091093063354]] left_gripper=-0.00650864839553833 right_gripper=1.0082091093063354
update step=723 qpos=[-0.3286333978176117, 2.320674419403076, 2.2690324783325195, -1.4137816429138184, 0.4579649269580841, -0.18895305693149567, 0.0, 0.002076767385005951, 0.009916907176375389, 0.01688889041543007, -0.0030988315120339394, 0.009941465221345425, 0.0011389165883883834, 1.0]
pred step=723 action=[[-0.32892122864723206, 2.312577247619629, 2.258795976638794, -1.4185278415679932, 0.4580315351486206, -0.18665820360183716, -0.005158066749572754, 0.0024429839104413986, 0.00921177864074707, 0.017427682876586914, -0.005478560924530029, 0.00939527153968811, 0.001420660293661058, 1.0080500841140747]] left_gripper=-0.005158066749572754 right_gripper=1.0080500841140747
update step=724 qpos=[-0.3286086320877075, 2.3135979175567627, 2.2599964141845703, -1.417982578277588, 0.4580014944076538, -0.18695402145385742, 0.0, 0.002401120727881789, 0.009295796044170856, 0.017361601814627647, -0.005175056401640177, 0.009463646449148655, 0.0013847050722688437, 1.0]
pred step=724 action=[[-0.3446352183818817, 2.3051083087921143, 2.245051860809326, -1.407849907875061, 0.4700043201446533, -0.19778352975845337, -0.006660640239715576, 0.0021952767856419086, 0.009806126356124878, 0.018099576234817505, -0.0052168965339660645, 0.009482108056545258, 0.0014380357461050153, 1.0087088346481323]] left_gripper=-0.006660640239715576 right_gripper=1.0087088346481323
update step=725 qpos=[-0.3428274393081665, 2.3061978816986084, 2.246894359588623, -1.4091702699661255, 0.4684928059577942, -0.19640031456947327, 0.0, 0.0022194806952029467, 0.009743270464241505, 0.018018590286374092, -0.00520871439948678, 0.009480148553848267, 0.001431270851753652, 1.0]
pred step=725 action=[[-0.3536471128463745, 2.298170566558838, 2.241837501525879, -1.4119974374771118, 0.47330546379089355, -0.20299264788627625, -0.007756292819976807, 0.002028064336627722, 0.011042237281799316, 0.0194455087184906, -0.005676776170730591, 0.009776763617992401, 0.002373941708356142, 1.0103518962860107]] left_gripper=-0.007756292819976807 right_gripper=1.0103518962860107
update step=726 qpos=[-0.3520960807800293, 2.299269437789917, 2.2423765659332275, -1.4116765260696411, 0.4726787507534027, -0.202153742313385, 0.0, 0.0020497895311564207, 0.010886632837355137, 0.01928183250129223, -0.0056136916391551495, 0.009739772416651249, 0.0022537950426340103, 1.0]
pred step=726 action=[[-0.3524688184261322, 2.3014450073242188, 2.242182731628418, -1.4095418453216553, 0.47383272647857666, -0.20104578137397766, -0.0048111677169799805, 0.002486051060259342, 0.011943846940994263, 0.018912404775619507, -0.005948185920715332, 0.00958116352558136, 0.0024313812609761953, 1.0096853971481323]] left_gripper=-0.0048111677169799805 right_gripper=1.0096853971481323
update step=727 qpos=[-0.3522576093673706, 2.301107168197632, 2.2422540187835693, -1.4098010063171387, 0.47367823123931885, -0.2011878788471222, 0.0, 0.0024351407773792744, 0.01182544231414795, 0.018938666209578514, -0.00591216329485178, 0.009600365534424782, 0.002408729400485754, 1.0]
pred step=727 action=[[-0.3655753433704376, 2.2913310527801514, 2.226818799972534, -1.4048471450805664, 0.4806410074234009, -0.21046632528305054, -0.007719814777374268, 0.0023941840045154095, 0.014324605464935303, 0.019479751586914062, -0.0074518173933029175, 0.009221568703651428, 0.0029688659124076366, 1.0106449127197266]] left_gripper=-0.007719814777374268 right_gripper=1.0106449127197266
update step=728 qpos=[-0.36407291889190674, 2.2926015853881836, 2.22867751121521, -1.405529499053955, 0.4797644317150116, -0.20928199589252472, 0.0, 0.0023998382966965437, 0.014031292870640755, 0.01940895803272724, -0.00725863641127944, 0.009269556030631065, 0.002897434402257204, 1.0]
pred step=728 action=[[-0.36894914507865906, 2.288057804107666, 2.2257516384124756, -1.4040381908416748, 0.4791784882545471, -0.2112410068511963, -0.010327339172363281, 0.0030247699469327927, 0.013820052146911621, 0.019237011671066284, -0.008470088243484497, 0.009602382779121399, 0.003342108801007271, 1.0104912519454956]] left_gripper=-0.010327339172363281 right_gripper=1.0104912519454956
update step=729 qpos=[-0.368132084608078, 2.2886714935302734, 2.226083278656006, -1.4042400121688843, 0.47923749685287476, -0.2109927386045456, 0.0, 0.002950645750388503, 0.013846388086676598, 0.019254690036177635, -0.008317176252603531, 0.00955908466130495, 0.003285397542640567, 1.0]
pred step=729 action=[[-0.3778374195098877, 2.2878167629241943, 2.212794780731201, -1.3937952518463135, 0.48889976739883423, -0.21958819031715393, -0.008785903453826904, 0.002420663833618164, 0.015584558248519897, 0.01942947506904602, -0.006916314363479614, 0.00892648845911026, 0.0034139053896069527, 1.0107836723327637]] left_gripper=-0.008785903453826904 right_gripper=1.0107836723327637
update step=730 qpos=[-0.37667641043663025, 2.287806749343872, 2.2145192623138428, -1.3951337337493896, 0.48767977952957153, -0.21849042177200317, 0.0, 0.002484304131940007, 0.015376314520835876, 0.019415926188230515, -0.007093346677720547, 0.009007528424263, 0.0033975576516240835, 1.0]
pred step=730 action=[[-0.38399630784988403, 2.28975248336792, 2.2104828357696533, -1.3853915929794312, 0.48977982997894287, -0.22303834557533264, -0.011627674102783203, 0.0024630543775856495, 0.015784263610839844, 0.019475549459457397, -0.006544768810272217, 0.008869796991348267, 0.0037547857500612736, 1.0107628107070923]] left_gripper=-0.011627674102783203 right_gripper=1.0107628107070923
update step=731 qpos=[-0.3829752504825592, 2.2894718647003174, 2.211047410964966, -1.3866087198257446, 0.48950910568237305, -0.22245797514915466, 0.0, 0.002465716563165188, 0.01573549024760723, 0.01947086863219738, -0.006613949779421091, 0.008887258358299732, 0.00370924174785614, 1.0]
pred step=731 action=[[-0.39211249351501465, 2.2881975173950195, 2.204068422317505, -1.3800820112228394, 0.4926285743713379, -0.22735083103179932, -0.012682318687438965, 0.0022212141193449497, 0.016396701335906982, 0.019240975379943848, -0.006363034248352051, 0.008622981607913971, 0.004021530970931053, 1.0116416215896606]] left_gripper=-0.012682318687438965 right_gripper=1.0116416215896606
update step=732 qpos=[-0.39095333218574524, 2.288325548171997, 2.204963207244873, -1.3809155225753784, 0.4922325313091278, -0.22672635316848755, 0.0, 0.0022504425141960382, 0.01632029190659523, 0.019263455644249916, -0.006397200282663107, 0.008656898513436317, 0.003981742076575756, 1.0]
pred step=732 action=[[-0.3990176320075989, 2.279320478439331, 2.1940441131591797, -1.3782132863998413, 0.4979672431945801, -0.23232603073120117, -0.01013880968093872, 0.0023228018544614315, 0.019326090812683105, 0.020684540271759033, -0.006743326783180237, 0.008587993681430817, 0.0043786680325865746, 1.0116394758224487]] left_gripper=-0.01013880968093872 right_gripper=1.0116394758224487
update step=733 qpos=[-0.3979431092739105, 2.2805044651031494, 2.19533371925354, -1.37860107421875, 0.49723148345947266, -0.2316126525402069, 0.0, 0.002314422046765685, 0.018968218937516212, 0.020522255450487137, -0.006696763914078474, 0.008596577681601048, 0.004328061826527119, 1.0]
pred step=733 action=[[-0.39904412627220154, 2.270813465118408, 2.1889736652374268, -1.3833873271942139, 0.49920403957366943, -0.2323913872241974, -0.007608532905578613, 0.0023086266592144966, 0.02132570743560791, 0.021829038858413696, -0.006659716367721558, 0.00894591212272644, 0.004512833431363106, 1.0111051797866821]] left_gripper=-0.007608532905578613 right_gripper=1.0111051797866821
update step=734 qpos=[-0.3987787663936615, 2.2721049785614014, 2.1896567344665527, -1.3828322887420654, 0.49894022941589355, -0.23229415714740753, 0.0, 0.002308623632416129, 0.021045668050646782, 0.021678855642676353, -0.006662123370915651, 0.008901773951947689, 0.004489312879741192, 1.0]
pred step=734 action=[[-0.4034343361854553, 2.270714282989502, 2.1846723556518555, -1.3786804676055908, 0.49984461069107056, -0.2346956729888916, -0.009161651134490967, 0.002444326411932707, 0.021416157484054565, 0.02220463752746582, -0.00833408534526825, 0.008460566401481628, 0.005075130611658096, 1.012031078338623]] left_gripper=-0.009161651134490967 right_gripper=1.012031078338623
update step=735 qpos=[-0.4028984308242798, 2.2708542346954346, 2.1853084564208984, -1.3792153596878052, 0.49973344802856445, -0.23438885807991028, 0.0, 0.0024292401503771544, 0.02137598767876625, 0.0221332348883152, -0.008123274892568588, 0.008516144007444382, 0.005000408738851547, 1.0]
pred step=735 action=[[-0.4067213833332062, 2.27797532081604, 2.1844542026519775, -1.366536021232605, 0.5017185211181641, -0.23909801244735718, -0.01295691728591919, 0.0025898898020386696, 0.020871132612228394, 0.02108672261238098, -0.00717577338218689, 0.008509621024131775, 0.004539202898740768, 1.0120460987091064]] left_gripper=-0.01295691728591919 right_gripper=1.0120460987091064
update step=736 qpos=[-0.4062003791332245, 2.276984453201294, 2.184692621231079, -1.3680974245071411, 0.5014692544937134, -0.23849575221538544, 0.0, 0.002571132965385914, 0.020932640880346298, 0.021206403151154518, -0.007299399934709072, 0.008510034531354904, 0.004598017316311598, 1.0]
pred step=736 action=[[-0.41158008575439453, 2.274275302886963, 2.1798524856567383, -1.364365816116333, 0.5044750571250916, -0.2414034605026245, -0.010491907596588135, 0.0025538085028529167, 0.022738605737686157, 0.021988391876220703, -0.006915107369422913, 0.007947474718093872, 0.004905402194708586, 1.0122129917144775]] left_gripper=-0.010491907596588135 right_gripper=1.0122129917144775
update step=737 qpos=[-0.41090843081474304, 2.2746403217315674, 2.1804416179656982, -1.3648494482040405, 0.5040926337242126, -0.24103251099586487, 0.0, 0.002557022264227271, 0.02252146601676941, 0.02190483547747135, -0.0069609833881258965, 0.00801863707602024, 0.0048661548644304276, 1.0]
pred step=737 action=[[-0.41858211159706116, 2.270659923553467, 2.1732337474823, -1.3574875593185425, 0.5078481435775757, -0.24635747075080872, -0.009727120399475098, 0.002425079233944416, 0.024147212505340576, 0.02200135588645935, -0.007182225584983826, 0.007730275392532349, 0.005365950986742973, 1.0127172470092773]] left_gripper=-0.009727120399475098 right_gripper=1.0127172470092773
update step=738 qpos=[-0.4176153242588043, 2.2711658477783203, 2.174133062362671, -1.3584328889846802, 0.5073705911636353, -0.2456778734922409, 0.0, 0.0024411561898887157, 0.023958513513207436, 0.02198086678981781, -0.007157600484788418, 0.007766998838633299, 0.005302239675074816, 1.0]
pred step=738 action=[[-0.42012226581573486, 2.269730567932129, 2.172943115234375, -1.356601595878601, 0.5073407292366028, -0.24804344773292542, -0.010572195053100586, 0.002527342177927494, 0.02304491400718689, 0.021658271551132202, -0.006815418601036072, 0.007996387779712677, 0.005025552120059729, 1.0128060579299927]] left_gripper=-0.010572195053100586 right_gripper=1.0128060579299927
update step=739 qpos=[-0.41970017552375793, 2.269927740097046, 2.173084259033203, -1.3568346500396729, 0.5073369145393372, -0.24774233996868134, 0.0, 0.0025167420972138643, 0.023151157423853874, 0.02170245163142681, -0.00685731740668416, 0.007967177778482437, 0.005060860421508551, 1.0]
pred step=739 action=[[-0.42606648802757263, 2.26859188079834, 2.165323495864868, -1.3496683835983276, 0.5096796154975891, -0.2511855661869049, -0.010108113288879395, 0.0025148396380245686, 0.023781925439834595, 0.02179616689682007, -0.00653742253780365, 0.0076414793729782104, 0.005647660233080387, 1.0133181810379028]] left_gripper=-0.010108113288879395 right_gripper=1.0133181810379028
update step=740 qpos=[-0.4253137707710266, 2.268711805343628, 2.166320562362671, -1.3505854606628418, 0.5093860626220703, -0.25074562430381775, 0.0, 0.0025156803894788027, 0.023707237094640732, 0.021784819662570953, -0.006578376516699791, 0.007682728115469217, 0.005572813097387552, 1.0]
pred step=740 action=[[-0.4286087453365326, 2.26725435256958, 2.1628623008728027, -1.344592809677124, 0.5115256905555725, -0.25460582971572876, -0.009414434432983398, 0.002560902386903763, 0.02465161681175232, 0.021775096654891968, -0.005919799208641052, 0.007839113473892212, 0.0056235878728330135, 1.0131652355194092]] left_gripper=-0.009414434432983398 right_gripper=1.0131652355194092
update step=741 qpos=[-0.4281170070171356, 2.2674484252929688, 2.163304090499878, -1.345351219177246, 0.511248767375946, -0.2541133463382721, 0.0, 0.0025552904698997736, 0.024539994075894356, 0.021776434034109116, -0.006004158407449722, 0.007819237187504768, 0.0056171477772295475, 1.0]
pred step=741 action=[[-0.4319097399711609, 2.2646846771240234, 2.1564817428588867, -1.3391473293304443, 0.5119865536689758, -0.25537240505218506, -0.00784611701965332, 0.0025768419727683067, 0.02596724033355713, 0.022089481353759766, -0.006314441561698914, 0.00750008225440979, 0.005956787150353193, 1.0132803916931152]] left_gripper=-0.00784611701965332 right_gripper=1.0132803916931152
update step=742 qpos=[-0.43142956495285034, 2.2650160789489746, 2.157339096069336, -1.3399451971054077, 0.5118920803070068, -0.2552117705345154, 0.0, 0.0025749655906111, 0.025799570605158806, 0.02204948104918003, -0.006276146043092012, 0.007540419697761536, 0.005913463421165943, 1.0]
pred step=742 action=[[-0.43467390537261963, 2.263871192932129, 2.154574394226074, -1.335355520248413, 0.5127344131469727, -0.25863298773765564, -0.006748020648956299, 0.002737672533839941, 0.026530951261520386, 0.022552281618118286, -0.006337791681289673, 0.007233723998069763, 0.0059143309481441975, 1.013475775718689]] left_gripper=-0.006748020648956299 right_gripper=1.013475775718689
update step=743 qpos=[-0.4342392086982727, 2.2640187740325928, 2.1549277305603027, -1.335937261581421, 0.5126252174377441, -0.25819632411003113, 0.0, 0.0027192318812012672, 0.026442861184477806, 0.02249767631292343, -0.006328065879642963, 0.007272133603692055, 0.005914199165999889, 1.0]
pred step=743 action=[[-0.4361588656902313, 2.261204957962036, 2.149754047393799, -1.330133318901062, 0.5136582851409912, -0.2587386667728424, -0.005495190620422363, 0.0028491858392953873, 0.027821213006973267, 0.022412538528442383, -0.006347298622131348, 0.007148444652557373, 0.006360574625432491, 1.0139412879943848]] left_gripper=-0.005495190620422363 right_gripper=1.0139412879943848
update step=744 qpos=[-0.4358878433704376, 2.261564254760742, 2.1503992080688477, -1.3308770656585693, 0.5135242342948914, -0.25866958498954773, 0.0, 0.0028342001605778933, 0.027661485597491264, 0.022413911297917366, -0.006348479073494673, 0.0071638356894254684, 0.006303641013801098, 1.0]
pred step=744 action=[[-0.44058677554130554, 2.2619524002075195, 2.145740270614624, -1.3216286897659302, 0.5142810344696045, -0.26100510358810425, -0.004037737846374512, 0.003002086654305458, 0.028084605932235718, 0.022346585988998413, -0.005995318293571472, 0.007050864398479462, 0.006368787493556738, 1.0142359733581543]] left_gripper=-0.004037737846374512 right_gripper=1.0142359733581543
update step=745 qpos=[-0.44002217054367065, 2.261868953704834, 2.146371364593506, -1.3227909803390503, 0.5141879320144653, -0.2607061564922333, 0.0, 0.0029826327227056026, 0.028033381327986717, 0.02235846221446991, -0.006039589177817106, 0.007064799778163433, 0.006360477767884731, 1.0]
pred step=745 action=[[-0.4419570565223694, 2.260751247406006, 2.14259672164917, -1.316919207572937, 0.5142870545387268, -0.26259753108024597, -0.0033462047576904297, 0.002928299829363823, 0.02939152717590332, 0.02203717827796936, -0.006244778633117676, 0.006991662085056305, 0.006666774395853281, 1.0143704414367676]] left_gripper=-0.0033462047576904297 right_gripper=1.0143704414367676
update step=746 qpos=[-0.4416526257991791, 2.2608892917633057, 2.143082857131958, -1.3176625967025757, 0.5142701864242554, -0.2623562812805176, 0.0, 0.002934857737272978, 0.029234595596790314, 0.022065099328756332, -0.006223172880709171, 0.007001032121479511, 0.006627726834267378, 1.0]
pred step=746 action=[[-0.4448399245738983, 2.260648727416992, 2.1400532722473145, -1.3100327253341675, 0.5157347321510315, -0.26514583826065063, -0.001928091049194336, 0.0031371954828500748, 0.031007230281829834, 0.021517693996429443, -0.00587444007396698, 0.00726298987865448, 0.0066620782017707825, 1.0141870975494385]] left_gripper=-0.001928091049194336 right_gripper=1.0141870975494385
update step=747 qpos=[-0.4444515109062195, 2.2606706619262695, 2.140462875366211, -1.310990810394287, 0.5155501365661621, -0.26478931307792664, 0.0, 0.0031129312701523304, 0.030799781903624535, 0.02157697267830372, -0.0059227957390248775, 0.007229465059936047, 0.006657706573605537, 1.0]
pred step=747 action=[[-0.4453277289867401, 2.2616209983825684, 2.1391589641571045, -1.3083257675170898, 0.5159895420074463, -0.26614323258399963, -0.0016502141952514648, 0.0031958376057446003, 0.030504047870635986, 0.02164512872695923, -0.005641922354698181, 0.00739220529794693, 0.006497154012322426, 1.0141136646270752]] left_gripper=-0.0016502141952514648 right_gripper=1.0141136646270752
update step=748 qpos=[-0.4451712965965271, 2.261479616165161, 2.1393449306488037, -1.3086578845977783, 0.5159316062927246, -0.26597049832344055, 0.0, 0.0031857965514063835, 0.03053499199450016, 0.021648919209837914, -0.005673948209732771, 0.007371466141194105, 0.006517626345157623, 1.0]
pred step=748 action=[[-0.4470118284225464, 2.2610135078430176, 2.1345622539520264, -1.3014031648635864, 0.5170791745185852, -0.2676818072795868, -0.0008202791213989258, 0.0032073529437184334, 0.03209000825881958, 0.021593034267425537, -0.005478709936141968, 0.007309272885322571, 0.0068823229521512985, 1.014401912689209]] left_gripper=-0.0008202791213989258 right_gripper=1.014401912689209
update step=749 qpos=[-0.44679293036460876, 2.2610483169555664, 2.1351888179779053, -1.3023208379745483, 0.5169347524642944, -0.26746290922164917, 0.0, 0.0032049547880887985, 0.03190891072154045, 0.021591700613498688, -0.005506971850991249, 0.007317132316529751, 0.006835810374468565, 1.0]
pred step=749 action=[[-0.4476025700569153, 2.2600724697113037, 2.134525775909424, -1.2988728284835815, 0.5161664485931396, -0.26784124970436096, 0.00010883808135986328, 0.0033587240613996983, 0.0326404869556427, 0.02145436406135559, -0.005542263388633728, 0.007374949753284454, 0.0067195286974310875, 1.014249563217163]] left_gripper=0.00010883808135986328 right_gripper=1.014249563217163
update step=750 qpos=[-0.4474751949310303, 2.2602193355560303, 2.1346094608306885, -1.2993054389953613, 0.5162614583969116, -0.2677929103374481, 0.00010883808135985454, 0.0033405933063477278, 0.032554518431425095, 0.02146972343325615, -0.005538859870284796, 0.007367309182882309, 0.006734357215464115, 1.0]
pred step=750 action=[[-0.46215730905532837, 2.2621958255767822, 2.149892807006836, -1.3572311401367188, 0.6282751560211182, -0.20694482326507568, 0.010762691497802734, 0.009209588170051575, 0.01057097315788269, -0.0025944411754608154, -0.00864759087562561, 0.010777495801448822, 0.0029987148009240627, 1.0111125707626343]] left_gripper=0.010762691497802734 right_gripper=1.0111125707626343
update step=751 qpos=[-0.46061134338378906, 2.262070417404175, 2.1477274894714355, -1.3499712944030762, 0.6140929460525513, -0.21470889449119568, 0.010762691497802726, 0.00851390790194273, 0.01325539406388998, 3.2946321880444884e-05, -0.008350093849003315, 0.01033423375338316, 0.003474595956504345, 1.0]
pred step=751 action=[[-0.4611389636993408, 2.2651729583740234, 2.151656150817871, -1.359072208404541, 0.6294558644294739, -0.20919591188430786, 0.015457630157470703, 0.010252008214592934, 0.011015474796295166, -0.0002563893795013428, -0.009760856628417969, 0.01053909957408905, 0.0030365721322596073, 1.012473225593567]] left_gripper=0.015457630157470703 right_gripper=1.012473225593567
update step=752 qpos=[-0.4606846570968628, 2.2647507190704346, 2.1511690616607666, -1.3579201698303223, 0.6274942755699158, -0.20989833772182465, 0.015457630157470703, 0.010048294439911842, 0.011228149756789207, -9.103782213060185e-05, -0.009543504565954208, 0.01050978060811758, 0.003092068014666438, 1.0]
pred step=752 action=[[-0.46624842286109924, 2.270598888397217, 2.152698040008545, -1.3488904237747192, 0.6312605738639832, -0.21444028615951538, 0.014620065689086914, 0.009724549017846584, 0.0100327730178833, -0.0017957091331481934, -0.008084207773208618, 0.010831639170646667, 0.0032703308388590813, 1.0116972923278809]] left_gripper=0.014620065689086914 right_gripper=1.0116972923278809
update step=753 qpos=[-0.4656340181827545, 2.2698183059692383, 2.1526002883911133, -1.3499984741210938, 0.6307933926582336, -0.21385855972766876, 0.014620065689086926, 0.009762114845216274, 0.01017696876078844, -0.001601576921530068, -0.008274706080555916, 0.010791615583002567, 0.003247639397159219, 1.0]
pred step=753 action=[[-0.4672618508338928, 2.273829936981201, 2.150667190551758, -1.341295599937439, 0.6331079006195068, -0.2194870412349701, 0.015963733196258545, 0.009986531920731068, 0.007833778858184814, -0.0027618408203125, -0.008134305477142334, 0.010383561253547668, 0.003002277109771967, 1.0124539136886597]] left_gripper=0.015963733196258545 right_gripper=1.0124539136886597
update step=754 qpos=[-0.46697190403938293, 2.273266315460205, 2.150989055633545, -1.342374563217163, 0.6328125, -0.21876820921897888, 0.01596373319625854, 0.009960949420928955, 0.008110267110168934, -0.0026218220591545105, -0.008152066729962826, 0.010434698313474655, 0.0030335248447954655, 1.0]
pred step=754 action=[[-0.46987348794937134, 2.2754812240600586, 2.1395621299743652, -1.3323030471801758, 0.6354021430015564, -0.22516882419586182, 0.028139770030975342, 0.010035921819508076, 0.008220374584197998, -0.004614800214767456, -0.005692973732948303, 0.00932198017835617, 0.0025989608839154243, 1.0122017860412598]] left_gripper=0.028139770030975342 right_gripper=1.0122017860412598
update step=755 qpos=[-0.46952691674232483, 2.2750675678253174, 2.1410677433013916, -1.3335853815078735, 0.6350776553153992, -0.22435131669044495, 0.02813977003097533, 0.010029550641775131, 0.008209887892007828, -0.004386541433632374, -0.0060120499692857265, 0.009462379850447178, 0.002654277253895998, 1.0]
pred step=755 action=[[-0.4721050262451172, 2.283332347869873, 2.1293983459472656, -1.3266170024871826, 0.6309482455253601, -0.2250494360923767, 0.04956364631652832, 0.009960233233869076, 0.01118481159210205, -0.0006730258464813232, -0.004328370094299316, 0.00999702513217926, 0.0027752737514674664, 1.010611891746521]] left_gripper=0.04956364631652832 right_gripper=1.010611891746521
update step=756 qpos=[-0.471755713224411, 2.2820451259613037, 2.130990982055664, -1.3274974822998047, 0.6314778923988342, -0.22495979070663452, 0.04956364631652833, 0.009967283345758915, 0.010812521912157536, -0.0010585329728201032, -0.004521330818533897, 0.009929523803293705, 0.002759865252301097, 1.0]
pred step=756 action=[[-0.4784678518772125, 2.2926080226898193, 2.1356406211853027, -1.3245939016342163, 0.6332415342330933, -0.23569399118423462, 0.07808530330657959, 0.011657089926302433, 0.012116402387619019, -0.0004474520683288574, -0.0028220713138580322, 0.0088682621717453, 0.002644841093569994, 1.0095597505569458]] left_gripper=0.07808530330657959 right_gripper=1.0095597505569458
update step=757 qpos=[-0.4776582717895508, 2.291184902191162, 2.1351735591888428, -1.324918508529663, 0.6330263614654541, -0.2343229055404663, 0.07808530330657959, 0.011461028829216957, 0.011967099271714687, -0.0005317479372024536, -0.0030410673934966326, 0.008998979814350605, 0.002659264486283064, 1.0]
pred step=757 action=[[-0.4793921113014221, 2.294137954711914, 2.1219215393066406, -1.318899393081665, 0.6322441101074219, -0.23859497904777527, 0.09895431995391846, 0.010425372049212456, 0.010640501976013184, 0.0019430816173553467, -0.0014183521270751953, 0.009283311665058136, 0.002743873279541731, 1.0075865983963013]] left_gripper=0.09895431995391846 right_gripper=1.0075865983963013
update step=758 qpos=[-0.4790754020214081, 2.293585777282715, 2.123652219772339, -1.3196793794631958, 0.6323409080505371, -0.23805038630962372, 0.09895431995391846, 0.010546557605266571, 0.010783090256154537, 0.0016912282444536686, -0.0016067662509158254, 0.009249390102922916, 0.0027332110330462456, 1.0]
pred step=758 action=[[-0.48478469252586365, 2.314620018005371, 2.1247365474700928, -1.3115206956863403, 0.633320689201355, -0.24321910738945007, 0.1419561505317688, 0.010866086930036545, 0.010254234075546265, 0.005180299282073975, 0.0008671879768371582, 0.007836632430553436, 0.0029813582077622414, 1.0093953609466553]] left_gripper=0.1419561505317688 right_gripper=1.0093953609466553
update step=759 qpos=[-0.48410433530807495, 2.3116681575775146, 2.1248703002929688, -1.312481164932251, 0.6332147121429443, -0.2425568401813507, 0.1419561505317688, 0.010831267572939396, 0.0103043457493186, 0.004801960662007332, 0.0005703573697246611, 0.008014624007046223, 0.0029496094211935997, 1.0]
pred step=759 action=[[-0.4929393529891968, 2.312629222869873, 2.1226634979248047, -1.3069508075714111, 0.6267439126968384, -0.25129711627960205, 0.20355236530303955, 0.010822173207998276, 0.0059392452239990234, 0.009017109870910645, 0.0005847066640853882, 0.007992871105670929, 0.004252848215401173, 1.0070070028305054]] left_gripper=0.20355236530303955 right_gripper=1.0070070028305054
update step=760 qpos=[-0.4918082654476166, 2.312514543533325, 2.122959852218628, -1.3076428174972534, 0.6275614500045776, -0.25018182396888733, 0.20355236530303958, 0.010823080316185951, 0.006442985963076353, 0.008555134758353233, 0.0006056221900507808, 0.00799571629613638, 0.004086708649992943, 1.0]
pred step=760 action=[[-0.4990987479686737, 2.3288066387176514, 2.1261067390441895, -1.3069716691970825, 0.6226546168327332, -0.25647497177124023, 0.2614549398422241, 0.011535963043570518, 0.005158036947250366, 0.009427934885025024, 0.0039021968841552734, 0.00740177184343338, 0.0014659310691058636, 1.0092970132827759]] left_gripper=0.2614549398422241 right_gripper=1.0092970132827759
update step=761 qpos=[-0.498106986284256, 2.3265044689178467, 2.1259119510650635, -1.307002067565918, 0.6232857704162598, -0.25567132234573364, 0.2614549398422241, 0.011453869752585888, 0.005312593188136816, 0.009317447431385517, 0.003483934560790658, 0.007475086487829685, 0.0018000233685597777, 1.0]
pred step=761 action=[[-0.4971117675304413, 2.3252224922180176, 2.124450922012329, -1.305241584777832, 0.6216838955879211, -0.25693416595458984, 0.27357017993927, 0.010961624793708324, 0.002992600202560425, 0.011373937129974365, 0.003062918782234192, 0.0067980363965034485, 0.0019023475470021367, 1.0072797536849976]] left_gripper=0.27357017993927 right_gripper=1.0072797536849976
update step=762 qpos=[-0.4971151649951935, 2.325425386428833, 2.1246140003204346, -1.305467128753662, 0.621877133846283, -0.2567738890647888, 0.27357017993927, 0.011020886711776257, 0.003261617384850979, 0.011145491153001785, 0.0031269649043679237, 0.0068845623172819614, 0.001889180508442223, 1.0]
pred step=762 action=[[-0.5021416544914246, 2.3287265300750732, 2.1202316284179688, -1.2986997365951538, 0.6178508400917053, -0.2604725658893585, 0.3293793201446533, 0.011013079434633255, -0.0007887184619903564, 0.011657774448394775, 0.005448147654533386, 0.006257973611354828, 0.001917508547194302, 1.0075597763061523]] left_gripper=0.3293793201446533 right_gripper=1.0075597763061523
update step=763 qpos=[-0.5015873312950134, 2.3282103538513184, 2.1208560466766357, -1.2995463609695435, 0.6183695197105408, -0.2599995732307434, 0.3293793201446533, 0.011015120893716812, -0.0003153564175590873, 0.011613922193646431, 0.005161822307854891, 0.006337172817438841, 0.001913870102725923, 1.0]
pred step=763 action=[[-0.5086649656295776, 2.336254835128784, 2.1199862957000732, -1.293571949005127, 0.6092201471328735, -0.26571470499038696, 0.3913588523864746, 0.010287122800946236, -0.0035729706287384033, 0.014070630073547363, 0.0069640278816223145, 0.005609326064586639, 0.00028674775967374444, 1.0066673755645752]] left_gripper=0.3913588523864746 right_gripper=1.0066673755645752
update step=764 qpos=[-0.5077407360076904, 2.335118532180786, 2.120209217071533, -1.294297456741333, 0.6103836297988892, -0.26498478651046753, 0.39135885238647466, 0.010374246165156364, -0.0032007016707211733, 0.013815115205943584, 0.006752654444426298, 0.005702564958482981, 0.0004942286759614944, 1.0]
pred step=764 action=[[-0.5164083242416382, 2.3445959091186523, 2.1233601570129395, -1.28835928440094, 0.6030133962631226, -0.2694193124771118, 0.4673098921775818, 0.010920592583715916, -0.0060784220695495605, 0.015413612127304077, 0.008275061845779419, 0.004649624228477478, 0.00039300648495554924, 1.0061194896697998]] left_gripper=0.4673098921775818 right_gripper=1.0061194896697998
update step=765 qpos=[-0.5152783989906311, 2.343306541442871, 2.12309193611145, -1.2890641689300537, 0.6039509177207947, -0.268852561712265, 0.4673098921775818, 0.010858453810214996, -0.005741563625633717, 0.015234059654176235, 0.008089900948107243, 0.004781566560268402, 0.00040571627323515713, 1.0]
pred step=765 action=[[-0.5213508009910583, 2.3376381397247314, 2.1252877712249756, -1.286948323249817, 0.5981212854385376, -0.2802676856517792, 0.5035368800163269, 0.009431138634681702, -0.007805854082107544, 0.010506927967071533, 0.009128645062446594, 0.004410095512866974, -0.0007623158162459731, 1.0065745115280151]] left_gripper=0.5035368800163269 right_gripper=1.0065745115280151
update step=766 qpos=[-0.5205005407333374, 2.3385019302368164, 2.1249451637268066, -1.2872179746627808, 0.5988476276397705, -0.2788122594356537, 0.5035368800163269, 0.009599858894944191, -0.0075371284037828445, 0.010999430902302265, 0.008969319984316826, 0.004459677264094353, -0.0006132929120212793, 1.0]
pred step=766 action=[[-0.5144511461257935, 2.326310157775879, 2.1070926189422607, -1.2869423627853394, 0.5925385355949402, -0.26979056000709534, 0.5369254946708679, 0.01039627194404602, -0.007500976324081421, 0.02246907353401184, 0.009562566876411438, 0.0029925331473350525, 0.0005945099401287735, 1.005598545074463]] left_gripper=0.5369254946708679 right_gripper=1.005598545074463
update step=767 qpos=[-0.5150704979896545, 2.3278069496154785, 2.1092281341552734, -1.2870539426803589, 0.5933257937431335, -0.2709445357322693, 0.536925494670868, 0.0103051932528615, -0.007569215726107359, 0.02128562703728676, 0.009560653939843178, 0.0031765284948050976, 0.00044030268327333033, 1.0]
pred step=767 action=[[-0.5201832056045532, 2.337019443511963, 2.1147382259368896, -1.2819676399230957, 0.5846269130706787, -0.2806888818740845, 0.610836386680603, 0.009675577282905579, -0.006654888391494751, 0.017025768756866455, 0.010334104299545288, 0.0019932836294174194, -0.0019547278061509132, 1.0056514739990234]] left_gripper=0.610836386680603 right_gripper=1.0056514739990234
update step=768 qpos=[-0.5196982622146606, 2.3357789516448975, 2.1141653060913086, -1.2825639247894287, 0.5857441425323486, -0.27944326400756836, 0.610836386680603, 0.00975266844034195, -0.006710039917379618, 0.017388835549354553, 0.01018636766821146, 0.0021436510141938925, -0.0016493415459990501, 1.0]
pred step=768 action=[[-0.5246128439903259, 2.317300319671631, 2.100726366043091, -1.2671023607254028, 0.5668594241142273, -0.28207525610923767, 0.706210732460022, 0.009398906491696835, -0.018085867166519165, 0.02207896113395691, 0.012256652116775513, 0.001858927309513092, -0.0002011170145124197, 1.0039483308792114]] left_gripper=0.706210732460022 right_gripper=1.0039483308792114
update step=769 qpos=[-0.5239330530166626, 2.3198323249816895, 2.102268934249878, -1.269108533859253, 0.5692359805107117, -0.28174102306365967, 0.706210732460022, 0.009440365247428417, -0.016795022413134575, 0.021676450967788696, 0.012054696679115295, 0.0018957866122946143, -0.00038585494621656835, 1.0]
pred step=769 action=[[-0.5268966555595398, 2.319035053253174, 2.09494948387146, -1.2549251317977905, 0.5580645799636841, -0.2839243710041046, 0.7283633351325989, 0.009228060953319073, -0.013434618711471558, 0.01439175009727478, 0.014756977558135986, 0.0011529549956321716, -0.002768945414572954, 1.005220651626587]] left_gripper=0.7283633351325989 right_gripper=1.005220651626587
update step=770 qpos=[-0.5264900326728821, 2.3190627098083496, 2.0959391593933105, -1.2567106485366821, 0.5594801306724548, -0.2836449444293976, 0.7283633351325989, 0.009255045093595982, -0.013774552382528782, 0.01509511936455965, 0.01435104850679636, 0.0012469417415559292, -0.002465079538524151, 1.0]
pred step=770 action=[[-0.5196558833122253, 2.2690720558166504, 2.052926540374756, -1.2489134073257446, 0.5450344681739807, -0.2710913121700287, 0.7975125908851624, 0.009127636440098286, -0.015132933855056763, 0.019697755575180054, 0.01783868670463562, -0.0002654716372489929, 0.002484289463609457, 1.0066654682159424]] left_gripper=0.7975125908851624 right_gripper=1.0066654682159424
update step=771 qpos=[-0.5203778743743896, 2.2756412029266357, 2.0578525066375732, -1.2501243352890015, 0.5468301773071289, -0.27269840240478516, 0.7975125908851624, 0.009144866839051247, -0.015024085529148579, 0.019295670092105865, 0.01744631677865982, -7.351111707976088e-05, 0.0018530739471316338, 1.0]
pred step=771 action=[[-0.5148131847381592, 2.254650592803955, 2.0505738258361816, -1.24440598487854, 0.5320563316345215, -0.2820136845111847, 0.882402777671814, 0.009260449558496475, -0.0157167911529541, 0.01663830876350403, 0.017113864421844482, -5.179643630981445e-05, -0.002961636520922184, 1.00605309009552]] left_gripper=0.882402777671814 right_gripper=1.00605309009552
update step=772 qpos=[-0.515572726726532, 2.2575104236602783, 2.051283597946167, -1.2451951503753662, 0.5339202284812927, -0.28082653880119324, 0.8824027776718141, 0.009247515350580215, -0.015605518594384193, 0.016873586922883987, 0.017128929495811462, -5.5460186558775604e-05, -0.002347558503970504, 1.0]
pred step=772 action=[[-0.5068422555923462, 2.218871593475342, 2.0132179260253906, -1.2246904373168945, 0.5187268853187561, -0.27823135256767273, 0.9217246770858765, 0.00843370147049427, -0.013150244951248169, 0.021546274423599243, 0.015490606427192688, -0.0008660480380058289, -0.0021723536774516106, 1.006629467010498]] left_gripper=0.9217246770858765 right_gripper=1.006629467010498
update step=773 qpos=[-0.5079044699668884, 2.2238850593566895, 2.017681837081909, -1.227453351020813, 0.5206322073936462, -0.278565376996994, 0.9217246770858765, 0.008530976250767708, -0.01346223521977663, 0.021050244569778442, 0.01572308875620365, -0.0007619626703672111, -0.002194904489442706, 1.0]
pred step=773 action=[[-0.5078350901603699, 2.222276210784912, 2.027404308319092, -1.2229841947555542, 0.5175220370292664, -0.283027708530426, 0.9340505003929138, 0.008802978321909904, -0.01067817211151123, 0.02048400044441223, 0.01406201720237732, -0.0014059469103813171, -0.002963340375572443, 1.0042533874511719]] left_gripper=0.9340505003929138 right_gripper=1.0042533874511719
update step=774 qpos=[-0.5080019235610962, 2.2226343154907227, 2.0261709690093994, -1.2235172986984253, 0.5179227590560913, -0.28245705366134644, 0.9340505003929138, 0.008772440254688263, -0.010986828245222569, 0.02049669809639454, 0.014254527166485786, -0.001325239660218358, -0.0028654264751821756, 1.0]
pred step=774 action=[[-0.4971540570259094, 2.107370138168335, 1.9354654550552368, -1.1793917417526245, 0.4881763458251953, -0.2783470153808594, 0.9840086102485657, 0.009874658659100533, 0.0013253390789031982, 0.018208056688308716, 0.009217783808708191, -0.0002592504024505615, -0.0005675979191437364, 1.0044000148773193]] left_gripper=0.9840086102485657 right_gripper=1.0044000148773193
update step=775 qpos=[-0.4982207119464874, 2.1222493648529053, 1.9460415840148926, -1.1853989362716675, 0.4918816089630127, -0.2788793742656708, 0.9840086102485657, 0.009743081405758858, -9.582607890479267e-05, 0.018384650349617004, 0.009817566722631454, -0.00039598430157639086, -0.0008606252958998084, 1.0]
pred step=775 action=[[-0.48932400345802307, 2.1042680740356445, 1.9243062734603882, -1.1629332304000854, 0.47571492195129395, -0.2777804434299469, 0.9985853433609009, 0.007516057230532169, 0.004018038511276245, 0.02381742000579834, 0.011322394013404846, 0.0004820823669433594, -0.005291568581014872, 1.0045970678329468]] left_gripper=0.9985853433609009 right_gripper=1.0045970678329468
update step=776 qpos=[-0.4904991388320923, 2.1067609786987305, 1.9268150329589844, -1.165855050086975, 0.4777563810348511, -0.27792054414749146, 0.9985853433609008, 0.007776471320539713, 0.0034885979257524014, 0.02329588495194912, 0.011173308826982975, 0.00037512544076889753, -0.004726261366158724, 1.0]
pred step=776 action=[[-0.49293404817581177, 2.1321005821228027, 1.9365795850753784, -1.1607418060302734, 0.4816880226135254, -0.2826576232910156, 1.0005568265914917, 0.009460113011300564, 0.0059927403926849365, 0.02599811553955078, 0.007034733891487122, -0.001378670334815979, -0.004306075628846884, 1.0012818574905396]] left_gripper=1.0005568265914917 right_gripper=1.0012818574905396
update step=777 qpos=[-0.49283161759376526, 2.128732919692993, 1.9356492757797241, -1.1612756252288818, 0.4812149107456207, -0.28204914927482605, 1.0, 0.009265645407140255, 0.005710800644010305, 0.025641536340117455, 0.007554536685347557, -0.0011602600570768118, -0.004360135179013014, 1.0]
pred step=777 action=[[-0.44808587431907654, 1.947766661643982, 1.8063604831695557, -1.062084674835205, 0.4340236186981201, -0.27500277757644653, 1.0370689630508423, 0.006924719549715519, 0.00892302393913269, 0.02431347966194153, 0.004104599356651306, -0.006203912198543549, -0.007929081097245216, 0.9971963763237]] left_gripper=1.0370689630508423 right_gripper=0.9971963763237
update step=778 qpos=[-0.4522492289543152, 1.9784321784973145, 1.8218066692352295, -1.0748642683029175, 0.4398403465747833, -0.2759111821651459, 1.0, 0.007210964802652597, 0.008563835173845291, 0.024415338411927223, 0.004522188100963831, -0.0055623603984713554, -0.007474138867110014, 0.9971963763237]
pred step=778 action=[[-0.43578219413757324, 1.8607826232910156, 1.7351925373077393, -1.051233172416687, 0.42945176362991333, -0.26533204317092896, 1.0302975177764893, 0.007216901518404484, 0.024201154708862305, 0.027989983558654785, -0.0038801878690719604, -0.006461940705776215, -0.005153309088200331, 0.9999313950538635]] left_gripper=1.0302975177764893 right_gripper=0.9999313950538635
update step=779 qpos=[-0.4381341338157654, 1.8759397268295288, 1.744771957397461, -1.0547940731048584, 0.43075183033943176, -0.26668691635131836, 1.0, 0.007217803038656712, 0.022367725148797035, 0.02752232924103737, -0.002828315831720829, -0.006348286755383015, -0.005449414253234863, 0.9999313950538635]
pred step=779 action=[[-0.4383147358894348, 1.8727535009384155, 1.7498780488967896, -1.0336748361587524, 0.4199520945549011, -0.26440009474754333, 1.0411278009414673, 0.006310427561402321, 0.021326571702957153, 0.019443541765213013, 0.0035227537155151367, -0.006174065172672272, -0.007774708792567253, 0.9994951486587524]] left_gripper=1.0411278009414673 right_gripper=0.9994951486587524
update step=780 qpos=[-0.4384543299674988, 1.8736177682876587, 1.7491021156311035, -1.036325454711914, 0.42132487893104553, -0.2646889388561249, 1.0, 0.006416890304535627, 0.021462127566337585, 0.020376820117235184, 0.0026915743947029114, -0.00619454775005579, -0.007478040177375078, 0.9994951486587524]
pred step=780 action=[[-0.4100582003593445, 1.7630425691604614, 1.663589358329773, -0.9875078201293945, 0.4020930528640747, -0.2546692192554474, 1.041677474975586, 0.007716292981058359, 0.02769613265991211, 0.02809971570968628, -0.0023787617683410645, -0.009900078177452087, -0.005394027102738619, 1.0001225471496582]] left_gripper=1.041677474975586 right_gripper=1.0001225471496582
update step=781 qpos=[-0.4127664864063263, 1.7764973640441895, 1.6737538576126099, -0.9940904378890991, 0.4044402837753296, -0.25595545768737793, 1.0, 0.0075710248202085495, 0.026926634833216667, 0.02726859226822853, -0.0016984130488708615, -0.009434104897081852, -0.005660193040966988, 1.0]
pred step=781 action=[[-0.3827705681324005, 1.6431745290756226, 1.5482596158981323, -0.898720383644104, 0.3638559579849243, -0.24532130360603333, 1.0489286184310913, 0.00644205417484045, 0.03741440176963806, 0.03031030297279358, -0.009154707193374634, -0.009083352982997894, -0.009983940050005913, 0.9997014403343201]] left_gripper=1.0489286184310913 right_gripper=0.9997014403343201
update step=782 qpos=[-0.3858613669872284, 1.6596513986587524, 1.5629656314849854, -0.9113750457763672, 0.3689138889312744, -0.24668332934379578, 1.0, 0.006575038656592369, 0.03620511665940285, 0.029868099838495255, -0.008231164887547493, -0.009126201272010803, -0.009432422928512096, 0.9997014403343201]
pred step=782 action=[[-0.3528907299041748, 1.5181841850280762, 1.4503064155578613, -0.8527368307113647, 0.3430289030075073, -0.23044538497924805, 1.0410078763961792, 0.008976935409009457, 0.05859735608100891, 0.042721331119537354, -0.016469404101371765, -0.0138506218791008, -0.006322235334664583, 0.9956650733947754]] left_gripper=1.0410078763961792 right_gripper=0.9956650733947754
update step=783 qpos=[-0.35626140236854553, 1.5351473093032837, 1.4634716510772705, -0.8607496619224548, 0.34621134400367737, -0.23252467811107635, 1.0, 0.008704510517418385, 0.055935390293598175, 0.04123982414603233, -0.0153996916487813, -0.013257892802357674, -0.006719475146383047, 0.9956650733947754]
pred step=783 action=[[-0.3511698246002197, 1.5118458271026611, 1.4397308826446533, -0.8399330377578735, 0.3351617157459259, -0.22832924127578735, 1.0425872802734375, 0.00689889770001173, 0.049576371908187866, 0.04304346442222595, -0.017942190170288086, -0.011896580457687378, -0.009708581492304802, 0.9963893890380859]] left_gripper=1.0425872802734375 right_gripper=0.9963893890380859
update step=784 qpos=[-0.35178783535957336, 1.5153460502624512, 1.442049264907837, -0.8427489399909973, 0.33654141426086426, -0.22886554896831512, 1.0, 0.007108842954039574, 0.050327032804489136, 0.04284457862377167, -0.01760748028755188, -0.012065735645592213, -0.009327067993581295, 0.9963893890380858]
pred step=784 action=[[-0.32459309697151184, 1.4100091457366943, 1.3416874408721924, -0.782737135887146, 0.3203006386756897, -0.22631755471229553, 1.0424283742904663, 0.005782753229141235, 0.0759689211845398, 0.05266490578651428, -0.0220404714345932, -0.014552086591720581, -0.00859805941581726, 0.9946416616439819]] left_gripper=1.0424283742904663 right_gripper=0.9946416616439819
update step=785 qpos=[-0.32737278938293457, 1.4220521450042725, 1.3537729978561401, -0.7907685041427612, 0.3222838342189789, -0.22664861381053925, 1.0, 0.00594353349879384, 0.07295023649930954, 0.051468200981616974, -0.021483100950717926, -0.014234809204936028, -0.008691083639860153, 0.9946416616439819]
pred step=785 action=[[-0.3025444746017456, 1.3131091594696045, 1.2732818126678467, -0.7414979934692383, 0.30157673358917236, -0.20506912469863892, 1.0358446836471558, 0.006637156009674072, 0.07167142629623413, 0.06107532978057861, -0.027284160256385803, -0.016435958445072174, -0.011394042521715164, 0.9951833486557007]] left_gripper=1.0358446836471558 right_gripper=0.9951833486557007
update step=786 qpos=[-0.3051445484161377, 1.3259299993515015, 1.28267240524292, -0.7481637001037598, 0.3041278123855591, -0.20782677829265594, 1.0, 0.006560597103089094, 0.07179220765829086, 0.06003138795495033, -0.026499761268496513, -0.016159703955054283, -0.011049594730138779, 0.9951833486557007]
pred step=786 action=[[-0.27225640416145325, 1.2041423320770264, 1.171812653541565, -0.669133722782135, 0.2739392817020416, -0.19320881366729736, 1.036085605621338, 0.005332705099135637, 0.07923150062561035, 0.06731227040290833, -0.032995134592056274, -0.016648560762405396, -0.011953305453062057, 0.9956835508346558]] left_gripper=1.036085605621338 right_gripper=0.9956835508346558
update step=787 qpos=[-0.2757285535335541, 1.218420147895813, 1.1847997903823853, -0.6796636581420898, 0.2776639461517334, -0.19507944583892822, 1.0, 0.005478313658386469, 0.0783693939447403, 0.06640571355819702, -0.03217153251171112, -0.016584550961852074, -0.01183807011693716, 0.9956835508346558]
pred step=787 action=[[-0.2662926912307739, 1.1778035163879395, 1.1296019554138184, -0.63695228099823, 0.26628735661506653, -0.20398065447807312, 1.0390256643295288, 0.0008214935660362244, 0.0920322835445404, 0.08519597351551056, -0.046658605337142944, -0.015192091464996338, -0.01890941523015499, 0.9905800819396973]] left_gripper=1.0390256643295288 right_gripper=0.9905800819396973
update step=788 qpos=[-0.2673132121562958, 1.182906150817871, 1.1357992887496948, -0.642639696598053, 0.2676936089992523, -0.20284762978553772, 1.0, 0.0013661885168403387, 0.09039415419101715, 0.08303786814212799, -0.044767122715711594, -0.015359451062977314, -0.01800718531012535, 0.9905800819396973]
pred step=788 action=[[-0.2270604968070984, 0.9990984201431274, 0.9895763397216797, -0.5617823004722595, 0.22937849164009094, -0.17097048461437225, 1.0294296741485596, 0.00346103822812438, 0.11286231875419617, 0.08564995229244232, -0.04353496432304382, -0.016209803521633148, -0.013463467359542847, 0.9953799843788147]] left_gripper=1.0294296741485596 right_gripper=0.9953799843788147
update step=789 qpos=[-0.23138809204101562, 1.023105263710022, 1.0074058771133423, -0.5724828839302063, 0.23411323130130768, -0.17504341900348663, 1.0, 0.003215787699446082, 0.11026645451784134, 0.0852159783244133, -0.043736208230257034, -0.01610563136637211, -0.014043339528143406, 0.9953799843788147]
pred step=789 action=[[-0.20305976271629333, 0.9385970830917358, 0.9317394495010376, -0.5214653015136719, 0.2228810042142868, -0.1639140546321869, 1.0299019813537598, 0.002703161910176277, 0.11452436447143555, 0.09985500574111938, -0.05579063296318054, -0.019780319184064865, -0.016050180420279503, 0.9912339448928833]] left_gripper=1.0299019813537598 right_gripper=0.9912339448928833
update step=790 qpos=[-0.20623640716075897, 0.9486013054847717, 0.9402867555618286, -0.5283259153366089, 0.22422151267528534, -0.16533811390399933, 1.0, 0.002771759871393442, 0.11397497355937958, 0.098250612616539, -0.054193638265132904, -0.01931525021791458, -0.015794210135936737, 0.9912339448928833]
pred step=790 action=[[-0.17106753587722778, 0.8066179752349854, 0.8136725425720215, -0.445501446723938, 0.19479364156723022, -0.14906367659568787, 1.0254461765289307, -0.0007416140288114548, 0.1346665918827057, 0.11835874617099762, -0.06585891544818878, -0.02093704417347908, -0.018549863249063492, 0.9897141456604004]] left_gripper=1.0254461765289307 right_gripper=0.9897141456604004
update step=791 qpos=[-0.17501650750637054, 0.8224830627441406, 0.8288911581039429, -0.45643365383148193, 0.19843506813049316, -0.15114296972751617, 1.0, -0.0003252275346312672, 0.13222266733646393, 0.11599626392126083, -0.06434052437543869, -0.020725345239043236, -0.018198182806372643, 0.9897141456604004]
pred step=791 action=[[-0.16225434839725494, 0.7411355376243591, 0.7415351867675781, -0.41270917654037476, 0.18038970232009888, -0.1401786506175995, 1.0200823545455933, -9.884778410196304e-05, 0.16224664449691772, 0.14280559122562408, -0.0837181955575943, -0.021356921643018723, -0.020366372540593147, 0.9870341420173645]] left_gripper=1.0200823545455933 right_gripper=0.9870341420173645
update step=792 qpos=[-0.1636926382780075, 0.7504585385322571, 0.7516367435455322, -0.4186103045940399, 0.18264634907245636, -0.14157789945602417, 1.0, -0.00012385915033519268, 0.1587078720331192, 0.13965152204036713, -0.0812089815735817, -0.021277686581015587, -0.02008994109928608, 0.9870341420173645]
pred step=792 action=[[-0.1265588104724884, 0.6401299834251404, 0.650572657585144, -0.3458492159843445, 0.16186925768852234, -0.1257113367319107, 1.0187901258468628, -0.0028366195037961006, 0.16750656068325043, 0.159821018576622, -0.09477642923593521, -0.02204252779483795, -0.02344268560409546, 0.9876621961593628]] left_gripper=1.0187901258468628 right_gripper=0.9876621961593628
update step=793 qpos=[-0.13082829117774963, 0.6524752378463745, 0.6627784967422485, -0.35534632205963135, 0.16441486775875092, -0.12773819267749786, 1.0, -0.0025159278884530067, 0.16645663976669312, 0.15748624503612518, -0.0929994285106659, -0.02194076217710972, -0.023014932870864868, 0.9876621961593628]
pred step=793 action=[[-0.1145697683095932, 0.596835196018219, 0.6103271245956421, -0.32877030968666077, 0.15245485305786133, -0.11648936569690704, 1.016078233718872, -0.0021491069346666336, 0.17217230796813965, 0.1633104532957077, -0.09572853147983551, -0.02238878607749939, -0.023306984454393387, 0.9868682622909546]] left_gripper=1.016078233718872 right_gripper=0.9868682622909546
update step=794 qpos=[-0.11644037812948227, 0.6031600832939148, 0.6164731383323669, -0.332315057516098, 0.15393365919589996, -0.11792515963315964, 1.0, -0.0021914481185376644, 0.17153219878673553, 0.16255299746990204, -0.09539172053337097, -0.02233288809657097, -0.023269938305020332, 0.9868682622909546]
pred step=794 action=[[-0.09340399503707886, 0.5272281169891357, 0.5501332879066467, -0.29098010063171387, 0.14230859279632568, -0.10360383987426758, 1.0111968517303467, -0.002350025810301304, 0.17649321258068085, 0.1782369762659073, -0.10335173457860947, -0.02400827780365944, -0.024760417640209198, 0.9843187928199768]] left_gripper=1.0111968517303467 right_gripper=0.9843187928199768
update step=795 qpos=[-0.09607736021280289, 0.53582763671875, 0.5580404996871948, -0.2964046597480774, 0.1437327265739441, -0.10543164610862732, 1.0, -0.0023274575360119343, 0.17587162554264069, 0.17648030817508698, -0.10228051245212555, -0.02379646524786949, -0.024570412933826447, 0.9843187928199768]
pred step=795 action=[[-0.08047285676002502, 0.46499869227409363, 0.49455583095550537, -0.2589087188243866, 0.1337016522884369, -0.09676062315702438, 1.0080546140670776, -0.002825516276061535, 0.19018995761871338, 0.19258102774620056, -0.11236042529344559, -0.023802898824214935, -0.0266053956001997, 0.9838550686836243]] left_gripper=1.0080546140670776 right_gripper=0.9838550686836243
update step=796 qpos=[-0.08228401094675064, 0.4730686545372009, 0.5020670890808105, -0.2638401389122009, 0.1349424123764038, -0.09786666184663773, 1.0, -0.002766480203717947, 0.1885184645652771, 0.1906605213880539, -0.11105504631996155, -0.023801308125257492, -0.026345837861299515, 0.9838550686836243]
pred step=796 action=[[-0.07294420152902603, 0.4476078152656555, 0.47760841250419617, -0.246526837348938, 0.13081179559230804, -0.09363385289907455, 1.0076099634170532, -0.003746824339032173, 0.19402197003364563, 0.19512638449668884, -0.11267856508493423, -0.024371296167373657, -0.027174456045031548, 0.9845119118690491]] left_gripper=1.0076099634170532 right_gripper=0.9845119118690491
update step=797 qpos=[-0.07403088361024857, 0.45048680901527405, 0.4805527627468109, -0.24877145886421204, 0.13131588697433472, -0.09417391568422318, 1.0, -0.0036304304376244545, 0.1933969259262085, 0.19456136226654053, -0.11247568577528, -0.024297241121530533, -0.02706877887248993, 0.9845119118690491]
pred step=797 action=[[-0.06437883526086807, 0.42018669843673706, 0.45382702350616455, -0.23419968783855438, 0.12492100149393082, -0.08852583914995193, 1.0053786039352417, -0.004024960100650787, 0.2007158398628235, 0.2033182829618454, -0.11665330827236176, -0.02529960870742798, -0.02730363793671131, 0.9835042953491211]] left_gripper=1.0053786039352417 right_gripper=0.9835042953491211
update step=798 qpos=[-0.06549934297800064, 0.42366304993629456, 0.4569736421108246, -0.236120343208313, 0.1257116198539734, -0.08924684673547745, 1.0, -0.003976582549512386, 0.19984547793865204, 0.20231707394123077, -0.11609654128551483, -0.025172077119350433, -0.027273688465356827, 0.9835042953491211]
pred step=798 action=[[-0.06063784286379814, 0.406036376953125, 0.4415820240974426, -0.22524143755435944, 0.12363963574171066, -0.08690275251865387, 1.0042577981948853, -0.004321392625570297, 0.20297013223171234, 0.2068282812833786, -0.11849386245012283, -0.025964733213186264, -0.028310680761933327, 0.9833476543426514]] left_gripper=1.0042577981948853 right_gripper=0.9833476543426514
update step=799 qpos=[-0.06120441108942032, 0.4080441892147064, 0.44342827796936035, -0.22665278613567352, 0.12389270216226578, -0.08720163255929947, 1.0, -0.004279053770005703, 0.2026100903749466, 0.20628543198108673, -0.11818338185548782, -0.02586398273706436, -0.028178449720144272, 0.9833476543426514]
pred step=799 action=[[-0.05850342661142349, 0.40253379940986633, 0.437559574842453, -0.2235274314880371, 0.12271734327077866, -0.0854836255311966, 1.0038280487060547, -0.004559879191219807, 0.2048490047454834, 0.20738592743873596, -0.11854822933673859, -0.025664787739515305, -0.029023220762610435, 0.9836385250091553]] left_gripper=1.0038280487060547 right_gripper=0.9836385250091553
