step=1 env=0 left_arm=[ 0.02960163 -0.07470975 -0.03629511  0.03616913 -0.00874181  0.01877113] left_ee=[0.04398962 0.04396586] right_arm=[-0.00357657 -0.00380838  0.00885079  0.06424814 -0.01370673  0.01919135] right_ee=[0.04317429 0.04316881]
step=2 env=0 left_arm=[ 0.03186419 -0.0833687  -0.03624837  0.04127095 -0.01033294  0.01976189] left_ee=[0.04399476 0.04395141] right_arm=[-0.00719497  0.00686405  0.01506252  0.06871957 -0.01814686  0.02031742] right_ee=[0.0426808  0.04266424]
step=3 env=0 left_arm=[ 0.0305065  -0.08311522 -0.03625889  0.04278339 -0.00988319  0.01583963] left_ee=[0.04399822 0.0439759 ] right_arm=[-0.01241294  0.03468265  0.03319732  0.06216853 -0.02312963  0.01798987] right_ee=[0.04239098 0.04238294]
step=4 env=0 left_arm=[ 0.02399748 -0.09024519 -0.03619198  0.04232713 -0.01248185  0.01274211] left_ee=[0.04399524 0.04398908] right_arm=[-0.02280534  0.10086668  0.07064915  0.03963079 -0.03514663  0.01501414] right_ee=[0.04224172 0.04223566]
step=5 env=0 left_arm=[ 0.02437317 -0.09165999 -0.03618655  0.0436574  -0.01383148  0.00789807] left_ee=[0.04399186 0.04399824] right_arm=[-0.03078243  0.1762183   0.13315366  0.00717216 -0.04785323  0.00913033] right_ee=[0.04213683 0.04213925]
step=6 env=0 left_arm=[ 0.02035766 -0.08665554 -0.03627638  0.04307578 -0.01351249  0.00516393] left_ee=[0.04399582 0.04399427] right_arm=[-0.04182491  0.27079767  0.19370708 -0.02816845 -0.06146924  0.00299084] right_ee=[0.04207351 0.04206628]
step=7 env=0 left_arm=[ 0.01891524 -0.08031545 -0.03632528  0.04345642 -0.01407503  0.00010592] left_ee=[0.04399427 0.04399909] right_arm=[-0.05287069  0.39302218  0.290011   -0.0897017  -0.07922054 -0.00619779] right_ee=[0.04208832 0.04208474]
step=8 env=0 left_arm=[ 0.0157683  -0.07791378 -0.03628158  0.03821098 -0.01232842  0.00031079] left_ee=[0.04399586 0.04399748] right_arm=[-0.05598862  0.48736933  0.3551556  -0.13408595 -0.09034397 -0.01223445] right_ee=[0.04213104 0.04213705]
step=9 env=0 left_arm=[ 0.01909182 -0.0686835  -0.03638713  0.03254839 -0.00972407 -0.00087452] left_ee=[0.04399224 0.04399817] right_arm=[-0.06006108  0.5349964   0.4068237  -0.15477937 -0.09318886 -0.0170623 ] right_ee=[0.0420882  0.04208619]
step=10 env=0 left_arm=[ 0.01914348 -0.057153   -0.03640695  0.0366356  -0.01168709 -0.00931754] left_ee=[0.04399715 0.04399667] right_arm=[-0.07817055  0.6899848   0.5183213  -0.23298551 -0.1136468  -0.03292061] right_ee=[0.04238178 0.04235317]
step=11 env=0 left_arm=[ 0.01909886 -0.05076489 -0.03255425  0.03189044 -0.00881349 -0.00794436] left_ee=[0.04399825 0.04399622] right_arm=[-0.08092202  0.755128    0.56350946 -0.26179972 -0.1163558  -0.03627229] right_ee=[0.04241062 0.04243398]
step=12 env=0 left_arm=[ 0.01751948 -0.0461291  -0.02875058  0.02944093 -0.00974807 -0.00892704] left_ee=[0.04399801 0.04399914] right_arm=[-0.09054684  0.86150515  0.6519363  -0.31253955 -0.13289046 -0.04910165] right_ee=[0.04261991 0.04261545]
step=13 env=0 left_arm=[ 0.0162512  -0.04736137 -0.02702871  0.0310434  -0.00924869 -0.0058384 ] left_ee=[0.04399848 0.04399937] right_arm=[-0.08969004  0.88714063  0.6725446  -0.32942447 -0.13598688 -0.04959258] right_ee=[0.04268269 0.04271191]
step=14 env=0 left_arm=[ 0.01874452 -0.04318781 -0.01933113  0.02608648 -0.0088634  -0.01055684] left_ee=[0.04399642 0.04399782] right_arm=[-0.09681486  0.98403484  0.75438917 -0.38024637 -0.1432945  -0.05921114] right_ee=[0.04299744 0.04297457]
step=15 env=0 left_arm=[ 0.01651526 -0.03714507 -0.01998152  0.02864635 -0.00683437 -0.01209529] left_ee=[0.0439966  0.04399474] right_arm=[-0.11251758  1.1121876   0.84880185 -0.44765988 -0.15801312 -0.06897331] right_ee=[0.04328424 0.04325187]
step=16 env=0 left_arm=[ 0.01615968 -0.042056   -0.02037402  0.02605256 -0.00660765 -0.00875757] left_ee=[0.04399501 0.04399933] right_arm=[-0.1114655   1.1175349   0.8600787  -0.45216206 -0.16079302 -0.06962595] right_ee=[0.04337066 0.04343886]
step=17 env=0 left_arm=[ 0.01893221 -0.04127878 -0.01599006  0.02239679 -0.00523471 -0.0099949 ] left_ee=[0.04399546 0.04399813] right_arm=[-0.11353527  1.1763831   0.91336405 -0.4824775  -0.16365226 -0.07439674] right_ee=[0.04354129 0.04354024]
step=18 env=0 left_arm=[ 0.01417146 -0.0281998  -0.02136808  0.02509307 -0.00506887 -0.01002665] left_ee=[0.04399531 0.04399418] right_arm=[-0.12022731  1.216401    0.9362607  -0.50231266 -0.16952898 -0.07749373] right_ee=[0.04365879 0.04365463]
step=19 env=0 left_arm=[ 0.01579024 -0.02052635 -0.01395315  0.02357049 -0.00453943 -0.01292789] left_ee=[0.04399202 0.04399827] right_arm=[-0.13495646  1.3318218   1.0333501  -0.5608337  -0.18203071 -0.09256484] right_ee=[0.04382588 0.04376912]
step=20 env=0 left_arm=[ 0.0170033  -0.02319747 -0.01233276  0.0225737  -0.00437289 -0.01139206] left_ee=[0.04399588 0.04399711] right_arm=[-0.13124874  1.3183124   1.0335754  -0.5527126  -0.18437533 -0.09318016] right_ee=[0.04383805 0.04393314]
step=21 env=0 left_arm=[ 0.01605246 -0.01930699 -0.01294504  0.02231254 -0.00400514 -0.01329883] left_ee=[0.04399882 0.04399652] right_arm=[-0.14398049  1.4026587   1.0862772  -0.5948853  -0.18997392 -0.09998214] right_ee=[0.04395633 0.04389411]
step=22 env=0 left_arm=[ 0.01715261 -0.01523813 -0.01385996  0.02165345 -0.00477795 -0.01444448] left_ee=[0.04399731 0.04399843] right_arm=[-0.14698333  1.4502327   1.1199626  -0.61625624 -0.19727726 -0.104211  ] right_ee=[0.04394487 0.04397956]
step=23 env=0 left_arm=[ 0.01858419 -0.01760016 -0.01483341  0.0201473  -0.00505373 -0.01439105] left_ee=[0.04399914 0.04399817] right_arm=[-0.14810367  1.4878621   1.1670724  -0.6379791  -0.20376553 -0.11145799] right_ee=[0.04396074 0.04398837]
step=24 env=0 left_arm=[ 0.01823357 -0.0221024  -0.0162424   0.01591982 -0.00461833 -0.01216176] left_ee=[0.0439994  0.04399733] right_arm=[-0.147699    1.4899315   1.17121    -0.63955784 -0.20634812 -0.11127006] right_ee=[0.04396746 0.04399298]
step=25 env=0 left_arm=[ 0.01673786 -0.01504721 -0.02052203  0.01945253 -0.00637669 -0.01263378] left_ee=[0.04399937 0.04399915] right_arm=[-0.15118888  1.5361023   1.2011825  -0.6601433  -0.21146904 -0.11412655] right_ee=[0.04398931 0.0439704 ]
step=26 env=0 left_arm=[ 0.01628024 -0.01869667 -0.01766533  0.01931341 -0.00529422 -0.01370734] left_ee=[0.04399879 0.0439992 ] right_arm=[-0.16076128  1.589699    1.2470511  -0.68961424 -0.2199058  -0.12216164] right_ee=[0.04398397 0.04397225]
step=27 env=0 left_arm=[ 0.01866576 -0.02083016 -0.01891784  0.01772632 -0.00537632 -0.0131928 ] left_ee=[0.04399661 0.04399763] right_arm=[-0.1569754   1.5922239   1.2507957  -0.6939689  -0.22047454 -0.11868872] right_ee=[0.04394824 0.04398286]
step=28 env=0 left_arm=[ 0.01494463 -0.02245764 -0.01471963  0.01996128 -0.00493936 -0.01345638] left_ee=[0.04399593 0.04399378] right_arm=[-0.16714749  1.6481538   1.2909023  -0.71357983 -0.23095353 -0.12788182] right_ee=[0.04377282 0.04369187]
step=29 env=0 left_arm=[ 0.01685466 -0.02313435 -0.01484931  0.01773139 -0.00493567 -0.01507822] left_ee=[0.04399235 0.04399791] right_arm=[-0.16648544  1.657056    1.3039296  -0.7217116  -0.23025851 -0.1315075 ] right_ee=[0.0435852  0.04363312]
step=30 env=0 left_arm=[ 0.01713883 -0.0247836  -0.01803876  0.01732612 -0.00543333 -0.01453639] left_ee=[0.04399697 0.04399618] right_arm=[-0.16662507  1.6605226   1.3071951  -0.72564375 -0.23748411 -0.13095602] right_ee=[0.04345736 0.04347891]
step=31 env=0 left_arm=[ 0.01557377 -0.02962522 -0.01449849  0.01701715 -0.00397376 -0.01321777] left_ee=[0.04399749 0.04399584] right_arm=[-0.16934876  1.6918181   1.3278824  -0.73353946 -0.24076326 -0.13642733] right_ee=[0.04299635 0.04296153]
step=32 env=0 left_arm=[ 0.014973   -0.0243499  -0.01709402  0.01879524 -0.0044777  -0.01270968] left_ee=[0.04399601 0.04399954] right_arm=[-0.17767327  1.7265111   1.344305   -0.7449261  -0.24484602 -0.14539866] right_ee=[0.04246022 0.04241236]
step=33 env=0 left_arm=[ 0.01650877 -0.02786482 -0.01705784  0.0159251  -0.00357589 -0.01241818] left_ee=[0.04399684 0.04399899] right_arm=[-0.17375991  1.7466555   1.3705108  -0.7600949  -0.24875686 -0.14512524] right_ee=[0.04190094 0.04196381]
step=34 env=0 left_arm=[ 0.01710206 -0.02977433 -0.01321024  0.01648182 -0.00365618 -0.01269728] left_ee=[0.04399895 0.04399819] right_arm=[-0.17735474  1.7528961   1.3702195  -0.76141024 -0.25193542 -0.14697686] right_ee=[0.0412623  0.04124907]
step=35 env=0 left_arm=[ 0.01656011 -0.02784143 -0.01021421  0.01756108 -0.00211543 -0.01154165] left_ee=[0.04399852 0.04399788] right_arm=[-0.18143144  1.7789093   1.3920957  -0.77234656 -0.25422186 -0.15103464] right_ee=[0.04040413 0.04037784]
step=36 env=0 left_arm=[ 0.01869117 -0.03304213 -0.01043339  0.01445393 -0.00277783 -0.01102577] left_ee=[0.04399629 0.04399758] right_arm=[-0.1826646   1.7868661   1.4060557  -0.77597654 -0.26240075 -0.15869807] right_ee=[0.03934139 0.03936975]
step=37 env=0 left_arm=[ 0.01705389 -0.025937   -0.00962879  0.0155169  -0.00290272 -0.01022221] left_ee=[0.04399845 0.04399514] right_arm=[-0.18546832  1.8140023   1.4197962  -0.7860815  -0.26396334 -0.16087751] right_ee=[0.03843728 0.03840492]
step=38 env=0 left_arm=[ 0.01811108 -0.02702911 -0.00687567  0.01490967 -0.0014009  -0.00989184] left_ee=[0.04399746 0.04399937] right_arm=[-0.18402056  1.8112117   1.4251842  -0.7875917  -0.26512963 -0.16317937] right_ee=[0.03725633 0.03730595]
step=39 env=0 left_arm=[ 1.7619433e-02 -2.6866959e-02 -4.6252450e-03  1.4299123e-02
  3.1429514e-05 -9.7750556e-03] left_ee=[0.04399864 0.0439985 ] right_arm=[-0.1830253   1.8251308   1.4343516  -0.796412   -0.26530915 -0.15938045] right_ee=[0.03630422 0.03629734]
step=40 env=0 left_arm=[ 0.01838378 -0.02490116 -0.00687164  0.01298524 -0.00153439 -0.00866748] left_ee=[0.04399691 0.04399834] right_arm=[-0.1851939   1.8344706   1.4401633  -0.80037165 -0.27127397 -0.16445592] right_ee=[0.0354799  0.03546978]
step=41 env=0 left_arm=[ 0.01847922 -0.02297676 -0.00696873  0.01364193 -0.00021108 -0.00778062] left_ee=[0.04399918 0.04399683] right_arm=[-0.18486027  1.8474464   1.4555498  -0.80571866 -0.27728197 -0.16882552] right_ee=[0.03398428 0.03399066]
step=42 env=0 left_arm=[ 0.01737467 -0.02023063 -0.00735124  0.01107713  0.00016706 -0.00588496] left_ee=[0.04399872 0.04399863] right_arm=[-0.18230313  1.866977    1.4727194  -0.8200773  -0.2790853  -0.1681626 ] right_ee=[0.03227453 0.03227719]
step=43 env=0 left_arm=[ 0.01696358 -0.01816499 -0.00601268  0.00960073 -0.00046803 -0.00498513] left_ee=[0.04399807 0.04399963] right_arm=[-0.18248011  1.8575878   1.4653854  -0.8131006  -0.27839476 -0.1724384 ] right_ee=[0.0309547  0.03096813]
step=44 env=0 left_arm=[ 0.01800382 -0.01813443 -0.00961205  0.00923925 -0.00082877 -0.00532636] left_ee=[0.0439981  0.04399876] right_arm=[-0.18521778  1.8741732   1.4770153  -0.82452506 -0.28467286 -0.17535101] right_ee=[0.02990529 0.02987151]
step=45 env=0 left_arm=[ 0.01744311 -0.0158425  -0.00915852  0.01160022 -0.00022253 -0.00497371] left_ee=[0.04399906 0.04399742] right_arm=[-0.18512368  1.8863776   1.4894689  -0.8346686  -0.2894245  -0.17754331] right_ee=[0.02845303 0.02846078]
step=46 env=0 left_arm=[ 1.7378610e-02 -1.6567321e-02 -8.3179558e-03  1.3677319e-02
  4.5646131e-05 -4.2215297e-03] left_ee=[0.04399867 0.04399953] right_arm=[-0.18461919  1.8908651   1.4926188  -0.8413953  -0.29276192 -0.17823015] right_ee=[0.02714044 0.02714749]
step=47 env=0 left_arm=[ 0.0176896  -0.01528224 -0.00986497  0.01240029 -0.00086471 -0.00334328] left_ee=[0.04399854 0.04399917] right_arm=[-0.18410957  1.8913109   1.493283   -0.8471235  -0.29487273 -0.17971483] right_ee=[0.02598485 0.02598957]
step=48 env=0 left_arm=[ 0.01823344 -0.01508761 -0.01123167  0.01212477 -0.00061011 -0.00307631] left_ee=[0.0439997  0.04399886] right_arm=[-0.18510747  1.8921784   1.4932084  -0.8481245  -0.2984034  -0.18243086] right_ee=[0.02498079 0.02497094]
step=49 env=0 left_arm=[ 0.01770027 -0.01406378 -0.01069957  0.01405854 -0.00058285 -0.00302773] left_ee=[0.04399944 0.0439988 ] right_arm=[-0.18233104  1.8968339   1.4961283  -0.8506509  -0.29995456 -0.1812304 ] right_ee=[0.02396069 0.02397173]
step=50 env=0 left_arm=[ 0.01826454 -0.01345443 -0.01154582  0.01401172 -0.00072163 -0.00214944] left_ee=[0.04399876 0.04399939] right_arm=[-0.18455759  1.8982154   1.4981982  -0.8536446  -0.3017184  -0.18502715] right_ee=[0.02316217 0.02314222]
step=51 env=0 left_arm=[ 0.00964252 -0.0318762  -0.0253357   0.01420014  0.00232953  0.00331184] left_ee=[0.04398978 0.04399412] right_arm=[-0.22929527  2.072029    1.6682159  -0.89859664 -0.3232775  -0.17973576] right_ee=[0.02267019 0.02209001]
step=52 env=0 left_arm=[ 0.00861662 -0.03436204 -0.0263862   0.01461581  0.0026722   0.00372742] left_ee=[0.04398441 0.0439977 ] right_arm=[-0.23380263  2.1428564   1.6848034  -0.90399605 -0.3272786  -0.17988133] right_ee=[0.02189163 0.02202195]
step=53 env=0 left_arm=[ 0.00838167 -0.03444841 -0.0257909   0.01540599  0.00260624  0.00352612] left_ee=[0.04398968 0.04399708] right_arm=[-0.2338776   2.1509323   1.6836076  -0.90461034 -0.32849646 -0.1797013 ] right_ee=[0.02136641 0.02154914]
step=54 env=0 left_arm=[ 0.00669233 -0.03401152 -0.02654395  0.01597593  0.00297304  0.00395127] left_ee=[0.04399479 0.04399598] right_arm=[-0.2348862   2.156077    1.6796775  -0.9034518  -0.32988542 -0.18144763] right_ee=[0.02070211 0.02074774]
step=55 env=0 left_arm=[ 0.00633878 -0.03441664 -0.02555015  0.01558068  0.00289595  0.00308674] left_ee=[0.04399521 0.04399906] right_arm=[-0.2316509   2.149843    1.6754049  -0.9021825  -0.33160967 -0.18133926] right_ee=[0.02019534 0.02027543]
step=56 env=0 left_arm=[ 0.0049118  -0.034688   -0.02703303  0.01594213  0.00327     0.00360933] left_ee=[0.04399779 0.0439981 ] right_arm=[-0.23172548  2.1470726   1.6668341  -0.8996146  -0.33307257 -0.18370533] right_ee=[0.01958633 0.01957504]
step=57 env=0 left_arm=[ 0.00390564 -0.03430568 -0.02352884  0.01618541  0.00368503  0.00226448] left_ee=[0.0439977  0.04399963] right_arm=[-0.23133396  2.1456163   1.6669668  -0.90220284 -0.33544847 -0.18577363] right_ee=[0.0185763  0.01858571]
step=58 env=0 left_arm=[ 0.00355177 -0.03332139 -0.02267147  0.01589662  0.00469723  0.00237519] left_ee=[0.04399788 0.04399962] right_arm=[-0.22741762  2.1401355   1.6644917  -0.90273976 -0.3348594  -0.18497348] right_ee=[0.01752456 0.01755763]
step=59 env=0 left_arm=[ 0.00336156 -0.03390813 -0.01936684  0.01520015  0.00472946  0.00229329] left_ee=[0.04399792 0.04399963] right_arm=[-0.22933622  2.13373     1.660818   -0.89901364 -0.33834845 -0.18883316] right_ee=[0.01657901 0.01655421]
step=60 env=0 left_arm=[ 0.00267634 -0.03375609 -0.01915895  0.01599154  0.00542818  0.002518  ] left_ee=[0.04399891 0.04399908] right_arm=[-0.22651616  2.1306028   1.6549844  -0.8989516  -0.33721283 -0.18921801] right_ee=[0.01575899 0.01577139]
step=61 env=0 left_arm=[ 0.00275293 -0.03326423 -0.01576885  0.01478923  0.00522194  0.00192512] left_ee=[0.04399816 0.04399966] right_arm=[-0.2262636   2.1251683   1.6530555  -0.89887655 -0.3420225  -0.19324261] right_ee=[0.01441716 0.01442056]
step=62 env=0 left_arm=[ 0.00224375 -0.03435597 -0.01592231  0.01620217  0.00508196  0.00163502] left_ee=[0.04399936 0.04399905] right_arm=[-0.22399265  2.1208818   1.6492102  -0.90059334 -0.34540135 -0.19373648] right_ee=[0.01315404 0.01316248]
step=63 env=0 left_arm=[ 0.00155419 -0.03341873 -0.01230304  0.01543669  0.00586718  0.00165994] left_ee=[0.04399885 0.04399935] right_arm=[-0.22694917  2.1130543   1.644668   -0.90039885 -0.3470817  -0.19796258] right_ee=[0.01153699 0.01150863]
step=64 env=0 left_arm=[ 0.00205459 -0.03261889 -0.01135253  0.01567975  0.00557449  0.00196067] left_ee=[0.04399782 0.04399935] right_arm=[-0.22193806  2.1156468   1.6485287  -0.90368074 -0.3483313  -0.1980976 ] right_ee=[0.00995082 0.0099804 ]
step=65 env=0 left_arm=[ 0.00063397 -0.03198528 -0.00436187  0.01510808  0.00559479  0.00153858] left_ee=[0.04399858 0.04399794] right_arm=[-0.22125915  2.096644    1.6364182  -0.9054548  -0.35748267 -0.20269297] right_ee=[0.0078487  0.00787579]
step=66 env=0 left_arm=[ 0.00028188 -0.03081042 -0.00109068  0.0152935   0.00611521  0.00131857] left_ee=[0.04399809 0.04399976] right_arm=[-0.2193175   2.0908606   1.6308632  -0.9083013  -0.36069828 -0.20386833] right_ee=[0.00562556 0.00560821]
step=67 env=0 left_arm=[ 0.00291644 -0.03239177 -0.00014459  0.01415828  0.0056153   0.00169426] left_ee=[0.04399667 0.04399719] right_arm=[-0.2174762   2.0852926   1.6376189  -0.9074228  -0.36271685 -0.20829019] right_ee=[0.00410271 0.00411289]
step=68 env=0 left_arm=[ 0.00077588 -0.02624323  0.00365404  0.01405691  0.00674429  0.00227063] left_ee=[0.04399722 0.04399408] right_arm=[-0.21398246  2.0796864   1.6302092  -0.91504353 -0.3682009  -0.20786667] right_ee=[0.00181952 0.00182503]
step=69 env=0 left_arm=[ 0.00135077 -0.02679989  0.00536754  0.01499002  0.00603849  0.0025139 ] left_ee=[0.04399513 0.0439989 ] right_arm=[-0.21046683  2.0608385   1.6187677  -0.91737205 -0.3745511  -0.2132251 ] right_ee=[0. 0.]
step=70 env=0 left_arm=[ 0.00070357 -0.02660317  0.00698626  0.0155458   0.00694711  0.00229488] left_ee=[0.04399874 0.04399711] right_arm=[-0.20613673  2.0490904   1.6137129  -0.92113036 -0.37885228 -0.2105944 ] right_ee=[0. 0.]
step=71 env=0 left_arm=[ 0.00070864 -0.0228932   0.0077433   0.01581113  0.00629873  0.0029544 ] left_ee=[0.04399793 0.04399958] right_arm=[-0.20393375  2.0509822   1.6080694  -0.92277455 -0.38031888 -0.21260096] right_ee=[0. 0.]
step=72 env=0 left_arm=[ 0.00283766 -0.0215388   0.00950055  0.01546837  0.00645731  0.00384797] left_ee=[0.043998   0.04399807] right_arm=[-0.19883686  2.031468    1.6011019  -0.9334508  -0.38989365 -0.21708633] right_ee=[0. 0.]
step=73 env=0 left_arm=[ 0.0048533  -0.02050923  0.01134808  0.01507645  0.00631242  0.00464602] left_ee=[0.04399963 0.043998  ] right_arm=[-0.18797314  2.0079317   1.5913042  -0.9437123  -0.39953893 -0.21924607] right_ee=[0. 0.]
step=74 env=0 left_arm=[ 0.00486395 -0.01859614  0.01422275  0.01324973  0.00733288  0.00554472] left_ee=[0.04399941 0.04399695] right_arm=[-0.18382236  1.982501    1.5837784  -0.9557369  -0.4061674  -0.21994969] right_ee=[0. 0.]
step=75 env=0 left_arm=[ 0.00571707 -0.01550991  0.01563611  0.01309407  0.00747198  0.00634815] left_ee=[0.04399863 0.04399927] right_arm=[-0.17092358  1.966221    1.5822715  -0.972775   -0.41511697 -0.21780919] right_ee=[0. 0.]
step=76 env=0 left_arm=[ 0.00638787 -0.01709337  0.01853544  0.01116201  0.0077904   0.00716634] left_ee=[0.04399963 0.04399904] right_arm=[-0.16295017  1.9500157   1.5809712  -0.9813049  -0.4221242  -0.21543552] right_ee=[0. 0.]
step=77 env=0 left_arm=[ 0.00644639 -0.0176581   0.01611289  0.01256795  0.00701057  0.0071002 ] left_ee=[0.044      0.04399927] right_arm=[-0.15346009  1.9370749   1.5807866  -0.9960545  -0.42937544 -0.21560015] right_ee=[0. 0.]
step=78 env=0 left_arm=[ 0.00625161 -0.01511793  0.02016354  0.01058709  0.00744058  0.007951  ] left_ee=[0.04399958 0.04399908] right_arm=[-0.14048196  1.9166031   1.5764234  -1.0088772  -0.4354148  -0.2103624 ] right_ee=[0. 0.]
step=79 env=0 left_arm=[ 0.00573165 -0.01431264  0.02126642  0.01014976  0.0070405   0.00720514] left_ee=[0.04399956 0.04399977] right_arm=[-0.12910289  1.8970828   1.5700701  -1.0209341  -0.44127652 -0.20984703] right_ee=[0. 0.]
step=80 env=0 left_arm=[ 0.00557243 -0.0110946   0.02434679  0.00925752  0.00761207  0.00831657] left_ee=[0.04399953 0.04399987] right_arm=[-0.1132969   1.8775734   1.5628535  -1.0305018  -0.44650245 -0.20160918] right_ee=[0. 0.]
step=81 env=0 left_arm=[ 0.00590452 -0.01541353  0.02486539  0.00936731  0.00681576  0.00852875] left_ee=[0.04399889 0.04399921] right_arm=[-0.08600627  1.8504244   1.5662707  -1.0485609  -0.45688978 -0.19295734] right_ee=[0. 0.]
step=82 env=0 left_arm=[ 0.00472132 -0.0125614   0.02360535  0.00956277  0.00581974  0.00759714] left_ee=[0.04399939 0.04399821] right_arm=[-0.0717494   1.8305272   1.5544668  -1.0609126  -0.46286276 -0.19097646] right_ee=[0. 0.]
step=83 env=0 left_arm=[ 0.00531529 -0.0143943   0.02146889  0.00975227  0.00569604  0.00695158] left_ee=[0.04399866 0.04399937] right_arm=[-0.04899155  1.8306473   1.5596237  -1.0715231  -0.46708196 -0.17937824] right_ee=[0. 0.]
step=84 env=0 left_arm=[ 0.0053845  -0.01727181  0.02348133  0.00852922  0.00542934  0.00734618] left_ee=[0.04399969 0.04399901] right_arm=[-0.03747601  1.8213768   1.5630665  -1.0693042  -0.46933752 -0.17363743] right_ee=[0. 0.]
step=85 env=0 left_arm=[ 0.00492939 -0.01339798  0.02606547  0.00646691  0.00536591  0.00782201] left_ee=[0.04399959 0.04399908] right_arm=[-0.01027573  1.8008082   1.5580841  -1.081718   -0.471462   -0.15904693] right_ee=[0. 0.]
step=86 env=0 left_arm=[ 0.00352581 -0.01206885  0.02522524  0.00758363  0.0056763   0.0077608 ] left_ee=[0.04399842 0.04399909] right_arm=[ 0.01084886  1.7780229   1.5478811  -1.0904148  -0.4789001  -0.15228465] right_ee=[0. 0.]
step=87 env=0 left_arm=[ 0.0049109  -0.01255424  0.02552474  0.00637274  0.00555764  0.00875144] left_ee=[0.04399671 0.04399863] right_arm=[ 0.02443113  1.771633    1.5493612  -1.098441   -0.47899684 -0.14295754] right_ee=[0. 0.]
step=88 env=0 left_arm=[ 0.00444961 -0.01516387  0.02225174  0.00590392  0.00550833  0.00880463] left_ee=[0.04399924 0.04399712] right_arm=[ 0.06573696  1.764953    1.5436636  -1.0977081  -0.480386   -0.11917986] right_ee=[0. 0.]
step=89 env=0 left_arm=[ 0.00398477 -0.01442588  0.02193202  0.00504615  0.00575654  0.00774189] left_ee=[0.04399938 0.04399887] right_arm=[ 0.07651488  1.7669644   1.5474471  -1.0967431  -0.47780308 -0.11192201] right_ee=[0. 0.]
step=90 env=0 left_arm=[ 0.00498118 -0.01181919  0.02296046  0.00612298  0.00640663  0.00938973] left_ee=[0.04399859 0.04399944] right_arm=[ 0.0873095   1.7452632   1.5326985  -1.1093025  -0.4852886  -0.10817339] right_ee=[0. 0.]
step=91 env=0 left_arm=[ 0.00494844 -0.01297995  0.01819228  0.0062543   0.00647412  0.00814092] left_ee=[0.04399975 0.04399877] right_arm=[ 0.11499161  1.7456352   1.5299295  -1.1110842  -0.48218894 -0.09273276] right_ee=[0. 0.]
step=92 env=0 left_arm=[ 0.00555669 -0.01434126  0.01801603  0.00507436  0.00691303  0.00830345] left_ee=[0.04399943 0.04399965] right_arm=[ 0.13359459  1.7442499   1.5290173  -1.1039858  -0.48074812 -0.07927665] right_ee=[0. 0.]
step=93 env=0 left_arm=[ 0.00585427 -0.01618522  0.01840092  0.00416047  0.00690522  0.00782533] left_ee=[0.04399981 0.0439996 ] right_arm=[ 0.14912905  1.7336955   1.5230745  -1.1075773  -0.4795406  -0.06917837] right_ee=[0. 0.]
step=94 env=0 left_arm=[ 0.00534413 -0.01270647  0.01689213  0.00595492  0.00666077  0.00837303] left_ee=[0.04399964 0.04399924] right_arm=[ 0.16224785  1.7338698   1.5191754  -1.1044936  -0.4810758  -0.06267308] right_ee=[0. 0.]
step=95 env=0 left_arm=[ 0.0051771  -0.01537009  0.01447856  0.00686907  0.00646193  0.00694742] left_ee=[0.04399946 0.04399989] right_arm=[ 0.18576856  1.7314376   1.5135585  -1.1067996  -0.47758734 -0.04653685] right_ee=[0. 0.]
step=96 env=0 left_arm=[ 0.00537605 -0.01496832  0.01418087  0.0069347   0.0063395   0.00710142] left_ee=[0.04399946 0.04399974] right_arm=[ 0.19212283  1.7306328   1.5132645  -1.104388   -0.47770432 -0.04235983] right_ee=[0. 0.]
step=97 env=0 left_arm=[ 0.00558479 -0.01608475  0.01330542  0.00622182  0.00633097  0.00597157] left_ee=[0.04399984 0.04399964] right_arm=[ 0.20511411  1.7251439   1.506938   -1.1058989  -0.4741062  -0.0324113 ] right_ee=[0. 0.]
step=98 env=0 left_arm=[ 0.00514656 -0.01594669  0.01089935  0.00663105  0.00615254  0.00506359] left_ee=[0.04399965 0.04399941] right_arm=[ 0.21900304  1.725296    1.5042725  -1.1046094  -0.47215065 -0.02399871] right_ee=[0. 0.]
step=99 env=0 left_arm=[ 0.00448443 -0.01504188  0.00981288  0.00772256  0.00600612  0.00499276] left_ee=[0.04399944 0.04399969] right_arm=[ 0.22726536  1.7220982   1.4993807  -1.1013367  -0.47182882 -0.01949276] right_ee=[0. 0.]
step=100 env=0 left_arm=[ 0.00462975 -0.01431347  0.01004732  0.00775624  0.00604792  0.00426866] left_ee=[0.04399901 0.0439998 ] right_arm=[ 0.23321602  1.7206211   1.4976423  -1.1021019  -0.4689608  -0.01550273] right_ee=[0. 0.]
step=101 env=0 left_arm=[0.0069084  0.00724479 0.00672068 0.01403033 0.01771403 0.00468319] left_ee=[0.04399534 0.04399837] right_arm=[ 2.4325624e-01  1.8139348e+00  1.5048432e+00 -1.1289639e+00
 -5.2720660e-01 -1.2800433e-03] right_ee=[0.0000000e+00 6.8541435e-06]
step=102 env=0 left_arm=[0.00701    0.0093291  0.00624184 0.01467133 0.01897937 0.00551254] left_ee=[0.04399313 0.04399919] right_arm=[ 2.4152726e-01  1.8233830e+00  1.5004073e+00 -1.1273333e+00
 -5.3633356e-01 -2.5662247e-04] right_ee=[0. 0.]
step=103 env=0 left_arm=[0.00675495 0.00849001 0.00741617 0.01443943 0.01896834 0.00489958] left_ee=[0.04399546 0.04399883] right_arm=[ 2.4329469e-01  1.8272154e+00  1.4989589e+00 -1.1253719e+00
 -5.3689665e-01  9.2442689e-04] right_ee=[0. 0.]
step=104 env=0 left_arm=[0.00678168 0.00712041 0.00865408 0.01370347 0.01916289 0.00523738] left_ee=[0.04399711 0.04399883] right_arm=[ 2.4395493e-01  1.8330467e+00  1.5005878e+00 -1.1192694e+00
 -5.3722149e-01  4.8257777e-04] right_ee=[0. 0.]
step=105 env=0 left_arm=[0.0086305  0.00457825 0.00746028 0.01363037 0.01949187 0.00494138] left_ee=[0.04399727 0.04399842] right_arm=[ 2.4520746e-01  1.8347501e+00  1.4984604e+00 -1.1063962e+00
 -5.3692973e-01  1.7945105e-03] right_ee=[0. 0.]
step=106 env=0 left_arm=[ 0.00780031 -0.00112134  0.00598421  0.01356351  0.01963388  0.0069086 ] left_ee=[0.043999   0.04399673] right_arm=[ 2.4302568e-01  1.8482990e+00  1.4986098e+00 -1.0983832e+00
 -5.3457379e-01 -4.1321083e-04] right_ee=[0. 0.]
step=107 env=0 left_arm=[ 0.00743938 -0.00379993  0.00625828  0.01489598  0.01810327  0.00478709] left_ee=[0.04399829 0.04399943] right_arm=[ 2.4595797e-01  1.8518804e+00  1.5063785e+00 -1.0933938e+00
 -5.2985573e-01 -9.9579198e-04] right_ee=[0. 0.]
step=108 env=0 left_arm=[ 0.00694594 -0.00568773  0.00741076  0.01555959  0.0177742   0.00227828] left_ee=[0.04399962 0.0439988 ] right_arm=[ 0.24429388  1.8580477   1.5098805  -1.0909711  -0.52479255 -0.00276634] right_ee=[0. 0.]
step=109 env=0 left_arm=[ 0.0081315  -0.00769093  0.00405126  0.01478877  0.01750143  0.00462957] left_ee=[0.0439987  0.04399876] right_arm=[ 2.4762776e-01  1.8660407e+00  1.5166095e+00 -1.0822239e+00
 -5.2434719e-01  5.8618021e-05] right_ee=[0. 0.]
step=110 env=0 left_arm=[ 0.00904031 -0.00849555  0.00561668  0.01362701  0.01670498  0.00432349] left_ee=[0.04399976 0.04399866] right_arm=[ 2.4910313e-01  1.8735979e+00  1.5192139e+00 -1.0777860e+00
 -5.1881725e-01  1.1038934e-03] right_ee=[0. 0.]
step=111 env=0 left_arm=[ 0.00844296 -0.00616828  0.00240423  0.01273535  0.01630671  0.00694736] left_ee=[0.04399962 0.04399792] right_arm=[ 2.5322577e-01  1.8834430e+00  1.5299720e+00 -1.0799956e+00
 -5.1652074e-01  1.0892284e-03] right_ee=[0. 0.]
step=112 env=0 left_arm=[ 0.00952849 -0.01134053  0.00201412  0.01336865  0.0156844   0.00660552] left_ee=[0.04399862 0.04399859] right_arm=[ 2.5170770e-01  1.8927866e+00  1.5359080e+00 -1.0734204e+00
 -5.1380640e-01  4.3485389e-04] right_ee=[0. 0.]
step=113 env=0 left_arm=[ 0.00913073 -0.01324239  0.00033173  0.01437973  0.01548237  0.00595094] left_ee=[0.04399953 0.04399761] right_arm=[ 2.5238308e-01  1.8988833e+00  1.5472432e+00 -1.0746002e+00
 -5.1075226e-01  1.2181039e-03] right_ee=[0. 0.]
step=114 env=0 left_arm=[ 0.00800851 -0.01348683 -0.00241589  0.01582543  0.01439178  0.00700656] left_ee=[0.04399953 0.04399884] right_arm=[ 2.5383773e-01  1.9103086e+00  1.5609586e+00 -1.0801777e+00
 -5.0527513e-01 -8.8239036e-04] right_ee=[0.00042662 0.00041146]
step=115 env=0 left_arm=[ 0.00997091 -0.01444159 -0.00163551  0.01428029  0.01402349  0.00752246] left_ee=[0.04399804 0.0439979 ] right_arm=[ 0.25528148  1.9197981   1.5635216  -1.0739142  -0.50360906  0.002622  ] right_ee=[0.00120075 0.00118172]
step=116 env=0 left_arm=[ 0.0115582  -0.01563774 -0.0040571   0.01348156  0.0138887   0.00608003] left_ee=[0.0439996  0.04399761] right_arm=[ 0.2554201   1.919167    1.5705357  -1.0780481  -0.50214213  0.00302421] right_ee=[0.00156155 0.00159564]
step=117 env=0 left_arm=[ 0.00969524 -0.01997402 -0.00651733  0.01417069  0.01344255  0.00609832] left_ee=[0.04399841 0.04399648] right_arm=[ 0.25697467  1.9399422   1.5888187  -1.0785449  -0.49689612  0.00279306] right_ee=[0.00246574 0.00242287]
step=118 env=0 left_arm=[ 0.00864232 -0.02080893 -0.00558394  0.01503991  0.0115021   0.00604191] left_ee=[0.04399757 0.04399941] right_arm=[ 2.5320861e-01  1.9502654e+00  1.5984125e+00 -1.0830668e+00
 -4.9384284e-01 -1.2385326e-03] right_ee=[0.00376641 0.0037447 ]
step=119 env=0 left_arm=[ 0.0093818  -0.02318632 -0.00715889  0.0148381   0.01043239  0.00604407] left_ee=[0.04399801 0.04399867] right_arm=[ 2.5720593e-01  1.9625124e+00  1.6122444e+00 -1.0838379e+00
 -4.8991016e-01  1.3610537e-03] right_ee=[0.00510302 0.0051323 ]
step=120 env=0 left_arm=[ 0.00898014 -0.02118755 -0.01040005  0.01224399  0.01055075  0.00638292] left_ee=[0.04399941 0.04399749] right_arm=[ 2.5997898e-01  1.9700583e+00  1.6191370e+00 -1.0914024e+00
 -4.8964688e-01  1.5479727e-03] right_ee=[0.00630367 0.00631245]
step=121 env=0 left_arm=[ 0.00767842 -0.02335019 -0.00842501  0.01492947  0.00916969  0.00543558] left_ee=[0.04399945 0.04399911] right_arm=[ 2.5803593e-01  1.9842194e+00  1.6255581e+00 -1.0884135e+00
 -4.8520285e-01  8.1342598e-04] right_ee=[0.00765845 0.00760351]
step=122 env=0 left_arm=[ 0.00776268 -0.0262862  -0.00840249  0.01304262  0.00820557  0.00398353] left_ee=[0.04399895 0.04399935] right_arm=[ 2.5452435e-01  1.9943289e+00  1.6388264e+00 -1.0914384e+00
 -4.7837189e-01 -3.7606835e-04] right_ee=[0.00907395 0.00907074]
step=123 env=0 left_arm=[ 0.00632237 -0.02768151 -0.01358162  0.01234153  0.00850757  0.00263896] left_ee=[0.04399836 0.043998  ] right_arm=[ 0.26026887  2.0203273   1.6705815  -1.0986619  -0.471529    0.00283042] right_ee=[0.01102255 0.01104864]
step=124 env=0 left_arm=[ 0.00630392 -0.02667043 -0.01558156  0.01012062  0.00756663  0.00229988] left_ee=[0.04399719 0.04399936] right_arm=[ 2.6046938e-01  2.0216463e+00  1.6757941e+00 -1.1058562e+00
 -4.7035259e-01  7.7763243e-06] right_ee=[0.01240865 0.01242996]
step=125 env=0 left_arm=[ 0.00504306 -0.02942828 -0.01526857  0.00695488  0.0083025   0.00142275] left_ee=[0.04399829 0.04399786] right_arm=[ 2.5663662e-01  2.0368145e+00  1.6855917e+00 -1.1063662e+00
 -4.6587291e-01 -1.5695763e-04] right_ee=[0.01379166 0.0137222 ]
step=126 env=0 left_arm=[ 0.0035237  -0.02968082 -0.01564002  0.00523983  0.00866275 -0.00069271] left_ee=[0.04399826 0.04399952] right_arm=[ 2.5784430e-01  2.0390329e+00  1.6879765e+00 -1.1153387e+00
 -4.6470675e-01 -1.8226964e-03] right_ee=[0.01467212 0.01471351]
step=127 env=0 left_arm=[ 0.00670059 -0.03217111 -0.01652437  0.00335836  0.00864357 -0.00061134] left_ee=[0.04399545 0.04399695] right_arm=[ 0.2548413  2.0468893  1.6936866 -1.1054482 -0.461916   0.0025545] right_ee=[0.01561167 0.01558093]
step=128 env=0 left_arm=[ 0.00365677 -0.03582988 -0.01797459  0.00245661  0.00772132 -0.00426011] left_ee=[0.04399749 0.04399351] right_arm=[ 0.25348383  2.076327    1.732543   -1.1143014  -0.4439815   0.00213409] right_ee=[0.0179305 0.0179005]
step=129 env=0 left_arm=[ 0.00283227 -0.03890121 -0.01820158 -0.00102483  0.00830078 -0.0054433 ] left_ee=[0.04399662 0.04399873] right_arm=[ 2.5145078e-01  2.0796652e+00  1.7391787e+00 -1.1208714e+00
 -4.4305593e-01  6.5220834e-04] right_ee=[0.01949116 0.01952181]
step=130 env=0 left_arm=[ 0.00074841 -0.03577758 -0.02104306 -0.00419052  0.00923003 -0.00699536] left_ee=[0.04399743 0.04399864] right_arm=[ 2.5293186e-01  2.0824523e+00  1.7495098e+00 -1.1277492e+00
 -4.3632597e-01 -1.3814071e-03] right_ee=[0.02117725 0.02121215]
step=131 env=0 left_arm=[ 0.0030217  -0.04155235 -0.01809305 -0.00823307  0.00948791 -0.00998121] left_ee=[0.04399489 0.04399801] right_arm=[ 2.5169167e-01  2.0851116e+00  1.7620287e+00 -1.1257954e+00
 -4.2937985e-01  4.5890661e-04] right_ee=[0.02284389 0.02285003]
step=132 env=0 left_arm=[ 0.00233913 -0.0379752  -0.01661764 -0.01453918  0.00969528 -0.01252474] left_ee=[0.04399876 0.0439959 ] right_arm=[ 0.24626806  2.0893981   1.7708538  -1.1274246  -0.42678845 -0.00237138] right_ee=[0.02434615 0.02431008]
step=133 env=0 left_arm=[ 0.00273486 -0.03931046 -0.01940317 -0.01603882  0.01094792 -0.0151932 ] left_ee=[0.04399853 0.04399882] right_arm=[ 0.251787    2.089996    1.7742941  -1.1315945  -0.415511   -0.00269867] right_ee=[0.02600748 0.02606368]
step=134 env=0 left_arm=[ 0.00206068 -0.03593427 -0.01786134 -0.02270582  0.01137257 -0.01971084] left_ee=[0.04399912 0.04399904] right_arm=[ 0.24645269  2.0942762   1.7784033  -1.1364172  -0.41034082 -0.00233701] right_ee=[0.02726486 0.02720969]
step=135 env=0 left_arm=[-0.00142424 -0.03703917 -0.01587686 -0.02181134  0.01139997 -0.02084992] left_ee=[0.04399642 0.04399812] right_arm=[ 0.23846175  2.0984585   1.7877151  -1.131353   -0.40441898 -0.00385443] right_ee=[0.02823691 0.02820901]
step=136 env=0 left_arm=[-0.00043382 -0.03160341 -0.01455621 -0.02995802  0.01417263 -0.02705857] left_ee=[0.04399453 0.04399937] right_arm=[ 0.23707126  2.0936313   1.7958169  -1.1320288  -0.3913122  -0.00483415] right_ee=[0.02992593 0.02998182]
step=137 env=0 left_arm=[ 0.00047675 -0.02853874 -0.00789311 -0.03515724  0.01541338 -0.03089777] left_ee=[0.04399662 0.04399883] right_arm=[ 0.2335379   2.08829     1.7972734  -1.1297828  -0.38177451 -0.00954532] right_ee=[0.03146518 0.0314656 ]
step=138 env=0 left_arm=[-0.00098087 -0.02014641 -0.00414155 -0.04300808  0.01430323 -0.03586484] left_ee=[0.04399846 0.04399856] right_arm=[ 0.2264057   2.086704    1.7878115  -1.1265103  -0.38275826 -0.01121557] right_ee=[0.03223962 0.03219302]
step=139 env=0 left_arm=[ 0.00141622 -0.02376311 -0.00258284 -0.04662225  0.01637855 -0.03694828] left_ee=[0.04399783 0.04399898] right_arm=[ 0.22927295  2.08124     1.788491   -1.1283885  -0.37991247 -0.00965595] right_ee=[0.03297669 0.0330608 ]
step=140 env=0 left_arm=[ 0.00184469 -0.01578816  0.00326855 -0.05279557  0.01924575 -0.04300508] left_ee=[0.04399871 0.0439977 ] right_arm=[ 0.22430772  2.0762691   1.7849206  -1.1305507  -0.36479244 -0.01170117] right_ee=[0.03424164 0.03419451]
step=141 env=0 left_arm=[ 0.00235415  0.00562338  0.02349431 -0.06950405  0.02399738 -0.048871  ] left_ee=[0.04399744 0.04399817] right_arm=[ 0.2131994   2.0448475   1.7664064  -1.1147586  -0.3530069  -0.01926862] right_ee=[0.03535195 0.03537056]
step=142 env=0 left_arm=[-0.00252077  0.02618471  0.0363784  -0.07413441  0.02408628 -0.05283619] left_ee=[0.0439951  0.04399835] right_arm=[ 0.20891106  2.0291643   1.7565514  -1.1051949  -0.33823267 -0.02354576] right_ee=[0.03630079 0.03631198]
step=143 env=0 left_arm=[-0.00455409  0.04364712  0.04657715 -0.08113317  0.02596362 -0.05554044] left_ee=[0.04399379 0.043999  ] right_arm=[ 0.2077062   2.015669    1.7476944  -1.0958158  -0.32890403 -0.026309  ] right_ee=[0.03703316 0.03707339]
step=144 env=0 left_arm=[-0.00812003  0.06713162  0.0647288  -0.09266394  0.03100024 -0.06363234] left_ee=[0.0439933  0.04399741] right_arm=[ 0.19701119  1.9784601   1.7210631  -1.0782489  -0.30525085 -0.03072736] right_ee=[0.03797742 0.03796712]
step=145 env=0 left_arm=[-0.01046516  0.08409842  0.07628135 -0.09842494  0.03281881 -0.06774177] left_ee=[0.04399143 0.04399855] right_arm=[ 0.19594702  1.9615713   1.7126747  -1.0660536  -0.30113858 -0.03269384] right_ee=[0.0386525  0.03870821]
step=146 env=0 left_arm=[-0.01096993  0.10705883  0.09849202 -0.11109605  0.03771568 -0.07394473] left_ee=[0.04399522 0.0439973 ] right_arm=[ 0.18910514  1.9208703   1.6860387  -1.0467986  -0.28741077 -0.03754704] right_ee=[0.03919506 0.0392217 ]
step=147 env=0 left_arm=[-0.0124725   0.13742429  0.11780971 -0.12863396  0.0422043  -0.07841676] left_ee=[0.04399497 0.0439993 ] right_arm=[ 0.1830961   1.8835614   1.6550472  -1.0271282  -0.27531835 -0.04272889] right_ee=[0.03970416 0.0397132 ]
step=148 env=0 left_arm=[-0.01385278  0.16273193  0.13431744 -0.14431043  0.04542635 -0.08245417] left_ee=[0.04399525 0.0439987 ] right_arm=[ 0.17860241  1.8505002   1.6330001  -1.0082697  -0.26337898 -0.04422815] right_ee=[0.04010222 0.04013024]
step=149 env=0 left_arm=[-0.01441966  0.177681    0.14593697 -0.15114133  0.04869643 -0.08581609] left_ee=[0.04399618 0.04399864] right_arm=[ 0.17463692  1.8263141   1.6177247  -0.9939386  -0.2566729  -0.04736843] right_ee=[0.04038102 0.04039766]
step=150 env=0 left_arm=[-0.01445462  0.18651317  0.15333149 -0.15815562  0.05076827 -0.08577964] left_ee=[0.0439955  0.04399939] right_arm=[ 0.17319871  1.8100082   1.6048394  -0.9863039  -0.25264925 -0.05041114] right_ee=[0.0405901  0.04060697]
step=151 env=0 left_arm=[-0.0068553   0.07539178  0.07454666 -0.03944604  0.02834812 -0.0445422 ] left_ee=[0.044      0.04397668] right_arm=[ 0.22423245  1.9838216   1.7918383  -1.1343352  -0.30972946 -0.05092591] right_ee=[0.04083287 0.04107571]
step=152 env=0 left_arm=[-0.00657596  0.06800926  0.06929364 -0.02606166  0.02693801 -0.03939961] left_ee=[0.04399911 0.04397288] right_arm=[ 0.22640619  2.05039     1.8824965  -1.142079   -0.3137712  -0.05282857] right_ee=[0.04123475 0.04111655]
step=153 env=0 left_arm=[-0.00734268  0.08479515  0.08456134 -0.03145727  0.03091301 -0.04319721] left_ee=[0.04399657 0.04398635] right_arm=[ 0.2240053   2.0335138   1.8726095  -1.1284904  -0.3053573  -0.05504118] right_ee=[0.04141988 0.04139712]
step=154 env=0 left_arm=[-0.01121008  0.11038678  0.10476689 -0.03826931  0.03628946 -0.04468946] left_ee=[0.04399281 0.04399334] right_arm=[ 0.21621805  2.0007472   1.8260937  -1.0937402  -0.29346293 -0.05591566] right_ee=[0.04171998 0.04165724]
step=155 env=0 left_arm=[-0.01162558  0.13167585  0.12469883 -0.05185282  0.04240994 -0.05038177] left_ee=[0.04399126 0.04399853] right_arm=[ 0.21100622  1.9477898   1.7875324  -1.0702444  -0.28170303 -0.05703624] right_ee=[0.04186305 0.04193826]
step=156 env=0 left_arm=[-0.01679724  0.16299626  0.1622092  -0.06287026  0.04776642 -0.05322382] left_ee=[0.04399052 0.04399488] right_arm=[ 0.19722888  1.8852142   1.7100422  -1.0235765  -0.25863993 -0.05839097] right_ee=[0.04200893 0.04194399]
step=157 env=0 left_arm=[-0.02123046  0.20194589  0.20145483 -0.09102204  0.0546806  -0.05853017] left_ee=[0.04399107 0.04399765] right_arm=[ 0.18591799  1.8142475   1.6509002  -0.99376225 -0.23847924 -0.06039927] right_ee=[0.04201347 0.04206745]
step=158 env=0 left_arm=[-0.02306493  0.2375569   0.22932981 -0.1087269   0.06198006 -0.06542701] left_ee=[0.04398942 0.04399843] right_arm=[ 0.17435855  1.7359213   1.5729393  -0.95255303 -0.22222531 -0.05890882] right_ee=[0.04208392 0.04211131]
step=159 env=0 left_arm=[-0.02560217  0.30153024  0.27170014 -0.12379527  0.07918251 -0.06882332] left_ee=[0.04398797 0.0439974 ] right_arm=[ 0.16929504  1.6776335   1.528089   -0.9087469  -0.21239577 -0.06132479] right_ee=[0.04224839 0.0423132 ]
step=160 env=0 left_arm=[-0.02535455  0.3387709   0.312783   -0.14007095  0.08748128 -0.07679433] left_ee=[0.04398688 0.04399555] right_arm=[ 0.15399621  1.5813246   1.4156446  -0.85127926 -0.19637783 -0.06110433] right_ee=[0.04239494 0.0423869 ]
step=161 env=0 left_arm=[-0.02886295  0.37392652  0.32865041 -0.15599215  0.0915226  -0.07644568] left_ee=[0.04398495 0.04399997] right_arm=[ 0.14826468  1.5358316   1.3798455  -0.82902324 -0.18614876 -0.06292616] right_ee=[0.04246167 0.04250706]
step=162 env=0 left_arm=[-0.03135975  0.44173953  0.37512553 -0.17742752  0.09971144 -0.07844368] left_ee=[0.043993   0.04399579] right_arm=[ 0.14121205  1.465388    1.3093034  -0.7812611  -0.17641254 -0.06593565] right_ee=[0.04257376 0.04260662]
step=163 env=0 left_arm=[-0.03763368  0.5259965   0.43993387 -0.21311794  0.10845427 -0.08684726] left_ee=[0.04398908 0.04399585] right_arm=[ 0.12382416  1.3487829   1.2036244  -0.7290868  -0.14640972 -0.06817578] right_ee=[0.04251633 0.04252434]
step=164 env=0 left_arm=[-0.05006995  0.59961444  0.49320376 -0.21728617  0.12256256 -0.09540527] left_ee=[0.04397825 0.04399491] right_arm=[ 0.11510211  1.2809105   1.1226622  -0.67752904 -0.13105112 -0.06584459] right_ee=[0.04265172 0.04269532]
step=165 env=0 left_arm=[-0.05650641  0.68932194  0.5417038  -0.2447743   0.1270029  -0.09600156] left_ee=[0.04396224 0.04399975] right_arm=[ 0.10471844  1.2005453   1.0516636  -0.6383041  -0.11415048 -0.06801952] right_ee=[0.04274154 0.04278044]
step=166 env=0 left_arm=[-0.06230948  0.7578579   0.58112407 -0.2684514   0.13869648 -0.10418743] left_ee=[0.04397998 0.04399199] right_arm=[ 0.09663531  1.1185097   0.99536806 -0.59919965 -0.1124903  -0.07076974] right_ee=[0.04273484 0.04278889]
step=167 env=0 left_arm=[-0.06739105  0.8175401   0.62650615 -0.2926374   0.14519563 -0.11124018] left_ee=[0.04398571 0.04399471] right_arm=[ 0.0853428   1.050825    0.9177025  -0.5488608  -0.09602173 -0.0687691 ] right_ee=[0.04279512 0.04280322]
step=168 env=0 left_arm=[-0.08699677  0.96076524  0.7007391  -0.33290038  0.15215062 -0.1248656 ] left_ee=[0.04398062 0.043999  ] right_arm=[ 0.06993054  0.91888726  0.78454256 -0.4657741  -0.07623325 -0.06730556] right_ee=[0.04285235 0.04288474]
step=169 env=0 left_arm=[-0.082918    0.96857226  0.717323   -0.3420031   0.15431069 -0.1272718 ] left_ee=[0.04398029 0.04398411] right_arm=[ 0.06310092  0.8768506   0.75248206 -0.44683826 -0.07367238 -0.0694758 ] right_ee=[0.04276867 0.04281682]
step=170 env=0 left_arm=[-0.09013636  0.993161    0.72359526 -0.33528495  0.15755229 -0.12585437] left_ee=[0.04398962 0.04398739] right_arm=[ 0.06254488  0.85282004  0.7355293  -0.43999842 -0.06804314 -0.06869149] right_ee=[0.04280977 0.04284288]
step=171 env=0 left_arm=[-0.10536003  1.072057    0.7590003  -0.35366267  0.15355438 -0.1330153 ] left_ee=[0.04398549 0.04399973] right_arm=[ 0.05150022  0.7626424   0.64976484 -0.39176592 -0.05996997 -0.06764089] right_ee=[0.04290696 0.04291761]
step=172 env=0 left_arm=[-0.12080137  1.1829551   0.80104566 -0.36381787  0.16987437 -0.15171479] left_ee=[0.04375357 0.04377426] right_arm=[ 0.04295431  0.66748816  0.5658849  -0.33039248 -0.04062985 -0.0715473 ] right_ee=[0.04259949 0.04261865]
step=173 env=0 left_arm=[-0.13556746  1.2674859   0.83084345 -0.3879483   0.17072734 -0.15642495] left_ee=[0.04325116 0.04329159] right_arm=[ 0.0353196   0.57022965  0.49152473 -0.28859615 -0.03302912 -0.06848567] right_ee=[0.0425261  0.04256191]
step=174 env=0 left_arm=[-0.1380639   1.2627145   0.8464676  -0.3908476   0.17774712 -0.1681122 ] left_ee=[0.04308609 0.04305845] right_arm=[ 0.03351831  0.57737434  0.47210288 -0.27289975 -0.02620034 -0.06816229] right_ee=[0.04233298 0.04236301]
step=175 env=0 left_arm=[-0.14556338  1.3278853   0.8531265  -0.39051098  0.18596466 -0.17223847] left_ee=[0.04203896 0.04211814] right_arm=[ 0.02830947  0.5177875   0.4257391  -0.24433386 -0.02076916 -0.07025791] right_ee=[0.04211027 0.04212615]
step=176 env=0 left_arm=[-0.1434006   1.3560346   0.8572709  -0.39064696  0.18205899 -0.17569667] left_ee=[0.04100408 0.0410448 ] right_arm=[ 0.02477165  0.4802467   0.3998224  -0.22966692 -0.02267528 -0.07288823] right_ee=[0.04181495 0.04183329]
step=177 env=0 left_arm=[-0.1559635   1.419861    0.87772804 -0.39633918  0.18536091 -0.187001  ] left_ee=[0.04027812 0.04027199] right_arm=[ 0.02463611  0.42230245  0.3560235  -0.205754   -0.01075204 -0.07093961] right_ee=[0.04163956 0.04164909]
step=178 env=0 left_arm=[-0.16203631  1.444854    0.886943   -0.38356557  0.18841723 -0.1876795 ] left_ee=[0.03899296 0.03898363] right_arm=[ 0.01839219  0.36805502  0.31538674 -0.18053332 -0.00815853 -0.07200767] right_ee=[0.04158542 0.04159413]
step=179 env=0 left_arm=[-0.16919166  1.4513563   0.8907587  -0.38601354  0.19072442 -0.19626302] left_ee=[0.03746784 0.03746013] right_arm=[ 0.01615636  0.35234892  0.30576816 -0.17063314 -0.01213877 -0.06908549] right_ee=[0.04136887 0.04138331]
step=180 env=0 left_arm=[-0.17316873  1.4673806   0.8793309  -0.3805479   0.19333866 -0.20251712] left_ee=[0.03613127 0.03618156] right_arm=[ 0.01778423  0.33492807  0.2964664  -0.16441151 -0.01211273 -0.07162355] right_ee=[0.04118681 0.04119498]
step=181 env=0 left_arm=[-0.17122017  1.4568033   0.89015675 -0.38161492  0.20079891 -0.20265907] left_ee=[0.03407653 0.0340426 ] right_arm=[ 0.01236887  0.28391746  0.2618129  -0.14624804 -0.01412896 -0.07048307] right_ee=[0.04116986 0.04116807]
step=182 env=0 left_arm=[-0.18821132  1.5277449   0.9171443  -0.3856437   0.20370902 -0.21584296] left_ee=[0.03188673 0.03191743] right_arm=[ 0.01114598  0.23872666  0.22596411 -0.12173311 -0.0089251  -0.06730827] right_ee=[0.04099936 0.04100404]
step=183 env=0 left_arm=[-0.20287843  1.5399317   0.9207892  -0.3786846   0.2110083  -0.2226508 ] left_ee=[0.03047876 0.03022762] right_arm=[ 0.00814938  0.20510176  0.20446497 -0.11140915 -0.00492497 -0.06579695] right_ee=[0.04104514 0.04104838]
step=184 env=0 left_arm=[-0.19746086  1.4996967   0.90240943 -0.3757232   0.21966073 -0.23083997] left_ee=[0.02779596 0.02773835] right_arm=[ 0.01094385  0.20987566  0.2133419  -0.10564565 -0.0161004  -0.06625023] right_ee=[0.04091796 0.04093323]
step=185 env=0 left_arm=[-0.21233222  1.5512475   0.9232598  -0.37126422  0.21931806 -0.23962474] left_ee=[0.02591096 0.02591022] right_arm=[ 0.01155313  0.1776306   0.18481809 -0.09217536 -0.01242895 -0.06418777] right_ee=[0.04086968 0.04086449]
step=186 env=0 left_arm=[-0.2124869   1.5854769   0.93222326 -0.373129    0.21821555 -0.24157667] left_ee=[0.02231442 0.02375193] right_arm=[ 0.0095301   0.1289323   0.1574405  -0.07588837 -0.01086249 -0.06525668] right_ee=[0.04077957 0.04077549]
step=187 env=0 left_arm=[-0.21561071  1.5764831   0.93682724 -0.36642465  0.21950392 -0.24828948] left_ee=[0.02101486 0.02148739] right_arm=[ 0.01068818  0.12371723  0.14819083 -0.07534572 -0.01437566 -0.06517178] right_ee=[0.04073791 0.04074662]
step=188 env=0 left_arm=[-0.22416736  1.5679358   0.9360673  -0.35989508  0.23008132 -0.25948665] left_ee=[0.01900815 0.01918157] right_arm=[ 0.01247844  0.11712471  0.14575608 -0.07200778 -0.01839961 -0.06143929] right_ee=[0.04071669 0.04071463]
step=189 env=0 left_arm=[-0.22878274  1.5645037   0.94728553 -0.38224667  0.23524398 -0.27068555] left_ee=[0.0165575  0.01664989] right_arm=[ 0.01000431  0.10768301  0.1310888  -0.0627348  -0.02051733 -0.05715608] right_ee=[0.04076778 0.04076046]
step=190 env=0 left_arm=[-0.24003087  1.5964544   0.95257664 -0.3701366   0.23745893 -0.27812266] left_ee=[0.01458381 0.01466706] right_arm=[ 0.01040494  0.08038998  0.10955154 -0.05556055 -0.01691114 -0.05653373] right_ee=[0.0408038 0.0408029]
step=191 env=0 left_arm=[-0.24303049  1.5922673   0.95404345 -0.36534464  0.24286099 -0.28302127] left_ee=[0.01238645 0.01239242] right_arm=[ 0.00845785  0.06762382  0.10575446 -0.05144377 -0.01850156 -0.05647523] right_ee=[0.04076466 0.04076272]
step=192 env=0 left_arm=[-0.2565419   1.602087    0.9573455  -0.36544517  0.24875665 -0.2978472 ] left_ee=[0.01033195 0.01033083] right_arm=[ 0.00997808  0.06215427  0.09137415 -0.0425087  -0.01701528 -0.0509437 ] right_ee=[0.04086997 0.04087606]
step=193 env=0 left_arm=[-0.2541648   1.5991848   0.95240355 -0.36687833  0.25067827 -0.29909056] left_ee=[0.00855771 0.00861863] right_arm=[ 0.01093754  0.06060621  0.08900586 -0.04562575 -0.02099416 -0.05429058] right_ee=[0.04090411 0.0409067 ]
step=194 env=0 left_arm=[-0.26532832  1.6118445   0.96202284 -0.35746166  0.25063297 -0.3150062 ] left_ee=[0.0070618  0.00702979] right_arm=[ 0.01109948  0.04889825  0.07914117 -0.03595    -0.0169051  -0.04917119] right_ee=[0.04095604 0.04094847]
step=195 env=0 left_arm=[-0.2722263   1.6166337   0.9660336  -0.3517868   0.25546372 -0.31924984] left_ee=[0.00566026 0.00566361] right_arm=[ 0.01126691  0.03909309  0.07460599 -0.0341936  -0.016496   -0.04963377] right_ee=[0.04098126 0.04098221]
step=196 env=0 left_arm=[-0.27696648  1.6189413   0.96356654 -0.34249526  0.2518386  -0.32669416] left_ee=[0.00483805 0.00486724] right_arm=[ 0.01201302  0.04075377  0.07255006 -0.03487669 -0.0178817  -0.04901477] right_ee=[0.04100138 0.04100414]
step=197 env=0 left_arm=[-0.28616038  1.6230687   0.96402895 -0.33455834  0.25527516 -0.33897874] left_ee=[0.00388487 0.00387339] right_arm=[ 0.01327211  0.04056178  0.06986815 -0.03485542 -0.01766416 -0.04958123] right_ee=[0.04087455 0.04087399]
step=198 env=0 left_arm=[-0.28821898  1.6244472   0.961227   -0.33515102  0.25722706 -0.34321317] left_ee=[0.00319345 0.00323165] right_arm=[ 0.01422101  0.03958077  0.06945764 -0.03517275 -0.01807785 -0.04852147] right_ee=[0.04080563 0.04080383]
step=199 env=0 left_arm=[-0.29610634  1.6342995   0.9673554  -0.32830304  0.25886267 -0.34821364] left_ee=[0.00256678 0.00255343] right_arm=[ 0.01582931  0.0382506   0.06655458 -0.03061552 -0.01791881 -0.0487061 ] right_ee=[0.04071686 0.04071582]
step=200 env=0 left_arm=[-0.2976142   1.6298994   0.9694709  -0.33063132  0.25905645 -0.35220784] left_ee=[0.00221192 0.00221752] right_arm=[ 0.01615242  0.03823906  0.06671433 -0.03073359 -0.01804967 -0.04915937] right_ee=[0.04063675 0.04063366]
step=201 env=0 left_arm=[-0.37019557  1.645004    1.0244845  -0.2842794   0.23674072 -0.34832156] left_ee=[0.00980377 0.00929854] right_arm=[ 0.01673529  0.01736043  0.00671032 -0.0026686   0.00996906 -0.00967609] right_ee=[0.04199478 0.04199783]
step=202 env=0 left_arm=[-0.37915432  1.6460015   1.0316415  -0.28142402  0.23303989 -0.3474626 ] left_ee=[0.01480307 0.01498778] right_arm=[ 0.01667294  0.01432802 -0.00072867  0.0013897   0.01327706 -0.00456204] right_ee=[0.04280137 0.04282909]
step=203 env=0 left_arm=[-0.38135082  1.6449751   1.036858   -0.2848026   0.23145166 -0.34988183] left_ee=[0.01846815 0.01856406] right_arm=[ 0.01668516  0.01378521 -0.00317564  0.00079888  0.01358223 -0.00369376] right_ee=[0.04328915 0.04330372]
step=204 env=0 left_arm=[-0.38197735  1.6446263   1.0376186  -0.29296705  0.2307186  -0.3478137 ] left_ee=[0.02092518 0.02098671] right_arm=[ 0.01614223  0.01381772 -0.00494464  0.00111846  0.01346748 -0.0034923 ] right_ee=[0.04357963 0.04358512]
step=205 env=0 left_arm=[-0.3811423   1.6457021   1.0471923  -0.3047545   0.22721736 -0.34890634] left_ee=[0.02339374 0.02340502] right_arm=[ 0.01603938  0.01430274 -0.00719258 -0.00047109  0.01300519 -0.00329605] right_ee=[0.04375079 0.04375404]
step=206 env=0 left_arm=[-0.3788828   1.64762     1.0482109  -0.31826138  0.22440368 -0.3454741 ] left_ee=[0.02540844 0.02544488] right_arm=[ 0.01435962  0.01174872 -0.00897409  0.00151186  0.01230477 -0.00306462] right_ee=[0.0438536  0.04385288]
step=207 env=0 left_arm=[-0.37042904  1.6515226   1.0651971  -0.34910747  0.21796867 -0.3360348 ] left_ee=[0.02741357 0.02742776] right_arm=[ 0.01477909  0.01329138 -0.01225095 -0.00253648  0.01175875 -0.00368513] right_ee=[0.04391169 0.04391481]
step=208 env=0 left_arm=[-0.3679542   1.6583134   1.0849818  -0.36167052  0.21316965 -0.33917   ] left_ee=[0.02955362 0.02951307] right_arm=[ 0.0137756   0.01217916 -0.01514852 -0.00462959  0.01221575 -0.00353753] right_ee=[0.04394922 0.04394758]
step=209 env=0 left_arm=[-0.3690089   1.667516    1.1000048  -0.37238264  0.2097889  -0.34283912] left_ee=[0.03137416 0.03135682] right_arm=[ 0.01448355  0.01219296 -0.0127654  -0.00595895  0.01169044 -0.00280331] right_ee=[0.04396825 0.04397099]
step=210 env=0 left_arm=[-0.36135805  1.6706539   1.1278492  -0.39042827  0.20290567 -0.34496057] left_ee=[0.03372998 0.03371578] right_arm=[ 0.01388163  0.0094937  -0.01256095 -0.01027857  0.01050004 -0.00311521] right_ee=[0.04398227 0.0439813 ]
step=211 env=0 left_arm=[-0.35026318  1.6857706   1.1628078  -0.41686723  0.19571562 -0.3396334 ] left_ee=[0.03584617 0.03587901] right_arm=[ 0.01346849  0.00960154 -0.01758805 -0.01206928  0.00969644 -0.00359696] right_ee=[0.04398956 0.04398907]
step=212 env=0 left_arm=[-0.34629512  1.6991286   1.1656342  -0.43157065  0.1902057  -0.33313125] left_ee=[0.03672437 0.03677306] right_arm=[ 0.01236264  0.00865415 -0.01445345 -0.01260136  0.00964065 -0.00374829] right_ee=[0.04399464 0.04399285]
step=213 env=0 left_arm=[-0.3239763   1.7091125   1.1959085  -0.4612205   0.1822799  -0.31384456] left_ee=[0.0379131  0.03795133] right_arm=[ 0.01096851  0.00450825 -0.0193219  -0.01498487  0.00964933 -0.00518591] right_ee=[0.0439965  0.04399649]
step=214 env=0 left_arm=[-0.3152098   1.7452085   1.2411311  -0.47704464  0.18080951 -0.30953875] left_ee=[0.03891996 0.03889938] right_arm=[ 0.00958555 -0.00085039 -0.01904491 -0.01325275  0.01013836 -0.0052319 ] right_ee=[0.0439976  0.04399825]
step=215 env=0 left_arm=[-0.30842334  1.7390565   1.2391858  -0.49178028  0.17232865 -0.30768645] left_ee=[0.03972303 0.03971586] right_arm=[ 0.00855704  0.00232918 -0.01910282 -0.01734589  0.00915158 -0.00513777] right_ee=[0.04399715 0.04399952]
step=216 env=0 left_arm=[-0.29542592  1.749328    1.256859   -0.5043336   0.16785873 -0.29707408] left_ee=[0.04023178 0.04025172] right_arm=[ 8.3621368e-03  8.9654750e-05 -2.2092313e-02 -2.0308802e-02
  9.1974344e-03 -5.4700975e-03] right_ee=[0.04399799 0.04399957]
step=217 env=0 left_arm=[-0.28475097  1.7806331   1.2876027  -0.515309    0.16850664 -0.2942256 ] left_ee=[0.040598   0.04062292] right_arm=[ 0.00678135  0.00089913 -0.01824333 -0.0175513   0.00917605 -0.00584288] right_ee=[0.04399838 0.04399864]
step=218 env=0 left_arm=[-0.27713364  1.7910999   1.3041193  -0.5294016   0.16853955 -0.28193125] left_ee=[0.04091245 0.04089602] right_arm=[ 0.00659508  0.00088422 -0.02009539 -0.01452414  0.00885636 -0.00612904] right_ee=[0.04399739 0.04399953]
step=219 env=0 left_arm=[-0.26018482  1.7993538   1.3223968  -0.5434029   0.15633118 -0.275264  ] left_ee=[0.04123617 0.04129447] right_arm=[ 0.00565054 -0.00161609 -0.01931831 -0.02168021  0.00973705 -0.00662998] right_ee=[0.04399853 0.04399857]
step=220 env=0 left_arm=[-0.2401908  1.8281782  1.3520157 -0.5636695  0.1557066 -0.2557001] left_ee=[0.04120224 0.04127741] right_arm=[ 0.00578388 -0.00390908 -0.02367111 -0.01827024  0.00908948 -0.00616499] right_ee=[0.04399739 0.04399945]
step=221 env=0 left_arm=[-0.23139727  1.8617932   1.382077   -0.5670104   0.15791051 -0.25030676] left_ee=[0.04126539 0.04124521] right_arm=[ 0.00379386 -0.00895601 -0.01609814 -0.01264567  0.00857279 -0.00660562] right_ee=[0.04399819 0.04399753]
step=222 env=0 left_arm=[-0.21421789  1.8831443   1.4073495  -0.5796131   0.15673885 -0.23675933] left_ee=[0.04118114 0.04123626] right_arm=[ 0.00375107 -0.01222215 -0.02047675 -0.01324139  0.00925291 -0.00673061] right_ee=[0.0439971  0.04399971]
step=223 env=0 left_arm=[-0.20239784  1.9128003   1.4383467  -0.5923818   0.15242532 -0.22972338] left_ee=[0.04111293 0.0411367 ] right_arm=[ 0.0034382  -0.01330041 -0.01860002 -0.01073854  0.00987286 -0.00651018] right_ee=[0.04399836 0.04399924]
step=224 env=0 left_arm=[-0.1821712   1.9262797   1.4592406  -0.61248744  0.14376497 -0.21379167] left_ee=[0.04105056 0.0411217 ] right_arm=[ 0.00238887 -0.01344871 -0.02002866 -0.01192849  0.01027237 -0.00703244] right_ee=[0.04399874 0.04399947]
step=225 env=0 left_arm=[-0.16901045  1.9588207   1.4868742  -0.62015676  0.1447307  -0.20273216] left_ee=[0.04079216 0.04081415] right_arm=[ 0.00213313 -0.01725584 -0.01547082 -0.00420567  0.00892684 -0.00695363] right_ee=[0.04399809 0.04399935]
step=226 env=0 left_arm=[-0.15498652  1.9801166   1.5133079  -0.6282117   0.1436811  -0.19150615] left_ee=[0.04054473 0.04055769] right_arm=[ 0.00150662 -0.02069649 -0.01793323 -0.00215842  0.00991836 -0.00702643] right_ee=[0.0439988  0.04399851]
step=227 env=0 left_arm=[-0.1552083   1.9888296   1.5205059  -0.62189204  0.14962026 -0.19785775] left_ee=[0.0405499  0.04046217] right_arm=[ 0.00206502 -0.0176589  -0.01551274 -0.00193901  0.01008214 -0.0062951 ] right_ee=[0.04399785 0.04399952]
step=228 env=0 left_arm=[-0.13782048  2.002781    1.5376749  -0.64026326  0.14032759 -0.17939006] left_ee=[0.04019647 0.04032818] right_arm=[ 0.0019779  -0.0197511  -0.01866192 -0.00045832  0.01022105 -0.00658535] right_ee=[0.04399922 0.04399894]
step=229 env=0 left_arm=[-0.12865204  2.00766     1.5437971  -0.6481221   0.13731374 -0.1701842 ] left_ee=[0.04002822 0.04001444] right_arm=[ 1.38434547e-03 -2.34082621e-02 -2.23017167e-02  5.86194292e-05
  1.03321895e-02 -6.73942361e-03] right_ee=[0.04399935 0.04399927]
step=230 env=0 left_arm=[-0.12965748  2.0118723   1.5477527  -0.6500025   0.13669026 -0.17290509] left_ee=[0.03996726 0.03989204] right_arm=[ 0.00137965 -0.02062923 -0.020196   -0.00097105  0.01070484 -0.00645131] right_ee=[0.04399912 0.04399986]
step=231 env=0 left_arm=[-0.10927943  2.0323696   1.5718334  -0.6607548   0.13489382 -0.15589398] left_ee=[0.03960531 0.03976278] right_arm=[ 0.0012537  -0.02535084 -0.02176305  0.00185106  0.01113128 -0.00640776] right_ee=[0.04399949 0.04399981]
step=232 env=0 left_arm=[-0.09242154  2.0538657   1.5895991  -0.6677449   0.13319963 -0.13999045] left_ee=[0.03927537 0.03934127] right_arm=[ 0.00082739 -0.03142688 -0.02383659  0.00532478  0.01105443 -0.0060604 ] right_ee=[0.04399959 0.04399986]
step=233 env=0 left_arm=[-0.08231018  2.06652     1.6054791  -0.6735143   0.13198395 -0.13151294] left_ee=[0.03900659 0.03898353] right_arm=[ 0.0014881  -0.03154189 -0.02394343  0.0064772   0.0114054  -0.00611701] right_ee=[0.04399904 0.04399957]
step=234 env=0 left_arm=[-0.07991231  2.0714133   1.6103556  -0.6768167   0.13124052 -0.13183078] left_ee=[0.03880302 0.03874654] right_arm=[ 0.00090577 -0.03061182 -0.02288902  0.00787804  0.01180317 -0.00577934] right_ee=[0.04399917 0.04399878]
step=235 env=0 left_arm=[-0.07262984  2.07982     1.6190518  -0.68024194  0.13024592 -0.12670228] left_ee=[0.03857265 0.03860184] right_arm=[ 0.0012636  -0.03077903 -0.02458552  0.00758814  0.01177744 -0.00541653] right_ee=[0.04399843 0.04399961]
step=236 env=0 left_arm=[-0.05668433  2.0906866   1.6327456  -0.69067246  0.12674132 -0.11256231] left_ee=[0.03826146 0.03836061] right_arm=[ 0.00136204 -0.03424784 -0.02491726  0.0087854   0.01223727 -0.00531288] right_ee=[0.04399958 0.04399906]
step=237 env=0 left_arm=[-0.05584202  2.100673    1.6418948  -0.6915597   0.12907396 -0.11080275] left_ee=[0.03805427 0.03797183] right_arm=[ 0.00122216 -0.03611546 -0.02610583  0.01113105  0.01242033 -0.00537847] right_ee=[0.04399969 0.04399963]
step=238 env=0 left_arm=[-0.045491    2.1027832   1.6451466  -0.69381946  0.12687099 -0.10112464] left_ee=[0.03772618 0.0377875 ] right_arm=[ 0.00113832 -0.03729811 -0.02386439  0.01156288  0.01238608 -0.00541114] right_ee=[0.04399969 0.04399989]
step=239 env=0 left_arm=[-0.03877839  2.1123958   1.6583437  -0.70037186  0.12713404 -0.09561458] left_ee=[0.03741341 0.03741511] right_arm=[ 0.00082188 -0.03819048 -0.02606081  0.01311554  0.01299261 -0.00516003] right_ee=[0.04399934 0.04399973]
step=240 env=0 left_arm=[-0.03240775  2.1200314   1.6678085  -0.70427144  0.12467083 -0.09077505] left_ee=[0.03716375 0.03717602] right_arm=[ 0.00068324 -0.03891849 -0.02609399  0.01332537  0.013301   -0.00522621] right_ee=[0.04399914 0.04399987]
step=241 env=0 left_arm=[-0.02010917  2.1247785   1.6738862  -0.7079566   0.12488508 -0.07899545] left_ee=[0.03681969 0.03688475] right_arm=[ 0.00063871 -0.0409083  -0.02710866  0.01396432  0.01354732 -0.00491003] right_ee=[0.04399926 0.04399986]
step=242 env=0 left_arm=[-0.00631554  2.1386607   1.6897752  -0.7149811   0.12218866 -0.06552836] left_ee=[0.03637621 0.03644051] right_arm=[ 0.00051449 -0.04163858 -0.02610402  0.01567652  0.01332428 -0.00505336] right_ee=[0.04399942 0.04399984]
step=243 env=0 left_arm=[-0.01059571  2.142298    1.6962929  -0.7151084   0.12291355 -0.0707577 ] left_ee=[0.03614063 0.03599923] right_arm=[ 0.00060078 -0.03998951 -0.0258192   0.01610398  0.01366646 -0.00505978] right_ee=[0.04399964 0.04399981]
step=244 env=0 left_arm=[ 0.0026058   2.1498642   1.7070377  -0.72138643  0.12050905 -0.05732195] left_ee=[0.03560169 0.03572921] right_arm=[ 8.5655862e-05 -4.1764412e-02 -2.6597993e-02  1.7252104e-02
  1.3703698e-02 -5.1442143e-03] right_ee=[0.04399946 0.04399965]
step=245 env=0 left_arm=[ 0.02282907  2.1603162   1.7158958  -0.72482234  0.12008218 -0.03597718] left_ee=[0.03511342 0.03524143] right_arm=[ 0.00047427 -0.04555236 -0.02703814  0.01826372  0.01328277 -0.00516762] right_ee=[0.04399885 0.0439994 ]
step=246 env=0 left_arm=[ 0.02999322  2.164637    1.7204942  -0.72716665  0.12047261 -0.02722351] left_ee=[0.03478741 0.03472898] right_arm=[ 0.00039443 -0.04779141 -0.0291864   0.01911868  0.0133558  -0.00516694] right_ee=[0.04399972 0.04399892]
step=247 env=0 left_arm=[ 0.03679667  2.167206    1.7231444  -0.72861797  0.12041092 -0.02112358] left_ee=[0.03443196 0.03442693] right_arm=[ 0.00034252 -0.04728552 -0.03146103  0.01850097  0.0133981  -0.00496917] right_ee=[0.04399968 0.04399967]
step=248 env=0 left_arm=[ 0.04522373  2.1713312   1.727538   -0.7302757   0.12085106 -0.01392726] left_ee=[0.03411014 0.034134  ] right_arm=[ 0.00038854 -0.04807495 -0.03075014  0.01868318  0.01335652 -0.0049287 ] right_ee=[0.04399978 0.04399983]
step=249 env=0 left_arm=[ 0.05292652  2.176137    1.7327303  -0.73136723  0.12039427 -0.00614266] left_ee=[0.0337315  0.03374654] right_arm=[ 0.00036023 -0.04820604 -0.0302307   0.01893501  0.01315296 -0.00495708] right_ee=[0.04399988 0.04399987]
step=250 env=0 left_arm=[ 0.05729136  2.1768444   1.7348053  -0.7322728   0.12029069 -0.00281023] left_ee=[0.03352433 0.03350543] right_arm=[ 0.00047882 -0.04833822 -0.03166727  0.01887579  0.01316555 -0.00493066] right_ee=[0.04399991 0.04399989]
step=251 env=0 left_arm=[ 0.05380749  2.291687    1.912409   -0.8287631   0.1089277  -0.0091683 ] left_ee=[0.03743594 0.03740124] right_arm=[ 0.00957519 -0.02292817 -0.01695125  0.00373222  0.01065076 -0.00166987] right_ee=[0.04399467 0.04398998]
step=252 env=0 left_arm=[ 0.05467309  2.3072364   1.9482582  -0.84096175  0.10725375 -0.00901512] left_ee=[0.03979328 0.03977523] right_arm=[ 0.01033799 -0.02013779 -0.01584166  0.00258028  0.01021694 -0.00146331] right_ee=[0.04399821 0.04398547]
step=253 env=0 left_arm=[ 0.05865108  2.3123555   1.9586443  -0.84386456  0.108699   -0.007135  ] left_ee=[0.04114915 0.04118511] right_arm=[ 0.0102355  -0.02088793 -0.01661412  0.00286287  0.01047202 -0.0018547 ] right_ee=[0.04399953 0.04399284]
step=254 env=0 left_arm=[ 6.5311976e-02  2.3210545e+00  1.9631344e+00 -8.4581649e-01
  1.0853499e-01 -1.3227710e-03] left_ee=[0.04186031 0.04191665] right_arm=[ 0.00990077 -0.02262227 -0.01789524  0.00410783  0.01024028 -0.00240938] right_ee=[0.0439996 0.0439972]
step=255 env=0 left_arm=[ 0.07212131  2.3228881   1.9649922  -0.8462384   0.11008768  0.00375896] left_ee=[0.04223442 0.0422561 ] right_arm=[ 0.00966826 -0.02554901 -0.02076544  0.00472191  0.01036449 -0.00297631] right_ee=[0.04399968 0.04399887]
step=256 env=0 left_arm=[ 0.07824948  2.333486    1.9727134  -0.84631276  0.1095079   0.0079017 ] left_ee=[0.0423322  0.04235845] right_arm=[ 0.00940934 -0.02486159 -0.02163004  0.00513049  0.01013539 -0.00329084] right_ee=[0.0439996  0.04399968]
step=257 env=0 left_arm=[ 0.08558536  2.3429124   1.9826453  -0.8471027   0.11009859  0.01336769] left_ee=[0.04218406 0.042214  ] right_arm=[ 0.00946167 -0.02756174 -0.02334027  0.00584634  0.0101283  -0.00373501] right_ee=[0.04399959 0.04399992]
step=258 env=0 left_arm=[ 0.09224193  2.3486068   1.9870613  -0.85062194  0.10950807  0.0173147 ] left_ee=[0.0419765  0.04199355] right_arm=[ 0.00943838 -0.02508724 -0.0222709   0.00525467  0.01042045 -0.00362745] right_ee=[0.0439998  0.04399974]
step=259 env=0 left_arm=[ 0.09648457  2.3579917   1.9950391  -0.8514029   0.11145346  0.02118345] left_ee=[0.04174936 0.04173901] right_arm=[ 0.00912159 -0.0251313  -0.02314157  0.00639659  0.00986456 -0.00388489] right_ee=[0.04399971 0.04399996]
step=260 env=0 left_arm=[ 0.10328352  2.363531    1.9998287  -0.85301816  0.11068167  0.02515036] left_ee=[0.04143711 0.04147685] right_arm=[ 0.00923174 -0.02569983 -0.02343854  0.00605957  0.01044584 -0.00375149] right_ee=[0.04399976 0.04399983]
step=261 env=0 left_arm=[ 0.10763664  2.3789623   2.0137053  -0.8525151   0.11227842  0.02917619] left_ee=[0.04083338 0.04083082] right_arm=[ 0.00941165 -0.02525345 -0.02680364  0.00771064  0.01003908 -0.00302655] right_ee=[0.04399938 0.04399959]
step=262 env=0 left_arm=[ 0.11515903  2.3791833   2.0104291  -0.8503117   0.11127009  0.0348634 ] left_ee=[0.04019239 0.04023713] right_arm=[ 0.00901263 -0.02559939 -0.02557414  0.00748953  0.0100781  -0.00396676] right_ee=[0.04399955 0.04399903]
step=263 env=0 left_arm=[ 0.12415756  2.3935091   2.022594   -0.8528661   0.10954251  0.03908961] left_ee=[0.03879225 0.03944246] right_arm=[ 0.0091222  -0.02433048 -0.02386183  0.00795117  0.01015601 -0.00339418] right_ee=[0.04399928 0.04399984]
step=264 env=0 left_arm=[ 0.12820095  2.40847     2.0453858  -0.85153776  0.11039402  0.03940309] left_ee=[0.03666091 0.0383023 ] right_arm=[ 0.00941093 -0.02320141 -0.02563595  0.0094912   0.01019311 -0.00223869] right_ee=[0.04399944 0.04399975]
step=265 env=0 left_arm=[ 0.1333288   2.4091785   2.045366   -0.8504867   0.11158516  0.04594328] left_ee=[0.03407768 0.03708804] right_arm=[ 0.00921304 -0.02377942 -0.02761861  0.00944472  0.00963481 -0.00250987] right_ee=[0.04399992 0.04399956]
step=266 env=0 left_arm=[ 0.13980466  2.4151297   2.053471   -0.84887844  0.11199069  0.05024379] left_ee=[0.03106433 0.03545996] right_arm=[ 0.00896181 -0.02459017 -0.0272996   0.01015233  0.00962602 -0.00209507] right_ee=[0.04399975 0.04399951]
step=267 env=0 left_arm=[ 0.14855976  2.4213808   2.0637877  -0.8558844   0.11360724  0.05943828] left_ee=[0.02648158 0.03337236] right_arm=[ 0.00950842 -0.01997534 -0.02743544  0.01025203  0.00836002 -0.00203671] right_ee=[0.04399895 0.04399872]
step=268 env=0 left_arm=[ 0.15280925  2.4297793   2.075864   -0.85293627  0.11593518  0.06332003] left_ee=[0.02469816 0.03106653] right_arm=[ 0.00922202 -0.02045236 -0.02868139  0.01079773  0.00754185 -0.00257261] right_ee=[0.04399985 0.0439981 ]
step=269 env=0 left_arm=[ 0.16184887  2.434861    2.0822568  -0.8517884   0.11712004  0.06902531] left_ee=[0.01964377 0.02903158] right_arm=[ 0.0087741  -0.01963864 -0.02608557  0.01067362  0.00723691 -0.00279566] right_ee=[0.04399971 0.04399884]
step=270 env=0 left_arm=[ 0.1632686   2.4411356   2.0907614  -0.8469631   0.11664086  0.06810077] left_ee=[0.0186382 0.0269523] right_arm=[ 0.00850825 -0.02235649 -0.025436    0.01195621  0.00749601 -0.00186301] right_ee=[0.04399959 0.0439995 ]
step=271 env=0 left_arm=[ 0.1690901   2.4522746   2.1069448  -0.84408295  0.11774855  0.07400768] left_ee=[0.01569621 0.02484862] right_arm=[ 0.00776441 -0.02630685 -0.02557755  0.01318037  0.00674521 -0.00169256] right_ee=[0.04399958 0.04399985]
step=272 env=0 left_arm=[ 0.17424588  2.453113    2.1074622  -0.8435643   0.11981467  0.07939868] left_ee=[0.01312763 0.02298809] right_arm=[ 0.00812661 -0.02034977 -0.02022139  0.01113949  0.00611843 -0.00238492] right_ee=[0.04399908 0.04399928]
step=273 env=0 left_arm=[ 0.18068457  2.4616058   2.120039   -0.8430527   0.12315515  0.08130965] left_ee=[0.01009867 0.02058223] right_arm=[ 0.0073172  -0.02125538 -0.02061593  0.01268603  0.0060602  -0.00131528] right_ee=[0.04399925 0.04399838]
step=274 env=0 left_arm=[ 0.1854403   2.4649827   2.126119   -0.84799564  0.12778963  0.08970759] left_ee=[0.00821342 0.01815655] right_arm=[ 0.00733084 -0.02022735 -0.02296471  0.01252629  0.00484155 -0.00216834] right_ee=[0.04399846 0.04399926]
step=275 env=0 left_arm=[ 0.18879263  2.4728408   2.136233   -0.84070516  0.12897968  0.08817154] left_ee=[0.00630921 0.01594957] right_arm=[ 0.00677841 -0.0228579  -0.01858412  0.01391688  0.00504093 -0.00079231] right_ee=[0.04399934 0.04399822]
step=276 env=0 left_arm=[ 0.1956806   2.4734938   2.1357832  -0.83914745  0.13699841  0.10094123] left_ee=[0.00378517 0.0136032 ] right_arm=[ 0.00549277 -0.01972779 -0.01937728  0.01542377  0.00403703 -0.00118891] right_ee=[0.04399932 0.04399938]
step=277 env=0 left_arm=[ 0.2024412   2.4757469   2.138524   -0.83956325  0.1375017   0.1012102 ] left_ee=[0.         0.01123637] right_arm=[ 0.00646805 -0.01686067 -0.01507938  0.01382235  0.00350782 -0.00091494] right_ee=[0.04399823 0.04399876]
step=278 env=0 left_arm=[ 0.2048047   2.474514    2.1354864  -0.836979    0.14253339  0.10770189] left_ee=[0.         0.00884628] right_arm=[ 0.00551294 -0.01601349 -0.01457937  0.01482272  0.00272912 -0.00051605] right_ee=[0.0439994  0.04399758]
step=279 env=0 left_arm=[ 0.20951767  2.4741662   2.135593   -0.8409882   0.14840387  0.11613058] left_ee=[0.         0.00702902] right_arm=[ 0.00470257 -0.0145568  -0.0138261   0.01426553  0.0025308  -0.0011489 ] right_ee=[0.0439993  0.04399903]
step=280 env=0 left_arm=[ 0.21110983  2.4738498   2.1349707  -0.841137    0.1507532   0.11492588] left_ee=[0.         0.00610896] right_arm=[ 0.00403521 -0.01348208 -0.00877835  0.01533498  0.00168684 -0.000574  ] right_ee=[0.04399911 0.04399975]
step=281 env=0 left_arm=[ 0.21640839  2.4714139   2.1301808  -0.8399377   0.15815327  0.12018243] left_ee=[0.         0.00493318] right_arm=[ 0.00353658 -0.01360888 -0.00781553  0.01567281  0.00162272 -0.0004519 ] right_ee=[0.04399954 0.04399965]
step=282 env=0 left_arm=[ 0.22014236  2.4721828   2.1318207  -0.8434875   0.16559774  0.1229334 ] left_ee=[0.         0.00342495] right_arm=[ 0.00324614 -0.01331367 -0.00897492  0.01519853  0.00157256 -0.00055871] right_ee=[0.04399943 0.0439999 ]
step=283 env=0 left_arm=[ 0.2256148   2.467045    2.1235723  -0.84684396  0.176414    0.12642328] left_ee=[0.        0.0015753] right_arm=[ 0.00259723 -0.01075671 -0.00329821  0.01657572  0.00010573 -0.00039562] right_ee=[0.04399942 0.04399978]
step=284 env=0 left_arm=[ 0.22883472  2.4580889   2.1089616  -0.84798265  0.18244785  0.12917642] left_ee=[0.         0.00075625] right_arm=[ 0.00203609 -0.00838855  0.00060561  0.01670622  0.00134424 -0.00074867] right_ee=[0.0439987  0.04399905]
step=285 env=0 left_arm=[ 0.23113775  2.4566188   2.1073954  -0.8533723   0.189156    0.13062577] left_ee=[0. 0.] right_arm=[ 0.00238764 -0.00796413  0.0004523   0.01571935  0.00078871 -0.00114552] right_ee=[0.04399763 0.04399933]
step=286 env=0 left_arm=[ 0.23679595  2.4465969   2.0901725  -0.85306716  0.19996682  0.13567415] left_ee=[0. 0.] right_arm=[ 2.8043867e-03 -5.2263658e-03  8.0065606e-03  1.6665559e-02
  9.9242257e-05 -2.0350153e-03] right_ee=[0.04399888 0.04399904]
step=287 env=0 left_arm=[ 0.23447245  2.4477944   2.0936584  -0.85913676  0.2008118   0.1332216 ] left_ee=[2.3046501e-04 7.6766906e-07] right_arm=[ 0.00276405 -0.00724865  0.00507179  0.0155653   0.00042952 -0.00231487] right_ee=[0.04399965 0.04399856]
step=288 env=0 left_arm=[ 0.23393656  2.4361868   2.0829227  -0.87317926  0.21332087  0.13369556] left_ee=[0. 0.] right_arm=[ 0.00175271 -0.00577385  0.00636141  0.01621006  0.00029569 -0.00133116] right_ee=[0.04399909 0.04399902]
step=289 env=0 left_arm=[ 0.23398824  2.4287732   2.0778933  -0.8742083   0.21868443  0.1338912 ] left_ee=[0. 0.] right_arm=[ 0.00167287 -0.0047239   0.00879528  0.01629684  0.00062772 -0.00166803] right_ee=[0.04399868 0.04399983]
step=290 env=0 left_arm=[ 0.2252609   2.418833    2.0840569  -0.882738    0.22711363  0.12920132] left_ee=[0. 0.] right_arm=[ 0.00092959 -0.00445175  0.00742767  0.01674291  0.00016147 -0.00137097] right_ee=[0.04399922 0.04399966]
step=291 env=0 left_arm=[ 0.22471772  2.3998451   2.0730357  -0.89140457  0.23929387  0.12874557] left_ee=[0. 0.] right_arm=[ 0.00084579 -0.00328683  0.00999083  0.01672388  0.00010996 -0.00146541] right_ee=[0.04399912 0.0439998 ]
step=292 env=0 left_arm=[ 0.22014968  2.389242    2.0718296  -0.8976308   0.24561097  0.12549151] left_ee=[0. 0.] right_arm=[ 0.00052966 -0.00235448  0.00863646  0.0166422  -0.00052802 -0.00100465] right_ee=[0.04399944 0.04399981]
step=293 env=0 left_arm=[ 0.21930572  2.372902    2.0611086  -0.9061232   0.25601494  0.12586233] left_ee=[0. 0.] right_arm=[ 0.00072655 -0.00081288  0.01077117  0.01603349 -0.00051913 -0.00179849] right_ee=[0.04399961 0.0439998 ]
step=294 env=0 left_arm=[ 0.21502648  2.3658519   2.0609498  -0.9140784   0.25980893  0.12356825] left_ee=[0. 0.] right_arm=[ 0.0005474  -0.00125773  0.00976629  0.01561878 -0.00147784 -0.00072941] right_ee=[0.04399978 0.04399963]
step=295 env=0 left_arm=[ 0.20528173  2.3491602   2.0605774  -0.9210567   0.2707513   0.11407303] left_ee=[0. 0.] right_arm=[ 8.4604585e-04  7.5208045e-05  8.9041404e-03  1.5239672e-02
 -1.8268781e-03 -7.8424753e-04] right_ee=[0.04399994 0.04399952]
step=296 env=0 left_arm=[ 0.2021763   2.342639    2.0585837  -0.9224706   0.27386916  0.10929218] left_ee=[0. 0.] right_arm=[ 0.00115724  0.00087749  0.00859922  0.01466709 -0.00222292 -0.00053666] right_ee=[0.04399998 0.04399948]
step=297 env=0 left_arm=[ 0.19190636  2.3296607   2.0553908  -0.929725    0.28317785  0.10112774] left_ee=[0. 0.] right_arm=[ 1.6413872e-03  4.0207137e-03  7.9356916e-03  1.3561483e-02
 -2.2383449e-03 -6.7092384e-05] right_ee=[0.04399995 0.04399953]
step=298 env=0 left_arm=[ 0.18699819  2.319711    2.0520055  -0.93334347  0.28936082  0.09704675] left_ee=[0. 0.] right_arm=[ 0.00161145  0.00627779  0.00818998  0.01359969 -0.0020003  -0.00036423] right_ee=[0.04399983 0.04399926]
step=299 env=0 left_arm=[ 0.17953561  2.3086765   2.0472023  -0.93545276  0.2957703   0.08965948] left_ee=[0. 0.] right_arm=[ 2.2358689e-03  9.6069165e-03  8.0402857e-03  1.3448997e-02
 -2.4947273e-03  8.8927096e-05] right_ee=[0.04399924 0.04399912]
step=300 env=0 left_arm=[ 0.17524116  2.3051815   2.0464919  -0.93667495  0.29828846  0.08583639] left_ee=[0. 0.] right_arm=[ 0.00264495  0.01101191  0.00677156  0.01244469 -0.00259635  0.0002117 ] right_ee=[0.04399983 0.04399889]
step=301 env=0 left_arm=[ 0.2149255   2.4215937   2.1907895  -1.102915    0.36133915  0.10105256] left_ee=[9.294945e-06 0.000000e+00] right_arm=[ 0.00701942  0.00213011  0.00045635 -0.00587703  0.00503016  0.00325901] right_ee=[0.04399963 0.04399991]
step=302 env=0 left_arm=[ 0.21644078  2.4400687   2.206364   -1.1278193   0.36988935  0.10250857] left_ee=[0. 0.] right_arm=[ 0.00736434  0.00031759  0.00029915 -0.00731454  0.0056064   0.00346212] right_ee=[0.04399961 0.044     ]
step=303 env=0 left_arm=[ 0.21503246  2.4413798   2.215427   -1.1318041   0.37091175  0.09796165] left_ee=[0. 0.] right_arm=[ 0.00769581  0.0010917  -0.00123312 -0.0085044   0.00623258  0.00358282] right_ee=[0.04399976 0.04399996]
step=304 env=0 left_arm=[ 0.20940462  2.4360158   2.2110872  -1.1340628   0.37235865  0.09518438] left_ee=[0. 0.] right_arm=[ 0.00683386 -0.00087237 -0.00076286 -0.00843807  0.00632722  0.00327551] right_ee=[0.04399908 0.04399951]
step=305 env=0 left_arm=[ 0.20164049  2.431346    2.2104466  -1.137181    0.37485763  0.08980381] left_ee=[0. 0.] right_arm=[ 0.0064475  -0.00067431 -0.00155649 -0.00866264  0.0063365   0.00335868] right_ee=[0.04399878 0.0439998 ]
step=306 env=0 left_arm=[ 0.1938728   2.4250093   2.2021358  -1.1387147   0.3777083   0.08777273] left_ee=[0. 0.] right_arm=[ 0.00552489 -0.00199656 -0.00101914 -0.0081782   0.00618717  0.00272646] right_ee=[0.04399917 0.0439996 ]
step=307 env=0 left_arm=[ 0.1795096   2.4101584   2.1971197  -1.144833    0.38148013  0.07780704] left_ee=[0. 0.] right_arm=[ 5.3921370e-03 -2.6109912e-03 -8.3427485e-06 -8.7446729e-03
  6.0133622e-03  2.4489919e-03] right_ee=[0.0439987  0.04399976]
step=308 env=0 left_arm=[ 0.16934055  2.4037209   2.195037   -1.1473608   0.3857198   0.0702108 ] left_ee=[0. 0.] right_arm=[ 0.0046008  -0.00221806  0.00052994 -0.0083174   0.00590921  0.00241497] right_ee=[0.04399927 0.04399925]
step=309 env=0 left_arm=[ 0.16007249  2.3943164   2.1865585  -1.1506143   0.39360318  0.06752539] left_ee=[0. 0.] right_arm=[ 0.00438498 -0.00039687 -0.00086849 -0.00677485  0.00471377  0.00204719] right_ee=[0.04399868 0.04399952]
step=310 env=0 left_arm=[ 0.14763892  2.377967    2.1706932  -1.1530855   0.39690644  0.06112885] left_ee=[0. 0.] right_arm=[ 0.00336562 -0.00023139  0.00012184 -0.00708257  0.00473591  0.0017561 ] right_ee=[0.04399897 0.04399854]
step=311 env=0 left_arm=[ 0.13343273  2.36444     2.1608145  -1.1607039   0.40473518  0.05559676] left_ee=[0. 0.] right_arm=[ 0.00396224  0.0001464  -0.00106566 -0.00597007  0.00481277  0.00190104] right_ee=[0.04399804 0.04399946]
step=312 env=0 left_arm=[ 0.11694288  2.3492603   2.1530526  -1.1606231   0.40752375  0.04595559] left_ee=[0. 0.] right_arm=[ 0.00370523  0.00039351 -0.00079908 -0.00636393  0.00570137  0.00131821] right_ee=[0.0439992  0.04399854]
step=313 env=0 left_arm=[ 0.1068024   2.3421025   2.1489775  -1.1611636   0.41077882  0.03877236] left_ee=[0. 0.] right_arm=[ 0.00340668 -0.00170054  0.00046068 -0.00604928  0.00524557  0.00114194] right_ee=[0.04399881 0.04399981]
step=314 env=0 left_arm=[ 0.07625295  2.3147137   2.1241276  -1.165874    0.42387238  0.0239358 ] left_ee=[0. 0.] right_arm=[ 0.00252339  0.00062351  0.000884   -0.00467151  0.00567668  0.00029695] right_ee=[0.04399886 0.04399913]
step=315 env=0 left_arm=[ 0.05986698  2.2935977   2.1065264  -1.1697812   0.4251732   0.01187318] left_ee=[0. 0.] right_arm=[ 0.00245175  0.0037215   0.00340729 -0.00346005  0.00585769 -0.00046632] right_ee=[0.0439983  0.04399979]
step=316 env=0 left_arm=[ 0.04448922  2.2797554   2.102154   -1.1728872   0.43202344  0.00336614] left_ee=[0. 0.] right_arm=[ 0.00220656  0.00440344  0.00287368 -0.00433761  0.00652808 -0.00024907] right_ee=[0.04399911 0.04399947]
step=317 env=0 left_arm=[ 0.02351738  2.2623608   2.0937946  -1.1704595   0.426814   -0.01600376] left_ee=[0. 0.] right_arm=[ 0.00169018  0.0023105   0.00560173 -0.00477198  0.00677173 -0.00060026] right_ee=[0.04399929 0.04399981]
step=318 env=0 left_arm=[ 0.00315864  2.2515957   2.0794916  -1.1651245   0.4341186  -0.02642173] left_ee=[0. 0.] right_arm=[ 0.00129486  0.00261118  0.00597879 -0.00295036  0.00663497 -0.00245414] right_ee=[0.04399909 0.04399985]
step=319 env=0 left_arm=[-0.02296697  2.2197554   2.0607734  -1.169429    0.43868476 -0.04443691] left_ee=[0. 0.] right_arm=[ 0.00103901  0.00239528  0.00580048 -0.0033264   0.00811987 -0.00218265] right_ee=[0.04399886 0.04399957]
step=320 env=0 left_arm=[-0.03594037  2.2181244   2.0523045  -1.1634048   0.44520363 -0.04980603] left_ee=[0. 0.] right_arm=[ 0.00082333  0.00322621  0.00686485 -0.00210226  0.00751871 -0.00320343] right_ee=[0.04399821 0.04399968]
step=321 env=0 left_arm=[-0.06732761  2.2014778   2.0431778  -1.1580584   0.4453921  -0.07114858] left_ee=[0. 0.] right_arm=[ 0.00045866  0.00066492  0.00688095 -0.00207081  0.00754829 -0.00311325] right_ee=[0.0439993  0.04399917]
step=322 env=0 left_arm=[-0.08893761  2.1823854   2.0279026  -1.1581213   0.4488777  -0.08530589] left_ee=[0. 0.] right_arm=[ 9.6690528e-05  1.2680988e-03  8.3660530e-03 -1.3016319e-03
  8.5847480e-03 -3.3803927e-03] right_ee=[0.04399901 0.04399945]
step=323 env=0 left_arm=[-0.11097316  2.1707056   2.0269845  -1.151038    0.45044202 -0.10548437] left_ee=[0. 0.] right_arm=[ 0.00030433  0.00116359  0.00995974 -0.00153322  0.00869275 -0.00309783] right_ee=[0.04399838 0.04399973]
step=324 env=0 left_arm=[-0.12086411  2.1544127   2.0171385  -1.1549649   0.4499733  -0.11164725] left_ee=[0. 0.] right_arm=[ 0.00054757 -0.00060209  0.0104161  -0.00352168  0.00816957 -0.00290542] right_ee=[0.04399891 0.04399947]
step=325 env=0 left_arm=[-0.158194   2.1474452  2.00863   -1.1392181  0.4498731 -0.1383642] left_ee=[0. 0.] right_arm=[ 0.00053162 -0.00123877  0.01110471 -0.00134994  0.00876255 -0.00314775] right_ee=[0.04399962 0.04399892]
step=326 env=0 left_arm=[-0.17028022  2.1356993   2.006031   -1.14482     0.45477393 -0.14480129] left_ee=[0. 0.] right_arm=[ 0.000316   -0.00035685  0.01179085 -0.00092338  0.0098555  -0.00262024] right_ee=[0.04399914 0.04399948]
step=327 env=0 left_arm=[-0.18122257  2.123526    1.988259   -1.1410258   0.45645255 -0.14944208] left_ee=[0. 0.] right_arm=[ 0.00036708  0.0030911   0.01143326 -0.00163101  0.00833956 -0.00318347] right_ee=[0.04399824 0.04399905]
step=328 env=0 left_arm=[-0.2289712   2.1150022   1.9774613  -1.1251549   0.4581797  -0.18182859] left_ee=[0. 0.] right_arm=[ 0.00052956  0.00313281  0.01422955 -0.00025541  0.00848887 -0.00402591] right_ee=[0.04399971 0.04399838]
step=329 env=0 left_arm=[-0.22745433  2.1059449   1.9767472  -1.1260198   0.4554057  -0.18459596] left_ee=[0. 0.] right_arm=[ 0.00068715  0.00305537  0.01471479 -0.00239788  0.00871305 -0.00401345] right_ee=[0.0439998 0.0439993]
step=330 env=0 left_arm=[-0.2482414   2.1067548   1.9713415  -1.1186724   0.4577421  -0.19492911] left_ee=[0. 0.] right_arm=[ 0.00078274  0.00364611  0.01448826 -0.00073027  0.00866046 -0.00419532] right_ee=[0.04399985 0.04399972]
step=331 env=0 left_arm=[-0.26968122  2.10292     1.9712974  -1.107532    0.4566661  -0.21355139] left_ee=[0. 0.] right_arm=[ 0.00139545  0.00347234  0.01685057 -0.00021325  0.00912717 -0.00365006] right_ee=[0.04399985 0.0439997 ]
step=332 env=0 left_arm=[-0.28977934  2.1044238   1.9583966  -1.0959454   0.45548886 -0.22425401] left_ee=[0. 0.] right_arm=[ 0.00139615  0.00508905  0.01671511  0.00128793  0.00909491 -0.00421151] right_ee=[0.04399993 0.04399958]
step=333 env=0 left_arm=[-0.30715737  2.0872955   1.9430833  -1.0923786   0.45987466 -0.23455055] left_ee=[0. 0.] right_arm=[ 0.00194126  0.00897893  0.01829907 -0.00023144  0.0084148  -0.0039763 ] right_ee=[0.04399949 0.04399907]
step=334 env=0 left_arm=[-0.31732464  2.0901594   1.9425266  -1.0878599   0.4594137  -0.24481235] left_ee=[0. 0.] right_arm=[ 0.00211012  0.01291516  0.01906074  0.00229431  0.00920334 -0.00375769] right_ee=[0.04399969 0.04399854]
step=335 env=0 left_arm=[-0.32217252  2.0844991   1.9350553  -1.0825033   0.45856172 -0.24780232] left_ee=[0. 0.] right_arm=[ 0.00207082  0.01207212  0.02019723  0.00093255  0.00803646 -0.00432361] right_ee=[0.04399928 0.04399937]
step=336 env=0 left_arm=[-0.334463   2.08403    1.9311002 -1.0718108  0.4570248 -0.2572462] left_ee=[0. 0.] right_arm=[ 0.00264266  0.01230158  0.02152893  0.00190336  0.00812907 -0.00459215] right_ee=[0.04399983 0.04399929]
step=337 env=0 left_arm=[-0.3505116   2.0884721   1.9264112  -1.0592194   0.45505396 -0.26851878] left_ee=[0. 0.] right_arm=[ 0.00306969  0.01330705  0.02199897  0.0029164   0.0079343  -0.00492291] right_ee=[0.04399996 0.04399947]
step=338 env=0 left_arm=[-0.3571072   2.0892422   1.9213831  -1.0527706   0.45565632 -0.2721154 ] left_ee=[0. 0.] right_arm=[ 0.00337712  0.01539292  0.02215458  0.00289013  0.00807073 -0.00437165] right_ee=[0.04399993 0.04399941]
step=339 env=0 left_arm=[-0.3651617   2.08629     1.9194168  -1.0498354   0.45351088 -0.27914134] left_ee=[0. 0.] right_arm=[ 0.00343347  0.01376107  0.02248751  0.00383245  0.00856598 -0.00475046] right_ee=[0.04399973 0.04399943]
step=340 env=0 left_arm=[-0.37795353  2.0886886   1.9119536  -1.0381278   0.45253855 -0.2865511 ] left_ee=[0. 0.] right_arm=[ 0.00384     0.01460988  0.02375942  0.00403897  0.00848067 -0.00493351] right_ee=[0.04399936 0.04399956]
step=341 env=0 left_arm=[-0.38441953  2.0882022   1.9091969  -1.033116    0.45194465 -0.29141772] left_ee=[0. 0.] right_arm=[ 0.00413704  0.01584743  0.02460965  0.00449409  0.0084967  -0.00497098] right_ee=[0.04399988 0.04399943]
step=342 env=0 left_arm=[-0.39230227  2.0886068   1.9040622  -1.023971    0.45050624 -0.29634798] left_ee=[0. 0.] right_arm=[ 0.00427462  0.01643873  0.02422947  0.00476192  0.00818074 -0.00510751] right_ee=[0.04399997 0.04399968]
step=343 env=0 left_arm=[-0.4006011  2.090176   1.90064   -1.0153193  0.4494756 -0.3026818] left_ee=[0. 0.] right_arm=[ 0.00487     0.01693225  0.02655252  0.00520272  0.00787257 -0.00540468] right_ee=[0.04399993 0.04399927]
step=344 env=0 left_arm=[-0.40655503  2.088705    1.8964617  -1.0067103   0.44814506 -0.30821592] left_ee=[0. 0.] right_arm=[ 0.00529162  0.01747256  0.02664001  0.00508701  0.00759036 -0.00555843] right_ee=[0.04399996 0.04399932]
step=345 env=0 left_arm=[-0.41476429  2.0919585   1.8927689  -0.9972342   0.44509664 -0.31179535] left_ee=[0. 0.] right_arm=[ 0.00599024  0.01618013  0.02789956  0.0056827   0.00773164 -0.0059007 ] right_ee=[0.04399997 0.04399943]
step=346 env=0 left_arm=[-0.4189204   2.0911489   1.8871176  -0.9889863   0.4435989  -0.31529793] left_ee=[0. 0.] right_arm=[ 0.00623721  0.01705969  0.02881226  0.00546916  0.00719195 -0.00626331] right_ee=[0.044      0.04399944]
step=347 env=0 left_arm=[-0.42452645  2.0929644   1.8836242  -0.98047173  0.44244742 -0.3193887 ] left_ee=[0. 0.] right_arm=[ 0.00678383  0.01870983  0.02935722  0.00563705  0.0072706  -0.0061946 ] right_ee=[0.04399994 0.04399952]
step=348 env=0 left_arm=[-0.42807794  2.0936193   1.8816094  -0.9781598   0.44162527 -0.3213149 ] left_ee=[0. 0.] right_arm=[ 0.00712811  0.0180996   0.02995547  0.00617     0.00735712 -0.00654828] right_ee=[0.04399998 0.04399947]
step=349 env=0 left_arm=[-0.43025315  2.094958    1.8781937  -0.96941894  0.4415874  -0.32419497] left_ee=[0. 0.] right_arm=[ 0.00761092  0.02080797  0.03135166  0.00652908  0.00712292 -0.00666492] right_ee=[0.04399994 0.0439994 ]
step=350 env=0 left_arm=[-0.43274254  2.0953577   1.8770237  -0.96464026  0.44004482 -0.3257217 ] left_ee=[0. 0.] right_arm=[ 0.00798136  0.02136881  0.03146911  0.00628928  0.00708657 -0.00673723] right_ee=[0.04399994 0.0439994 ]
step=351 env=0 left_arm=[-0.45547435  2.2255275   1.969508   -1.0750428   0.5437957  -0.3051903 ] left_ee=[5.955207e-06 0.000000e+00] right_arm=[ 0.00523797  0.01175253  0.0007441  -0.00410253  0.00900277  0.00122511] right_ee=[0.04399603 0.04399916]
step=352 env=0 left_arm=[-0.45721877  2.2432585   1.9760399  -1.0908198   0.5594488  -0.3016199 ] left_ee=[0. 0.] right_arm=[ 0.00533085  0.00924415 -0.00047259 -0.00600194  0.00881787  0.00177346] right_ee=[0.04399379 0.04399886]
step=353 env=0 left_arm=[-0.46053424  2.2462888   1.9803518  -1.0906289   0.56356883 -0.30492342] left_ee=[0. 0.] right_arm=[ 0.00568845  0.00936244 -0.00333319 -0.00501038  0.00910885  0.00191549] right_ee=[0.04399641 0.04399828]
step=354 env=0 left_arm=[-0.46163723  2.2436996   1.9738024  -1.0888461   0.5673993  -0.3049251 ] left_ee=[0. 0.] right_arm=[ 0.00579708  0.00740509 -0.00240579 -0.00477651  0.00887593  0.00171919] right_ee=[0.04399794 0.04399855]
step=355 env=0 left_arm=[-0.46335357  2.2408857   1.9661676  -1.0872216   0.57082736 -0.30644128] left_ee=[0. 0.] right_arm=[ 0.00558153  0.00462775 -0.0025371  -0.00336897  0.00802823  0.00136376] right_ee=[0.04399893 0.04399889]
step=356 env=0 left_arm=[-0.46249396  2.2395666   1.9595853  -1.0854979   0.56970936 -0.30516163] left_ee=[2.4875291e-09 3.6670866e-09] right_arm=[ 0.00587513  0.00210679 -0.00225519 -0.00279914  0.00857705  0.00121339] right_ee=[0.04399961 0.04399911]
step=357 env=0 left_arm=[-0.46398082  2.23779     1.9650726  -1.0952506   0.5727235  -0.30878806] left_ee=[0.00069823 0.00062653] right_arm=[ 0.00635139  0.00073206 -0.00276407 -0.00317325  0.00809551  0.00047885] right_ee=[0.04399936 0.04399926]
step=358 env=0 left_arm=[-0.46512148  2.233623    1.9590453  -1.0972526   0.5718556  -0.31088877] left_ee=[0.00202849 0.0020425 ] right_arm=[ 0.00511484 -0.00335089 -0.00093992 -0.00122125  0.00862775  0.00026132] right_ee=[0.04399844 0.04399804]
step=359 env=0 left_arm=[-0.46565095  2.2439563   1.9662687  -1.0958971   0.5764663  -0.31180987] left_ee=[0.00383393 0.00387053] right_arm=[ 0.00539197 -0.00393542 -0.00123055 -0.00105133  0.00799195 -0.00054913] right_ee=[0.04399722 0.0439993 ]
step=360 env=0 left_arm=[-0.46637577  2.2382243   1.9604642  -1.0977138   0.5744019  -0.3169388 ] left_ee=[0.00606387 0.0060251 ] right_arm=[ 0.00506424 -0.00844569 -0.00071611 -0.00139255  0.0092287  -0.00111642] right_ee=[0.0439989  0.04399808]
step=361 env=0 left_arm=[-0.46965206  2.2411609   1.9663682  -1.1003946   0.5695237  -0.3204953 ] left_ee=[0.00880529 0.00879627] right_arm=[ 0.00512107 -0.01219799 -0.00245866 -0.00140468  0.00895961 -0.00307936] right_ee=[0.0439982  0.04399967]
step=362 env=0 left_arm=[-0.46412978  2.2346265   1.9528433  -1.099731    0.5719945  -0.3153626 ] left_ee=[0.01022301 0.010281  ] right_arm=[ 0.00512333 -0.01224168  0.00086124  0.00031566  0.00873962 -0.00275851] right_ee=[0.04399914 0.04399928]
step=363 env=0 left_arm=[-0.46288016  2.2279234   1.95492    -1.1046627   0.5728514  -0.3151491 ] left_ee=[0.01224205 0.01216864] right_arm=[ 4.3309135e-03 -1.6970491e-02 -2.5643406e-03 -6.4256215e-05
  8.0311652e-03 -3.0995503e-03] right_ee=[0.04399965 0.04399923]
step=364 env=0 left_arm=[-0.46302637  2.2219281   1.9554659  -1.1060691   0.5648159  -0.31847537] left_ee=[0.0151962  0.01518473] right_arm=[ 0.00300076 -0.02317867 -0.00143341  0.00096542  0.00806137 -0.00405977] right_ee=[0.04399862 0.04399922]
step=365 env=0 left_arm=[-0.4599713   2.2165647   1.9451895  -1.101879    0.5591221  -0.31854182] left_ee=[0.01761965 0.01766805] right_arm=[ 0.00187456 -0.02494149 -0.00239369  0.00012029  0.00812641 -0.00539298] right_ee=[0.04399844 0.04399972]
step=366 env=0 left_arm=[-0.45844492  2.2034717   1.9414334  -1.1053494   0.5604505  -0.32069936] left_ee=[0.02000346 0.0199166 ] right_arm=[ 0.00081319 -0.02790449 -0.00221751 -0.0015665   0.00817861 -0.00475295] right_ee=[0.04399857 0.04399963]
step=367 env=0 left_arm=[-0.45795375  2.1936228   1.9357095  -1.1086079   0.5510762  -0.3198185 ] left_ee=[0.02268543 0.02269447] right_arm=[ 4.7353093e-05 -3.1822514e-02 -2.6906535e-03 -8.9573831e-04
  8.1319055e-03 -5.3817607e-03] right_ee=[0.04399853 0.0439997 ]
step=368 env=0 left_arm=[-0.45342603  2.1883016   1.927583   -1.1061671   0.54422414 -0.31931722] left_ee=[0.02529042 0.02533407] right_arm=[-0.00141734 -0.0325109  -0.00775992 -0.00245627  0.00643167 -0.00840453] right_ee=[0.0439988  0.04399965]
step=369 env=0 left_arm=[-0.45353702  2.1843228   1.9346589  -1.1015465   0.53991854 -0.32590273] left_ee=[0.02791953 0.02783705] right_arm=[-0.0022427  -0.03717748 -0.00902576 -0.00315362  0.00698031 -0.00877155] right_ee=[0.04399882 0.04399932]
step=370 env=0 left_arm=[-0.4560926   2.180011    1.9269171  -1.0964893   0.5324417  -0.32417977] left_ee=[0.02974106 0.02976074] right_arm=[-0.00256199 -0.04072761 -0.01077396 -0.0005305   0.00638399 -0.00771902] right_ee=[0.04399823 0.04399965]
step=371 env=0 left_arm=[-0.44428387  2.1434312   1.8996788  -1.0949491   0.5262079  -0.31625044] left_ee=[0.03181776 0.03177492] right_arm=[-0.00318988 -0.03873012 -0.00529185 -0.00386069  0.00676247 -0.00592761] right_ee=[0.04399915 0.04399898]
step=372 env=0 left_arm=[-0.4289224   2.1182292   1.8839315  -1.0973477   0.52003515 -0.3076873 ] left_ee=[0.03408109 0.03412658] right_arm=[-0.00512661 -0.04865225 -0.00944464 -0.00295891  0.0060305  -0.00850047] right_ee=[0.04399849 0.04399953]
step=373 env=0 left_arm=[-0.41804662  2.1064694   1.8684158  -1.0866781   0.51695156 -0.3072237 ] left_ee=[0.03602394 0.03606069] right_arm=[-0.0058023  -0.04312415 -0.00256352 -0.00424362  0.00502264 -0.0083747 ] right_ee=[0.04399785 0.04399945]
step=374 env=0 left_arm=[-0.41561493  2.075193    1.8561884  -1.078148    0.5012719  -0.30605674] left_ee=[0.03818256 0.0380095 ] right_arm=[-0.00805072 -0.03720078 -0.0078762  -0.00852448  0.00447269 -0.01058228] right_ee=[0.04399827 0.04399859]
step=375 env=0 left_arm=[-0.39086562  2.0105958   1.8099347  -1.0695391   0.4978301  -0.2921119 ] left_ee=[0.03963494 0.03963654] right_arm=[-0.00685468 -0.04182043 -0.01138199 -0.01459995  0.00451652 -0.00879002] right_ee=[0.04399656 0.04399887]
step=376 env=0 left_arm=[-0.38629854  1.9993479   1.8006433  -1.0614228   0.49008495 -0.29138264] left_ee=[0.04078144 0.04080745] right_arm=[-0.00834838 -0.03396796 -0.00669782 -0.01277166  0.00449626 -0.00883493] right_ee=[0.04399847 0.04399683]
step=377 env=0 left_arm=[-0.39044842  2.003507    1.7978294  -1.0545557   0.48507336 -0.29409766] left_ee=[0.04154968 0.04152828] right_arm=[-0.00855804 -0.03020723 -0.00432313 -0.01706075  0.00312701 -0.00914072] right_ee=[0.04399736 0.04399931]
step=378 env=0 left_arm=[-0.3551116   1.9182919   1.7423027  -1.0304829   0.46883398 -0.28349504] left_ee=[0.04257666 0.04249921] right_arm=[-0.01010592 -0.02281589 -0.00538911 -0.01680917  0.00110835 -0.01009535] right_ee=[0.04399935 0.04399834]
step=379 env=0 left_arm=[-0.33495423  1.8533499   1.7062181  -1.029173    0.46189165 -0.27645582] left_ee=[0.04317402 0.04311297] right_arm=[-0.0103105  -0.0075053  -0.00674622 -0.02847117  0.00028783 -0.00933129] right_ee=[0.04399886 0.04399958]
step=380 env=0 left_arm=[-0.33607182  1.8599517   1.7117925  -1.0274813   0.46038735 -0.2715539 ] left_ee=[0.04349008 0.04350929] right_arm=[-0.01181733 -0.01172679 -0.00689043 -0.02142629  0.00059449 -0.01126573] right_ee=[0.04399818 0.04399817]
step=381 env=0 left_arm=[-0.30496576  1.7755803   1.6603725  -1.0069636   0.45663774 -0.25737935] left_ee=[0.0437686  0.04363805] right_arm=[-0.01067803 -0.00422936 -0.00983846 -0.02544953 -0.0010403  -0.00884738] right_ee=[0.0439957  0.04399791]
step=382 env=0 left_arm=[-0.27980077  1.720368    1.6198399  -0.98486584  0.44156072 -0.24938917] left_ee=[0.04382282 0.04385526] right_arm=[-0.01230926  0.00154759 -0.0063574  -0.03123661 -0.00172689 -0.01284244] right_ee=[0.0439986  0.04399549]
step=383 env=0 left_arm=[-0.26784554  1.6623608   1.5775694  -0.9736888   0.4261021  -0.24209191] left_ee=[0.04395601 0.04385052] right_arm=[-0.00956534  0.0182508   0.00069344 -0.03427947 -0.00069606 -0.00845494] right_ee=[0.04399651 0.04399805]
step=384 env=0 left_arm=[-0.258516    1.6438673   1.5605972  -0.9682716   0.41971093 -0.23671444] left_ee=[0.0439547  0.04395301] right_arm=[-0.01135732  0.02433272  0.00783337 -0.04136753 -0.00142597 -0.01147782] right_ee=[0.04399857 0.04399567]
step=385 env=0 left_arm=[-0.24847557  1.6120172   1.5366685  -0.9628582   0.4166463  -0.2390956 ] left_ee=[0.04399997 0.04394358] right_arm=[-0.01059734  0.03957894  0.0103737  -0.0473114  -0.00324491 -0.00963117] right_ee=[0.04399654 0.04399819]
step=386 env=0 left_arm=[-0.226199    1.5585618   1.4997973  -0.9477909   0.40915054 -0.22010101] left_ee=[0.044      0.04395318] right_arm=[-0.01024048  0.03498087  0.01776489 -0.04689103 -0.00402253 -0.01043481] right_ee=[0.04399971 0.04399694]
step=387 env=0 left_arm=[-0.20216389  1.5148275   1.4752312  -0.9367117   0.39679658 -0.2111729 ] left_ee=[0.04399613 0.04395277] right_arm=[-0.01051843  0.02940949  0.02289345 -0.04471602 -0.00588667 -0.01107189] right_ee=[0.044      0.04399832]
step=388 env=0 left_arm=[-0.18700767  1.478794    1.445497   -0.9260812   0.39245364 -0.20993766] left_ee=[0.04399259 0.04396443] right_arm=[-0.01047914  0.04783905  0.03489592 -0.06130781 -0.00718527 -0.01233688] right_ee=[0.044      0.04399909]
step=389 env=0 left_arm=[-0.17679712  1.4314945   1.4122729  -0.9123411   0.37958753 -0.20339268] left_ee=[0.044      0.04395082] right_arm=[-0.00961096  0.05561426  0.03807257 -0.05802049 -0.0065478  -0.01281861] right_ee=[0.04399992 0.04399912]
step=390 env=0 left_arm=[-0.14377788  1.38217     1.3733742  -0.89901215  0.37221706 -0.18712543] left_ee=[0.04397966 0.04393769] right_arm=[-0.00884202  0.06069411  0.05292276 -0.06581774 -0.00913788 -0.01146113] right_ee=[0.04399977 0.04399788]
step=391 env=0 left_arm=[-0.12989813  1.3438165   1.3387605  -0.8846494   0.35988033 -0.1812267 ] left_ee=[0.04399639 0.04393622] right_arm=[-0.00980572  0.06665504  0.06020067 -0.07272685 -0.01013535 -0.01276913] right_ee=[0.04399962 0.04399684]
step=392 env=0 left_arm=[-0.12042901  1.3055927   1.3033773  -0.87217224  0.34972936 -0.1716837 ] left_ee=[0.044     0.0439553] right_arm=[-0.00940078  0.0788423   0.06856163 -0.08196555 -0.01012911 -0.01284763] right_ee=[0.04399909 0.04399932]
step=393 env=0 left_arm=[-0.10324275  1.2732873   1.2790948  -0.8572704   0.33804727 -0.165098  ] left_ee=[0.044      0.04396793] right_arm=[-0.00813043  0.08341939  0.08056608 -0.08174796 -0.01139222 -0.01303047] right_ee=[0.04399921 0.0439982 ]
step=394 env=0 left_arm=[-0.08360969  1.237927    1.250257   -0.8478673   0.33055106 -0.15460025] left_ee=[0.04399931 0.04396611] right_arm=[-0.00745307  0.08287828  0.08650382 -0.08459412 -0.01186739 -0.0126831 ] right_ee=[0.04399984 0.04399786]
step=395 env=0 left_arm=[-0.06891527  1.2097135   1.2254845  -0.8403337   0.32590723 -0.14471926] left_ee=[0.04399813 0.04397023] right_arm=[-0.00612643  0.08590807  0.09356764 -0.08900099 -0.01277523 -0.01301861] right_ee=[0.0439999  0.04399823]
step=396 env=0 left_arm=[-0.05809065  1.1806657   1.2017303  -0.8300268   0.3160966  -0.13787897] left_ee=[0.044      0.04397288] right_arm=[-0.00561975  0.08571979  0.09925678 -0.09274825 -0.01315716 -0.01342478] right_ee=[0.044      0.04399788]
step=397 env=0 left_arm=[-0.05168778  1.1690001   1.1922756  -0.8260719   0.3141854  -0.13527815] left_ee=[0.04399677 0.04397812] right_arm=[-0.0048151   0.08759793  0.1013668  -0.09309033 -0.01388096 -0.01320842] right_ee=[0.04399996 0.04399882]
step=398 env=0 left_arm=[-0.04599543  1.1575766   1.1808052  -0.82299286  0.30797574 -0.13100237] left_ee=[0.04399791 0.04398829] right_arm=[-0.00453616  0.0898136   0.10431192 -0.09466744 -0.01403851 -0.01344215] right_ee=[0.04399998 0.04399854]
step=399 env=0 left_arm=[-0.04086222  1.1506963   1.1746626  -0.8205253   0.3067712  -0.12803195] left_ee=[0.04399901 0.04398775] right_arm=[-0.00378826  0.09003384  0.10678338 -0.09539937 -0.01435074 -0.01396379] right_ee=[0.04399985 0.04399912]
step=400 env=0 left_arm=[-0.03837812  1.1464502   1.170412   -0.821515    0.30491233 -0.12595773] left_ee=[0.04399883 0.04399078] right_arm=[-0.00349339  0.09239277  0.10875335 -0.09612685 -0.01439825 -0.01430196] right_ee=[0.04399993 0.04399894]
step=401 env=0 left_arm=[-0.03549156  1.3191175   1.2274783  -0.9069905   0.35830283 -0.10046204] left_ee=[0.04393326 0.04399694] right_arm=[ 0.00886329  0.0365527   0.02949322 -0.03872645  0.00323671 -0.00245855] right_ee=[0.04399683 0.04399855]
step=402 env=0 left_arm=[-0.03323839  1.400243    1.2355866  -0.9183057   0.3632784  -0.09480416] left_ee=[0.04393927 0.04397149] right_arm=[ 0.00978324  0.02858089  0.01928179 -0.03044416  0.00547057 -0.00136852] right_ee=[0.04399831 0.0439966 ]
step=403 env=0 left_arm=[-0.02767298  1.4205686   1.2453892  -0.92094004  0.35894555 -0.09020671] left_ee=[0.04397456 0.04393383] right_arm=[ 0.00892574  0.0229816   0.01535975 -0.0271967   0.00593166 -0.00171321] right_ee=[0.04399886 0.0439981 ]
step=404 env=0 left_arm=[-0.01991062  1.43968     1.253359   -0.9269011   0.35142133 -0.0816234 ] left_ee=[0.04397643 0.04397897] right_arm=[ 0.00732808  0.01701462  0.01235835 -0.02557394  0.00608091 -0.00226119] right_ee=[0.04399831 0.04399921]
step=405 env=0 left_arm=[-0.01282111  1.4597114   1.2645512  -0.9262362   0.34329098 -0.07770426] left_ee=[0.04398737 0.04398446] right_arm=[ 0.00602056  0.01193372  0.00648774 -0.02358888  0.00626853 -0.0022953 ] right_ee=[0.0439981  0.04399965]
step=406 env=0 left_arm=[-0.00393435  1.4777459   1.2732586  -0.9314802   0.33102897 -0.06693273] left_ee=[0.04398684 0.04398254] right_arm=[ 0.00395189  0.00659932  0.00386527 -0.02238474  0.00631935 -0.00286996] right_ee=[0.0439979  0.04399958]
step=407 env=0 left_arm=[ 0.00156078  1.5006016   1.2875295  -0.93563694  0.32406127 -0.06352593] left_ee=[0.04398682 0.04398279] right_arm=[ 0.00384288  0.00238927  0.00215516 -0.02070293  0.00635378 -0.00223059] right_ee=[0.04399678 0.04399947]
step=408 env=0 left_arm=[ 0.00728654  1.5197209   1.2991344  -0.9379632   0.31105703 -0.06199455] left_ee=[0.04399103 0.04398664] right_arm=[ 0.0034898  -0.00279032  0.00352197 -0.01892078  0.00710272 -0.00181582] right_ee=[0.04399843 0.04399885]
step=409 env=0 left_arm=[ 0.00917097  1.5466158   1.3193454  -0.94049597  0.30510524 -0.05552309] left_ee=[0.0439887  0.04398435] right_arm=[ 0.00317072 -0.00420048  0.00150372 -0.01594263  0.00594218 -0.00186042] right_ee=[0.04399817 0.04399958]
step=410 env=0 left_arm=[ 0.01316348  1.5634905   1.3277737  -0.93745756  0.29505968 -0.05714289] left_ee=[0.04398908 0.04398989] right_arm=[ 0.0029552  -0.00935543 -0.00178298 -0.01399352  0.00682254 -0.00146157] right_ee=[0.04399926 0.04399882]
step=411 env=0 left_arm=[ 0.01707796  1.5950605   1.3473133  -0.9406153   0.28809065 -0.05335661] left_ee=[0.04398375 0.0439906 ] right_arm=[ 0.00276405 -0.01152036 -0.00337234 -0.01305226  0.00628601 -0.00059287] right_ee=[0.04399882 0.04399979]
step=412 env=0 left_arm=[ 0.01958281  1.6091237   1.3543072  -0.9397094   0.28113744 -0.05141615] left_ee=[0.04399247 0.04398327] right_arm=[ 0.00272781 -0.01178431 -0.00630048 -0.01190989  0.00633463 -0.00107287] right_ee=[0.04399944 0.04399957]
step=413 env=0 left_arm=[ 0.02503485  1.6332462   1.3675886  -0.94342816  0.27087775 -0.04887347] left_ee=[0.04398207 0.0439871 ] right_arm=[ 0.00281502 -0.01900035 -0.00640401 -0.01039884  0.00719268 -0.0004342 ] right_ee=[0.04399957 0.04399956]
step=414 env=0 left_arm=[ 0.02469302  1.658347    1.3842688  -0.9405609   0.26625544 -0.04915989] left_ee=[0.04398676 0.0439756 ] right_arm=[ 0.0035158  -0.01850321 -0.01040493 -0.00980117  0.00717295  0.00010233] right_ee=[0.0439989  0.04399932]
step=415 env=0 left_arm=[ 0.02724505  1.667916    1.3951095  -0.9435404   0.26444462 -0.04549637] left_ee=[0.04399586 0.0439842 ] right_arm=[ 3.67420353e-03 -1.67559236e-02 -1.10253235e-02 -8.82366858e-03
  7.07456935e-03  6.09152776e-05] right_ee=[0.04399981 0.04399894]
step=416 env=0 left_arm=[ 0.02982139  1.6871363   1.4012679  -0.942422    0.25534695 -0.04165708] left_ee=[0.04398131 0.04399007] right_arm=[ 0.00303654 -0.02254303 -0.01480119 -0.00798306  0.007682    0.00048762] right_ee=[0.04399901 0.04399884]
step=417 env=0 left_arm=[ 0.03125697  1.6982958   1.4092844  -0.9473108   0.2539378  -0.03986391] left_ee=[0.04399206 0.04397811] right_arm=[ 0.00272853 -0.01998171 -0.01575984 -0.0082211   0.0074988   0.00076754] right_ee=[0.04399854 0.04399979]
step=418 env=0 left_arm=[ 0.03175505  1.7166035   1.4218795  -0.9489387   0.2517543  -0.03884197] left_ee=[0.04399174 0.04399345] right_arm=[ 0.00317395 -0.01922705 -0.01732509 -0.00742641  0.00716572  0.00066027] right_ee=[0.04399859 0.04399937]
step=419 env=0 left_arm=[ 0.03499329  1.7345378   1.4308558  -0.9468819   0.24270067 -0.03348161] left_ee=[0.04398328 0.04399081] right_arm=[ 0.00378833 -0.02056482 -0.01983932 -0.00557552  0.00759201  0.00034117] right_ee=[0.04399955 0.0439991 ]
step=420 env=0 left_arm=[ 0.03364877  1.7405434   1.431796   -0.94321096  0.24174102 -0.03428805] left_ee=[0.04399043 0.04397307] right_arm=[ 0.00386839 -0.02010787 -0.02196767 -0.00600174  0.00765211  0.00041257] right_ee=[0.04399987 0.04399923]
step=421 env=0 left_arm=[ 0.03608196  1.7620323   1.4411548  -0.9428713   0.23318486 -0.02995841] left_ee=[0.0439717  0.04399047] right_arm=[ 0.00382826 -0.0208709  -0.02443051 -0.0059848   0.00768152  0.00030304] right_ee=[0.04399994 0.04399962]
step=422 env=0 left_arm=[ 0.03800248  1.7647619   1.4487507  -0.9462712   0.2357212  -0.03117758] left_ee=[0.04399195 0.04396955] right_arm=[ 0.00475017 -0.02032954 -0.02085093 -0.00452977  0.00789719  0.00065808] right_ee=[0.04399945 0.04399924]
step=423 env=0 left_arm=[ 0.03782177  1.7827523   1.4557766  -0.9438353   0.23048475 -0.02791096] left_ee=[0.04398085 0.04399529] right_arm=[ 0.00416618 -0.02273197 -0.02621352 -0.00582102  0.00775635  0.00087677] right_ee=[0.04399949 0.04399855]
step=424 env=0 left_arm=[ 0.04125854  1.8010904   1.4668818  -0.9462604   0.22386266 -0.02139206] left_ee=[0.04398134 0.04399226] right_arm=[ 0.00500529 -0.02240063 -0.02531714 -0.00413858  0.00788716  0.00054956] right_ee=[0.04399875 0.04399926]
step=425 env=0 left_arm=[ 0.04254938  1.8197718   1.4761657  -0.9434958   0.22064537 -0.01962256] left_ee=[0.04398963 0.043989  ] right_arm=[ 0.00549741 -0.02319473 -0.0247114  -0.00447685  0.00731677  0.00123731] right_ee=[0.0439996  0.04399921]
step=426 env=0 left_arm=[ 0.04434221  1.8320961   1.4842039  -0.9455976   0.2167379  -0.01818998] left_ee=[0.04399509 0.04399208] right_arm=[ 0.00542151 -0.02341307 -0.02505311 -0.00359111  0.00734019  0.00130607] right_ee=[0.04399981 0.0439988 ]
step=427 env=0 left_arm=[ 0.04455848  1.8355616   1.4853828  -0.9436319   0.21597826 -0.01573267] left_ee=[0.04399623 0.04398728] right_arm=[ 0.00552623 -0.02259751 -0.02817293 -0.00410196  0.00793044  0.00130433] right_ee=[0.04399974 0.04399949]
step=428 env=0 left_arm=[ 0.04675782  1.8476702   1.4868859  -0.9422331   0.20857076 -0.01243849] left_ee=[0.04398179 0.04399196] right_arm=[ 0.00508139 -0.02275762 -0.02704562 -0.00361268  0.00757375  0.00077866] right_ee=[0.04399976 0.04399982]
step=429 env=0 left_arm=[ 0.04945605  1.8650737   1.4976379  -0.9443531   0.20398895 -0.00809359] left_ee=[0.04398979 0.04399306] right_arm=[ 0.00513574 -0.0234014  -0.02750528 -0.00337558  0.00756691  0.00103784] right_ee=[0.04399958 0.04399989]
step=430 env=0 left_arm=[ 0.0507594   1.8683065   1.4975419  -0.94432366  0.20446093 -0.00721197] left_ee=[0.04399394 0.04398446] right_arm=[ 0.00530368 -0.02369709 -0.02673217 -0.00330694  0.00771402  0.0012427 ] right_ee=[0.04399977 0.0439999 ]
step=431 env=0 left_arm=[ 0.05140571  1.8734472   1.491699   -0.9395862   0.19856943 -0.00293902] left_ee=[0.04399017 0.04399519] right_arm=[ 0.0043965  -0.02476749 -0.02923628 -0.00322526  0.00814146  0.00040154] right_ee=[0.04399882 0.04399924]
step=432 env=0 left_arm=[ 0.05435681  1.8962023   1.5060931  -0.93840945  0.19544567  0.00409589] left_ee=[0.04398494 0.04399361] right_arm=[ 0.0057075  -0.02506284 -0.02886854 -0.00279737  0.00772412  0.0011136 ] right_ee=[0.04399732 0.04399849]
step=433 env=0 left_arm=[ 0.05634934  1.9107764   1.5161688  -0.939597    0.19362178  0.00593384] left_ee=[0.0439925  0.04398864] right_arm=[ 0.00586669 -0.02329997 -0.02949183 -0.00287425  0.00735532  0.0014376 ] right_ee=[0.04399953 0.04399756]
step=434 env=0 left_arm=[ 0.05573007  1.9089891   1.5132635  -0.94023526  0.19503011  0.00574241] left_ee=[0.04399397 0.04397994] right_arm=[ 0.00586584 -0.02047579 -0.02667242 -0.0022194   0.00728257  0.00169362] right_ee=[0.0439999 0.0439986]
step=435 env=0 left_arm=[ 0.05872294  1.9262239   1.5184135  -0.93588907  0.18899685  0.01243609] left_ee=[0.04397046 0.04399017] right_arm=[ 0.00598222 -0.0217678  -0.02854392 -0.00208908  0.00738278  0.00184649] right_ee=[0.04399996 0.04399942]
step=436 env=0 left_arm=[ 0.06406493  1.9339375   1.5170573  -0.93567777  0.18499117  0.01515018] left_ee=[0.04398099 0.04399216] right_arm=[ 0.00558509 -0.02035264 -0.0256157  -0.00245714  0.0079078   0.00146192] right_ee=[0.04399928 0.04399936]
step=437 env=0 left_arm=[ 0.06476969  1.9413033   1.5191672  -0.93423593  0.18183263  0.01928823] left_ee=[0.04399147 0.04397898] right_arm=[ 0.00541474 -0.02170423 -0.02772281 -0.00294539  0.0076785   0.00131115] right_ee=[0.04399894 0.04399983]
step=438 env=0 left_arm=[ 0.06831903  1.9572605   1.5243956  -0.931294    0.17743395  0.02756584] left_ee=[0.04398027 0.04399201] right_arm=[ 0.0045341  -0.02005834 -0.02536738 -0.00286211  0.00626409  0.00125022] right_ee=[0.04399948 0.0439996 ]
step=439 env=0 left_arm=[ 0.07072471  1.9701234   1.5295027  -0.9318278   0.17361653  0.03019353] left_ee=[0.0439919  0.04398808] right_arm=[ 0.00379456 -0.01944491 -0.02483529 -0.0037078   0.00617585  0.00080175] right_ee=[0.04399931 0.04399941]
step=440 env=0 left_arm=[ 0.0722765   1.9779576   1.5329878  -0.93105006  0.17220004  0.0307008 ] left_ee=[0.04399494 0.04398851] right_arm=[ 0.00380813 -0.01787569 -0.02285985 -0.00366255  0.00607816  0.00101616] right_ee=[0.04399889 0.04399979]
step=441 env=0 left_arm=[ 0.07801769  1.9974234   1.53606    -0.925486    0.16769555  0.04176476] left_ee=[0.04361217 0.04365767] right_arm=[ 0.00360728 -0.01839569 -0.02081417 -0.00292249  0.00525744  0.00074102] right_ee=[0.04399934 0.04399971]
step=442 env=0 left_arm=[ 0.08058242  2.0127568   1.5421104  -0.9233939   0.16255538  0.04611039] left_ee=[0.04311179 0.04310447] right_arm=[ 0.0032926  -0.01663333 -0.02306354 -0.00412669  0.00473224  0.00067859] right_ee=[0.04399993 0.04399945]
step=443 env=0 left_arm=[ 0.08268305  2.0109842   1.5321995  -0.9213668   0.16504943  0.05160978] left_ee=[0.0426507  0.04263023] right_arm=[ 0.00322238 -0.01729287 -0.02275708 -0.00273983  0.00473449 -0.00010798] right_ee=[0.0439999  0.04399976]
step=444 env=0 left_arm=[ 0.08371997  2.0242326   1.5427908  -0.92425084  0.16145001  0.0530846 ] left_ee=[0.04210106 0.04210093] right_arm=[ 0.00281842 -0.01639019 -0.02235879 -0.00264658  0.00357627 -0.00011714] right_ee=[0.04399979 0.04399971]
step=445 env=0 left_arm=[ 0.09307073  2.0479758   1.5542134  -0.91485566  0.15626818  0.06618687] left_ee=[0.04087115 0.04094224] right_arm=[ 3.1311305e-03 -1.5362995e-02 -2.2685140e-02 -3.5989063e-03
  2.1991374e-03 -6.1423743e-05] right_ee=[0.04399963 0.0439989 ]
step=446 env=0 left_arm=[ 0.09398697  2.0477355   1.5516629  -0.9127337   0.1564171   0.06786939] left_ee=[0.0401916  0.04014108] right_arm=[ 0.00260092 -0.0166689  -0.0237863  -0.00405595  0.00227945 -0.00054134] right_ee=[0.04399942 0.04399813]
step=447 env=0 left_arm=[ 0.0962328   2.0588982   1.5558001  -0.909662    0.15509515  0.07209253] left_ee=[0.03924403 0.03924844] right_arm=[ 0.00281874 -0.01284126 -0.02436943 -0.00463891  0.00143383 -0.0001527 ] right_ee=[0.04399873 0.04399931]
step=448 env=0 left_arm=[ 0.10055023  2.0641773   1.5546387  -0.90828174  0.15367225  0.0768842 ] left_ee=[0.0383858  0.03839877] right_arm=[ 0.00233151 -0.01062899 -0.02213465 -0.00528002  0.00102572 -0.00013019] right_ee=[0.04399967 0.04399863]
step=449 env=0 left_arm=[ 0.10617164  2.0730577   1.5534197  -0.90209305  0.1535633   0.0851047 ] left_ee=[0.03715552 0.03747112] right_arm=[ 0.00165837 -0.00817778 -0.02047651 -0.00636685 -0.00016339 -0.00041413] right_ee=[0.04399965 0.04399956]
step=450 env=0 left_arm=[ 0.10749628  2.0753422   1.5553389  -0.90159315  0.15359965  0.08743355] left_ee=[0.03633878 0.0364247 ] right_arm=[ 0.00168599 -0.00605515 -0.02158762 -0.00641415 -0.00034495 -0.00060301] right_ee=[0.04399972 0.04399981]
step=451 env=0 left_arm=[ 0.11865007  2.196056    1.7336388  -0.9990871   0.10998955  0.12020411] left_ee=[0.03067297 0.03602511] right_arm=[ 0.00667986 -0.01645382 -0.00911715 -0.002759    0.00589073 -0.00013211] right_ee=[0.04399883 0.04399884]
step=452 env=0 left_arm=[ 0.12090066  2.220684    1.7810415  -1.0062855   0.10609641  0.12596485] left_ee=[0.0312356 0.0338516] right_arm=[ 0.00713224 -0.01668611 -0.00894015 -0.00120113  0.00667278 -0.00055087] right_ee=[0.04399933 0.04399813]
step=453 env=0 left_arm=[ 0.12452451  2.2294116   1.7932655  -1.0101963   0.10703535  0.12832828] left_ee=[0.03144868 0.03248614] right_arm=[ 0.00730007 -0.01688591 -0.00812418 -0.00131998  0.00655994 -0.00077318] right_ee=[0.04399948 0.04399925]
step=454 env=0 left_arm=[ 0.12829421  2.2337701   1.7959161  -1.0119336   0.10891627  0.1315266 ] left_ee=[0.03125614 0.03183671] right_arm=[ 0.00686544 -0.01781029 -0.00729397 -0.00149003  0.00681487 -0.00078349] right_ee=[0.04399942 0.04399908]
step=455 env=0 left_arm=[ 0.13162695  2.2367408   1.8002381  -1.0155365   0.1130109   0.13499708] left_ee=[0.0307216  0.03098877] right_arm=[ 0.0070989  -0.01827279 -0.00847817 -0.00095224  0.00623624 -0.00115183] right_ee=[0.04399879 0.04399943]
step=456 env=0 left_arm=[ 0.13692953  2.2396135   1.8042452  -1.0197166   0.11702687  0.14028521] left_ee=[0.02948879 0.03018959] right_arm=[ 0.00684    -0.01715603 -0.00835058 -0.00137153  0.00640424 -0.00110086] right_ee=[0.04399962 0.04399881]
step=457 env=0 left_arm=[ 0.14069282  2.2430933   1.8098484  -1.0244981   0.11927478  0.14372788] left_ee=[0.02818272 0.02926333] right_arm=[ 0.00708143 -0.01853436 -0.00899671 -0.00062814  0.00584122 -0.00088083] right_ee=[0.04399915 0.04399944]
step=458 env=0 left_arm=[ 0.1467251  2.2460718  1.8146648 -1.0302212  0.1244746  0.1497189] left_ee=[0.02659727 0.02790503] right_arm=[ 0.00646351 -0.01521213 -0.00714763 -0.00117052  0.00604802 -0.00040055] right_ee=[0.04399927 0.04399869]
step=459 env=0 left_arm=[ 0.15154403  2.2474253   1.8163968  -1.0315005   0.1285798   0.1558502 ] left_ee=[0.0251681  0.02666827] right_arm=[ 0.00663035 -0.0160121  -0.00776803 -0.00097216  0.00508805 -0.00029491] right_ee=[0.04399852 0.04399928]
step=460 env=0 left_arm=[ 0.15774722  2.248775    1.8182894  -1.0369993   0.13224648  0.15928125] left_ee=[0.0232012  0.02535049] right_arm=[ 6.3124830e-03 -1.4160781e-02 -5.9633553e-03 -9.9631143e-04
  5.3814068e-03 -8.3343752e-05] right_ee=[0.04399951 0.04399847]
step=461 env=0 left_arm=[ 0.16009521  2.253148    1.8260041  -1.0449293   0.13744563  0.1632926 ] left_ee=[0.02316689 0.02360153] right_arm=[ 0.00615392 -0.01530749 -0.00973785 -0.00017647  0.00460082 -0.0003485 ] right_ee=[0.04399913 0.04399969]
step=462 env=0 left_arm=[ 0.16632177  2.2519233   1.823099   -1.0447801   0.1445659   0.17273349] left_ee=[0.02139882 0.0221889 ] right_arm=[ 6.1277254e-03 -1.6227100e-02 -7.4872365e-03 -1.0978347e-04
  4.8239185e-03  9.4986763e-06] right_ee=[0.04399982 0.04399933]
step=463 env=0 left_arm=[ 0.17352638  2.2570915   1.8308765  -1.0512938   0.1506589   0.17627174] left_ee=[0.01926425 0.02087208] right_arm=[ 0.00611316 -0.01408499 -0.00622071  0.00055917  0.00434229  0.00057639] right_ee=[0.04399962 0.04399973]
step=464 env=0 left_arm=[ 0.17811264  2.2629373   1.8407323  -1.061313    0.16027984  0.18141603] left_ee=[0.01896529 0.01848752] right_arm=[ 0.00603055 -0.01322872 -0.00804895  0.00149298  0.00423603  0.00058252] right_ee=[0.04399993 0.04399952]
step=465 env=0 left_arm=[ 0.18152574  2.2601686   1.835813   -1.0652956   0.1700888   0.18990742] left_ee=[0.01842706 0.01664671] right_arm=[ 0.00607778 -0.01533266 -0.00745709  0.00200612  0.00438276  0.00077422] right_ee=[0.04399992 0.04399981]
step=466 env=0 left_arm=[ 0.18781064  2.264043    1.8413591  -1.080099    0.18268487  0.19689758] left_ee=[0.01650329 0.01494855] right_arm=[ 0.00587902 -0.01338929 -0.00672893  0.00313442  0.00400952  0.00141248] right_ee=[0.04399993 0.04399993]
step=467 env=0 left_arm=[ 0.19575326  2.2632308   1.8381844  -1.0947335   0.19265284  0.20332643] left_ee=[0.01361624 0.01371443] right_arm=[ 0.00579253 -0.01068108 -0.00350781  0.00282277  0.00276977  0.00145858] right_ee=[0.04399972 0.04399937]
step=468 env=0 left_arm=[ 0.19619484  2.2672567   1.8445103  -1.105249    0.203029    0.20727931] left_ee=[0.01370865 0.01272506] right_arm=[ 0.00628114 -0.01031951 -0.00452051  0.00276274  0.00238609  0.00109905] right_ee=[0.04399994 0.0439993 ]
step=469 env=0 left_arm=[ 0.20495981  2.2644637   1.8377528  -1.1179149   0.21937606  0.21602105] left_ee=[0.01252547 0.01261302] right_arm=[ 0.0057426  -0.01134903 -0.00446358  0.00260285  0.00279803  0.0014127 ] right_ee=[0.04399922 0.04399863]
step=470 env=0 left_arm=[ 0.2042604  2.2628872  1.840761  -1.1290619  0.2317674  0.2189732] left_ee=[0.01137476 0.01071817] right_arm=[ 0.00500381 -0.01106171 -0.00314662  0.00433688  0.00276409  0.00183546] right_ee=[0.04399921 0.04399966]
step=471 env=0 left_arm=[ 0.20319459  2.2645483   1.85009    -1.1426976   0.24187295  0.21767162] left_ee=[0.01051809 0.0097621 ] right_arm=[ 0.00430585 -0.01117656 -0.00257539  0.0054417   0.0025163   0.00172398] right_ee=[0.04399919 0.04399979]
step=472 env=0 left_arm=[ 0.20744324  2.2493303   1.8363963  -1.1653519   0.26074526  0.22739   ] left_ee=[0.00832662 0.0077868 ] right_arm=[ 0.00419797 -0.00755261  0.00139554  0.00391716  0.002311    0.00170471] right_ee=[0.04399322 0.0439942 ]
step=473 env=0 left_arm=[ 0.20634414  2.2444572   1.8413724  -1.181165    0.27709085  0.22926268] left_ee=[0.00683847 0.00648157] right_arm=[ 0.00374669 -0.00879071  0.00189032  0.00396124  0.00217964  0.00152409] right_ee=[0.04395917 0.04395908]
step=474 env=0 left_arm=[ 0.20965514  2.2389138   1.8440555  -1.2005442   0.2920426   0.23250829] left_ee=[0.00473098 0.00564612] right_arm=[ 0.00452738 -0.00899831  0.0006578   0.00205335  0.00237051  0.00097363] right_ee=[0.04391505 0.04391652]
step=475 env=0 left_arm=[ 0.19873342  2.2269719   1.8468335  -1.2239133   0.31619534  0.23222671] left_ee=[0.00280065 0.00289758] right_arm=[ 0.00373899 -0.01130951  0.00274138  0.00548259  0.0027525   0.00047401] right_ee=[0.04390527 0.04390349]
step=476 env=0 left_arm=[ 0.19101493  2.2057738   1.8459295  -1.2522682   0.33658826  0.23422107] left_ee=[0.00239823 0.00230339] right_arm=[ 0.00432156 -0.01386118 -0.00068744  0.0042095   0.00349006  0.0001114 ] right_ee=[0.04389329 0.04389487]
step=477 env=0 left_arm=[ 0.1897984   2.204408    1.8473979  -1.2636205   0.34843272  0.231341  ] left_ee=[0.00203044 0.00224919] right_arm=[ 3.9896513e-03 -1.4813233e-02  1.2583032e-03  5.8748848e-03
  2.7938092e-03 -7.2181181e-05] right_ee=[0.04386465 0.04386492]
step=478 env=0 left_arm=[ 0.18460019  2.1822906   1.8411192  -1.2906357   0.3647519   0.23144838] left_ee=[0.00245569 0.00190387] right_arm=[ 0.00413135 -0.01355709  0.00256378  0.00513723  0.00171832 -0.00041553] right_ee=[0.0438767  0.04387732]
step=479 env=0 left_arm=[ 0.1768077   2.168402    1.8476686  -1.3114628   0.37879187  0.22792095] left_ee=[0.00200542 0.00198849] right_arm=[ 0.00389389 -0.01483456  0.00084044  0.00528492  0.00116251 -0.00028131] right_ee=[0.04388857 0.04388732]
step=480 env=0 left_arm=[ 0.16873434  2.1613405   1.8501049  -1.318062    0.38870382  0.22492194] left_ee=[0.00210516 0.00194407] right_arm=[ 3.5541023e-03 -1.6560404e-02 -5.6844601e-05  6.4179995e-03
  1.7435169e-03 -6.2177901e-04] right_ee=[0.04390835 0.04390702]
step=481 env=0 left_arm=[ 0.1563924   2.1372967   1.8470061  -1.3417461   0.4123794   0.21791404] left_ee=[0.00228887 0.00176108] right_arm=[ 0.00326007 -0.01648811 -0.0012182   0.00841932  0.00054187 -0.00033778] right_ee=[0.04394459 0.04394562]
step=482 env=0 left_arm=[ 0.13423368  2.1217628   1.8564348  -1.3625245   0.429037    0.20532666] left_ee=[0.002229   0.00176556] right_arm=[ 2.1835607e-03 -1.9004155e-02 -3.8123908e-03  1.1210175e-02
  1.2704716e-03 -2.3101205e-05] right_ee=[0.04396845 0.04396648]
step=483 env=0 left_arm=[ 0.11753374  2.1010387   1.8529825  -1.3795865   0.44886962  0.19655378] left_ee=[0.00210972 0.00188115] right_arm=[ 2.1370056e-03 -1.9346843e-02 -5.2020731e-03  1.3215799e-02
  1.1966993e-03 -3.5715977e-05] right_ee=[0.04397986 0.04398199]
step=484 env=0 left_arm=[ 0.10968181  2.0914876   1.8509897  -1.3859632   0.45747393  0.19219439] left_ee=[0.00193989 0.00204319] right_arm=[ 0.00249674 -0.01783953 -0.00434636  0.01243886  0.00158121  0.0001663 ] right_ee=[0.04398797 0.04398904]
step=485 env=0 left_arm=[ 0.09377608  2.0749846   1.8527228  -1.4049568   0.47179118  0.17930554] left_ee=[0.00235276 0.00176771] right_arm=[ 0.00141356 -0.01864643 -0.00541864  0.01447072  0.00120254  0.00069723] right_ee=[0.04399357 0.04399267]
step=486 env=0 left_arm=[ 0.08346543  2.058138    1.8453231  -1.4106848   0.48558235  0.17317346] left_ee=[0.00202203 0.00198732] right_arm=[ 0.00172206 -0.01871953 -0.0053071   0.01588911  0.00089729  0.00026784] right_ee=[0.04399511 0.04399692]
step=487 env=0 left_arm=[ 0.05700539  2.0516229   1.8572166  -1.4241517   0.49649006  0.15747915] left_ee=[0.00253437 0.00180809] right_arm=[ 0.00078779 -0.02024681 -0.0058154   0.01851887  0.00094914  0.00045644] right_ee=[0.04399813 0.04399681]
step=488 env=0 left_arm=[ 0.04321723  2.0466974   1.8622783  -1.4287295   0.50141907  0.14771995] left_ee=[0.00197689 0.00206721] right_arm=[ 0.00039716 -0.02116427 -0.00670702  0.01851864  0.00151175  0.00072809] right_ee=[0.04399831 0.04399896]
step=489 env=0 left_arm=[ 0.03519692  2.0420773   1.8588098  -1.4298779   0.5098604   0.1422857 ] left_ee=[0.00218743 0.00197631] right_arm=[ 0.00142678 -0.01908242 -0.00661067  0.01876104  0.0014238   0.00054415] right_ee=[0.0439977  0.04399897]
step=490 env=0 left_arm=[-1.28456694e-03  2.02505183e+00  1.86680269e+00 -1.44595122e+00
  5.25283098e-01  1.17705956e-01] left_ee=[0.00270342 0.00157125] right_arm=[-5.5681514e-05 -2.1535756e-02 -8.2519818e-03  2.1263989e-02
  2.3538098e-03  4.6461722e-04] right_ee=[0.04399797 0.04399712]
step=491 env=0 left_arm=[-0.00404011  2.0182376   1.8643358  -1.4505345   0.52945215  0.11274551] left_ee=[0.00191474 0.00239334] right_arm=[ 0.00046836 -0.01959482 -0.00704883  0.02089255  0.00278757  0.00070021] right_ee=[0.04399661 0.0439994 ]
step=492 env=0 left_arm=[-0.02053715  2.0153847   1.866023   -1.4521637   0.53724545  0.10093071] left_ee=[0.00254057 0.00208654] right_arm=[ 0.00026743 -0.01773768 -0.00802299  0.02247512  0.00250995  0.00126171] right_ee=[0.04399831 0.04399879]
step=493 env=0 left_arm=[-0.03047427  2.0075994   1.8640988  -1.4560817   0.54403937  0.09120443] left_ee=[0.00228526 0.00187275] right_arm=[ 0.00077235 -0.01603038 -0.00697042  0.02206045  0.00253689  0.00126961] right_ee=[0.04399868 0.04399952]
step=494 env=0 left_arm=[-0.0521289   2.0084627   1.8701007  -1.4587462   0.55131656  0.07153602] left_ee=[0.00227963 0.00186166] right_arm=[ 0.00071003 -0.01427142 -0.00682696  0.02263721  0.00319598  0.00178235] right_ee=[0.04399955 0.0439989 ]
step=495 env=0 left_arm=[-0.06563593  2.0066154   1.8713186  -1.4592178   0.5561024   0.06109285] left_ee=[0.00219698 0.00193692] right_arm=[ 0.00044461 -0.01453005 -0.00755017  0.02364524  0.00365301  0.00158793] right_ee=[0.04399947 0.04399965]
step=496 env=0 left_arm=[-0.07752512  2.006148    1.8711673  -1.4573421   0.55862546  0.04905239] left_ee=[0.00218942 0.00193869] right_arm=[ 0.00034066 -0.01232411 -0.00673891  0.02356398  0.0036103   0.00212928] right_ee=[0.04399921 0.04399991]
step=497 env=0 left_arm=[-0.09602746  2.005175    1.875555   -1.4570194   0.56375957  0.03108204] left_ee=[0.00238924 0.00179566] right_arm=[ 0.00052904 -0.01081009 -0.00597006  0.0232975   0.00432892  0.00256659] right_ee=[0.04399952 0.04399983]
step=498 env=0 left_arm=[-0.1059938   2.0045779   1.87646    -1.4559861   0.56760746  0.02288216] left_ee=[0.00215346 0.00199077] right_arm=[ 0.00069008 -0.01071592 -0.00587216  0.0239285   0.00474517  0.00247363] right_ee=[0.0439995  0.04399996]
step=499 env=0 left_arm=[-0.11648995  2.005469    1.8765695  -1.4515437   0.56957877  0.01241197] left_ee=[0.00228854 0.00187823] right_arm=[ 0.00089184 -0.00891252 -0.00517542  0.02405565  0.00477566  0.00289353] right_ee=[0.04399951 0.04399984]
step=500 env=0 left_arm=[-0.12307645  2.0080712   1.8791463  -1.4494287   0.5709538   0.00515982] left_ee=[0.00218733 0.00194454] right_arm=[ 0.00092051 -0.00754927 -0.00429952  0.02383642  0.00486843  0.00314752] right_ee=[0.0439999  0.04399962]
step=501 env=0 left_arm=[-0.16770098  1.9518837   1.8957665  -1.4097016   0.60931134  0.00744761] left_ee=[0.00530533 0.00303534] right_arm=[ 0.00407987 -0.00893283 -0.00286331  0.00953372  0.0066553  -0.00091597] right_ee=[0.04399876 0.04399794]
step=502 env=0 left_arm=[-0.17946565  1.9457946   1.8946211  -1.397911    0.6146778  -0.0030301 ] left_ee=[0.00268156 0.00320917] right_arm=[ 0.0046768  -0.00882093 -0.00180879  0.00692346  0.00681501 -0.00217215] right_ee=[0.0439996  0.04399715]
step=503 env=0 left_arm=[-0.19412808  1.9425021   1.8997611  -1.3906476   0.61649054 -0.01925668] left_ee=[0.00252768 0.00268508] right_arm=[ 0.00497032 -0.00960668 -0.00165353  0.00622203  0.00716759 -0.00211877] right_ee=[0.04399987 0.04399839]
step=504 env=0 left_arm=[-0.22560696  1.9418229   1.8999069  -1.3645846   0.61207926 -0.06070449] left_ee=[0.00273671 0.00249902] right_arm=[ 0.00480448 -0.00891092 -0.00127944  0.00423548  0.00687412 -0.00269532] right_ee=[0.04399996 0.04399926]
step=505 env=0 left_arm=[-0.24834001  1.9404677   1.8963374  -1.3477837   0.6165515  -0.08775982] left_ee=[0.00355929 0.00283685] right_arm=[ 0.00461838 -0.00920676 -0.00211181  0.00471873  0.0070863  -0.00255538] right_ee=[0.04399968 0.04399954]
step=506 env=0 left_arm=[-0.28829014  1.9468184   1.8960451  -1.3109528   0.60883117 -0.1438705 ] left_ee=[0.0031712  0.00225751] right_arm=[ 0.00474229 -0.00637497  0.00196089  0.00385357  0.00718666 -0.0037762 ] right_ee=[0.04399951 0.04399991]
step=507 env=0 left_arm=[-0.31721935  1.9438586   1.8930498  -1.2858148   0.60575277 -0.1852085 ] left_ee=[0.00251323 0.00202256] right_arm=[ 0.00462298 -0.00462488  0.00376226  0.00381845  0.00690972 -0.00281585] right_ee=[0.04399972 0.04399977]
step=508 env=0 left_arm=[-0.3412113   1.9540422   1.8812786  -1.2570915   0.6096145  -0.21962422] left_ee=[0.00213473 0.0020703 ] right_arm=[ 0.00483956 -0.00591482  0.0010244   0.00338316  0.00656363 -0.0038038 ] right_ee=[0.04399968 0.04399957]
step=509 env=0 left_arm=[-0.3686839   1.9559059   1.8684126  -1.2268817   0.60790896 -0.25985405] left_ee=[0.00235945 0.00200866] right_arm=[ 0.00492317 -0.00386142 -0.0002165   0.00109889  0.00602661 -0.00418225] right_ee=[0.04399994 0.04399958]
step=510 env=0 left_arm=[-0.39413312  1.9649916   1.8739657  -1.1984836   0.59989727 -0.29689047] left_ee=[0.00275534 0.00231972] right_arm=[ 0.00503305 -0.00592791  0.00059157  0.00091678  0.00684375 -0.00272824] right_ee=[0.04399963 0.04399922]
step=511 env=0 left_arm=[-0.41049576  1.9687063   1.8751827  -1.181766    0.59378546 -0.32120898] left_ee=[0.00294973 0.00245992] right_arm=[ 0.00525715 -0.00718769  0.00100477  0.00020836  0.0078684  -0.00260735] right_ee=[0.0439996  0.04399989]
step=512 env=0 left_arm=[-0.41687113  1.9683812   1.8690087  -1.1702348   0.5917054  -0.33089742] left_ee=[0.00269716 0.00235806] right_arm=[ 0.00572806 -0.01174143 -0.00345694 -0.00106006  0.00791221 -0.00249525] right_ee=[0.04399909 0.04399957]
step=513 env=0 left_arm=[-0.43959102  1.9780573   1.8610097  -1.1410917   0.5862354  -0.3664463 ] left_ee=[0.00259187 0.00206173] right_arm=[ 0.00539862 -0.00913448 -0.00287345  0.00025006  0.00726299 -0.0023403 ] right_ee=[0.04399988 0.04399916]
step=514 env=0 left_arm=[-0.44635066  1.9933909   1.8522985  -1.1220543   0.58488566 -0.38508677] left_ee=[0.00216164 0.00213815] right_arm=[ 0.00485026 -0.00674839 -0.00080506  0.00188645  0.00657872 -0.00309149] right_ee=[0.04399986 0.04399943]
step=515 env=0 left_arm=[-0.45771274  1.9976732   1.8466802  -1.0987544   0.5769329  -0.40540984] left_ee=[0.0025758 0.0021394] right_arm=[ 0.0042573  -0.00677477 -0.00085711  0.0017253   0.00670726 -0.00263635] right_ee=[0.04399934 0.04399955]
step=516 env=0 left_arm=[-0.46827808  2.0087323   1.8408144  -1.0770564   0.5749111  -0.4260721 ] left_ee=[0.00260805 0.00222097] right_arm=[ 0.00405749 -0.00483488 -0.00058492  0.00117255  0.0069179  -0.00284635] right_ee=[0.04399912 0.04399989]
step=517 env=0 left_arm=[-0.4733434   2.0139163   1.8505704  -1.0748879   0.5716965  -0.42922312] left_ee=[0.00289392 0.0024075 ] right_arm=[ 0.00451656 -0.00851487 -0.00222991 -0.00033125  0.00777387 -0.00146604] right_ee=[0.04399913 0.04399994]
step=518 env=0 left_arm=[-0.47642824  2.0267107   1.8334962  -1.0439453   0.56849164 -0.44246826] left_ee=[0.00242512 0.00224054] right_arm=[ 0.00415152 -0.01167898 -0.00331556 -0.00024924  0.00719173 -0.00227177] right_ee=[0.04399955 0.04399982]
step=519 env=0 left_arm=[-0.4828744   2.0364494   1.8385278  -1.0361308   0.5659795  -0.45176023] left_ee=[0.00269203 0.00223233] right_arm=[ 4.3517612e-03 -1.2233550e-02 -3.0220107e-03  8.5051935e-05
  7.4340622e-03 -1.5513485e-03] right_ee=[0.04399967 0.04399988]
step=520 env=0 left_arm=[-0.48506993  2.046702    1.8294911  -1.0205739   0.56490177 -0.45973122] left_ee=[0.00255885 0.00230664] right_arm=[ 0.00440221 -0.01232897 -0.00371877 -0.00095416  0.00735917 -0.00210733] right_ee=[0.04399979 0.04399989]
step=521 env=0 left_arm=[-0.48973933  2.048384    1.8286806  -1.0077685   0.56040215 -0.4691437 ] left_ee=[0.00292084 0.0024215 ] right_arm=[ 0.00389223 -0.01470686 -0.00449172 -0.00186369  0.00751031 -0.00129036] right_ee=[0.04399942 0.0439995 ]
step=522 env=0 left_arm=[-0.4939982   2.0625143   1.8268368  -0.99083626  0.55863905 -0.478421  ] left_ee=[0.00281188 0.00249004] right_arm=[ 0.00439477 -0.01421611 -0.00346447 -0.00129854  0.00785232 -0.00082475] right_ee=[0.04399889 0.0439997 ]
step=523 env=0 left_arm=[-0.49620828  2.0671575   1.8274304  -0.987262    0.5574592  -0.48504946] left_ee=[0.0029625  0.00254194] right_arm=[ 0.00405904 -0.01244487 -0.00198991 -0.00128606  0.00763109 -0.00068398] right_ee=[0.04399972 0.04399925]
step=524 env=0 left_arm=[-0.5021597   2.0747004   1.8186284  -0.96058404  0.5515532  -0.5004865 ] left_ee=[0.00262196 0.00228652] right_arm=[ 0.00393157 -0.01247712 -0.00195358 -0.00243143  0.00770648 -0.00060535] right_ee=[0.04399973 0.04399976]
step=525 env=0 left_arm=[-0.5066858  2.0692859  1.8154706 -0.9596883  0.5509351 -0.5046578] left_ee=[0.00293793 0.00251671] right_arm=[ 0.00364852 -0.01315676 -0.00386733 -0.00256369  0.00751751 -0.00077916] right_ee=[0.04399981 0.04399993]
step=526 env=0 left_arm=[-0.50822604  2.0814757   1.8153692  -0.9469243   0.5498177  -0.50944376] left_ee=[0.00283519 0.00263939] right_arm=[ 0.00406215 -0.01270494 -0.00358087 -0.00239313  0.00794537 -0.00067478] right_ee=[0.04399958 0.04399985]
step=527 env=0 left_arm=[-0.5059805   2.0851152   1.8136406  -0.9455434   0.55065256 -0.50639534] left_ee=[0.00210348 0.00195291] right_arm=[ 0.00423543 -0.01492925 -0.00314634 -0.0034116   0.00774763 -0.00010038] right_ee=[0.04399979 0.04399973]
step=528 env=0 left_arm=[-0.5101635   2.0933635   1.8124641  -0.93191963  0.5473335  -0.5176109 ] left_ee=[0.00198453 0.00185065] right_arm=[ 4.31020884e-03 -1.40392715e-02 -1.89113826e-03 -4.12834343e-03
  7.78759969e-03  1.13651695e-05] right_ee=[0.04399997 0.04399963]
step=529 env=0 left_arm=[-0.50926733  2.0983877   1.8005649  -0.9176519   0.5468453  -0.5190851 ] left_ee=[0.00157568 0.00165706] right_arm=[ 0.00449879 -0.01400737 -0.0016656  -0.00428024  0.00750891 -0.00060916] right_ee=[0.04399986 0.04399964]
step=530 env=0 left_arm=[-0.5112308   2.0969012   1.8031077  -0.91490453  0.54412526 -0.5219143 ] left_ee=[0.0016098  0.00154933] right_arm=[ 4.2861290e-03 -1.4073265e-02 -5.1873230e-04 -4.7988771e-03
  7.6403064e-03  3.5182340e-05] right_ee=[0.04399972 0.04399933]
step=531 env=0 left_arm=[-0.5163173   2.1034598   1.8025292  -0.9001355   0.5396226  -0.53182197] left_ee=[0.00163327 0.00158114] right_arm=[ 0.00427643 -0.01388614 -0.00018604 -0.00540942  0.00770634  0.0002586 ] right_ee=[0.0439996  0.04399993]
step=532 env=0 left_arm=[-0.51512676  2.1111038   1.7989655  -0.89265776  0.5383682  -0.5325549 ] left_ee=[0.00142105 0.00153801] right_arm=[ 0.00486865 -0.01491539  0.000602   -0.00623671  0.00797462  0.00012196] right_ee=[0.04399943 0.04399959]
step=533 env=0 left_arm=[-0.51926064  2.113833    1.800673   -0.89043397  0.5367152  -0.53859615] left_ee=[0.00153387 0.00148781] right_arm=[ 0.00443744 -0.01524842  0.00250281 -0.00557135  0.00775541  0.00074189] right_ee=[0.0439997  0.04399911]
step=534 env=0 left_arm=[-0.52001613  2.1103086   1.7970903  -0.8908249   0.5377706  -0.53813404] left_ee=[0.00142947 0.00161558] right_arm=[ 0.00429352 -0.0138942   0.00036006 -0.00499156  0.00762157  0.00016686] right_ee=[0.04399956 0.04399984]
step=535 env=0 left_arm=[-0.51760113  2.116523    1.7885864  -0.8789468   0.53744555 -0.54061717] left_ee=[0.00134607 0.00168709] right_arm=[ 0.00482026 -0.01444836  0.00117351 -0.0058251   0.00727831 -0.00016052] right_ee=[0.0439993  0.04399929]
step=536 env=0 left_arm=[-0.52181375  2.1198244   1.7932075  -0.8739514   0.5337677  -0.5467159 ] left_ee=[0.00148182 0.00147926] right_arm=[ 0.00462273 -0.01441472  0.00403087 -0.00546431  0.00765611  0.00075391] right_ee=[0.04399959 0.04399867]
step=537 env=0 left_arm=[-0.52215695  2.1205807   1.7853246  -0.86255753  0.5308636  -0.5508222 ] left_ee=[0.00135046 0.00162068] right_arm=[ 0.00477101 -0.01620064  0.00274556 -0.00546217  0.00736868  0.00015968] right_ee=[0.04399921 0.04399968]
step=538 env=0 left_arm=[-0.5215631   2.1235974   1.781634   -0.85605437  0.5298483  -0.5524744 ] left_ee=[0.00137026 0.00160594] right_arm=[ 0.00484413 -0.01522686  0.00391265 -0.0058492   0.0071103   0.00029172] right_ee=[0.04399974 0.0439995 ]
step=539 env=0 left_arm=[-0.5235004   2.1252465   1.7782797  -0.84774107  0.5274918  -0.55491054] left_ee=[0.00138549 0.00155184] right_arm=[ 0.00517813 -0.01624019  0.00427163 -0.00674129  0.0074361   0.00030696] right_ee=[0.04399991 0.04399966]
step=540 env=0 left_arm=[-0.5272104   2.129258    1.7775474  -0.83912516  0.5233753  -0.56283116] left_ee=[0.00141593 0.0015726 ] right_arm=[ 0.00523569 -0.01668963  0.00446867 -0.00584386  0.00705466  0.00039481] right_ee=[0.04399996 0.04399973]
step=541 env=0 left_arm=[-0.52723485  2.1317935   1.7734717  -0.8320247   0.52023846 -0.56531817] left_ee=[0.00132507 0.00172136] right_arm=[ 0.00557428 -0.01745116  0.00652615 -0.00681498  0.00719067  0.00059506] right_ee=[0.04399997 0.04399975]
step=542 env=0 left_arm=[-0.5262466   2.1347845   1.767286   -0.8231416   0.51963544 -0.5665176 ] left_ee=[0.00130942 0.00171033] right_arm=[ 0.00583149 -0.01791008  0.00741381 -0.00726833  0.00688415  0.00048461] right_ee=[0.044      0.04399958]
step=543 env=0 left_arm=[-0.526763    2.1360538   1.7672906  -0.81924665  0.51692224 -0.5690877 ] left_ee=[0.00132384 0.00161498] right_arm=[ 0.00581274 -0.01921272  0.00830335 -0.00774578  0.00683786  0.0007517 ] right_ee=[0.04399995 0.04399942]
step=544 env=0 left_arm=[-0.5265319  2.1351686  1.7550011 -0.8014351  0.5125356 -0.5744856] left_ee=[0.00130429 0.00169074] right_arm=[ 0.0060461  -0.0199073   0.00929061 -0.00840525  0.00648271  0.00039125] right_ee=[0.04399976 0.04399957]
step=545 env=0 left_arm=[-0.52961946  2.1356206   1.755031   -0.7962643   0.51008767 -0.5792231 ] left_ee=[0.00139285 0.00153823] right_arm=[ 0.00593185 -0.02032072  0.01032284 -0.00844123  0.00658973  0.00083445] right_ee=[0.04399984 0.04399928]
step=546 env=0 left_arm=[-0.5276035   2.1340346   1.742958   -0.7820745   0.5065993  -0.58267146] left_ee=[0.00130194 0.00164362] right_arm=[ 0.00599354 -0.02160205  0.011038   -0.00862319  0.00632666  0.00045623] right_ee=[0.04399962 0.04399979]
step=547 env=0 left_arm=[-0.5266665   2.1355102   1.7377272  -0.7746619   0.50421745 -0.5837304 ] left_ee=[0.00138986 0.0015872 ] right_arm=[ 0.00636091 -0.02306519  0.01120588 -0.0091943   0.0063023   0.00027405] right_ee=[0.04399975 0.04399963]
step=548 env=0 left_arm=[-0.5275131   2.1348262   1.7354196  -0.7705777   0.50164443 -0.58751935] left_ee=[0.00143018 0.00152453] right_arm=[ 0.00624922 -0.02383642  0.01262903 -0.00878114  0.00639882  0.00049592] right_ee=[0.04399984 0.04399936]
step=549 env=0 left_arm=[-0.5286752  2.1343083  1.7329761 -0.7659128  0.5007852 -0.5906782] left_ee=[0.00144291 0.00153041] right_arm=[ 0.00623681 -0.02373536  0.01348091 -0.00872184  0.00635657  0.00064801] right_ee=[0.04399976 0.04399994]
step=550 env=0 left_arm=[-0.52863127  2.1337073   1.7299085  -0.76072735  0.49915722 -0.5923618 ] left_ee=[0.0014377  0.00155335] right_arm=[ 0.00621347 -0.02423666  0.01391198 -0.00854894  0.00626453  0.0005954 ] right_ee=[0.04399988 0.0439999 ]
step=551 env=0 left_arm=[-0.51085347  2.1486824   1.6480843  -0.7328904   0.47533095 -0.51281583] left_ee=[0.00642091 0.00754055] right_arm=[ 0.00720151 -0.02552877  0.00035916 -0.00150136  0.01001489  0.00376839] right_ee=[0.04399873 0.04399972]
step=552 env=0 left_arm=[-0.5118443   2.1494021   1.6388049  -0.731636    0.47175223 -0.50367635] left_ee=[0.01097586 0.01032458] right_arm=[ 0.00756796 -0.02588638 -0.0011951  -0.00066997  0.01032346  0.00405009] right_ee=[0.04399791 0.04399974]
step=553 env=0 left_arm=[-0.5137026   2.148848    1.6389488  -0.734231    0.46964195 -0.50439316] left_ee=[0.01322259 0.01292876] right_arm=[ 0.00753242 -0.02648888 -0.00215477 -0.00060088  0.01044227  0.00405278] right_ee=[0.04399898 0.04399927]
step=554 env=0 left_arm=[-0.5173611   2.1447806   1.639141   -0.73970664  0.4664303  -0.506166  ] left_ee=[0.01514148 0.01497695] right_arm=[ 0.00727414 -0.02727185 -0.00328726 -0.00057218  0.0104332   0.00387631] right_ee=[0.04399943 0.04399948]
step=555 env=0 left_arm=[-0.5216888   2.141269    1.640749   -0.74549764  0.46132258 -0.5073815 ] left_ee=[0.01716237 0.01709081] right_arm=[ 0.00703872 -0.02765683 -0.00393951  0.00031646  0.01020943  0.00337019] right_ee=[0.04399949 0.04399985]
step=556 env=0 left_arm=[-0.5267556   2.1333048   1.6357785  -0.7519256   0.45361352 -0.50940627] left_ee=[0.01941443 0.01937329] right_arm=[ 0.00638213 -0.02880523 -0.0052978   0.00037288  0.00992952  0.00319999] right_ee=[0.04399951 0.04399964]
step=557 env=0 left_arm=[-0.53020334  2.1335325   1.645374   -0.76481575  0.44833583 -0.50956565] left_ee=[0.02176465 0.02173395] right_arm=[ 0.00737385 -0.02759308 -0.00766808 -0.00048234  0.01015655  0.00249013] right_ee=[0.04399873 0.04399918]
step=558 env=0 left_arm=[-0.53435314  2.1272914   1.641791   -0.7675555   0.44135454 -0.5112468 ] left_ee=[0.02397183 0.02399865] right_arm=[ 0.0070597  -0.02922181 -0.00790847  0.00062182  0.01002571  0.00248621] right_ee=[0.04399963 0.04399844]
step=559 env=0 left_arm=[-0.53983825  2.133047    1.6510208  -0.77183264  0.43342346 -0.5143033 ] left_ee=[0.0264084  0.02644716] right_arm=[ 0.00773837 -0.02781743 -0.00910927 -0.00082078  0.01043492  0.00163698] right_ee=[0.04399927 0.04399957]
step=560 env=0 left_arm=[-0.54472345  2.127968    1.655386   -0.77458245  0.4200334  -0.5207858 ] left_ee=[0.02915716 0.02912076] right_arm=[ 0.00787251 -0.03009362 -0.01103728 -0.00124741  0.01091668  0.00129598] right_ee=[0.04399975 0.04399922]
step=561 env=0 left_arm=[-0.55388325  2.1290596   1.6648417  -0.78891975  0.39815634 -0.5144077 ] left_ee=[0.03269322 0.03267926] right_arm=[ 0.00880381 -0.03354825 -0.01225753 -0.00033146  0.01066446  0.00017715] right_ee=[0.04399911 0.04399896]
step=562 env=0 left_arm=[-0.55106676  2.131089    1.6678134  -0.795582    0.3915135  -0.51434624] left_ee=[0.03477784 0.03484071] right_arm=[ 0.00835512 -0.03355037 -0.01129705  0.00019869  0.01163469 -0.00088187] right_ee=[0.04399896 0.04399793]
step=563 env=0 left_arm=[-0.55216473  2.1214147   1.6676707  -0.7990064   0.37810338 -0.51115006] left_ee=[0.03708314 0.03701869] right_arm=[ 0.00768158 -0.03764688 -0.01277448  0.00012143  0.01075104 -0.00079399] right_ee=[0.04399855 0.04399974]
step=564 env=0 left_arm=[-0.5558201   2.103111    1.66974    -0.79996926  0.35146973 -0.505491  ] left_ee=[0.03985396 0.03975399] right_arm=[ 7.34384498e-03 -4.24322002e-02 -1.30508998e-02 -7.99069530e-05
  1.06354095e-02 -1.25377311e-03] right_ee=[0.04399915 0.0439996 ]
step=565 env=0 left_arm=[-0.55471003  2.0861626   1.6655364  -0.8026759   0.33525285 -0.50014335] left_ee=[0.04152786 0.04152672] right_arm=[ 0.00639879 -0.04131925 -0.01246969 -0.00186781  0.0111208  -0.00171846] right_ee=[0.04399877 0.04399933]
step=566 env=0 left_arm=[-0.54846704  2.068083    1.6553615  -0.8009008   0.33091044 -0.4983722 ] left_ee=[0.04253275 0.04254237] right_arm=[ 0.00540791 -0.04110292 -0.01648338 -0.00121382  0.0106776  -0.0015751 ] right_ee=[0.04399847 0.04399972]
step=567 env=0 left_arm=[-0.53953576  2.0499442   1.6522275  -0.80211276  0.31109127 -0.49302956] left_ee=[0.04313569 0.04313332] right_arm=[ 0.0038555  -0.04202816 -0.01735887  0.00026024  0.01079082 -0.00325353] right_ee=[0.04399837 0.04399943]
step=568 env=0 left_arm=[-0.52745825  2.010386    1.6381905  -0.80660075  0.2919341  -0.47765133] left_ee=[0.0435174  0.04346094] right_arm=[ 0.00139896 -0.04084422 -0.02020441  0.0021827   0.00926259 -0.00423319] right_ee=[0.04399849 0.04399949]
step=569 env=0 left_arm=[-0.5122494   1.9640924   1.6283866  -0.7870783   0.27080175 -0.46662712] left_ee=[0.04374865 0.04366087] right_arm=[-0.00103905 -0.03649259 -0.02424251 -0.00068532  0.00644374 -0.00530298] right_ee=[0.04399825 0.04399946]
step=570 env=0 left_arm=[-0.48915806  1.8920621   1.5832975  -0.7755896   0.24576992 -0.44143143] left_ee=[0.0438273  0.04384325] right_arm=[-0.0039876  -0.02828468 -0.02219827  0.0036784   0.0023295  -0.00521747] right_ee=[0.04399898 0.04399926]
step=571 env=0 left_arm=[-0.4771156   1.8893341   1.5765356  -0.7822405   0.2327967  -0.43794212] left_ee=[0.04386834 0.04394097] right_arm=[-0.00524468 -0.03545634 -0.01983576  0.00239792  0.00120701 -0.00816634] right_ee=[0.04399933 0.04399969]
step=572 env=0 left_arm=[-0.44894063  1.8212528   1.5479918  -0.76328254  0.21080191 -0.41199782] left_ee=[0.04399673 0.04387955] right_arm=[-0.00869201 -0.02258987 -0.02378432  0.00078265 -0.00393195 -0.00955109] right_ee=[0.04399944 0.04399974]
step=573 env=0 left_arm=[-0.43832427  1.7826653   1.5265546  -0.7482066   0.18652979 -0.41051576] left_ee=[0.04396982 0.04395526] right_arm=[-0.00989775 -0.01051719 -0.01749662 -0.00343419 -0.00604082 -0.01059223] right_ee=[0.04399966 0.04399946]
step=574 env=0 left_arm=[-0.40155452  1.6970997   1.4719703  -0.727176    0.16315544 -0.37707633] left_ee=[0.04397459 0.04391944] right_arm=[-0.01436741  0.0168452  -0.01628855 -0.01187609 -0.01300473 -0.01290887] right_ee=[0.044      0.04399913]
step=575 env=0 left_arm=[-0.38628525  1.6872371   1.4712316  -0.71890014  0.15702513 -0.3742007 ] left_ee=[0.04394267 0.04394123] right_arm=[-0.01393156  0.01766714 -0.00644095 -0.01103917 -0.01555823 -0.01477893] right_ee=[0.04399933 0.04399827]
step=576 env=0 left_arm=[-0.34654313  1.6082683   1.421612   -0.6957733   0.12889734 -0.3470995 ] left_ee=[0.04396199 0.04392251] right_arm=[-0.01783798  0.04177301 -0.00205827 -0.01765909 -0.02231132 -0.01910137] right_ee=[0.044      0.04399711]
step=577 env=0 left_arm=[-0.36023802  1.6129807   1.4213653  -0.6918991   0.13501628 -0.352003  ] left_ee=[0.04393478 0.04387179] right_arm=[-0.01727229  0.03882869 -0.00173146 -0.01256234 -0.02110287 -0.01630299] right_ee=[0.04399979 0.0439984 ]
step=578 env=0 left_arm=[-0.31849992  1.5270723   1.3640378  -0.66658604  0.10195363 -0.32494685] left_ee=[0.04389744 0.04388883] right_arm=[-0.02315838  0.07592106  0.02767948 -0.03020625 -0.02973075 -0.02440524] right_ee=[0.04399917 0.04399764]
step=579 env=0 left_arm=[-0.2842559   1.4699092   1.3243687  -0.64833033  0.08623218 -0.3035165 ] left_ee=[0.04376877 0.04372284] right_arm=[-0.02801988  0.10506529  0.0230354  -0.03603502 -0.03582836 -0.0282221 ] right_ee=[0.04399833 0.04399993]
step=580 env=0 left_arm=[-0.27609035  1.469711    1.3321829  -0.6400558   0.08522116 -0.30337468] left_ee=[0.0438543  0.04370233] right_arm=[-0.02948034  0.11158601  0.03372402 -0.03706929 -0.03860628 -0.03168004] right_ee=[0.04399927 0.04399881]
step=581 env=0 left_arm=[-0.24662392  1.4043486   1.2852913  -0.62042505  0.07079238 -0.27876398] left_ee=[0.04356258 0.04354951] right_arm=[-0.03357329  0.13066158  0.0377508  -0.04658817 -0.04417812 -0.03490258] right_ee=[0.04399946 0.04399916]
step=582 env=0 left_arm=[-0.22369866  1.356053    1.2429597  -0.59904987  0.05350427 -0.26393348] left_ee=[0.04335361 0.04330836] right_arm=[-0.03991479  0.15631081  0.06204649 -0.0589251  -0.05005655 -0.04265492] right_ee=[0.04399642 0.04399676]
step=583 env=0 left_arm=[-0.19659066  1.312516    1.2111477  -0.5845077   0.04471064 -0.2446243 ] left_ee=[0.04311785 0.04305901] right_arm=[-0.04162763  0.17876105  0.06210879 -0.06536298 -0.0544649  -0.04353943] right_ee=[0.0439923  0.04399838]
step=584 env=0 left_arm=[-0.19258599  1.3092718   1.205349   -0.5765384   0.03981357 -0.24704179] left_ee=[0.04310396 0.04298843] right_arm=[-0.04339448  0.19535252  0.0861309  -0.07403672 -0.0549346  -0.04859677] right_ee=[0.04399697 0.04399398]
step=585 env=0 left_arm=[-0.1755383   1.2796865   1.1842048  -0.56384856  0.03305878 -0.23505661] left_ee=[0.04304839 0.04302251] right_arm=[-0.0475143   0.21835221  0.09279946 -0.08279811 -0.05971835 -0.05207381] right_ee=[0.04399578 0.04399928]
step=586 env=0 left_arm=[-0.15829098  1.2477242   1.1527852  -0.5579158   0.02929646 -0.2184243 ] left_ee=[0.04280463 0.04278526] right_arm=[-0.04949637  0.22532707  0.10357316 -0.09011982 -0.06234724 -0.05370636] right_ee=[0.04399765 0.04399824]
step=587 env=0 left_arm=[-0.14994699  1.236724    1.1479597  -0.54876804  0.02617403 -0.21571851] left_ee=[0.04278565 0.04271487] right_arm=[-0.05109829  0.23733388  0.10365535 -0.09062407 -0.06478506 -0.05550862] right_ee=[0.04399728 0.04399959]
step=588 env=0 left_arm=[-0.14164287  1.2165312   1.1263582  -0.54080474  0.01945726 -0.20670289] left_ee=[0.04262927 0.04260595] right_arm=[-0.05419572  0.24654058  0.12268421 -0.1000092  -0.06673083 -0.05958949] right_ee=[0.0439838  0.04398035]
step=589 env=0 left_arm=[-0.13426726  1.2077236   1.1220871  -0.5335549   0.01578788 -0.20658346] left_ee=[0.04266255 0.04262556] right_arm=[-0.05629186  0.26110306  0.13178311 -0.10495078 -0.06829765 -0.06318369] right_ee=[0.0439878  0.04399104]
step=590 env=0 left_arm=[-0.12002689  1.1863894   1.1057023  -0.5268956   0.01193052 -0.19627807] left_ee=[0.04260197 0.04260013] right_arm=[-0.05671737  0.27628532  0.13797495 -0.11154422 -0.07085802 -0.06404763] right_ee=[0.04397066 0.04397648]
step=591 env=0 left_arm=[-0.10880364  1.1759585   1.0946915  -0.5223716   0.00978356 -0.18690729] left_ee=[0.04257974 0.04255627] right_arm=[-0.05932019  0.28870362  0.14610347 -0.11824192 -0.0739975  -0.06676321] right_ee=[0.04393904 0.04393692]
step=592 env=0 left_arm=[-0.09788138  1.15805     1.0750742  -0.51625913  0.00492811 -0.17688724] left_ee=[0.04248517 0.04246598] right_arm=[-0.06037464  0.30340493  0.15549585 -0.12458713 -0.07580739 -0.06831726] right_ee=[0.04384426 0.04384458]
step=593 env=0 left_arm=[-0.09924484  1.1604663   1.0805384  -0.5180444   0.00326602 -0.1806228 ] left_ee=[0.04256433 0.04249924] right_arm=[-0.06024076  0.30972463  0.15878686 -0.12477013 -0.07595779 -0.0695785 ] right_ee=[0.04379905 0.04380004]
step=594 env=0 left_arm=[-8.6378887e-02  1.1492525e+00  1.0713980e+00 -5.1285845e-01
  8.1187015e-04 -1.7219807e-01] left_ee=[0.04253677 0.04255311] right_arm=[-0.06153726  0.32364777  0.16410527 -0.13053527 -0.07777011 -0.07094406] right_ee=[0.04372219 0.04372229]
step=595 env=0 left_arm=[-7.5727858e-02  1.1414982e+00  1.0608448e+00 -5.0904661e-01
 -1.3821837e-04 -1.6306783e-01] left_ee=[0.04249398 0.04248394] right_arm=[-0.06262781  0.33022225  0.17064457 -0.13550386 -0.07961998 -0.07271089] right_ee=[0.04364639 0.04364564]
step=596 env=0 left_arm=[-0.06982237  1.1370443   1.0567181  -0.50689363 -0.00150376 -0.15833367] left_ee=[0.04246119 0.04243071] right_arm=[-0.06380978  0.33861357  0.17439532 -0.13903677 -0.08098193 -0.07410515] right_ee=[0.04358747 0.04358739]
step=597 env=0 left_arm=[-0.06632688  1.1382568   1.057392   -0.50725913 -0.00144027 -0.1568066 ] left_ee=[0.04245026 0.04242491] right_arm=[-0.0633825   0.34288475  0.17512289 -0.1394387  -0.08129019 -0.07390861] right_ee=[0.04354646 0.0435484 ]
step=598 env=0 left_arm=[-0.06340384  1.1352551   1.0550063  -0.5060664  -0.00270479 -0.15447944] left_ee=[0.04243945 0.04242547] right_arm=[-0.06409907  0.3500042   0.17931782 -0.14214747 -0.08240183 -0.07502198] right_ee=[0.04350815 0.04350682]
step=599 env=0 left_arm=[-0.05995469  1.1370109   1.0546377  -0.50541365 -0.00309493 -0.15263937] left_ee=[0.0424199  0.04241338] right_arm=[-0.06412194  0.354779    0.18223414 -0.14383434 -0.08301641 -0.07560723] right_ee=[0.0434703  0.04347044]
step=600 env=0 left_arm=[-0.05800607  1.1401218   1.0581137  -0.50818855 -0.00288164 -0.15138415] left_ee=[0.04242249 0.04241114] right_arm=[-0.06365998  0.35368353  0.18095744 -0.14327204 -0.08270114 -0.07524819] right_ee=[0.04344456 0.04344505]
step=601 env=0 left_arm=[-0.11933789  1.2805384   1.0341778  -0.48977253 -0.02086742 -0.12198672] left_ee=[0.04309498 0.04305909] right_arm=[-0.02745918  0.19162177  0.14235298 -0.10798156 -0.02586078 -0.04963379] right_ee=[0.04367217 0.04367165]
step=602 env=0 left_arm=[-0.12675019  1.3009969   1.0382856  -0.49209687 -0.02337694 -0.11759655] left_ee=[0.04339029 0.04352897] right_arm=[-0.0233877   0.166397    0.1322494  -0.10019778 -0.01772652 -0.04639836] right_ee=[0.0438081  0.04380507]
step=603 env=0 left_arm=[-0.12769842  1.3242955   1.057336   -0.5030105  -0.02177427 -0.11757034] left_ee=[0.04362769 0.04370566] right_arm=[-0.02260649  0.14713445  0.12117577 -0.09106874 -0.01429288 -0.04484127] right_ee=[0.04388609 0.04388588]
step=604 env=0 left_arm=[-0.13047223  1.3606833   1.0919852  -0.52402043 -0.02137209 -0.11596268] left_ee=[0.04378215 0.04380829] right_arm=[-0.02281601  0.12577154  0.10536166 -0.08006766 -0.01088774 -0.04278393] right_ee=[0.04393208 0.04393328]
step=605 env=0 left_arm=[-0.12982716  1.3871542   1.1156881  -0.5391466  -0.02016821 -0.11640348] left_ee=[0.0438621  0.04389036] right_arm=[-0.02255922  0.10765887  0.09115207 -0.0724823  -0.00801493 -0.04105921] right_ee=[0.04395813 0.04396209]
step=606 env=0 left_arm=[-0.13098212  1.4176962   1.1463563  -0.55854815 -0.01938782 -0.11500823] left_ee=[0.04392122 0.04392686] right_arm=[-0.02248967  0.09384367  0.0805371  -0.0641736  -0.00619371 -0.03849118] right_ee=[0.04397458 0.04397754]
step=607 env=0 left_arm=[-0.13175628  1.4612968   1.1860358  -0.57768995 -0.02017024 -0.11469886] left_ee=[0.04395039 0.04395874] right_arm=[-0.02209827  0.0732657   0.06704916 -0.05817293 -0.0032856  -0.03639633] right_ee=[0.0439844  0.04398685]
step=608 env=0 left_arm=[-0.13121788  1.4839914   1.2108881  -0.59475636 -0.02159273 -0.11555188] left_ee=[0.04396588 0.04397877] right_arm=[-0.0217539   0.06542161  0.05946547 -0.05383697 -0.00205874 -0.03401261] right_ee=[0.04398969 0.04399287]
step=609 env=0 left_arm=[-0.13430955  1.523495    1.2466017  -0.6123738  -0.01738366 -0.11765358] left_ee=[0.04398774 0.04397594] right_arm=[-0.02041911  0.05915187  0.05491446 -0.04738946 -0.00236759 -0.03208741] right_ee=[0.04399307 0.04399604]
step=610 env=0 left_arm=[-0.13428777  1.5419419   1.2643242  -0.62450176 -0.01684787 -0.11832788] left_ee=[0.04398116 0.04399647] right_arm=[-0.01982827  0.05014348  0.04986005 -0.04425906 -0.0023802  -0.03051525] right_ee=[0.04399702 0.04399604]
step=611 env=0 left_arm=[-0.13645974  1.5773225   1.2939482  -0.6407522  -0.01710506 -0.11734339] left_ee=[0.04399184 0.04399204] right_arm=[-0.01949045  0.04105873  0.04387904 -0.04142112 -0.0017728  -0.02885511] right_ee=[0.04399871 0.04399744]
step=612 env=0 left_arm=[-0.13655345  1.6064174   1.3217429  -0.65874034 -0.01934005 -0.11907984] left_ee=[0.04398862 0.04399849] right_arm=[-0.0186849   0.03432203  0.0378871  -0.03601724 -0.0009294  -0.02723741] right_ee=[0.04399899 0.04399901]
step=613 env=0 left_arm=[-0.13730136  1.6312847   1.3428798  -0.6685849  -0.02043826 -0.11782885] left_ee=[0.04399413 0.04399632] right_arm=[-0.01853245  0.02519904  0.03435422 -0.03451438 -0.00022876 -0.02622214] right_ee=[0.04399962 0.0439989 ]
step=614 env=0 left_arm=[-0.14232047  1.6681477   1.373253   -0.6798228  -0.01934738 -0.12071669] left_ee=[0.04398756 0.04398632] right_arm=[-1.7629625e-02  2.0790573e-02  2.9909940e-02 -2.9767379e-02
 -5.4084780e-05 -2.5021726e-02] right_ee=[0.04399895 0.04399924]
step=615 env=0 left_arm=[-0.142047    1.6886464   1.3943412  -0.6907773  -0.01822034 -0.12061184] left_ee=[0.04397757 0.04399535] right_arm=[-0.01673206  0.01925507  0.0247508  -0.02757549  0.0012884  -0.02411409] right_ee=[0.0439995  0.04399915]
step=616 env=0 left_arm=[-0.14252444  1.7101104   1.4090184  -0.70465076 -0.02001056 -0.11882941] left_ee=[0.04398352 0.04399703] right_arm=[-0.01661517  0.00888784  0.02083631 -0.0253873   0.00216978 -0.02262424] right_ee=[0.04399946 0.04399901]
step=617 env=0 left_arm=[-0.14265426  1.7321111   1.430446   -0.716338   -0.01874512 -0.11765805] left_ee=[0.04399217 0.04399384] right_arm=[-0.01597189  0.00730651  0.01754148 -0.02288038  0.00221383 -0.02130783] right_ee=[0.04399879 0.04399938]
step=618 env=0 left_arm=[-0.14472485  1.7560552   1.4497695  -0.72577006 -0.02018837 -0.11936445] left_ee=[0.04399493 0.04399373] right_arm=[-0.01602734  0.00447024  0.01619251 -0.01936562  0.00257205 -0.02104614] right_ee=[0.0439996  0.04399864]
step=619 env=0 left_arm=[-0.14355466  1.7751803   1.4668145  -0.7373048  -0.01997981 -0.11874223] left_ee=[0.04398756 0.04399858] right_arm=[-0.01486109  0.00258315  0.01305253 -0.01761109  0.0028752  -0.02035083] right_ee=[0.0439987  0.04399902]
step=620 env=0 left_arm=[-0.14605254  1.7816635   1.4689171  -0.7384789  -0.02106707 -0.11899325] left_ee=[0.04399455 0.04398802] right_arm=[-0.0143188   0.00074533  0.01136492 -0.01788623  0.00339224 -0.01979195] right_ee=[0.04399968 0.04399857]
step=621 env=0 left_arm=[-0.14888774  1.8090436   1.4918987  -0.7525172  -0.02155264 -0.11890363] left_ee=[0.04399462 0.04399261] right_arm=[-0.01398912 -0.00433481  0.00733504 -0.01524031  0.00355755 -0.01869254] right_ee=[0.04399991 0.0439993 ]
step=622 env=0 left_arm=[-0.1471052   1.8171333   1.5025768  -0.7549623  -0.01988093 -0.11918106] left_ee=[0.04398449 0.04399653] right_arm=[-0.01340597 -0.00274114  0.00769432 -0.01376222  0.00338749 -0.0186419 ] right_ee=[0.0439999  0.04399936]
step=623 env=0 left_arm=[-0.15130873  1.8416009   1.5206234  -0.7663432  -0.02244748 -0.11979519] left_ee=[0.04399084 0.04398237] right_arm=[-0.01302938 -0.00923381  0.00404887 -0.01204547  0.00465308 -0.01761189] right_ee=[0.04399962 0.04399903]
step=624 env=0 left_arm=[-0.14834973  1.8510443   1.5331995  -0.7731708  -0.0208164  -0.11673368] left_ee=[0.04397548 0.04399343] right_arm=[-0.01209484 -0.00874617  0.00331199 -0.01115697  0.00477811 -0.01750056] right_ee=[0.04399891 0.04399917]
step=625 env=0 left_arm=[-0.15346223  1.8722372   1.5455558  -0.7782536  -0.02256633 -0.11796954] left_ee=[0.04398771 0.04397153] right_arm=[-0.01144252 -0.00918937  0.00405886 -0.00975865  0.0045955  -0.01638837] right_ee=[0.04399991 0.04399892]
step=626 env=0 left_arm=[-0.15329805  1.8881948   1.5602583  -0.7872731  -0.02254174 -0.11901113] left_ee=[0.04397775 0.04399407] right_arm=[-0.01111653 -0.00919191  0.00167864 -0.0085297   0.00470109 -0.01630707] right_ee=[0.04399982 0.04399917]
step=627 env=0 left_arm=[-0.15362246  1.8973559   1.5685714  -0.7905733  -0.0217162  -0.11806966] left_ee=[0.04398826 0.04399184] right_arm=[-0.01047073 -0.01117967 -0.00076937 -0.00814541  0.00531614 -0.01549691] right_ee=[0.04399987 0.04399959]
step=628 env=0 left_arm=[-0.15564616  1.9058305   1.57557    -0.7973467  -0.02302484 -0.11835551] left_ee=[0.04399715 0.04399054] right_arm=[-0.01002946 -0.01068233 -0.00158807 -0.0076914   0.00558541 -0.01501342] right_ee=[0.04399994 0.0439997 ]
step=629 env=0 left_arm=[-0.15541917  1.9310423   1.5968059  -0.81196076 -0.02457283 -0.11786588] left_ee=[0.04399025 0.04399905] right_arm=[-0.00943604 -0.01204853 -0.00155373 -0.00596265  0.00556079 -0.01430171] right_ee=[0.044      0.04399945]
step=630 env=0 left_arm=[-0.1556124   1.9266468   1.5910287  -0.8083508  -0.02452062 -0.11809678] left_ee=[0.04399682 0.04399529] right_arm=[-0.00992883 -0.01220792 -0.00104303 -0.00637099  0.00575428 -0.01434143] right_ee=[0.04399939 0.04399892]
step=631 env=0 left_arm=[-0.15506718  1.9338217   1.5943396  -0.8121035  -0.02563983 -0.11765455] left_ee=[0.04399384 0.04399871] right_arm=[-0.0098486  -0.01393899 -0.0028796  -0.00629795  0.00600218 -0.01410882] right_ee=[0.04399897 0.04399991]
step=632 env=0 left_arm=[-0.15819702  1.9600519   1.616867   -0.8221403  -0.02440579 -0.11702519] left_ee=[0.04399114 0.04398335] right_arm=[-0.00832722 -0.01618697 -0.00368952 -0.00469016  0.00555297 -0.01376217] right_ee=[0.04399845 0.04399831]
step=633 env=0 left_arm=[-0.15761852  1.9737959   1.6297746  -0.8287693  -0.02472179 -0.11456873] left_ee=[0.04398009 0.0439958 ] right_arm=[-0.00749382 -0.01622747 -0.00407712 -0.00332913  0.00569969 -0.01306444] right_ee=[0.04399965 0.04399778]
step=634 env=0 left_arm=[-0.15703969  1.978683    1.6322061  -0.83264244 -0.02386774 -0.11570922] left_ee=[0.04398745 0.04399529] right_arm=[-0.00789222 -0.01327034 -0.00281396 -0.00318866  0.00541892 -0.0131478 ] right_ee=[0.04399972 0.04399822]
step=635 env=0 left_arm=[-0.15891522  1.9946543   1.6409646  -0.8380887  -0.02600921 -0.11598542] left_ee=[0.04399628 0.04398897] right_arm=[-0.00753626 -0.01512788 -0.00166493 -0.00205377  0.00504986 -0.01305929] right_ee=[0.04399939 0.04399949]
step=636 env=0 left_arm=[-0.15518379  2.0046842   1.6483666  -0.8431739  -0.02450012 -0.11399366] left_ee=[0.04397855 0.04399487] right_arm=[-0.00729785 -0.01507297 -0.0030438  -0.00206239  0.00538359 -0.01297082] right_ee=[0.04399977 0.04399934]
step=637 env=0 left_arm=[-0.15711997  2.0139096   1.6569228  -0.8481641  -0.0248763  -0.1131799 ] left_ee=[0.04399099 0.04397431] right_arm=[-0.00663535 -0.01694527 -0.00565647 -0.00223957  0.0057507  -0.0126921 ] right_ee=[0.04399956 0.04399955]
step=638 env=0 left_arm=[-0.15876026  2.0332026   1.6720352  -0.8580947  -0.02642454 -0.11282887] left_ee=[0.04399232 0.04399054] right_arm=[-0.00604937 -0.01755619 -0.00396754 -0.00170082  0.00524165 -0.01230301] right_ee=[0.04399991 0.04399918]
step=639 env=0 left_arm=[-0.15839191  2.0449975   1.6814865  -0.8677972  -0.02707527 -0.11515103] left_ee=[0.04398157 0.04399252] right_arm=[-0.00719711 -0.01542412 -0.00362253 -0.00145057  0.00595764 -0.01231627] right_ee=[0.04399844 0.04399813]
step=640 env=0 left_arm=[-0.15756099  2.0566475   1.6903157  -0.8709827  -0.02602241 -0.11253771] left_ee=[0.04391785 0.04392429] right_arm=[-0.00618311 -0.01544922 -0.00319367 -0.00037462  0.00558607 -0.01211996] right_ee=[0.04399692 0.04399882]
step=641 env=0 left_arm=[-0.15774328  2.0810683   1.7088605  -0.8802404  -0.02547613 -0.11141779] left_ee=[0.04346246 0.04346092] right_arm=[-0.00563374 -0.01649749 -0.00317668 -0.00072288  0.00574227 -0.01209383] right_ee=[0.0439991  0.04399806]
step=642 env=0 left_arm=[-0.1577957   2.099319    1.7221657  -0.8876089  -0.02728069 -0.111082  ] left_ee=[0.04295974 0.04296446] right_arm=[-0.00503022 -0.01516853 -0.00313551 -0.00062688  0.00551231 -0.01126367] right_ee=[0.0439995  0.04399904]
step=643 env=0 left_arm=[-0.15769966  2.104687    1.7214122  -0.8920574  -0.02567676 -0.11100835] left_ee=[0.04244765 0.04244994] right_arm=[-0.00571897 -0.01543376 -0.00374487 -0.00116788  0.00595276 -0.01219817] right_ee=[0.04399905 0.04399837]
step=644 env=0 left_arm=[-0.15878728  2.1124306   1.7319669  -0.8977419  -0.0254099  -0.11213653] left_ee=[0.04193918 0.04192902] right_arm=[-0.00571845 -0.01462058 -0.00482263  0.00019045  0.00570946 -0.01186373] right_ee=[0.04399841 0.04399971]
step=645 env=0 left_arm=[-0.1577163   2.146789    1.7631731  -0.9082268  -0.02476102 -0.10701574] left_ee=[0.0407652  0.04078163] right_arm=[-0.00288584 -0.02077493 -0.00600069  0.00049416  0.00500542 -0.01061834] right_ee=[0.04399759 0.04399692]
step=646 env=0 left_arm=[-0.15809125  2.145683    1.762396   -0.9079944  -0.02524108 -0.10718318] left_ee=[0.04014189 0.0401391 ] right_arm=[-0.00282973 -0.02161105 -0.00721559  0.00029066  0.0052668  -0.01035668] right_ee=[0.04399916 0.04399527]
step=647 env=0 left_arm=[-0.15794364  2.1678164   1.7801715  -0.91519743 -0.02466427 -0.10669447] left_ee=[0.03900655 0.0390122 ] right_arm=[-0.00241377 -0.02146072 -0.00784386  0.00086622  0.00491464 -0.00930839] right_ee=[0.04399911 0.04399839]
step=648 env=0 left_arm=[-0.15628524  2.1806905   1.786217   -0.92093205 -0.02465225 -0.1066056 ] left_ee=[0.03816722 0.03818626] right_arm=[-0.00262622 -0.02213854 -0.0048223   0.00112441  0.00481011 -0.00923125] right_ee=[0.04399975 0.04399839]
step=649 env=0 left_arm=[-0.1541172   2.1999602   1.8025231  -0.9267862  -0.02161713 -0.10457715] left_ee=[0.03655916 0.03657036] right_arm=[-0.00198725 -0.02164513 -0.00612043  0.00131815  0.00401093 -0.00789941] right_ee=[0.04399898 0.04399892]
step=650 env=0 left_arm=[-0.1556552   2.2040088   1.8072946  -0.9291772  -0.02125291 -0.10593028] left_ee=[0.03559805 0.03557454] right_arm=[-0.00168935 -0.02179853 -0.00832779  0.00180196  0.00444231 -0.00796014] right_ee=[0.0439997  0.04399842]
step=651 env=0 left_arm=[-0.18324159  2.260347    1.9369229  -1.0249892  -0.03227337 -0.14977956] left_ee=[0.03789767 0.03762536] right_arm=[ 0.00353728 -0.01634554  0.00080187  0.0051287   0.00496866 -0.00575028] right_ee=[0.0439975  0.04399538]
step=652 env=0 left_arm=[-0.18622802  2.268792    1.9547994  -1.0388801  -0.03297628 -0.15536684] left_ee=[0.03902346 0.03914876] right_arm=[ 0.00396784 -0.01574126  0.00163044  0.0065694   0.00522875 -0.00558182] right_ee=[0.04399899 0.04399332]
step=653 env=0 left_arm=[-0.18554018  2.2759876   1.96673    -1.043803   -0.02968024 -0.15553339] left_ee=[0.03968533 0.03973859] right_arm=[ 0.00416984 -0.01617126  0.0015497   0.00719359  0.0059484  -0.0057239 ] right_ee=[0.04399976 0.04399688]
step=654 env=0 left_arm=[-0.18321908  2.2873342   1.9792475  -1.0500882  -0.02536405 -0.15191066] left_ee=[0.03979474 0.03983635] right_arm=[ 0.00388711 -0.01800608  0.00145404  0.00853276  0.00712533 -0.00592559] right_ee=[0.043999   0.04399849]
step=655 env=0 left_arm=[-0.18060367  2.2908201   1.9856808  -1.0529472  -0.02195031 -0.14950159] left_ee=[0.03967865 0.03970264] right_arm=[ 0.00390552 -0.01931044 -0.00142519  0.00869149  0.00809673 -0.00599089] right_ee=[0.04399861 0.04399992]
step=656 env=0 left_arm=[-0.17901269  2.3022301   1.9964061  -1.0595253  -0.01730195 -0.14659898] left_ee=[0.03934591 0.03935234] right_arm=[ 0.00391446 -0.01966207 -0.00020787  0.00921733  0.0087801  -0.00615257] right_ee=[0.04399888 0.04399975]
step=657 env=0 left_arm=[-0.17438969  2.3131642   2.0085993  -1.062616   -0.01234366 -0.14297952] left_ee=[0.03858519 0.03862447] right_arm=[ 0.00414935 -0.02315691 -0.00242982  0.00967431  0.01029574 -0.00603206] right_ee=[0.04399925 0.04399986]
step=658 env=0 left_arm=[-0.17146876  2.3210716   2.0183015  -1.070847   -0.00742826 -0.14165317] left_ee=[0.03783203 0.03783803] right_arm=[ 0.00447798 -0.02035126 -0.00099595  0.00960077  0.01050262 -0.00526731] right_ee=[0.0439988  0.04399979]
step=659 env=0 left_arm=[-1.6909547e-01  2.3302882e+00  2.0298820e+00 -1.0755459e+00
 -1.1734804e-03 -1.3972330e-01] left_ee=[0.03692771 0.03693199] right_arm=[ 0.00477741 -0.01910389 -0.00106175  0.01052477  0.01083949 -0.00500329] right_ee=[0.04399939 0.04399958]
step=660 env=0 left_arm=[-0.16325349  2.335106    2.0343843  -1.0804975   0.00342892 -0.13785611] left_ee=[0.03596556 0.03601568] right_arm=[ 0.00499996 -0.01972766 -0.00091168  0.00945989  0.01156589 -0.00438588] right_ee=[0.04399979 0.04399955]
step=661 env=0 left_arm=[-0.16258058  2.3441582   2.0449011  -1.0873063   0.00749651 -0.13710375] left_ee=[0.03493273 0.03490395] right_arm=[ 0.00533374 -0.01942519 -0.00203018  0.01066467  0.01152613 -0.00398711] right_ee=[0.04399946 0.04399965]
step=662 env=0 left_arm=[-0.15825799  2.3483856   2.0474203  -1.0884442   0.01198782 -0.13298023] left_ee=[0.03368045 0.03371935] right_arm=[ 0.00496046 -0.02013093 -0.00069203  0.01052564  0.01256958 -0.0037343 ] right_ee=[0.04399899 0.04399893]
step=663 env=0 left_arm=[-0.15392654  2.3607416   2.0575795  -1.0924046   0.01793368 -0.13237154] left_ee=[0.03205248 0.03207361] right_arm=[ 4.9001416e-03 -1.9783663e-02  5.8689493e-05  1.0843007e-02
  1.2890860e-02 -2.9072182e-03] right_ee=[0.04399855 0.04399984]
step=664 env=0 left_arm=[-0.15535703  2.3782358   2.0748749  -1.0953652   0.02516109 -0.13613072] left_ee=[0.03025525 0.03020959] right_arm=[ 0.00501926 -0.01901851  0.00078073  0.01168206  0.0128079  -0.00235652] right_ee=[0.04399883 0.04399972]
step=665 env=0 left_arm=[-0.15206581  2.378536    2.078509   -1.1013974   0.03135065 -0.13076545] left_ee=[0.02844439 0.02848541] right_arm=[ 0.0048318  -0.01915555 -0.00020587  0.01175049  0.01260144 -0.00237486] right_ee=[0.04399951 0.04399948]
step=666 env=0 left_arm=[-0.1493624   2.382116    2.0822518  -1.1041007   0.0367765  -0.13002305] left_ee=[0.026785   0.02680061] right_arm=[ 0.00457563 -0.01888308 -0.00071034  0.0114709   0.01256907 -0.00179599] right_ee=[0.04399979 0.04399963]
step=667 env=0 left_arm=[-0.1454264   2.3861384   2.093389   -1.1157122   0.04582884 -0.1263029 ] left_ee=[0.02467707 0.0246976 ] right_arm=[ 4.8970277e-03 -1.5643826e-02  6.9985734e-05  1.2234194e-02
  1.1858477e-02 -1.7829111e-03] right_ee=[0.04399929 0.04399927]
step=668 env=0 left_arm=[-0.14222053  2.3935323   2.102266   -1.1191585   0.05296022 -0.1248933 ] left_ee=[0.02264402 0.02266029] right_arm=[ 0.00390478 -0.01485423  0.00196182  0.01259624  0.01160522 -0.00155026] right_ee=[0.04399918 0.04399836]
step=669 env=0 left_arm=[-0.13853502  2.3929849   2.1009774  -1.1185565   0.05926657 -0.12239535] left_ee=[0.02077983 0.02079857] right_arm=[ 0.0037044  -0.01612857  0.00195202  0.0119681   0.01178178 -0.00203051] right_ee=[0.04399883 0.04399987]
step=670 env=0 left_arm=[-0.13935882  2.3982286   2.1061828  -1.1212318   0.0655937  -0.12395403] left_ee=[0.01886421 0.01883297] right_arm=[ 0.00339314 -0.01595416  0.00236329  0.01161474  0.01185489 -0.00196811] right_ee=[0.0439992 0.0439998]
step=671 env=0 left_arm=[-0.139048    2.40261     2.114591   -1.1214612   0.07324406 -0.12510934] left_ee=[0.01685165 0.01685396] right_arm=[ 0.0028927  -0.01501406  0.00441095  0.01087783  0.01187077 -0.00175645] right_ee=[0.04399949 0.04399981]
step=672 env=0 left_arm=[-0.13767736  2.4015439   2.1145566  -1.1281065   0.07742015 -0.12405553] left_ee=[0.01536348 0.01538459] right_arm=[ 0.00283878 -0.01318505  0.00565655  0.01063363  0.01138255 -0.001791  ] right_ee=[0.04399912 0.04399975]
step=673 env=0 left_arm=[-0.13897794  2.4038541   2.1235082  -1.1279292   0.08711475 -0.12584192] left_ee=[0.013293   0.01326198] right_arm=[ 0.00193752 -0.01159432  0.00744545  0.01008963  0.0113447  -0.00137338] right_ee=[0.04399914 0.04399901]
step=674 env=0 left_arm=[-0.13584429  2.3971033   2.120502   -1.1397412   0.09311695 -0.12182997] left_ee=[0.01144643 0.01149582] right_arm=[ 0.00254003 -0.01166009  0.00775828  0.00944042  0.01073072 -0.00210179] right_ee=[0.04399815 0.04399905]
step=675 env=0 left_arm=[-0.1373147   2.4055889   2.124908   -1.1356456   0.10159749 -0.1263481 ] left_ee=[0.00957786 0.00955712] right_arm=[ 0.00134765 -0.00985075  0.01180504  0.00858459  0.01038663 -0.00173839] right_ee=[0.04399902 0.04399775]
step=676 env=0 left_arm=[-0.13889804  2.393783    2.1193848  -1.1442568   0.10966592 -0.12479282] left_ee=[0.00766047 0.00763322] right_arm=[ 0.00153775 -0.01014361  0.00959827  0.00894862  0.01038208 -0.00139079] right_ee=[0.04399829 0.04399965]
step=677 env=0 left_arm=[-0.13827121  2.4013865   2.1272998  -1.1413345   0.11135056 -0.1266998 ] left_ee=[0.00645371 0.00650004] right_arm=[ 0.00178119 -0.00940733  0.01109343  0.00784942  0.01020631 -0.00180014] right_ee=[0.04399902 0.04399952]
step=678 env=0 left_arm=[-0.13843694  2.3929875   2.1229956  -1.1516526   0.11937439 -0.12535547] left_ee=[0.00486668 0.00484586] right_arm=[ 0.00147518 -0.00624943  0.01307318  0.0062474   0.00978696 -0.00126595] right_ee=[0.04399983 0.04399923]
step=679 env=0 left_arm=[-0.13968225  2.3843966   2.1228144  -1.1585869   0.12650576 -0.12442543] left_ee=[0.00331639 0.0033012 ] right_arm=[ 0.00169425 -0.0052662   0.01291649  0.00540098  0.00954918 -0.00091329] right_ee=[0.04399964 0.04399965]
step=680 env=0 left_arm=[-0.1418287   2.387196    2.1231506  -1.1556921   0.13120618 -0.12805499] left_ee=[0.00210202 0.00210868] right_arm=[ 0.00116095 -0.00543324  0.01457251  0.00594871  0.00934832 -0.00075195] right_ee=[0.04399959 0.04399917]
step=681 env=0 left_arm=[-0.14150035  2.3819234   2.1215982  -1.1581873   0.138346   -0.12702031] left_ee=[0.00088523 0.00089259] right_arm=[ 0.00109086 -0.00426624  0.01610258  0.00529343  0.00908964 -0.00047889] right_ee=[0.04399932 0.04399985]
step=682 env=0 left_arm=[-0.14739144  2.380978    2.1236486  -1.1632684   0.14541821 -0.13041677] left_ee=[0. 0.] right_arm=[ 0.00140846 -0.0055579   0.01605768  0.0048963   0.00906997 -0.00054627] right_ee=[0.04399951 0.04399968]
step=683 env=0 left_arm=[-0.15087393  2.3780458   2.12357    -1.1649004   0.15265025 -0.13303779] left_ee=[0. 0.] right_arm=[ 0.00151066 -0.00544039  0.01766442  0.00492368  0.00867461 -0.00040322] right_ee=[0.04399989 0.04399963]
step=684 env=0 left_arm=[-0.15145698  2.3659847   2.1164787  -1.1714619   0.16037525 -0.13252953] left_ee=[0. 0.] right_arm=[ 0.00146525 -0.00446064  0.01886396  0.00533263  0.00878936 -0.00010924] right_ee=[0.04399989 0.04399943]
step=685 env=0 left_arm=[-0.15358096  2.363068    2.119335   -1.1771365   0.16547081 -0.1338353 ] left_ee=[0. 0.] right_arm=[ 0.00190473 -0.00667572  0.01986987  0.00478956  0.00864371 -0.00011795] right_ee=[0.04399957 0.0439995 ]
step=686 env=0 left_arm=[-0.15476649  2.355226    2.1150472  -1.1808041   0.17203942 -0.13399968] left_ee=[0. 0.] right_arm=[ 0.00209293 -0.00846125  0.02147742  0.00562766  0.00839724 -0.00014617] right_ee=[0.04399993 0.04399938]
step=687 env=0 left_arm=[-0.16026507  2.359296    2.1233928  -1.1820403   0.17263292 -0.13848172] left_ee=[0. 0.] right_arm=[ 0.00206726 -0.00914225  0.02122428  0.00570337  0.00823569 -0.00013369] right_ee=[0.044      0.04399946]
step=688 env=0 left_arm=[-0.16730413  2.3491035   2.1222668  -1.1895487   0.18242721 -0.14281908] left_ee=[0. 0.] right_arm=[ 0.00214627 -0.01008079  0.02206052  0.00538483  0.00824039  0.0004637 ] right_ee=[0.044      0.04399975]
step=689 env=0 left_arm=[-0.1663402   2.3443422   2.1210341  -1.1906153   0.18657708 -0.14316483] left_ee=[0. 0.] right_arm=[ 0.00222254 -0.00994221  0.02265066  0.00581431  0.00831994  0.00039822] right_ee=[0.044      0.04399989]
step=690 env=0 left_arm=[-0.17651522  2.3401856   2.1242988  -1.1969346   0.19408102 -0.14977767] left_ee=[0. 0.] right_arm=[ 0.00209945 -0.01177137  0.02306166  0.00611624  0.00807865  0.00057005] right_ee=[0.044      0.04399991]
step=691 env=0 left_arm=[-0.17923938  2.332104    2.1205566  -1.2022122   0.20081182 -0.15108871] left_ee=[0. 0.] right_arm=[ 0.00231649 -0.01225042  0.02330836  0.00635274  0.00846627  0.00056529] right_ee=[0.04399998 0.04399997]
step=692 env=0 left_arm=[-0.18462831  2.3279705   2.1222517  -1.2059492   0.20795909 -0.15535003] left_ee=[0. 0.] right_arm=[ 0.00234391 -0.0113859   0.02508661  0.00497318  0.00803748  0.00108845] right_ee=[0.04399985 0.04399973]
step=693 env=0 left_arm=[-0.18792269  2.3211572   2.1205716  -1.209974    0.21314816 -0.1579931 ] left_ee=[0. 0.] right_arm=[ 0.0024109  -0.01191419  0.02512687  0.00509492  0.00813685  0.00094811] right_ee=[0.04399993 0.0439996 ]
step=694 env=0 left_arm=[-0.19252282  2.3163757   2.122281   -1.2151685   0.21762195 -0.16089249] left_ee=[0. 0.] right_arm=[ 0.00261589 -0.01111664  0.02571288  0.00404675  0.00801352  0.00140788] right_ee=[0.04399979 0.04399974]
step=695 env=0 left_arm=[-0.19954091  2.3129296   2.1240485  -1.2179136   0.22453357 -0.16592301] left_ee=[0. 0.] right_arm=[ 0.00291319 -0.01165405  0.02542979  0.00431731  0.00808054  0.00147524] right_ee=[0.04399994 0.04399974]
step=696 env=0 left_arm=[-0.20331648  2.310474    2.1249819  -1.2198701   0.22690411 -0.16869897] left_ee=[0. 0.] right_arm=[ 0.00299679 -0.01136104  0.0253108   0.00419006  0.00805428  0.00165226] right_ee=[0.04399998 0.04399971]
step=697 env=0 left_arm=[-0.2098511   2.3058677   2.1253722  -1.2227615   0.23375161 -0.17408186] left_ee=[0. 0.] right_arm=[ 0.00326522 -0.01037862  0.02448644  0.00461894  0.00827693  0.00197991] right_ee=[0.04399997 0.04399988]
step=698 env=0 left_arm=[-0.21243829  2.3025665   2.1242318  -1.222951    0.23750107 -0.1762737 ] left_ee=[0. 0.] right_arm=[ 0.00348579 -0.01008679  0.0242832   0.00464411  0.0084314   0.00198298] right_ee=[0.04399998 0.04399989]
step=699 env=0 left_arm=[-0.21802661  2.2974796   2.1230733  -1.2246923   0.24257159 -0.18005653] left_ee=[0. 0.] right_arm=[ 0.00374331 -0.00933523  0.02369192  0.00478563  0.00818714  0.00234166] right_ee=[0.0439999  0.04399963]
step=700 env=0 left_arm=[-0.22079784  2.297636    2.1245215  -1.224054    0.24430367 -0.18298236] left_ee=[0. 0.] right_arm=[ 0.00388923 -0.00828706  0.02284838  0.00490318  0.00823769  0.00249342] right_ee=[0.04399995 0.04399953]
step=701 env=0 left_arm=[-0.20964459  2.419587    2.308668   -1.3895644   0.3222013  -0.13060452] left_ee=[6.1538753e-07 0.0000000e+00] right_arm=[0.00443851 0.00929199 0.01372031 0.00199439 0.00674098 0.00105769] right_ee=[0.0439996  0.04399854]
step=702 env=0 left_arm=[-0.21084702  2.437204    2.3675716  -1.4094898   0.33362105 -0.12601705] left_ee=[4.6856653e-07 0.0000000e+00] right_arm=[0.00459305 0.01154682 0.0131902  0.00213207 0.00658794 0.00064758] right_ee=[0.04399987 0.04399807]
step=703 env=0 left_arm=[-0.21231663  2.4368618   2.3783445  -1.4123838   0.33751008 -0.12744792] left_ee=[0. 0.] right_arm=[0.00458732 0.0120041  0.01124913 0.00171932 0.00714813 0.00080192] right_ee=[0.04399966 0.04399885]
step=704 env=0 left_arm=[-0.21540202  2.4324412   2.3759196  -1.4133358   0.34241462 -0.12773001] left_ee=[0. 0.] right_arm=[0.00401692 0.01099118 0.01142469 0.00223239 0.00733449 0.00054599] right_ee=[0.04399932 0.04399942]
step=705 env=0 left_arm=[-0.2195171   2.426384    2.3720083  -1.412705    0.34625942 -0.12998319] left_ee=[0. 0.] right_arm=[0.00367671 0.01111228 0.01016287 0.00269791 0.00758412 0.00073125] right_ee=[0.04399917 0.04399988]
step=706 env=0 left_arm=[-0.22320257  2.423703    2.3669267  -1.4136009   0.35188836 -0.12851949] left_ee=[0. 0.] right_arm=[0.00348696 0.00997971 0.01096767 0.0033448  0.00754929 0.00067872] right_ee=[0.04399915 0.04399984]
step=707 env=0 left_arm=[-0.22872101  2.4141147   2.3621705  -1.4136649   0.35886213 -0.13178512] left_ee=[0. 0.] right_arm=[0.00330837 0.00936248 0.0099011  0.00334186 0.00790482 0.00049833] right_ee=[0.04399955 0.04399977]
step=708 env=0 left_arm=[-0.23267378  2.4105473   2.3605917  -1.4179596   0.36655164 -0.13352074] left_ee=[0. 0.] right_arm=[0.00310854 0.00900861 0.0102727  0.00318542 0.007846   0.00031142] right_ee=[0.04399944 0.0439999 ]
step=709 env=0 left_arm=[-0.23543562  2.4073262   2.3574607  -1.4195942   0.37442458 -0.13427055] left_ee=[0. 0.] right_arm=[0.00321396 0.00913478 0.01009065 0.00289554 0.00739573 0.00051148] right_ee=[0.04399933 0.04399963]
step=710 env=0 left_arm=[-0.23787881  2.3999264   2.3482797  -1.4202516   0.38010073 -0.13452195] left_ee=[0. 0.] right_arm=[0.00269506 0.00929797 0.0102108  0.00322707 0.0074719  0.00040951] right_ee=[0.04399944 0.04399907]
step=711 env=0 left_arm=[-0.24193858  2.3929234   2.3423648  -1.4255446   0.38493586 -0.13668977] left_ee=[0. 0.] right_arm=[ 2.8493085e-03  8.2933540e-03  9.6429260e-03  2.8747721e-03
  7.6933200e-03 -3.7432751e-06] right_ee=[0.04399908 0.04399986]
step=712 env=0 left_arm=[-0.24483256  2.3869348   2.3378282  -1.4233177   0.39015666 -0.1388798 ] left_ee=[0. 0.] right_arm=[ 0.00269189  0.00820819  0.00932879  0.00309221  0.00780725 -0.00030898] right_ee=[0.04399959 0.04399961]
step=713 env=0 left_arm=[-0.25100133  2.38138     2.3327155  -1.424364    0.39791694 -0.14180255] left_ee=[0. 0.] right_arm=[2.7389852e-03 7.7749197e-03 8.9027295e-03 2.6399614e-03 7.7168979e-03
 4.6269844e-05] right_ee=[0.0439995  0.04399987]
step=714 env=0 left_arm=[-0.2587918   2.3744962   2.325235   -1.4236114   0.40659168 -0.14686725] left_ee=[0. 0.] right_arm=[ 2.4135171e-03  7.5743319e-03  9.8425308e-03  3.0565381e-03
  7.8926766e-03 -8.2515384e-05] right_ee=[0.04399957 0.04399954]
step=715 env=0 left_arm=[-0.26300997  2.3643858   2.3125668  -1.4252001   0.41201866 -0.14934665] left_ee=[0. 0.] right_arm=[ 0.00219031  0.00636885  0.01125963  0.00214649  0.00850179 -0.00052224] right_ee=[0.0439994  0.04399989]
step=716 env=0 left_arm=[-0.26942742  2.3617368   2.311714   -1.4261584   0.4197403  -0.1539599 ] left_ee=[0. 0.] right_arm=[ 0.00208067  0.00743266  0.01221892  0.00189013  0.00822678 -0.00023627] right_ee=[0.04399907 0.04399983]
step=717 env=0 left_arm=[-0.27575922  2.3546803   2.3054538  -1.4297676   0.42126903 -0.15533966] left_ee=[0. 0.] right_arm=[0.00246664 0.00804873 0.01275135 0.00040058 0.00834761 0.00019172] right_ee=[0.0439993  0.04399969]
step=718 env=0 left_arm=[-0.2838571   2.346506    2.2958953  -1.4278141   0.4284606  -0.16092016] left_ee=[0. 0.] right_arm=[ 2.1009340e-03  8.2202330e-03  1.3459052e-02 -4.4323851e-06
  8.4922332e-03 -3.6407859e-05] right_ee=[0.04399954 0.0439992 ]
step=719 env=0 left_arm=[-0.28898096  2.3404224   2.2893002  -1.4261904   0.434176   -0.16464202] left_ee=[0. 0.] right_arm=[ 0.00220792  0.00828973  0.01379746 -0.00059562  0.00861179 -0.00013962] right_ee=[0.04399925 0.04399987]
step=720 env=0 left_arm=[-0.29630724  2.3379538   2.2856686  -1.4242147   0.43911597 -0.16915458] left_ee=[0. 0.] right_arm=[ 1.8052718e-03  8.3055282e-03  1.5252579e-02 -1.5142794e-03
  8.7482613e-03  4.9373048e-06] right_ee=[0.04399952 0.04399949]
step=721 env=0 left_arm=[-0.308884    2.3302052   2.2807078  -1.4199287   0.4461238  -0.17734532] left_ee=[0. 0.] right_arm=[ 0.00201448  0.00919252  0.01620959 -0.00147953  0.00942493  0.00020725] right_ee=[0.04399928 0.04399997]
step=722 env=0 left_arm=[-0.31505263  2.3236735   2.2707064  -1.4194571   0.45122942 -0.17938146] left_ee=[0. 0.] right_arm=[ 0.00166736  0.01010164  0.01704757 -0.00236791  0.00923988  0.00045127] right_ee=[0.04399955 0.04399984]
step=723 env=0 left_arm=[-0.3286334   2.3206744   2.2690325  -1.4137816   0.45796493 -0.18895306] left_ee=[0. 0.] right_arm=[ 0.00207677  0.00991691  0.01688889 -0.00309883  0.00994147  0.00113892] right_ee=[0.04399941 0.04399995]
step=724 env=0 left_arm=[-0.32860863  2.313598    2.2599964  -1.4179826   0.4580015  -0.18695402] left_ee=[0. 0.] right_arm=[ 0.00240112  0.0092958   0.0173616  -0.00517506  0.00946365  0.00138471] right_ee=[0.04399936 0.04399942]
step=725 env=0 left_arm=[-0.34282744  2.306198    2.2468944  -1.4091703   0.4684928  -0.19640031] left_ee=[0. 0.] right_arm=[ 0.00221948  0.00974327  0.01801859 -0.00520871  0.00948015  0.00143127] right_ee=[0.04399976 0.04399898]
step=726 env=0 left_arm=[-0.35209608  2.2992694   2.2423766  -1.4116765   0.47267875 -0.20215374] left_ee=[0. 0.] right_arm=[ 0.00204979  0.01088663  0.01928183 -0.00561369  0.00973977  0.0022538 ] right_ee=[0.04399968 0.04399958]
step=727 env=0 left_arm=[-0.3522576   2.3011072   2.242254   -1.409801    0.47367823 -0.20118788] left_ee=[0. 0.] right_arm=[ 0.00243514  0.01182544  0.01893867 -0.00591216  0.00960037  0.00240873] right_ee=[0.04399925 0.04399955]
step=728 env=0 left_arm=[-0.36407292  2.2926016   2.2286775  -1.4055295   0.47976443 -0.209282  ] left_ee=[0. 0.] right_arm=[ 0.00239984  0.01403129  0.01940896 -0.00725864  0.00926956  0.00289743] right_ee=[0.04399988 0.04399931]
step=729 env=0 left_arm=[-0.36813208  2.2886715   2.2260833  -1.40424     0.4792375  -0.21099274] left_ee=[0. 0.] right_arm=[ 0.00295065  0.01384639  0.01925469 -0.00831718  0.00955908  0.0032854 ] right_ee=[0.04399984 0.04399965]
step=730 env=0 left_arm=[-0.3766764   2.2878067   2.2145193  -1.3951337   0.48767978 -0.21849042] left_ee=[0. 0.] right_arm=[ 0.0024843   0.01537631  0.01941593 -0.00709335  0.00900753  0.00339756] right_ee=[0.04399987 0.04399934]
step=731 env=0 left_arm=[-0.38297525  2.2894719   2.2110474  -1.3866087   0.4895091  -0.22245798] left_ee=[0. 0.] right_arm=[ 0.00246572  0.01573549  0.01947087 -0.00661395  0.00888726  0.00370924] right_ee=[0.04399978 0.04399987]
step=732 env=0 left_arm=[-0.39095333  2.2883255   2.2049632  -1.3809155   0.49223253 -0.22672635] left_ee=[0. 0.] right_arm=[ 0.00225044  0.01632029  0.01926346 -0.0063972   0.0086569   0.00398174] right_ee=[0.04399992 0.04399978]
step=733 env=0 left_arm=[-0.3979431   2.2805045   2.1953337  -1.3786011   0.49723148 -0.23161265] left_ee=[0. 0.] right_arm=[ 0.00231442  0.01896822  0.02052226 -0.00669676  0.00859658  0.00432806] right_ee=[0.04399984 0.0439999 ]
step=734 env=0 left_arm=[-0.39877877  2.272105    2.1896567  -1.3828323   0.49894023 -0.23229416] left_ee=[0. 0.] right_arm=[ 0.00230862  0.02104567  0.02167886 -0.00666212  0.00890177  0.00448931] right_ee=[0.04399982 0.04399975]
step=735 env=0 left_arm=[-0.40289843  2.2708542   2.1853085  -1.3792154   0.49973345 -0.23438886] left_ee=[0. 0.] right_arm=[ 0.00242924  0.02137599  0.02213323 -0.00812327  0.00851614  0.00500041] right_ee=[0.04399957 0.04399968]
step=736 env=0 left_arm=[-0.40620038  2.2769845   2.1846926  -1.3680974   0.50146925 -0.23849575] left_ee=[0. 0.] right_arm=[ 0.00257113  0.02093264  0.0212064  -0.0072994   0.00851003  0.00459802] right_ee=[0.04399992 0.04399955]
step=737 env=0 left_arm=[-0.41090843  2.2746403   2.1804416  -1.3648494   0.50409263 -0.24103251] left_ee=[0. 0.] right_arm=[ 0.00255702  0.02252147  0.02190484 -0.00696098  0.00801864  0.00486615] right_ee=[0.04399996 0.04399973]
step=738 env=0 left_arm=[-0.41761532  2.2711658   2.174133   -1.3584329   0.5073706  -0.24567787] left_ee=[0. 0.] right_arm=[ 0.00244116  0.02395851  0.02198087 -0.0071576   0.007767    0.00530224] right_ee=[0.044     0.0439996]
step=739 env=0 left_arm=[-0.41970018  2.2699277   2.1730843  -1.3568347   0.5073369  -0.24774234] left_ee=[0. 0.] right_arm=[ 0.00251674  0.02315116  0.02170245 -0.00685732  0.00796718  0.00506086] right_ee=[0.04399994 0.04399984]
step=740 env=0 left_arm=[-0.42531377  2.2687118   2.1663206  -1.3505855   0.50938606 -0.25074562] left_ee=[0. 0.] right_arm=[ 0.00251568  0.02370724  0.02178482 -0.00657838  0.00768273  0.00557281] right_ee=[0.04399985 0.04399984]
step=741 env=0 left_arm=[-0.428117    2.2674484   2.163304   -1.3453512   0.51124877 -0.25411335] left_ee=[0. 0.] right_arm=[ 0.00255529  0.02453999  0.02177643 -0.00600416  0.00781924  0.00561715] right_ee=[0.04399994 0.04399977]
step=742 env=0 left_arm=[-0.43142956  2.265016    2.157339   -1.3399452   0.5118921  -0.25521177] left_ee=[0. 0.] right_arm=[ 0.00257497  0.02579957  0.02204948 -0.00627615  0.00754042  0.00591346] right_ee=[0.04399985 0.04399984]
step=743 env=0 left_arm=[-0.4342392   2.2640188   2.1549277  -1.3359373   0.5126252  -0.25819632] left_ee=[0. 0.] right_arm=[ 0.00271923  0.02644286  0.02249768 -0.00632807  0.00727213  0.0059142 ] right_ee=[0.04399995 0.04399969]
step=744 env=0 left_arm=[-0.43588784  2.2615643   2.1503992  -1.3308771   0.51352423 -0.25866958] left_ee=[0. 0.] right_arm=[ 0.0028342   0.02766149  0.02241391 -0.00634848  0.00716384  0.00630364] right_ee=[0.04399999 0.04399967]
step=745 env=0 left_arm=[-0.44002217  2.261869    2.1463714  -1.322791    0.51418793 -0.26070616] left_ee=[0. 0.] right_arm=[ 0.00298263  0.02803338  0.02235846 -0.00603959  0.0070648   0.00636048] right_ee=[0.04399999 0.04399979]
step=746 env=0 left_arm=[-0.44165263  2.2608893   2.1430829  -1.3176626   0.5142702  -0.26235628] left_ee=[0. 0.] right_arm=[ 0.00293486  0.0292346   0.0220651  -0.00622317  0.00700103  0.00662773] right_ee=[0.04399998 0.04399971]
step=747 env=0 left_arm=[-0.4444515   2.2606707   2.1404629  -1.3109908   0.51555014 -0.2647893 ] left_ee=[0. 0.] right_arm=[ 0.00311293  0.03079978  0.02157697 -0.0059228   0.00722947  0.00665771] right_ee=[0.04399997 0.04399993]
step=748 env=0 left_arm=[-0.4451713  2.2614796  2.139345  -1.3086579  0.5159316 -0.2659705] left_ee=[0. 0.] right_arm=[ 0.0031858   0.03053499  0.02164892 -0.00567395  0.00737147  0.00651763] right_ee=[0.04399996 0.04399994]
step=749 env=0 left_arm=[-0.44679293  2.2610483   2.1351888  -1.3023208   0.51693475 -0.2674629 ] left_ee=[0. 0.] right_arm=[ 0.00320495  0.03190891  0.0215917  -0.00550697  0.00731713  0.00683581] right_ee=[0.04399993 0.04399995]
step=750 env=0 left_arm=[-0.4474752   2.2602193   2.1346095  -1.2993054   0.51626146 -0.2677929 ] left_ee=[0. 0.] right_arm=[ 0.00334059  0.03255452  0.02146972 -0.00553886  0.00736731  0.00673436] right_ee=[0.04399992 0.0439999 ]
step=751 env=0 left_arm=[-0.46061134  2.2620704   2.1477275  -1.3499713   0.61409295 -0.2147089 ] left_ee=[0.0000000e+00 2.6256964e-06] right_arm=[ 8.5139079e-03  1.3255394e-02  3.2946322e-05 -8.3500938e-03
  1.0334234e-02  3.4745960e-03] right_ee=[0.04399824 0.04399676]
step=752 env=0 left_arm=[-0.46068466  2.2647507   2.151169   -1.3579202   0.6274943  -0.20989834] left_ee=[0. 0.] right_arm=[ 1.0048294e-02  1.1228150e-02 -9.1037822e-05 -9.5435046e-03
  1.0509781e-02  3.0920680e-03] right_ee=[0.04399951 0.04399597]
step=753 env=0 left_arm=[-0.46563402  2.2698183   2.1526003  -1.3499985   0.6307934  -0.21385856] left_ee=[0. 0.] right_arm=[ 0.00976211  0.01017697 -0.00160158 -0.00827471  0.01079162  0.00324764] right_ee=[0.04399952 0.04399671]
step=754 env=0 left_arm=[-0.4669719   2.2732663   2.150989   -1.3423746   0.6328125  -0.21876821] left_ee=[0. 0.] right_arm=[ 0.00996095  0.00811027 -0.00262182 -0.00815207  0.0104347   0.00303352] right_ee=[0.04399905 0.04399923]
step=755 env=0 left_arm=[-0.46952692  2.2750676   2.1410677  -1.3335854   0.63507766 -0.22435132] left_ee=[0. 0.] right_arm=[ 0.01002955  0.00820989 -0.00438654 -0.00601205  0.00946238  0.00265428] right_ee=[0.04399957 0.04399937]
step=756 env=0 left_arm=[-0.4717557   2.2820451   2.130991   -1.3274975   0.6314779  -0.22495979] left_ee=[0. 0.] right_arm=[ 0.00996728  0.01081252 -0.00105853 -0.00452133  0.00992952  0.00275987] right_ee=[0.04399967 0.04399894]
step=757 env=0 left_arm=[-0.47765827  2.291185    2.1351736  -1.3249185   0.63302636 -0.2343229 ] left_ee=[0. 0.] right_arm=[ 0.01146103  0.0119671  -0.00053175 -0.00304107  0.00899898  0.00265926] right_ee=[0.04399841 0.04399801]
step=758 env=0 left_arm=[-0.4790754   2.2935858   2.1236522  -1.3196794   0.6323409  -0.23805039] left_ee=[0. 0.] right_arm=[ 0.01054656  0.01078309  0.00169123 -0.00160677  0.00924939  0.00273321] right_ee=[0.04399894 0.04399638]
step=759 env=0 left_arm=[-0.48410434  2.3116682   2.1248703  -1.3124812   0.6332147  -0.24255684] left_ee=[0. 0.] right_arm=[0.01083127 0.01030435 0.00480196 0.00057036 0.00801462 0.00294961] right_ee=[0.04399785 0.043999  ]
step=760 env=0 left_arm=[-0.49180827  2.3125145   2.1229599  -1.3076428   0.62756145 -0.25018182] left_ee=[0.0004622  0.00033796] right_arm=[0.01082308 0.00644299 0.00855513 0.00060562 0.00799572 0.00408671] right_ee=[0.04399966 0.04399817]
step=761 env=0 left_arm=[-0.498107    2.3265045   2.125912   -1.3070021   0.6232858  -0.25567132] left_ee=[0.00188007 0.00194259] right_arm=[0.01145387 0.00531259 0.00931745 0.00348393 0.00747509 0.00180002] right_ee=[0.04399936 0.04399907]
step=762 env=0 left_arm=[-0.49711516  2.3254254   2.124614   -1.3054671   0.62187713 -0.2567739 ] left_ee=[0.00309011 0.00304975] right_arm=[0.01102089 0.00326162 0.01114549 0.00312696 0.00688456 0.00188918] right_ee=[0.0439998  0.04399846]
step=763 env=0 left_arm=[-0.50158733  2.3282104   2.120856   -1.2995464   0.6183695  -0.25999957] left_ee=[0.00497815 0.00498489] right_arm=[ 0.01101512 -0.00031536  0.01161392  0.00516182  0.00633717  0.00191387] right_ee=[0.04399965 0.0439996 ]
step=764 env=0 left_arm=[-0.50774074  2.3351185   2.1202092  -1.2942975   0.6103836  -0.2649848 ] left_ee=[0.00747419 0.00747132] right_arm=[ 0.01037425 -0.0032007   0.01381512  0.00675265  0.00570256  0.00049423] right_ee=[0.04399971 0.04399931]
step=765 env=0 left_arm=[-0.5152784   2.3433065   2.123092   -1.2890642   0.6039509  -0.26885256] left_ee=[0.01062822 0.01060752] right_arm=[ 0.01085845 -0.00574156  0.01523406  0.0080899   0.00478157  0.00040572] right_ee=[0.04399905 0.04399901]
step=766 env=0 left_arm=[-0.52050054  2.338502    2.1249452  -1.287218    0.5988476  -0.27881226] left_ee=[0.01333319 0.01325229] right_arm=[ 0.00959986 -0.00753713  0.01099943  0.00896932  0.00445968 -0.00061329] right_ee=[0.04399893 0.04399786]
step=767 env=0 left_arm=[-0.5150705   2.327807    2.1092281  -1.287054    0.5933258  -0.27094454] left_ee=[0.01557403 0.01566099] right_arm=[ 0.01030519 -0.00756922  0.02128563  0.00956065  0.00317653  0.0004403 ] right_ee=[0.0439977  0.04399857]
step=768 env=0 left_arm=[-0.51969826  2.335779    2.1141653  -1.2825639   0.58574414 -0.27944326] left_ee=[0.01860216 0.01858557] right_arm=[ 0.00975267 -0.00671004  0.01738884  0.01018637  0.00214365 -0.00164934] right_ee=[0.04399967 0.04399753]
step=769 env=0 left_arm=[-0.52393305  2.3198323   2.102269   -1.2691085   0.569236   -0.28174102] left_ee=[0.02251412 0.02240854] right_arm=[ 0.00944037 -0.01679502  0.02167645  0.0120547   0.00189579 -0.00038585] right_ee=[0.04399986 0.04399864]
step=770 env=0 left_arm=[-0.52649003  2.3190627   2.0959392  -1.2567106   0.55948013 -0.28364494] left_ee=[0.02524378 0.02529714] right_arm=[ 0.00925505 -0.01377455  0.01509512  0.01435105  0.00124694 -0.00246508] right_ee=[0.04399976 0.04399973]
step=771 env=0 left_arm=[-0.5203779  2.2756412  2.0578525 -1.2501243  0.5468302 -0.2726984] left_ee=[0.02847866 0.02837493] right_arm=[ 9.14486684e-03 -1.50240855e-02  1.92956701e-02  1.74463168e-02
 -7.35111171e-05  1.85307395e-03] right_ee=[0.044      0.04399937]
step=772 env=0 left_arm=[-0.5155727   2.2575104   2.0512836  -1.2451952   0.5339202  -0.28082654] left_ee=[0.03217212 0.03218017] right_arm=[ 9.2475154e-03 -1.5605519e-02  1.6873587e-02  1.7128929e-02
 -5.5460187e-05 -2.3475585e-03] right_ee=[0.044      0.04399923]
step=773 env=0 left_arm=[-0.50790447  2.223885    2.0176818  -1.2274534   0.5206322  -0.27856538] left_ee=[0.03527308 0.03525711] right_arm=[ 0.00853098 -0.01346224  0.02105024  0.01572309 -0.00076196 -0.0021949 ] right_ee=[0.04399971 0.0439993 ]
step=774 env=0 left_arm=[-0.5080019   2.2226343   2.026171   -1.2235173   0.51792276 -0.28245705] left_ee=[0.03739233 0.03735967] right_arm=[ 0.00877244 -0.01098683  0.0204967   0.01425453 -0.00132524 -0.00286543] right_ee=[0.04399923 0.04399943]
step=775 env=0 left_arm=[-0.4982207   2.1222494   1.9460416  -1.1853989   0.4918816  -0.27887937] left_ee=[0.0398326  0.03960429] right_arm=[ 9.743081e-03 -9.582608e-05  1.838465e-02  9.817567e-03 -3.959843e-04
 -8.606253e-04] right_ee=[0.0439996  0.04399958]
step=776 env=0 left_arm=[-0.49049914  2.106761    1.926815   -1.165855    0.47775638 -0.27792054] left_ee=[0.04136984 0.04154074] right_arm=[ 0.00777647  0.0034886   0.02329588  0.01117331  0.00037513 -0.00472626] right_ee=[0.04399752 0.0439983 ]
step=777 env=0 left_arm=[-0.49283162  2.128733    1.9356493  -1.1612756   0.4812149  -0.28204915] left_ee=[0.04246688 0.04248896] right_arm=[ 0.00926565  0.0057108   0.02564154  0.00755454 -0.00116026 -0.00436014] right_ee=[0.04399487 0.04399768]
step=778 env=0 left_arm=[-0.45224923  1.9784322   1.8218067  -1.0748643   0.43984035 -0.27591118] left_ee=[0.04319376 0.04300792] right_arm=[ 0.00721096  0.00856384  0.02441534  0.00452219 -0.00556236 -0.00747414] right_ee=[0.0439386 0.0439349]
step=779 env=0 left_arm=[-0.43813413  1.8759397   1.744772   -1.0547941   0.43075183 -0.26668692] left_ee=[0.04353132 0.04344556] right_arm=[ 0.0072178   0.02236773  0.02752233 -0.00282832 -0.00634829 -0.00544941] right_ee=[0.0439614  0.04395959]
step=780 env=0 left_arm=[-0.43845433  1.8736178   1.7491021  -1.0363255   0.42132488 -0.26468894] left_ee=[0.04370666 0.04370696] right_arm=[ 0.00641689  0.02146213  0.02037682  0.00269157 -0.00619455 -0.00747804] right_ee=[0.0439672  0.04396461]
step=781 env=0 left_arm=[-0.4127665   1.7764974   1.6737539  -0.99409044  0.40444028 -0.25595546] left_ee=[0.04387907 0.04377639] right_arm=[ 0.00757102  0.02692663  0.02726859 -0.00169841 -0.0094341  -0.00566019] right_ee=[0.04397831 0.04398156]
step=782 env=0 left_arm=[-0.38586137  1.6596514   1.5629656  -0.91137505  0.3689139  -0.24668333] left_ee=[0.04392772 0.04389664] right_arm=[ 0.00657504  0.03620512  0.0298681  -0.00823116 -0.0091262  -0.00943242] right_ee=[0.0439845  0.04397846]
step=783 env=0 left_arm=[-0.3562614   1.5351473   1.4634717  -0.86074966  0.34621134 -0.23252468] left_ee=[0.044      0.04388979] right_arm=[ 0.00870451  0.05593539  0.04123982 -0.01539969 -0.01325789 -0.00671948] right_ee=[0.04389331 0.04389768]
step=784 env=0 left_arm=[-0.35178784  1.515346    1.4420493  -0.84274894  0.3365414  -0.22886555] left_ee=[0.0439533  0.04395837] right_arm=[ 0.00710884  0.05032703  0.04284458 -0.01760748 -0.01206574 -0.00932707] right_ee=[0.04386279 0.04385342]
step=785 env=0 left_arm=[-0.3273728   1.4220521   1.353773   -0.7907685   0.32228383 -0.22664861] left_ee=[0.04399741 0.04393929] right_arm=[ 0.00594353  0.07295024  0.0514682  -0.0214831  -0.01423481 -0.00869108] right_ee=[0.04379899 0.0437997 ]
step=786 env=0 left_arm=[-0.30514455  1.32593     1.2826724  -0.7481637   0.3041278  -0.20782678] left_ee=[0.044      0.04393256] right_arm=[ 0.0065606   0.07179221  0.06003139 -0.02649976 -0.0161597  -0.01104959] right_ee=[0.04377402 0.04377571]
step=787 env=0 left_arm=[-0.27572855  1.2184201   1.1847998  -0.67966366  0.27766395 -0.19507945] left_ee=[0.044      0.04392564] right_arm=[ 0.00547831  0.07836939  0.06640571 -0.03217153 -0.01658455 -0.01183807] right_ee=[0.04377308 0.0437695 ]
step=788 env=0 left_arm=[-0.2673132   1.1829062   1.1357993  -0.6426397   0.2676936  -0.20284763] left_ee=[0.04397776 0.04394935] right_arm=[ 0.00136619  0.09039415  0.08303787 -0.04476712 -0.01535945 -0.01800719] right_ee=[0.0436621  0.04365655]
step=789 env=0 left_arm=[-0.23138809  1.0231053   1.0074059  -0.5724829   0.23411323 -0.17504342] left_ee=[0.044      0.04392982] right_arm=[ 0.00321579  0.11026645  0.08521598 -0.04373621 -0.01610563 -0.01404334] right_ee=[0.04368974 0.0437011 ]
step=790 env=0 left_arm=[-0.2062364   0.9486013   0.94028676 -0.5283259   0.22422151 -0.16533811] left_ee=[0.04398739 0.04394682] right_arm=[ 0.00277176  0.11397497  0.09825061 -0.05419364 -0.01931525 -0.01579421] right_ee=[0.0436267  0.04362711]
step=791 env=0 left_arm=[-0.17501651  0.82248306  0.82889116 -0.45643365  0.19843507 -0.15114297] left_ee=[0.044      0.04394858] right_arm=[-0.00032523  0.13222267  0.11599626 -0.06434052 -0.02072535 -0.01819818] right_ee=[0.04355585 0.04355009]
step=792 env=0 left_arm=[-0.16369264  0.75045854  0.75163674 -0.4186103   0.18264635 -0.1415779 ] left_ee=[0.04399096 0.04395415] right_arm=[-1.2385915e-04  1.5870787e-01  1.3965152e-01 -8.1208982e-02
 -2.1277687e-02 -2.0089941e-02] right_ee=[0.04344976 0.04345225]
step=793 env=0 left_arm=[-0.13082829  0.65247524  0.6627785  -0.35534632  0.16441487 -0.1277382 ] left_ee=[0.044      0.04395428] right_arm=[-0.00251593  0.16645664  0.15748625 -0.09299943 -0.02194076 -0.02301493] right_ee=[0.04340407 0.04340138]
step=794 env=0 left_arm=[-0.11644038  0.6031601   0.61647314 -0.33231506  0.15393366 -0.11792516] left_ee=[0.04399914 0.04395091] right_arm=[-0.00219145  0.1715322   0.162553   -0.09539172 -0.02233289 -0.02326994] right_ee=[0.04335529 0.04335968]
step=795 env=0 left_arm=[-0.09607736  0.53582764  0.5580405  -0.29640466  0.14373273 -0.10543165] left_ee=[0.044      0.04397344] right_arm=[-0.00232746  0.17587163  0.17648031 -0.10228051 -0.02379647 -0.02457041] right_ee=[0.04327432 0.04327471]
step=796 env=0 left_arm=[-0.08228401  0.47306865  0.5020671  -0.26384014  0.13494241 -0.09786666] left_ee=[0.04399991 0.0439753 ] right_arm=[-0.00276648  0.18851846  0.19066052 -0.11105505 -0.02380131 -0.02634584] right_ee=[0.04321567 0.0432141 ]
step=797 env=0 left_arm=[-0.07403088  0.4504868   0.48055276 -0.24877146  0.13131589 -0.09417392] left_ee=[0.044      0.04397687] right_arm=[-0.00363043  0.19339693  0.19456136 -0.11247569 -0.02429724 -0.02706878] right_ee=[0.04319381 0.04319392]
step=798 env=0 left_arm=[-0.06549934  0.42366305  0.45697364 -0.23612034  0.12571162 -0.08924685] left_ee=[0.04399983 0.04398833] right_arm=[-0.00397658  0.19984548  0.20231707 -0.11609654 -0.02517208 -0.02727369] right_ee=[0.04315915 0.04316007]
step=799 env=0 left_arm=[-0.06120441  0.4080442   0.44342828 -0.22665279  0.1238927  -0.08720163] left_ee=[0.04399994 0.04398626] right_arm=[-0.00427905  0.20261009  0.20628543 -0.11818338 -0.02586398 -0.02817845] right_ee=[0.04313537 0.0431357 ]
step=800 env=0 left_arm=[-0.05881788  0.40316334  0.43825337 -0.22393772  0.12286064 -0.08570287] left_ee=[0.04399962 0.04399128] right_arm=[-0.00452722  0.204596    0.20723735 -0.11850559 -0.02568948 -0.0289155 ] right_ee=[0.04312769 0.04312755]
