update step=0 qpos=[5.115576473709027e-13, -1.1561168578941706e-15, 1.7672687317415835e-17, 7.853411024860463e-16, -9.987140238074121e-13, 2.5006567996865847e-12, 1.0, 5.115578100012286e-13, -1.1561144226744473e-15, 1.7668519981489792e-17, 7.853378731729349e-16, -9.987125059243707e-13, 2.5006539807609363e-12, 1.0]
pred step=0 action=[[-0.02219802886247635, -0.1019432544708252, -0.0628538727760315, 0.018659889698028564, -0.02632129192352295, -0.06827685236930847, 1.0193912982940674, 0.029070943593978882, -0.08779633045196533, 0.012904167175292969, -0.013610183261334896, 0.008153349161148071, 0.04078960418701172, 0.9677256345748901]] left_gripper=1.0193912982940674 right_gripper=0.9677256345748901
update step=1 qpos=[-0.019525695592164993, -0.08888699859380722, -0.03613420948386192, 0.015827687457203865, -0.022959396243095398, -0.05957148224115372, 1.0, 0.02563602477312088, -0.07754972577095032, 0.011861286126077175, -0.011654208414256573, 0.007067357189953327, 0.03558659553527832, 0.9677256345748901]
pred step=1 action=[[-0.024208232760429382, -0.10310661792755127, -0.06174147129058838, 0.020253926515579224, -0.02979356050491333, -0.05923902988433838, 1.0262541770935059, 0.034281082451343536, -0.07539558410644531, 0.019391417503356934, -0.013590688817203045, 0.01171925663948059, 0.03932812809944153, 0.9739109873771667]] left_gripper=1.0262541770935059 right_gripper=0.9739109873771667
update step=2 qpos=[-0.023643858730793, -0.10116393119096756, -0.03603759780526161, 0.019673479720950127, -0.02892153337597847, -0.0592849925160408, 1.0, 0.03325923532247543, -0.07558362185955048, 0.01827685534954071, -0.01339197251945734, 0.011114852502942085, 0.03885269910097122, 0.9739109873771666]
pred step=2 action=[[-0.02461612969636917, -0.09970659017562866, -0.05916017293930054, 0.018165811896324158, -0.030716389417648315, -0.05436760187149048, 1.0326130390167236, 0.037853218615055084, -0.059429168701171875, 0.03420764207839966, -0.021066972985863686, 0.014970272779464722, 0.032308489084243774, 0.9812334775924683]] left_gripper=1.0326130390167236 right_gripper=0.9812334775924683
update step=3 qpos=[-0.0244965348392725, -0.10088162124156952, -0.036127910017967224, 0.018336446955800056, -0.030487382784485817, -0.05499458312988281, 1.0, 0.03730728477239609, -0.061354976147413254, 0.03235946595668793, -0.02005806751549244, 0.014473292976617813, 0.03314284235239029, 0.9812334775924683]
pred step=3 action=[[-0.026203744113445282, -0.09343379735946655, -0.05646514892578125, 0.014562398195266724, -0.0334814190864563, -0.04200813174247742, 1.0410763025283813, 0.05169181525707245, -0.009150207042694092, 0.06886225938796997, -0.038318779319524765, 0.019181877374649048, 0.013001501560211182, 0.9943407773971558]] left_gripper=1.0410763025283813 right_gripper=0.9943407773971558
update step=4 qpos=[-0.025996286422014236, -0.09510023891925812, -0.0361807681620121, 0.015003444626927376, -0.03309818357229233, -0.043663594871759415, 1.0, 0.0499940849840641, -0.015349009074270725, 0.06461778283119202, -0.035933513194322586, 0.018556175753474236, 0.015567989088594913, 0.9943407773971558]
pred step=4 action=[[-0.030401919037103653, -0.07251870632171631, -0.03976261615753174, 0.012883216142654419, -0.030480563640594482, -0.030554622411727905, 1.0464177131652832, 0.07764817774295807, 0.09075689315795898, 0.14270290732383728, -0.09689531475305557, 0.02240610122680664, -0.026789158582687378, 1.0174466371536255]] left_gripper=1.0464177131652832 right_gripper=1.0174466371536255
update step=5 qpos=[-0.02989047020673752, -0.07528680562973022, -0.036273177713155746, 0.013068814761936665, -0.03080110065639019, -0.0322246216237545, 1.0, 0.07439874112606049, 0.07819382101297379, 0.1335810273885727, -0.08900784701108932, 0.02186022885143757, -0.021392779424786568, 1.0]
pred step=5 action=[[-0.02916257455945015, -0.06706351041793823, -0.039274632930755615, 0.008208245038986206, -0.02958858013153076, -0.02434450387954712, 1.052893877029419, 0.10010766237974167, 0.1530478596687317, 0.2056610882282257, -0.1393706053495407, 0.03418514132499695, -0.056783467531204224, 1.0208169221878052]] left_gripper=1.052893877029419 right_gripper=1.0208169221878052
update step=6 qpos=[-0.029252123087644577, -0.0681353434920311, -0.036333031952381134, 0.008780933916568756, -0.029741989448666573, -0.02534843608736992, 1.0, 0.09707435965538025, 0.14420893788337708, 0.1972692608833313, -0.13281302154064178, 0.032570578157901764, -0.05227603018283844, 1.0]
pred step=6 action=[[-0.031985338777303696, -0.054997265338897705, -0.029453754425048828, 0.007243335247039795, -0.027317345142364502, -0.004340529441833496, 1.0643073320388794, 0.14199653267860413, 0.3170742988586426, 0.3403414487838745, -0.23129543662071228, 0.03905689716339111, -0.13062353432178497, 1.0702781677246094]] left_gripper=1.0643073320388794 right_gripper=1.0702781677246094
update step=7 qpos=[-0.03167162090539932, -0.056572236120700836, -0.030221525579690933, 0.007456021383404732, -0.027615662664175034, -0.00701803807169199, 1.0, 0.13672839105129242, 0.29665011167526245, 0.3238486647605896, -0.2183925360441208, 0.03813982009887695, -0.12064247578382492, 1.0]
pred step=7 action=[[-0.029498707503080368, -0.05694013833999634, -0.0376700758934021, -0.006365612149238586, -0.030923694372177124, 0.0004261434078216553, 1.0877373218536377, 0.1924433559179306, 0.5014881491661072, 0.4873737096786499, -0.33113330602645874, 0.06128823757171631, -0.20944079756736755, 1.094104290008545]] left_gripper=1.0877373218536377 right_gripper=1.094104290008545
update step=8 qpos=[-0.029748423025012016, -0.05661517754197121, -0.03641250357031822, -0.0049002403393387794, -0.030508410185575485, -0.0005220716120675206, 1.0, 0.18587349355220795, 0.46963703632354736, 0.4690377414226532, -0.31619909405708313, 0.05824754387140274, -0.19812920689582825, 1.0]
pred step=8 action=[[-0.039138760417699814, -0.027247905731201172, -0.01629626750946045, -0.002408549189567566, -0.03309011459350586, -0.0035779476165771484, 1.0865014791488647, 0.23801693320274353, 0.6382573843002319, 0.6212465167045593, -0.4172258973121643, 0.04696664214134216, -0.2829052209854126, 1.123516321182251]] left_gripper=1.0865014791488647 right_gripper=1.123516321182251
update step=9 qpos=[-0.03802952170372009, -0.030798159539699554, -0.018499678000807762, -0.0026554318610578775, -0.032745346426963806, -0.0031870785169303417, 1.0, 0.2319682538509369, 0.6185598969459534, 0.6037863492965698, -0.4038330018520355, 0.048275768756866455, -0.2721101939678192, 1.0]
pred step=9 action=[[-0.03787485882639885, -0.03360891342163086, -0.03549480438232422, 0.0010613799095153809, -0.03536471724510193, 0.0007431209087371826, 1.1009854078292847, 0.278788685798645, 0.7873244285583496, 0.7539897561073303, -0.49631547927856445, 0.0725170373916626, -0.3637346029281616, 1.1517531871795654]] left_gripper=1.1009854078292847 right_gripper=1.1517531871795654
update step=10 qpos=[-0.037889640778303146, -0.03317329287528992, -0.03374506160616875, 0.000480729213450104, -0.035033222287893295, 0.000241758199990727, 1.0, 0.2732911705970764, 0.7676993608474731, 0.7367735505104065, -0.4839487373828888, 0.06934230029582977, -0.3520628809928894, 1.0]
pred step=10 action=[[-0.04199271276593208, -0.014760911464691162, -0.012898683547973633, -0.008565351366996765, -0.02873477339744568, 0.023532629013061523, 1.1140248775482178, 0.35620325803756714, 1.0579179525375366, 0.9771133661270142, -0.6722245812416077, 0.08535051345825195, -0.5016962885856628, 1.1929240226745605]] left_gripper=1.1140248775482178 right_gripper=1.1929240226745605
update step=11 qpos=[-0.04152720049023628, -0.017035821452736855, -0.015122784301638603, -0.0073159500025212765, -0.02952003851532936, 0.020564239472150803, 1.0, 0.3465381860733032, 0.9548670053482056, 0.919392466545105, -0.6475129127502441, 0.08311943709850311, -0.48264992237091064, 1.0]
pred step=11 action=[[-0.04758353903889656, 0.005937159061431885, -0.01227104663848877, 0.0021912753582000732, -0.03465738892555237, 0.02783021330833435, 1.1115226745605469, 0.414387971162796, 1.2782409191131592, 1.1537795066833496, -0.7929397821426392, 0.09012436866760254, -0.6177340745925903, 1.2360599040985107]] left_gripper=1.1115226745605469 right_gripper=1.2360599040985107
update step=12 qpos=[-0.04686356708407402, 0.0032499413937330246, -0.012697438709437847, 0.0009455369436182082, -0.033993955701589584, 0.026905450969934464, 1.0, 0.4065423905849457, 1.1463024616241455, 1.1029516458511353, -0.7749452590942383, 0.08907268941402435, -0.6005433201789856, 1.0]
pred step=12 action=[[-0.045855533331632614, 0.012687742710113525, -0.010659873485565186, 0.0036881566047668457, -0.027163773775100708, 0.017750054597854614, 1.1210050582885742, 0.4480364918708801, 1.4238531589508057, 1.2919033765792847, -0.8776686191558838, 0.10348078608512878, -0.7041611671447754, 1.2377692461013794]] left_gripper=1.1210050582885742 right_gripper=1.2377692461013794
update step=13 qpos=[-0.045987579971551895, 0.011566299945116043, -0.010882386937737465, 0.0033423651475459337, -0.028030231595039368, 0.018918026238679886, 1.0, 0.4432448744773865, 1.332329511642456, 1.268686294555664, -0.8640829920768738, 0.10159038752317429, -0.6909597516059875, 1.0]
pred step=13 action=[[-0.046600341796875, 0.009997963905334473, 0.008614599704742432, 0.005115896463394165, -0.02349179983139038, 0.013567298650741577, 1.1102030277252197, 0.5114390850067139, 1.5930228233337402, 1.4322606325149536, -0.9866909980773926, 0.11047926545143127, -0.7608335018157959, 1.2410507202148438]] left_gripper=1.1102030277252197 right_gripper=1.2410507202148438
update step=14 qpos=[-0.046537358313798904, 0.010092170909047127, 0.006568940356373787, 0.005006994586437941, -0.024064380675554276, 0.014249266125261784, 1.0, 0.5036420226097107, 1.5161519050598145, 1.4141311645507812, -0.9705679416656494, 0.10925084352493286, -0.7519371509552002, 1.0]
pred step=14 action=[[-0.04980611801147461, 0.023613452911376953, -0.002720177173614502, -0.0016460716724395752, -0.01963302493095398, 0.011411845684051514, 1.0934889316558838, 0.5381381511688232, 1.743087649345398, 1.541959285736084, -1.0524547100067139, 0.10215133428573608, -0.8541440963745117, 1.2396187782287598]] left_gripper=1.0934889316558838 right_gripper=1.2396187782287598
update step=15 qpos=[-0.04943094402551651, 0.02214929461479187, -0.0019895723089575768, -0.0009333949419669807, -0.020186228677630424, 0.011774162761867046, 1.0, 0.5340652465820312, 1.6955949068069458, 1.5284935235977173, -1.0415793657302856, 0.10303694754838943, -0.8411152362823486, 1.0]
pred step=15 action=[[-0.05158822238445282, 0.03034031391143799, -0.011989772319793701, -0.007382810115814209, -0.019983947277069092, 0.005950242280960083, 1.1069881916046143, 0.5563713908195496, 1.8279080390930176, 1.5947120189666748, -1.0705286264419556, 0.10350298881530762, -0.8705929517745972, 1.245937466621399]] left_gripper=1.1069881916046143 right_gripper=1.245937466621399
update step=16 qpos=[-0.051335129886865616, 0.029400527477264404, -0.01088248286396265, -0.006612258031964302, -0.020005328580737114, 0.006692945491522551, 1.0, 0.5537065267562866, 1.8106374740600586, 1.5882039070129395, -1.0661827325820923, 0.10345107316970825, -0.8668304085731506, 1.0]
pred step=16 action=[[-0.05307503044605255, 0.028893768787384033, 0.007186472415924072, -0.01329975575208664, -0.015034079551696777, 0.00545501708984375, 1.112738013267517, 0.5910899043083191, 1.906706690788269, 1.6766810417175293, -1.1069673299789429, 0.09776633977890015, -0.8925615549087524, 1.2373521327972412]] left_gripper=1.112738013267517 right_gripper=1.2373521327972412
update step=17 qpos=[-0.052881669253110886, 0.028847213834524155, 0.005345572251826525, -0.012327330186963081, -0.015659060329198837, 0.005613017827272415, 1.0, 0.586868941783905, 1.8942314386367798, 1.666951298713684, -1.1012154817581177, 0.09846028685569763, -0.8892776370048523, 1.0]
pred step=17 action=[[-0.0525832325220108, 0.0336490273475647, -0.0021063685417175293, -0.008687324821949005, -0.012591421604156494, -0.010568320751190186, 1.077921748161316, 0.6369329690933228, 2.018641948699951, 1.752880573272705, -1.1641826629638672, 0.09496057033538818, -0.9420566558837891, 1.1635627746582031]] left_gripper=1.077921748161316 right_gripper=1.1635627746582031
update step=18 qpos=[-0.052622441202402115, 0.033159784972667694, -0.0014380511129274964, -0.00922984816133976, -0.012981194071471691, -0.008505180478096008, 1.0, 0.6310099959373474, 2.0029537677764893, 1.743298053741455, -1.1556034088134766, 0.0953802689909935, -0.9353240728378296, 1.0]
pred step=18 action=[[-0.051805902272462845, 0.05185931921005249, 9.709596633911133e-05, -0.007242411375045776, -0.00501742959022522, -0.006706595420837402, 1.0985227823257446, 0.6189311146736145, 2.0002198219299316, 1.7444336414337158, -1.1455378532409668, 0.09983831644058228, -0.9356002807617188, 1.1985960006713867]] left_gripper=1.0985227823257446 right_gripper=1.1985960006713867
update step=19 qpos=[-0.05191842094063759, 0.0496383011341095, -6.813822983531281e-05, -0.007500654086470604, -0.006025251932442188, -0.00693625770509243, 1.0, 0.6194555163383484, 1.9998862743377686, 1.7447725534439087, -1.1467349529266357, 0.0993558019399643, -0.9355592131614685, 1.0]
pred step=19 action=[[-0.04691583290696144, 0.024030983448028564, -0.006293535232543945, -0.0044838786125183105, -0.004939824342727661, -0.02206897735595703, 1.05660879611969, 0.6721681356430054, 2.098928451538086, 1.847994089126587, -1.236721396446228, 0.10707223415374756, -0.9924217462539673, 1.077221393585205]] left_gripper=1.05660879611969 right_gripper=1.077221393585205
update step=20 qpos=[-0.047502920031547546, 0.027040231972932816, -0.005473952740430832, -0.004839066416025162, -0.005088582634925842, -0.02014007978141308, 1.0, 0.6665846109390259, 2.0867936611175537, 1.8357139825820923, -1.2248427867889404, 0.10601356625556946, -0.9851740598678589, 1.0]
pred step=20 action=[[-0.04685613512992859, 0.025652587413787842, -0.00252377986907959, -0.013461343944072723, -0.0036350488662719727, -0.02051636576652527, 1.048000693321228, 0.6947454214096069, 2.161198616027832, 1.86570405960083, -1.2348662614822388, 0.09949159622192383, -0.988642692565918, 0.9955657720565796]] left_gripper=1.048000693321228 right_gripper=0.9955657720565796
update step=21 qpos=[-0.0469341017305851, 0.025824520736932755, -0.002909023081883788, -0.012367349117994308, -0.0038202721625566483, -0.020469123497605324, 1.0, 0.6908077001571655, 2.1513562202453613, 1.8627701997756958, -1.2332713603973389, 0.1003565564751625, -0.9881954789161682, 0.9955657720565796]
pred step=21 action=[[-0.049250658601522446, 0.024903535842895508, -0.013498485088348389, -0.01582479476928711, 0.0007880926132202148, -0.020274579524993896, 1.0481388568878174, 0.7191650867462158, 2.235084295272827, 1.927243947982788, -1.2513868808746338, 0.09797468781471252, -1.0264064073562622, 0.9293458461761475]] left_gripper=1.0481388568878174 right_gripper=0.9293458461761475
update step=22 qpos=[-0.048988379538059235, 0.02506965771317482, -0.012400434352457523, -0.01545128133147955, 0.00021037072292529047, -0.020298877730965614, 1.0, 0.7155383825302124, 2.2240920066833496, 1.9201380014419556, -1.2486426830291748, 0.09829150140285492, -1.021526575088501, 0.9293458461761475]
pred step=22 action=[[-0.04639444500207901, 0.02479863166809082, -0.017902731895446777, -0.01564010977745056, -0.0004208385944366455, -0.023226022720336914, 1.0402779579162598, 0.7232741117477417, 2.2753233909606934, 1.9477572441101074, -1.2654697895050049, 0.1063610315322876, -1.0401498079299927, 0.8645312786102295]] left_gripper=1.0402779579162598 right_gripper=0.8645312786102295
update step=23 qpos=[-0.046697549521923065, 0.02482433058321476, -0.017233818769454956, -0.015622944571077824, -0.0003462762397248298, -0.02285315841436386, 1.0, 0.7219155430793762, 2.268448829650879, 1.9448281526565552, -1.2631326913833618, 0.10536820441484451, -1.0377717018127441, 0.8645312786102295]
pred step=23 action=[[-0.044052500277757645, 0.032378554344177246, -0.022568345069885254, -0.0041706860065460205, 0.003870844841003418, -0.0267372727394104, 1.0335098505020142, 0.740402102470398, 2.2902944087982178, 1.9827699661254883, -1.2922602891921997, 0.11198839545249939, -1.0641318559646606, 0.7683810591697693]] left_gripper=1.0335098505020142 right_gripper=0.7683810591697693
update step=24 qpos=[-0.044370487332344055, 0.03147787228226662, -0.021922145038843155, -0.0056395321153104305, 0.0033319289796054363, -0.026242267340421677, 1.0, 0.7382252216339111, 2.287445068359375, 1.978227138519287, -1.2884466648101807, 0.11114040017127991, -1.060771107673645, 0.7683810591697692]
pred step=24 action=[[-0.04011410102248192, 0.011429011821746826, -0.027614057064056396, -0.004372432827949524, 0.003207981586456299, -0.026744574308395386, 1.0106158256530762, 0.7572901248931885, 2.365072727203369, 2.020350217819214, -1.3206819295883179, 0.10806402564048767, -1.0839625597000122, 0.6424582004547119]] left_gripper=1.0106158256530762 right_gripper=0.6424582004547119
update step=25 qpos=[-0.04061298817396164, 0.013790180906653404, -0.02688588760793209, -0.004514932632446289, 0.0032152014318853617, -0.026681197807192802, 1.0, 0.7547643184661865, 2.3548619747161865, 2.015735387802124, -1.3162951469421387, 0.10846895724534988, -1.0810017585754395, 0.6424582004547119]
pred step=25 action=[[-0.03781472146511078, 0.01953977346420288, -0.018709242343902588, -0.00025509297847747803, 0.005292147397994995, -0.027553051710128784, 1.0084658861160278, 0.7687696218490601, 2.3356430530548096, 2.0045456886291504, -1.3135342597961426, 0.11482644081115723, -1.065625548362732, 0.5588202476501465]] left_gripper=1.0084658861160278 right_gripper=0.5588202476501465
update step=26 qpos=[-0.03814636915922165, 0.01881960965692997, -0.01958269625902176, -0.0007565841660834849, 0.005023741628974676, -0.02744208462536335, 1.0, 0.766852855682373, 2.337880849838257, 2.005965232849121, -1.3139337301254272, 0.11402954906225204, -1.0675885677337646, 0.5588202476501465]
pred step=26 action=[[-0.04364205524325371, 0.0313342809677124, -0.024109363555908203, -0.00673830509185791, 0.008164823055267334, -0.02300804853439331, 1.0104511976242065, 0.7613098621368408, 2.3592071533203125, 2.00868558883667, -1.3024749755859375, 0.1039348840713501, -1.0860300064086914, 0.473324179649353]] left_gripper=1.0104511976242065 right_gripper=0.473324179649353
update step=27 qpos=[-0.043003715574741364, 0.029924467206001282, -0.023775259032845497, -0.006053209770470858, 0.007779303938150406, -0.023572653532028198, 1.0, 0.7617421746253967, 2.3565032482147217, 2.008530616760254, -1.3038290739059448, 0.10523691773414612, -1.0836734771728516, 0.473324179649353]
pred step=27 action=[[-0.03984873369336128, 0.018821537494659424, -0.027124762535095215, -0.01180693507194519, 0.008012622594833374, -0.021206408739089966, 1.0115735530853271, 0.765143632888794, 2.3805744647979736, 2.033957004547119, -1.3168280124664307, 0.10903817415237427, -1.0809165239334106, 0.4616841971874237]] left_gripper=1.0115735530853271 right_gripper=0.4616841971874237
update step=28 qpos=[-0.04022090882062912, 0.020123828202486038, -0.026679251343011856, -0.01106120366603136, 0.007977400906383991, -0.021508200094103813, 1.0, 0.764175295829773, 2.376065969467163, 2.0316357612609863, -1.3152966499328613, 0.1093662902712822, -1.0811609029769897, 0.4616841971874237]
pred step=28 action=[[-0.04094711318612099, 0.023455440998077393, -0.030498623847961426, -0.004871636629104614, 0.007869362831115723, -0.023079246282577515, 1.0047619342803955, 0.7729182243347168, 2.3755850791931152, 2.037968397140503, -1.3273258209228516, 0.11955869197845459, -1.0943695306777954, 0.4044535160064697]] left_gripper=1.0047619342803955 right_gripper=0.4044535160064697
update step=29 qpos=[-0.04086089879274368, 0.0230628103017807, -0.030058832839131355, -0.005672823637723923, 0.007884262129664421, -0.02287875860929489, 1.0, 0.7718748450279236, 2.375675916671753, 2.03712797164917, -1.3258147239685059, 0.11826054751873016, -1.0926856994628906, 0.4044535160064697]
pred step=29 action=[[-0.04307001456618309, 0.024747133255004883, -0.03183990716934204, -0.010664977133274078, 0.005543529987335205, -0.019213318824768066, 1.007496953010559, 0.7637732028961182, 2.3728113174438477, 2.026538133621216, -1.3193334341049194, 0.11641618609428406, -1.0847346782684326, 0.3660534918308258]] left_gripper=1.007496953010559 right_gripper=0.3660534918308258
update step=30 qpos=[-0.042806681245565414, 0.024560878053307533, -0.03166596591472626, -0.010045374743640423, 0.005844293162226677, -0.01968061923980713, 1.0, 0.7645564675331116, 2.373141050338745, 2.0278522968292236, -1.320180058479309, 0.11666582524776459, -1.0857492685317993, 0.3660534918308258]
pred step=30 action=[[-0.039852749556303024, 0.01922130584716797, -0.032966673374176025, 0.0011775493621826172, 0.008636057376861572, -0.02978360652923584, 1.0079240798950195, 0.7676790952682495, 2.373359441757202, 2.031193733215332, -1.3393968343734741, 0.12134739756584167, -1.0877659320831299, 0.3219134211540222]] left_gripper=1.0079240798950195 right_gripper=0.3219134211540222
update step=31 qpos=[-0.040203917771577835, 0.019818704575300217, -0.03270847350358963, -0.00021912729425821453, 0.008275986649096012, -0.028495486825704575, 1.0, 0.767483651638031, 2.373288869857788, 2.0307037830352783, -1.3370027542114258, 0.1207389160990715, -1.087510585784912, 0.3219134211540222]
pred step=31 action=[[-0.04208352044224739, 0.018619298934936523, -0.02763652801513672, -0.005383193492889404, 0.008109986782073975, -0.020029038190841675, 1.0016453266143799, 0.7623661756515503, 2.380019426345825, 2.041987895965576, -1.3391958475112915, 0.12074846029281616, -1.0960792303085327, 0.3042683005332947]] left_gripper=1.0016453266143799 right_gripper=0.3042683005332947
update step=32 qpos=[-0.041863568127155304, 0.018757715821266174, -0.028230024501681328, -0.004712163005024195, 0.008135897107422352, -0.021108750253915787, 1.0, 0.7628860473632812, 2.3792061805725098, 2.0406291484832764, -1.3388704061508179, 0.1207563504576683, -1.094984769821167, 0.3042683005332947]
pred step=32 action=[[-0.042164962738752365, 0.022931575775146484, -0.023995518684387207, -0.005802378058433533, 0.0081978440284729, -0.022899001836776733, 1.0013664960861206, 0.7688819169998169, 2.3766987323760986, 2.018514633178711, -1.3075648546218872, 0.10924717783927917, -1.0720590353012085, 0.2917628586292267]] left_gripper=1.0013664960861206 right_gripper=0.2917628586292267
update step=33 qpos=[-0.04212966933846474, 0.022436179220676422, -0.024497367441654205, -0.005658332724124193, 0.008190426044166088, -0.02267030067741871, 1.0, 0.7658037543296814, 2.372293710708618, 2.0233511924743652, -1.3124737739562988, 0.11265017837285995, -1.0748577117919922, 0.2917628586292267]
pred step=33 action=[[-0.03960805386304855, 0.020057260990142822, -0.02987617254257202, -0.0018845796585083008, 0.013443470001220703, -0.0204697847366333, 1.003827452659607, 0.7694476842880249, 2.382009983062744, 2.056391716003418, -1.3582152128219604, 0.13870897889137268, -1.111545205116272, 0.20848971605300903]] left_gripper=1.003827452659607 right_gripper=0.20848971605300903
update step=34 qpos=[-0.03991523012518883, 0.020360013470053673, -0.0292926374822855, -0.0023891059681773186, 0.01277464721351862, -0.020750394091010094, 1.0, 0.7689473628997803, 2.3808586597442627, 2.0521633625030518, -1.3524105548858643, 0.1354019194841385, -1.1068648099899292, 0.20848971605300903]
pred step=34 action=[[-0.03790285438299179, 0.010753035545349121, -0.024168431758880615, 0.0013429820537567139, 0.009578794240951538, -0.027493059635162354, 1.0096651315689087, 0.7804011106491089, 2.4159915447235107, 2.0934572219848633, -1.3840892314910889, 0.12619134783744812, -1.115138053894043, 0.22436806559562683]] left_gripper=1.0096651315689087 right_gripper=0.22436806559562683
update step=35 qpos=[-0.03813112899661064, 0.011838246136903763, -0.02462201565504074, 0.0009298538789153099, 0.009978262707591057, -0.02663363516330719, 1.0, 0.7790364027023315, 2.411485195159912, 2.0884883403778076, -1.3799340724945068, 0.12735962867736816, -1.114082932472229, 0.22436806559562683]
pred step=35 action=[[-0.03589507192373276, 0.0029144883155822754, -0.02677154541015625, -0.0005361735820770264, 0.009655475616455078, -0.028546541929244995, 1.0049567222595215, 0.7815009355545044, 2.4041483402252197, 2.079423427581787, -1.3745574951171875, 0.12615355849266052, -1.1154663562774658, 0.20134404301643372]] left_gripper=1.0049567222595215 right_gripper=0.20134404301643372
update step=36 qpos=[-0.03615608066320419, 0.0039972830563783646, -0.026587821543216705, -0.00036719307536259294, 0.009691180661320686, -0.028303274884819984, 1.0, 0.781094491481781, 2.4050073623657227, 2.080559492111206, -1.3752819299697876, 0.12633655965328217, -1.1152894496917725, 0.20134404301643372]
pred step=36 action=[[-0.03558754920959473, -0.004502594470977783, -0.03777807950973511, -0.00174635648727417, 0.010171681642532349, -0.0296688973903656, 0.9945862889289856, 0.7853293418884277, 2.418062686920166, 2.107239246368408, -1.40120530128479, 0.13935580849647522, -1.1459347009658813, 0.1746828258037567]] left_gripper=0.9945862889289856 right_gripper=0.1746828258037567
update step=37 qpos=[-0.03565482795238495, -0.00345316412858665, -0.03656892478466034, -0.0016209292225539684, 0.01010953914374113, -0.02949495054781437, 0.9945862889289855, 0.7847873568534851, 2.4164505004882812, 2.1039063930511475, -1.3978760242462158, 0.13770389556884766, -1.1420247554779053, 0.1746828258037567]
pred step=37 action=[[-0.03936957195401192, 0.01757127046585083, -0.027961134910583496, 0.005153089761734009, 0.01283678412437439, -0.027582556009292603, 1.0110007524490356, 0.784365177154541, 2.4163670539855957, 2.116753578186035, -1.412015676498413, 0.14159953594207764, -1.135407567024231, 0.1374598741531372]] left_gripper=1.0110007524490356 right_gripper=0.1374598741531372
update step=38 qpos=[-0.03893931210041046, 0.015035541728138924, -0.028873497620224953, 0.004322750493884087, 0.012499825097620487, -0.0278258565813303, 1.0, 0.7843513488769531, 2.4164583683013916, 2.11509370803833, -1.410222053527832, 0.14110811054706573, -1.1362535953521729, 0.1374598741531372]
pred step=38 action=[[-0.04054070636630058, 0.01534944772720337, -0.028710544109344482, -0.0035542845726013184, 0.011732220649719238, -0.024393200874328613, 1.0081367492675781, 0.7745599746704102, 2.417966365814209, 2.1227192878723145, -1.426247000694275, 0.14431703090667725, -1.1348283290863037, 0.09568935632705688]] left_gripper=1.0081367492675781 right_gripper=0.09568935632705688
update step=39 qpos=[-0.04035234823822975, 0.015343423001468182, -0.02880597673356533, -0.0025740209966897964, 0.01183309406042099, -0.02483065240085125, 1.0, 0.7757163047790527, 2.41780686378479, 2.1217048168182373, -1.424233078956604, 0.14391428232192993, -1.1350106000900269, 0.09568935632705688]
pred step=39 action=[[-0.03435341641306877, -0.005035817623138428, -0.035425007343292236, -0.004713684320449829, 0.007934600114822388, -0.026123046875, 0.9962623119354248, 0.7805566787719727, 2.417313575744629, 2.126741647720337, -1.4346083402633667, 0.1454983949661255, -1.1486986875534058, 0.0885043740272522]] left_gripper=0.9962623119354248 right_gripper=0.0885043740272522
update step=40 qpos=[-0.035049423575401306, -0.00261879526078701, -0.034633833914995193, -0.004438953939825296, 0.008415008895099163, -0.025958985090255737, 0.9962623119354248, 0.7801752090454102, 2.417400598526001, 2.1260626316070557, -1.4333105087280273, 0.14528217911720276, -1.1469539403915405, 0.08850437402725221]
pred step=40 action=[[-0.03624024614691734, 0.007843852043151855, -0.03097599744796753, -0.008853517472743988, 0.008626937866210938, -0.01947823166847229, 1.012140154838562, 0.7802587747573853, 2.4175491333007812, 2.1269547939300537, -1.426943063735962, 0.1509166955947876, -1.1246020793914795, 0.10226577520370483]] left_gripper=1.012140154838562 right_gripper=0.10226577520370483
update step=41 qpos=[-0.0361006073653698, 0.006604546681046486, -0.03142870217561722, -0.008297611027956009, 0.00860281940549612, -0.020304447039961815, 1.0, 0.7801347374916077, 2.4175658226013184, 2.126871109008789, -1.4277241230010986, 0.15021032094955444, -1.1274534463882446, 0.10226577520370483]
pred step=41 action=[[-0.03734436631202698, 0.009229481220245361, -0.029714584350585938, -0.0021103620529174805, 0.012544691562652588, -0.024955928325653076, 1.0097663402557373, 0.7818706035614014, 2.425980567932129, 2.159398317337036, -1.4638780355453491, 0.1450250744819641, -1.1403582096099854, 0.05643206834793091]] left_gripper=1.0097663402557373 right_gripper=0.05643206834793091
update step=42 qpos=[-0.03720621392130852, 0.008899439126253128, -0.029860064387321472, -0.0028796035330742598, 0.012048562988638878, -0.024362165480852127, 1.0, 0.7816912531852722, 2.4250214099884033, 2.155254364013672, -1.4592705965042114, 0.14567998051643372, -1.1387115716934204, 0.05643206834793091]
pred step=42 action=[[-0.03341088816523552, 0.0005159378051757812, -0.02472245693206787, -0.0017840415239334106, 0.007175326347351074, -0.03942328691482544, 1.0075932741165161, 0.7820620536804199, 2.4255173206329346, 2.17448091506958, -1.493247389793396, 0.14276275038719177, -1.1469794511795044, 0.06466400623321533]] left_gripper=1.0075932741165161 right_gripper=0.06466400623321533
update step=43 qpos=[-0.03384409844875336, 0.0014814421301707625, -0.02524588629603386, -0.0018820710247382522, 0.007782062981277704, -0.03750396892428398, 1.0, 0.7819800972938538, 2.4255573749542236, 2.171926975250244, -1.4889787435531616, 0.14313171803951263, -1.1459271907806396, 0.06466400623321533]
pred step=43 action=[[-0.03309780731797218, 0.005395114421844482, -0.019032776355743408, 0.0037558674812316895, 0.004202932119369507, -0.03352975845336914, 1.0195224285125732, 0.783374547958374, 2.4248228073120117, 2.204284429550171, -1.5350743532180786, 0.15969151258468628, -1.138129711151123, 0.03889256715774536]] left_gripper=1.0195224285125732 right_gripper=0.03889256715774536
update step=44 qpos=[-0.03317758068442345, 0.004917428828775883, -0.019734788686037064, 0.0030589797534048557, 0.004653790965676308, -0.03403746336698532, 1.0, 0.7831966876983643, 2.4251205921173096, 2.2000341415405273, -1.5292576551437378, 0.15758758783340454, -1.139127492904663, 0.03889256715774537]
pred step=44 action=[[-0.03070572018623352, 0.009895145893096924, -0.008097708225250244, -0.00019946694374084473, 0.002837926149368286, -0.03883761167526245, 1.01863694190979, 0.7859023809432983, 2.415468215942383, 2.195439100265503, -1.5168132781982422, 0.15089571475982666, -1.1165425777435303, 0.058700740337371826]] left_gripper=1.01863694190979 right_gripper=0.058700740337371826
update step=45 qpos=[-0.03099088743329048, 0.009285926818847656, -0.009421211667358875, 0.0002513341896701604, 0.003061524825170636, -0.03822578862309456, 1.0, 0.7855868935585022, 2.416839599609375, 2.1959714889526367, -1.518385410308838, 0.1517445594072342, -1.119423270225525, 0.058700740337371826]
pred step=45 action=[[-0.031820859760046005, 0.0014543533325195312, -0.013664662837982178, -0.005191490054130554, 0.0004915595054626465, -0.03571981191635132, 1.0122523307800293, 0.775649905204773, 2.416276216506958, 2.198812961578369, -1.5316938161849976, 0.1498318910598755, -1.1432615518569946, 0.04275166988372803]] left_gripper=1.0122523307800293 right_gripper=0.04275166988372803
update step=46 qpos=[-0.03171802684664726, 0.0024282631929963827, -0.013284300453960896, -0.004537362139672041, 0.000818063912447542, -0.03603966161608696, 1.0, 0.7767460346221924, 2.416358470916748, 2.19838809967041, -1.5300415754318237, 0.1500820368528366, -1.140219807624817, 0.04275166988372803]
pred step=46 action=[[-0.03374367952346802, -0.0009096264839172363, -0.015332996845245361, -0.007287129759788513, -0.004232615232467651, -0.04132044315338135, 1.0088214874267578, 0.7738945484161377, 2.402405261993408, 2.2219173908233643, -1.5766905546188354, 0.1454695761203766, -1.150818109512329, 0.014200210571289062]] left_gripper=1.0088214874267578 right_gripper=0.014200210571289062
update step=47 qpos=[-0.033494871109724045, -0.0005141135770827532, -0.015094070695340633, -0.006940704304724932, -0.00359091954305768, -0.04064715653657913, 1.0, 0.7744128108024597, 2.404411554336548, 2.218684434890747, -1.5708588361740112, 0.14603935182094574, -1.1494715213775635, 0.014200210571289054]
pred step=47 action=[[-0.03221655264496803, 0.0032767653465270996, -0.012147128582000732, -0.016494810581207275, -0.002638578414916992, -0.038393646478652954, 1.00857675075531, 0.779945969581604, 2.4096062183380127, 2.219484567642212, -1.5595128536224365, 0.14291194081306458, -1.1437160968780518, -0.010370254516601562]] left_gripper=1.00857675075531 right_gripper=-0.010370254516601562
update step=48 qpos=[-0.0323689803481102, 0.0028346246108412743, -0.012520214542746544, -0.01528357993811369, -0.0027616769075393677, -0.03868129104375839, 1.0, 0.7793336510658264, 2.4090185165405273, 2.2194361686706543, -1.5609040260314941, 0.14330507814884186, -1.1444497108459473, 0.0]
pred step=48 action=[[-0.03000713884830475, -0.004727423191070557, -0.007481575012207031, -0.01988977938890457, -0.009054958820343018, -0.039572715759277344, 1.00437593460083, 0.7679394483566284, 2.387416124343872, 2.196528196334839, -1.547540545463562, 0.12887832522392273, -1.1293398141860962, 0.011962890625]] left_gripper=1.00437593460083 right_gripper=0.011962890625
update step=49 qpos=[-0.03027099184691906, -0.00385709828697145, -0.008002595975995064, -0.019267527386546135, -0.008264431729912758, -0.03945957496762276, 1.0, 0.7691375613212585, 2.390181303024292, 2.1993093490600586, -1.549304485321045, 0.13072116672992706, -1.13126802444458, 0.011962890625000003]
pred step=49 action=[[-0.03017326071858406, -0.008134841918945312, -0.012603223323822021, -0.02999255806207657, -0.010700494050979614, -0.03726762533187866, 0.9986291527748108, 0.7663486003875732, 2.371325969696045, 2.193826913833618, -1.56969153881073, 0.12533694505691528, -1.1311355829238892, -0.007575869560241699]] left_gripper=0.9986291527748108 right_gripper=-0.007575869560241699
update step=50 qpos=[-0.030179394409060478, -0.0075740814208984375, -0.012211233377456665, -0.0286788921803236, -0.010393199510872364, -0.037547335028648376, 0.9986291527748108, 0.766880989074707, 2.3738534450531006, 2.1942617893218994, -1.5672229528427124, 0.1260025054216385, -1.1311553716659546, 0.0]
pred step=50 action=[[-0.00849190354347229, -0.013727903366088867, -0.013599216938018799, 0.016188666224479675, 0.009721875190734863, -0.0022014081478118896, 1.0241706371307373, 0.8335102796554565, 2.334537982940674, 2.096388816833496, -1.4746367931365967, 0.027804136276245117, -0.791830837726593, 0.10219031572341919]] left_gripper=1.0241706371307373 right_gripper=0.10219031572341919
update step=51 qpos=[-0.011084361933171749, -0.01311451755464077, -0.013102038763463497, 0.010579106397926807, 0.007140011992305517, -0.006708838045597076, 1.0, 0.8261715173721313, 2.3395402431488037, 2.108732223510742, -1.4864253997802734, 0.04019473120570183, -0.9385332465171814, 0.10219031572341919]
pred step=51 action=[[-0.011911317706108093, -0.004795551300048828, -0.009895682334899902, 0.01622052490711212, 0.00974997878074646, -0.00486484169960022, 1.0213671922683716, 0.822354793548584, 2.3275766372680664, 2.092104434967041, -1.4630060195922852, -9.953975677490234e-06, -0.7735103368759155, 0.09868311882019043]] left_gripper=1.0213671922683716 right_gripper=0.09868311882019043
update step=52 qpos=[-0.011816420592367649, -0.005757976323366165, -0.010344321839511395, 0.015487335622310638, 0.009422851726412773, -0.005097964778542519, 1.0, 0.8214470744132996, 2.329066038131714, 2.094233989715576, -1.4659514427185059, 0.005186213180422783, -0.7945660948753357, 0.09868311882019043]
pred step=52 action=[[-0.017574258148670197, 0.005044102668762207, 0.00609135627746582, 0.019991561770439148, 0.012818217277526855, 0.0031785666942596436, 1.0284531116485596, 0.8055166006088257, 2.3133444786071777, 2.071375608444214, -1.4316908121109009, -0.03264936804771423, -0.759389340877533, 0.12769925594329834]] left_gripper=1.0284531116485596 right_gripper=0.12769925594329834
update step=53 qpos=[-0.016906673088669777, 0.0037033664993941784, 0.004317678976804018, 0.01949433423578739, 0.012401942163705826, 0.002124232007190585, 1.0, 0.8075111508369446, 2.3154215812683105, 2.074228286743164, -1.436042070388794, -0.02784683182835579, -0.7638697028160095, 0.12769925594329834]
pred step=53 action=[[-0.014671474695205688, -0.0007087588310241699, 0.0011355876922607422, 0.02178281545639038, 0.008847534656524658, 0.0061127543449401855, 1.028781771659851, 0.7894687652587891, 2.2833428382873535, 2.034787654876709, -1.3577098846435547, -0.08004269003868103, -0.7278463244438171, 0.09087890386581421]] left_gripper=1.028781771659851 right_gripper=0.09087890386581421
update step=54 qpos=[-0.014928060583770275, -0.00014105676382314414, 0.0013970441650599241, 0.021456100046634674, 0.00929313525557518, 0.005604224279522896, 1.0, 0.7917712330818176, 2.2876222133636475, 2.0397605895996094, -1.367616891860962, -0.07341593503952026, -0.7324401140213013, 0.09087890386581421]
pred step=54 action=[[-0.012999765574932098, -0.00612640380859375, -0.013628482818603516, 0.03741787374019623, -0.004319041967391968, 0.0098763108253479, 1.0254907608032227, 0.7508052587509155, 2.2413010597229004, 1.9219281673431396, -1.1810534000396729, -0.18579412996768951, -0.6693966388702393, 0.08212089538574219]] left_gripper=1.0254907608032227 right_gripper=0.08212089538574219
update step=55 qpos=[-0.013198185712099075, -0.0053965323604643345, -0.011906259693205357, 0.03534544259309769, -0.002602191176265478, 0.009330807253718376, 1.0, 0.7557300329208374, 2.2472476959228516, 1.9367107152938843, -1.2063989639282227, -0.17150358855724335, -0.6774392127990723, 0.08212089538574219]
pred step=55 action=[[-0.013791114091873169, 0.006009459495544434, -0.02044999599456787, 0.04225802421569824, -0.0025158822536468506, 0.0029266178607940674, 1.0179941654205322, 0.7066675424575806, 2.1831088066101074, 1.8173491954803467, -1.002527117729187, -0.27920079231262207, -0.607964277267456, 0.06477665901184082]] left_gripper=1.0179941654205322 right_gripper=0.06477665901184082
update step=56 qpos=[-0.013719991780817509, 0.004674471449106932, -0.01948709227144718, 0.041339512914419174, -0.0025272872298955917, 0.0037433772813528776, 1.0, 0.712780237197876, 2.1912131309509277, 1.8317898511886597, -1.0341507196426392, -0.26552969217300415, -0.6168308258056641, 0.06477665901184082]
pred step=56 action=[[-0.020533017814159393, 0.019645214080810547, -0.0022133588790893555, 0.04016183316707611, 0.00689244270324707, 0.01125285029411316, 1.0292860269546509, 0.6862027645111084, 2.182697057723999, 1.7845005989074707, -0.9504042863845825, -0.3196623623371124, -0.5930590033531189, 0.08423328399658203]] left_gripper=1.0292860269546509 right_gripper=0.08423328399658203
update step=57 qpos=[-0.019754186272621155, 0.01779017224907875, -0.00403286749497056, 0.04040025547146797, 0.0057166158221662045, 0.010296367108821869, 1.0, 0.6899366974830627, 2.1837732791900635, 1.7905542850494385, -0.961014449596405, -0.3128141164779663, -0.5960928201675415, 0.08423328399658203]
pred step=57 action=[[-0.015904821455478668, 0.001854538917541504, -0.022431015968322754, 0.042634740471839905, 0.001831144094467163, -0.011541634798049927, 1.0246777534484863, 0.6506528854370117, 2.1129403114318848, 1.675668478012085, -0.7340383529663086, -0.43714791536331177, -0.5017579793930054, 0.05011624097824097]] left_gripper=1.0246777534484863 right_gripper=0.05011624097824097
update step=58 qpos=[-0.0163471270352602, 0.003833654336631298, -0.020491523668169975, 0.04225654900074005, 0.0023126432206481695, -0.008757679723203182, 1.0, 0.6553983092308044, 2.1217033863067627, 1.688881754875183, -0.7802198529243469, -0.4213813841342926, -0.5137972831726074, 0.05011624097824096]
pred step=58 action=[[-0.018490314483642578, 0.006850779056549072, -0.012966752052307129, 0.04745100438594818, 0.007134556770324707, -0.006911873817443848, 1.0242558717727661, 0.6104302406311035, 2.0604937076568604, 1.5631568431854248, -0.5253357887268066, -0.5321396589279175, -0.4499041438102722, 0.04719609022140503]] left_gripper=1.0242558717727661 right_gripper=0.04719609022140503
update step=59 qpos=[-0.018248477950692177, 0.006414039991796017, -0.01364993304014206, 0.046863023191690445, 0.0065293568186461926, -0.00714775500819087, 1.0, 0.6158760190010071, 2.067852258682251, 1.5776996612548828, -0.5941042304039001, -0.5181155204772949, -0.45805567502975464, 0.04719609022140502]
pred step=59 action=[[-0.011172749102115631, 0.0022490620613098145, -0.020399153232574463, 0.0424441397190094, -0.0027410686016082764, -0.01740846037864685, 1.0205824375152588, 0.5702270865440369, 1.992694616317749, 1.447317361831665, -0.31707149744033813, -0.6438735723495483, -0.39526432752609253, 0.03672081232070923]] left_gripper=1.0205824375152588 right_gripper=0.03672081232070923
update step=60 qpos=[-0.011983093805611134, 0.0028008385561406612, -0.019756322726607323, 0.042951133102178574, -0.0015845741145312786, -0.016101494431495667, 1.0, 0.575718879699707, 2.0014803409576416, 1.4625318050384521, -0.40676936507225037, -0.6279723048210144, -0.40327996015548706, 0.03672081232070924]
pred step=60 action=[[-0.011351920664310455, -0.004314601421356201, -0.020486950874328613, 0.0491383820772171, -0.008080065250396729, -0.016513317823410034, 1.0172678232192993, 0.539791464805603, 1.951706051826477, 1.3534257411956787, -0.15846796333789825, -0.7223585247993469, -0.3527710735797882, 0.022841691970825195]] left_gripper=1.0172678232192993 right_gripper=0.022841691970825195
update step=61 qpos=[-0.011411293409764767, -0.003511748742312193, -0.020290514454245567, 0.04838643968105316, -0.007261200342327356, -0.016461800783872604, 1.0, 0.544179379940033, 1.9576605558395386, 1.3659203052520752, -0.2216247022151947, -0.7104475498199463, -0.35921627283096313, 0.022841691970825202]
pred step=61 action=[[-0.00719086080789566, -0.008836507797241211, -0.02379465103149414, 0.047362327575683594, -0.0066931843757629395, -0.019060522317886353, 1.0157359838485718, 0.5044467449188232, 1.9043850898742676, 1.2548332214355469, 0.013022282160818577, -0.8163759708404541, -0.310771644115448, -0.0030241012573242188]] left_gripper=1.0157359838485718 right_gripper=-0.0030241012573242188
update step=62 qpos=[-0.0076869456097483635, -0.008186442777514458, -0.023434953764081, 0.04747428745031357, -0.006774321664124727, -0.018729619681835175, 1.0, 0.5090317726135254, 1.9106547832489014, 1.2675774097442627, -0.03862821310758591, -0.8030084371566772, -0.3169535994529724, 0.0]
pred step=62 action=[[-0.002946801483631134, -0.008804500102996826, -0.02357572317123413, 0.0420306921005249, -0.01159021258354187, -0.018690943717956543, 1.0109758377075195, 0.4736114740371704, 1.8456950187683105, 1.1691656112670898, 0.1622076779603958, -0.8904256224632263, -0.27038195729255676, 0.011129796504974365]] left_gripper=1.0109758377075195 right_gripper=0.011129796504974365
update step=63 qpos=[-0.0034925418440252542, -0.008725940249860287, -0.02357630245387554, 0.04271808639168739, -0.010991220362484455, -0.01869676634669304, 1.0, 0.4776897728443146, 1.8534834384918213, 1.1806437969207764, 0.13208292424678802, -0.8793981671333313, -0.2763373851776123, 0.011129796504974367]
pred step=63 action=[[-0.0003102719783782959, -0.021333754062652588, -0.024740517139434814, 0.035928964614868164, -0.012792497873306274, -0.021945565938949585, 1.0094960927963257, 0.44501399993896484, 1.7982008457183838, 1.0775928497314453, 0.3238466680049896, -0.9677903056144714, -0.22180967032909393, 0.012041270732879639]] left_gripper=1.0094960927963257 right_gripper=0.012041270732879639
update step=64 qpos=[-0.000678932701703161, -0.019841674715280533, -0.024593884125351906, 0.03680160641670227, -0.012572218663990498, -0.021531810984015465, 1.0, 0.4487072825431824, 1.8048652410507202, 1.0895527601242065, 0.2970477342605591, -0.9566550254821777, -0.22878414392471313, 0.012041270732879653]
pred step=64 action=[[-0.0003054961562156677, -0.013594210147857666, -0.014475822448730469, 0.035242125391960144, -0.00868082046508789, -0.017675280570983887, 1.0110461711883545, 0.43161940574645996, 1.7698876857757568, 1.0346095561981201, 0.3916560113430023, -0.9997646808624268, -0.22038835287094116, -0.003144681453704834]] left_gripper=1.0110461711883545 right_gripper=-0.003144681453704834
update step=65 qpos=[-0.00035722635220736265, -0.014367627911269665, -0.015590240247547626, 0.03548029437661171, -0.009173143655061722, -0.01816689968109131, 1.0, 0.43364188075065613, 1.7739657163619995, 1.041010856628418, 0.37955203652381897, -0.9943671226501465, -0.22147050499916077, 0.0]
pred step=65 action=[[0.00047457218170166016, -0.017264187335968018, -0.017274439334869385, 0.03327547013759613, -0.007425516843795776, -0.026714205741882324, 1.005091905593872, 0.4262092113494873, 1.7645660638809204, 1.015478491783142, 0.4370534121990204, -1.0240355730056763, -0.20373839139938354, -0.014768481254577637]] left_gripper=1.005091905593872 right_gripper=-0.014768481254577637
update step=66 qpos=[0.0003743997076526284, -0.016890166327357292, -0.0171551164239645, 0.03353176265954971, -0.007648890838027, -0.025624262169003487, 1.0, 0.4271147549152374, 1.765722632408142, 1.0184075832366943, 0.4296936094760895, -1.0203012228012085, -0.20600827038288116, 0.0]
pred step=66 action=[[0.00487634539604187, -0.033414244651794434, -0.027160048484802246, 0.030520066618919373, -0.028067171573638916, -0.027572065591812134, 0.9949530363082886, 0.3924608826637268, 1.71148681640625, 0.9218847751617432, 0.5923957228660583, -1.109652042388916, -0.15308159589767456, -0.020712673664093018]] left_gripper=0.9949530363082886 right_gripper=-0.020712673664093018
update step=67 qpos=[0.004390017129480839, -0.0314323715865612, -0.02603883668780327, 0.03087637387216091, -0.02549593523144722, -0.02732592448592186, 0.9949530363082886, 0.3961137533187866, 1.7173759937286377, 0.9333701133728027, 0.5716837048530579, -1.098427176475525, -0.1598580777645111, 0.0]
pred step=67 action=[[0.006549723446369171, -0.03902387619018555, -0.022316396236419678, 0.025005608797073364, -0.030458003282546997, -0.02763691544532776, 0.9984049797058105, 0.3904949724674225, 1.6877790689468384, 0.9053539037704468, 0.6021666526794434, -1.1075398921966553, -0.16003158688545227, -0.0258023738861084]] left_gripper=0.9984049797058105 right_gripper=-0.0258023738861084
update step=68 qpos=[0.00630756514146924, -0.03815671429038048, -0.022673994302749634, 0.025789132341742516, -0.02983691543340683, -0.02759791910648346, 0.9984049797058105, 0.39122411608695984, 1.6912463903427124, 0.908502995967865, 0.5982705950737, -1.1064561605453491, -0.1600135713815689, 0.0]
pred step=68 action=[[0.007838211953639984, -0.0446740984916687, -0.031289517879486084, 0.02734173834323883, -0.03162345290184021, -0.028866320848464966, 0.9902810454368591, 0.3786655366420746, 1.6774013042449951, 0.8738160133361816, 0.6680153608322144, -1.1434822082519531, -0.1373961865901947, -0.03694295883178711]] left_gripper=0.9902810454368591 right_gripper=-0.03694295883178711
update step=69 qpos=[0.0076626259833574295, -0.043863989412784576, -0.030374566093087196, 0.027101285755634308, -0.03140128403902054, -0.02870492823421955, 0.9902810454368591, 0.38004621863365173, 1.6790062189102173, 0.8777841925621033, 0.6591088175773621, -1.1388291120529175, -0.14029236137866974, 0.0]
pred step=69 action=[[0.0073462799191474915, -0.034591495990753174, -0.023665785789489746, 0.022799283266067505, -0.023952752351760864, -0.02627381682395935, 0.98866868019104, 0.3821573853492737, 1.6728230714797974, 0.8710372447967529, 0.6777021288871765, -1.1426421403884888, -0.12984870374202728, -0.02845555543899536]] left_gripper=0.98866868019104 right_gripper=-0.02845555543899536
update step=70 qpos=[0.007368177641183138, -0.0357167087495327, -0.024395141750574112, 0.023371877148747444, -0.024893347173929214, -0.026583269238471985, 0.9886686801910399, 0.38197603821754456, 1.67349374294281, 0.8718345761299133, 0.6753455996513367, -1.14218270778656, -0.1311836540699005, 0.0]
pred step=70 action=[[0.007368713617324829, -0.043338119983673096, -0.02618086338043213, 0.021116554737091064, -0.03376278281211853, -0.023336976766586304, 0.990119218826294, 0.37535977363586426, 1.6524765491485596, 0.8431090116500854, 0.7080131769180298, -1.1593759059906006, -0.11930166184902191, -0.015616536140441895]] left_gripper=0.990119218826294 right_gripper=-0.015616536140441895
update step=71 qpos=[0.0073862094432115555, -0.04242418333888054, -0.02599133737385273, 0.021398629993200302, -0.0326409675180912, -0.02375132404267788, 0.990119218826294, 0.37608465552330017, 1.654832363128662, 0.8464303016662598, 0.7038547396659851, -1.1572481393814087, -0.12082373350858688, 0.0]
pred step=71 action=[[0.0025916025042533875, -0.01729869842529297, -0.017420589923858643, 0.02385754883289337, -0.009493023157119751, -0.017922312021255493, 0.9873156547546387, 0.38144737482070923, 1.664198398590088, 0.8514024019241333, 0.7160673141479492, -1.1587061882019043, -0.11423708498477936, -0.037194788455963135]] left_gripper=0.9873156547546387 right_gripper=-0.037194788455963135
update step=72 qpos=[0.0031068725511431694, -0.020287634804844856, -0.018414709717035294, 0.023549778386950493, -0.012408898212015629, -0.018663296476006508, 0.9873156547546387, 0.3808816373348236, 1.6631814241409302, 0.8507906198501587, 0.7144994139671326, -1.1585134267807007, -0.11507786810398102, 0.0]
pred step=72 action=[[0.005269408226013184, -0.03180515766143799, -0.027230262756347656, 0.016570687294006348, -0.022065401077270508, -0.02987334132194519, 0.9863186478614807, 0.3788524866104126, 1.6545331478118896, 0.8421868085861206, 0.7278162837028503, -1.1721928119659424, -0.10496744513511658, -0.048082172870635986]] left_gripper=0.9863186478614807 right_gripper=-0.048082172870635986
update step=73 qpos=[0.005035415757447481, -0.030393820255994797, -0.02629821188747883, 0.017416317015886307, -0.02084902487695217, -0.028444653376936913, 0.9863186478614807, 0.379078209400177, 1.6554276943206787, 0.8432275652885437, 0.7261403203010559, -1.170478343963623, -0.10626036673784256, 0.0]
pred step=73 action=[[0.00510743260383606, -0.027001678943634033, -0.019867241382598877, 0.014545068144798279, -0.017266929149627686, -0.023441970348358154, 0.9826830625534058, 0.3771074414253235, 1.6430487632751465, 0.8277641534805298, 0.7451825737953186, -1.1768275499343872, -0.10522864758968353, -0.044477880001068115]] left_gripper=0.9826830625534058 right_gripper=-0.044477880001068115
update step=74 qpos=[0.005091555882245302, -0.027443744242191315, -0.02052578143775463, 0.014949885196983814, -0.017719963565468788, -0.02408011071383953, 0.9826830625534058, 0.37733718752861023, 1.6444557905197144, 0.8295370936393738, 0.7427602410316467, -1.1760571002960205, -0.1053636446595192, 0.0]
pred step=74 action=[[-0.00022853165864944458, -0.022837340831756592, -0.0183333158493042, 0.01611916720867157, -0.014654815196990967, -0.022384315729141235, 0.9837610125541687, 0.37990260124206543, 1.6278235912322998, 0.8189960718154907, 0.7494204640388489, -1.1744375228881836, -0.08997663855552673, -0.03976529836654663]] left_gripper=0.9837610125541687 right_gripper=-0.03976529836654663
update step=75 qpos=[0.0003896718262694776, -0.023376252502202988, -0.018611028790473938, 0.015966404229402542, -0.015031022019684315, -0.022599544376134872, 0.9837610125541687, 0.37964120507240295, 1.6297023296356201, 0.820222795009613, 0.7485857009887695, -1.174679160118103, -0.09194230288267136, 0.0]
pred step=75 action=[[0.0016451328992843628, -0.014308273792266846, -0.01307767629623413, 0.014571577310562134, -0.006133139133453369, -0.015347808599472046, 0.9803820848464966, 0.38065457344055176, 1.624847412109375, 0.8200982809066772, 0.751186192035675, -1.1674970388412476, -0.09358447790145874, -0.04334825277328491]] left_gripper=0.9803820848464966 right_gripper=-0.04334825277328491
update step=76 qpos=[0.0014775790041312575, -0.015388459898531437, -0.013717110268771648, 0.014758247882127762, -0.007259076926857233, -0.016271816566586494, 0.9803820848464966, 0.3805255591869354, 1.6254764795303345, 0.8200721740722656, 0.7508493065834045, -1.1684114933013916, -0.09337420016527176, 0.0]
pred step=76 action=[[0.0001967698335647583, -0.008825600147247314, -0.010598540306091309, 0.010038122534751892, -0.002404242753982544, -0.013675987720489502, 0.9812562465667725, 0.37587106227874756, 1.6150472164154053, 0.8058471083641052, 0.7694100141525269, -1.1752523183822632, -0.07963085174560547, -0.03946709632873535]] left_gripper=0.9812562465667725 right_gripper=-0.03946709632873535
update step=77 qpos=[0.00033696062746457756, -0.00959012657403946, -0.011000540107488632, 0.010630511678755283, -0.003014414105564356, -0.014006138779222965, 0.9812562465667725, 0.37638139724731445, 1.6162340641021729, 0.8074785470962524, 0.7670456171035767, -1.1744085550308228, -0.08138775080442429, 0.0]
pred step=77 action=[[-0.0021716728806495667, 0.0023204684257507324, -0.005376338958740234, 0.009140223264694214, 0.0037041902542114258, -0.008111387491226196, 0.9814237952232361, 0.377271443605423, 1.6101526021957397, 0.8005142211914062, 0.7685300707817078, -1.168182611465454, -0.08299067616462708, -0.040306925773620605]] left_gripper=0.9814237952232361 right_gripper=-0.040306925773620605
update step=78 qpos=[-0.0018919346621260047, 0.0009037613053806126, -0.006025752983987331, 0.009336993098258972, 0.0028610951267182827, -0.00886213406920433, 0.9814237952232361, 0.3771805167198181, 1.6108757257461548, 0.8012979626655579, 0.7683365345001221, -1.1689893007278442, -0.08278611302375793, 0.0]
pred step=78 action=[[-0.005548350512981415, 0.02523791790008545, 0.013690471649169922, 0.007850870490074158, 0.016880035400390625, 0.003004521131515503, 0.974913477897644, 0.383510559797287, 1.612786054611206, 0.812251091003418, 0.7622730135917664, -1.1620615720748901, -0.08936908841133118, -0.0461767315864563]] left_gripper=0.974913477897644 right_gripper=-0.0461767315864563
update step=79 qpos=[-0.005149947013705969, 0.02230933867394924, 0.011486058123409748, 0.008099962957203388, 0.015117324888706207, 0.0014930746983736753, 0.974913477897644, 0.3828158974647522, 1.6125627756118774, 0.8110087513923645, 0.7630590796470642, -1.1629314422607422, -0.08852817863225937, 0.0]
pred step=79 action=[[-0.019621964544057846, 0.11049771308898926, 0.05919179320335388, 0.0027149617671966553, 0.08570249378681183, 0.033601611852645874, 0.9756892919540405, 0.381200909614563, 1.60776948928833, 0.8070842027664185, 0.7560406923294067, -1.159706473350525, -0.0842386931180954, -0.037458181381225586]] left_gripper=0.9756892919540405 right_gripper=-0.037458181381225586
update step=80 qpos=[-0.018072938546538353, 0.10001226514577866, 0.05369668826460838, 0.0034788590855896473, 0.07681120187044144, 0.029513753950595856, 0.9756892919540405, 0.38135844469070435, 1.608385443687439, 0.8074910640716553, 0.7569194436073303, -1.1601195335388184, -0.08478530496358871, 0.0]
pred step=80 action=[[-0.019209176301956177, 0.10966432094573975, 0.055450499057769775, 0.002109348773956299, 0.0830894261598587, 0.0380072295665741, 0.974583625793457, 0.3806571364402771, 1.6046197414398193, 0.8056271076202393, 0.7654345631599426, -1.1549444198608398, -0.07869702577590942, -0.03924131393432617]] left_gripper=0.974583625793457 right_gripper=-0.03924131393432617
update step=81 qpos=[-0.019093507900834084, 0.10859648138284683, 0.055101726204156876, 0.0022390740923583508, 0.08230364322662354, 0.036926280707120895, 0.974583625793457, 0.3807286322116852, 1.605019450187683, 0.8058785796165466, 0.7643611431121826, -1.1556047201156616, -0.07947468012571335, 0.0]
pred step=81 action=[[-0.040288977324962616, 0.2269238829612732, 0.13602986931800842, -0.0010777264833450317, 0.160057932138443, 0.07824110984802246, 0.9702959060668945, 0.3854513168334961, 1.6005699634552002, 0.81303471326828, 0.7583420872688293, -1.1505653858184814, -0.08213301002979279, -0.029790043830871582]] left_gripper=0.9702959060668945 right_gripper=-0.029790043830871582
update step=82 qpos=[-0.0379694439470768, 0.21274077892303467, 0.12704379856586456, -0.0004001092165708542, 0.15026798844337463, 0.07297870516777039, 0.9702959060668945, 0.3849412798881531, 1.6010873317718506, 0.8122137784957886, 0.7591232061386108, -1.1512060165405273, -0.08179300278425217, 0.0]
pred step=82 action=[[-0.05934639647603035, 0.31743261218070984, 0.19526433944702148, -0.01106955111026764, 0.23047612607479095, 0.11648347973823547, 0.9628661870956421, 0.3818874955177307, 1.6077988147735596, 0.8140273690223694, 0.7516826391220093, -1.1512035131454468, -0.08777625858783722, -0.03945893049240112]] left_gripper=0.9628661870956421 right_gripper=-0.03945893049240112
update step=83 qpos=[-0.057015832513570786, 0.30512362718582153, 0.18732669949531555, -0.009598982520401478, 0.2203737199306488, 0.11094223707914352, 0.9628661870956421, 0.38219672441482544, 1.607169508934021, 0.813721239566803, 0.7525941729545593, -1.151186227798462, -0.0870107114315033, 0.0]
pred step=83 action=[[-0.07084344327449799, 0.3700276017189026, 0.22723999619483948, -0.019951917231082916, 0.261208713054657, 0.13497450947761536, 0.9707276821136475, 0.3837197721004486, 1.5993094444274902, 0.8012670278549194, 0.7516604661941528, -1.147678017616272, -0.07772365212440491, -0.025357723236083984]] left_gripper=0.9707276821136475 right_gripper=-0.025357723236083984
update step=84 qpos=[-0.06931260228157043, 0.3624712824821472, 0.22251558303833008, -0.018590746447443962, 0.25606903433799744, 0.1319134682416916, 0.9707276821136473, 0.3835741877555847, 1.6001474857330322, 0.8027404546737671, 0.7517825365066528, -1.1481506824493408, -0.07891004532575607, 0.0]
pred step=84 action=[[-0.1104157418012619, 0.5773724913597107, 0.3585355281829834, -0.01777883619070053, 0.4289643466472626, 0.20697227120399475, 0.9727202653884888, 0.37823620438575745, 1.6125941276550293, 0.8146101236343384, 0.7460577487945557, -1.1520663499832153, -0.07890495657920837, -0.02589273452758789]] left_gripper=0.9727202653884888 right_gripper=-0.02589273452758789
update step=85 qpos=[-0.10603392124176025, 0.5391965508460999, 0.3442295491695404, -0.01714346371591091, 0.4069998562335968, 0.19742067158222198, 0.9727202653884888, 0.37879058718681335, 1.6111819744110107, 0.813241720199585, 0.7467821836471558, -1.1515306234359741, -0.07890284806489944, 0.0]
pred step=85 action=[[-0.13523338735103607, 0.7017855644226074, 0.43594127893447876, -0.018619105219841003, 0.5197583436965942, 0.25540316104888916, 0.9720954895019531, 0.37838804721832275, 1.6108455657958984, 0.8158901333808899, 0.7547823190689087, -1.1435822248458862, -0.07407352328300476, -0.02276057004928589]] left_gripper=0.9720954895019531 right_gripper=-0.02276057004928589
update step=86 qpos=[-0.13205166161060333, 0.68291175365448, 0.42552706599235535, -0.018199171870946884, 0.5054846405982971, 0.2480114847421646, 0.9720954895019531, 0.3784348666667938, 1.6108152866363525, 0.8156608939170837, 0.7537845969200134, -1.1445860862731934, -0.07469040900468826, 0.0]
pred step=86 action=[[-0.16061830520629883, 0.8195272088050842, 0.5073957443237305, -0.009645745158195496, 0.6113661527633667, 0.28783634305000305, 0.9817637205123901, 0.3816163241863251, 1.6203442811965942, 0.8110623359680176, 0.7555741667747498, -1.1435186862945557, -0.07061198353767395, -0.018233954906463623]] left_gripper=0.9817637205123901 right_gripper=-0.018233954906463623
update step=87 qpos=[-0.15749794244766235, 0.8036071062088013, 0.49829891324043274, -0.010466279461979866, 0.5979477167129517, 0.28275999426841736, 0.9817637205123902, 0.38127803802490234, 1.619367003440857, 0.8115107417106628, 0.7553030848503113, -1.1436525583267212, -0.0711316168308258, 0.0]
pred step=87 action=[[-0.1917600929737091, 0.9730208516120911, 0.5883378982543945, 0.010753706097602844, 0.7195996642112732, 0.3266691267490387, 0.9982260465621948, 0.3814047574996948, 1.6247326135635376, 0.7993696928024292, 0.7599307298660278, -1.1409265995025635, -0.05999097228050232, 0.005841314792633057]] left_gripper=0.9982260465621948 right_gripper=0.005841314792633057
update step=88 qpos=[-0.18799300491809845, 0.9533504247665405, 0.5784360766410828, 0.008363845758140087, 0.7041381001472473, 0.3210693597793579, 0.9982260465621948, 0.3813839554786682, 1.62406587600708, 0.8008121848106384, 0.759326696395874, -1.1412798166275024, -0.06141290068626404, 0.005841314792633061]
pred step=88 action=[[-0.21917834877967834, 1.1181666851043701, 0.6728838682174683, 0.007316291332244873, 0.8298190832138062, 0.3632398545742035, 1.0036722421646118, 0.37541767954826355, 1.6092419624328613, 0.7917954921722412, 0.7625219821929932, -1.1470654010772705, -0.05013832449913025, 0.001000821590423584]] left_gripper=1.0036722421646118 right_gripper=0.001000821590423584
update step=89 qpos=[-0.2157870978116989, 1.098960280418396, 0.6625317335128784, 0.007789578288793564, 0.8138203024864197, 0.35785922408103943, 1.0, 0.37606626749038696, 1.6107432842254639, 0.79296875, 0.7621630430221558, -1.1463513374328613, -0.051578592509031296, 0.001000821590423592]
pred step=89 action=[[-0.23336027562618256, 1.1982660293579102, 0.7131041288375854, 0.02113369107246399, 0.882664680480957, 0.3933315873146057, 1.007062315940857, 0.3729325532913208, 1.614393711090088, 0.7852023839950562, 0.769952118396759, -1.1450674533843994, -0.04850482940673828, 0.009525597095489502]] left_gripper=1.007062315940857 right_gripper=0.009525597095489502
update step=90 qpos=[-0.23146159946918488, 1.1866756677627563, 0.7076643705368042, 0.019643379375338554, 0.8738875985145569, 0.3888086974620819, 1.0, 0.37327340245246887, 1.614101529121399, 0.7860044240951538, 0.7689194083213806, -1.1452306509017944, -0.048896532505750656, 0.009525597095489504]
pred step=90 action=[[-0.2710608243942261, 1.3571960926055908, 0.8023653030395508, 0.04066917300224304, 0.9994072914123535, 0.4351200759410858, 1.0127339363098145, 0.37182241678237915, 1.6188242435455322, 0.7769023180007935, 0.7720777988433838, -1.1456780433654785, -0.03935730457305908, 0.018494248390197754]] left_gripper=1.0127339363098145 right_gripper=0.018494248390197754
update step=91 qpos=[-0.2666880786418915, 1.337281584739685, 0.7921252846717834, 0.03835635259747505, 0.9833697080612183, 0.4292127788066864, 1.0, 0.3719864785671234, 1.6182650327682495, 0.7779614329338074, 0.7716588377952576, -1.1456252336502075, -0.040574654936790466, 0.018494248390197757]
pred step=91 action=[[-0.279752254486084, 1.3995064496994019, 0.8312373161315918, 0.044576287269592285, 1.0360548496246338, 0.43641945719718933, 1.018288254737854, 0.36881035566329956, 1.6098401546478271, 0.7637819051742554, 0.7912432551383972, -1.1600881814956665, -0.0318945050239563, 0.010044991970062256]] left_gripper=1.018288254737854 right_gripper=0.010044991970062256
update step=92 qpos=[-0.2783479690551758, 1.3919236660003662, 0.8272240161895752, 0.043987173587083817, 1.029345154762268, 0.43550363183021545, 1.0, 0.36918455362319946, 1.6106398105621338, 0.7655056118965149, 0.7887791395187378, -1.1582825183868408, -0.03300611302256584, 0.010044991970062271]
pred step=92 action=[[-0.2913990914821625, 1.4580388069152832, 0.8599332571029663, 0.050775423645973206, 1.064527153968811, 0.47292566299438477, 1.002454400062561, 0.36969006061553955, 1.609382152557373, 0.7688754200935364, 0.7813107967376709, -1.1473050117492676, -0.03625229001045227, 0.03758370876312256]] left_gripper=1.002454400062561 right_gripper=0.03758370876312256
update step=93 qpos=[-0.28997495770454407, 1.4504008293151855, 0.8563095331192017, 0.05002215504646301, 1.060006856918335, 0.46815210580825806, 1.0, 0.3696172535419464, 1.609554409980774, 0.7684857249259949, 0.7822631001472473, -1.1486927270889282, -0.03583622723817825, 0.03758370876312254]
pred step=93 action=[[-0.30697137117385864, 1.4988524913787842, 0.8858565092086792, 0.05979965627193451, 1.095723032951355, 0.475998193025589, 0.9904122352600098, 0.3658672571182251, 1.6129074096679688, 0.758774995803833, 0.7950152158737183, -1.1535353660583496, -0.029920876026153564, 0.036806702613830566]] left_gripper=0.9904122352600098 right_gripper=0.036806702613830566
update step=94 qpos=[-0.30513420701026917, 1.4930509328842163, 0.8827223181724548, 0.058681681752204895, 1.0911657810211182, 0.4750008285045624, 0.9904122352600098, 0.3662784695625305, 1.6125714778900146, 0.7598496079444885, 0.7933645248413086, -1.1529239416122437, -0.030677011236548424, 0.03680670261383056]
pred step=94 action=[[-0.3196563720703125, 1.5650277137756348, 0.9185184240341187, 0.06989580392837524, 1.1459115743637085, 0.4981411397457123, 0.9962481260299683, 0.360988587141037, 1.60784912109375, 0.7480871677398682, 0.8147452473640442, -1.163470983505249, -0.020502746105194092, 0.04553335905075073]] left_gripper=0.9962481260299683 right_gripper=0.04553335905075073
update step=95 qpos=[-0.3180834650993347, 1.5566822290420532, 0.9145494699478149, 0.06857825070619583, 1.1388967037200928, 0.4951894283294678, 0.9962481260299683, 0.36158156394958496, 1.6082652807235718, 0.7495135068893433, 0.8120441436767578, -1.1621500253677368, -0.021804504096508026, 0.04553335905075074]
pred step=95 action=[[-0.3285177946090698, 1.585680603981018, 0.9292120933532715, 0.08402244746685028, 1.1592603921890259, 0.5080785751342773, 0.9692952632904053, 0.3624281883239746, 1.616771936416626, 0.7530561685562134, 0.8261439204216003, -1.1683664321899414, -0.015623927116394043, 0.05591535568237305]] left_gripper=0.9692952632904053 right_gripper=0.05591535568237305
update step=96 qpos=[-0.3273824155330658, 1.582037091255188, 0.9278361201286316, 0.08216079324483871, 1.156665563583374, 0.5064396858215332, 0.9692952632904052, 0.3623464107513428, 1.6157864332199097, 0.7526514530181885, 0.8243461847305298, -1.1675680875778198, -0.016413414850831032, 0.05591535568237306]
pred step=96 action=[[-0.3383157551288605, 1.6101047992706299, 0.941011905670166, 0.10099589824676514, 1.1850616931915283, 0.4997268319129944, 0.9452690482139587, 0.36029520630836487, 1.6091618537902832, 0.7470581531524658, 0.8417422771453857, -1.1812081336975098, -0.01145029067993164, 0.05831044912338257]] left_gripper=0.9452690482139587 right_gripper=0.05831044912338257
update step=97 qpos=[-0.33714085817337036, 1.606798768043518, 0.9396083950996399, 0.09864543378353119, 1.1814370155334473, 0.500586211681366, 0.9452690482139586, 0.3605407476425171, 1.6098142862319946, 0.7477551698684692, 0.8395567536354065, -1.1794952154159546, -0.012086964212357998, 0.05831044912338256]
pred step=97 action=[[-0.3481732904911041, 1.6272705793380737, 0.9479470252990723, 0.10421967506408691, 1.2029991149902344, 0.49971631169319153, 0.9326375126838684, 0.35616400837898254, 1.6060622930526733, 0.7367953062057495, 0.8559666275978088, -1.1837799549102783, 0.0008227527141571045, 0.06253939867019653]] left_gripper=0.9326375126838684 right_gripper=0.06253939867019653
update step=98 qpos=[-0.34698596596717834, 1.6248310804367065, 0.9470642805099487, 0.1035408228635788, 1.2002555131912231, 0.4998283088207245, 0.9326375126838684, 0.35664334893226624, 1.6065237522125244, 0.7380197644233704, 0.8538651466369629, -1.1832504272460938, -0.00082645274233073, 0.06253939867019655]
pred step=98 action=[[-0.3434072434902191, 1.6410181522369385, 0.953803300857544, 0.1111283153295517, 1.2057081460952759, 0.5132687091827393, 0.911491870880127, 0.351042777299881, 1.598541259765625, 0.7381911277770996, 0.8551416397094727, -1.18312406539917, -0.0012865066528320312, 0.08515048027038574]] left_gripper=0.911491870880127 right_gripper=0.08515048027038574
update step=99 qpos=[-0.3437417149543762, 1.639083981513977, 0.9531258940696716, 0.11020134389400482, 1.2049906253814697, 0.5115545392036438, 0.9114918708801268, 0.3516483008861542, 1.5993880033493042, 0.738226592540741, 0.8550078272819519, -1.183139443397522, -0.0012278013164177537, 0.08515048027038574]
pred step=99 action=[[-0.3522155284881592, 1.6464157104492188, 0.9571821689605713, 0.121161550283432, 1.214639663696289, 0.5061153173446655, 0.8881179094314575, 0.3484795093536377, 1.5934832096099854, 0.723491907119751, 0.8757640719413757, -1.1882808208465576, 0.0114479660987854, 0.08068281412124634]] left_gripper=0.8881179094314575 right_gripper=0.08068281412124634
update step=100 qpos=[-0.35134729743003845, 1.6454802751541138, 0.9568041563034058, 0.11979199945926666, 1.2134199142456055, 0.5068123936653137, 0.8881179094314575, 0.34884554147720337, 1.594197154045105, 0.7251363396644592, 0.873107373714447, -1.1876530647277832, 0.009827426634728909, 0.08068281412124634]
pred step=100 action=[[-0.4047842025756836, 1.6526501178741455, 1.0215802192687988, 0.15026995539665222, 1.2195688486099243, 0.5012052655220032, -0.09180748462677002, 0.3613334894180298, 1.6386725902557373, 0.7168673872947693, 0.9676220417022705, -1.2429008483886719, 0.03608962893486023, 0.31908196210861206]] left_gripper=-0.09180748462677002 right_gripper=0.31908196210861206
update step=101 qpos=[-0.39902132749557495, 1.65175461769104, 1.0143851041793823, 0.1465945988893509, 1.2187652587890625, 0.5019267201423645, 0.5720944616529676, 0.36005690693855286, 1.633540391921997, 0.7177547812461853, 0.9555329084396362, -1.2358956336975098, 0.03272692486643791, 0.31908196210861206]
pred step=101 action=[[-0.4008933901786804, 1.6580429077148438, 1.0347635746002197, 0.11945638060569763, 1.2102702856063843, 0.5261054039001465, -0.07845747470855713, 0.35956063866615295, 1.6355040073394775, 0.712736189365387, 0.9638435244560242, -1.2356727123260498, 0.03765380382537842, 0.32232698798179626]] left_gripper=-0.07845747470855713 right_gripper=0.32232698798179626
update step=102 qpos=[-0.40070825815200806, 1.657439947128296, 1.0316356420516968, 0.12267588078975677, 1.211888313293457, 0.5230302214622498, 0.4105076838974599, 0.35865065455436707, 1.6353859901428223, 0.7136262655258179, 0.9627903699874878, -1.2351372241973877, 0.03700048476457596, 0.32232698798179626]
pred step=102 action=[[-0.40192726254463196, 1.6480817794799805, 1.0229458808898926, 0.13400152325630188, 1.2224433422088623, 0.5115454792976379, -0.13262522220611572, 0.36175328493118286, 1.6583470106124878, 0.7215131521224976, 0.9750550389289856, -1.2557398080825806, 0.03403115272521973, 0.4388911724090576]] left_gripper=-0.13262522220611572 right_gripper=0.4388911724090576
update step=103 qpos=[-0.40260493755340576, 1.649573802947998, 1.02187180519104, 0.13179071247577667, 1.2221248149871826, 0.5131056308746338, 0.2565187736793801, 0.3589891791343689, 1.6551060676574707, 0.7222048044204712, 0.973788321018219, -1.2518346309661865, 0.03439266234636307, 0.4380537505572041]
pred step=103 action=[[-0.40030714869499207, 1.6435283422470093, 1.0212292671203613, 0.12596431374549866, 1.2232451438903809, 0.5136079788208008, -0.1711708903312683, 0.35999828577041626, 1.6708213090896606, 0.7247540950775146, 0.9723829030990601, -1.2612262964248657, 0.02962660789489746, 0.5470588207244873]] left_gripper=-0.1711708903312683 right_gripper=0.5470588207244873
update step=104 qpos=[-0.40199631452560425, 1.6448979377746582, 1.0185744762420654, 0.12573757767677307, 1.224393367767334, 0.5136376619338989, 0.1116905161490043, 0.35699665546417236, 1.6682296991348267, 0.7266879081726074, 0.9729442000389099, -1.258346438407898, 0.03023282065987587, 0.4167253447179165]
pred step=104 action=[[-0.3995009958744049, 1.6312315464019775, 1.008657693862915, 0.12824741005897522, 1.2272710800170898, 0.50071120262146, -0.18804454803466797, 0.35986465215682983, 1.6794652938842773, 0.730827271938324, 0.9707652926445007, -1.264976978302002, 0.022132515907287598, 0.6430217623710632]] left_gripper=-0.18804454803466797 right_gripper=0.6430217623710632
update step=105 qpos=[-0.39980384707450867, 1.6343412399291992, 1.0072743892669678, 0.12707707285881042, 1.227222204208374, 0.5024321675300598, 0.05081894929624266, 0.35777735710144043, 1.6764171123504639, 0.7323449850082397, 0.9716615676879883, -1.2634084224700928, 0.023139066994190216, 0.3936878239804948]
pred step=105 action=[[-0.394485205411911, 1.6152637004852295, 1.0031261444091797, 0.10480910539627075, 1.2127894163131714, 0.5165268778800964, -0.19796407222747803, 0.3552514910697937, 1.6639606952667236, 0.7271654605865479, 0.9492200016975403, -1.2528085708618164, 0.01730474829673767, 0.7518399357795715]] left_gripper=-0.19796407222747803 right_gripper=0.7518399357795715
update step=106 qpos=[-0.3960539400577545, 1.6174092292785645, 1.002779245376587, 0.10732053220272064, 1.2152519226074219, 0.5147550702095032, 0.0109753418955262, 0.35457754135131836, 1.6654142141342163, 0.7285826802253723, 0.9521840214729309, -1.253369927406311, 0.01803009957075119, 0.3875068637632972]
pred step=106 action=[[-0.3949529826641083, 1.6081011295318604, 0.9962866306304932, 0.1201753318309784, 1.2188708782196045, 0.5000448822975159, -0.19996416568756104, 0.3566758632659912, 1.6745818853378296, 0.7343050837516785, 0.9507109522819519, -1.258052110671997, 0.012387871742248535, 0.8222214579582214]] left_gripper=-0.19996416568756104 right_gripper=0.8222214579582214
update step=107 qpos=[-0.39256832003593445, 1.6108129024505615, 0.9967041611671448, 0.11855405569076538, 1.2169842720031738, 0.5019405484199524, 0.0, 0.35728123784065247, 1.6718783378601074, 0.7334902882575989, 0.9513102769851685, -1.258772850036621, 0.013065994717180729, 0.5231722316532224]
pred step=107 action=[[-0.3831750154495239, 1.5999325513839722, 1.0032716989517212, 0.08281800150871277, 1.2015138864517212, 0.5244956612586975, -0.1836821436882019, 0.34771865606307983, 1.658618450164795, 0.7306531667709351, 0.935883104801178, -1.250373125076294, 0.008738011121749878, 0.9128034114837646]] left_gripper=-0.1836821436882019 right_gripper=0.9128034114837646
update step=108 qpos=[-0.384162038564682, 1.6012237071990967, 1.0024179220199585, 0.08737130463123322, 1.2034780979156494, 0.5216125845909119, 0.0, 0.3487210273742676, 1.6600950956344604, 0.7310446500778198, 0.9378732442855835, -1.251436710357666, 0.00929195061326027, 0.6775610414368135]
pred step=108 action=[[-0.36789748072624207, 1.5920767784118652, 1.0071253776550293, 0.04025135934352875, 1.1867517232894897, 0.5505896806716919, -0.15712815523147583, 0.33927956223487854, 1.633059024810791, 0.7225762605667114, 0.9225389361381531, -1.2378733158111572, 0.012449532747268677, 0.9446477890014648]] left_gripper=-0.15712815523147583 right_gripper=0.9446477890014648
update step=109 qpos=[-0.3696259558200836, 1.5932360887527466, 1.006406307220459, 0.046230580657720566, 1.1888641119003296, 0.5468868613243103, 0.0, 0.3402961194515228, 1.6361403465270996, 0.7235952615737915, 0.9245261549949646, -1.2396128177642822, 0.01204795204102993, 0.8221722231970894]
pred step=109 action=[[-0.3555675446987152, 1.5883781909942627, 1.018241047859192, 0.0007515102624893188, 1.162331461906433, 0.5857921838760376, -0.15688174962997437, 0.33091819286346436, 1.6104555130004883, 0.7117568254470825, 0.9138520956039429, -1.2259355783462524, 0.01101723313331604, 0.9492864608764648]] left_gripper=-0.15688174962997437 right_gripper=0.9492864608764648
update step=110 qpos=[-0.35707613825798035, 1.5889836549758911, 1.0167573690414429, 0.006554881110787392, 1.1656849384307861, 0.5808227062225342, 0.0, 0.33192795515060425, 1.6134650707244873, 0.7130914330482483, 0.9152241349220276, -1.227693796157837, 0.011150024831295013, 0.9453932364781699]
pred step=110 action=[[-0.34148523211479187, 1.5698322057724, 1.0241659879684448, -0.03270881623029709, 1.141171932220459, 0.6105588674545288, -0.1297481656074524, 0.3197612762451172, 1.578636646270752, 0.6998363733291626, 0.8907763361930847, -1.2064005136489868, 0.010388582944869995, 1.005411982536316]] left_gripper=-0.1297481656074524 right_gripper=1.005411982536316
update step=111 qpos=[-0.34315237402915955, 1.5720468759536743, 1.0232244729995728, -0.027703696861863136, 1.1442841291427612, 0.6067615151405334, 0.0, 0.3210604786872864, 1.5826592445373535, 0.7013782858848572, 0.8939183354377747, -1.2091259956359863, 0.010488932952284813, 1.0]
pred step=111 action=[[-0.32754576206207275, 1.5701146125793457, 1.039025068283081, -0.059403710067272186, 1.1221845149993896, 0.6347212791442871, -0.11953860521316528, 0.3098055124282837, 1.5544390678405762, 0.6900463104248047, 0.8777759671211243, -1.1929540634155273, 0.013969957828521729, 1.028332233428955]] left_gripper=-0.11953860521316528 right_gripper=1.028332233428955
update step=112 qpos=[-0.32921338081359863, 1.5705246925354004, 1.0370066165924072, -0.055360861122608185, 1.1249572038650513, 0.6311488151550293, 0.0, 0.3110170066356659, 1.5577473640441895, 0.6913167238235474, 0.8798410892486572, -1.195023536682129, 0.01352863758802414, 1.0]
pred step=112 action=[[-0.32589179277420044, 1.564439058303833, 1.0412278175354004, -0.07049456238746643, 1.1181358098983765, 0.6450399160385132, -0.11024439334869385, 0.3057277202606201, 1.542125940322876, 0.6803141236305237, 0.8697863221168518, -1.1879210472106934, 0.014842301607131958, 1.0337225198745728]] left_gripper=-0.11024439334869385 right_gripper=1.0337225198745728
update step=113 qpos=[-0.32629793882369995, 1.565187692642212, 1.0406562089920044, -0.06857526302337646, 1.1190053224563599, 0.6432670950889587, 0.0, 0.30630895495414734, 1.5440170764923096, 0.6814973950386047, 0.8710511326789856, -1.1888407468795776, 0.014676757156848907, 1.0]
pred step=113 action=[[-0.31582409143447876, 1.5772655010223389, 1.0642141103744507, -0.08065328747034073, 1.1195547580718994, 0.6632152795791626, -0.10297173261642456, 0.30040788650512695, 1.5400190353393555, 0.6748315095901489, 0.8810425996780396, -1.1942535638809204, 0.0189686119556427, 1.037290096282959]] left_gripper=-0.10297173261642456 right_gripper=1.037290096282959
update step=114 qpos=[-0.3169284760951996, 1.575943112373352, 1.0614399909973145, -0.07905647158622742, 1.1194441318511963, 0.6606663465499878, 0.0, 0.30106207728385925, 1.540475606918335, 0.6755836606025696, 0.8797693848609924, -1.1935726404190063, 0.018419478088617325, 1.0]
pred step=114 action=[[-0.2957279086112976, 1.5558741092681885, 1.0583857297897339, -0.10453388094902039, 1.0797605514526367, 0.6791071891784668, -0.09178948402404785, 0.2823467254638672, 1.471337080001831, 0.6502416729927063, 0.8259845972061157, -1.1464285850524902, 0.015976160764694214, 1.0616122484207153]] left_gripper=-0.09178948402404785 right_gripper=1.0616122484207153
update step=115 qpos=[-0.2979483902454376, 1.5582244396209717, 1.0586841106414795, -0.10130393505096436, 1.0847872495651245, 0.6767507195472717, 0.0, 0.2843267321586609, 1.4791184663772583, 0.6533697247505188, 0.832933247089386, -1.1524560451507568, 0.016293860971927643, 1.0]
pred step=115 action=[[-0.28964585065841675, 1.5670835971832275, 1.0843145847320557, -0.15861082077026367, 1.0562556982040405, 0.7230659127235413, -0.1017451286315918, 0.27795857191085815, 1.432971477508545, 0.6292405724525452, 0.8116005659103394, -1.119511365890503, 0.020436733961105347, 1.040048360824585]] left_gripper=-0.1017451286315918 right_gripper=1.040048360824585
update step=116 qpos=[-0.2905595004558563, 1.5662027597427368, 1.0810998678207397, -0.1512881964445114, 1.0598515272140503, 0.717149019241333, 0.0, 0.27863407135009766, 1.4383889436721802, 0.6319215297698975, 0.814314067363739, -1.1237406730651855, 0.019911082461476326, 1.0]
pred step=116 action=[[-0.2725576162338257, 1.5803864002227783, 1.106233835220337, -0.21365512907505035, 1.0310629606246948, 0.7661663293838501, -0.08853757381439209, 0.26770591735839844, 1.402730941772461, 0.6121885776519775, 0.7875187993049622, -1.0915080308914185, 0.02495548129081726, 1.0315229892730713]] left_gripper=-0.08853757381439209 right_gripper=1.0315229892730713
update step=117 qpos=[-0.2744573652744293, 1.5787737369537354, 1.1031639575958252, -0.20566634833812714, 1.0346782207489014, 0.7599044442176819, 0.0, 0.2688664197921753, 1.4069201946258545, 0.6143954396247864, 0.7909220457077026, -1.0956196784973145, 0.024317068979144096, 1.0]
pred step=117 action=[[-0.25496113300323486, 1.583884358406067, 1.128089189529419, -0.24716176092624664, 1.009268879890442, 0.8100910186767578, -0.08654111623764038, 0.2584828734397888, 1.3754768371582031, 0.5943557024002075, 0.7868108749389648, -1.0783076286315918, 0.02781003713607788, 1.0322983264923096]] left_gripper=-0.08654111623764038 right_gripper=1.0322983264923096
update step=118 qpos=[-0.25705695152282715, 1.5832228660583496, 1.1251660585403442, -0.24180437624454498, 1.0124657154083252, 0.8036827445030212, 0.0, 0.2596167325973511, 1.3790686130523682, 0.5966707468032837, 0.787351667881012, -1.0805304050445557, 0.027364274486899376, 1.0]
pred step=118 action=[[-0.24094539880752563, 1.5859659910202026, 1.1468596458435059, -0.29804861545562744, 0.9800912141799927, 0.8491019010543823, -0.08360350131988525, 0.25192731618881226, 1.3293448686599731, 0.5757442712783813, 0.762518584728241, -1.0449442863464355, 0.02996191382408142, 1.0206525325775146]] left_gripper=-0.08360350131988525 right_gripper=1.0206525325775146
update step=119 qpos=[-0.24268487095832825, 1.5857226848602295, 1.144126296043396, -0.29086682200431824, 0.9841781258583069, 0.8433013558387756, 0.0, 0.25274133682250977, 1.3350049257278442, 0.5782095789909363, 0.7657284140586853, -1.0495020151138306, 0.029632126912474632, 1.0]
pred step=119 action=[[-0.224580779671669, 1.6117734909057617, 1.184509515762329, -0.3480161130428314, 0.962347149848938, 0.8995068073272705, -0.07543784379959106, 0.2445284128189087, 1.299878716468811, 0.5519102215766907, 0.7659838795661926, -1.0334651470184326, 0.03219479322433472, 1.0159128904342651]] left_gripper=-0.07543784379959106 right_gripper=1.0159128904342651
update step=120 qpos=[-0.22653256356716156, 1.60879647731781, 1.1796596050262451, -0.3406337797641754, 0.965071976184845, 0.8923277854919434, 0.0, 0.2454349845647812, 1.3039512634277344, 0.5548678040504456, 0.7659463882446289, -1.0355383157730103, 0.03186656907200813, 1.0]
pred step=120 action=[[-0.20356570184230804, 1.6052639484405518, 1.19990873336792, -0.41554033756256104, 0.9159678220748901, 0.951695442199707, -0.06345301866531372, 0.23314450681209564, 1.251543641090393, 0.528529703617096, 0.7336674332618713, -0.9798853397369385, 0.03334096074104309, 1.0069252252578735]] left_gripper=-0.06345301866531372 right_gripper=1.0069252252578735
update step=121 qpos=[-0.2060016244649887, 1.605584979057312, 1.1973708868026733, -0.40599000453948975, 0.9221856594085693, 0.9441145062446594, 0.0, 0.2344360649585724, 1.2575604915618896, 0.5315986275672913, 0.7378056049346924, -0.9869747161865234, 0.03315668925642967, 1.0]
pred step=121 action=[[-0.1886919140815735, 1.612904667854309, 1.2218689918518066, -0.4458211362361908, 0.8892480134963989, 0.9863013029098511, -0.05859506130218506, 0.2247365117073059, 1.2087385654449463, 0.513169527053833, 0.7109161019325256, -0.957065761089325, 0.03323709964752197, 1.0188671350479126]] left_gripper=-0.05859506130218506 right_gripper=1.0188671350479126
update step=122 qpos=[-0.19057440757751465, 1.6121134757995605, 1.2188615798950195, -0.4407006800174713, 0.8934009671211243, 0.9809150695800781, 0.0, 0.22578951716423035, 1.2143235206604004, 0.5153036713600159, 0.7143765091896057, -0.9608889222145081, 0.033228423446416855, 1.0]
pred step=122 action=[[-0.15906447172164917, 1.6129143238067627, 1.246016263961792, -0.5403310060501099, 0.823188066482544, 1.0605875253677368, -0.04313117265701294, 0.20925100147724152, 1.1234500408172607, 0.4718469977378845, 0.664822518825531, -0.8783618211746216, 0.03719162940979004, 1.0077143907546997]] left_gripper=-0.04313117265701294 right_gripper=1.0077143907546997
update step=123 qpos=[-0.16235066950321198, 1.612831950187683, 1.242486596107483, -0.5276525616645813, 0.832061767578125, 1.0504130125045776, 0.0, 0.21099111437797546, 1.1338515281677246, 0.47691506147384644, 0.6711810827255249, -0.8888818025588989, 0.03668983280658722, 1.0]
pred step=123 action=[[-0.14034801721572876, 1.6266635656356812, 1.2838068008422852, -0.6068547964096069, 0.7824907302856445, 1.1137155294418335, -0.03786349296569824, 0.1977667212486267, 1.0415003299713135, 0.43278539180755615, 0.6309888362884521, -0.8308976888656616, 0.03124868869781494, 1.009383201599121]] left_gripper=-0.03786349296569824 right_gripper=1.009383201599121
update step=124 qpos=[-0.14274875819683075, 1.6250256299972534, 1.278717279434204, -0.596706211566925, 0.788758397102356, 1.1056334972381592, 0.0, 0.19919666647911072, 1.0520384311676025, 0.4379057288169861, 0.6361584067344666, -0.8383134603500366, 0.03194243088364601, 1.0]
pred step=124 action=[[-0.08682940900325775, 1.6307094097137451, 1.3338663578033447, -0.7379276156425476, 0.6634389758110046, 1.249485969543457, -0.003586292266845703, 0.1669091284275055, 0.881699800491333, 0.3620181083679199, 0.5413052439689636, -0.7117555141448975, 0.028897255659103394, 1.030693531036377]] left_gripper=-0.003586292266845703 right_gripper=1.030693531036377
update step=125 qpos=[-0.09258482605218887, 1.6300798654556274, 1.3268998861312866, -0.7199019193649292, 0.6792567372322083, 1.2311192750930786, 0.0, 0.17041237652301788, 0.9010919332504272, 0.3710171580314636, 0.5534999966621399, -0.7278620004653931, 0.02928854338824749, 1.0]
pred step=125 action=[[-0.048893772065639496, 1.6408405303955078, 1.3714768886566162, -0.8714025020599365, 0.5678078532218933, 1.3505500555038452, 0.004501819610595703, 0.14358006417751312, 0.7488300800323486, 0.30209270119667053, 0.46686482429504395, -0.593518853187561, 0.02801695466041565, 1.023315668106079]] left_gripper=0.004501819610595703 right_gripper=1.023315668106079
update step=126 qpos=[-0.05357297882437706, 1.6396150588989258, 1.365531325340271, -0.8522144556045532, 0.5818909406661987, 1.3353091478347778, 0.00450181961059569, 0.14644010365009308, 0.7663305401802063, 0.3100922405719757, 0.4779249131679535, -0.6105701923370361, 0.028183702379465103, 1.0]
pred step=126 action=[[0.006268583238124847, 1.645165205001831, 1.4173307418823242, -1.0134131908416748, 0.4417848289012909, 1.4754983186721802, 0.034883320331573486, 0.1135304644703865, 0.5957320928573608, 0.23358803987503052, 0.37741273641586304, -0.46578502655029297, 0.028095215559005737, 1.0272347927093506]] left_gripper=0.034883320331573486 right_gripper=1.0272347927093506
update step=127 qpos=[7.670500053791329e-05, 1.6443829536437988, 1.4105918407440186, -0.9929995536804199, 0.4594590961933136, 1.4576090574264526, 0.0348833203315735, 0.11708781868219376, 0.6154146790504456, 0.24247786402702332, 0.39021843671798706, -0.48411792516708374, 0.028112534433603287, 1.0]
pred step=127 action=[[0.017955616116523743, 1.6691222190856934, 1.4548900127410889, -1.0869715213775635, 0.39865967631340027, 1.5299803018569946, 0.0490117073059082, 0.10026533901691437, 0.5086740255355835, 0.19782447814941406, 0.33747896552085876, -0.4077138304710388, 0.02803376317024231, 1.0371915102005005]] left_gripper=0.0490117073059082 right_gripper=1.0371915102005005
update step=128 qpos=[0.015885910019278526, 1.6662298440933228, 1.4491994380950928, -1.0750445127487183, 0.4063591957092285, 1.5207507610321045, 0.049011707305908196, 0.10208296030759811, 0.5210070013999939, 0.2030520886182785, 0.3442089259624481, -0.4173811376094818, 0.0280454121530056, 1.0]
pred step=128 action=[[0.06108170747756958, 1.6718199253082275, 1.4900825023651123, -1.202218770980835, 0.2949315011501312, 1.628187894821167, 0.07818728685379028, 0.07031407952308655, 0.36676740646362305, 0.134959876537323, 0.2566981911659241, -0.296016126871109, 0.027986526489257812, 1.0458122491836548]] left_gripper=0.07818728685379028 right_gripper=1.0458122491836548
update step=129 qpos=[0.05649880692362785, 1.670918583869934, 1.4847614765167236, -1.186185359954834, 0.3089753985404968, 1.614482045173645, 0.07818728685379028, 0.07379326969385147, 0.3847993016242981, 0.14272791147232056, 0.26777300238609314, -0.31133484840393066, 0.02800070308148861, 1.0]
pred step=129 action=[[0.09231236577033997, 1.674201488494873, 1.5076912641525269, -1.3048317432403564, 0.211561381816864, 1.6969326734542847, 0.11776381731033325, 0.043627478182315826, 0.2401498556137085, 0.08909958600997925, 0.18949900567531586, -0.19662587344646454, 0.02941495180130005, 1.0508546829223633]] left_gripper=0.11776381731033325 right_gripper=1.0508546829223633
update step=130 qpos=[0.08856752514839172, 1.6737720966339111, 1.5043271780014038, -1.2900006771087646, 0.22383764386177063, 1.6864213943481445, 0.11776381731033325, 0.04692265763878822, 0.2570696771144867, 0.09537003934383392, 0.19945694506168365, -0.21107789874076843, 0.029241498559713364, 1.0]
pred step=130 action=[[0.125962033867836, 1.6665568351745605, 1.5248591899871826, -1.3891575336456299, 0.13435760140419006, 1.7523086071014404, 0.1642388105392456, 0.02394133061170578, 0.1559334397315979, 0.0590587854385376, 0.1284385770559311, -0.1313314139842987, 0.026207685470581055, 1.0462603569030762]] left_gripper=0.1642388105392456 right_gripper=1.0462603569030762
update step=131 qpos=[0.12210144847631454, 1.6671808958053589, 1.5220047235488892, -1.376790165901184, 0.1456189900636673, 1.7439101934432983, 0.1642388105392456, 0.02646501176059246, 0.16786597669124603, 0.06315344572067261, 0.1374226063489914, -0.1413637399673462, 0.02660105936229229, 1.0]
pred step=131 action=[[0.1329410821199417, 1.6639838218688965, 1.5355405807495117, -1.4017672538757324, 0.12061801552772522, 1.7711111307144165, 0.15284395217895508, 0.019808687269687653, 0.14209198951721191, 0.04805922508239746, 0.1212385967373848, -0.11967167258262634, 0.025430947542190552, 1.0511996746063232]] left_gripper=0.15284395217895508 right_gripper=1.0511996746063232
update step=132 qpos=[0.13172127306461334, 1.6644431352615356, 1.5337611436843872, -1.3986328840255737, 0.12376964092254639, 1.767645001411438, 0.15284395217895508, 0.02053975686430931, 0.14511175453662872, 0.049831073731184006, 0.12328056246042252, -0.12239673733711243, 0.02558179758489132, 1.0]
pred step=132 action=[[0.15659210085868835, 1.6679551601409912, 1.5593082904815674, -1.4929673671722412, 0.04003867506980896, 1.8312437534332275, 0.19046711921691895, -0.0022704601287841797, 0.040192365646362305, 0.008892416954040527, 0.05082087591290474, -0.031046003103256226, 0.02542644739151001, 1.0450702905654907]] left_gripper=0.19046711921691895 right_gripper=1.0450702905654907
update step=133 qpos=[0.15410570800304413, 1.6674327850341797, 1.55584716796875, -1.481160283088684, 0.05059107765555382, 1.8231359720230103, 0.19046711921691895, 0.00021337094949558377, 0.05270487815141678, 0.013380489312112331, 0.05992836505174637, -0.04254445433616638, 0.025454211980104446, 1.0]
pred step=133 action=[[0.17009955644607544, 1.668107509613037, 1.5590949058532715, -1.5233314037322998, 0.01943129301071167, 1.8489902019500732, 0.23136168718338013, -0.008355125784873962, 0.012100696563720703, -0.002950429916381836, 0.04193275794386864, -0.01835566759109497, 0.028877317905426025, 1.0447074174880981]] left_gripper=0.23136168718338013 right_gripper=1.0447074174880981
update step=134 qpos=[0.16838930547237396, 1.668070673942566, 1.55845308303833, -1.518094778060913, 0.02334415353834629, 1.8456976413726807, 0.2313616871833801, -0.0074065313674509525, 0.016859479248523712, -0.0009489063522778451, 0.044234126806259155, -0.02138887159526348, 0.028443198651075363, 1.0]
pred step=134 action=[[0.17872405052185059, 1.659758448600769, 1.5518434047698975, -1.5284311771392822, -0.0014388561248779297, 1.8319116830825806, 0.23152512311935425, -0.012668833136558533, -0.024186789989471436, -0.011246919631958008, 0.020809859037399292, 0.00986337661743164, 0.020572632551193237, 1.0385020971298218]] left_gripper=0.23152512311935425 right_gripper=1.0385020971298218
update step=135 qpos=[0.17763851583003998, 1.6606837511062622, 1.552581548690796, -1.527194619178772, 0.0016815715935081244, 1.8336735963821411, 0.23152512311935428, -0.012117364443838596, -0.01932075247168541, -0.010060389526188374, 0.02378765121102333, 0.005925174802541733, 0.021578747779130936, 1.0]
pred step=135 action=[[0.1885194182395935, 1.667572021484375, 1.5586144924163818, -1.562704086303711, -0.03252673149108887, 1.8755416870117188, 0.31664979457855225, -0.0209762305021286, -0.05488699674606323, -0.02476489543914795, 0.005450442433357239, 0.026873886585235596, 0.02743205428123474, 1.0353124141693115]] left_gripper=0.31664979457855225 right_gripper=1.0353124141693115
update step=136 qpos=[0.18740031123161316, 1.66676926612854, 1.5577056407928467, -1.5582681894302368, -0.028217479586601257, 1.870201826095581, 0.31664979457855225, -0.01998213864862919, -0.050636403262615204, -0.023140087723731995, 0.0077436938881874084, 0.024247514083981514, 0.026687700301408768, 1.0]
pred step=136 action=[[0.19409537315368652, 1.6685926914215088, 1.5449416637420654, -1.5684163570404053, -0.03664356470108032, 1.882322907447815, 0.32192012667655945, -0.022170409560203552, -0.06916534900665283, -0.03215819597244263, 0.007104993797838688, 0.035303354263305664, 0.030287325382232666, 1.0337167978286743]] left_gripper=0.32192012667655945 right_gripper=1.0337167978286743
update step=137 qpos=[0.19336873292922974, 1.6683982610702515, 1.5463625192642212, -1.567205548286438, -0.035591259598731995, 1.8807802200317383, 0.32192012667655945, -0.021939152851700783, -0.06698266416788101, -0.031065065413713455, 0.007187575567513704, 0.03391280397772789, 0.0298297181725502, 1.0]
pred step=137 action=[[0.19147524237632751, 1.6681182384490967, 1.5454144477844238, -1.5595207214355469, -0.03530105948448181, 1.8734607696533203, 0.3425285518169403, -0.02001170814037323, -0.06802928447723389, -0.03155308961868286, 0.0061562638729810715, 0.037449926137924194, 0.02538198232650757, 1.0316506624221802]] left_gripper=0.3425285518169403 right_gripper=1.0316506624221802
update step=138 qpos=[0.19166328012943268, 1.6680623292922974, 1.5456126928329468, -1.5604807138442993, -0.035332128405570984, 1.8743950128555298, 0.3425285518169403, -0.020245583727955818, -0.06791409105062485, -0.03148026019334793, 0.006291597615927458, 0.03699930012226105, 0.02594928629696369, 1.0]
pred step=138 action=[[0.19462913274765015, 1.6731736660003662, 1.5430185794830322, -1.5786101818084717, -0.04245534539222717, 1.8736211061477661, 0.3829098343849182, -0.02249974012374878, -0.0836862325668335, -0.03496736288070679, 0.003302261233329773, 0.03755652904510498, 0.025899291038513184, 1.0265196561813354]] left_gripper=0.3829098343849182 right_gripper=1.0265196561813354
update step=139 qpos=[0.1943296194076538, 1.6725867986679077, 1.5432155132293701, -1.5763593912124634, -0.041560493409633636, 1.8737210035324097, 0.3829098343849182, -0.02223631553351879, -0.08181680738925934, -0.03454698249697685, 0.0036888637114316225, 0.037491071969270706, 0.025905773043632507, 1.0]
pred step=139 action=[[0.19305512309074402, 1.6710736751556396, 1.5224311351776123, -1.5567409992218018, -0.04147428274154663, 1.8700960874557495, 0.43100085854530334, -0.022130906581878662, -0.08015251159667969, -0.04039347171783447, 0.002619398757815361, 0.0439072847366333, 0.025059610605239868, 1.021507740020752]] left_gripper=0.43100085854530334 right_gripper=1.021507740020752
update step=140 qpos=[0.1931847184896469, 1.671323537826538, 1.5249228477478027, -1.5592529773712158, -0.04148244112730026, 1.8705581426620483, 0.43100085854530334, -0.022157028317451477, -0.08050870895385742, -0.036226511001586914, 0.0027294231113046408, 0.043096091598272324, 0.02516786940395832, 1.0]
pred step=140 action=[[0.18773344159126282, 1.6650266647338867, 1.5094391107559204, -1.5474321842193604, -0.040309637784957886, 1.8536571264266968, 0.4600162208080292, -0.021243929862976074, -0.087333083152771, -0.04256761074066162, -0.005571272224187851, 0.04516035318374634, 0.022823989391326904, 1.0180344581604004]] left_gripper=0.4600162208080292 right_gripper=1.0180344581604004
update step=141 qpos=[0.18831537663936615, 1.6656821966171265, 1.5113469362258911, -1.5489699840545654, -0.04044702649116516, 1.85581374168396, 0.4600162208080292, -0.021356236189603806, -0.08643556386232376, -0.0361742302775383, -0.004521990194916725, 0.044897954910993576, 0.023122821003198624, 1.0]
pred step=141 action=[[0.18236035108566284, 1.6565577983856201, 1.49049973487854, -1.529766321182251, -0.0351906418800354, 1.8418891429901123, 0.5032704472541809, -0.021167457103729248, -0.08479189872741699, -0.04466676712036133, -0.005675915628671646, 0.046741366386413574, 0.022984683513641357, 1.015925407409668]] left_gripper=0.5032704472541809 right_gripper=1.015925407409668
update step=142 qpos=[0.1829957664012909, 1.6576701402664185, 1.493003010749817, -1.5322433710098267, -0.035845521837472916, 1.8436652421951294, 0.5032704472541809, -0.021194372326135635, -0.08537089079618454, -0.03620656579732895, -0.00553933484479785, 0.04650808125734329, 0.0230022631585598, 1.0]
pred step=142 action=[[0.1729857623577118, 1.6146883964538574, 1.4416160583496094, -1.4807255268096924, -0.029348433017730713, 1.7784050703048706, 0.5422780513763428, -0.018783241510391235, -0.08028507232666016, -0.04169255495071411, -0.015781469643115997, 0.04292002320289612, 0.020320385694503784, 1.012677550315857]] left_gripper=0.5422780513763428 right_gripper=1.012677550315857
update step=143 qpos=[0.174048513174057, 1.6196560859680176, 1.4478949308395386, -1.4873987436294556, -0.030149880796670914, 1.7867316007614136, 0.5422780513763428, -0.019059214740991592, -0.08109702169895172, -0.03623129054903984, -0.014531790278851986, 0.0433683916926384, 0.02066171169281006, 1.0]
pred step=143 action=[[0.16812610626220703, 1.6019043922424316, 1.420142650604248, -1.4606842994689941, -0.02763766050338745, 1.7658193111419678, 0.566620409488678, -0.017895370721817017, -0.0805891752243042, -0.043953895568847656, -0.01680140383541584, 0.04542630910873413, 0.019921839237213135, 1.0112568140029907]] left_gripper=0.566620409488678 right_gripper=1.0112568140029907
update step=144 qpos=[0.16877207159996033, 1.6041533946990967, 1.4233988523483276, -1.4641354084014893, -0.027945509180426598, 1.7684848308563232, 0.566620409488678, -0.01803659088909626, -0.08085929602384567, -0.036244068294763565, -0.01652740128338337, 0.04516346752643585, 0.0200160201638937, 1.0]
pred step=144 action=[[0.15901035070419312, 1.560551643371582, 1.3817427158355713, -1.4217426776885986, -0.02365913987159729, 1.716748833656311, 0.5969722270965576, -0.016506105661392212, -0.07772564888000488, -0.044847726821899414, -0.02074269950389862, 0.04481133818626404, 0.014614284038543701, 1.009823203086853]] left_gripper=0.5969722270965576 right_gripper=1.009823203086853
update step=145 qpos=[0.16005584597587585, 1.5655382871627808, 1.3868521451950073, -1.427253246307373, -0.02418149635195732, 1.7233502864837646, 0.5969722270965576, -0.016685176640748978, -0.07847759127616882, -0.03627421706914902, -0.02023192122578621, 0.04485218599438667, 0.015302707441151142, 1.0]
pred step=145 action=[[0.15204979479312897, 1.5048556327819824, 1.3280665874481201, -1.3662471771240234, -0.021283119916915894, 1.6490715742111206, 0.6114665269851685, -0.016572535037994385, -0.08204293251037598, -0.04549890756607056, -0.024084489792585373, 0.04399615526199341, 0.013837158679962158, 1.0108730792999268]] left_gripper=0.6114665269851685 right_gripper=1.0108730792999268
update step=146 qpos=[0.15291915833950043, 1.5119646787643433, 1.3351640701293945, -1.3741706609725952, -0.021633844822645187, 1.658547043800354, 0.6114665269851685, -0.01658446528017521, -0.0814940482378006, -0.03623325005173683, -0.023594319820404053, 0.044103968888521194, 0.0140236746519804, 1.0]
pred step=146 action=[[0.14071589708328247, 1.4430217742919922, 1.2710185050964355, -1.3037943840026855, -0.015405207872390747, 1.577499508857727, 0.6404234766960144, -0.01597610116004944, -0.07461535930633545, -0.04372739791870117, -0.023718636482954025, 0.047913044691085815, 0.01182621717453003, 1.0087733268737793]] left_gripper=0.6404234766960144 right_gripper=1.0087733268737793
update step=147 qpos=[0.14203548431396484, 1.4510853290557861, 1.2787672281265259, -1.3129230737686157, -0.016168836504220963, 1.587837815284729, 0.6404234766960144, -0.016055546700954437, -0.0757564976811409, -0.0362924188375473, -0.02372664399445057, 0.047429896891117096, 0.012106424197554588, 1.0]
pred step=147 action=[[0.1258121281862259, 1.3673620223999023, 1.1974775791168213, -1.2300734519958496, -0.009946346282958984, 1.4900673627853394, 0.6415128111839294, -0.014812752604484558, -0.07591068744659424, -0.04390937089920044, -0.03010251373052597, 0.041625767946243286, 0.008767485618591309, 1.0121910572052002]] left_gripper=0.6415128111839294 right_gripper=1.0121910572052002
update step=148 qpos=[0.12758216261863708, 1.3771055936813354, 1.2072598934173584, -1.2408546209335327, -0.010700306855142117, 1.5025405883789062, 0.6415128111839294, -0.014946878887712955, -0.07592678815126419, -0.036284834146499634, -0.02931453473865986, 0.042356669902801514, 0.009192519821226597, 1.0]
pred step=148 action=[[0.11788487434387207, 1.3129348754882812, 1.1457064151763916, -1.174304723739624, -0.006571948528289795, 1.425289273262024, 0.6577206254005432, -0.014479950070381165, -0.07653164863586426, -0.042800307273864746, -0.035725682973861694, 0.036441415548324585, 0.007164627313613892, 1.0146123170852661]] left_gripper=0.6577206254005432 right_gripper=1.0146123170852661
update step=149 qpos=[0.11896136403083801, 1.3204586505889893, 1.153063416481018, -1.1829487085342407, -0.007076094392687082, 1.435142159461975, 0.6577206254005432, -0.01452234759926796, -0.07646314054727554, -0.03627324476838112, -0.034940071403980255, 0.037187375128269196, 0.0074225133284926414, 1.0]
pred step=149 action=[[0.10839575529098511, 1.230556607246399, 1.0666674375534058, -1.0922430753707886, 0.000538259744644165, 1.3298969268798828, 0.679190993309021, -0.014455422759056091, -0.07155090570449829, -0.044340431690216064, -0.031948138028383255, 0.038760215044021606, 0.0068190693855285645, 1.015676736831665]] left_gripper=0.679190993309021 right_gripper=1.015676736831665
update step=150 qpos=[0.10957089066505432, 1.240907073020935, 1.0770971775054932, -1.104034662246704, -0.00040560902561992407, 1.343322992324829, 0.679190993309021, -0.014466735534369946, -0.0725133866071701, -0.036324866116046906, -0.03233513981103897, 0.038560714572668076, 0.006895977072417736, 1.0]
pred step=150 action=[[-0.07304060459136963, 1.6522183418273926, 1.4262819290161133, -1.2978167533874512, 0.04603073000907898, 1.6001760959625244, 1.0678974390029907, 0.06116814911365509, 0.14798355102539062, 0.10086837410926819, -0.08265214413404465, 0.03352755308151245, -0.02847236394882202, 1.0488275289535522]] left_gripper=1.0678974390029907 right_gripper=1.0488275289535522
update step=151 qpos=[-0.05108087509870529, 1.424301266670227, 1.2641891241073608, -1.271068811416626, 0.04042137414216995, 1.529019832611084, 0.9770932493386446, 0.0522957444190979, 0.10612490773200989, 0.08607300370931625, -0.0755683034658432, 0.03401760756969452, -0.02397133596241474, 1.0]
pred step=151 action=[[-0.07835764437913895, 1.6059396266937256, 1.3799686431884766, -1.2517759799957275, 0.04199323058128357, 1.5468599796295166, 1.0869712829589844, 0.06871999800205231, 0.17869162559509277, 0.11218634247779846, -0.10156545788049698, 0.04462084174156189, -0.03999093174934387, 1.0496711730957031]] left_gripper=1.0869712829589844 right_gripper=1.0496711730957031
update step=152 qpos=[-0.07508882135152817, 1.5834544897079468, 1.3672884702682495, -1.2532567977905273, 0.04183109104633331, 1.5445823669433594, 1.0, 0.06678934395313263, 0.1703624278306961, 0.10866812616586685, -0.09837216883897781, 0.04324065521359444, -0.03795284405350685, 1.0]
pred step=152 action=[[-0.08171980082988739, 1.5627858638763428, 1.3370405435562134, -1.21311616897583, 0.04143962264060974, 1.5094988346099854, 1.1044080257415771, 0.07585747539997101, 0.19321829080581665, 0.11563825607299805, -0.10625500977039337, 0.053326040506362915, -0.04425820708274841, 1.0485386848449707]] left_gripper=1.1044080257415771 right_gripper=1.0485386848449707
update step=153 qpos=[-0.08096884936094284, 1.5641636848449707, 1.341461420059204, -1.2182127237319946, 0.04150612652301788, 1.5139740705490112, 1.0, 0.07477711141109467, 0.1905355602502823, 0.11482013761997223, -0.10525099188089371, 0.05203145742416382, -0.043456051498651505, 1.0]
pred step=153 action=[[-0.08108140528202057, 1.478623390197754, 1.256415605545044, -1.1511921882629395, 0.03153231739997864, 1.3993967771530151, 1.1207830905914307, 0.08645983040332794, 0.24685758352279663, 0.12801209092140198, -0.12367916852235794, 0.048445940017700195, -0.05393713712692261, 1.0471534729003906]] left_gripper=1.1207830905914307 right_gripper=1.0471534729003906
update step=154 qpos=[-0.08101911842823029, 1.4883661270141602, 1.2667210102081299, -1.1600244045257568, 0.03279398754239082, 1.4140106439590454, 1.0, 0.08510361611843109, 0.24028421938419342, 0.1263105273246765, -0.1213768869638443, 0.04887218400835991, -0.05260398983955383, 1.0]
pred step=154 action=[[-0.08841491490602493, 1.4366644620895386, 1.210744857788086, -1.1162629127502441, 0.030441850423812866, 1.3294954299926758, 1.1276956796646118, 0.09024092555046082, 0.26001375913619995, 0.1371937096118927, -0.1312774270772934, 0.0426408052444458, -0.055411845445632935, 1.048435926437378]] left_gripper=1.1276956796646118 right_gripper=1.048435926437378
update step=155 qpos=[-0.08759883046150208, 1.4428353309631348, 1.2172858715057373, -1.122043251991272, 0.030753234401345253, 1.340271234512329, 1.0, 0.08965566009283066, 0.257663369178772, 0.13599714636802673, -0.12998145818710327, 0.043416257947683334, -0.05505574122071266, 1.0]
pred step=155 action=[[-0.07985338568687439, 1.3136677742004395, 1.1003644466400146, -1.0355952978134155, 0.031018108129501343, 1.2233054637908936, 1.104857087135315, 0.10310854017734528, 0.30822473764419556, 0.17031651735305786, -0.151958167552948, 0.051038533449172974, -0.07338565587997437, 1.0488208532333374]] left_gripper=1.104857087135315 right_gripper=1.0488208532333374
update step=156 qpos=[-0.08065498620271683, 1.3281536102294922, 1.1145952939987183, -1.0470387935638428, 0.03096269816160202, 1.238221526145935, 1.0, 0.10152259469032288, 0.3022438883781433, 0.16633754968643188, -0.14909100532531738, 0.0500425323843956, -0.07105105370283127, 1.0]
pred step=156 action=[[-0.08690667897462845, 1.1998225450515747, 1.0021541118621826, -0.9452353119850159, 0.030543982982635498, 1.1123014688491821, 1.0940032005310059, 0.11431878805160522, 0.3228476047515869, 0.1860606074333191, -0.16568848490715027, 0.05127608776092529, -0.07957524061203003, 1.0482566356658936]] left_gripper=1.0940032005310059 right_gripper=1.0482566356658936
update step=157 qpos=[-0.08618765324354172, 1.2144662141799927, 1.015697717666626, -0.9585838317871094, 0.030607962980866432, 1.1283596754074097, 1.0, 0.11282198876142502, 0.32043829560279846, 0.1837153434753418, -0.16354937851428986, 0.05109115317463875, -0.07849181443452835, 1.0]
pred step=157 action=[[-0.09249445050954819, 1.129329800605774, 0.9288442134857178, -0.8868515491485596, 0.030045032501220703, 1.028262972831726, 1.076383352279663, 0.11911533772945404, 0.35019510984420776, 0.20727872848510742, -0.1867051124572754, 0.049279242753982544, -0.08371782302856445, 1.055620789527893]] left_gripper=1.076383352279663 right_gripper=1.055620789527893
update step=158 qpos=[-0.09175805002450943, 1.1392147541046143, 0.9390539526939392, -0.8962993025779724, 0.030126074329018593, 1.0410265922546387, 1.0, 0.11838673800230026, 0.3467117249965668, 0.20446094870567322, -0.18373076617717743, 0.049492690712213516, -0.08305362612009048, 1.0]
pred step=158 action=[[-0.09213557094335556, 1.0223174095153809, 0.816387414932251, -0.796872615814209, 0.040513187646865845, 0.9126714468002319, 1.0533537864685059, 0.12585245072841644, 0.37429267168045044, 0.22409430146217346, -0.19392022490501404, 0.0469990074634552, -0.08320331573486328, 1.0490446090698242]] left_gripper=1.0533537864685059 right_gripper=1.0490446090698242
update step=159 qpos=[-0.09207811206579208, 1.0356247425079346, 0.8310478925704956, -0.809918999671936, 0.039190907031297684, 0.9290387034416199, 1.0, 0.1249859631061554, 0.37105751037597656, 0.2217952013015747, -0.19258537888526917, 0.04729684069752693, -0.08318624645471573, 1.0]
pred step=159 action=[[-0.09327282756567001, 0.9088279008865356, 0.7304155230522156, -0.7276890873908997, 0.026744961738586426, 0.827086329460144, 1.0365933179855347, 0.13911640644073486, 0.41593170166015625, 0.2577076554298401, -0.23331792652606964, 0.055204570293426514, -0.1063840240240097, 1.0537097454071045]] left_gripper=1.0365933179855347 right_gripper=1.0537097454071045
update step=160 qpos=[-0.09307345002889633, 0.9230764508247375, 0.7426834106445312, -0.7384496331214905, 0.028319338336586952, 0.8400841355323792, 1.0, 0.13745282590389252, 0.4106800854206085, 0.2534191608428955, -0.22808636724948883, 0.0541694313287735, -0.10342932492494583, 1.0]
pred step=160 action=[[-0.08852948248386383, 0.7761778831481934, 0.6162384152412415, -0.6157981753349304, 0.027083516120910645, 0.6924029588699341, 1.0055960416793823, 0.14577160775661469, 0.41260677576065063, 0.2706030309200287, -0.23859663307666779, 0.06394103169441223, -0.11336022615432739, 1.0245152711868286]] left_gripper=1.0055960416793823 right_gripper=1.0245152711868286
update step=161 qpos=[-0.08900086581707001, 0.7929115891456604, 0.6315056681632996, -0.6317277550697327, 0.027214480563998222, 0.7112305164337158, 1.0, 0.14478060603141785, 0.4123467803001404, 0.26866498589515686, -0.23720070719718933, 0.06268694996833801, -0.11209627985954285, 1.0]
pred step=161 action=[[-0.0949532762169838, 0.770389974117279, 0.5977745056152344, -0.6091853380203247, 0.033661603927612305, 0.6673010587692261, 1.0163393020629883, 0.14849430322647095, 0.44562864303588867, 0.28078320622444153, -0.25418299436569214, 0.06062069535255432, -0.1238924115896225, 1.0451773405075073]] left_gripper=1.0163393020629883 right_gripper=1.0451773405075073
update step=162 qpos=[-0.09425908327102661, 0.7730313539505005, 0.6016653776168823, -0.6121586561203003, 0.03285470977425575, 0.6728978753089905, 1.0, 0.14806991815567017, 0.4418257772922516, 0.2791517972946167, -0.2520580291748047, 0.06087055429816246, -0.12239060550928116, 1.0]
pred step=162 action=[[-0.08737721294164658, 0.6674911975860596, 0.5040851831436157, -0.5195199251174927, 0.031631797552108765, 0.568375825881958, 1.000683069229126, 0.15044759213924408, 0.44558385014533997, 0.2878996431827545, -0.2484230101108551, 0.06515765190124512, -0.13126756250858307, 1.0106053352355957]] left_gripper=1.000683069229126 right_gripper=1.0106053352355957
update step=163 qpos=[-0.08814098685979843, 0.6796060800552368, 0.5158255100250244, -0.531521737575531, 0.03175896406173706, 0.5817009806632996, 1.0, 0.15016300976276398, 0.44508880376815796, 0.2870282232761383, -0.2488216906785965, 0.0646098405122757, -0.13013635575771332, 1.0]
pred step=163 action=[[-0.08651535212993622, 0.5287075042724609, 0.3897618055343628, -0.4052295386791229, 0.029812127351760864, 0.43500298261642456, 0.9832806587219238, 0.15606480836868286, 0.46370166540145874, 0.3017597198486328, -0.2645478844642639, 0.06465041637420654, -0.14886796474456787, 0.9876584410667419]] left_gripper=0.9832806587219238 right_gripper=0.9876584410667419
update step=164 qpos=[-0.08665192127227783, 0.5460377931594849, 0.4050416052341461, -0.4215095043182373, 0.030034253373742104, 0.45370373129844666, 0.9832806587219238, 0.15538011491298676, 0.4615519344806671, 0.29995352029800415, -0.26253679394721985, 0.06462937593460083, -0.14648181200027466, 0.9876584410667419]
pred step=164 action=[[-0.08415957540273666, 0.48689553141593933, 0.352966845035553, -0.36172473430633545, 0.03260233998298645, 0.38265904784202576, 0.9855527877807617, 0.14915353059768677, 0.44366902112960815, 0.29663050174713135, -0.25646641850471497, 0.05992749333381653, -0.1408621072769165, 0.984510600566864]] left_gripper=0.9855527877807617 right_gripper=0.984510600566864
update step=165 qpos=[-0.08443443477153778, 0.4937000274658203, 0.35931211709976196, -0.3693821132183075, 0.03226141259074211, 0.39170992374420166, 0.9855527877807617, 0.14989186823368073, 0.44573062658309937, 0.2970907688140869, -0.2572264075279236, 0.06053733453154564, -0.14157819747924805, 0.984510600566864]
pred step=165 action=[[-0.08157109469175339, 0.47829145193099976, 0.32785847783088684, -0.3563506603240967, 0.03366899490356445, 0.38375040888786316, 0.982109785079956, 0.16366694867610931, 0.498453289270401, 0.3243335485458374, -0.2742536962032318, 0.060168832540512085, -0.15480490028858185, 0.9868162870407104]] left_gripper=0.982109785079956 right_gripper=0.9868162870407104
update step=166 qpos=[-0.08190536499023438, 0.4801498055458069, 0.3314163088798523, -0.3581176698207855, 0.03348340839147568, 0.3847620487213135, 0.982109785079956, 0.16206032037734985, 0.492328405380249, 0.3210744857788086, -0.27204135060310364, 0.0601813904941082, -0.15312166512012482, 0.9868162870407104]
pred step=166 action=[[-0.07408960908651352, 0.37712007761001587, 0.2627244293689728, -0.2663917541503906, 0.03391215205192566, 0.2654608488082886, 0.9765061736106873, 0.15434396266937256, 0.4609760642051697, 0.3035276234149933, -0.2523764669895172, 0.06092846393585205, -0.15371909737586975, 0.951589822769165]] left_gripper=0.9765061736106873 right_gripper=0.951589822769165
update step=167 qpos=[-0.07497315108776093, 0.3890116512775421, 0.2712986171245575, -0.27806371450424194, 0.03382337838411331, 0.2806703448295593, 0.9765061736106873, 0.15524575114250183, 0.46461379528045654, 0.30567753314971924, -0.25489360094070435, 0.06085291877388954, -0.15364143252372742, 0.951589822769165]
pred step=167 action=[[-0.07486250251531601, 0.3364281952381134, 0.22578930854797363, -0.23599450290203094, 0.031639426946640015, 0.22207693755626678, 0.9706090688705444, 0.15936854481697083, 0.4798523783683777, 0.32100415229797363, -0.27021923661231995, 0.06765982508659363, -0.16885751485824585, 0.9443182945251465]] left_gripper=0.9706090688705444 right_gripper=0.9443182945251465
update step=168 qpos=[-0.07485464960336685, 0.34259551763534546, 0.23112864792346954, -0.2414359450340271, 0.03190784901380539, 0.22954221069812775, 0.9706090688705444, 0.1588740348815918, 0.4780586361885071, 0.3191964626312256, -0.26823654770851135, 0.06678817421197891, -0.16691821813583374, 0.9443182945251465]
pred step=168 action=[[-0.06791491061449051, 0.2719547152519226, 0.17129066586494446, -0.18481801450252533, 0.03245469927787781, 0.16638785600662231, 0.968971848487854, 0.15376342833042145, 0.46533313393592834, 0.3130691945552826, -0.2604876756668091, 0.06441432237625122, -0.16493438184261322, 0.9398733377456665]] left_gripper=0.968971848487854 right_gripper=0.9398733377456665
update step=169 qpos=[-0.06871495395898819, 0.2802247703075409, 0.1784297674894333, -0.19210287928581238, 0.032362375408411026, 0.17443667352199554, 0.968971848487854, 0.1543663889169693, 0.4668211042881012, 0.31379756331443787, -0.2614852786064148, 0.06472703814506531, -0.16518700122833252, 0.9398733377456665]
pred step=169 action=[[-0.06690990924835205, 0.2456337809562683, 0.16031625866889954, -0.1691553145647049, 0.028900325298309326, 0.1509881615638733, 0.9658043384552002, 0.15900158882141113, 0.46923619508743286, 0.3193970322608948, -0.2582986056804657, 0.06482547521591187, -0.16520054638385773, 0.9211913347244263]] left_gripper=0.9658043384552002 right_gripper=0.9211913347244263
update step=170 qpos=[-0.06710820645093918, 0.24961431324481964, 0.1626567244529724, -0.17203859984874725, 0.02933080680668354, 0.15397436916828156, 0.9658043384552002, 0.1584586501121521, 0.4689333140850067, 0.3187955915927887, -0.2586730122566223, 0.0648028627038002, -0.16519945859909058, 0.9211913347244263]
pred step=170 action=[[-0.06753593683242798, 0.22735142707824707, 0.14474967122077942, -0.15852762758731842, 0.025883525609970093, 0.13868984580039978, 0.968051552772522, 0.150447279214859, 0.4400707483291626, 0.2942225933074951, -0.2512832283973694, 0.06372928619384766, -0.15516036748886108, 0.9296679496765137]] left_gripper=0.968051552772522 right_gripper=0.9296679496765137
update step=171 qpos=[-0.06747502088546753, 0.22998635470867157, 0.14681793749332428, -0.1602867841720581, 0.026318170130252838, 0.14063760638237, 0.968051552772522, 0.15138301253318787, 0.44348862767219543, 0.2969817817211151, -0.2523166835308075, 0.06388477981090546, -0.1564389020204544, 0.9296679496765137]
pred step=171 action=[[-0.06186046451330185, 0.15799134969711304, 0.10113951563835144, -0.10497120022773743, 0.029296547174453735, 0.08548557758331299, 0.9627581834793091, 0.15102121233940125, 0.4427416920661926, 0.29977256059646606, -0.2428806722164154, 0.06121751666069031, -0.1533745676279068, 0.9117517471313477]] left_gripper=0.9627581834793091 right_gripper=0.9117517471313477
update step=172 qpos=[-0.0625150129199028, 0.16641920804977417, 0.10671029984951019, -0.11201828718185425, 0.02890106663107872, 0.09251649677753448, 0.9627581834793091, 0.151067852973938, 0.4427602291107178, 0.2996104955673218, -0.24402520060539246, 0.06155689060688019, -0.15376442670822144, 0.9117517471313477]
pred step=172 action=[[-0.0650392472743988, 0.18760132789611816, 0.11522406339645386, -0.12254946678876877, 0.029038697481155396, 0.09789338707923889, 0.9646775126457214, 0.14873342216014862, 0.4434996545314789, 0.2969840168952942, -0.24976928532123566, 0.062366485595703125, -0.16043005883693695, 0.9166135191917419]] left_gripper=0.9646775126457214 right_gripper=0.9166135191917419
update step=173 qpos=[-0.06474298238754272, 0.1850963532924652, 0.11418987810611725, -0.12120642513036728, 0.029026830568909645, 0.09720536321401596, 0.9646775126457214, 0.14900633692741394, 0.44345736503601074, 0.29717952013015747, -0.24907717108726501, 0.06226782128214836, -0.1595798134803772, 0.9166135191917419]
pred step=173 action=[[-0.058241188526153564, 0.13324427604675293, 0.07596591114997864, -0.08320986479520798, 0.02603858709335327, 0.05457413196563721, 0.9676003456115723, 0.15015146136283875, 0.4412848651409149, 0.29665836691856384, -0.24620340764522552, 0.06702777743339539, -0.1644817292690277, 0.9006664156913757]] left_gripper=0.9676003456115723 right_gripper=0.9006664156913757
update step=174 qpos=[-0.0589904822409153, 0.13936588168144226, 0.08050887286663055, -0.08808913081884384, 0.026397842913866043, 0.06000920757651329, 0.9676003456115722, 0.15000735223293304, 0.44151511788368225, 0.29677680134773254, -0.24655430018901825, 0.06642348319292068, -0.16385681927204132, 0.9006664156913757]
pred step=174 action=[[-0.05955195426940918, 0.13909679651260376, 0.07842281460762024, -0.07949886471033096, 0.02787536382675171, 0.056944340467453, 0.9705076813697815, 0.1534474492073059, 0.46094897389411926, 0.31230124831199646, -0.24466656148433685, 0.06286793947219849, -0.1564934104681015, 0.8953502178192139]] left_gripper=0.9705076813697815 right_gripper=0.8953502178192139
update step=175 qpos=[-0.0594874732196331, 0.139085590839386, 0.07876028120517731, -0.08056660741567612, 0.02768883854150772, 0.05733318254351616, 0.9705076813697815, 0.15305276215076447, 0.45865318179130554, 0.31056660413742065, -0.2448437362909317, 0.06331045925617218, -0.15743331611156464, 0.8953502178192138]
pred step=175 action=[[-0.05345761775970459, 0.12247490882873535, 0.06194460391998291, -0.06637536734342575, 0.030567914247512817, 0.04872962832450867, 0.9696576595306396, 0.15179723501205444, 0.4363134503364563, 0.28786879777908325, -0.2283271849155426, 0.05564850568771362, -0.1416526734828949, 0.886987566947937]] left_gripper=0.9696576595306396 right_gripper=0.886987566947937
update step=176 qpos=[-0.05416960269212723, 0.1244596317410469, 0.06388134509325027, -0.0682198703289032, 0.030190739780664444, 0.04982594773173332, 0.9696576595306396, 0.15195688605308533, 0.43897929787635803, 0.29043465852737427, -0.23050647974014282, 0.056621868163347244, -0.14366459846496582, 0.886987566947937]
pred step=176 action=[[-0.05463167279958725, 0.11217248439788818, 0.061954230070114136, -0.06086399406194687, 0.028289824724197388, 0.048141926527023315, 0.9671555757522583, 0.14715959131717682, 0.41994160413742065, 0.285019189119339, -0.2250031977891922, 0.056057512760162354, -0.14176490902900696, 0.8847768902778625]] left_gripper=0.9671555757522583 right_gripper=0.8847768902778625
update step=177 qpos=[-0.054572734981775284, 0.11357550323009491, 0.06230715662240982, -0.06175941973924637, 0.02853100560605526, 0.04835623502731323, 0.9671555757522583, 0.14772087335586548, 0.4221018850803375, 0.2857809066772461, -0.22567756474018097, 0.05614073574542999, -0.14200514554977417, 0.8847768902778625]
pred step=177 action=[[-0.05287783220410347, 0.08403211832046509, 0.044251829385757446, -0.04214511811733246, 0.02786356210708618, 0.023721694946289062, 0.9781053066253662, 0.1438216120004654, 0.40179115533828735, 0.272140771150589, -0.2199840098619461, 0.05500513315200806, -0.1350148469209671, 0.8868333101272583]] left_gripper=0.9781053066253662 right_gripper=0.8868333101272583
update step=178 qpos=[-0.0530717670917511, 0.08752814680337906, 0.04638012498617172, -0.04466022923588753, 0.02794162929058075, 0.026862461119890213, 0.9781053066253662, 0.14427697658538818, 0.40418195724487305, 0.27368801832199097, -0.2207529991865158, 0.05515880510210991, -0.13590534031391144, 0.8868333101272583]
pred step=178 action=[[-0.051252275705337524, 0.08562350273132324, 0.03868338465690613, -0.04639504849910736, 0.02563360333442688, 0.033573001623153687, 0.9663504362106323, 0.14602860808372498, 0.4197760820388794, 0.2843462824821472, -0.23206712305545807, 0.06005808711051941, -0.14016000926494598, 0.8874884843826294]] left_gripper=0.9663504362106323 right_gripper=0.8874884843826294
update step=179 qpos=[-0.05146155506372452, 0.08587376028299332, 0.039509743452072144, -0.04621176794171333, 0.025922248139977455, 0.03271585702896118, 0.9663504362106322, 0.14581355452537537, 0.4179391860961914, 0.2831007242202759, -0.23060372471809387, 0.05943385139107704, -0.13961735367774963, 0.8874884843826294]
pred step=179 action=[[-0.050058189779520035, 0.08258211612701416, 0.03500881791114807, -0.040748998522758484, 0.027779966592788696, 0.02331387996673584, 0.9795215129852295, 0.14236652851104736, 0.4024028778076172, 0.2738702595233917, -0.2210761457681656, 0.05392077565193176, -0.13300372660160065, 0.8920223712921143]] left_gripper=0.9795215129852295 right_gripper=0.8920223712921143
update step=180 qpos=[-0.05022492632269859, 0.08295352011919022, 0.035591013729572296, -0.04143717512488365, 0.02754102647304535, 0.02451292611658573, 0.9795215129852295, 0.1427803486585617, 0.40421590209007263, 0.2749779224395752, -0.22230124473571777, 0.054627083241939545, -0.133846715092659, 0.8920223712921143]
pred step=180 action=[[-0.05274132639169693, 0.08784830570220947, 0.04253476858139038, -0.03917767107486725, 0.028972983360290527, 0.020985841751098633, 0.9795268774032593, 0.14450301229953766, 0.4102345108985901, 0.2844257950782776, -0.22385703027248383, 0.05284339189529419, -0.13729774951934814, 0.8833287954330444]] left_gripper=0.9795268774032593 right_gripper=0.8833287954330444
update step=181 qpos=[-0.05244838818907738, 0.08723471313714981, 0.041805438697338104, -0.03942693769931793, 0.02879677340388298, 0.021435460075736046, 0.9795268774032593, 0.14430628716945648, 0.4094998836517334, 0.28338250517845154, -0.22361770272254944, 0.05306455120444298, -0.13685765862464905, 0.8833287954330444]
pred step=181 action=[[-0.04881218820810318, 0.06447392702102661, 0.027957528829574585, -0.028785288333892822, 0.0272940993309021, 0.01437997817993164, 0.9775619506835938, 0.13750001788139343, 0.3774431347846985, 0.2592736780643463, -0.20863664150238037, 0.05315196514129639, -0.12169916927814484, 0.8895775675773621]] left_gripper=0.9775619506835938 right_gripper=0.8895775675773621
update step=182 qpos=[-0.04923536628484726, 0.06718870252370834, 0.02954326942563057, -0.03016737289726734, 0.027476122602820396, 0.015278990380465984, 0.9775619506835938, 0.13829171657562256, 0.38122421503067017, 0.26203539967536926, -0.21061362326145172, 0.0531584657728672, -0.1236308366060257, 0.8895775675773621]
pred step=182 action=[[-0.05062691122293472, 0.06558680534362793, 0.02746632695198059, -0.02004476636648178, 0.03385895490646362, 0.010908842086791992, 0.9768968224525452, 0.1372542381286621, 0.3786938786506653, 0.2625540792942047, -0.19607901573181152, 0.047912657260894775, -0.11477424204349518, 0.8774036169052124]] left_gripper=0.9768968224525452 right_gripper=0.8774036169052124
update step=183 qpos=[-0.05047576501965523, 0.06574924290180206, 0.027776438742876053, -0.02131597325205803, 0.03305434435606003, 0.011466290801763535, 0.9768968224525452, 0.13738441467285156, 0.37893199920654297, 0.26264482736587524, -0.19787970185279846, 0.04857994616031647, -0.11590255796909332, 0.8774036169052123]
pred step=183 action=[[-0.04191179946064949, 0.03745311498641968, 0.009778201580047607, -0.01561930775642395, 0.02121695876121521, 0.0021477043628692627, 0.9810506701469421, 0.1311468631029129, 0.35826146602630615, 0.2457682192325592, -0.19920381903648376, 0.05541226267814636, -0.11833417415618896, 0.8869949579238892]] left_gripper=0.9810506701469421 right_gripper=0.8869949579238892
update step=184 qpos=[-0.04289137199521065, 0.04083176329731941, 0.011830220930278301, -0.01638357900083065, 0.022695248946547508, 0.0033340349327772856, 0.9810506701469421, 0.13186128437519073, 0.36073189973831177, 0.24760578572750092, -0.19911254942417145, 0.05456187203526497, -0.11802231520414352, 0.8869949579238892]
pred step=184 action=[[-0.04891018196940422, 0.051168859004974365, 0.019255638122558594, -0.025063566863536835, 0.025450557470321655, 0.0036252737045288086, 0.9811351895332336, 0.1344698667526245, 0.3723074197769165, 0.26267391443252563, -0.21240729093551636, 0.050222575664520264, -0.12824299931526184, 0.8950662612915039]] left_gripper=0.9811351895332336 right_gripper=0.8950662612915039
update step=185 qpos=[-0.04820790886878967, 0.049920156598091125, 0.018423710018396378, -0.02393745258450508, 0.025113476440310478, 0.003588462481275201, 0.9811351895332336, 0.13417558372020721, 0.3708931803703308, 0.26100653409957886, -0.21065561473369598, 0.050765156745910645, -0.1269405484199524, 0.8950662612915039]
pred step=185 action=[[-0.04845393821597099, 0.05271536111831665, 0.020199060440063477, -0.018971696496009827, 0.03323522210121155, 0.01043558120727539, 0.973108172416687, 0.13438595831394196, 0.35551172494888306, 0.2548576295375824, -0.1942949742078781, 0.0478130578994751, -0.10303030908107758, 0.8750830292701721]] left_gripper=0.973108172416687 right_gripper=0.8750830292701721
update step=186 qpos=[-0.04844408482313156, 0.052375633269548416, 0.02002037689089775, -0.019593019038438797, 0.03221027925610542, 0.009563152678310871, 0.9731081724166869, 0.1343626081943512, 0.35730305314064026, 0.2556348741054535, -0.19637030363082886, 0.048188772052526474, -0.1060795709490776, 0.8750830292701721]
pred step=186 action=[[-0.03754710033535957, 0.014932990074157715, -0.009982049465179443, -0.007547840476036072, 0.01754283905029297, -0.0035343170166015625, 0.9809338450431824, 0.12495330721139908, 0.3364543914794922, 0.24243679642677307, -0.192740336060524, 0.05317547917366028, -0.1128833144903183, 0.8895587921142578]] left_gripper=0.9809338450431824 right_gripper=0.8895587921142578
update step=187 qpos=[-0.0387941375374794, 0.019426550716161728, -0.006585124414414167, -0.00915962178260088, 0.019373780116438866, -0.0018660222413018346, 0.9809338450431824, 0.12604503333568573, 0.33891573548316956, 0.24391932785511017, -0.19324731826782227, 0.05256516486406326, -0.11201266944408417, 0.8895587921142578]
pred step=187 action=[[-0.04418365657329559, 0.03168988227844238, 0.005642116069793701, -0.017592720687389374, 0.022792905569076538, 0.002612292766571045, 0.9726681709289551, 0.13098496198654175, 0.3505595326423645, 0.2496848702430725, -0.20645423233509064, 0.055524855852127075, -0.11706861853599548, 0.8936208486557007]] left_gripper=0.9726681709289551 right_gripper=0.8936208486557007
update step=188 qpos=[-0.04355683922767639, 0.030170544981956482, 0.004349749535322189, -0.01645839400589466, 0.022370940074324608, 0.0020414257887750864, 0.9726681709289551, 0.13039939105510712, 0.34919992089271545, 0.2489669770002365, -0.20477595925331116, 0.05513956397771835, -0.11642515659332275, 0.8936208486557007]
pred step=188 action=[[-0.0369938462972641, 0.012142956256866455, -0.0089377760887146, 0.0030545294284820557, 0.024305641651153564, -0.011804342269897461, 0.9855272769927979, 0.11534599214792252, 0.29578274488449097, 0.21250960230827332, -0.16298921406269073, 0.04142332077026367, -0.08234375715255737, 0.8897117376327515]] left_gripper=0.9855272769927979 right_gripper=0.8897117376327515
update step=189 qpos=[-0.037767257541418076, 0.014288239181041718, -0.007376096211373806, 0.0005546294851228595, 0.02404661290347576, -0.010039282962679863, 0.9855272769927979, 0.11713037639856339, 0.3020075261592865, 0.21692517399787903, -0.16833645105361938, 0.04319637268781662, -0.08668728917837143, 0.8897117376327515]
pred step=189 action=[[-0.03755097836256027, 0.0040811896324157715, -0.013680815696716309, 0.00519348680973053, 0.020624369382858276, -0.013378411531448364, 0.9895264506340027, 0.11390237510204315, 0.2961961030960083, 0.2143479287624359, -0.16657565534114838, 0.04357382655143738, -0.08882847428321838, 0.8933652639389038]] left_gripper=0.9895264506340027 right_gripper=0.8933652639389038
update step=190 qpos=[-0.03756798058748245, 0.005286917556077242, -0.012932111509144306, 0.004600035026669502, 0.021056149154901505, -0.012953545898199081, 0.9895264506340027, 0.11427779495716095, 0.2968553602695465, 0.214675173163414, -0.1667938530445099, 0.043532565236091614, -0.08855316042900085, 0.8933652639389038]
pred step=190 action=[[-0.03708747401833534, 0.0034175515174865723, -0.016094207763671875, 0.0041566938161849976, 0.023193031549453735, -0.008232593536376953, 0.9795948266983032, 0.11485722661018372, 0.2898896336555481, 0.21546876430511475, -0.16034938395023346, 0.04399344325065613, -0.07926803827285767, 0.8891072273254395]] left_gripper=0.9795948266983032 right_gripper=0.8891072273254395
update step=191 qpos=[-0.037148915231227875, 0.003645566524937749, -0.015743141993880272, 0.004201682284474373, 0.022922303527593613, -0.008834581822156906, 0.9795948266983032, 0.11478567868471146, 0.2906765937805176, 0.21545273065567017, -0.16114217042922974, 0.043935514986515045, -0.08045201748609543, 0.8891072273254395]
pred step=191 action=[[-0.03884332627058029, -0.004529356956481934, -0.019017040729522705, 0.008343994617462158, 0.024685561656951904, -0.01709192991256714, 0.9839209318161011, 0.11022792756557465, 0.2703362703323364, 0.20420491695404053, -0.15113471448421478, 0.04098445177078247, -0.0770828127861023, 0.891466498374939]] left_gripper=0.9839209318161011 right_gripper=0.891466498374939
update step=192 qpos=[-0.03864722698926926, -0.0035741357132792473, -0.01859036646783352, 0.007827462628483772, 0.024465447291731834, -0.0160385575145483, 0.9839209318161011, 0.11076709628105164, 0.27272939682006836, 0.20551182329654694, -0.1524304747581482, 0.04136822745203972, -0.0775112509727478, 0.8914664983749389]
pred step=192 action=[[-0.029662352055311203, -0.02200770378112793, -0.027147352695465088, 0.006615191698074341, 0.015254378318786621, -0.017236948013305664, 0.9842804670333862, 0.10469226539134979, 0.25715094804763794, 0.1878727674484253, -0.1414048820734024, 0.04313915967941284, -0.07020801305770874, 0.8905956745147705]] left_gripper=0.9842804670333862 right_gripper=0.8905956745147705
update step=193 qpos=[-0.03069840371608734, -0.019806722179055214, -0.02617686800658703, 0.006753341760486364, 0.016400475054979324, -0.017086012288928032, 0.9842804670333862, 0.10539764910936356, 0.25900501012802124, 0.1898849457502365, -0.14285890758037567, 0.042929232120513916, -0.07113798707723618, 0.8905956745147705]
pred step=193 action=[[-0.026426296681165695, -0.04514092206954956, -0.04323476552963257, 0.02202625572681427, 0.010690629482269287, -0.037290751934051514, 0.9985884428024292, 0.09578441828489304, 0.21413034200668335, 0.15470623970031738, -0.11917149275541306, 0.04002302885055542, -0.05611085891723633, 0.8989966511726379]] left_gripper=0.9985884428024292 right_gripper=0.8989966511726379
update step=194 qpos=[-0.026909898966550827, -0.041895847767591476, -0.03640713170170784, 0.019984861835837364, 0.011399623937904835, -0.03471560776233673, 0.9985884428024292, 0.09691133350133896, 0.21939681470394135, 0.15886211395263672, -0.12224114686250687, 0.04041436314582825, -0.05802496150135994, 0.8989966511726379]
pred step=194 action=[[-0.028391040861606598, -0.03761798143386841, -0.040284931659698486, 0.021154090762138367, 0.016961336135864258, -0.02814769744873047, 0.9920202493667603, 0.09517661482095718, 0.21633648872375488, 0.16316106915473938, -0.11528073251247406, 0.03791359066963196, -0.053124189376831055, 0.8918824195861816]] left_gripper=0.9920202493667603 right_gripper=0.8918824195861816
update step=195 qpos=[-0.02822832018136978, -0.038304414600133896, -0.0364348478615284, 0.020994974300265312, 0.016261570155620575, -0.028985604643821716, 0.9920202493667603, 0.09538263827562332, 0.2166142463684082, 0.1628429889678955, -0.11609907448291779, 0.03823448345065117, -0.053748030215501785, 0.8918824195861816]
pred step=195 action=[[-0.025713641196489334, -0.04542940855026245, -0.0430455207824707, 0.025352761149406433, 0.016040384769439697, -0.03081420063972473, 0.9951523542404175, 0.0921688824892044, 0.21085160970687866, 0.1555417776107788, -0.1053449884057045, 0.03462454676628113, -0.04750823974609375, 0.89421147108078]] left_gripper=0.9951523542404175 right_gripper=0.89421147108078
update step=196 qpos=[-0.02600856125354767, -0.04455770179629326, -0.03637748211622238, 0.024837028235197067, 0.016063638031482697, -0.03058091551065445, 0.9951523542404176, 0.09255196154117584, 0.2115558385848999, 0.15634918212890625, -0.10674016177654266, 0.03508817031979561, -0.048303354531526566, 0.89421147108078]
pred step=196 action=[[-0.020245857536792755, -0.059402406215667725, -0.04899400472640991, 0.023401379585266113, 0.005815684795379639, -0.04032436013221741, 1.0010528564453125, 0.08537697792053223, 0.17931711673736572, 0.13001850247383118, -0.09513093531131744, 0.03599381446838379, -0.041644901037216187, 0.8978305459022522]] left_gripper=1.0010528564453125 right_gripper=0.8978305459022522
update step=197 qpos=[-0.020899368450045586, -0.05755487456917763, -0.0362631119787693, 0.023628903552889824, 0.0070981187745928764, -0.0390833243727684, 1.0, 0.08621333539485931, 0.18313813209533691, 0.13304643332958221, -0.09667190164327621, 0.03589574620127678, -0.042492400854825974, 0.8978305459022522]
pred step=197 action=[[-0.01756766438484192, -0.0898749828338623, -0.07165837287902832, 0.02320621907711029, -0.0038835108280181885, -0.04299023747444153, 0.9917819499969482, 0.07621694356203079, 0.14650583267211914, 0.11516830325126648, -0.09363769739866257, 0.04412877559661865, -0.044468820095062256, 0.9053452014923096]] left_gripper=0.9917819499969482 right_gripper=0.9053452014923096
update step=198 qpos=[-0.017933692783117294, -0.08578239381313324, -0.035856444388628006, 0.023290762677788734, -0.0025035871658474207, -0.042493533343076706, 0.9917819499969482, 0.07736916840076447, 0.15078629553318024, 0.11733394116163254, -0.0940285176038742, 0.043110258877277374, -0.04421433061361313, 0.9053452014923096]
pred step=198 action=[[-0.012885682284832, -0.09975612163543701, -0.07278192043304443, 0.027988553047180176, -0.005625277757644653, -0.04676571488380432, 1.0011961460113525, 0.06891092658042908, 0.12490177154541016, 0.09659785032272339, -0.07584504783153534, 0.037877053022384644, -0.03201556205749512, 0.911227285861969]] left_gripper=1.0011961460113525 right_gripper=0.911227285861969
update step=199 qpos=[-0.013469739817082882, -0.09787511825561523, -0.035683102905750275, 0.027380678802728653, -0.005242223851382732, -0.04622187837958336, 1.0, 0.0699089989066124, 0.12794800102710724, 0.0990498885512352, -0.07818660885095596, 0.03855890780687332, -0.033570047467947006, 0.9112272858619689]
pred step=199 action=[[-0.011834599077701569, -0.11410003900527954, -0.08262264728546143, 0.02936558425426483, -0.007841020822525024, -0.0478004515171051, 0.996864914894104, 0.06424234062433243, 0.11091989278793335, 0.08762428164482117, -0.06317710131406784, 0.03673672676086426, -0.024755388498306274, 0.9081666469573975]] left_gripper=0.996864914894104 right_gripper=0.9081666469573975
update step=200 qpos=[-0.012018661946058273, -0.11189589649438858, -0.03547581657767296, 0.02912237122654915, -0.0075165098533034325, -0.04759969934821129, 0.996864914894104, 0.06490739434957504, 0.11289848387241364, 0.08904663473367691, -0.06507843732833862, 0.036980099976062775, -0.02587790973484516, 0.9081666469573975]
pred step=200 action=[[-0.01906786859035492, -0.03863394260406494, -0.03713506460189819, 0.01603373885154724, -0.030226916074752808, 0.02256906032562256, 1.0217339992523193, 0.10872100293636322, 0.20263755321502686, 0.21343037486076355, -0.16006319224834442, 0.00029399991035461426, -0.09616947174072266, 1.0023161172866821]] left_gripper=1.0217339992523193 right_gripper=1.0023161172866821
update step=201 qpos=[-0.018197163939476013, -0.04706617444753647, -0.03627992793917656, 0.017325013875961304, -0.027334341779351234, 0.01362239196896553, 1.0, 0.10367235541343689, 0.1918083131313324, 0.1993250697851181, -0.14758813381195068, 0.004834150895476341, -0.0872139260172844, 1.0]
pred step=201 action=[[-0.020120888948440552, -0.04442387819290161, -0.04106014966964722, 0.02026611566543579, -0.035213619470596313, 0.03501573204994202, 1.0282880067825317, 0.12531931698322296, 0.25396478176116943, 0.24614551663398743, -0.18341508507728577, 0.002433478832244873, -0.11803050339221954, 1.0171840190887451]] left_gripper=1.0282880067825317 right_gripper=1.0171840190887451
update step=202 qpos=[-0.01988251879811287, -0.04495566710829735, -0.03636864572763443, 0.019890736788511276, -0.03421255201101303, 0.032291341572999954, 1.0, 0.12279991060495377, 0.2468559890985489, 0.2402501404285431, -0.1788848340511322, 0.00268449611030519, -0.11410822719335556, 1.0]
pred step=202 action=[[-0.019775208085775375, -0.04580092430114746, -0.03968900442123413, 0.016580671072006226, -0.03354653716087341, 0.03761056065559387, 1.037390947341919, 0.14783604443073273, 0.3297986388206482, 0.3069835901260376, -0.22394873201847076, 0.005523473024368286, -0.14949259161949158, 1.0374748706817627]] left_gripper=1.037390947341919 right_gripper=1.0374748706817627
update step=203 qpos=[-0.01979023776948452, -0.04566064849495888, -0.036347221583127975, 0.016992958262562752, -0.03363072872161865, 0.036933496594429016, 1.0, 0.1449052393436432, 0.32005250453948975, 0.2992296516895294, -0.21805596351623535, 0.0051084342412650585, -0.14498589932918549, 1.0]
pred step=203 action=[[-0.0224660262465477, -0.04009664058685303, -0.035606443881988525, 0.014627039432525635, -0.03531086444854736, 0.04585146903991699, 1.0462998151779175, 0.18817901611328125, 0.4657520353794098, 0.4061213731765747, -0.29679733514785767, 0.003433912992477417, -0.20961925387382507, 1.0680938959121704]] left_gripper=1.0462998151779175 right_gripper=1.0680938959121704
update step=204 qpos=[-0.02214941382408142, -0.04074814170598984, -0.03571903705596924, 0.014917802065610886, -0.03509189561009407, 0.044714976102113724, 1.0, 0.18312714993953705, 0.44869476556777954, 0.3937000632286072, -0.28650057315826416, 0.003551181172952056, -0.20138691365718842, 1.0]
pred step=204 action=[[-0.024549055844545364, -0.027424871921539307, -0.022359073162078857, 0.007776200771331787, -0.03266620635986328, 0.04571908712387085, 1.0555665493011475, 0.23824062943458557, 0.6361392736434937, 0.5418128967285156, -0.4049428403377533, 0.008665859699249268, -0.285164475440979, 1.1034817695617676]] left_gripper=1.0555665493011475 right_gripper=1.1034817695617676
update step=205 qpos=[-0.024272803217172623, -0.02903546392917633, -0.023857925087213516, 0.008725480176508427, -0.032967787235975266, 0.04559196159243584, 1.0, 0.23179718852043152, 0.6124557256698608, 0.5248278379440308, -0.38939154148101807, 0.007898508571088314, -0.27449461817741394, 1.0]
pred step=205 action=[[-0.022709712386131287, -0.028739333152770996, -0.022889316082000732, 0.0036868005990982056, -0.03240695595741272, 0.04594585299491882, 1.0644712448120117, 0.27749937772750854, 0.7772125005722046, 0.6611790060997009, -0.48700448870658875, 0.018121272325515747, -0.3646889328956604, 1.1076717376708984]] left_gripper=1.0644712448120117 right_gripper=1.1076717376708984
update step=206 qpos=[-0.02289486676454544, -0.028745893388986588, -0.023075470700860023, 0.004308474250137806, -0.0324806310236454, 0.04590073600411415, 1.0, 0.27216652035713196, 0.7580098509788513, 0.6455064415931702, -0.47408148646354675, 0.016724979504942894, -0.3532000482082367, 1.0]
pred step=206 action=[[-0.027224905788898468, -0.029160618782043457, -0.012883186340332031, -0.0028619617223739624, -0.03409871459007263, 0.045482754707336426, 1.075490951538086, 0.35088521242141724, 1.0266541242599487, 0.8643394112586975, -0.640073835849762, 0.027101606130599976, -0.4878206253051758, 1.1684409379959106]] left_gripper=1.075490951538086 right_gripper=1.1684409379959106
update step=207 qpos=[-0.026712946593761444, -0.029144082218408585, -0.013999872840940952, -0.0019033703720197082, -0.033885639160871506, 0.0455363504588604, 1.0, 0.34172362089157104, 0.9434910416603088, 0.8230376243591309, -0.6194514036178589, 0.025593070313334465, -0.4706856906414032, 1.0]
pred step=207 action=[[-0.026091575622558594, -0.03981888294219971, -0.0241815447807312, -0.0010104775428771973, -0.03464481234550476, 0.040380507707595825, 1.0875587463378906, 0.40239423513412476, 1.2110735177993774, 1.0069605112075806, -0.7341480255126953, 0.036787599325180054, -0.5672538876533508, 1.1838066577911377]] left_gripper=1.0875587463378906 right_gripper=1.1838066577911377
update step=208 qpos=[-0.02616298571228981, -0.038501955568790436, -0.023115122690796852, -0.0011771508725360036, -0.03455069661140442, 0.04103773087263107, 1.0, 0.3953706622123718, 1.1285889148712158, 0.9852204322814941, -0.719020664691925, 0.035244278609752655, -0.5549575090408325, 1.0]
pred step=208 action=[[-0.031157854944467545, -0.014565467834472656, -0.004247784614562988, -0.0012285709381103516, -0.02870801091194153, 0.022823244333267212, 1.0665096044540405, 0.45887383818626404, 1.367103099822998, 1.134249210357666, -0.8285101056098938, 0.03202804923057556, -0.6419830918312073, 1.182809829711914]] left_gripper=1.0665096044540405 right_gripper=1.182809829711914
update step=209 qpos=[-0.030580706894397736, -0.017475688830018044, -0.006293723359704018, -0.0011464467970654368, -0.029438532888889313, 0.02514614909887314, 1.0, 0.45160970091819763, 1.309784173965454, 1.1180503368377686, -0.8141297101974487, 0.03230949491262436, -0.6309030652046204, 1.0]
pred step=209 action=[[-0.03330262377858162, -0.02084249258041382, -0.021763622760772705, 0.0063905417919158936, -0.032534897327423096, 0.027251839637756348, 1.0744832754135132, 0.5017328858375549, 1.541629672050476, 1.2717715501785278, -0.9171239137649536, 0.04849699139595032, -0.7336685657501221, 1.195393443107605]] left_gripper=1.0744832754135132 right_gripper=1.195393443107605
update step=210 qpos=[-0.03297773376107216, -0.02035893313586712, -0.0201471745967865, 0.005341085139662027, -0.032137107104063034, 0.02698262222111225, 1.0, 0.4959597885608673, 1.4920992851257324, 1.255352258682251, -0.9034945964813232, 0.04636606574058533, -0.7205742597579956, 1.0]
pred step=210 action=[[-0.03316618129611015, -0.01509171724319458, -0.012936294078826904, 0.010976836085319519, -0.02686905860900879, 0.023269683122634888, 1.0654441118240356, 0.5648304224014282, 1.7130193710327148, 1.4106638431549072, -1.0286866426467896, 0.054353803396224976, -0.8064330816268921, 1.1857330799102783]] left_gripper=1.0654441118240356 right_gripper=1.1857330799102783
update step=211 qpos=[-0.03315490484237671, -0.015787959098815918, -0.013595152646303177, 0.010327046737074852, -0.027535174041986465, 0.02374342456459999, 1.0, 0.5569484233856201, 1.6716032028198242, 1.3938851356506348, -1.0121984481811523, 0.05324374511837959, -0.7954972386360168, 1.0]
pred step=211 action=[[-0.03295573592185974, -0.011172235012054443, -0.021447956562042236, 0.013967707753181458, -0.029302328824996948, 0.02183431386947632, 1.0549629926681519, 0.5980418920516968, 1.8177968263626099, 1.4858736991882324, -1.0764116048812866, 0.059408873319625854, -0.8520079851150513, 1.1974992752075195]] left_gripper=1.0549629926681519 right_gripper=1.1974992752075195
update step=212 qpos=[-0.032975248992443085, -0.01166352815926075, -0.020667504519224167, 0.013442975468933582, -0.0290790107101202, 0.02207747846841812, 1.0, 0.5931797027587891, 1.7994024753570557, 1.4760496616363525, -1.0675544738769531, 0.0586051307618618, -0.8448017239570618, 1.0]
pred step=212 action=[[-0.03245101496577263, -0.006234288215637207, -0.027717411518096924, 0.01576131582260132, -0.02596282958984375, 0.02148503065109253, 1.0565418004989624, 0.619602620601654, 1.8940422534942627, 1.553013801574707, -1.1205437183380127, 0.06799978017807007, -0.8929764032363892, 1.160902738571167]] left_gripper=1.0565418004989624 right_gripper=1.160902738571167
update step=213 qpos=[-0.03251878544688225, -0.006865180563181639, -0.026915637776255608, 0.015438378788530827, -0.02635783888399601, 0.021560650318861008, 1.0, 0.6164395213127136, 1.8818539381027222, 1.5445809364318848, -1.1133390665054321, 0.06680092960596085, -0.8868321180343628, 1.0]
pred step=213 action=[[-0.032937049865722656, -0.013730347156524658, -0.016819655895233154, 0.013653591275215149, -0.026836544275283813, 0.025832802057266235, 1.0489556789398193, 0.6632640361785889, 1.9773212671279907, 1.627716064453125, -1.1764633655548096, 0.08224949240684509, -0.912988543510437, 1.1362510919570923]] left_gripper=1.0489556789398193 right_gripper=1.1362510919570923
update step=214 qpos=[-0.0328877754509449, -0.012988749891519547, -0.017809264361858368, 0.01396499015390873, -0.02677471935749054, 0.025287996977567673, 1.0, 0.6579518914222717, 1.9654380083084106, 1.6182308197021484, -1.1679906845092773, 0.08024488389492035, -0.9096552133560181, 1.0]
pred step=214 action=[[-0.030420303344726562, -0.009829044342041016, -0.027670860290527344, 0.008479893207550049, -0.02353575825691223, 0.02470061182975769, 1.0393074750900269, 0.6792327165603638, 2.0495119094848633, 1.683983564376831, -1.2079830169677734, 0.07762071490287781, -0.955459475517273, 1.0975267887115479]] left_gripper=1.0393074750900269 right_gripper=1.0975267887115479
update step=215 qpos=[-0.030716467648744583, -0.010109573602676392, -0.026763690635561943, 0.009080768562853336, -0.023949919268488884, 0.024775823578238487, 1.0, 0.6764084100723267, 2.0388760566711426, 1.6765937805175781, -1.2025113105773926, 0.07797220349311829, -0.9496143460273743, 1.0]
pred step=215 action=[[-0.0323135107755661, -0.0025261640548706055, -0.03466886281967163, 0.013034224510192871, -0.02212733030319214, 0.021706104278564453, 1.0460366010665894, 0.6864451169967651, 2.0839905738830566, 1.6900458335876465, -1.1938520669937134, 0.07268702983856201, -0.9558322429656982, 1.0733511447906494]] left_gripper=1.0460366010665894 right_gripper=1.0733511447906494
update step=216 qpos=[-0.03212901949882507, -0.003421467263251543, -0.03374237194657326, 0.012505990453064442, -0.022354552522301674, 0.022097758948802948, 1.0, 0.685100793838501, 2.078110933303833, 1.6889148950576782, -1.1947343349456787, 0.07337025552988052, -0.9550368785858154, 1.0]
pred step=216 action=[[-0.030550651252269745, -0.007286190986633301, -0.02673923969268799, 0.013637572526931763, -0.021497011184692383, 0.020068317651748657, 1.0447587966918945, 0.7087283134460449, 2.121351718902588, 1.7272095680236816, -1.2194329500198364, 0.07493692636489868, -0.9599624872207642, 1.025131106376648]] left_gripper=1.0447587966918945 right_gripper=1.025131106376648
update step=217 qpos=[-0.03073780983686447, -0.006891013588756323, -0.027387898415327072, 0.013562391512095928, -0.0216088704764843, 0.020326703786849976, 1.0, 0.7060612440109253, 2.1157615184783936, 1.7228972911834717, -1.2160823345184326, 0.07471858710050583, -0.9593340158462524, 1.0]
pred step=217 action=[[-0.027107425034046173, -0.014149129390716553, -0.03219121694564819, 0.01975710690021515, -0.01894935965538025, 0.012419849634170532, 1.022498369216919, 0.7353817224502563, 2.1662137508392334, 1.7552430629730225, -1.240236759185791, 0.07047787308692932, -0.9771169424057007, 0.9222469329833984]] left_gripper=1.022498369216919 right_gripper=0.9222469329833984
update step=218 qpos=[-0.02753770723938942, -0.013267416507005692, -0.03168009594082832, 0.018948880955576897, -0.019293809309601784, 0.01342757698148489, 1.0, 0.7318769693374634, 2.1598713397979736, 1.751589059829712, -1.2369657754898071, 0.07100416719913483, -0.9748486280441284, 0.9222469329833984]
pred step=218 action=[[-0.02705545723438263, -0.003986716270446777, -0.035705387592315674, 0.021173745393753052, -0.01604604721069336, 0.00851944088935852, 1.0309392213821411, 0.7249503135681152, 2.1695170402526855, 1.7599663734436035, -1.242311716079712, 0.07078245282173157, -0.9854345321655273, 0.941608190536499]] left_gripper=1.0309392213821411 right_gripper=0.941608190536499
update step=219 qpos=[-0.02711743302643299, -0.0050638034008443356, -0.035299334675073624, 0.020855886861681938, -0.016457920894026756, 0.009145007468760014, 1.0, 0.7252143025398254, 2.168003559112549, 1.7591664791107178, -1.2415781021118164, 0.07085468620061874, -0.9840810894966125, 0.941608190536499]
pred step=219 action=[[-0.024919837713241577, -0.021755337715148926, -0.03497129678726196, 0.022599175572395325, -0.014790505170822144, 0.008480966091156006, 1.0152666568756104, 0.7480982542037964, 2.18155574798584, 1.7854957580566406, -1.2789984941482544, 0.08055517077445984, -0.996628999710083, 0.8130595684051514]] left_gripper=1.0152666568756104 right_gripper=0.8130595684051514
update step=220 qpos=[-0.025181366130709648, -0.019819937646389008, -0.03487643972039223, 0.022428659722208977, -0.01500574592500925, 0.008565175347030163, 1.0, 0.7457874417304993, 2.179884433746338, 1.7822296619415283, -1.2742149829864502, 0.07928135991096497, -0.9950337409973145, 0.8130595684051514]
pred step=220 action=[[-0.02411036193370819, -0.03125661611557007, -0.03373318910598755, 0.020826786756515503, -0.014344662427902222, 0.014032095670700073, 1.0142784118652344, 0.752991795539856, 2.184058427810669, 1.7623329162597656, -1.264646291732788, 0.08142071962356567, -0.9753316640853882, 0.73250412940979]] left_gripper=1.0142784118652344 right_gripper=0.73250412940979
update step=221 qpos=[-0.02423800341784954, -0.029903259128332138, -0.03386523202061653, 0.02104298211634159, -0.014429740607738495, 0.013334964402019978, 1.0, 0.7518388032913208, 2.183525800704956, 1.7647737264633179, -1.2658973932266235, 0.08116727322340012, -0.9778437614440918, 0.73250412940979]
pred step=221 action=[[-0.023516900837421417, -0.030984103679656982, -0.03820919990539551, 0.021472454071044922, -0.010773986577987671, 0.01288333535194397, 1.017472505569458, 0.7639385461807251, 2.2096199989318848, 1.7894306182861328, -1.2684259414672852, 0.07967442274093628, -0.9919755458831787, 0.6538946032524109]] left_gripper=1.017472505569458 right_gripper=0.6538946032524109
update step=222 qpos=[-0.023608718067407608, -0.030742663890123367, -0.036488961428403854, 0.021347016096115112, -0.01123741827905178, 0.01294139213860035, 1.0, 0.7625440955162048, 2.206296682357788, 1.7866580486297607, -1.2679443359375, 0.07985871285200119, -0.9901703000068665, 0.6538946032524109]
pred step=222 action=[[-0.021310828626155853, -0.03535139560699463, -0.038492560386657715, 0.018226072192192078, -0.011313289403915405, 0.010839253664016724, 1.0154554843902588, 0.7602889537811279, 2.2145066261291504, 1.7804811000823975, -1.2617881298065186, 0.08061173558235168, -0.979770302772522, 0.6039655804634094]] left_gripper=1.0154554843902588 right_gripper=0.6039655804634094
update step=223 qpos=[-0.02158021554350853, -0.03478178754448891, -0.0364501029253006, 0.018627949059009552, -0.011308404617011547, 0.0111070042476058, 1.0, 0.760321319103241, 2.2133898735046387, 1.7813390493392944, -1.2625494003295898, 0.08053508400917053, -0.9810953736305237, 0.6039655804634094]
pred step=223 action=[[-0.021831165999174118, -0.02924633026123047, -0.03942972421646118, 0.02647501230239868, -0.007250040769577026, 0.0057420432567596436, 1.0154575109481812, 0.7729557752609253, 2.219041585922241, 1.8055191040039062, -1.2818145751953125, 0.08525541424751282, -0.9996068477630615, 0.5038719177246094]] left_gripper=1.0154575109481812 right_gripper=0.5038719177246094
update step=224 qpos=[-0.02180907502770424, -0.0300600528717041, -0.03650335222482681, 0.02548486553132534, -0.007763161789625883, 0.0064262100495398045, 1.0, 0.7716487646102905, 2.218266725540161, 1.8026182651519775, -1.279308557510376, 0.0846371203660965, -0.997246265411377, 0.5038719177246094]
pred step=224 action=[[-0.02051324024796486, -0.04378312826156616, -0.03781801462173462, 0.02003432810306549, -0.009812533855438232, 0.0052315592765808105, 1.0058609247207642, 0.769787073135376, 2.22979736328125, 1.7979590892791748, -1.2796781063079834, 0.08295261859893799, -0.9980634450912476, 0.44752025604248047]] left_gripper=1.0058609247207642 right_gripper=0.44752025604248047
update step=225 qpos=[-0.020661339163780212, -0.04215482622385025, -0.03637192025780678, 0.020756568759679794, -0.009556083008646965, 0.005383331794291735, 1.0, 0.7697682976722717, 2.2284624576568604, 1.798506736755371, -1.2796250581741333, 0.08318425714969635, -0.997958779335022, 0.44752025604248047]
pred step=225 action=[[-0.020029153674840927, -0.03664135932922363, -0.031733572483062744, 0.03197392821311951, -0.007503241300582886, 0.004716843366622925, 1.009894847869873, 0.7742776870727539, 2.2034897804260254, 1.7782843112945557, -1.2723772525787354, 0.08522918820381165, -0.9846184253692627, 0.3707360029220581]] left_gripper=1.009894847869873 right_gripper=0.3707360029220581
update step=226 qpos=[-0.020107274875044823, -0.037329383194446564, -0.03219657391309738, 0.030577462166547775, -0.007764196954667568, 0.004801802337169647, 1.0, 0.7738397717475891, 2.2063236236572266, 1.780778408050537, -1.2733999490737915, 0.0849592462182045, -0.9863227009773254, 0.3707360029220581]
pred step=226 action=[[-0.02266550436615944, -0.03316688537597656, -0.0351681113243103, 0.024852991104125977, -0.0036503970623016357, 0.004733443260192871, 1.0116603374481201, 0.772284984588623, 2.22393798828125, 1.7965686321258545, -1.2739920616149902, 0.08004382252693176, -0.9928834438323975, 0.3236329257488251]] left_gripper=1.0116603374481201 right_gripper=0.3236329257488251
update step=227 qpos=[-0.022373298183083534, -0.03361012041568756, -0.034953273832798004, 0.025533387437462807, -0.004165084566920996, 0.00474266242235899, 1.0, 0.7723848223686218, 2.222001314163208, 1.794634222984314, -1.2738209962844849, 0.08067624270915985, -0.9920434951782227, 0.3236329257488251]
pred step=227 action=[[-0.02192140370607376, -0.029986917972564697, -0.03287762403488159, 0.021669000387191772, -0.004097193479537964, 0.002073526382446289, 1.0146355628967285, 0.7755997180938721, 2.2342617511749268, 1.8190858364105225, -1.2924178838729858, 0.08571520447731018, -0.9938622713088989, 0.2970642149448395]] left_gripper=1.0146355628967285 right_gripper=0.2970642149448395
update step=228 qpos=[-0.02197474241256714, -0.03042842447757721, -0.033089570701122284, 0.02217100001871586, -0.004106672015041113, 0.0024137927684932947, 1.0, 0.7752721309661865, 2.232654094696045, 1.816180944442749, -1.2899806499481201, 0.08507143706083298, -0.9936299920082092, 0.2970642149448395]
pred step=228 action=[[-0.022949736565351486, -0.03068917989730835, -0.035174787044525146, 0.025296390056610107, -0.00433841347694397, 0.0028547942638397217, 1.0070984363555908, 0.7786480188369751, 2.2188262939453125, 1.804602861404419, -1.2827705144882202, 0.08531895279884338, -0.9941041469573975, 0.255635142326355]] left_gripper=1.0070984363555908 right_gripper=0.255635142326355
update step=229 qpos=[-0.0228347759693861, -0.030656173825263977, -0.03493131324648857, 0.024893544614315033, -0.004307104274630547, 0.002798516070470214, 1.0, 0.7782342433929443, 2.220547914505005, 1.805966854095459, -1.2837423086166382, 0.08528587222099304, -0.9940446615219116, 0.255635142326355]
pred step=229 action=[[-0.023055844008922577, -0.028990209102630615, -0.03578758239746094, 0.027052000164985657, -0.0062548816204071045, 0.003166288137435913, 1.0104913711547852, 0.7718609571456909, 2.2256827354431152, 1.812788486480713, -1.2947216033935547, 0.08854728937149048, -0.9924370050430298, 0.2346338927745819]] left_gripper=1.0104913711547852 right_gripper=0.2346338927745819
update step=230 qpos=[-0.023026050999760628, -0.029189379885792732, -0.03568250685930252, 0.02677568607032299, -0.006008188705891371, 0.0031193201430141926, 1.0, 0.7724835276603699, 2.2251205444335938, 1.8118934631347656, -1.293323278427124, 0.08814564347267151, -0.9926415085792542, 0.23463389277458188]
pred step=230 action=[[-0.02316158637404442, -0.02572578191757202, -0.032082200050354004, 0.03184683620929718, -0.003481626510620117, -0.004971563816070557, 1.0072076320648193, 0.7742973566055298, 2.2210798263549805, 1.8117656707763672, -1.3073643445968628, 0.08911120891571045, -0.9918816089630127, 0.20077729225158691]] left_gripper=1.0072076320648193 right_gripper=0.20077729225158691
update step=231 qpos=[-0.02314983494579792, -0.0261610746383667, -0.03244071453809738, 0.031226197257637978, -0.003801775863394141, -0.00393983768299222, 1.0, 0.7742205858230591, 2.2215075492858887, 1.811721920967102, -1.305632472038269, 0.08897659182548523, -0.9919804930686951, 0.20077729225158691]
pred step=231 action=[[-0.02450510486960411, -0.026554107666015625, -0.03030616044998169, 0.028165727853775024, -0.0066054463386535645, 0.00041934847831726074, 1.0073952674865723, 0.7693746089935303, 2.225107431411743, 1.826244831085205, -1.3157140016555786, 0.09234234690666199, -0.9981511831283569, 0.17593035101890564]] left_gripper=1.0073952674865723 right_gripper=0.17593035101890564
update step=232 qpos=[-0.02434079721570015, -0.026499252766370773, -0.03057989478111267, 0.028554007411003113, -0.006247678771615028, -0.0001368587982142344, 1.0, 0.7698538899421692, 2.2247297763824463, 1.8244435787200928, -1.3144009113311768, 0.0919245183467865, -0.9973630309104919, 0.17593035101890564]
pred step=232 action=[[-0.02392737567424774, -0.02779245376586914, -0.028991520404815674, 0.028175264596939087, -0.003921449184417725, -0.0007195770740509033, 1.0072627067565918, 0.7738513946533203, 2.215008497238159, 1.8009521961212158, -1.2852942943572998, 0.08527210354804993, -0.9762769937515259, 0.1598108410835266]] left_gripper=1.0072627067565918 right_gripper=0.1598108410835266
update step=233 qpos=[-0.023980846628546715, -0.027643591165542603, -0.029166851192712784, 0.028231190517544746, -0.004216528031975031, -0.0006449650973081589, 1.0, 0.7735229134559631, 2.216254711151123, 1.8038561344146729, -1.289015531539917, 0.086105577647686, -0.9789679646492004, 0.1598108410835266]
pred step=233 action=[[-0.02348412200808525, -0.02747499942779541, -0.032829999923706055, 0.030685916543006897, -0.006636500358581543, 0.0017356574535369873, 1.0048168897628784, 0.7733441591262817, 2.2134580612182617, 1.83323073387146, -1.3330676555633545, 0.09638947248458862, -1.003218412399292, 0.09391206502914429]] left_gripper=1.0048168897628784 right_gripper=0.09391206502914429
update step=234 qpos=[-0.023537687957286835, -0.02747848816215992, -0.03244217112660408, 0.03035299852490425, -0.006331192795187235, 0.0014319152105599642, 1.0, 0.7732696533203125, 2.2137527465820312, 1.82951819896698, -1.3274918794631958, 0.09508790075778961, -1.0001246929168701, 0.09391206502914429]
pred step=234 action=[[-0.02294722944498062, -0.029842257499694824, -0.029087364673614502, 0.031738996505737305, -0.005374133586883545, -0.004414856433868408, 1.0114234685897827, 0.7807035446166992, 2.2303626537323, 1.851900339126587, -1.344505786895752, 0.08946859836578369, -1.0032352209091187, 0.09333968162536621]] left_gripper=1.0114234685897827 right_gripper=0.09333968162536621
update step=235 qpos=[-0.023017732426524162, -0.029591714963316917, -0.02940170280635357, 0.03159518167376518, -0.005497167818248272, -0.003669316880404949, 1.0, 0.7799286842346191, 2.2285406589508057, 1.8490877151489258, -1.342276692390442, 0.09017156064510345, -1.0028398036956787, 0.09333968162536621]
pred step=235 action=[[-0.02179199829697609, -0.030907094478607178, -0.0302121639251709, 0.027951553463935852, -0.0066842734813690186, -0.004119962453842163, 1.0091493129730225, 0.7818930149078369, 2.2221262454986572, 1.8458502292633057, -1.3402135372161865, 0.08830872178077698, -1.002119541168213, 0.07895171642303467]] left_gripper=1.0091493129730225 right_gripper=0.07895171642303467
update step=236 qpos=[-0.021933268755674362, -0.03072897344827652, -0.030178191140294075, 0.028396794572472572, -0.0065367440693080425, -0.004062986467033625, 1.0, 0.7815461158752441, 2.2228305339813232, 1.8462769985198975, -1.3404935598373413, 0.08855108916759491, -1.002211570739746, 0.07895171642303467]
pred step=236 action=[[-0.023369383066892624, -0.03389883041381836, -0.03552192449569702, 0.027246862649917603, -0.006625264883041382, -0.0028437376022338867, 1.0033140182495117, 0.7830395698547363, 2.2316932678222656, 1.8665413856506348, -1.363617181777954, 0.09743300080299377, -1.0221997499465942, 0.044797658920288086]] left_gripper=1.0033140182495117 right_gripper=0.044797658920288086
update step=237 qpos=[-0.02320052497088909, -0.03350493684411049, -0.034938644617795944, 0.027370110154151917, -0.006611147429794073, -0.0029990775510668755, 1.0, 0.7828410267829895, 2.230668067932129, 1.8639909029006958, -1.3606561422348022, 0.09630578756332397, -1.0196497440338135, 0.04479765892028809]
pred step=237 action=[[-0.024003569036722183, -0.02408391237258911, -0.03203606605529785, 0.03574313223361969, -0.005548834800720215, -0.0005923211574554443, 1.013715147972107, 0.7811760902404785, 2.2259857654571533, 1.8823072910308838, -1.3768410682678223, 0.09972888231277466, -1.0152056217193604, 0.012417197227478027]] left_gripper=1.013715147972107 right_gripper=0.012417197227478027
update step=238 qpos=[-0.02391199581325054, -0.025233395397663116, -0.03229488059878349, 0.034701187163591385, -0.005681119859218597, -0.0008989618509076536, 1.0, 0.7813335061073303, 2.2266061305999756, 1.8800160884857178, -1.374769926071167, 0.09929879009723663, -1.0157736539840698, 0.012417197227478019]
pred step=238 action=[[-0.024016577750444412, -0.027272284030914307, -0.03281658887863159, 0.02845531702041626, -0.006263673305511475, 0.0006261765956878662, 1.0085492134094238, 0.7742758989334106, 2.2276504039764404, 1.890821933746338, -1.3880903720855713, 0.10060027241706848, -1.0124866962432861, -0.0029066801071166992]] left_gripper=1.0085492134094238 right_gripper=-0.0029066801071166992
update step=239 qpos=[-0.024003418162465096, -0.027008967474102974, -0.03280915319919586, 0.029234981164336205, -0.006189578212797642, 0.00043183122761547565, 1.0, 0.7750661969184875, 2.2276830673217773, 1.8893842697143555, -1.3863976001739502, 0.10044173896312714, -1.0129060745239258, 0.0]
pred step=239 action=[[-0.023712337017059326, -0.03290104866027832, -0.03572201728820801, 0.021449357271194458, -0.009004175662994385, -0.0012644529342651367, 1.00139582157135, 0.7798713445663452, 2.224863052368164, 1.8898682594299316, -1.3934036493301392, 0.1012033224105835, -1.022220492362976, -0.021382629871368408]] left_gripper=1.00139582157135 right_gripper=-0.021382629871368408
update step=240 qpos=[-0.023740502074360847, -0.032185234129428864, -0.035423725843429565, 0.022424127906560898, -0.008649296127259731, -0.0010483174119144678, 1.0, 0.7794824242591858, 2.22522234916687, 1.8897563219070435, -1.3925429582595825, 0.10109014809131622, -1.0210336446762085, 0.0]
pred step=240 action=[[-0.022615354508161545, -0.032854437828063965, -0.03574693202972412, 0.020158424973487854, -0.008597016334533691, 0.00658145546913147, 1.0088937282562256, 0.7792466878890991, 2.2273406982421875, 1.8973872661590576, -1.395709753036499, 0.10348355770111084, -1.008161187171936, -0.012217283248901367]] left_gripper=1.0088937282562256 right_gripper=-0.012217283248901367
update step=241 qpos=[-0.02274848148226738, -0.032779693603515625, -0.035698503255844116, 0.02044876292347908, -0.008605200797319412, 0.005608513019979, 1.0, 0.7791749835014343, 2.2271246910095215, 1.8964476585388184, -1.3952809572219849, 0.10318799316883087, -1.0098031759262085, 0.0]
pred step=241 action=[[-0.02438100054860115, -0.02922910451889038, -0.032757580280303955, 0.027054861187934875, -0.006348133087158203, -0.0031927824020385742, 1.0048450231552124, 0.7774271965026855, 2.2197461128234863, 1.9110758304595947, -1.4184417724609375, 0.09991103410720825, -1.0166966915130615, -0.051661908626556396]] left_gripper=1.0048450231552124 right_gripper=-0.051661908626556396
update step=242 qpos=[-0.024192683398723602, -0.02967553399503231, -0.033036794513463974, 0.026237748563289642, -0.006631144322454929, -0.0020699973683804274, 1.0, 0.777631938457489, 2.220682382583618, 1.9091764688491821, -1.415529727935791, 0.10032570362091064, -1.0158179998397827, 0.0]
pred step=242 action=[[-0.023447029292583466, -0.03415125608444214, -0.030535459518432617, 0.024819672107696533, -0.007283002138137817, -0.008468925952911377, 1.0073273181915283, 0.7814321517944336, 2.222275733947754, 1.9259309768676758, -1.4341702461242676, 0.09491071105003357, -1.0180171728134155, -0.042900264263153076]] left_gripper=1.0073273181915283 right_gripper=-0.042900264263153076
update step=243 qpos=[-0.023532750084996223, -0.033623818308115005, -0.03081938438117504, 0.02501252479851246, -0.0072027407586574554, -0.007653648965060711, 1.0, 0.781057596206665, 2.222252368927002, 1.9237492084503174, -1.4317959547042847, 0.09558913111686707, -1.017737627029419, 0.0]
pred step=243 action=[[-0.02444552630186081, -0.031398773193359375, -0.0301477313041687, 0.030227303504943848, -0.00939604640007019, -0.005285978317260742, 1.0124057531356812, 0.7773129940032959, 2.2212605476379395, 1.9441077709197998, -1.4607977867126465, 0.10435560345649719, -1.0146353244781494, -0.06585037708282471]] left_gripper=1.0124057531356812 right_gripper=-0.06585037708282471
update step=244 qpos=[-0.02433393895626068, -0.03166507929563522, -0.03022296167910099, 0.02956516668200493, -0.009116762317717075, -0.005588211584836245, 1.0, 0.7776254415512085, 2.2214388847351074, 1.9414927959442139, -1.4571276903152466, 0.10325255990028381, -1.0150314569473267, 0.0]
pred step=244 action=[[-0.021919813007116318, -0.029537856578826904, -0.02605569362640381, 0.027447819709777832, -0.00810500979423523, -0.011311471462249756, 1.0112085342407227, 0.7800976037979126, 2.2097272872924805, 1.9303267002105713, -1.4437602758407593, 0.0960618257522583, -1.0002188682556152, -0.05268740653991699]] left_gripper=1.0112085342407227 right_gripper=-0.05268740653991699
update step=245 qpos=[-0.022204682230949402, -0.029796648770570755, -0.02653043530881405, 0.027729744091629982, -0.00823858380317688, -0.010581833310425282, 1.0, 0.7799243330955505, 2.211308479309082, 1.931641936302185, -1.4454833269119263, 0.09696490317583084, -1.0021092891693115, 0.0]
pred step=245 action=[[-0.025753319263458252, -0.029954969882965088, -0.027378618717193604, 0.022592782974243164, -0.012068480253219604, -0.004000723361968994, 1.0102312564849854, 0.7730185985565186, 2.209418773651123, 1.951894998550415, -1.4723725318908691, 0.09845834970474243, -1.0208323001861572, -0.08899432420730591]] left_gripper=1.0102312564849854 right_gripper=-0.08899432420730591
update step=246 qpos=[-0.025329092517495155, -0.029912948608398438, -0.027341119945049286, 0.023226335644721985, -0.011576502583920956, -0.0048399511724710464, 1.0, 0.7736988663673401, 2.209707498550415, 1.9492980241775513, -1.4689675569534302, 0.09827964752912521, -1.018442988395691, 0.0]
pred step=246 action=[[-0.02485816553235054, -0.03551042079925537, -0.027271151542663574, 0.021513402462005615, -0.015236586332321167, -0.007973551750183105, 1.0098148584365845, 0.7740318775177002, 2.200831651687622, 1.9655663967132568, -1.4845103025436401, 0.08941364288330078, -1.0229580402374268, -0.08842223882675171]] left_gripper=1.0098148584365845 right_gripper=-0.08842223882675171
update step=247 qpos=[-0.024906100705266, -0.03485771641135216, -0.0272478386759758, 0.021744178608059883, -0.014775516465306282, -0.007573999464511871, 1.0, 0.7741338610649109, 2.202099323272705, 1.9634417295455933, -1.4825401306152344, 0.09052733331918716, -1.0223841667175293, 0.0]
pred step=247 action=[[-0.02476320043206215, -0.03879523277282715, -0.023141682147979736, 0.01455831527709961, -0.015014737844467163, -0.009046226739883423, 1.006182074546814, 0.7762562036514282, 2.194392204284668, 1.9644875526428223, -1.482000708580017, 0.08655369281768799, -1.0143946409225464, -0.11626696586608887]] left_gripper=1.006182074546814 right_gripper=-0.11626696586608887
update step=248 qpos=[-0.024779142811894417, -0.038333773612976074, -0.023615268990397453, 0.015487166121602058, -0.014985308982431889, -0.008858708664774895, 1.0, 0.7760111093521118, 2.1955337524414062, 1.9642586708068848, -1.4820786714553833, 0.0870552808046341, -1.0154144763946533, 0.0]
pred step=248 action=[[-0.02486428990960121, -0.043952226638793945, -0.020637035369873047, 0.008806869387626648, -0.016748905181884766, -0.005567282438278198, 1.0014793872833252, 0.7686761617660522, 2.1822304725646973, 1.9549291133880615, -1.478885293006897, 0.07809531688690186, -1.0065845251083374, -0.09674930572509766]] left_gripper=1.0014793872833252 right_gripper=-0.09674930572509766
update step=249 qpos=[-0.024851087480783463, -0.04328455775976181, -0.020994799211621284, 0.009664901532232761, -0.016525542363524437, -0.005987092852592468, 1.0, 0.7694231867790222, 2.183936595916748, 1.956000804901123, -1.4793415069580078, 0.07924311608076096, -1.0077109336853027, 0.0]
pred step=249 action=[[-0.02369922399520874, -0.051083505153656006, -0.023620426654815674, -0.00024816393852233887, -0.018871039152145386, -0.0038485825061798096, 0.9968005418777466, 0.765692949295044, 2.1696128845214844, 1.9505665302276611, -1.4858448505401611, 0.06889832019805908, -1.0063550472259521, -0.09826886653900146]] left_gripper=0.9968005418777466 right_gripper=-0.09826886653900146
update step=250 qpos=[-0.023829976096749306, -0.050129543989896774, -0.02339240163564682, 0.0009887671330943704, -0.018576867878437042, -0.004121317062526941, 0.9968005418777466, 0.7662187218666077, 2.171452522277832, 1.9511082172393799, -1.4850897789001465, 0.0702037364244461, -1.0065295696258545, 0.0]
pred step=250 action=[[0.009235315024852753, -0.01556551456451416, -0.017766475677490234, 0.00786280632019043, 0.011980146169662476, -0.021478384733200073, 1.0261290073394775, 0.6870144605636597, 2.2463135719299316, 2.0107669830322266, -1.3288662433624268, -0.025207817554473877, -0.845456600189209, 0.10616987943649292]] left_gripper=1.0261290073394775 right_gripper=0.10616987943649292
update step=251 qpos=[0.00529094971716404, -0.019664891064167023, -0.01843421161174774, 0.006973499897867441, 0.008049827069044113, -0.019266579300165176, 1.0, 0.6963321566581726, 2.2377359867095947, 2.0046515464782715, -1.3477152585983276, -0.013015787117183208, -0.865984320640564, 0.10616987943649292]
pred step=251 action=[[0.005536288022994995, -0.012676477432250977, -0.01211637258529663, 0.009111180901527405, 0.0131913423538208, -0.025392621755599976, 1.0264806747436523, 0.6766541004180908, 2.2296981811523438, 1.9902091026306152, -1.285596251487732, -0.06880387663841248, -0.8110252618789673, 0.09831500053405762]] left_gripper=1.0264806747436523 right_gripper=0.09831500053405762
update step=252 qpos=[0.005502612795680761, -0.013532501645386219, -0.012771427631378174, 0.008873534388840199, 0.012541575357317924, -0.024612128734588623, 1.0, 0.680213987827301, 2.230695962905884, 1.9923193454742432, -1.2933366298675537, -0.06179800257086754, -0.818032443523407, 0.09831500053405762]
pred step=252 action=[[0.002489648759365082, -0.0024016499519348145, -0.005859434604644775, 0.014997780323028564, 0.01776912808418274, -0.021543264389038086, 1.0266485214233398, 0.6563262939453125, 2.2024803161621094, 1.931474208831787, -1.1964672803878784, -0.1256680190563202, -0.7742865681648254, 0.09978699684143066]] left_gripper=1.0266485214233398 right_gripper=0.09978699684143066
update step=253 qpos=[0.0028323554433882236, -0.0037352980580180883, -0.006634571589529514, 0.014237661845982075, 0.017115142196416855, -0.02193419821560383, 1.0, 0.6592128276824951, 2.206155776977539, 1.93915593624115, -1.2087632417678833, -0.1175457313656807, -0.7798647284507751, 0.09978699684143066]
pred step=253 action=[[0.0007884278893470764, -0.010955214500427246, -0.006983339786529541, 0.010852962732315063, 0.011379927396774292, -0.02163258194923401, 1.0288691520690918, 0.6345071792602539, 2.157680034637451, 1.8649494647979736, -1.0684897899627686, -0.20725424587726593, -0.7247567772865295, 0.06431126594543457]] left_gripper=1.0288691520690918 right_gripper=0.06431126594543457
update step=254 qpos=[0.0010394627461209893, -0.010085261426866055, -0.006975380703806877, 0.011278755031526089, 0.01210942491889, -0.021671030670404434, 1.0, 0.6376590132713318, 2.164088726043701, 1.8742650747299194, -1.086297631263733, -0.19585730135440826, -0.731786847114563, 0.06431126594543457]
pred step=254 action=[[-0.0027631819248199463, -0.017626941204071045, -0.020009934902191162, 0.018461376428604126, 0.0064415037631988525, -0.01906764507293701, 1.029473066329956, 0.5964823961257935, 2.099771022796631, 1.7170143127441406, -0.8382506370544434, -0.3322524130344391, -0.6424695253372192, 0.05277782678604126]] left_gripper=1.029473066329956 right_gripper=0.05277782678604126
update step=255 qpos=[-0.0023056373465806246, -0.016699109226465225, -0.018561700358986855, 0.01749943569302559, 0.007165524642914534, -0.019399534910917282, 1.0, 0.6013644337654114, 2.1073005199432373, 1.7355254888534546, -0.9016159176826477, -0.3149504065513611, -0.6538705825805664, 0.05277782678604126]
pred step=255 action=[[-0.0059843286871910095, -0.016874253749847412, -0.024139821529388428, 0.02436688542366028, 0.007811695337295532, -0.02641722559928894, 1.029020071029663, 0.5494750142097473, 2.0379109382629395, 1.577803373336792, -0.5962153673171997, -0.4615447521209717, -0.553074836730957, 0.04801875352859497]] left_gripper=1.029020071029663 right_gripper=0.04801875352859497
update step=256 qpos=[-0.005553482566028833, -0.01686837337911129, -0.023442739620804787, 0.023492954671382904, 0.007736395578831434, -0.025521965697407722, 1.0, 0.5556064248085022, 2.0457584857940674, 1.5967499017715454, -0.7141232490539551, -0.4429502487182617, -0.5659397840499878, 0.04801875352859497]
pred step=256 action=[[-0.010859809815883636, -0.00449979305267334, -0.019098520278930664, 0.03264215588569641, 0.019589364528656006, -0.01914113759994507, 1.0351948738098145, 0.5150511264801025, 2.0097012519836426, 1.4883443117141724, -0.4287137985229492, -0.5716828107833862, -0.49194079637527466, 0.04176539182662964]] left_gripper=1.0351948738098145 right_gripper=0.04176539182662964
update step=257 qpos=[-0.01026279479265213, -0.005998344626277685, -0.019526703283190727, 0.031503308564424515, 0.018102817237377167, -0.019953716546297073, 1.0, 0.5201547145843506, 2.0137240886688232, 1.5011811256408691, -0.5266542434692383, -0.5553872585296631, -0.5013849139213562, 0.04176539182662964]
pred step=257 action=[[-0.007927954196929932, -0.024250566959381104, -0.025768399238586426, 0.026828214526176453, 0.002970963716506958, -0.03169688582420349, 1.0325554609298706, 0.4807943105697632, 1.9432618618011475, 1.3632196187973022, -0.17822568118572235, -0.7098202705383301, -0.3880894184112549, 0.012371361255645752]] left_gripper=1.0325554609298706 right_gripper=0.012371361255645752
update step=258 qpos=[-0.008170598186552525, -0.022064266726374626, -0.025082210078835487, 0.027408761903643608, 0.004878334701061249, -0.0302005335688591, 1.0, 0.48547685146331787, 1.9510959386825562, 1.3797316551208496, -0.3370313048362732, -0.6902873516082764, -0.4025537371635437, 0.012371361255645762]
pred step=258 action=[[-0.00824715942144394, -0.035658299922943115, -0.020864367485046387, 0.02409309148788452, -0.0017569363117218018, -0.025552421808242798, 1.0329046249389648, 0.4527122676372528, 1.890988826751709, 1.2469522953033447, 0.031299106776714325, -0.8045897483825684, -0.3225020170211792, 0.021470069885253906]] left_gripper=1.0329046249389648 right_gripper=0.021470069885253906
update step=259 qpos=[-0.008224629797041416, -0.034085486084222794, -0.021262366324663162, 0.024562496691942215, -0.0009186542010866106, -0.026145996525883675, 1.0, 0.4565339982509613, 1.8976303339004517, 1.2627395391464233, -0.14629437029361725, -0.7901679873466492, -0.33272385597229004, 0.021470069885253896]
pred step=259 action=[[-0.004660025238990784, -0.04269826412200928, -0.022030889987945557, 0.019587859511375427, -0.013394832611083984, -0.027890056371688843, 1.0304298400878906, 0.4184489846229553, 1.8354439735412598, 1.1225535869598389, 0.26770445704460144, -0.926181972026825, -0.2462681382894516, 0.014577150344848633]] left_gripper=1.0304298400878906 right_gripper=0.014577150344848633
update step=260 qpos=[-0.005052644293755293, -0.041656043380498886, -0.022003531455993652, 0.02020725980401039, -0.01182589028030634, -0.027668606489896774, 1.0, 0.4226876497268677, 1.8420711755752563, 1.1392605304718018, 0.046186402440071106, -0.9090364575386047, -0.2573115825653076, 0.01457715034484864]
pred step=260 action=[[-0.002120867371559143, -0.053727567195892334, -0.024482786655426025, 0.016437888145446777, -0.021768391132354736, -0.03453370928764343, 1.0269200801849365, 0.3977512717247009, 1.8114714622497559, 1.031215786933899, 0.43611252307891846, -1.0163404941558838, -0.1889917403459549, -0.0049890875816345215]] left_gripper=1.0269200801849365 right_gripper=-0.0049890875816345215
update step=261 qpos=[-0.002443148521706462, -0.0522942841053009, -0.024197354912757874, 0.016918469220399857, -0.020519621670246124, -0.033659469336271286, 1.0, 0.40065646171569824, 1.814560890197754, 1.0440196990966797, 0.23907549679279327, -1.0028387308120728, -0.1977194845676422, 0.0]
pred step=261 action=[[0.002419412136077881, -0.06772774457931519, -0.031149089336395264, 0.005714550614356995, -0.033676713705062866, -0.03520318865776062, 1.026538372039795, 0.37352627515792847, 1.7651196718215942, 0.9462856650352478, 0.5926611423492432, -1.1049823760986328, -0.13291890919208527, -0.02269291877746582]] left_gripper=1.026538372039795 right_gripper=-0.02269291877746582
update step=262 qpos=[0.0018760960083454847, -0.0658649280667305, -0.03042028658092022, 0.007109109777957201, -0.032025061547756195, -0.0350080281496048, 1.0, 0.3765124976634979, 1.7702336311340332, 0.9578948020935059, 0.4315950870513916, -1.0921618938446045, -0.14119529724121094, 0.0]
pred step=262 action=[[0.0039963498711586, -0.07126516103744507, -0.02986288070678711, -0.0010455548763275146, -0.043473780155181885, -0.03066307306289673, 1.02861487865448, 0.36246323585510254, 1.7167621850967407, 0.8818092346191406, 0.6970462203025818, -1.1595937013626099, -0.08819928765296936, -0.015779078006744385]] left_gripper=1.02861487865448 right_gripper=-0.015779078006744385
update step=263 qpos=[0.0037714047357439995, -0.07063426077365875, -0.02990972250699997, 1.1151132639497519e-06, -0.04203205183148384, -0.031218020245432854, 1.0, 0.36409035325050354, 1.722757339477539, 0.8906177282333374, 0.6188278198242188, -1.1511754989624023, -0.09496430307626724, 0.0]
pred step=263 action=[[0.005302920937538147, -0.0805521011352539, -0.03551274538040161, -0.000989764928817749, -0.046536803245544434, -0.029880106449127197, 1.027945876121521, 0.3551514148712158, 1.7098708152770996, 0.8547770977020264, 0.7536080479621887, -1.1904723644256592, -0.060794293880462646, -0.02061593532562256]] left_gripper=1.027945876121521 right_gripper=-0.02061593532562256
update step=264 qpos=[0.005132538266479969, -0.07936342805624008, -0.03488321602344513, -0.0008782870718277991, -0.04597131162881851, -0.030050981789827347, 1.0, 0.35615622997283936, 1.7114903926849365, 0.858823835849762, 0.736437201499939, -1.185540795326233, -0.0651700347661972, 0.0]
pred step=264 action=[[0.003831028938293457, -0.07681185007095337, -0.03244161605834961, -0.004696279764175415, -0.04755961894989014, -0.024848133325576782, 1.0314240455627441, 0.35116392374038696, 1.6849567890167236, 0.8238900899887085, 0.8045546412467957, -1.2191686630249023, -0.04400444030761719, -0.019525527954101562]] left_gripper=1.0314240455627441 right_gripper=-0.019525527954101562
update step=265 qpos=[0.00398700637742877, -0.07712285965681076, -0.0327141247689724, -0.004202913958579302, -0.047356016933918, -0.02551134116947651, 1.0, 0.3517710566520691, 1.687882661819458, 0.8279369473457336, 0.7959176898002625, -1.2149875164031982, -0.04671640321612358, 0.0]
pred step=265 action=[[0.005923077464103699, -0.07940202951431274, -0.03444164991378784, -0.00482313334941864, -0.04701849818229675, -0.02938815951347351, 1.0288615226745605, 0.3530016541481018, 1.6833479404449463, 0.8130439519882202, 0.8283444046974182, -1.2304102182388306, -0.035850703716278076, -0.029162466526031494]] left_gripper=1.0288615226745605 right_gripper=-0.029162466526031494
update step=266 qpos=[0.005695133004337549, -0.07912390679121017, -0.0342564657330513, -0.0047519393265247345, -0.04706558212637901, -0.02889380045235157, 1.0, 0.3528987765312195, 1.6839429140090942, 0.8146646618843079, 0.8241984248161316, -1.228489637374878, -0.037241507321596146, 0.0]
pred step=266 action=[[0.007543586194515228, -0.09242528676986694, -0.045355379581451416, -0.006400883197784424, -0.06422856450080872, -0.031088978052139282, 1.0304129123687744, 0.3471042513847351, 1.6631735563278198, 0.7726346254348755, 0.892927348613739, -1.2701021432876587, -0.003164231777191162, -0.03678596019744873]] left_gripper=1.0304129123687744 right_gripper=-0.03678596019744873
update step=267 qpos=[0.007363053970038891, -0.09076400101184845, -0.036142800003290176, -0.006164639722555876, -0.06206374615430832, -0.030810661613941193, 1.0, 0.34779053926467896, 1.6653553247451782, 0.7775136232376099, 0.8842130303382874, -1.264915943145752, -0.0075256056152284145, 0.0]
pred step=267 action=[[0.010374389588832855, -0.10008615255355835, -0.04619133472442627, -0.014597028493881226, -0.07416659593582153, -0.030703753232955933, 1.0326265096664429, 0.3520415425300598, 1.6425130367279053, 0.7593833804130554, 0.903468906879425, -1.2690045833587646, -0.00571972131729126, -0.03676503896713257]] left_gripper=1.0326265096664429 right_gripper=-0.03676503896713257
update step=268 qpos=[0.010047107934951782, -0.09886035323143005, -0.036065131425857544, -0.013523802161216736, -0.07264471054077148, -0.03071855567395687, 1.0, 0.3516162633895874, 1.6450161933898926, 0.7615174055099487, 0.9010648727416992, -1.2685503959655762, -0.005954382475465536, 0.0]
pred step=268 action=[[0.01095116138458252, -0.10036170482635498, -0.051682114601135254, -0.00879872590303421, -0.07006940245628357, -0.03309449553489685, 1.0305485725402832, 0.3510943055152893, 1.6467576026916504, 0.7498912811279297, 0.9252638220787048, -1.2811158895492554, 0.00608295202255249, -0.04440110921859741]] left_gripper=1.0305485725402832 right_gripper=-0.04440110921859741
update step=269 qpos=[0.010842368006706238, -0.10012362152338028, -0.03607477247714996, -0.009393036365509033, -0.07039785385131836, -0.03279156610369682, 1.0, 0.3511550724506378, 1.6466588973999023, 0.7511192560195923, 0.922152042388916, -1.2795414924621582, 0.004543770104646683, 0.0]
pred step=269 action=[[0.011180885136127472, -0.09420573711395264, -0.04617297649383545, -0.013882838189601898, -0.06536519527435303, -0.029029041528701782, 1.0283172130584717, 0.3550012409687042, 1.6444604396820068, 0.7515036463737488, 0.9295518398284912, -1.2767332792282104, 0.01079094409942627, -0.0386621356010437]] left_gripper=1.0283172130584717 right_gripper=-0.0386621356010437
update step=270 qpos=[0.01113131083548069, -0.0953349620103836, -0.03611725941300392, -0.013346542604267597, -0.06600118428468704, -0.029508426785469055, 1.0, 0.35458534955978394, 1.6446213722229004, 0.7515273094177246, 0.9286336898803711, -1.2770963907241821, 0.009992788545787334, 0.0]
pred step=270 action=[[0.010248139500617981, -0.09715235233306885, -0.049641191959381104, -0.010309062898159027, -0.06734690070152283, -0.029276132583618164, 1.0331653356552124, 0.35521867871284485, 1.6373252868652344, 0.7405096292495728, 0.9395012259483337, -1.2796471118927002, 0.016652911901474, -0.031807780265808105]] left_gripper=1.0331653356552124 right_gripper=-0.031807780265808105
update step=271 qpos=[0.010355931706726551, -0.09682272374629974, -0.036095067858695984, -0.010686772875487804, -0.06717473268508911, -0.02930562011897564, 1.0, 0.35515856742858887, 1.6381654739379883, 0.7417570352554321, 0.9381195306777954, -1.2793501615524292, 0.015801016241312027, 0.0]
pred step=271 action=[[0.007462300360202789, -0.07646644115447998, -0.044388651847839355, -0.003691941499710083, -0.04833322763442993, -0.022880733013153076, 1.0295555591583252, 0.3565625548362732, 1.6452128887176514, 0.746261477470398, 0.9443848729133606, -1.2792879343032837, 0.017025679349899292, -0.042283833026885986]] left_gripper=1.0295555591583252 right_gripper=-0.042283833026885986
update step=272 qpos=[0.007763480767607689, -0.07920113950967789, -0.0362643264234066, -0.004625428002327681, -0.05070764571428299, -0.02369820326566696, 1.0, 0.35640037059783936, 1.6444181203842163, 0.745736837387085, 0.9435791373252869, -1.2792831659317017, 0.016869600862264633, 0.0]
pred step=272 action=[[0.010046742856502533, -0.08399093151092529, -0.04764854907989502, -0.006658405065536499, -0.055048614740371704, -0.030380994081497192, 1.0309388637542725, 0.358379602432251, 1.6442594528198242, 0.744773805141449, 0.9478095173835754, -1.2833211421966553, 0.02017521858215332, -0.05101221799850464]] left_gripper=1.0309388637542725 right_gripper=-0.05101221799850464
update step=273 qpos=[0.009788203984498978, -0.0832708403468132, -0.03622700646519661, -0.006388314068317413, -0.054504115134477615, -0.029529154300689697, 1.0, 0.35817423462867737, 1.6442437171936035, 0.7448983192443848, 0.9472775459289551, -1.282814860343933, 0.019752411171793938, 0.0]
pred step=273 action=[[0.00706259161233902, -0.0704757571220398, -0.04151183366775513, -0.002720654010772705, -0.0454559326171875, -0.028277695178985596, 1.0295679569244385, 0.36659401655197144, 1.640876293182373, 0.7423837184906006, 0.9425404071807861, -1.2740960121154785, 0.01592010259628296, -0.047364115715026855]] left_gripper=1.0295679569244385 right_gripper=-0.047364115715026855
update step=274 qpos=[0.007365068886429071, -0.07219329476356506, -0.0363091379404068, -0.0032176226377487183, -0.04659406468272209, -0.028436649590730667, 1.0, 0.3656836152076721, 1.6412750482559204, 0.7426735758781433, 0.9431441426277161, -1.2752186059951782, 0.016409406438469887, 0.0]
pred step=274 action=[[0.004875548183917999, -0.06767851114273071, -0.043076515197753906, 0.001948326826095581, -0.04244542121887207, -0.026626110076904297, 1.0355159044265747, 0.36756449937820435, 1.6322741508483887, 0.7376120686531067, 0.9450609683990479, -1.270652413368225, 0.019776493310928345, -0.04167360067367554]] left_gripper=1.0355159044265747 right_gripper=-0.04167360067367554
update step=275 qpos=[0.005159012973308563, -0.06853846460580826, -0.036351025104522705, 0.0012942540924996138, -0.04296373203396797, -0.026856373995542526, 1.0, 0.3673500716686249, 1.6332709789276123, 0.73822420835495, 0.9448336362838745, -1.271248459815979, 0.01934567280113697, 0.0]
pred step=275 action=[[0.0025623440742492676, -0.04604172706604004, -0.034308671951293945, 0.006275460124015808, -0.02322271466255188, -0.025656819343566895, 1.0314189195632935, 0.3706880807876587, 1.6366149187088013, 0.7449996471405029, 0.9328480362892151, -1.2605884075164795, 0.008760124444961548, -0.04896438121795654]] left_gripper=1.0314189195632935 right_gripper=-0.04896438121795654
update step=276 qpos=[0.0028262524865567684, -0.04869890585541725, -0.034584928303956985, 0.005620252341032028, -0.025711899623274803, -0.02580801583826542, 1.0, 0.3703041970729828, 1.6363141536712646, 0.7441878914833069, 0.9343587160110474, -1.2619266510009766, 0.010113604366779327, 0.0]
pred step=276 action=[[0.0014391466975212097, -0.04131895303726196, -0.033289194107055664, 0.007347241044044495, -0.014918208122253418, -0.02895227074623108, 1.0368123054504395, 0.37233400344848633, 1.6341488361358643, 0.743219792842865, 0.9411342144012451, -1.2606207132339478, 0.018572628498077393, -0.04673051834106445]] left_gripper=1.0368123054504395 right_gripper=-0.04673051834106445
update step=277 qpos=[0.0015793564962223172, -0.04220014810562134, -0.033416613936424255, 0.007132200989872217, -0.01627851463854313, -0.02855047397315502, 1.0, 0.37211453914642334, 1.6343607902526855, 0.7433589696884155, 0.9402809143066406, -1.2607916593551636, 0.017491647973656654, 0.0]
pred step=277 action=[[-0.005187369883060455, -0.005438387393951416, -0.018313884735107422, 0.015149801969528198, 0.01140981912612915, -0.02153894305229187, 1.0336582660675049, 0.37615132331848145, 1.6374990940093994, 0.746666669845581, 0.9310301542282104, -1.2497341632843018, 0.009957760572433472, -0.043949007987976074]] left_gripper=1.0336582660675049 right_gripper=-0.043949007987976074
update step=278 qpos=[-0.004450949374586344, -0.009835036471486092, -0.020004568621516228, 0.014161968603730202, 0.007925278507173061, -0.022430529817938805, 1.0, 0.3756963312625885, 1.637207269668579, 0.7462620735168457, 0.9321923851966858, -1.2511298656463623, 0.01092150155454874, 0.0]
pred step=278 action=[[-0.009686723351478577, 0.02325528860092163, 0.0006347298622131348, 0.021563202142715454, 0.03243955969810486, -0.014496415853500366, 1.0272446870803833, 0.37926602363586426, 1.6409707069396973, 0.7507330179214478, 0.9254432320594788, -1.2436408996582031, 0.0028432607650756836, -0.048232972621917725]] left_gripper=1.0272446870803833 right_gripper=-0.048232972621917725
update step=279 qpos=[-0.00912516564130783, 0.019291050732135773, -0.0016775272088125348, 0.02067773975431919, 0.02935435064136982, -0.015505575574934483, 1.0, 0.3788648545742035, 1.640547275543213, 0.7502321600914001, 0.9262992143630981, -1.2445818185806274, 0.0038750688545405865, 0.0]
pred step=279 action=[[-0.03143545985221863, 0.12587833404541016, 0.052505433559417725, 0.04700237512588501, 0.12138284742832184, -0.0039268434047698975, 1.0324032306671143, 0.38367658853530884, 1.6436853408813477, 0.7529416084289551, 0.9169886708259583, -1.236656904220581, 0.003356844186782837, -0.050196170806884766]] left_gripper=1.0324032306671143 right_gripper=-0.050196170806884766
update step=280 qpos=[-0.029011165723204613, 0.11313386261463165, 0.04645771160721779, 0.04378979280591011, 0.10979655385017395, -0.005395497661083937, 1.0, 0.38314372301101685, 1.643355131149292, 0.7526269555091858, 0.9181636571884155, -1.2376573085784912, 0.0034242882393300533, 0.0]
pred step=280 action=[[-0.04572616517543793, 0.2038123607635498, 0.08945009112358093, 0.07113994657993317, 0.18115489184856415, 0.013848870992660522, 1.0301792621612549, 0.38241684436798096, 1.6449244022369385, 0.7617612481117249, 0.9121350646018982, -1.2269929647445679, 0.0009320676326751709, -0.05147498846054077]] left_gripper=1.0301792621612549 right_gripper=-0.05147498846054077
update step=281 qpos=[-0.043920375406742096, 0.19307072460651398, 0.08454468101263046, 0.06773295253515244, 0.17217014729976654, 0.01140046026557684, 1.0, 0.38246455788612366, 1.6447159051895142, 0.7607662081718445, 0.9129147529602051, -1.2283234596252441, 0.001251774257980287, 0.0]
pred step=281 action=[[-0.06767814606428146, 0.3087758719921112, 0.14943116903305054, 0.10050471127033234, 0.26259735226631165, 0.03597235679626465, 1.0291786193847656, 0.38342827558517456, 1.6351814270019531, 0.7573673725128174, 0.9146357774734497, -1.2221524715423584, -0.0034433305263519287, -0.04495161771774292]] left_gripper=1.0291786193847656 right_gripper=-0.04495161771774292
update step=282 qpos=[-0.06508763134479523, 0.2950102686882019, 0.14222219586372375, 0.09651188552379608, 0.2512044608592987, 0.03284556046128273, 1.0, 0.3833302855491638, 1.6362639665603638, 0.7577735781669617, 0.9144322276115417, -1.2229504585266113, -0.0028451886028051376, 0.0]
pred step=282 action=[[-0.09850507229566574, 0.45621979236602783, 0.2316533327102661, 0.1387966275215149, 0.3818488121032715, 0.062203824520111084, 1.0305705070495605, 0.38243937492370605, 1.6323316097259521, 0.7526828050613403, 0.9070406556129456, -1.2192198038101196, -0.0037932395935058594, -0.04765594005584717]] left_gripper=1.0305705070495605 right_gripper=-0.04765594005584717
update step=283 qpos=[-0.09486827254295349, 0.4371248781681061, 0.22173233330249786, 0.13365215063095093, 0.3653601408004761, 0.0584670826792717, 1.0, 0.3825297951698303, 1.6328736543655396, 0.753205418586731, 0.9079626798629761, -1.2197006940841675, -0.0036713741719722748, 0.0]
pred step=283 action=[[-0.1269669234752655, 0.5897488594055176, 0.3037651777267456, 0.17292886972427368, 0.4833676218986511, 0.08241581916809082, 1.0473437309265137, 0.38415029644966125, 1.6220202445983887, 0.7462928891181946, 0.9073899984359741, -1.2122366428375244, 0.003073185682296753, -0.03922039270401001]] left_gripper=1.0473437309265137 right_gripper=-0.03922039270401001
update step=284 qpos=[-0.12345278263092041, 0.5718324780464172, 0.2946067154407501, 0.16811756789684296, 0.46844911575317383, 0.0793662816286087, 1.0, 0.38397765159606934, 1.623215913772583, 0.7471297979354858, 0.9074810743331909, -1.2132046222686768, 0.002211741404607892, 0.0]
pred step=284 action=[[-0.16767509281635284, 0.794523298740387, 0.4165668189525604, 0.22957894206047058, 0.6485668420791626, 0.11169856786727905, 1.0549076795578003, 0.3799542784690857, 1.615175724029541, 0.7488707900047302, 0.9068711996078491, -1.2117732763290405, 0.00020241737365722656, -0.04030418395996094]] left_gripper=1.0549076795578003 right_gripper=-0.04030418395996094
update step=285 qpos=[-0.16295821964740753, 0.7504871487617493, 0.4041314125061035, 0.22255228459835052, 0.6252330541610718, 0.10760575532913208, 1.0, 0.3803781270980835, 1.6160887479782104, 0.7486844062805176, 0.9069663882255554, -1.2119526863098145, 0.0004590956959873438, 0.0]
pred step=285 action=[[-0.19413979351520538, 0.9331323504447937, 0.48918619751930237, 0.26304441690444946, 0.7575473189353943, 0.14243954420089722, 1.0613341331481934, 0.37941357493400574, 1.6154733896255493, 0.7534025311470032, 0.9106874465942383, -1.2068047523498535, 0.0030691027641296387, -0.03713870048522949]] left_gripper=1.0613341331481934 right_gripper=-0.03713870048522949
update step=286 qpos=[-0.1907535195350647, 0.9110267758369446, 0.47986894845962524, 0.2580922245979309, 0.7407248616218567, 0.13799893856048584, 1.0, 0.3795122802257538, 1.6155925989151, 0.7528393864631653, 0.9102108478546143, -1.2074486017227173, 0.002736266003921628, 0.0]
pred step=286 action=[[-0.22150874137878418, 1.0651960372924805, 0.5602379441261292, 0.30296221375465393, 0.859105110168457, 0.165030837059021, 1.0747718811035156, 0.3798685073852539, 1.6147856712341309, 0.7501417398452759, 0.908545970916748, -1.2032909393310547, 0.003179877996444702, -0.03994184732437134]] left_gripper=1.0747718811035156 right_gripper=-0.03994184732437134
update step=287 qpos=[-0.2181413769721985, 1.0471235513687134, 0.5516213178634644, 0.2974815368652344, 0.8440191149711609, 0.1615866720676422, 1.0, 0.37982967495918274, 1.6149389743804932, 0.750413715839386, 0.908743679523468, -1.203822135925293, 0.0031238957308232784, 0.0]
pred step=287 action=[[-0.2398541420698166, 1.1547024250030518, 0.6061534285545349, 0.33229517936706543, 0.9277787208557129, 0.1827755570411682, 1.0904343128204346, 0.37970468401908875, 1.6146037578582764, 0.7467722296714783, 0.9110749363899231, -1.2042176723480225, 0.006594419479370117, -0.020709514617919922]] left_gripper=1.0904343128204346 right_gripper=-0.020709514617919922
update step=288 qpos=[-0.2374926209449768, 1.1421542167663574, 0.6002473831176758, 0.3279968798160553, 0.9170910120010376, 0.1800762414932251, 1.0, 0.379720538854599, 1.614634394645691, 0.7471930384635925, 0.910775899887085, -1.204172968864441, 0.006151160225272179, 0.0]
pred step=288 action=[[-0.269583135843277, 1.289482593536377, 0.6796808242797852, 0.3688299059867859, 1.031754493713379, 0.20048442482948303, 1.1015945672988892, 0.37807565927505493, 1.610288381576538, 0.7437372207641602, 0.9078071713447571, -1.2049559354782104, 0.014652103185653687, -0.03317224979400635]] left_gripper=1.1015945672988892 right_gripper=-0.03317224979400635
update step=289 qpos=[-0.2660556733608246, 1.272280216217041, 0.6710445880889893, 0.36380577087402344, 1.0170875787734985, 0.19788342714309692, 1.0, 0.37825530767440796, 1.6107673645019531, 0.7441458702087402, 0.9081899523735046, -1.2048628330230713, 0.013567576184868813, 0.0]
pred step=289 action=[[-0.28315722942352295, 1.3568568229675293, 0.7136080265045166, 0.39259618520736694, 1.0809224843978882, 0.2199883610010147, 1.0996661186218262, 0.37610357999801636, 1.622029423713684, 0.7446984052658081, 0.9096556901931763, -1.2075066566467285, 0.01375800371170044, -0.029993772506713867]] left_gripper=1.0996661186218262 right_gripper=-0.029993772506713867
update step=290 qpos=[-0.281305193901062, 1.3468618392944336, 0.7090935707092285, 0.3890500068664551, 1.0727546215057373, 0.21717339754104614, 1.0, 0.37633293867111206, 1.6208137273788452, 0.7445820569992065, 0.9094358682632446, -1.207155466079712, 0.01373512577265501, 0.0]
pred step=290 action=[[-0.30222582817077637, 1.4318511486053467, 0.7552874088287354, 0.40542393922805786, 1.131207823753357, 0.2356465458869934, 1.101762294769287, 0.3757702708244324, 1.6229653358459473, 0.7428121566772461, 0.8992961645126343, -1.20309579372406, 0.01405400037765503, -0.03198486566543579]] left_gripper=1.101762294769287 right_gripper=-0.03198486566543579
update step=291 qpos=[-0.2999359965324402, 1.4219212532043457, 0.7502155303955078, 0.4034247100353241, 1.1237090826034546, 0.23329192399978638, 1.0, 0.37583011388778687, 1.6226859092712402, 0.7430498003959656, 0.9005858898162842, -1.2036083936691284, 0.014014672487974167, 0.0]
pred step=291 action=[[-0.3100929856300354, 1.469205617904663, 0.7741713523864746, 0.4108177423477173, 1.1628698110580444, 0.23552118241786957, 1.1045790910720825, 0.3755728602409363, 1.6190122365951538, 0.740260124206543, 0.908632755279541, -1.2114769220352173, 0.01929369568824768, -0.035933077335357666]] left_gripper=1.1045790910720825 right_gripper=-0.035933077335357666
update step=292 qpos=[-0.30900031328201294, 1.4635672569274902, 0.7716213464736938, 0.4099373519420624, 1.1578595638275146, 0.23523861169815063, 1.0, 0.3756180703639984, 1.6193395853042603, 0.7406306862831116, 0.9076305627822876, -1.2104889154434204, 0.018618036061525345, 0.0]
pred step=292 action=[[-0.31868886947631836, 1.506907343864441, 0.7934343814849854, 0.41702133417129517, 1.1810706853866577, 0.2564244866371155, 1.0913091897964478, 0.3753463625907898, 1.6244196891784668, 0.744687557220459, 0.8981636762619019, -1.2088863849639893, 0.011199235916137695, -0.021683573722839355]] left_gripper=1.0913091897964478 right_gripper=-0.021683573722839355
update step=293 qpos=[-0.3176315128803253, 1.5018318891525269, 0.7910436987876892, 0.4161607027053833, 1.1780805587768555, 0.2537229657173157, 1.0, 0.37536555528640747, 1.62391197681427, 0.744174063205719, 0.899349570274353, -1.2090773582458496, 0.012148117646574974, 0.0]
pred step=293 action=[[-0.33084508776664734, 1.5358189344406128, 0.8106294274330139, 0.4316151738166809, 1.202955961227417, 0.25692546367645264, 1.079528570175171, 0.3738035559654236, 1.6329400539398193, 0.7434577345848083, 0.8967688679695129, -1.209714651107788, 0.011446982622146606, -0.029023408889770508]] left_gripper=1.079528570175171 right_gripper=-0.029023408889770508
update step=294 qpos=[-0.3294171392917633, 1.5317599773406982, 0.8085306286811829, 0.4296972155570984, 1.199770212173462, 0.2565208375453949, 1.0, 0.37396949529647827, 1.6319427490234375, 0.7435178756713867, 0.8970731496810913, -1.2096221446990967, 0.011537277139723301, 0.0]
pred step=294 action=[[-0.34268516302108765, 1.5877305269241333, 0.8362185955047607, 0.4368818402290344, 1.2380883693695068, 0.27534255385398865, 1.083540916442871, 0.3728930950164795, 1.62856924533844, 0.7341927886009216, 0.9022055268287659, -1.214310884475708, 0.013693124055862427, -0.025736570358276367]] left_gripper=1.083540916442871 right_gripper=-0.025736570358276367
update step=295 qpos=[-0.3412410318851471, 1.58128821849823, 0.8330687284469604, 0.4359860122203827, 1.2331598997116089, 0.27294161915779114, 1.0, 0.3730275332927704, 1.6288707256317139, 0.7353106737136841, 0.9015646576881409, -1.2137343883514404, 0.013416214846074581, 0.0]
pred step=295 action=[[-0.34952908754348755, 1.5987284183502197, 0.8425641059875488, 0.4435012936592102, 1.243321418762207, 0.28437286615371704, 1.059455156326294, 0.3731011152267456, 1.6434319019317627, 0.7417224645614624, 0.8967937231063843, -1.2133057117462158, 0.011649370193481445, -0.022519826889038086]] left_gripper=1.059455156326294 right_gripper=-0.022519826889038086
update step=296 qpos=[-0.34862327575683594, 1.5964691638946533, 0.8416900038719177, 0.44260600209236145, 1.2420235872268677, 0.2829189598560333, 1.0, 0.37307941913604736, 1.6418191194534302, 0.7409561276435852, 0.8973726034164429, -1.2133342027664185, 0.011877034790813923, 0.0]
pred step=296 action=[[-0.36016735434532166, 1.6266165971755981, 0.8504189252853394, 0.4677112102508545, 1.2653142213821411, 0.2757413387298584, 1.0210199356079102, 0.37256547808647156, 1.6389117240905762, 0.7414663434028625, 0.9073272347450256, -1.2214056253433228, 0.009799838066101074, -0.026636064052581787]] left_gripper=1.0210199356079102 right_gripper=-0.026636064052581787
update step=297 qpos=[-0.35892534255981445, 1.6231375932693481, 0.849452555179596, 0.46451279520988464, 1.2623320817947388, 0.2766607105731964, 1.0, 0.37263789772987366, 1.639090895652771, 0.7415064573287964, 0.9060995578765869, -1.220387578010559, 0.010062274523079395, 0.0]
pred step=297 action=[[-0.36679157614707947, 1.6363234519958496, 0.8565210103988647, 0.46947282552719116, 1.273995041847229, 0.2748478651046753, 1.0072035789489746, 0.3723052740097046, 1.6457889080047607, 0.7416600584983826, 0.9130331873893738, -1.2222144603729248, 0.0135098397731781, -0.02557229995727539]] left_gripper=1.0072035789489746 right_gripper=-0.02557229995727539
update step=298 qpos=[-0.3659316301345825, 1.6346607208251953, 0.8558225631713867, 0.46887290477752686, 1.272508144378662, 0.27508047223091125, 1.0, 0.3723386526107788, 1.6450923681259155, 0.7415890693664551, 0.9121267795562744, -1.2219756841659546, 0.013069764710962772, 0.0]
pred step=298 action=[[-0.3644363284111023, 1.6409367322921753, 0.860277533531189, 0.45496970415115356, 1.2693586349487305, 0.29980647563934326, 0.988095760345459, 0.36847102642059326, 1.6418612003326416, 0.7454061508178711, 0.9016314744949341, -1.2206804752349854, 0.005315989255905151, -0.010123729705810547]] left_gripper=0.988095760345459 right_gripper=-0.010123729705810547
update step=299 qpos=[-0.3645659387111664, 1.6402111053466797, 0.8597660064697266, 0.4567493200302124, 1.2697457075119019, 0.2966504991054535, 0.988095760345459, 0.3688819706439972, 1.6421825885772705, 0.7450132369995117, 0.9029868245124817, -1.2208359241485596, 0.006306725554168224, 0.0]
pred step=299 action=[[-0.3703879415988922, 1.6466034650802612, 0.8638662695884705, 0.45738863945007324, 1.2727925777435303, 0.2952677011489868, 0.9664561152458191, 0.36793261766433716, 1.632054090499878, 0.7305276393890381, 0.9165425896644592, -1.2245867252349854, 0.0112437903881073, -0.01934736967086792]] left_gripper=0.9664561152458191 right_gripper=-0.01934736967086792
