update step=0 qpos=[5.115576473709027e-13, -1.1561168578941706e-15, 1.7672687317415835e-17, 7.853411024860463e-16, -9.987140238074121e-13, 2.5006567996865847e-12, 1.0, 5.115578100012286e-13, -1.1561144226744473e-15, 1.7668519981489792e-17, 7.853378731729349e-16, -9.987125059243707e-13, 2.5006539807609363e-12, 1.0]
pred step=0 action=[[-0.017328508570074064, 0.0019016834230001223, -0.005926777840493003, -0.03118202516884594, -0.03315340568623526, 0.056763470665430305, 1.0158787741070832, 0.0010770958805252917, -0.05116063361721501, 0.0010971932092118664, -0.05450453537148903, -0.011406663508637394, -0.029039063602347426, 1.0003455658499192]] left_gripper=1.0158787741070832 right_gripper=1.0003455658499192
update step=1 qpos=[-0.01523261982947588, 0.001774882199242711, -0.005499129183590412, -0.02730930969119072, -0.028921348974108696, 0.04952635616064072, 1.0, 0.000977568095549941, -0.04506569355726242, 0.0008721373742446303, -0.04756519943475723, -0.009971189312636852, -0.025337619706988335, 1.0]
pred step=1 action=[[-0.01693657988174717, 0.023165652974066253, 0.007406869799150395, -0.04138230237867663, -0.03527362544809565, 0.07825464681166394, 1.0189846354364729, 0.0012607612415803382, -0.051288291038494416, 0.00121624580420987, -0.0536108235311043, -0.011136521670661426, -0.028067376939427513, 1.001241277554644]] left_gripper=1.0189846354364729 right_gripper=1.001241277554644
update step=2 qpos=[-0.016729647293686867, 0.02058817632496357, 0.00598919577896595, -0.0395522266626358, -0.03446583449840546, 0.07459468394517899, 1.0, 0.0012306743301451206, -0.05055318400263786, 0.0011560642160475254, -0.05284537002444267, -0.010991083458065987, -0.02772090584039688, 1.0]
pred step=2 action=[[-0.019909328734233248, 0.08939558499525246, 0.05370919544098374, -0.0849609880081079, -0.04604496883854675, 0.14706407987352427, 1.0249824369368903, -0.0001779722683061813, -0.05103036964693175, -0.0056545172037528735, -0.05142474617582647, -0.009823483730910187, -0.025963992533020785, 1.0053847385566914]] left_gripper=1.0249824369368903 right_gripper=1.0053847385566914
update step=3 qpos=[-0.01952309161424637, 0.08122595399618149, 0.04810226708650589, -0.07912250608205795, -0.04456639662384987, 0.13782647252082825, 1.0, -1.4999285667727236e-05, -0.05094585195183754, -0.0049269190058112144, -0.05164187401533127, -0.009968118742108345, -0.026187922805547714, 1.0]
pred step=3 action=[[-0.021048152065697927, 0.1529225331070635, 0.0996468306097325, -0.1292829078414273, -0.055579288206628163, 0.21396685522754796, 1.0340291583807861, -0.0010692667029703062, -0.04702642570817528, -0.008045750867834878, -0.04847189814485704, -0.006936443581946894, -0.02227850929408287, 1.010950425615456]] left_gripper=1.0340291583807861 right_gripper=1.010950425615456
update step=4 qpos=[-0.020859885960817337, 0.1444558948278427, 0.09352686256170273, -0.12284886837005615, -0.05417449772357941, 0.2042635679244995, 1.0, -0.000952432572375983, -0.047495272010564804, -0.007664872799068689, -0.048880867660045624, -0.007316878531128168, -0.02277655154466629, 1.0]
pred step=4 action=[[-0.02414561198270302, 0.2416727848289888, 0.16268869727879565, -0.18419539334766855, -0.06006242873056317, 0.2951976108919032, 1.0386915538420074, -0.003501645411990467, -0.05096068106648932, -0.011841191047178734, -0.044716300797177526, -0.004558070083535037, -0.01498285749998507, 1.015810498576157]] left_gripper=1.0386915538420074 right_gripper=1.015810498576157
update step=5 qpos=[-0.0237671360373497, 0.23018701374530792, 0.15454454720020294, -0.17629097402095795, -0.059299323707818985, 0.28360939025878906, 1.0, -0.003209317335858941, -0.05055348575115204, -0.011332730762660503, -0.045248083770275116, -0.004900430794805288, -0.01597587950527668, 1.0]
pred step=5 action=[[-0.026808360157943155, 0.3406249654353645, 0.23109867816463164, -0.24476832704998877, -0.06479771179454763, 0.3886192603936665, 1.0502596623067133, -0.0051559134853984, -0.04844435423258209, -0.013262621917025097, -0.04143916256026628, -0.0024089250306819077, -0.0098873177095124, 1.0207443263623621]] left_gripper=1.0502596623067133 right_gripper=1.0207443263623621
update step=6 qpos=[-0.02646607533097267, 0.32762956619262695, 0.22205860912799835, -0.23594096302986145, -0.06408166885375977, 0.375237375497818, 1.0, -0.004933682736009359, -0.04869639500975609, -0.013030173256993294, -0.0419275239109993, -0.0027189075481146574, -0.010662824846804142, 1.0]
pred step=6 action=[[-0.03226324469939271, 0.45476251609773755, 0.3123657636061431, -0.31509984684557335, -0.06653008544915873, 0.49090075696246516, 1.0596823211579443, -0.006691953466575085, -0.04193866755381259, -0.014699047680412969, -0.03954965638337975, 0.0005803777914466512, -0.007185057112725102, 1.0251218872227537]] left_gripper=1.0596823211579443 right_gripper=1.0251218872227537
update step=7 qpos=[-0.031611453741788864, 0.4398227632045746, 0.3017690181732178, -0.30485135316848755, -0.06619354337453842, 0.4761617183685303, 1.0, -0.00649293465539813, -0.04273160919547081, -0.014524169266223907, -0.03986644372344017, 0.00016753195086494088, -0.007627752609550953, 1.0]
pred step=7 action=[[-0.037878976790095734, 0.5844796048252434, 0.40549431639719363, -0.3964939871718116, -0.06658687301501642, 0.6086258643612066, 1.0685921398116363, -0.008348335575041499, -0.03505540360591719, -0.01257080500091834, -0.04165978948985268, 0.0015677703668902088, -0.009817784291207943, 1.0318406535832736]] left_gripper=1.0685921398116363 right_gripper=1.0318406535832736
update step=8 qpos=[-0.037186149507761, 0.5675321817398071, 0.393349826335907, -0.3845933973789215, -0.06650899350643158, 0.5917450785636902, 1.0, -0.008133229799568653, -0.03596743196249008, -0.012795927003026009, -0.04143132269382477, 0.0013945185346528888, -0.009538106620311737, 1.0]
pred step=8 action=[[-0.04238211281332126, 0.7109806835174703, 0.49650596422946186, -0.4759062117506636, -0.06654632593778809, 0.72507146432729, 1.0756773962681807, -0.009657439597453105, -0.028749862296234774, -0.012755954120245105, -0.042882818214089326, 0.00176139471929454, -0.012196195667138698, 1.0356873691782011]] left_gripper=1.0756773962681807 right_gripper=1.0356873691782011
update step=9 qpos=[-0.041819918900728226, 0.694243311882019, 0.484436571598053, -0.46401306986808777, -0.06651792675256729, 0.708080530166626, 1.0, -0.009478989988565445, -0.0295941811054945, -0.012789993546903133, -0.0427117794752121, 0.001717877108603716, -0.0118572311475873, 1.0]
pred step=9 action=[[-0.04832901590343746, 0.8581287659628193, 0.6007049511932964, -0.5669862211884998, -0.06583311825697968, 0.8536349590115566, 1.0856307167250807, -0.010235936046657151, -0.022565384504990793, -0.013005865811857142, -0.043605575570292036, 0.00513436708846593, -0.012556443566559827, 1.040135272225098]] left_gripper=1.0856307167250807 right_gripper=1.040135272225098
update step=10 qpos=[-0.047621775418519974, 0.8390374183654785, 0.5871708393096924, -0.5535122752189636, -0.06589678674936295, 0.8350837826728821, 1.0, -0.01015413086861372, -0.02339230105280876, -0.012996034696698189, -0.04350198805332184, 0.004704013001173735, -0.012467133812606335, 1.0]
pred step=10 action=[[-0.05832013628640195, 1.0222328946170918, 0.7213834609822285, -0.6635420281199934, -0.06295983572452807, 0.9881996451735741, 1.0975123595128315, -0.009863102517196687, -0.014105736859193918, -0.013439998302832157, -0.0392074662749453, 0.006263461202501874, -0.013466492696078858, 1.0431458509867473]] left_gripper=1.0975123595128315 right_gripper=1.0431458509867473
update step=11 qpos=[-0.057134632021188736, 0.9998859763145447, 0.7059484124183655, -0.6490361094474792, -0.06330614537000656, 0.968683123588562, 1.0, -0.009900378994643688, -0.01520736888051033, -0.013382967561483383, -0.039759885519742966, 0.006065886002033949, -0.013339050114154816, 1.0]
pred step=11 action=[[-0.06502184970851847, 1.181702189067722, 0.8375800721928917, -0.7550436490325549, -0.059022822936726727, 1.1165695115269483, 1.1062200749633764, -0.008559587634907606, -0.0037751387245857915, -0.009117332014295654, -0.03556912654308764, 0.0061241006482479765, -0.01599712947671872, 1.0467157106179052]] left_gripper=1.1062200749633764 right_gripper=1.0467157106179052
update step=12 qpos=[-0.064167819917202, 1.1597142219543457, 0.8224578499794006, -0.7410001158714294, -0.059549372643232346, 1.0977176427841187, 1.0, -0.00871648546308279, -0.005147335585206747, -0.009572924114763737, -0.036086972802877426, 0.006113800685852766, -0.015658432617783546, 1.0]
pred step=12 action=[[-0.06525569836922346, 1.3343825136878018, 0.9500445308178626, -0.8432522434297642, -0.052516336382411044, 1.2411297754892412, 1.1125949515270899, -0.007113408381017289, 0.005607087208203909, -0.007177974171015289, -0.03229309639276644, 0.005703911818652652, -0.017272442510512465, 1.0488163163955424]] left_gripper=1.1125949515270899 right_gripper=1.0488163163955424
update step=13 qpos=[-0.0651874914765358, 1.3139797449111938, 0.9354434013366699, -0.8296231031417847, -0.053408071398735046, 1.2228437662124634, 1.0, -0.007299994584172964, 0.004335426725447178, -0.007465220056474209, -0.032778963446617126, 0.005752208177000284, -0.017067011445760727, 1.0]
pred step=13 action=[[-0.06867286568430415, 1.467154067199568, 1.0489954034569235, -0.919621436467702, -0.04583233652045893, 1.3407955067439132, 1.1043578902781999, -0.0055139654594219545, 0.012233595923494045, -0.004986385683248495, -0.029498131126634932, 0.005563581140707929, -0.016518774841772443, 1.0495617332194742]] left_gripper=1.1043578902781999 right_gripper=1.0495617332194742
update step=14 qpos=[-0.06832201778888702, 1.44916832447052, 1.0360335111618042, -0.9075872302055359, -0.04678894951939583, 1.3257557153701782, 1.0, -0.005722817033529282, 0.011292321607470512, -0.0052606877870857716, -0.029910145327448845, 0.005583780352026224, -0.01658896543085575, 1.0]
pred step=14 action=[[-0.07241571922616363, 1.5766993096233746, 1.126074283118676, -0.9775175285650436, -0.04260202273344105, 1.4249496216431388, 1.0868005828173841, -0.0044937607761429965, 0.01593801859907007, -0.004485257481246063, -0.02672655276825319, 0.0060065018555614524, -0.018068894329870244, 1.047741664694579]] left_gripper=1.0868005828173841 right_gripper=1.047741664694579
update step=15 qpos=[-0.0719832256436348, 1.561683177947998, 1.1158097982406616, -0.9681265354156494, -0.04312795400619507, 1.4123005867004395, 1.0, -0.004638241603970528, 0.015387583523988724, -0.004573208745568991, -0.02713179588317871, 0.005950339138507843, -0.017880301922559738, 1.0]
pred step=15 action=[[-0.079591998949493, 1.6659744175108737, 1.1859038211784694, -1.0225068119798435, -0.038194015718643004, 1.4881840091105993, 1.0588795927571328, -0.0043694510657401875, 0.015565133090612027, -0.005732537557309514, -0.023765773379878435, 0.0076525044940350395, -0.01857796922841759, 1.044722759354331]] left_gripper=1.0588795927571328 right_gripper=1.044722759354331
update step=16 qpos=[-0.07877040654420853, 1.6536263227462769, 1.1779407262802124, -1.015182375907898, -0.038807764649391174, 1.4785077571868896, 1.0, -0.004404235631227493, 0.015543772839009762, -0.005591171327978373, -0.024195004254579544, 0.007436743937432766, -0.018489010632038116, 1.0]
pred step=16 action=[[-0.08313305509308017, 1.7314503830497672, 1.2279376404197695, -1.0552253794500208, -0.03612029308005987, 1.5393989133229677, 1.018269498164957, -0.004234593168302825, 0.01234742382915599, -0.007340464134097058, -0.022540446244203195, 0.010233328778011586, -0.017001698285994404, 1.0407834911267138]] left_gripper=1.018269498164957 right_gripper=1.0407834911267138
update step=17 qpos=[-0.0826537013053894, 1.7221548557281494, 1.2222859859466553, -1.049834132194519, -0.03645547106862068, 1.5316344499588013, 1.0, -0.004260620567947626, 0.012725434266030788, -0.007130270358175039, -0.022751126438379288, 0.009879831224679947, -0.017191192135214806, 1.0]
pred step=17 action=[[-0.0885375556821808, 1.7800767678227793, 1.2572266245428105, -1.0773352656211879, -0.03553113806224967, 1.5785753787162833, 0.9656862347518602, -0.004801459068061897, 0.007375033307338019, -0.007228694008321934, -0.02284079632436107, 0.013190699851905519, -0.014669316958545842, 1.038222243271706]] left_gripper=0.9656862347518602 right_gripper=1.038222243271706
update step=18 qpos=[-0.0878993421792984, 1.7731354236602783, 1.2532894611358643, -1.0736217498779297, -0.035639069974422455, 1.5725899934768677, 0.9656862347518602, -0.004745450336486101, 0.008000917732715607, -0.007195235695689917, -0.022819453850388527, 0.012773878872394562, -0.014990482479333878, 1.0]
pred step=18 action=[[-0.09260938346133592, 1.816446617483781, 1.2774806943422614, -1.094008505368836, -0.03588240376212287, 1.6082892538261497, 0.8998149021552215, -0.005745356118248307, -0.0005122740216605415, -0.008017677146610946, -0.022702439481760126, 0.015872307045883383, -0.011756949288997398, 1.0354302818756516]] left_gripper=0.8998149021552215 right_gripper=1.0354302818756516
update step=19 qpos=[-0.09208841621875763, 1.8112411499023438, 1.2747588157653809, -1.0912630558013916, -0.03584516793489456, 1.6037375926971436, 0.8998149021552215, -0.005635321605950594, 0.000491462938953191, -0.007906979881227016, -0.02270909957587719, 0.015483437106013298, -0.01216875109821558, 1.0]
pred step=19 action=[[-0.10009860190900252, 1.8419514317422299, 1.2898603475707826, -1.1010630328687516, -0.03545827877196134, 1.6257010926898798, 0.8287311289970621, -0.006360509975306433, -0.006356296460584221, -0.00849975948071946, -0.022076028768504768, 0.01776058569054062, -0.009771130844838105, 1.0341046626714523]] left_gripper=0.8287311289970621 right_gripper=1.0341046626714523
update step=20 qpos=[-0.09923546761274338, 1.8382457494735718, 1.2882020473480225, -1.099701166152954, -0.03549409285187721, 1.6229010820388794, 0.8287311289970621, -0.006280877161771059, -0.005549154244363308, -0.008420264348387718, -0.022150060161948204, 0.01747484691441059, -0.01007640641182661, 1.0]
pred step=20 action=[[-0.10573847874660536, 1.8582754057413362, 1.2976916967512762, -1.105942053934402, -0.03714117989868615, 1.643805042386796, 0.7540301216767031, -0.007348590119780896, -0.01236775033194737, -0.012025667621192837, -0.02084637286267305, 0.018594413763879714, -0.007576669000788072, 1.0323312035521426]] left_gripper=0.7540301216767031 right_gripper=1.0323312035521426
update step=21 qpos=[-0.10501505434513092, 1.8558316230773926, 1.2966666221618652, -1.1050738096237183, -0.0369236096739769, 1.6411396265029907, 0.7540301216767031, -0.007226262241601944, -0.011551947332918644, -0.011621799319982529, -0.021021157503128052, 0.01845559850335121, -0.00789504311978817, 1.0]
pred step=21 action=[[-0.11007358125580849, 1.86970889786496, 1.3052268873233874, -1.109967270560254, -0.03933415172618476, 1.6546454025213835, 0.6824709418148529, -0.00782462253531252, -0.017362880790578572, -0.014298645905825413, -0.021145903216767865, 0.020371038579505396, -0.004953981886587744, 1.0312782453115816]] left_gripper=0.6824709418148529 right_gripper=1.0312782453115816
update step=22 qpos=[-0.10950692743062973, 1.8680105209350586, 1.3042855262756348, -1.1092866659164429, -0.03902198001742363, 1.6529234647750854, 0.6824709418148529, -0.007759139407426119, -0.016673926264047623, -0.013984695076942444, -0.02113216184079647, 0.02013067714869976, -0.005328621249645948, 1.0]
pred step=22 action=[[-0.11436307069484432, 1.876142510108576, 1.3101897107877138, -1.1130089653705117, -0.04150797815095314, 1.6589378186442019, 0.6166900512012371, -0.008233521379176156, -0.01982949205388318, -0.0169886555900306, -0.021340502694900072, 0.02203953309104295, -0.003640117924192332, 1.030054331693439]] left_gripper=0.6166900512012371 right_gripper=1.030054331693439
update step=23 qpos=[-0.11382540315389633, 1.875141978263855, 1.3095334768295288, -1.1125000715255737, -0.041185908019542694, 1.65817129611969, 0.616690051201237, -0.008182242512702942, -0.01944909617304802, -0.016652856022119522, -0.021323591470718384, 0.021799610927700996, -0.003855066141113639, 1.0]
pred step=23 action=[[-0.1179351060220647, 1.877774538461604, 1.3107024314729414, -1.1138190903853804, -0.0430625801696381, 1.6610216352698213, 0.5531651383325983, -0.008885889239822586, -0.022058304124040973, -0.01883394221353185, -0.02120554568370856, 0.023663313898306892, -0.0035005120915846955, 1.0292151785022918]] left_gripper=0.5531651383325983 right_gripper=1.0292151785022918
update step=24 qpos=[-0.11747828871011734, 1.8774386644363403, 1.3105833530426025, -1.1136430501937866, -0.04281911998987198, 1.6606584787368774, 0.5531651383325984, -0.008807412348687649, -0.02174922078847885, -0.0185761246830225, -0.02122337557375431, 0.023429403081536293, -0.0035454262979328632, 1.0]
pred step=24 action=[[-0.12074261721125835, 1.879094871181453, 1.3119829119047959, -1.1138783262826122, -0.044872172387623144, 1.6626526626283473, 0.4902668408778654, -0.009273183980724742, -0.02498614107505781, -0.021622463919841572, -0.01994556762287216, 0.02470845809144656, -0.0017548438136112954, 1.0275361107891736]] left_gripper=0.4902668408778654 right_gripper=1.0275361107891736
update step=25 qpos=[-0.12037698179483414, 1.8788886070251465, 1.3118313550949097, -1.1138386726379395, -0.044607628136873245, 1.6623989343643188, 0.49026684087786543, -0.009221655316650867, -0.024599891155958176, -0.021268904209136963, -0.020114075392484665, 0.024548128247261047, -0.001982965273782611, 1.0]
pred step=25 action=[[-0.12395922514965184, 1.8803981342328682, 1.3153179920005043, -1.1158872719542932, -0.045858736098245756, 1.6638747769269735, 0.43430239621798516, -0.009446255215931343, -0.02752502143062696, -0.02353789161583819, -0.018447693061220443, 0.02561052546318132, -0.00021203813538844818, 1.0256069136698822]] left_gripper=0.43430239621798516 right_gripper=1.0256069136698822
update step=26 qpos=[-0.12356697022914886, 1.8802084922790527, 1.314914584159851, -1.1156140565872192, -0.045694783329963684, 1.6636865139007568, 0.43430239621798516, -0.009422545321285725, -0.02718059904873371, -0.023263251408934593, -0.018660403788089752, 0.025477053597569466, -0.00043761872802861035, 1.0]
pred step=26 action=[[-0.1270945749144086, 1.8811267778093663, 1.3177396996813933, -1.1175340886212517, -0.046459478804277754, 1.664807105911941, 0.38636452433229856, -0.009597524906505311, -0.02983031717403739, -0.02541597397706974, -0.0174339538080915, 0.025636850966596236, 0.0010012457999085678, 1.0239936635872533]] left_gripper=0.38636452433229856 right_gripper=1.0239936635872533
update step=27 qpos=[-0.1267068237066269, 1.8810211420059204, 1.3174020051956177, -1.1172821521759033, -0.04635747894644737, 1.6646642684936523, 0.38636452433229856, -0.009577656164765358, -0.0295154619961977, -0.025163529440760612, -0.017593031749129295, 0.025617284700274467, 0.0008179335854947567, 1.0]
pred step=27 action=[[-0.12936300241989848, 1.8805289693630485, 1.3198981086564983, -1.1201743490380291, -0.047438216729666305, 1.6649224091810484, 0.3457429802522259, -0.009724413794843206, -0.03159708413135853, -0.026028053396083384, -0.016933299779088508, 0.026390602490221404, 0.0018790995113495135, 1.0233936866483362]] left_gripper=0.3457429802522259 right_gripper=1.0233936866483362
update step=28 qpos=[-0.12906521558761597, 1.8805763721466064, 1.3195983171463013, -1.119805932044983, -0.04729779437184334, 1.664889931678772, 0.3457429802522259, -0.00970904529094696, -0.031353648751974106, -0.025917012244462967, -0.017014915123581886, 0.026293333619832993, 0.0017439569346606731, 1.0]
pred step=28 action=[[-0.1310315200534194, 1.8788557567614386, 1.3215898777166606, -1.1232911507876415, -0.04816882592685512, 1.6644776131015764, 0.308129747107841, -0.009466239849704544, -0.032676951030454315, -0.027149437997306514, -0.016182232648481343, 0.02697805975638934, 0.0026243755339168673, 1.0219881107381468]] left_gripper=0.308129747107841 right_gripper=1.0219881107381468
update step=29 qpos=[-0.13081111013889313, 1.879050374031067, 1.3213398456573486, -1.1228547096252441, -0.04805591329932213, 1.6645307540893555, 0.308129747107841, -0.009496358223259449, -0.0325184091925621, -0.027008552104234695, -0.016291070729494095, 0.026891198009252548, 0.002512207720428705, 1.0]
pred step=29 action=[[-0.13340223246284538, 1.87806458950945, 1.3249595194284285, -1.1272801283836869, -0.048731849573098285, 1.6644176139009343, 0.27469768614440354, -0.009562795458534723, -0.03352600250052784, -0.02745882658557708, -0.016041033214403436, 0.02727061739073061, 0.002775533689956866, 1.0207604699764956]] left_gripper=0.27469768614440354 right_gripper=1.0207604699764956
update step=30 qpos=[-0.13312120735645294, 1.8781790733337402, 1.3245130777359009, -1.1267188787460327, -0.04864209517836571, 1.664432406425476, 0.27469768614440354, -0.009555830620229244, -0.03340816870331764, -0.027401352301239967, -0.01607178896665573, 0.027222879230976105, 0.002742042765021324, 1.0]
pred step=30 action=[[-0.13570943792055806, 1.8772809110930344, 1.3283219449440222, -1.1310319518546474, -0.04944763184686363, 1.665309660609952, 0.2449455801093291, -0.009458693016871383, -0.03504596969441942, -0.02803591059260524, -0.015634999456571774, 0.027610352469356725, 0.003432816088565771, 1.019610477770237]] left_gripper=0.2449455801093291 right_gripper=1.019610477770237
update step=31 qpos=[-0.13542477786540985, 1.877388834953308, 1.3278517723083496, -1.1304841041564941, -0.04934179037809372, 1.6651978492736816, 0.2449455801093291, -0.009471064433455467, -0.034852370619773865, -0.027958976104855537, -0.015690121799707413, 0.027561308816075325, 0.00334478379227221, 1.0]
pred step=31 action=[[-0.13832373519049157, 1.8765750717572436, 1.3312034077979544, -1.1345987542308686, -0.05011458163416954, 1.6656482130493928, 0.22030111903454946, -0.009395445309693079, -0.03533527209773901, -0.028218574129156626, -0.015346984669368999, 0.027864029446552807, 0.0035644697114910473, 1.0182644852112341]] left_gripper=0.22030111903454946 right_gripper=1.0182644852112341
update step=32 qpos=[-0.13800695538520813, 1.8766770362854004, 1.3307851552963257, -1.134077548980713, -0.05001229792833328, 1.6655912399291992, 0.22030111903454946, -0.009404987096786499, -0.035278454422950745, -0.02818729169666767, -0.015390593558549881, 0.027825672179460526, 0.0035365100484341383, 1.0]
pred step=32 action=[[-0.14083331225256426, 1.8777358301622387, 1.336746952000684, -1.1404683270894844, -0.050085794764838654, 1.6657830924080888, 0.20003346307709824, -0.009163879840964229, -0.03591297477131661, -0.028012187781794262, -0.014644456547191896, 0.02784002079316139, 0.0038581651470248057, 1.0175704177780662]] left_gripper=0.20003346307709824 right_gripper=1.0175704177780662
update step=33 qpos=[-0.1405232697725296, 1.8776136636734009, 1.3360192775726318, -1.1396485567092896, -0.050072405487298965, 1.665758728981018, 0.20003346307709824, -0.009192285127937794, -0.03584107756614685, -0.02802356518805027, -0.014735814183950424, 0.027837786823511124, 0.0038171508349478245, 1.0]
pred step=33 action=[[-0.1431884557725365, 1.8785304005228205, 1.3441160954008895, -1.1473675389668365, -0.051283645029954694, 1.6666618111472549, 0.18218004927080622, -0.009235798144423962, -0.03650443604060105, -0.02743157592373513, -0.015082499978413946, 0.028392587639829436, 0.003861555803247263, 1.0163667505347276]] left_gripper=0.18218004927080622 right_gripper=1.0163667505347276
update step=34 qpos=[-0.1428927332162857, 1.8784105777740479, 1.343143105506897, -1.1463738679885864, -0.05112630873918533, 1.6665464639663696, 0.18218004927080622, -0.009231825359165668, -0.03642706573009491, -0.027498312294483185, -0.015035674907267094, 0.028322570025920868, 0.0038559515960514545, 1.0]
pred step=34 action=[[-0.14548543162280791, 1.8794153039740447, 1.352703253644556, -1.1554251753222362, -0.05248961641598132, 1.6673559502632695, 0.16990627191910435, -0.009025761180280367, -0.03653006012379545, -0.02695238437368086, -0.014425349523033303, 0.02860115214028036, 0.004003977747719434, 1.0156258949266364]] left_gripper=0.16990627191910435 right_gripper=1.0156258949266364
update step=35 qpos=[-0.14519834518432617, 1.879296064376831, 1.3515464067459106, -1.1542601585388184, -0.052313122898340225, 1.6672526597976685, 0.16990627191910435, -0.009050573222339153, -0.03651995584368706, -0.027011368423700333, -0.014500127173960209, 0.028565580025315285, 0.003985107876360416, 1.0]
pred step=35 action=[[-0.14733156396872105, 1.8799909949130293, 1.3629116553377307, -1.1652457337775273, -0.053383132007760514, 1.6683557189330056, 0.15637602298928954, -0.008687515854897743, -0.03668752018455734, -0.026375155610366074, -0.013959569670797353, 0.028497035134073534, 0.00410405837862815, 1.014693059363212]] left_gripper=0.15637602298928954 right_gripper=1.014693059363212
update step=36 qpos=[-0.1470930278301239, 1.8799035549163818, 1.3615370988845825, -1.1638333797454834, -0.053244635462760925, 1.6682146787643433, 0.15637602298928954, -0.008729995228350163, -0.03666983172297478, -0.0264443326741457, -0.014025045558810234, 0.028504997491836548, 0.004088862333446741, 1.0]
pred step=36 action=[[-0.15015060209365522, 1.8812924943999916, 1.3739242499931987, -1.1748440778446922, -0.05391230554666565, 1.6674652038473647, 0.14344063035651222, -0.00830294120131067, -0.036421262365976426, -0.025708929337225128, -0.013221292009565995, 0.02842325390762729, 0.00411991112021759, 1.0143320156538158]] left_gripper=0.14344063035651222 right_gripper=1.0143320156538158
update step=37 qpos=[-0.14981937408447266, 1.8811430931091309, 1.3724197149276733, -1.1734232902526855, -0.05382275953888893, 1.6675608158111572, 0.14344063035651222, -0.008352846838533878, -0.03645314276218414, -0.025789380073547363, -0.013320199213922024, 0.028432710096240044, 0.00411591213196516, 1.0]
pred step=37 action=[[-0.15298430935110974, 1.8811140979019418, 1.3842210589684054, -1.1813759127134174, -0.051531501876020624, 1.663135298502291, 0.12283757404381179, -0.00809104593916693, -0.036707896826655984, -0.026172072245283284, -0.012303292216286042, 0.028901827586921613, 0.004604249597601251, 1.014655185541025]] left_gripper=0.12283757404381179 right_gripper=1.014655185541025
update step=38 qpos=[-0.15264156460762024, 1.881129503250122, 1.3828039169311523, -1.1803388595581055, -0.05181712284684181, 1.663699984550476, 0.12283757404381179, -0.008122741244733334, -0.03667600825428963, -0.02613103948533535, -0.012434354983270168, 0.02884204313158989, 0.004541996866464615, 1.0]
pred step=38 action=[[-0.15609257832174808, 1.8798985400782064, 1.392690204751915, -1.1841352881774834, -0.04633235415495318, 1.6546886408258341, 0.10404562376021176, -0.007849235433587815, -0.036436806019991, -0.02632534603905734, -0.01185952186203005, 0.029299132613105627, 0.004037063925357964, 1.0143753602812187]] left_gripper=0.10404562376021176 right_gripper=1.0143753602812187
update step=39 qpos=[-0.15572383999824524, 1.8800787925720215, 1.3915034532546997, -1.1836248636245728, -0.04702211543917656, 1.6558375358581543, 0.10404562376021176, -0.00788218155503273, -0.036465249955654144, -0.02630230411887169, -0.011933119967579842, 0.029240775853395462, 0.004101465456187725, 1.0]
pred step=39 action=[[-0.1580913864015655, 1.87830212084182, 1.4003209772524898, -1.1857344905385534, -0.04030893208803077, 1.6456946876974887, 0.08652302428189029, -0.0075908166542199285, -0.03704992932985285, -0.026339117885898822, -0.01132305045579815, 0.029872041509374392, 0.003593127844310595, 1.0145171139488844]] left_gripper=0.08652302428189029 right_gripper=1.0145171139488844
update step=40 qpos=[-0.15783360600471497, 1.8785521984100342, 1.3992640972137451, -1.185439109802246, -0.041156597435474396, 1.646988034248352, 0.08652302428189029, -0.0076262508518993855, -0.036982785910367966, -0.026328306645154953, -0.01139841414988041, 0.029791640117764473, 0.0036579295992851257, 1.0]
pred step=40 action=[[-0.1600975713490942, 1.8765177191443025, 1.4066148447725322, -1.1865514702193412, -0.033736376647536204, 1.6366864007147501, 0.07531514102411208, -0.007210743934844693, -0.03664537500702858, -0.026129919738899443, -0.010542494486416911, 0.029909623167698518, 0.003511208888400952, 1.0145799825867365]] left_gripper=0.07531514102411208 right_gripper=1.0145799825867365
update step=41 qpos=[-0.15985825657844543, 1.8768041133880615, 1.4057289361953735, -1.1863871812820435, -0.034673310816287994, 1.6379998922348022, 0.07531514102411208, -0.00725970882922411, -0.03668684884905815, -0.026149651035666466, -0.010650036856532097, 0.02989388257265091, 0.0035298571456223726, 1.0]
pred step=41 action=[[-0.16213665165178948, 1.873444448414975, 1.410420261490941, -1.1826445119113485, -0.024564923020333362, 1.6251427579599336, 0.06231664313369334, -0.007029432136099828, -0.0364452248258883, -0.025985731740164164, -0.01017065478579647, 0.030435398467376695, 0.003017776174194131, 1.0144983183492606]] left_gripper=0.06231664313369334 right_gripper=1.0144983183492606
update step=42 qpos=[-0.16190128028392792, 1.8738901615142822, 1.4098690748214722, -1.183095932006836, -0.02584252692759037, 1.6267820596694946, 0.06231664313369334, -0.0070574418641626835, -0.0364743247628212, -0.026003768667578697, -0.010231000371277332, 0.030366424471139908, 0.0030830667819827795, 1.0]
pred step=42 action=[[-0.1637405833946584, 1.8709108507662735, 1.4153326235031427, -1.1793664016058725, -0.01442162223360105, 1.6123695570241945, 0.052144407797678816, -0.006555209687098051, -0.03566768473035975, -0.026140080517624842, -0.009326339019660458, 0.03013977705819365, 0.002945527685771665, 1.0147498150609815]] left_gripper=0.052144407797678816 right_gripper=1.0147498150609815
update step=43 qpos=[-0.1635514348745346, 1.8713116645812988, 1.414692997932434, -1.1798111200332642, -0.01586640626192093, 1.6142067909240723, 0.05214440779767881, -0.006613634061068296, -0.03576287627220154, -0.026125149801373482, -0.009442554786801338, 0.030167408287525177, 0.0029629715718328953, 1.0]
pred step=43 action=[[-0.1658947500413343, 1.8678181385629005, 1.4203201072104121, -1.1748419522170177, -0.003758221918495841, 1.5969430732323773, 0.045359615791554675, -0.006035064133408041, -0.03518851177836024, -0.025421849965352017, -0.009760411788967902, 0.03036225416199928, 0.0028147062759925623, 1.0144687061881792]] left_gripper=0.045359615791554675 right_gripper=1.0144687061881792
update step=44 qpos=[-0.16565656661987305, 1.8682821989059448, 1.4196679592132568, -1.1754404306411743, -0.0052888887003064156, 1.5991443395614624, 0.04535961579155467, -0.006103281397372484, -0.03525852411985397, -0.025499681010842323, -0.009717361070215702, 0.03033641166985035, 0.002833550563082099, 1.0]
pred step=44 action=[[-0.167625230873893, 1.864978167835784, 1.422903560850644, -1.1663620962029526, 0.008934124284258382, 1.5799020997114226, 0.03959868170785663, -0.005583288098040512, -0.035359415650259796, -0.025672198629178022, -0.008711775362579284, 0.030395596304284622, 0.0029629003259749043, 1.0142607532179693]] left_gripper=0.03959868170785663 right_gripper=1.0142607532179693
update step=45 qpos=[-0.16742601990699768, 1.8654495477676392, 1.4225358963012695, -1.1674811840057373, 0.007134026847779751, 1.5823554992675781, 0.03959868170785664, -0.005644388496875763, -0.035347726196050644, -0.025650475174188614, -0.008839578367769718, 0.03038707561790943, 0.0029463565442711115, 1.0]
pred step=45 action=[[-0.16945825972322565, 1.8604682832543389, 1.4248310810332887, -1.155074855767181, 0.023276915095427897, 1.558836416836421, 0.03485232480846234, -0.004914837430574692, -0.03522832798961484, -0.025290823501035287, -0.008092447268056016, 0.029980064378412496, 0.0033164929796190012, 1.0141851564841378]] left_gripper=0.03485232480846234 right_gripper=1.0141851564841378
update step=46 qpos=[-0.16925710439682007, 1.861118197441101, 1.4246041774749756, -1.156612515449524, 0.02123378962278366, 1.5618350505828857, 0.03485232480846233, -0.004999622702598572, -0.035245124250650406, -0.025326086208224297, -0.008184632286429405, 0.03003007359802723, 0.0032692127861082554, 1.0]
pred step=46 action=[[-0.1711465581580558, 1.85477477490751, 1.424892704938756, -1.1396854139184547, 0.03993790113628232, 1.533639708939973, 0.032010600080736085, -0.00433399926949346, -0.035710033278828934, -0.024900487171969243, -0.008429009173947398, 0.029350388169549213, 0.0029022338889139743, 1.0139491802858174]] left_gripper=0.032010600080736085 right_gripper=1.0139491802858174
update step=47 qpos=[-0.17096339166164398, 1.8556126356124878, 1.4249080419540405, -1.141796588897705, 0.0375693142414093, 1.5372345447540283, 0.03201060008073608, -0.00441057700663805, -0.03565538302063942, -0.024949315935373306, -0.008396207354962826, 0.029434872791171074, 0.0029489288572221994, 1.0]
pred step=47 action=[[-0.17261703442157195, 1.849502339488315, 1.4239609861148295, -1.1229556750296878, 0.057478933794039566, 1.5068459814636737, 0.030550394331049335, -0.0038043651842548654, -0.03561141608148166, -0.02472379081797349, -0.008990150500657644, 0.029087200163688987, 0.002160159709076459, 1.0136914343728591]] left_gripper=0.030550394331049335 right_gripper=1.0136914343728591
update step=48 qpos=[-0.17245984077453613, 1.8503280878067017, 1.4241225719451904, -1.1253095865249634, 0.05495662987232208, 1.5107206106185913, 0.030550394331049335, -0.0038745824713259935, -0.03561496362090111, -0.024755354970693588, -0.008915570564568043, 0.029129760339856148, 0.0022606155835092068, 1.0]
pred step=48 action=[[-0.17450012117340538, 1.8434837140324238, 1.4212707739215324, -1.1004081301134816, 0.07886624663015199, 1.475668736538569, 0.029942520296739605, -0.0031522559794932847, -0.03559003507062852, -0.024097265783910138, -0.008995060315149229, 0.028602716530176042, 0.0015794592103436367, 1.0135330320512443]] left_gripper=0.029942520296739605 right_gripper=1.0135330320512443
update step=49 qpos=[-0.17431120574474335, 1.8444015979766846, 1.4216872453689575, -1.103524088859558, 0.07583703100681305, 1.4801379442214966, 0.029942520296739602, -0.00323578342795372, -0.03559563681483269, -0.024167777970433235, -0.008981534279882908, 0.028667757287621498, 0.001666156342253089, 1.0]
pred step=49 action=[[-0.17645439580706185, 1.8362942325568463, 1.417313479508948, -1.0758889700124532, 0.10201565984806438, 1.443699718402063, 0.029845820435582704, -0.002372542242484371, -0.03544909139493546, -0.023182926827943984, -0.00920816711669917, 0.02759065919289827, 0.001218656077497493, 1.0132564180902102]] left_gripper=0.029845820435582704 right_gripper=1.0132564180902102
update step=50 qpos=[-0.17625415325164795, 1.8373651504516602, 1.4179184436798096, -1.079355239868164, 0.09869809448719025, 1.44834566116333, 0.029845820435582694, -0.0024714767932891846, -0.0354684554040432, -0.023293988779187202, -0.009175819344818592, 0.027724947780370712, 0.0012755183270201087, 1.0]
pred step=50 action=[[-0.18413967657182817, 1.8280791933822396, 1.4084852965406207, -1.0387821215078998, 0.13103876272853462, 1.3976671091704465, 0.03439492172289582, -0.0018052021651343841, -0.03609209702306537, -0.023601552838999007, -0.007737868108371334, 0.02640460715686327, 0.0012702411008941872, 1.0131967813507852]] left_gripper=0.03439492172289582 right_gripper=1.0131967813507852
update step=51 qpos=[-0.18335354328155518, 1.8293355703353882, 1.4097294807434082, -1.0438817739486694, 0.12694880366325378, 1.404130220413208, 0.03439492172289582, -0.0018805426079779863, -0.036018285900354385, -0.023564152419567108, -0.007920609787106514, 0.026570050045847893, 0.0012707478599622846, 1.0]
pred step=51 action=[[-0.19181386908611292, 1.8188728340818894, 1.3964097771608417, -0.9955096746117911, 0.1636691953909808, 1.3466594570300388, 0.04036717440388138, -0.0012041536631681171, -0.03567471918706078, -0.023610492673174166, -0.005901025366365177, 0.024701212073409362, 0.0009879176387483923, 1.0133843943799705]] left_gripper=0.04036717440388138 right_gripper=1.0133843943799705
update step=52 qpos=[-0.19093060493469238, 1.8202751874923706, 1.3981462717056274, -1.0015997886657715, 0.15901964902877808, 1.3539886474609375, 0.040367174403881385, -0.001279519172385335, -0.03571833297610283, -0.023597143590450287, -0.006155828479677439, 0.02493588626384735, 0.0010237973183393478, 1.0]
pred step=52 action=[[-0.1993100311580207, 1.8096335677351347, 1.380450356516047, -0.9412533430364776, 0.20366975996998044, 1.291212377956981, 0.04546721277331156, -0.0009292861258034524, -0.037485788333131986, -0.02414216354633525, -0.0038473216788753187, 0.02338636511711445, 0.0015343590269486507, 1.0137596429958469]] left_gripper=0.04546721277331156 right_gripper=1.0137596429958469
update step=53 qpos=[-0.19844146072864532, 1.8110872507095337, 1.382746696472168, -0.9488576054573059, 0.1980108916759491, 1.2992184162139893, 0.04546721277331156, -0.0009671789011918008, -0.03727991506457329, -0.02406640164554119, -0.004137374460697174, 0.023581424728035927, 0.001469136099331081, 1.0]
pred step=53 action=[[-0.2062504179795008, 1.8002704261744595, 1.3619308953745493, -0.8772504246458601, 0.24734746017280912, 1.2352441226059745, 0.04824998402426439, -0.0005642663554236427, -0.03784541202142899, -0.024716540631600448, -0.0016043660363539115, 0.02187582870908339, 0.0021390083928630177, 1.014957537443347]] left_gripper=0.04824998402426439 right_gripper=1.014957537443347
update step=54 qpos=[-0.20544292032718658, 1.8017570972442627, 1.3646438121795654, -0.8862773180007935, 0.24108971655368805, 1.2434028387069702, 0.048249984024264385, -0.0006080561433918774, -0.03778001293540001, -0.024635452777147293, -0.0019260254921391606, 0.022090541198849678, 0.0020534927025437355, 1.0]
pred step=54 action=[[-0.2144523087022943, 1.7884182108405622, 1.338131144511117, -0.7999694478737639, 0.29575429340656695, 1.1701822723173332, 0.05411226663669866, -4.249105280296206e-05, -0.038881358491094864, -0.02559975214150112, 0.00016882468708824538, 0.0200789267921897, 0.0029787978820168814, 1.0144476672895677]] left_gripper=0.05411226663669866 right_gripper=1.0144476672895677
update step=55 qpos=[-0.21352945268154144, 1.7902249097824097, 1.3415637016296387, -0.8108687996864319, 0.28881916403770447, 1.1795215606689453, 0.05411226663669866, -0.00010478372860234231, -0.0387517511844635, -0.02548256702721119, -9.7710668342188e-05, 0.020332003012299538, 0.002860688604414463, 1.0]
pred step=55 action=[[-0.22326369747840002, 1.7734631394766192, 1.307683105203238, -0.7073683270337753, 0.3502259756579066, 1.0982294835002293, 0.05894135059196215, 0.00048756719842643625, -0.041359598738454406, -0.02708213303731022, 0.004256637618827308, 0.017728924587247785, 0.005624684729196694, 1.0147313316604119]] left_gripper=0.05894135059196215 right_gripper=1.0147313316604119
update step=56 qpos=[-0.222264364361763, 1.7757035493850708, 1.3120242357254028, -0.7204678058624268, 0.34243130683898926, 1.1085991859436035, 0.05894135059196214, 0.00042308957199566066, -0.041056398302316666, -0.026875481009483337, 0.003706621238961816, 0.018056882545351982, 0.005272142123430967, 1.0]
pred step=56 action=[[-0.23269693304378736, 1.7558586967890863, 1.2691226770773223, -0.5933118900803848, 0.41315198118735474, 1.0139934468286942, 0.06259995201438362, 0.0006488163645838041, -0.04404492119642789, -0.02886705641605447, 0.008732671914686619, 0.015777601203187053, 0.009289118891011972, 1.014547075626262]] left_gripper=0.06259995201438362 right_gripper=1.014547075626262
update step=57 qpos=[-0.23162978887557983, 1.7585002183914185, 1.2745790481567383, -0.6094348430633545, 0.40417012572288513, 1.0260636806488037, 0.06259995201438363, 0.0006265643751248717, -0.04369562119245529, -0.028617404401302338, 0.008095933124423027, 0.016065487638115883, 0.008776972070336342, 1.0]
pred step=57 action=[[-0.24251873906854837, 1.7375137997147987, 1.2245449607081889, -0.46575523161249216, 0.48145223571611157, 0.9220250903842021, 0.06291717187987034, 0.0007055436268131321, -0.047298535645357465, -0.03011455481250902, 0.012117292374799735, 0.014694164315632807, 0.012751948931225776, 1.0143997750246159]] left_gripper=0.06291717187987034 right_gripper=1.0143997750246159
update step=58 qpos=[-0.24140465259552002, 1.7402905225753784, 1.230857491493225, -0.48400774598121643, 0.47163498401641846, 0.9353004693984985, 0.06291717187987034, 0.0006985633517615497, -0.046877555549144745, -0.029920443892478943, 0.011610706336796284, 0.014867639169096947, 0.01224528905004263, 1.0]
pred step=58 action=[[-0.2536376997514769, 1.7201642321232782, 1.1752123215004606, -0.32388423145048345, 0.5570930527139469, 0.8216717216059909, 0.060863933329776465, 0.000552694073168214, -0.05314384544751127, -0.03221841106347578, 0.015576815230843918, 0.014510779573091825, 0.016874348257375604, 1.01502569920678]] left_gripper=0.060863933329776465 right_gripper=1.01502569920678
update step=59 qpos=[-0.2523922026157379, 1.7228070497512817, 1.1822041273117065, -0.34425222873687744, 0.5462400913238525, 0.8361731767654419, 0.060863933329776465, 0.0005698371678590775, -0.05240604653954506, -0.03193172067403793, 0.015076913870871067, 0.01455668080598116, 0.016284389421343803, 1.0]
pred step=59 action=[[-0.26380234796548446, 1.704902457952039, 1.1269202883363336, -0.18392331320998867, 0.6306445839084416, 0.7232428832239834, 0.06064576264586119, 0.0002507229473203143, -0.057859972799731096, -0.03445977399821931, 0.015867652502669055, 0.015485440950740448, 0.019004349891031114, 1.0166038146175076]] left_gripper=0.06064576264586119 right_gripper=1.0166038146175076
update step=60 qpos=[-0.2626274526119232, 1.707205891609192, 1.1338317394256592, -0.2043393850326538, 0.6199291944503784, 0.737656831741333, 0.06064576264586119, 0.0002858014777302742, -0.05720964074134827, -0.034172188490629196, 0.01576300524175167, 0.015369052067399025, 0.018657905980944633, 1.0]
pred step=60 action=[[-0.2737510905365909, 1.6896676316712957, 1.0787883988481708, -0.04525261688601534, 0.7049064052416493, 0.6248004743813329, 0.05619362499477554, -0.0002115167731822909, -0.06414633735998243, -0.03768157528378546, 0.014677014467755725, 0.01824249368877673, 0.019752032520843066, 1.0187432830960825]] left_gripper=0.05619362499477554 right_gripper=1.0187432830960825
update step=61 qpos=[-0.27262115478515625, 1.6918381452560425, 1.085623860359192, -0.06552981585264206, 0.6941303014755249, 0.6392076015472412, 0.05619362499477554, -0.00015921995509415865, -0.06326251477003098, -0.036223504692316055, 0.014786923304200172, 0.017880570143461227, 0.019612912088632584, 1.0]
pred step=61 action=[[-0.28391603057178005, 1.6788798698463192, 1.0369240774301784, 0.07884514117031194, 0.7721718346197772, 0.5360406499024819, 0.053234821650319786, -0.0007356965328383924, -0.06883723079012927, -0.04045308448818574, 0.01121868747755278, 0.021848875981810012, 0.020049167817069502, 1.0212760548912243]] left_gripper=0.053234821650319786 right_gripper=1.0212760548912243
update step=62 qpos=[-0.2827637791633606, 1.6804548501968384, 1.042923927307129, 0.060433436185121536, 0.7622868418693542, 0.5492120981216431, 0.0532348216503198, -0.0006768249440938234, -0.06813065707683563, -0.03618244081735611, 0.011678921058773994, 0.021348806098103523, 0.019993914291262627, 1.0]
pred step=62 action=[[-0.2940209663131902, 1.6702717759648062, 0.9983448563451919, 0.19305515795352635, 0.8350142468653233, 0.4539791157470739, 0.046994177819035254, -0.0007755550087488183, -0.07249949834473057, -0.04305293393780263, 0.008052155206802771, 0.024406893961193776, 0.020033226569529994, 1.0244880515271058]] left_gripper=0.046994177819035254 right_gripper=1.0244880515271058
update step=63 qpos=[-0.2928740084171295, 1.671445369720459, 1.0038090944290161, 0.17614124715328217, 0.8258152008056641, 0.46613946557044983, 0.04699417781903527, -0.0007710913778282702, -0.07190300524234772, -0.03615149110555649, 0.008515620604157448, 0.02402094379067421, 0.02002844773232937, 1.0]
pred step=63 action=[[-0.30370529128904333, 1.6649410071358748, 0.9649869730438114, 0.2930658256649426, 0.8917637064943662, 0.3827369298938721, 0.03942083112159589, -0.0011210226266754886, -0.07521279906712075, -0.04452283179467875, 0.0038936863528252295, 0.02624702273664542, 0.019652668728959544, 1.0261745403195326]] left_gripper=0.03942083112159589 right_gripper=1.0261745403195326
update step=64 qpos=[-0.3025994598865509, 1.6656413078308105, 0.9697162508964539, 0.2781549096107483, 0.8834316730499268, 0.39338788390159607, 0.03942083112159588, -0.0010852740379050374, -0.07471946626901627, -0.03612543269991875, 0.004479278810322285, 0.025966601446270943, 0.019700752571225166, 1.0]
pred step=64 action=[[-0.3120053725530496, 1.66155426782321, 0.9368312025308136, 0.37705911961651306, 0.9407883943137425, 0.3218108350539951, 0.030156408083984454, -0.0018804157522585851, -0.07926916242757032, -0.04615879798679201, -0.0003627185243246355, 0.02896622180422781, 0.019031702712951792, 1.0288826804123858]] left_gripper=0.030156408083984454 right_gripper=1.0288826804123858
update step=65 qpos=[-0.31104254722595215, 1.6619385480880737, 0.940818190574646, 0.36445000767707825, 0.9335489273071289, 0.3309524655342102, 0.030156408083984457, -0.001794148818589747, -0.07861220836639404, -0.036088187247514725, 0.00025330446078442037, 0.028588853776454926, 0.01911725476384163, 1.0]
pred step=65 action=[[-0.3197185030516632, 1.6612863845850376, 0.913313099049287, 0.4501167486453296, 0.9832101613740868, 0.26979779223282235, 0.02310601576933069, -0.0022212841372280523, -0.08146738459050384, -0.046999787323597886, -0.00377879362233829, 0.030337495480178833, 0.018445952938211108, 1.0310012009593168]] left_gripper=0.02310601576933069 right_gripper=1.0310012009593168
update step=66 qpos=[-0.3188309669494629, 1.661261796951294, 0.9166368246078491, 0.43919864296913147, 0.9769460558891296, 0.2776089906692505, 0.02310601576933068, -0.0021758126094937325, -0.08100832998752594, -0.03606016933917999, -0.0032643142621964216, 0.030117569491267204, 0.01853165589272976, 1.0]
pred step=66 action=[[-0.326370033067804, 1.6626073217046664, 0.8946715517376922, 0.5091438714434697, 1.0173712188265636, 0.229011307819938, 0.016286038403672487, -0.002358033926401576, -0.08324163603294688, -0.04743536891347089, -0.006478651427042542, 0.03078078692992048, 0.01773556811107202, 1.0336548699225077]] left_gripper=0.016286038403672487 right_gripper=1.0336548699225077
update step=67 qpos=[-0.32559335231781006, 1.6623437404632568, 0.8973250985145569, 0.5002341866493225, 1.0122750997543335, 0.2352190911769867, 0.016286038403672477, -0.0023390138521790504, -0.08286746591329575, -0.03603664040565491, -0.006073161959648132, 0.030697420239448547, 0.01783708669245243, 1.0]
pred step=67 action=[[-0.3321566496984288, 1.6645507518746492, 0.8799243079610792, 0.555020600517852, 1.0436705763662313, 0.19683168200799675, 0.011576750163100669, -0.0020267586709663277, -0.08344715512097944, -0.04708701373168045, -0.007401038496704478, 0.030026106341579817, 0.0176936323554715, 1.035737648172665]] left_gripper=0.011576750163100669 right_gripper=1.035737648172665
update step=68 qpos=[-0.3314761519432068, 1.6641955375671387, 0.8820214867591858, 0.5480433702468872, 1.0397157669067383, 0.2017354816198349, 0.011576750163100676, -0.0020629488863050938, -0.08338611572980881, -0.036034196615219116, -0.007249496877193451, 0.030110331252217293, 0.01771179772913456, 1.0]
pred step=68 action=[[-0.3370992229229824, 1.667243915978272, 0.8697123650392505, 0.5901159128019126, 1.063463327589703, 0.1725613788316909, 0.007080612813291531, -0.0014917040623806666, -0.08251270444317371, -0.04601881935266694, -0.007853968472685303, 0.028816094415786364, 0.01737038167724908, 1.0370764439165232]] left_gripper=0.007080612813291531 right_gripper=1.0370764439165232
update step=69 qpos=[-0.3365109860897064, 1.6668016910552979, 0.8712044358253479, 0.5847615599632263, 1.0604723691940308, 0.17628832161426544, 0.007080612813291532, -0.0015571346739307046, -0.08309578895568848, -0.03604491800069809, -0.007781711407005787, 0.02897842973470688, 0.017413761466741562, 1.0]
pred step=69 action=[[-0.3414107948229827, 1.6705229041399527, 0.8598978188679193, 0.6223667852567241, 1.0811307783735056, 0.15127275282952046, 0.001956338965343085, -0.0007073229470045406, -0.07924918784893675, -0.0443792423321705, -0.00723902228601539, 0.026170179964858487, 0.01722181387162619, 1.037746961273713]] left_gripper=0.001956338965343085 right_gripper=1.037746961273713
update step=70 qpos=[-0.34090089797973633, 1.6700166463851929, 0.8612580299377441, 0.6175783276557922, 1.0785290002822876, 0.154468834400177, 0.001956338965343069, -0.0008020088425837457, -0.08010638505220413, -0.036070194095373154, -0.007319402415305376, 0.026523234322667122, 0.01724599301815033, 1.0]
pred step=70 action=[[-0.345418423310581, 1.6732290438744326, 0.8524950920925343, 0.6491035588026761, 1.0964860791999786, 0.13409818209951413, -0.0036624032479395385, 0.0006337986817304131, -0.07411785268152116, -0.04182027594014426, -0.005908028575724273, 0.022706158487761086, 0.01632102670032265, 1.0380586693111016]] left_gripper=-0.0036624032479395385 right_gripper=1.0380586693111016
update step=71 qpos=[-0.3449479937553406, 1.6727744340896606, 0.8535618185997009, 0.6450948119163513, 1.094225287437439, 0.13670115172863007, 0.0, 0.00047290671500377357, -0.07509949803352356, -0.03611336275935173, -0.006103403866291046, 0.02318531833589077, 0.016438545659184456, 1.0]
pred step=71 action=[[-0.349248644501008, 1.6766508109450287, 0.8461540755670214, 0.6711974432886527, 1.1093425147436862, 0.11915293518491277, -0.007984260462184478, 0.0022874417679887293, -0.06657054209711388, -0.03854574686977408, -0.0032875819794553635, 0.01760442957754671, 0.015962032419926886, 1.0381374608484448]] left_gripper=-0.007984260462184478 right_gripper=1.0381374608484448
update step=72 qpos=[-0.34879836440086365, 1.676146388053894, 0.847042977809906, 0.6678738594055176, 1.1074389219284058, 0.12139511108398438, 0.0, 0.0020862333476543427, -0.06767766177654266, -0.03617764636874199, -0.003666091710329056, 0.018305635079741478, 0.01602219045162201, 1.0]
pred step=72 action=[[-0.3523231539208121, 1.6787762944637332, 0.8397024706912175, 0.692701822052072, 1.1221677540807287, 0.10603623945076868, -0.013495488098415498, 0.00429837797165844, -0.056634931438459546, -0.03405999979830232, 0.0010921155685519272, 0.011014422831021109, 0.015798109638629265, 1.0374774743207706]] left_gripper=-0.013495488098415498 right_gripper=1.0374774743207706
update step=73 qpos=[-0.3519567847251892, 1.6784008741378784, 0.8405898213386536, 0.6895449757575989, 1.120314121246338, 0.10799914598464966, 0.0, 0.004054282326251268, -0.05795248970389366, -0.03428804501891136, 0.0004897273611277342, 0.011930887587368488, 0.015825962647795677, 1.0]
pred step=73 action=[[-0.35539235714289813, 1.680775512592872, 0.8334161949635426, 0.7123696483130068, 1.1334368510574562, 0.09423856571579403, -0.019062394267256755, 0.007038105308660558, -0.04270474622669651, -0.02777552687341789, 0.007768673803529795, 0.0015460090377286684, 0.01629198092941625, 1.037399299611544]] left_gripper=-0.019062394267256755 right_gripper=1.037399299611544
update step=74 qpos=[-0.3550359606742859, 1.6804454326629639, 0.8342714309692383, 0.7094650268554688, 1.131786823272705, 0.09599734097719193, 0.0, 0.006709876470267773, -0.0445360466837883, -0.028481490910053253, 0.006863867864012718, 0.0028518172912299633, 0.01623160019516945, 1.0]
pred step=74 action=[[-0.35786867409475226, 1.6820059488525274, 0.8299978546565516, 0.7210710047725772, 1.1382297535246209, 0.08912224876543728, -0.022440408158669323, 0.010862772231781226, -0.02273535457348752, -0.019223326616416347, 0.01819764900246289, -0.012537642092155854, 0.017772238653559647, 1.036584194206432]] left_gripper=-0.022440408158669323 right_gripper=1.036584194206432
update step=75 qpos=[-0.3575650751590729, 1.681787371635437, 0.830511212348938, 0.7195954918861389, 1.1374223232269287, 0.09000087529420853, 0.0, 0.010407859459519386, -0.025344137102365494, -0.020249683409929276, 0.016779379919171333, -0.010601836256682873, 0.0175744891166687, 1.0]
pred step=75 action=[[-0.3601300880778444, 1.6830935774105322, 0.8278438475730139, 0.7258557030244476, 1.1407712764089497, 0.08678359079040732, -0.02582872981069373, 0.015266167091233393, 0.0005630019526093877, -0.009536971993092336, 0.030602841543350905, -0.028920182262873628, 0.019419775896925173, 1.035968938857784]] left_gripper=-0.02582872981069373 right_gripper=1.035968938857784
update step=76 qpos=[-0.35985368490219116, 1.682918667793274, 0.8281642198562622, 0.7250591516494751, 1.1403534412384033, 0.08719495683908463, 0.0, 0.014734862372279167, -0.0025311775971204042, -0.01073174923658371, 0.02886890433728695, -0.026615817099809647, 0.019183022901415825, 1.0]
pred step=76 action=[[-0.3622190241246448, 1.6834669579401704, 0.826072782421384, 0.7297635584397103, 1.1419282386974863, 0.08481955904089, -0.028997555405078868, 0.020757694458297393, 0.029418021185608212, 0.0029545062363374175, 0.0473411669350572, -0.049964973982800864, 0.021164084119424387, 1.03503068729985]] left_gripper=-0.028997555405078868 right_gripper=1.03503068729985
update step=77 qpos=[-0.3619631826877594, 1.6833816766738892, 0.8263276219367981, 0.7291661500930786, 1.1417343616485596, 0.08512341231107712, 0.0, 0.02010040357708931, 0.025597983971238136, 0.0014437902718782425, 0.04502752423286438, -0.047027114778757095, 0.02090967446565628, 1.0]
pred step=77 action=[[-0.364155692589096, 1.6839627076818067, 0.8262472684649544, 0.7277793184963935, 1.1399044944022636, 0.08638569777139443, -0.03218802439997581, 0.027021362164502294, 0.062110678139246756, 0.016862079873528835, 0.06637286866205135, -0.07388729582275089, 0.02335116720658309, 1.034781997772768]] left_gripper=-0.03218802439997581 right_gripper=1.034781997772768
update step=78 qpos=[-0.3639128804206848, 1.6838937997817993, 0.8262600302696228, 0.72795569896698, 1.140138864517212, 0.08622442930936813, 0.0, 0.02626626007258892, 0.057753872126340866, 0.015150570310652256, 0.06369467079639435, -0.07050731033086777, 0.02303784340620041, 1.0]
pred step=78 action=[[-0.3657910538006461, 1.684374694122457, 0.8261786555603001, 0.726501118958899, 1.1383391750179088, 0.08643891225793732, -0.03487150683317164, 0.0334173194469989, 0.09548047463407394, 0.03150532973527875, 0.08603409221715656, -0.09849223872826862, 0.0257321901434992, 1.0340124508016422]] left_gripper=-0.03487150683317164 right_gripper=1.0340124508016422
update step=79 qpos=[-0.3655833303928375, 1.6843181848526, 0.8261908888816833, 0.7266855835914612, 1.1385691165924072, 0.08641146123409271, 0.0, 0.032637711614370346, 0.09098375588655472, 0.02968868613243103, 0.0832313597202301, -0.09497004002332687, 0.025386640802025795, 1.0]
pred step=79 action=[[-0.367449021901565, 1.6850147278239922, 0.827593243503975, 0.7225314257941337, 1.1354228339607992, 0.08862430241206198, -0.03717690288082076, 0.040336796444736714, 0.13117113849461703, 0.04713342683650312, 0.10726186184319363, -0.12474866061399353, 0.028388185275504185, 1.033071062308215]] left_gripper=-0.03717690288082076 right_gripper=1.033071062308215
update step=80 qpos=[-0.36724087595939636, 1.684937834739685, 0.8274333477020264, 0.7230604887008667, 1.1358211040496826, 0.08834139257669449, 0.0, 0.039496563374996185, 0.12638624012470245, 0.04519685357809067, 0.10424590110778809, -0.12099992483854294, 0.028003420680761337, 1.0]
pred step=80 action=[[-0.36883452932626704, 1.6858521359704506, 0.8293129183736576, 0.7183971080180593, 1.1330449548625987, 0.09144717018884396, -0.039707582680637676, 0.047921682939229604, 0.17018249735097812, 0.06417426522695524, 0.13090081595676376, -0.1538843753232748, 0.03171732488332202, 1.0316710706094268]] left_gripper=-0.039707582680637676 right_gripper=1.0316710706094268
update step=81 qpos=[-0.3686560392379761, 1.6857538223266602, 0.8290950655937195, 0.7189903855323792, 1.133394718170166, 0.09105030447244644, 0.0, 0.04700268805027008, 0.164972722530365, 0.06207317113876343, 0.12755469977855682, -0.14974325895309448, 0.03124161623418331, 1.0]
pred step=81 action=[[-0.36999308072818793, 1.6851716390859246, 0.8297691039294696, 0.7152547496114602, 1.1309599077059171, 0.09422795754177415, -0.041623083216057455, 0.05679047890965934, 0.21596982133908682, 0.08430358415445449, 0.15846561759135996, -0.1880785089965021, 0.03517802258569008, 1.03062704396873]] left_gripper=-0.041623083216057455 right_gripper=1.03062704396873
update step=82 qpos=[-0.3698446750640869, 1.6852390766143799, 0.8296929001808167, 0.7157313823699951, 1.131269931793213, 0.09382224082946777, 0.0, 0.05572298914194107, 0.20990823209285736, 0.08185082674026489, 0.1545863151550293, -0.1832491159439087, 0.03467373177409172, 1.0]
pred step=82 action=[[-0.37090944406490006, 1.6839077629778014, 0.8310883763317685, 0.7084867830951904, 1.127659431894517, 0.09872084589217034, -0.04386287765336461, 0.06606853241730518, 0.2634227992114988, 0.10525450330473729, 0.18604732037302676, -0.22364665858155064, 0.0389654451069148, 1.0283236421551119]] left_gripper=-0.04386287765336461 right_gripper=1.0283236421551119
update step=83 qpos=[-0.3707880675792694, 1.6840726137161255, 0.830920934677124, 0.709409773349762, 1.128117561340332, 0.09809505939483643, 0.0, 0.06493989378213882, 0.2570793628692627, 0.10265921801328659, 0.18209491670131683, -0.21855545043945312, 0.03841591626405716, 1.0]
pred step=83 action=[[-0.3715184089562349, 1.682120087297257, 0.8326067460361142, 0.6988838073111626, 1.1237226732890595, 0.10412242286700646, -0.045309168654504406, 0.07618008584699518, 0.31538263520849186, 0.1280488440207772, 0.21592803174722414, -0.2627096798069369, 0.04256237164312404, 1.026160161061945]] left_gripper=-0.045309168654504406 right_gripper=1.026160161061945
update step=84 qpos=[-0.3714323937892914, 1.6823660135269165, 0.8323975205421448, 0.7002227306365967, 1.1242799758911133, 0.10335227102041245, 0.0, 0.07495422661304474, 0.3084816336631775, 0.1252400428056717, 0.211676687002182, -0.25714200735092163, 0.04203133285045624, 1.0]
pred step=84 action=[[-0.3719810831501824, 1.6806422541972348, 0.8350782942405559, 0.687778866596328, 1.120110214526587, 0.11034973017799798, -0.04610841631525431, 0.08669147313240105, 0.3698640260876711, 0.15181023419097522, 0.2481132507154587, -0.3039303371354333, 0.04629245272858823, 1.0241942294482222]] left_gripper=-0.04610841631525431 right_gripper=1.0241942294482222
update step=85 qpos=[-0.3719153106212616, 1.680864930152893, 0.834750771522522, 0.689362108707428, 1.1206374168395996, 0.10945557802915573, 0.0, 0.0854126438498497, 0.36261114478111267, 0.1488778293132782, 0.24353118240833282, -0.29802677035331726, 0.04574678838253021, 1.0]
pred step=85 action=[[-0.37245626484758104, 1.679456669376378, 0.8390197340399961, 0.675607102447524, 1.1166016603170572, 0.11778760826751145, -0.04702302693389604, 0.09706330553558012, 0.42431380714608524, 0.17606528088703383, 0.28037334477434334, -0.34513337657705945, 0.05007456758564416, 1.0230614569174548]] left_gripper=-0.04702302693389604 right_gripper=1.0230614569174548
update step=86 qpos=[-0.3723914921283722, 1.6796427965164185, 0.8385087847709656, 0.6773591637611389, 1.1171098947525024, 0.11672302335500717, 0.0, 0.0957949310541153, 0.41703683137893677, 0.17306648194789886, 0.2757386863231659, -0.339185506105423, 0.04952055588364601, 1.0]
pred step=86 action=[[-0.37252584569734865, 1.6772638731210607, 0.8425173128349664, 0.6635595711271377, 1.112000337742606, 0.1248042354726947, -0.04732756800699067, 0.10645941751678761, 0.47319691855991974, 0.1975970715616161, 0.3078527514656141, -0.3807322816633583, 0.052619843786694265, 1.0213219872368793]] left_gripper=-0.04732756800699067 right_gripper=1.0213219872368793
update step=87 qpos=[-0.3725031614303589, 1.6775660514831543, 0.8420347571372986, 0.6653174161911011, 1.1126452684402466, 0.12377167493104935, 0.0, 0.10529458522796631, 0.4665992558002472, 0.19487085938453674, 0.3038049042224884, -0.37548351287841797, 0.052223026752471924, 1.0]
pred step=87 action=[[-0.3720235050916464, 1.673734952479434, 0.8476018897517731, 0.6468123334403528, 1.103057591401607, 0.1332435614981688, -0.04690698640984192, 0.11242785381058165, 0.5064956061840253, 0.21262787149216794, 0.3220806044011585, -0.4042151452023045, 0.05308693919044971, 1.0199579992912846]] left_gripper=-0.04690698640984192 right_gripper=1.0199579992912846
update step=88 qpos=[-0.37205976247787476, 1.674214482307434, 0.8469370007514954, 0.6491709351539612, 1.1042683124542236, 0.13203279674053192, 0.0, 0.1116505041718483, 0.5018374919891357, 0.210616335272789, 0.31977126002311707, -0.40058305859565735, 0.05297613888978958, 1.0]
pred step=88 action=[[-0.3715089681677238, 1.6721538974399506, 0.8550696561108194, 0.627802018886055, 1.0944806460095724, 0.14408353836289006, -0.04801843001434292, 0.11875884656504117, 0.541424631350546, 0.2280219361160502, 0.3401929697998773, -0.4309774689715982, 0.05510666273499404, 1.0200044199532836]] left_gripper=-0.04801843001434292 right_gripper=1.0200044199532836
update step=89 qpos=[-0.3715542256832123, 1.6724531650543213, 0.85409015417099, 0.6305223107337952, 1.095711588859558, 0.14254318177700043, 0.0, 0.11798767000436783, 0.5367865562438965, 0.2260873019695282, 0.33761832118034363, -0.42713257670402527, 0.05483395978808403, 1.0]
pred step=89 action=[[-0.3708817462852983, 1.6694518521076067, 0.8629656362790932, 0.6056271934283594, 1.0837739092404575, 0.15723801987102826, -0.04819778216360315, 0.1257403481150273, 0.5796112398914549, 0.245073769549082, 0.35956275531042653, -0.46024473012182887, 0.056688280295670634, 1.0199592003141091]] left_gripper=-0.04819778216360315 right_gripper=1.0199592003141091
update step=90 qpos=[-0.37093809247016907, 1.669857382774353, 0.8619011640548706, 0.6087989807128906, 1.0852779150009155, 0.15535998344421387, 0.0, 0.12489917874336243, 0.5745983719825745, 0.2429646998643875, 0.3567955195903778, -0.456054151058197, 0.05645081773400307, 1.0]
pred step=90 action=[[-0.36954608901457353, 1.6651533471458928, 0.8688602368974586, 0.5847798638050427, 1.0738136401216294, 0.16939725174223813, -0.046697148730270976, 0.1352747664793718, 0.6309252270694743, 0.2677574104368443, 0.3849775951326838, -0.4983739456658176, 0.057955656047619986, 1.0175947816597106]] left_gripper=-0.046697148730270976 right_gripper=1.0175947816597106
update step=91 qpos=[-0.3696814477443695, 1.665757656097412, 0.8680095672607422, 0.587837815284729, 1.0752604007720947, 0.1676035225391388, 0.0, 0.13414441049098969, 0.6243341565132141, 0.26501408219337463, 0.3814236521720886, -0.49301427602767944, 0.057762544602155685, 1.0]
pred step=91 action=[[-0.36782065580926704, 1.6608940346591106, 0.8747595622114888, 0.5628256465118869, 1.0639784293953967, 0.18195951140751634, -0.045333970375381116, 0.14579764051613398, 0.6870652420056489, 0.2925710492027339, 0.41352459930685614, -0.5405155999263804, 0.059274050370967835, 1.016342017481024]] left_gripper=-0.045333970375381116 right_gripper=1.016342017481024
update step=92 qpos=[-0.3680075705051422, 1.661522388458252, 0.8739246129989624, 0.5660082101821899, 1.0654023885726929, 0.18012498319149017, 0.0, 0.14452891051769257, 0.6797343492507935, 0.2895292639732361, 0.40947356820106506, -0.5344956517219543, 0.059079911559820175, 1.0]
pred step=92 action=[[-0.3660098857799919, 1.6562046448307215, 0.8804100227563497, 0.5416955349117254, 1.055336146711342, 0.19468209796416522, -0.04404842115280638, 0.15763104024848967, 0.7483378236884657, 0.31968843357115573, 0.4468793901408095, -0.5870332860981169, 0.061149693765075785, 1.0136494854769909]] left_gripper=-0.04404842115280638 right_gripper=1.0136494854769909
update step=93 qpos=[-0.36621522903442383, 1.6568777561187744, 0.8796062469482422, 0.5447902679443359, 1.0566076040267944, 0.1928221732378006, 0.0, 0.15620368719100952, 0.7403230667114258, 0.316376656293869, 0.44215673208236694, -0.5803701877593994, 0.06088397279381752, 1.0]
pred step=93 action=[[-0.3641931892776336, 1.6533391258403034, 0.887592681763691, 0.5214567085350418, 1.0492448791995903, 0.20788053582524274, -0.0421633883362702, 0.17033435247696715, 0.8135228829761016, 0.348510803010794, 0.48431021315578676, -0.6376056095655029, 0.06339689339056948, 1.0106790271392572]] left_gripper=-0.0421633883362702 right_gripper=1.0106790271392572
update step=94 qpos=[-0.36440423130989075, 1.6538114547729492, 0.8866091966629028, 0.5244272947311401, 1.0501705408096313, 0.20595672726631165, 0.0, 0.16879746317863464, 0.8049763441085815, 0.3449939489364624, 0.4789833128452301, -0.630340576171875, 0.0630742609500885, 1.0]
pred step=94 action=[[-0.36213719008996625, 1.6497258069633784, 0.8934306362831856, 0.5040267217570457, 1.0452321119027697, 0.2193695636750932, -0.0399173370235032, 0.18377261449556165, 0.8808161794513788, 0.37811055754935713, 0.5242551583083689, -0.6903075669654046, 0.06614510262475931, 1.0080803770800415]] left_gripper=-0.0399173370235032 right_gripper=1.0080803770800415
update step=95 qpos=[-0.3623783588409424, 1.6502493619918823, 0.8925871253013611, 0.506624698638916, 1.0458526611328125, 0.2176562249660492, 0.0, 0.18214403092861176, 0.8719679117202759, 0.3744931221008301, 0.518527626991272, -0.682689368724823, 0.06575094908475876, 1.0]
pred step=95 action=[[-0.35997964406611704, 1.6458418057653226, 0.8974320175610624, 0.4890515248526489, 1.0422847216786542, 0.23028484276438685, -0.036402179927301215, 0.19595179133542798, 0.9419557989265426, 0.40543495754458103, 0.5598187607238919, -0.7380469999011332, 0.06798789620801848, 1.0060937357575992]] left_gripper=-0.036402179927301215 right_gripper=1.0060937357575992
update step=96 qpos=[-0.3602376878261566, 1.6464033126831055, 0.8968137502670288, 0.49128633737564087, 1.0427340269088745, 0.22867193818092346, 0.0, 0.19445215165615082, 0.9338005185127258, 0.4020490348339081, 0.5545899271965027, -0.7310080528259277, 0.06770019978284836, 1.0]
pred step=96 action=[[-0.3574506610269093, 1.6402751713784358, 0.8978542503209725, 0.4792164968924303, 1.0421889514153246, 0.23734290431679897, -0.033097875679420574, 0.2079983471080512, 1.0036939390704285, 0.4333496133335696, 0.5961641896260829, -0.7863899408976938, 0.07013096877915664, 1.0050294027120525]] left_gripper=-0.033097875679420574 right_gripper=1.0050294027120525
update step=97 qpos=[-0.3577556610107422, 1.641016960144043, 0.8976858854293823, 0.48074856400489807, 1.0422605276107788, 0.23623594641685486, 0.0, 0.20652976632118225, 0.9955517053604126, 0.42992323637008667, 0.5908947587013245, -0.7793403267860413, 0.06981832534074783, 1.0]
pred step=97 action=[[-0.3550912707854415, 1.6350967113539996, 0.8986269783535006, 0.46826191410092743, 1.0427790362021725, 0.24593708243628112, -0.030235369409354118, 0.21995335025682805, 1.062732155088506, 0.4606409234933056, 0.6300078081575982, -0.8320767542664682, 0.07150568921460643, 1.0010039501923755]] left_gripper=-0.030235369409354118 right_gripper=1.0010039501923755
update step=98 qpos=[-0.35538482666015625, 1.6358150243759155, 0.8984659314155579, 0.46984633803367615, 1.042716383934021, 0.24469850957393646, 0.0, 0.21849596500396729, 1.0549099445343018, 0.4572714865207672, 0.6250465512275696, -0.8253580331802368, 0.07128782570362091, 1.0]
pred step=98 action=[[-0.35271743951999895, 1.6305700717006117, 0.8994613328595662, 0.45847604974109035, 1.0439405547448257, 0.2529226620751064, -0.02800618693510959, 0.23082341996363664, 1.1154307198786964, 0.4838429627103089, 0.6608800686500083, -0.871746521200869, 0.07225641349857043, 0.9970119216545223]] left_gripper=-0.02800618693510959 right_gripper=0.9970119216545223
update step=99 qpos=[-0.35301095247268677, 1.6312065124511719, 0.899297833442688, 0.45991864800453186, 1.043787956237793, 0.2518727481365204, 0.0, 0.22948427498340607, 1.108391523361206, 0.4809246063232422, 0.6563260555267334, -0.8658329844474792, 0.0721302479505539, 0.9970119216545223]
pred step=99 action=[[-0.3500742678957071, 1.62496740482216, 0.9004171149202221, 0.44706997297885664, 1.044279993750755, 0.26244802629698816, -0.025031670213002677, 0.2420858534943992, 1.1697689570243843, 0.5081909059078982, 0.6920723995141969, -0.9127427773705165, 0.07286433498907602, 0.9901140564903059]] left_gripper=-0.025031670213002677 right_gripper=0.9901140564903059
update step=100 qpos=[-0.3503953814506531, 1.6257126331329346, 0.9002416729927063, 0.4487029016017914, 1.0442209243774414, 0.2610977590084076, 0.0, 0.24071766436100006, 1.1626286506652832, 0.5051910281181335, 0.6875253915786743, -0.906757652759552, 0.07276787608861923, 0.9901140564903059]
pred step=100 action=[[-0.3470410675165218, 1.6204811317361847, 0.9028220664197398, 0.43263928840468946, 1.0430623023475156, 0.2736562924502907, -0.022007820856753013, 0.2515224040189301, 1.215811856881017, 0.5289270856150804, 0.7172392071921242, -0.9459453834552861, 0.07254695545323459, 0.9817003700432796]] left_gripper=-0.022007820856753013 right_gripper=0.9817003700432796
update step=101 qpos=[-0.34740352630615234, 1.6211270093917847, 0.9024643898010254, 0.43467989563941956, 1.0432089567184448, 0.272052526473999, 0.0, 0.25035035610198975, 1.2096214294433594, 0.5263161659240723, 0.7134577035903931, -0.9409411549568176, 0.07257267087697983, 0.9817003700432796]
pred step=101 action=[[-0.34338280913250013, 1.6160008911941057, 0.9058296357287785, 0.4154972259445612, 1.041048827300743, 0.2874421477335045, -0.01874017036759501, 0.25986961615997106, 1.2557514330153623, 0.5469937194172091, 0.7376992245831996, -0.9736458144531721, 0.07139771767699526, 0.9724623473142684]] left_gripper=-0.01874017036759501 right_gripper=0.9724623473142684
update step=102 qpos=[-0.3438163101673126, 1.6166318655014038, 0.9053801894187927, 0.4179361164569855, 1.0413209199905396, 0.2854768931865692, 0.0, 0.25883615016937256, 1.2503852844238281, 0.5447109937667847, 0.734610378742218, -0.9694657921791077, 0.07154550403356552, 0.9724623473142684]
pred step=102 action=[[-0.3397015360765095, 1.6118265042318483, 0.9094371896789071, 0.3966746366110928, 1.038116192739059, 0.3028301528959878, -0.015348913267441366, 0.26704522298855315, 1.2896022337280333, 0.5623897391864096, 0.7544304556217466, -0.9962062061178208, 0.06986139584756812, 0.9620794295188173]] left_gripper=-0.015348913267441366 right_gripper=0.9620794295188173
update step=103 qpos=[-0.34014618396759033, 1.6124223470687866, 0.9089034795761108, 0.3993784487247467, 1.038520336151123, 0.30061429738998413, 0.0, 0.2661537230014801, 1.2850393056869507, 0.5604358315467834, 0.7519032955169678, -0.9927858710289001, 0.0700744092464447, 0.9620794295188173]
pred step=103 action=[[-0.3352300655539904, 1.608721902059469, 0.914065898884564, 0.37512027738068776, 1.0345298186965612, 0.3202095468767948, -0.011984690186887081, 0.27303700502615724, 1.318695304690777, 0.5756972225958454, 0.7677459712720652, -1.0145218951452688, 0.06797559503935774, 0.9496937306034379]] left_gripper=-0.011984690186887081 right_gripper=0.9496937306034379
update step=104 qpos=[-0.335757851600647, 1.6091946363449097, 0.9133978486061096, 0.37820562720298767, 1.0350303649902344, 0.3177070915699005, 0.0, 0.2722891867160797, 1.314782977104187, 0.574005126953125, 0.7657234072685242, -1.0117387771606445, 0.0682419016957283, 0.9496937306034379]
pred step=104 action=[[-0.3306952124484287, 1.6055344129526428, 0.9189586446804765, 0.3527479550206372, 1.0297215369371, 0.33801274418306726, -0.007913202931632113, 0.27783608134122034, 1.3406936492097599, 0.5857907708698697, 0.7759228731809471, -1.0271361045581617, 0.0655314833464295, 0.935435697553769]] left_gripper=-0.007913202931632113 right_gripper=0.935435697553769
update step=105 qpos=[-0.33124011754989624, 1.6059950590133667, 0.9182491302490234, 0.3559879958629608, 1.030389428138733, 0.3354196548461914, 0.0, 0.2772318720817566, 1.3376803398132324, 0.5844849348068237, 0.7746195197105408, -1.0251623392105103, 0.06587634235620499, 0.935435697553769]
pred step=105 action=[[-0.32554569583447235, 1.603175268162012, 0.9252276012570815, 0.3286059679629533, 1.0236025351368747, 0.3569670988731954, -0.003464546746884123, 0.28211737517145746, 1.3593376071220535, 0.5945486032738674, 0.7832419705499982, -1.0376262439720068, 0.06320390539286408, 0.9174930839161906]] left_gripper=-0.003464546746884123 right_gripper=0.9174930839161906
update step=106 qpos=[-0.3261549472808838, 1.6035435199737549, 0.9243499040603638, 0.33209261298179626, 1.0244547128677368, 0.354215145111084, 0.0, 0.2815847396850586, 1.3568187952041626, 0.5934314131736755, 0.7821399569511414, -1.0360276699066162, 0.06354396045207977, 0.9174930839161906]
pred step=106 action=[[-0.31940551966499825, 1.60014791398127, 0.9316756872460162, 0.3026173222364048, 1.0155537935206471, 0.37632074784305436, -0.00016318052171571118, 0.28404781891167846, 1.3677893897888982, 0.5988101396682897, 0.7841795809635433, -1.039988230868782, 0.06009743456953204, 0.8999627985742169]] left_gripper=-0.00016318052171571118 right_gripper=0.8999627985742169
update step=107 qpos=[-0.320125550031662, 1.6005818843841553, 0.9307554960250854, 0.30637127161026, 1.0166724920272827, 0.37349727749824524, 0.0, 0.28377586603164673, 1.3665019273757935, 0.5982270240783691, 0.7839216589927673, -1.0394762754440308, 0.06053682789206505, 0.8999627985742169]
pred step=107 action=[[-0.31193172736347713, 1.5968782969479274, 0.9391547249598532, 0.2723759088812619, 1.0040924547371692, 0.3983109621083208, 0.004766934530032851, 0.2835482764957678, 1.3649303241433253, 0.5987365378463548, 0.7784882622762072, -1.0346144659216194, 0.0573185188637082, 0.8833588434295068]] left_gripper=0.004766934530032851 right_gripper=0.8833588434295068
update step=108 qpos=[-0.31280237436294556, 1.5973570346832275, 0.9380976557731628, 0.2767053246498108, 1.005675196647644, 0.3951413333415985, 0.0047669345300328575, 0.2835654616355896, 1.3650901317596436, 0.5987056493759155, 0.7791886925697327, -1.0352309942245483, 0.05772947147488594, 0.8833588434295068]
pred step=108 action=[[-0.3039481891945828, 1.594128944434719, 0.9475482071526238, 0.24136252238224565, 0.9925464084594778, 0.42049913797399574, 0.011851090699100175, 0.2817818437479105, 1.3552587009244539, 0.5961852856536091, 0.767735032016291, -1.0240867702971745, 0.05331809976438717, 0.8624525838464709]] left_gripper=0.011851090699100175 right_gripper=0.8624525838464709
update step=109 qpos=[-0.30489373207092285, 1.5945532321929932, 0.9463639855384827, 0.24586457014083862, 0.9941972494125366, 0.41725999116897583, 0.01185109069910017, 0.2819637954235077, 1.3563910722732544, 0.5964806079864502, 0.7692015171051025, -1.025505542755127, 0.05388199910521507, 0.8624525838464709]
pred step=109 action=[[-0.29445980157604384, 1.5912656720001213, 0.9559105601984599, 0.20863690479210067, 0.9786945373240552, 0.4440343925704864, 0.01876134152368747, 0.2791559371500533, 1.3410860072202762, 0.591029126838201, 0.7570712826612348, -1.0107631204544911, 0.05007466169295499, 0.8414965311031324]] left_gripper=0.01876134152368747 right_gripper=0.8414965311031324
update step=110 qpos=[-0.2955706715583801, 1.5916999578475952, 0.9547081589698792, 0.21337826550006866, 0.9806442856788635, 0.440614253282547, 0.018761341523687466, 0.2794475853443146, 1.3428536653518677, 0.5916534066200256, 0.7586244344711304, -1.0126428604125977, 0.050561390817165375, 0.8414965311031324]
pred step=110 action=[[-0.2842248881921723, 1.5890155736166696, 0.965632519177374, 0.17089039220308322, 0.9609941427181988, 0.4706794745931917, 0.02723879541612584, 0.2745233656349218, 1.3191135292127742, 0.5826643674809744, 0.7416098614612657, -0.991604969261074, 0.046269876391834386, 0.8236259214996317]] left_gripper=0.02723879541612584 right_gripper=0.8236259214996317
update step=111 qpos=[-0.285431832075119, 1.5893832445144653, 0.9642577767372131, 0.17630250751972198, 0.9634680151939392, 0.4668387770652771, 0.02723879541612584, 0.2750416100025177, 1.32184898853302, 0.5836964249610901, 0.7437902092933655, -0.9942883253097534, 0.046818770468235016, 0.8236259214996317]
pred step=111 action=[[-0.27273396855774545, 1.5870192756553956, 0.9772184619775903, 0.12914178694959283, 0.939821787794753, 0.5005780852551894, 0.03669459967912514, 0.26878039300417267, 1.2909113205299163, 0.571672476393958, 0.7233274188609374, -0.9681819164660267, 0.04310149403745439, 0.8048696773643014]] left_gripper=0.03669459967912514 right_gripper=0.8048696773643014
update step=112 qpos=[-0.27408143877983093, 1.587344765663147, 0.9756010174751282, 0.13515329360961914, 0.9427997469902039, 0.4962681233882904, 0.036694599679125146, 0.26944097876548767, 1.2944773435592651, 0.5730477571487427, 0.7259487509727478, -0.9715126752853394, 0.04357733204960823, 0.8048696773643014]
pred step=112 action=[[-0.2602801581385587, 1.5864322874022412, 0.9932056478044312, 0.07768152322399785, 0.9134065317223706, 0.5369996790847213, 0.045650912323473625, 0.261232406390743, 1.2538587638380068, 0.5573226487125386, 0.6998996979682173, -0.9384848012850127, 0.03973380983056618, 0.7900612347455238]] left_gripper=0.045650912323473625 right_gripper=0.7900612347455238
update step=113 qpos=[-0.2617412209510803, 1.5866001844406128, 0.9910185933113098, 0.08501134067773819, 0.917109489440918, 0.5317964553833008, 0.045650912323473625, 0.2621009349822998, 1.2585315704345703, 0.5591260194778442, 0.7032377123832703, -0.9426981806755066, 0.04022609815001488, 0.7900612347455238]
pred step=113 action=[[-0.24675934447647324, 1.5872482242297514, 1.011442706842917, 0.022262991317482383, 0.8851197993127744, 0.5759555047266822, 0.05494861419801256, 0.25317285319916677, 1.2143829118612277, 0.5419502069634234, 0.6752276522739307, -0.9070421092258709, 0.03635984163679801, 0.7777540917561664]] left_gripper=0.05494861419801256 right_gripper=0.7777540917561664
update step=114 qpos=[-0.2483474165201187, 1.5872350931167603, 1.0089081525802612, 0.030268078669905663, 0.88914954662323, 0.5703144669532776, 0.054948614198012544, 0.25411903858184814, 1.2194749116897583, 0.5439011454582214, 0.6788104176521301, -0.9115889668464661, 0.03685518726706505, 0.7777540917561664]
pred step=114 action=[[-0.23216655060481112, 1.5867461345282354, 1.0304378407544177, -0.036974097143052984, 0.8534832683662207, 0.6162254364879062, 0.06619357637234446, 0.24375583044987992, 1.169339541973221, 0.5247684953290976, 0.6461487062645876, -0.8718392840518704, 0.032650193010858586, 0.7679201248866849]] left_gripper=0.06619357637234446 right_gripper=0.7679201248866849
update step=115 qpos=[-0.23388096690177917, 1.5868526697158813, 1.0277572870254517, -0.028397034853696823, 0.8579807281494141, 0.6103609800338745, 0.06619357637234446, 0.2448587864637375, 1.1751127243041992, 0.5269450545310974, 0.6503258347511292, -0.8769055604934692, 0.033188994973897934, 0.7679201248866849]
pred step=115 action=[[-0.21649271893964186, 1.588097450702358, 1.0516326965725025, -0.09939576549064422, 0.8200375212384732, 0.6587659781884576, 0.07564944942411789, 0.23404691146930878, 1.1223835702369602, 0.5061263616914249, 0.6176183338830715, -0.8350316985953201, 0.0294860528982564, 0.7593308267614621]] left_gripper=0.07564944942411789 right_gripper=0.7593308267614621
update step=116 qpos=[-0.21833619475364685, 1.5880111455917358, 1.0486490726470947, -0.0903402790427208, 0.824821412563324, 0.6525832414627075, 0.07564944942411789, 0.23519976437091827, 1.1284574270248413, 0.5084874033927917, 0.6217965483665466, -0.8403664231300354, 0.029960643500089645, 0.7593308267614621]
pred step=116 action=[[-0.20056692585046598, 1.5893344193460814, 1.0728686447603692, -0.16177160876163743, 0.7858242567678542, 0.701927761964519, 0.0864933336879885, 0.2235452135843325, 1.0730417226740447, 0.48616801184039393, 0.5870713615820714, -0.7966964916880097, 0.025292024899378207, 0.7542374374095537]] left_gripper=0.0864933336879885 right_gripper=0.7542374374095537
update step=117 qpos=[-0.20245520770549774, 1.589221715927124, 1.0698363780975342, -0.15266214311122894, 0.7907438278198242, 0.6956256031990051, 0.0864933336879885, 0.22479401528835297, 1.0794230699539185, 0.48869556188583374, 0.5915030241012573, -0.8022567629814148, 0.02588985301554203, 0.7542374374095537]
pred step=117 action=[[-0.18450342410894405, 1.5912932044634487, 1.094738720237766, -0.22587014434582364, 0.7497358910086106, 0.7466438877139245, 0.0992161118003444, 0.21239641597550707, 1.0201643276879915, 0.464565971312226, 0.5560449771958288, -0.7558553277353808, 0.021879212904924117, 0.7501860731004869]] left_gripper=0.0992161118003444 right_gripper=0.7501860731004869
update step=118 qpos=[-0.18640944361686707, 1.5910879373550415, 1.0916050672531128, -0.21653805673122406, 0.7549116611480713, 0.740128219127655, 0.0992161118003444, 0.21372905373573303, 1.0269774198532104, 0.4673093259334564, 0.5605702996253967, -0.7617602348327637, 0.022392867133021355, 0.7501860731004869]
pred step=118 action=[[-0.1689299351217342, 1.5923520698288385, 1.1155463738204903, -0.2869217742521277, 0.7136183702992176, 0.7893029430969879, 0.11359434599462515, 0.2008390722112569, 0.9687876274338816, 0.4432073939592982, 0.5248918474256021, -0.7154502514163548, 0.018008760407025204, 0.7506742292495886]] left_gripper=0.11359434599462515 right_gripper=0.7506742292495886
update step=119 qpos=[-0.17078667879104614, 1.5922209024429321, 1.1125246286392212, -0.27795398235321045, 0.7188335657119751, 0.7830233573913574, 0.11359434599462515, 0.20223116874694824, 0.9754908680915833, 0.44593003392219543, 0.5294356346130371, -0.7213373780250549, 0.01857023872435093, 0.7506742292495886]
pred step=119 action=[[-0.1515680162789946, 1.5920579229967702, 1.136306658008122, -0.3510667790647487, 0.6735729749611287, 0.8341031889490262, 0.12835963324036426, 0.18856293224840034, 0.9117457160511984, 0.41924586520476365, 0.49109345551676553, -0.6710126894620279, 0.014176465443775654, 0.7574376481647935]] left_gripper=0.12835963324036426 right_gripper=0.7574376481647935
update step=120 qpos=[-0.15359537303447723, 1.5920889377593994, 1.1332751512527466, -0.34176188707351685, 0.679289698600769, 0.8275806307792664, 0.12835963324036426, 0.19004203379154205, 0.9190770983695984, 0.4222775995731354, 0.4959770441055298, -0.6774075627326965, 0.01473906822502613, 0.7574376481647935]
pred step=120 action=[[-0.13477909434833515, 1.59147003941225, 1.1556841754109763, -0.4116025306613215, 0.6341383382498693, 0.8770657293509102, 0.14222357004927788, 0.17648465309763406, 0.8555448000236068, 0.3960493569866683, 0.45738458777860197, -0.627862674002815, 0.009975693905442617, 0.7678351864069248]] left_gripper=0.14222357004927788 right_gripper=0.7678351864069248
update step=121 qpos=[-0.13677123188972473, 1.5915502309799194, 1.1528034210205078, -0.4027242660522461, 0.639843225479126, 0.8707475662231445, 0.14222357004927788, 0.17795655131340027, 0.8628584742546082, 0.39902135729789734, 0.4622950553894043, -0.6341536045074463, 0.010585401207208633, 0.7678351864069248]
pred step=121 action=[[-0.11701667150177195, 1.5905238663364996, 1.17601717141538, -0.4776089192041541, 0.5902654996625002, 0.9241838694922057, 0.15633926327500225, 0.16297375624531407, 0.7935985762151274, 0.3704061351524266, 0.4191427925368246, -0.5794123340270962, 0.0058272734086656786, 0.7787325213434428]] left_gripper=0.15633926327500225 right_gripper=0.7787325213434428
update step=122 qpos=[-0.11909409612417221, 1.5906392335891724, 1.1730098724365234, -0.4681001305580139, 0.5965306162834167, 0.9173617362976074, 0.15633926327500225, 0.1646042913198471, 0.8015783429145813, 0.3736492693424225, 0.4246281683444977, -0.5863569378852844, 0.006436654832214117, 0.7787325213434428]
pred step=122 action=[[-0.09893716156485216, 1.5875000860818047, 1.1938399463657414, -0.5390724715703956, 0.5452651483160701, 0.9675610395539608, 0.17169543298847778, 0.14951081570102182, 0.7326059706473975, 0.34578577338945937, 0.3806210611349522, -0.5314753634844825, 0.0008264085087874018, 0.7920392911631812]] left_gripper=0.17169543298847778 right_gripper=0.7920392911631812
update step=123 qpos=[-0.10105366259813309, 1.5878485441207886, 1.19111168384552, -0.5300759673118591, 0.5517438650131226, 0.9611529111862183, 0.17169543298847775, 0.15115690231323242, 0.740562379360199, 0.3489392101764679, 0.3862104117870331, -0.5384311676025391, 0.001544605242088437, 0.7920392911631812]
pred step=123 action=[[-0.08019774468599224, 1.5843323791724089, 1.2109648359026282, -0.6010108342219109, 0.4999767034507936, 1.0131893206643285, 0.1872357154687897, 0.13604813771392865, 0.6708644178647098, 0.32091941843440197, 0.34201847879622627, -0.48341200079119295, -0.0036255151905532634, 0.8083742723934879]] left_gripper=0.1872357154687897 right_gripper=0.8083742723934879
update step=124 qpos=[-0.08238494396209717, 1.5847240686416626, 1.208328127861023, -0.5920355319976807, 0.5065170526504517, 1.006547212600708, 0.1872357154687897, 0.13769902288913727, 0.6789151430130005, 0.32408979535102844, 0.3476259410381317, -0.4903796911239624, -0.00296348100528121, 0.8083742723934879]
pred step=124 action=[[-0.062494536652999935, 1.579711356213513, 1.2258777039569113, -0.6584952515646533, 0.45776439999425766, 1.0542493425678408, 0.20158387439108327, 0.12365195795865667, 0.6148375704833993, 0.2987345152952755, 0.30560087341050185, -0.43944861430497706, -0.00855662393305423, 0.8232032816939744]] left_gripper=0.20158387439108327 right_gripper=0.8232032816939744
update step=125 qpos=[-0.06458385288715363, 1.5802606344223022, 1.223521113395691, -0.6501023769378662, 0.4639235734939575, 1.048161268234253, 0.20158387439108327, 0.12518896162509918, 0.6222549080848694, 0.30159178376197815, 0.31092703342437744, -0.4458930194377899, -0.007840638980269432, 0.8232032816939743]
pred step=125 action=[[-0.04478093761868207, 1.574708957196687, 1.2402830583212783, -0.7146992841271141, 0.41614902003158727, 1.0950503877410145, 0.2167630586247017, 0.11116296988733157, 0.559324803000887, 0.2760953941550276, 0.2694019394019134, -0.395432275286358, -0.012873581274999102, 0.8375301279993815]] left_gripper=0.2167630586247017 right_gripper=0.8375301279993815
update step=126 qpos=[-0.04685302451252937, 1.575319528579712, 1.2380136251449585, -0.7065534591674805, 0.4221818447113037, 1.089066505432129, 0.2167630586247017, 0.11269999295473099, 0.5666264295578003, 0.2789624333381653, 0.2746562957763672, -0.40181201696395874, -0.012228944338858128, 0.8375301279993815]
pred step=126 action=[[-0.02679676635575945, 1.5699994193410278, 1.25346902500035, -0.7721165124396918, 0.37393779355560774, 1.1369450524668532, 0.23736263196612256, 0.09863523345091674, 0.5036447462871414, 0.2536730636557656, 0.2325638782723626, -0.35038036869391465, -0.01768788265825988, 0.8535507639625051]] left_gripper=0.23736263196612256 right_gripper=0.8535507639625051
update step=127 qpos=[-0.02888936549425125, 1.5705806016921997, 1.2513341903686523, -0.7638648152351379, 0.38002723455429077, 1.1308352947235107, 0.23736263196612256, 0.10017561912536621, 0.5109639763832092, 0.25651928782463074, 0.23788723349571228, -0.35687825083732605, -0.016988705843687057, 0.853550763962505]
pred step=127 action=[[-0.008453152197794259, 1.562423300913158, 1.263214718706295, -0.8251675059285953, 0.3329274362576552, 1.1751226116536795, 0.26251651314610963, 0.08672084445883109, 0.4514896154502161, 0.2332821877835688, 0.19645713153727198, -0.3079117845376106, -0.02335055668064373, 0.8687209860949859]] left_gripper=0.26251651314610963 right_gripper=0.8687209860949859
update step=128 qpos=[-0.010582671500742435, 1.563307285308838, 1.2615222930908203, -0.8174744844436646, 0.3388691544532776, 1.1694722175598145, 0.26251651314610963, 0.08819527179002762, 0.45841512084007263, 0.23589086532592773, 0.2016940712928772, -0.314093679189682, -0.02253619022667408, 0.8687209860949859]
pred step=128 action=[[0.008186664552341946, 1.5545902002115133, 1.270864428664467, -0.8730670607091909, 0.2945614130989323, 1.2106829661915266, 0.28677727508004636, 0.07556501252031668, 0.4035947336710911, 0.2139122880731904, 0.1635196005142726, -0.26939620094297073, -0.027490424541215808, 0.8860468297937125]] left_gripper=0.28677727508004636 right_gripper=0.8860468297937125
update step=129 qpos=[0.006229381076991558, 1.5555506944656372, 1.2694790363311768, -0.8661089539527893, 0.30014991760253906, 1.2054262161254883, 0.28677727508004636, 0.07695185393095016, 0.4099932909011841, 0.21637415885925293, 0.1683376580476761, -0.2750350832939148, -0.02685575932264328, 0.8860468297937125]
pred step=129 action=[[0.024423000618389326, 1.544194447013733, 1.2743354038626196, -0.9159053396955279, 0.25829250051956854, 1.2413380369628277, 0.31489051921338923, 0.0652344659918213, 0.35820695986984863, 0.19530978597168736, 0.13325103511152478, -0.23280667970424218, -0.03143007209859977, 0.9008575814877688]] left_gripper=0.31489051921338923 right_gripper=0.9008575814877688
update step=130 qpos=[0.022531060501933098, 1.5454516410827637, 1.2735004425048828, -0.9096996784210205, 0.2635687589645386, 1.236757755279541, 0.3148905192133893, 0.06651965528726578, 0.3642612099647522, 0.1976747214794159, 0.13767579197883606, -0.23813171684741974, -0.030843941494822502, 0.9008575814877688]
pred step=130 action=[[0.04024384706055195, 1.5324577690694112, 1.2770915516044243, -0.9575572450257586, 0.22293534359597794, 1.2707616358481029, 0.3459933660986174, 0.05511745674928038, 0.3131320533799652, 0.17629271201897173, 0.1027385663396576, -0.19697245657336704, -0.0353830768246291, 0.9142291764127086]] left_gripper=0.3459933660986174 right_gripper=0.9142291764127086
update step=131 qpos=[0.038404934108257294, 1.5338950157165527, 1.276415228843689, -0.9516070485115051, 0.22805553674697876, 1.2664250135421753, 0.3459933660986174, 0.056368179619312286, 0.31912586092948914, 0.17868459224700928, 0.10713738203048706, -0.20216041803359985, -0.034801363945007324, 0.9142291764127086]
pred step=131 action=[[0.05565153340218035, 1.5183868036499322, 1.275922459702922, -0.9945937400408645, 0.18759502188779104, 1.2963201069020487, 0.37966698532833393, 0.04480780183041559, 0.2675113739192547, 0.15679424350886745, 0.07170679068083444, -0.1598283705504475, -0.03937048027367129, 0.9290620676586736]] left_gripper=0.37966698532833393 right_gripper=0.9290620676586736
update step=132 qpos=[0.05386562645435333, 1.5201243162155151, 1.2757349014282227, -0.9892779588699341, 0.1926916092634201, 1.2925083637237549, 0.37966698532833393, 0.04607447609305382, 0.273574560880661, 0.15924330055713654, 0.07616403698921204, -0.16516193747520447, -0.03878473490476608, 0.9290620676586736]
pred step=132 action=[[0.06824347441542483, 1.5066877947584487, 1.274448925950454, -1.0244498676685252, 0.15827688947562596, 1.3175947620855797, 0.4086816743363247, 0.036007697548736076, 0.228769351828374, 0.1397320851696332, 0.04526713390947032, -0.12861843465494752, -0.0425496625216219, 0.9416554994258015]] left_gripper=0.4086816743363247 right_gripper=0.9416554994258015
update step=133 qpos=[0.06674907356500626, 1.5082054138183594, 1.274385690689087, -1.0201115608215332, 0.1626114845275879, 1.3143967390060425, 0.4086816743363247, 0.037110794335603714, 0.23403893411159515, 0.14192289113998413, 0.049152255058288574, -0.13322025537490845, -0.04206683114171028, 0.9416554994258015]
pred step=133 action=[[0.0798531118120234, 1.4929065486501263, 1.2704296034042253, -1.0496954809870644, 0.1296743220164041, 1.3346868217672818, 0.4387093663609439, 0.027766854055923662, 0.190093588981063, 0.12319153031729135, 0.01826057199959414, -0.09816742080924812, -0.04577910977211136, 0.9547856839241758]] left_gripper=0.4387093663609439 right_gripper=0.9547856839241758
update step=134 qpos=[0.07849788665771484, 1.4946227073669434, 1.2707196474075317, -1.0460678339004517, 0.13382302224636078, 1.3321008682250977, 0.4387093663609439, 0.028788546100258827, 0.1952744573354721, 0.1252869814634323, 0.02214345522224903, -0.10258102416992188, -0.04530303552746773, 0.9547856839241758]
pred step=134 action=[[0.0900778637888972, 1.4783212199109454, 1.264986545836275, -1.0696307916521108, 0.10357623161109658, 1.3487670699739711, 0.4708626998319322, 0.02054403244421056, 0.155345325261101, 0.1084371658690168, -0.005364832917849341, -0.07161229540592362, -0.049002106073440244, 0.9653992370345374]] left_gripper=0.4708626998319322 right_gripper=0.9653992370345374
update step=135 qpos=[0.08888155966997147, 1.4801642894744873, 1.2655096054077148, -1.0667638778686523, 0.10738605260848999, 1.3466429710388184, 0.4708626998319322, 0.021445265039801598, 0.16005656123161316, 0.11032944917678833, -0.0019068227848038077, -0.07551047950983047, -0.04852800816297531, 0.9653992370345374]
pred step=135 action=[[0.09956572529130098, 1.4623769633706023, 1.2573443544526413, -1.086999593141298, 0.0780085262178642, 1.3597993787211724, 0.5022036081655417, 0.013710489155403849, 0.1212510429692506, 0.09397719338525856, -0.028818859402019757, -0.04697830049557783, -0.05148176384934733, 0.9750302937892927]] left_gripper=0.5022036081655417 right_gripper=0.9750302937892927
update step=136 qpos=[0.09846577048301697, 1.46439528465271, 1.2581640481948853, -1.0845608711242676, 0.0817091092467308, 1.358123540878296, 0.5022036081655417, 0.014557095244526863, 0.12584097683429718, 0.09580367803573608, -0.025439392775297165, -0.05056873336434364, -0.05110283941030502, 0.9750302937892927]
pred step=136 action=[[0.10792374227069482, 1.4495013036472872, 1.2504918678507262, -1.1028403812803373, 0.05661344236822052, 1.3708520359541818, 0.5329734512415348, 0.007643965349402038, 0.08964036609096815, 0.08016975958439315, -0.04689439841941636, -0.026161849688835892, -0.051037419326638855, 0.9842363530866531]] left_gripper=0.5329734512415348 right_gripper=0.9842363530866531
update step=137 qpos=[0.10694516450166702, 1.45120370388031, 1.2512551546096802, -1.10063898563385, 0.05977332219481468, 1.3692306280136108, 0.5329734512415348, 0.008402354083955288, 0.09392134845256805, 0.08193861693143845, -0.044201940298080444, -0.0292314775288105, -0.05104372277855873, 0.9842363530866531]
pred step=137 action=[[0.11266206600500561, 1.4425414167458417, 1.2455897427810965, -1.1111724842818391, 0.04372290042308474, 1.3778504968516274, 0.5601332494882189, 0.00406317793484029, 0.068290290470996, 0.06995665908685311, -0.05517690960305115, -0.014563630133429928, -0.048283697692079186, 0.9916923182203017]] left_gripper=0.5601332494882189 right_gripper=0.9916923182203017
update step=138 qpos=[0.1120675578713417, 1.4435508251190186, 1.2461572885513306, -1.109912395477295, 0.04574434086680412, 1.3767527341842651, 0.5601332494882189, 0.0045396010391414165, 0.07131481915712357, 0.071342334151268, -0.05380154028534889, -0.016406919807195663, -0.048634253442287445, 0.9916923182203016]
pred step=138 action=[[0.11597856747898158, 1.436296566311931, 1.2408641401897587, -1.1147560064064477, 0.03309244292343355, 1.3834578204067756, 0.5868734229331861, 0.0016863465599143979, 0.053104019292378846, 0.06185092073919929, -0.06154811473419192, -0.0066165729414038865, -0.04672390055183673, 0.9964289642913364]] left_gripper=0.5868734229331861 right_gripper=0.9964289642913364
update step=139 qpos=[0.11557594686746597, 1.4371237754821777, 1.2414406538009644, -1.1141945123672485, 0.034687165170907974, 1.3826040029525757, 0.5868734229331861, 0.00199937098659575, 0.05526067316532135, 0.0629357174038887, -0.06058361008763313, -0.007847016677260399, -0.04696642979979515, 0.9964289642913364]
pred step=139 action=[[0.11936468605941036, 1.432317802281165, 1.2376922284016887, -1.119291438167565, 0.02400972054943673, 1.3889292605929107, 0.6109030308441297, -0.00036080505169996946, 0.03871551671329987, 0.05429947125244872, -0.06728593217890969, 0.0006981487540638209, -0.04469463278951519, 1.0008698347175713]] left_gripper=0.6109030308441297 right_gripper=1.0008698347175713
update step=140 qpos=[0.1189720556139946, 1.432868480682373, 1.2380872964859009, -1.118686556816101, 0.02535439096391201, 1.3881230354309082, 0.6109030308441297, -0.00010276306420564651, 0.040677543729543686, 0.05528634414076805, -0.06645236164331436, -0.00037612998858094215, -0.0449834018945694, 1.0]
pred step=140 action=[[0.12102406081277717, 1.4285218116412992, 1.232456365184748, -1.1189657074819592, 0.017299219979666658, 1.392208317229927, 0.634176182679522, -0.0018359489769032011, 0.028284057404117324, 0.0486189735739192, -0.06937721756315636, 0.004770062247997087, -0.04214152008426986, 1.0045470902340083]] left_gripper=0.634176182679522 right_gripper=1.0045470902340083
update step=141 qpos=[0.12081506103277206, 1.4290300607681274, 1.2330923080444336, -1.118965983390808, 0.01831517554819584, 1.3916876316070557, 0.634176182679522, -0.0016444107750430703, 0.029748570173978806, 0.049397777765989304, -0.06901507824659348, 0.004124164115637541, -0.042503222823143005, 1.0]
pred step=141 action=[[0.12161049402285357, 1.4234946076858255, 1.2253452587193818, -1.1153048184333247, 0.01196732522897459, 1.3921588327204164, 0.6540736476847483, -0.0031518941375290044, 0.018603853987987584, 0.04318015580824508, -0.06954849396716464, 0.007945308125492545, -0.03938832060790959, 1.0081405516575908]] left_gripper=0.6540736476847483 right_gripper=1.0081405516575908
update step=142 qpos=[0.12153656780719757, 1.4241353273391724, 1.2262524366378784, -1.1158044338226318, 0.012769523076713085, 1.3920994997024536, 0.6540736476847483, -0.0029839377384632826, 0.01992199197411537, 0.04390788450837135, -0.06948930025100708, 0.007466241251677275, -0.03978488966822624, 1.0]
pred step=142 action=[[0.12227216564717952, 1.4232777120651647, 1.2215079791952574, -1.1140991057245666, 0.007787715347262525, 1.3944086825458406, 0.670781639615722, -0.004340522291410576, 0.010051465157437378, 0.037576542997505236, -0.06830984978431635, 0.010343383724881472, -0.03553593440174757, 1.0113903568109497]] left_gripper=0.670781639615722 right_gripper=1.0113903568109497
update step=143 qpos=[0.12220224738121033, 1.4233952760696411, 1.2220488786697388, -1.1143335103988647, 0.008416811004281044, 1.3941141366958618, 0.6707816396157221, -0.004188396967947483, 0.011220766231417656, 0.03831573203206062, -0.06846980005502701, 0.009983374737203121, -0.03607715666294098, 1.0]
pred step=143 action=[[0.12241648986798429, 1.4264855791077469, 1.2198273945000961, -1.1123176062481086, 0.0055722482486807445, 1.3984366105789316, 0.6852521038128112, -0.005135586703036682, 0.0030742164944091988, 0.032411765529971936, -0.06566090537409117, 0.01123465874677726, -0.03134802755162236, 1.013756581340088]] left_gripper=0.6852521038128112 right_gripper=1.013756581340088
update step=144 qpos=[0.12239840626716614, 1.4261417388916016, 1.220089316368103, -1.1125704050064087, 0.005931655876338482, 1.3978854417800903, 0.6852521038128112, -0.005028171464800835, 0.004037477541714907, 0.03310856223106384, -0.06602569669485092, 0.011079302988946438, -0.03195055574178696, 1.0]
pred step=144 action=[[0.12259157858538672, 1.4317063391749962, 1.2198542516764346, -1.112400344468481, 0.002894850772392543, 1.4042549209353778, 0.6978105255382907, -0.005799510309279277, -0.0032137627611844577, 0.028091799234718162, -0.06347639160349156, 0.01197778451357212, -0.027830486239995678, 1.015731824077943]] left_gripper=0.6978105255382907 right_gripper=1.015731824077943
update step=145 qpos=[0.12257631868124008, 1.4310643672943115, 1.2198867797851562, -1.1124093532562256, 0.0032788352109491825, 1.4034422636032104, 0.6978105255382907, -0.005711788777261972, -0.002357071964070201, 0.02868667244911194, -0.06380587816238403, 0.011866465210914612, -0.028355373069643974, 1.0]
pred step=145 action=[[0.1222477840185203, 1.4403052117015882, 1.2218737225548388, -1.1137873700977827, 0.0008991089822505405, 1.4115816440197169, 0.7083580903390398, -0.006170343774449277, -0.008880505947467698, 0.024200932572270073, -0.06078849377685069, 0.013064875123543207, -0.02454055895295154, 1.0171170787910522]] left_gripper=0.7083580903390398 right_gripper=1.0171170787910522
update step=146 qpos=[0.1222877949476242, 1.4392427206039429, 1.2216421365737915, -1.1135865449905396, 0.00120091054122895, 1.4105435609817505, 0.7083580903390398, -0.006119856610894203, -0.00811044592410326, 0.024735523387789726, -0.061176080256700516, 0.01291495282202959, -0.02502657100558281, 1.0]
pred step=146 action=[[0.12179209519312476, 1.4457621984235685, 1.2224002856333853, -1.1139304488878186, -0.001226517597475163, 1.4166185776557592, 0.7176972533867643, -0.006733858010894073, -0.01567495923705764, 0.019874842814337157, -0.058698801948949234, 0.014188236945853028, -0.020731130784383323, 1.0192669959828158]] left_gripper=0.7176972533867643 right_gripper=1.0192669959828158
update step=147 qpos=[0.12185104936361313, 1.4449819326400757, 1.2223377227783203, -1.1138672828674316, -0.0009181156638078392, 1.4158440828323364, 0.7176972533867643, -0.006665302440524101, -0.014778912998735905, 0.02044702135026455, -0.05901968479156494, 0.014029234647750854, -0.021278411149978638, 1.0]
pred step=147 action=[[0.12074735004169584, 1.4508597736417468, 1.2221579260137996, -1.1130785536639827, -0.0029349460825535134, 1.420565796685355, 0.7249905376504552, -0.0069930040187340115, -0.02102411195723608, 0.01652351437734445, -0.05586737798079715, 0.014969850528807616, -0.017425648069881783, 1.0209838428541032]] left_gripper=0.7249905376504552 right_gripper=1.0209838428541032
update step=148 qpos=[0.12087197601795197, 1.45017409324646, 1.222194790840149, -1.113162636756897, -0.002677412237972021, 1.4199633598327637, 0.7249905376504552, -0.0069573246873915195, -0.0202884953469038, 0.01699637621641159, -0.05626966059207916, 0.014852272346615791, -0.017916519194841385, 1.0]
pred step=148 action=[[0.11926867661693286, 1.4555469359178206, 1.2213229526560698, -1.1109861262085503, -0.003979613512005431, 1.4236935371233461, 0.730861321738392, -0.007387355169741344, -0.02693130093215801, 0.012197545740057714, -0.05234699975742834, 0.016070467911896646, -0.013739033241986054, 1.0224156424699993]] left_gripper=0.730861321738392 right_gripper=1.0224156424699993
update step=149 qpos=[0.11944673210382462, 1.4549216032028198, 1.2214463949203491, -1.111246109008789, -0.00381166092120111, 1.4232177734375, 0.730861321738392, -0.00734019884839654, -0.026144495233893394, 0.012764270417392254, -0.05285148695111275, 0.01591802015900612, -0.014271295629441738, 1.0]
pred step=149 action=[[0.1173789736309854, 1.4607537204467465, 1.2203725026555827, -1.1083295738115138, -0.004238538949108861, 1.425338952271383, 0.7360058119417822, -0.0075375337638712014, -0.03234354256142369, 0.008569577989179455, -0.04927746373618869, 0.016930418210974407, -0.010235330041777124, 1.0233347256845586]] left_gripper=0.7360058119417822 right_gripper=1.0233347256845586
update step=150 qpos=[0.11760628968477249, 1.460082769393921, 1.2205196619033813, -1.108681559562683, -0.004180606454610825, 1.4250686168670654, 0.7360058119417822, -0.007517287507653236, -0.03161202743649483, 0.009072128683328629, -0.04973449185490608, 0.01680351421236992, -0.010749571025371552, 1.0]
pred step=150 action=[[0.11508933100210317, 1.4651704250804842, 1.2187285475416287, -1.1061894582253307, -0.0046214162053199725, 1.4264753819304454, 0.738708362359137, -0.007666233488343693, -0.036927167173507525, 0.005427792509100304, -0.04646533358260094, 0.018250083447576226, -0.007111709112826825, 1.0240970521472508]] left_gripper=0.738708362359137 right_gripper=1.0240970521472508
update step=151 qpos=[0.11536592245101929, 1.4645767211914062, 1.2189608812332153, -1.1064928770065308, -0.004560684319585562, 1.4262961149215698, 0.738708362359137, -0.007652424741536379, -0.036299750208854675, 0.00586381321772933, -0.046883419156074524, 0.018068131059408188, -0.007575183641165495, 1.0]
pred step=151 action=[[0.11206225960386312, 1.4695688698230982, 1.2167336312461279, -1.1030674751960858, -0.004447679044517039, 1.426865868855331, 0.7398173557152131, -0.007799413301620789, -0.04051984218504201, 0.0033297666049147967, -0.0437642490587078, 0.01952769996698006, -0.004039050178048342, 1.0248904052843004]] left_gripper=0.7398173557152131 right_gripper=1.0248904052843004
update step=152 qpos=[0.11242362856864929, 1.4689913988113403, 1.2170186042785645, -1.1034889221191406, -0.00445555429905653, 1.4267934560775757, 0.7398173557152131, -0.007785818539559841, -0.040024593472480774, 0.0036414640489965677, -0.0441596657037735, 0.019344110041856766, -0.004489572253078222, 1.0]
pred step=152 action=[[0.10872755476466506, 1.474403785440976, 1.2150485306985699, -1.100151639571489, -0.00394506826111124, 1.427612317260538, 0.7397393190132561, -0.008000602943775276, -0.044114028575429454, 0.0012194489234315098, -0.041167160037636936, 0.02084892691392476, -0.0012933446795303505, 1.025399906220065]] left_gripper=0.7397393190132561 right_gripper=1.025399906220065
update step=153 qpos=[0.10913123190402985, 1.473778247833252, 1.2153040170669556, -1.1005600690841675, -0.004002558067440987, 1.427507996559143, 0.7397393190132561, -0.007979070767760277, -0.04363211989402771, 0.001512667746283114, -0.04154781252145767, 0.020659707486629486, -0.0017005263362079859, 1.0]
pred step=153 action=[[0.1049516125026706, 1.4791310756774625, 1.2131441501210536, -1.0962132434692244, -0.002753451820513231, 1.4271212286704023, 0.7376549292094272, -0.008216916621298864, -0.04710503197103788, -0.00043041086317496813, -0.03875644892961445, 0.02174946908422476, 0.0006992533373414989, 1.0258979731957325]] left_gripper=0.7376549292094272 right_gripper=1.0258979731957325
update step=154 qpos=[0.10540664196014404, 1.4785130023956299, 1.2134277820587158, -1.096747636795044, -0.0029035916086286306, 1.427170753479004, 0.7376549292094273, -0.008191706612706184, -0.046696897596120834, -0.00019195830100215971, -0.03911038860678673, 0.021612659096717834, 0.0003935715649276972, 1.0]
pred step=154 action=[[0.10125309878524755, 1.4820724419966393, 1.209620757781587, -1.0908560999821661, -0.001802308148605103, 1.4252182162470595, 0.7335628602202191, -0.008258185899174098, -0.050148824026618244, -0.0024076033810025432, -0.035803369319683725, 0.02279012677424297, 0.0035609115269806257, 1.0261863063322085]] left_gripper=0.7335628602202191 right_gripper=1.0261863063322085
update step=155 qpos=[0.10170607268810272, 1.4816595315933228, 1.2101033926010132, -1.0915929079055786, -0.001933806692250073, 1.4254670143127441, 0.7335628602202191, -0.008253376930952072, -0.04974226653575897, -0.0021387930028140545, -0.036224011331796646, 0.022641947492957115, 0.0031573206651955843, 1.0]
pred step=155 action=[[0.09724959051159263, 1.4863768649581073, 1.2078191286557045, -1.08569400134428, -0.00028691060771512955, 1.4244120311760793, 0.7241156004179461, -0.008426357944407048, -0.05236871567621293, -0.0040440246104122, -0.033396681900544636, 0.023817864308894654, 0.005382884578519986, 1.0262664052245913]] left_gripper=0.7241156004179461 right_gripper=1.0262664052245913
update step=156 qpos=[0.09773410856723785, 1.4858373403549194, 1.2081228494644165, -1.0864230394363403, -0.0004869978583883494, 1.424546241760254, 0.7241156004179461, -0.00840885192155838, -0.05205950513482094, -0.003813553834334016, -0.03375667333602905, 0.023669971153140068, 0.005099407397210598, 1.0]
pred step=156 action=[[0.09275145282044481, 1.4891295220916048, 1.2046223420923727, -1.0798371317477402, 0.0008070231468612077, 1.4214300214475033, 0.713504599939354, -0.008382065162211128, -0.05386996615936002, -0.005634715260254275, -0.03116434491653433, 0.024701523512559276, 0.006539551803535548, 1.0262561437545226]] left_gripper=0.713504599939354 right_gripper=1.0262561437545226
update step=157 qpos=[0.093294158577919, 1.4887518882751465, 1.205070972442627, -1.0806595087051392, 0.0006528110825456679, 1.4218275547027588, 0.713504599939354, -0.008387619629502296, -0.05365630239248276, -0.005417136009782553, -0.03149572014808655, 0.0245713721960783, 0.00635613314807415, 1.0]
pred step=157 action=[[0.08759261766520812, 1.4909608922315951, 1.201024695144032, -1.072859224524986, 0.00238672805230955, 1.416856951817301, 0.6998535253099432, -0.00840992029530982, -0.0558576756032626, -0.007428922002979066, -0.028508733926271006, 0.025746117090525544, 0.007407561996472245, 1.0263863207108872]] left_gripper=0.6998535253099432 right_gripper=1.0263863207108872
update step=158 qpos=[0.08821281790733337, 1.4907097816467285, 1.201541543006897, -1.0738369226455688, 0.0021782114636152983, 1.4174914360046387, 0.6998535253099432, -0.00840993132442236, -0.05559879168868065, -0.007185108959674835, -0.028889406472444534, 0.025597907602787018, 0.007273681461811066, 1.0]
pred step=158 action=[[0.08237843596425709, 1.4924157005609606, 1.197141670889569, -1.066054884335173, 0.0038079975831041835, 1.4126081634849625, 0.6831388444552546, -0.008202705794382287, -0.05781840655088244, -0.009248223823074553, -0.02608419864337234, 0.026879103419560346, 0.007925442823804363, 1.0258531421418318]] left_gripper=0.6831388444552546 right_gripper=1.0258531421418318
update step=159 qpos=[0.08301378786563873, 1.4922280311584473, 1.1976944208145142, -1.0670336484909058, 0.003612876869738102, 1.4132312536239624, 0.6831388444552546, -0.008229860104620457, -0.05755665898323059, -0.009000485762953758, -0.026442423462867737, 0.026716947555541992, 0.00784248299896717, 1.0]
pred step=159 action=[[0.0768978299452808, 1.4957481352372137, 1.1940482076253096, -1.060266079681703, 0.005629741700110491, 1.408280441361, 0.665080457824302, -0.007974858611443009, -0.05867417525359797, -0.010517583292588006, -0.02436623755350424, 0.028048142958343292, 0.00881406540280566, 1.0256822012063387]] left_gripper=0.665080457824302 right_gripper=1.0256822012063387
update step=160 qpos=[0.07756305485963821, 1.4953606128692627, 1.194502830505371, -1.0611122846603394, 0.005386040546000004, 1.408912181854248, 0.665080457824302, -0.00800770241767168, -0.05854267254471779, -0.01033596508204937, -0.02463182993233204, 0.02787959948182106, 0.00869030226022005, 1.0]
pred step=160 action=[[0.07076754268748886, 1.49704957577418, 1.1886158163840719, -1.0524855565810347, 0.007121240898862957, 1.4016739185556406, 0.6467950738077922, -0.008020156307343568, -0.06016040843272419, -0.011857792421012259, -0.02289375424221125, 0.029258466241114334, 0.009237360759303759, 1.0256382132508057]] left_gripper=0.6467950738077922 right_gripper=1.0256382132508057
update step=161 qpos=[0.07150720804929733, 1.4968620538711548, 1.1893467903137207, -1.0535753965377808, 0.00691470829769969, 1.4025975465774536, 0.6467950738077922, -0.00802162941545248, -0.059969473630189896, -0.011675341986119747, -0.02311600372195244, 0.02908439002931118, 0.00916776992380619, 1.0]
pred step=161 action=[[0.06447594789175592, 1.5000678513491663, 1.1852819682997144, -1.0453733760327584, 0.009514747641442944, 1.3955968434508497, 0.6275685880729062, -0.007878911870012911, -0.061037787634346974, -0.013429642054638813, -0.020930605792639015, 0.030422733673452385, 0.009622023130687718, 1.025135074428424]] left_gripper=0.6275685880729062 right_gripper=1.025135074428424
update step=162 qpos=[0.06524010002613068, 1.4997096061706543, 1.1858001947402954, -1.0463991165161133, 0.00919891707599163, 1.3964900970458984, 0.6275685880729062, -0.007898540236055851, -0.06091102585196495, -0.013222547248005867, -0.02121143601834774, 0.03025345504283905, 0.009564222767949104, 1.0]
pred step=162 action=[[0.057579718833621146, 1.503503155540884, 1.1817959557640654, -1.0383812759020294, 0.012141646416848784, 1.3887230445330265, 0.6072684789348547, -0.00789584872136706, -0.061530718041598154, -0.015059231917399662, -0.018299149109201857, 0.03074971808659349, 0.010514803775949988, 1.0245947679109277]] left_gripper=0.6072684789348547 right_gripper=1.0245947679109277
update step=163 qpos=[0.058411527425050735, 1.5030802488327026, 1.1823047399520874, -1.039383053779602, 0.011783677153289318, 1.3897137641906738, 0.6072684789348547, -0.007897324860095978, -0.06145835295319557, -0.014838669449090958, -0.01867181621491909, 0.03068719431757927, 0.01039368286728859, 1.0]
pred step=163 action=[[0.05020831115745922, 1.505396140205871, 1.1772248219544004, -1.0305502291921513, 0.014909048455773344, 1.3803797446477977, 0.5867934446048506, -0.007777669336273552, -0.0614465519018591, -0.015464987311024636, -0.016215818959651757, 0.030598391904655742, 0.010630817460758668, 1.024536963481233]] left_gripper=0.5867934446048506 right_gripper=1.024536963481233
update step=164 qpos=[0.05109884962439537, 1.5051345825195312, 1.1778682470321655, -1.031659722328186, 0.01452909130603075, 1.3815706968307495, 0.5867934446048506, -0.007791607640683651, -0.06145261228084564, -0.015377956442534924, -0.01652558334171772, 0.030609440058469772, 0.010600627399981022, 1.0]
pred step=164 action=[[0.04230369978940848, 1.510019054188315, 1.1756251053861195, -1.0242792082106793, 0.017839372681674515, 1.3737844861210546, 0.5657713212874658, -0.00760874427061739, -0.06104121650949068, -0.01624340642896893, -0.014360706185591845, 0.030808655579878608, 0.01113971723156093, 1.0243811940749048]] left_gripper=0.5657713212874658 right_gripper=1.0243811940749048
update step=165 qpos=[0.043258797377347946, 1.5094695091247559, 1.1759299039840698, -1.0251919031143188, 0.01743702031672001, 1.3747777938842773, 0.5657713212874658, -0.007630663923919201, -0.06108986958861351, -0.016141029074788094, -0.014637940563261509, 0.0307831522077322, 0.011071001179516315, 1.0]
pred step=165 action=[[0.03334552399529983, 1.5138132149947976, 1.1735096990804956, -1.016588755251884, 0.02126543708184614, 1.3641647113839195, 0.5447861186678999, -0.007237921981530976, -0.06009489297567039, -0.016252087711002505, -0.012584461108622085, 0.030771050708447767, 0.011403055504765724, 1.024175930398664]] left_gripper=0.5447861186678999 right_gripper=1.024175930398664
update step=166 qpos=[0.03442107513546944, 1.5133213996887207, 1.1738463640213013, -1.0176546573638916, 0.020799698308110237, 1.365518569946289, 0.5447861186679, -0.00728404289111495, -0.060216274112463, -0.016229184344410896, -0.012843622826039791, 0.030771829187870026, 0.011360714212059975, 1.0]
pred step=166 action=[[0.02450713735176223, 1.5171624943294129, 1.1699115784512761, -1.0084202464330008, 0.02494206327249282, 1.3540410226825892, 0.5235074861937603, -0.007148633053465331, -0.059995117091700134, -0.01661322538391119, -0.011739048578365432, 0.03074485914591807, 0.011856551529910386, 1.024142249690772]] left_gripper=0.5235074861937603 right_gripper=1.024142249690772
update step=167 qpos=[0.02558298408985138, 1.516738772392273, 1.1704179048538208, -1.0095728635787964, 0.02443624846637249, 1.355505347251892, 0.5235074861937604, -0.007164473179727793, -0.06002100184559822, -0.016568060964345932, -0.011880424804985523, 0.030748039484024048, 0.011793337762355804, 1.0]
pred step=167 action=[[0.015422435039539995, 1.520915132770079, 1.166380044962036, -1.0002139709839422, 0.028588416428952212, 1.3434441067528962, 0.5019551279554337, -0.006757323896069006, -0.058994122407982075, -0.01622762074826911, -0.009886621597421784, 0.03002411484121381, 0.012307150518432064, 1.0239552102660239]] left_gripper=0.5019551279554337 right_gripper=1.0239552102660239
update step=168 qpos=[0.016524916514754295, 1.5204493999481201, 1.1669028997421265, -1.001381278038025, 0.028081810101866722, 1.3449829816818237, 0.5019551279554337, -0.0068037076853215694, -0.05912056192755699, -0.016254723072052002, -0.010136350989341736, 0.030114836990833282, 0.012241587042808533, 1.0]
pred step=168 action=[[0.005980227119565862, 1.522252643653962, 1.1623832933287659, -0.991938986432615, 0.03236884912705301, 1.331046893283716, 0.4804827948521877, -0.006431420227796719, -0.059542895931791184, -0.01626567468950013, -0.010433379339788874, 0.029728861720120014, 0.011622781773061419, 1.0237470975612957]] left_gripper=0.4804827948521877 right_gripper=1.0237470975612957
update step=169 qpos=[0.007123488932847977, 1.5220420360565186, 1.1629737615585327, -0.9931223392486572, 0.03184620290994644, 1.3328250646591187, 0.48048279485218776, -0.006474215071648359, -0.059490855783224106, -0.016269223764538765, -0.010396582074463367, 0.029776766896247864, 0.011701637879014015, 1.0]
pred step=169 action=[[-0.0040614131321683455, 1.5239914734886233, 1.1580649555445008, -0.98280818340454, 0.0360151512246038, 1.3169705783983847, 0.4583511833837757, -0.006204502544506552, -0.06075359199544872, -0.01674724536079586, -0.011164939635127073, 0.029488941336942354, 0.012085498908395387, 1.0239395315358162]] left_gripper=0.4583511833837757 right_gripper=1.0239395315358162
update step=170 qpos=[-0.0028480251785367727, 1.5237873792648315, 1.1586880683898926, -0.9841033220291138, 0.03550851345062256, 1.318993330001831, 0.4583511833837757, -0.006235618144273758, -0.06060180813074112, -0.01669643074274063, -0.011068976484239101, 0.029524801298975945, 0.012036481872200966, 1.0]
pred step=170 action=[[-0.013795266579181939, 1.527880506988312, 1.155615638976928, -0.9760586973381045, 0.03958233999566052, 1.3051227295267989, 0.436093547571169, -0.0059102626384500145, -0.061729603359372165, -0.016807247132666014, -0.012531969908447953, 0.028711612927163066, 0.012415574213082925, 1.024628776360038]] left_gripper=0.436093547571169 right_gripper=1.024628776360038
update step=171 qpos=[-0.012606395408511162, 1.5274274349212646, 1.1560168266296387, -0.977059543132782, 0.039087072014808655, 1.3068927526474, 0.436093547571169, -0.005946858320385218, -0.06159483641386032, -0.016797661781311035, -0.012346393428742886, 0.028813764452934265, 0.012367176823318005, 1.0]
pred step=171 action=[[-0.023538481169756174, 1.5315915829439353, 1.1547879134206593, -0.9713686368308397, 0.042430142133908, 1.293916915011791, 0.413002127321677, -0.005895513696426852, -0.0630619214359397, -0.01720515675055012, -0.014267541392107907, 0.02789498613271585, 0.011568397459672697, 1.0255389985953953]] left_gripper=0.413002127321677 right_gripper=1.0255389985953953
update step=172 qpos=[-0.022350337356328964, 1.5311092138290405, 1.154978632926941, -0.972067654132843, 0.0420277938246727, 1.2955727577209473, 0.413002127321677, -0.005899525247514248, -0.06288474798202515, -0.017166398465633392, -0.014025832526385784, 0.028010854497551918, 0.011670189909636974, 1.0]
pred step=172 action=[[-0.03242046575729359, 1.5424844925974401, 1.158745352824492, -0.9704856416514379, 0.04629118511519631, 1.29034054201171, 0.38973519590310984, -0.0058390654461579206, -0.063974429601243, -0.017675259656767306, -0.01610150212448369, 0.027316227595184428, 0.01039164943602161, 1.0264916225140048]] left_gripper=0.38973519590310984 right_gripper=1.0264916225140048
update step=173 qpos=[-0.031326837837696075, 1.541199803352356, 1.1583210229873657, -0.9706413745880127, 0.04576968029141426, 1.2910077571868896, 0.38973519590310984, -0.005844578612595797, -0.06384158879518509, -0.01762581616640091, -0.015841038897633553, 0.027403688058257103, 0.010554562322795391, 1.0]
pred step=173 action=[[-0.04050930647211516, 1.5601617545202129, 1.170123299925185, -0.9759687472458517, 0.05001858214398558, 1.2941649521318876, 0.3674854309763139, -0.005781280822708373, -0.06565632340852356, -0.018189603696874945, -0.017251441040108645, 0.027465517020648145, 0.009591333855594908, 1.027061813907067]] left_gripper=0.3674854309763139 right_gripper=1.027061813907067
update step=174 qpos=[-0.039512019604444504, 1.5579674243927002, 1.1687668561935425, -0.9752125144004822, 0.049497246742248535, 1.2937614917755127, 0.3674854309763139, -0.005788757465779781, -0.06544043868780136, -0.018125155940651894, -0.0170727726072073, 0.02745744027197361, 0.009714076295495033, 1.0]
pred step=174 action=[[-0.04786977137776433, 1.582244418536253, 1.1846836414044, -0.9841692789988137, 0.054558307414525276, 1.301837948544032, 0.3443612283268334, -0.00581874241341504, -0.06786485311809742, -0.01921495326352829, -0.018334059247599385, 0.027871613475537016, 0.009000824779485606, 1.0279195857039167]] left_gripper=0.3443612283268334 right_gripper=1.0279195857039167
update step=175 qpos=[-0.04696452245116234, 1.579427719116211, 1.1828440427780151, -0.9829326272010803, 0.053932175040245056, 1.3008066415786743, 0.3443612283268334, -0.005816034972667694, -0.06757456809282303, -0.019094331189990044, -0.018176686018705368, 0.02781927026808262, 0.009091748856008053, 1.0]
pred step=175 action=[[-0.05483075770521608, 1.6101617144942093, 1.2030480834186963, -0.9938075187394685, 0.06053524539488009, 1.3129694694787895, 0.3216735824715499, -0.005782034952409448, -0.06943381030773099, -0.020093099069274367, -0.018644607306809974, 0.027853551478377536, 0.00962578378348572, 1.0291798888374954]] left_gripper=0.3216735824715499 right_gripper=1.0291798888374954
update step=176 qpos=[-0.05398200452327728, 1.606589436531067, 1.2007187604904175, -0.9922987818717957, 0.05971227213740349, 1.3114166259765625, 0.3216735824715499, -0.005786243826150894, -0.06921272724866867, -0.01997745968401432, -0.0185866542160511, 0.02784927375614643, 0.009557670913636684, 1.0]
pred step=176 action=[[-0.061712891610566395, 1.6391367467586753, 1.2224242288932443, -1.0034321428476707, 0.06716893410973068, 1.325591739629127, 0.29903732706880976, -0.005574707160974773, -0.07026974069615344, -0.020981648345985704, -0.017624313378334366, 0.027841883727676597, 0.011438327735666609, 1.0299739637588503]] left_gripper=0.29903732706880976 right_gripper=1.0299739637588503
update step=177 qpos=[-0.06088082492351532, 1.6353203058242798, 1.2199459075927734, -1.0018779039382935, 0.06623754650354385, 1.3237817287445068, 0.29903732706880976, -0.005599824711680412, -0.07014521211385727, -0.020861050114035606, -0.01774752326309681, 0.027842635288834572, 0.011198571883141994, 1.0]
pred step=177 action=[[-0.06840792386888422, 1.6700335181346686, 1.24324002213984, -1.0125195755011653, 0.07514006724926608, 1.3389132795891243, 0.2770764404274799, -0.00523541125673796, -0.07062010741155433, -0.022197809547062963, -0.01602797756901647, 0.027603048454880597, 0.013845360711264465, 1.031110790508106]] left_gripper=0.2770764404274799 right_gripper=1.031110790508106
update step=178 qpos=[-0.06759951263666153, 1.6659585237503052, 1.2405873537063599, -1.0110136270523071, 0.07402460277080536, 1.3369814157485962, 0.2770764404274799, -0.0052780574187636375, -0.07056335359811783, -0.022040974348783493, -0.016249386593699455, 0.02763291634619236, 0.013507966883480549, 1.0]
pred step=178 action=[[-0.07507642301766568, 1.7009832792803774, 1.2635658600512916, -1.0197565090990248, 0.08365784547804803, 1.3506627084348533, 0.2548532685197427, -0.004894432153309702, -0.07059009871954836, -0.02276876566483943, -0.01416882587424398, 0.02683894986594826, 0.016131486057431088, 1.0317414765902597]] left_gripper=0.2548532685197427 right_gripper=1.0317414765902597
update step=179 qpos=[-0.07427336275577545, 1.6968592405319214, 1.2609678506851196, -1.0184859037399292, 0.08244932442903519, 1.348915457725525, 0.2548532685197427, -0.00493816751986742, -0.07059010118246078, -0.02267380617558956, -0.014432253316044807, 0.02693880721926689, 0.01579705998301506, 1.0]
pred step=179 action=[[-0.08081678370068515, 1.7293815818640939, 1.2842397080158312, -1.0286750231399118, 0.09063528400239854, 1.3629799435360375, 0.23550816233441385, -0.004623231522059901, -0.06953233366480505, -0.02351376526167026, -0.0120367776807416, 0.0258478554422491, 0.017783401948891275, 1.0315271687478598]] left_gripper=0.23550816233441385 right_gripper=1.0315271687478598
update step=180 qpos=[-0.0801088735461235, 1.7255133390426636, 1.281612515449524, -1.0272274017333984, 0.08960876613855362, 1.3611834049224854, 0.23550816233441382, -0.004658128600567579, -0.06965794414281845, -0.02341378666460514, -0.012343590147793293, 0.025985250249505043, 0.017530197277665138, 1.0]
pred step=180 action=[[-0.08626147220067229, 1.756528321134929, 1.3047221162322256, -1.0366452702868156, 0.09780740461727108, 1.3753321062755592, 0.2165934949816541, -0.0043491745718939046, -0.06892559827984102, -0.024359293827838968, -0.01042190263838893, 0.025595273143432073, 0.01894283100337618, 1.031404297149089]] left_gripper=0.2165934949816541 right_gripper=1.031404297149089
update step=181 qpos=[-0.08559725433588028, 1.7528457641601562, 1.3021032810211182, -1.03529953956604, 0.09677846729755402, 1.3735251426696777, 0.2165934949816541, -0.004384757950901985, -0.06901241093873978, -0.024246852844953537, -0.010668483562767506, 0.02564401738345623, 0.018762776628136635, 1.0]
pred step=181 action=[[-0.09135930108748666, 1.7824107689116309, 1.325688373375586, -1.044008954275589, 0.10478022618764274, 1.3875835386296171, 0.19862743327208143, -0.003998750826340353, -0.06884023542206796, -0.02535274505575269, -0.00930042266588961, 0.025843913509361882, 0.01948426875395065, 1.0315632081232213]] left_gripper=0.19862743327208143 right_gripper=1.0315632081232213
update step=182 qpos=[-0.09073547273874283, 1.7788918018341064, 1.323014259338379, -1.042752742767334, 0.1037755012512207, 1.3857879638671875, 0.19862743327208143, -0.004044543951749802, -0.06885991990566254, -0.025223346427083015, -0.009477147832512856, 0.02581792324781418, 0.019392330199480057, 1.0]
pred step=182 action=[[-0.09458461919531858, 1.8010908541524167, 1.3430507554010886, -1.052939365610559, 0.10682697561458401, 1.3978612689639318, 0.1859627521866759, -0.0036374419714485795, -0.06758538426866734, -0.02574682831098407, -0.007780817625011475, 0.026114540823910404, 0.018874595046487974, 1.0308933199212738]] left_gripper=0.1859627521866759 right_gripper=1.0308933199212738
update step=183 qpos=[-0.0941535159945488, 1.7984095811843872, 1.340772271156311, -1.0515316724777222, 0.10644672811031342, 1.3963196277618408, 0.1859627521866759, -0.003685729345306754, -0.06773809343576431, -0.025680512189865112, -0.007997244596481323, 0.02607615850865841, 0.018940618261694908, 1.0]
pred step=183 action=[[-0.09907653010053619, 1.816084144260671, 1.3586122047396012, -1.0597304105603849, 0.10882129523665113, 1.404446146424088, 0.1751570413866369, -0.0031437564623158776, -0.06557464156681081, -0.02575647022920602, -0.0058914334848578324, 0.02580584162969879, 0.01856110891566387, 1.030384769964835]] left_gripper=0.1751570413866369 right_gripper=1.030384769964835
update step=184 qpos=[-0.09854317456483841, 1.8139625787734985, 1.3565682172775269, -1.0585919618606567, 0.10852931439876556, 1.4034082889556885, 0.1751570413866369, -0.003206714289262891, -0.06583338975906372, -0.025741087272763252, -0.006159050390124321, 0.025838853791356087, 0.01860939897596836, 1.0]
pred step=184 action=[[-0.10191240737710466, 1.8224923987218724, 1.3682467963943539, -1.0671470520428497, 0.10575191500224468, 1.4069035943339918, 0.16963448695972394, -0.0028605097761107146, -0.06372718450550774, -0.025668167415300203, -0.00557402101484239, 0.025862351186703714, 0.017593035302436943, 1.029100106738145]] left_gripper=0.16963448695972394 right_gripper=1.029100106738145
update step=185 qpos=[-0.10152567923069, 1.821434736251831, 1.3668981790542603, -1.0660110712051392, 0.10610958933830261, 1.4064574241638184, 0.16963448695972394, -0.0029009401332587004, -0.06397564709186554, -0.025679785758256912, -0.005650564096868038, 0.025858504697680473, 0.017722560092806816, 1.0]
pred step=185 action=[[-0.1053485591463147, 1.8244081461800368, 1.3742212329317383, -1.0725231754443931, 0.10364006671231221, 1.4058494477682624, 0.16610217010595918, -0.002569470367024207, -0.061959299475195406, -0.025786405347037022, -0.005493884392277092, 0.025769925504914304, 0.01683884508685174, 1.0279730676594205]] left_gripper=0.16610217010595918 right_gripper=1.0279730676594205
update step=186 qpos=[-0.10492750257253647, 1.8240365982055664, 1.3733552694320679, -1.0716749429702759, 0.1039598360657692, 1.4059271812438965, 0.16610217010595918, -0.0026079958770424128, -0.0621962733566761, -0.025779031217098236, -0.0055170138366520405, 0.025780312716960907, 0.016951413825154305, 1.0]
pred step=186 action=[[-0.10992727438731978, 1.8251258403818853, 1.379081880027473, -1.0753762958674158, 0.1030665976722186, 1.4001242261292148, 0.1559094642547375, -0.0020196097330761886, -0.06067812012856999, -0.026222093140741642, -0.004503507789268896, 0.026006253477760366, 0.01657275594949925, 1.0275049869983728]] left_gripper=0.1559094642547375 right_gripper=1.0275049869983728
update step=187 qpos=[-0.10938357561826706, 1.8250021934509277, 1.3783979415893555, -1.07489013671875, 0.1031881645321846, 1.400864839553833, 0.15590946425473753, -0.002089049434289336, -0.06085783243179321, -0.026169639080762863, -0.004634462762624025, 0.025976430624723434, 0.016620943322777748, 1.0]
pred step=187 action=[[-0.11406377248719639, 1.8274809350530987, 1.3849247624880676, -1.0767656008754671, 0.1049997855817244, 1.3944597452770546, 0.1448585719957547, -0.00159327940390247, -0.05892320162193365, -0.026280097106542666, -0.0025723066378858933, 0.025510014778403534, 0.0164596496753196, 1.0269741658374205]] left_gripper=0.1448585719957547 right_gripper=1.0269741658374205
update step=188 qpos=[-0.11354929208755493, 1.8272157907485962, 1.3841485977172852, -1.0764997005462646, 0.10477669537067413, 1.395276427268982, 0.1448585719957547, -0.0016504022059962153, -0.05915540084242821, -0.0262588020414114, -0.0028338166885077953, 0.025567926466464996, 0.01648011989891529, 1.0]
pred step=188 action=[[-0.11729923052063893, 1.8265678629163384, 1.3876748710873192, -1.0773433356372801, 0.10686477479290613, 1.3873367408637436, 0.13694521662825443, -0.0012372397073225905, -0.05847034518742045, -0.026457510408566365, -0.0005430150787018809, 0.024968015687239165, 0.016463171767264417, 1.0269954190346726]] left_gripper=0.13694521662825443 right_gripper=1.0269954190346726
update step=189 qpos=[-0.11688303202390671, 1.8266515731811523, 1.387258768081665, -1.0772244930267334, 0.10660523921251297, 1.3883492946624756, 0.13694521662825443, -0.001284436322748661, -0.05855471268296242, -0.02642425149679184, -0.0008323605288751423, 0.025042951107025146, 0.01646525226533413, 1.0]
pred step=189 action=[[-0.1204824422923822, 1.8291651961615187, 1.394434038842204, -1.0806468416502042, 0.10947995409255015, 1.38250405080783, 0.12816209747304008, -0.0010815879217721813, -0.0587836465302819, -0.02690696814097493, 0.0010454700252064322, 0.02501358281584215, 0.016503344314618917, 1.026999620874793]] left_gripper=0.12816209747304008 right_gripper=1.026999620874793
update step=190 qpos=[-0.12008841335773468, 1.828896403312683, 1.3935723304748535, -1.0801864862442017, 0.10912074893712997, 1.383249282836914, 0.12816209747304008, -0.0011052866466343403, -0.05875789001584053, -0.0268454160541296, 0.0008072442724369466, 0.025016838684678078, 0.016498474404215813, 1.0]
pred step=190 action=[[-0.12299945174413099, 1.8292148766974416, 1.3982048065098773, -1.079849058303639, 0.11342980453921761, 1.3733879615225495, 0.12027383657022539, -0.0007026502556305159, -0.05863290703869428, -0.026920030497723624, 0.003051523515735585, 0.024520372619174613, 0.01643157586938182, 1.0269592273769776]] left_gripper=0.12027383657022539 right_gripper=1.0269592273769776
update step=191 qpos=[-0.12267998605966568, 1.8291947841644287, 1.3976644277572632, -1.079870343208313, 0.11288736015558243, 1.374645709991455, 0.12027383657022539, -0.0007488942937925458, -0.05865173041820526, -0.026900090277194977, 0.0027691819705069065, 0.024582291021943092, 0.016440046951174736, 1.0]
pred step=191 action=[[-0.12683547463701314, 1.8319890033344717, 1.4020833533207482, -1.072804901264087, 0.12210602262876635, 1.361497851507126, 0.11238941411376657, -0.00028498224920281423, -0.05816676412891786, -0.027032808309151113, 0.004765124961504176, 0.024090364635575012, 0.016745535556692837, 1.0269135024252498]] left_gripper=0.11238941411376657 right_gripper=1.0269135024252498
update step=192 qpos=[-0.12639890611171722, 1.8317203521728516, 1.4015889167785645, -1.0736579895019531, 0.12094276398420334, 1.3631742000579834, 0.11238941411376657, -0.00033841459662653506, -0.05822578817605972, -0.027012797072529793, 0.004512069281190634, 0.02415158599615097, 0.016706516966223717, 1.0]
pred step=192 action=[[-0.13059957282219192, 1.8329395529128671, 1.4027269690728983, -1.0603336659116442, 0.13395283972800426, 1.3458305328624833, 0.10429647363427319, -1.963240275440481e-05, -0.05845564856147667, -0.027285974685562486, 0.006474219277828236, 0.024033094959732493, 0.016950621305018343, 1.0267030460150135]] left_gripper=0.10429647363427319 right_gripper=1.0267030460150135
update step=193 qpos=[-0.130154088139534, 1.8328430652618408, 1.4026590585708618, -1.0619796514511108, 0.13230782747268677, 1.3480420112609863, 0.10429647363427319, -5.6795197451720014e-05, -0.05843082815408707, -0.02724641002714634, 0.006226497236639261, 0.02404741570353508, 0.016919482499361038, 1.0]
pred step=193 action=[[-0.13386349318993324, 1.8309817712528649, 1.3993623130770674, -1.0411409186756186, 0.14783215839782646, 1.3256076498918814, 0.0976925902889122, 0.0003197518014222689, -0.05864743217506274, -0.0275095784078625, 0.00750122038020282, 0.023862986695650623, 0.016840239262407797, 1.026561370587292]] left_gripper=0.0976925902889122 right_gripper=1.026561370587292
update step=194 qpos=[-0.13347050547599792, 1.831257939338684, 1.399843454360962, -1.043745994567871, 0.1458665430545807, 1.3284683227539062, 0.0976925902889122, 0.0002759548369795084, -0.058622609823942184, -0.02747603878378868, 0.007339558098465204, 0.023885512724518776, 0.016850311309099197, 1.0]
pred step=194 action=[[-0.13693961092058304, 1.8275069286058465, 1.3942543380536632, -1.0183558085690079, 0.16375664226001035, 1.3028528805368036, 0.09112260036471032, 0.0007569490071792639, -0.058919211504786184, -0.02753501192104668, 0.008692220813553118, 0.023612704004679852, 0.016606667044303414, 1.0266340309239321]] left_gripper=0.09112260036471032 right_gripper=1.0266340309239321
update step=195 qpos=[-0.13657765090465546, 1.8280197381973267, 1.3950169086456299, -1.0215414762496948, 0.1614900678396225, 1.3061192035675049, 0.09112260036471032, 0.0007010843837633729, -0.05888665094971657, -0.02752072736620903, 0.00852248165756464, 0.023646172136068344, 0.016637668013572693, 1.0]
pred step=195 action=[[-0.14013530465928714, 1.8231598268456604, 1.3873795456015952, -0.9903934821374571, 0.18228927886228805, 1.275164677905439, 0.08620095498519786, 0.0011882867391501406, -0.059773777574098186, -0.027372985905103064, 0.009398939482685657, 0.02346782058751251, 0.016115107370097526, 1.026580997742903]] left_gripper=0.08620095498519786 right_gripper=1.026580997742903
update step=196 qpos=[-0.13976913690567017, 1.8238239288330078, 1.3884005546569824, -0.9943080544471741, 0.17965294420719147, 1.2791122198104858, 0.08620095498519786, 0.0011315344600006938, -0.059671226888895035, -0.027383022010326385, 0.00929067563265562, 0.02348930388689041, 0.016181664541363716, 1.0]
pred step=196 action=[[-0.144191346164589, 1.8168215532940413, 1.3765539566548575, -0.9556489074032403, 0.20414960101685992, 1.2440427100326452, 0.08037606797455521, 0.0016016260562019269, -0.061005065629090804, -0.0276135967962291, 0.010279254252918802, 0.023380411300105264, 0.015984173047145833, 1.0266350176696277]] left_gripper=0.08037606797455521 right_gripper=1.0266350176696277
update step=197 qpos=[-0.14374040067195892, 1.8177542686462402, 1.3780931234359741, -0.9605228304862976, 0.2010447382926941, 1.248515248298645, 0.08037606797455522, 0.0015466926852241158, -0.06084809452295303, -0.027583003044128418, 0.010155088268220425, 0.02339320257306099, 0.01600928232073784, 1.0]
pred step=197 action=[[-0.14922990562712551, 1.809842689627097, 1.3637689658638703, -0.9145244572181529, 0.22916344566868152, 1.2085105401625396, 0.0739538975157008, 0.0017981081394398413, -0.061524983485363505, -0.02765490166061768, 0.01092187813035481, 0.023117671935318884, 0.016006118032150907, 1.026800667438323]] left_gripper=0.0739538975157008 right_gripper=1.026800667438323
update step=198 qpos=[-0.1486656814813614, 1.8108985424041748, 1.3656269311904907, -0.9203271865844727, 0.22559911012649536, 1.2136125564575195, 0.0739538975157008, 0.0017691956600174308, -0.06144587695598602, -0.02764369361102581, 0.010825593955814838, 0.023151975125074387, 0.016006477177143097, 1.0]
pred step=198 action=[[-0.15464436534175863, 1.802919555238032, 1.3502679422990536, -0.8719027059869346, 0.2550447704110795, 1.1705202546296412, 0.06828714131712288, 0.0018092274332811298, -0.06290340747743017, -0.028253757379221978, 0.011080107201859053, 0.024003687230923387, 0.01576141296104644, 1.0271070264207107]] left_gripper=0.06828714131712288 right_gripper=1.0271070264207107
update step=199 qpos=[-0.15402117371559143, 1.8039888143539429, 1.352252721786499, -0.8780161738395691, 0.25131139159202576, 1.1760163307189941, 0.06828714131712289, 0.0018028185004368424, -0.06272948533296585, -0.02818450890481472, 0.01104678027331829, 0.02389591932296753, 0.015792708843946457, 1.0]
pred step=199 action=[[-0.16139982337005573, 1.7967964515176638, 1.3348336239841836, -0.8228167709224041, 0.28425417755987975, 1.1301727769137797, 0.06416735012941044, 0.0018012666358492024, -0.06460375135937502, -0.028818596701199684, 0.011389015292012382, 0.024944166104820198, 0.016014825697121593, 1.0277098734003773]] left_gripper=0.06416735012941044 right_gripper=1.0277098734003773
update step=200 qpos=[-0.16063232719898224, 1.7977890968322754, 1.337085485458374, -0.8297871947288513, 0.2800775170326233, 1.136020302772522, 0.06416735012941044, 0.0017991956556215882, -0.06438245624303818, -0.028741229325532913, 0.011346264742314816, 0.024811789393424988, 0.015986572951078415, 1.0]
pred step=200 action=[[-0.1674195387017861, 1.790260192024241, 1.3185753173582144, -0.7719971506710486, 0.3143407107145681, 1.090813192455129, 0.060886082559957644, 0.0019242997860461075, -0.06540888031444814, -0.02899363841497271, 0.011958223678591794, 0.02537751388713283, 0.016250081506545888, 1.0287083772760046]] left_gripper=0.060886082559957644 right_gripper=1.0287083772760046
update step=201 qpos=[-0.16670235991477966, 1.791277527809143, 1.3209710121154785, -0.7792996764183044, 0.30999377369880676, 1.0965795516967773, 0.060886082559957644, 0.0019083456136286259, -0.06528890132904053, -0.028959626331925392, 0.011881879530847073, 0.02530587650835514, 0.016216523945331573, 1.0]
pred step=201 action=[[-0.17374602658509836, 1.7822122320269793, 1.2998632823147485, -0.7172035645622034, 0.346046492355233, 1.048394694152569, 0.05764431941887249, 0.0018348108110308459, -0.06656607775644507, -0.029089038161626557, 0.01120530784834647, 0.02623808574058306, 0.015612554659928113, 1.029390578982719]] left_gripper=0.05764431941887249 right_gripper=1.029390578982719
update step=202 qpos=[-0.173008993268013, 1.7834118604660034, 1.3025716543197632, -0.7250645756721497, 0.3414725065231323, 1.0545414686203003, 0.057644319418872485, 0.0018415851518511772, -0.0664137676358223, -0.02907632663846016, 0.011291339993476868, 0.026120387017726898, 0.01568964123725891, 1.0]
pred step=202 action=[[-0.17995447036850765, 1.7741970892825494, 1.2798565881890165, -0.6585587788609967, 0.3795143603989472, 1.0046419469297558, 0.055666252751139234, 0.0016554566913480062, -0.06804733456671852, -0.029301408395458695, 0.010599543786860358, 0.02754696955915681, 0.015499626134809097, 1.0298680531561044]] left_gripper=0.055666252751139234 right_gripper=1.0298680531561044
update step=203 qpos=[-0.17922711372375488, 1.7754210233688354, 1.282759189605713, -0.6669859290122986, 0.37468621134757996, 1.0110081434249878, 0.055666252751139234, 0.001674338593147695, -0.06785336136817932, -0.02927575632929802, 0.01068795844912529, 0.027367105707526207, 0.015523936599493027, 1.0]
pred step=203 action=[[-0.18654403364555316, 1.764130403072317, 1.2581103873379385, -0.5972449141700172, 0.41347512876101944, 0.9582306629728463, 0.05474007157574334, 0.001369283823413725, -0.06958007924505027, -0.03004321093386242, 0.009602872011541284, 0.02893602557562608, 0.015068902028998077, 1.0304635664550226]] left_gripper=0.05474007157574334 right_gripper=1.0304635664550226
update step=204 qpos=[-0.1857796162366867, 1.7655863761901855, 1.261244535446167, -0.6060951352119446, 0.40855327248573303, 0.9649644494056702, 0.05474007157574335, 0.0014018635265529156, -0.06937190890312195, -0.02996230497956276, 0.009737689048051834, 0.028738411143422127, 0.015127039514482021, 1.0]
pred step=204 action=[[-0.19370003762327742, 1.7556953040424443, 1.2369054329330986, -0.5357652023556195, 0.4482120406492309, 0.9130717585074313, 0.054360996143556495, 0.0010549144203617633, -0.0710753925759322, -0.030720280114787668, 0.008229155130477898, 0.030168078076347082, 0.014492915456016942, 1.0310211803517935]] left_gripper=0.054360996143556495 right_gripper=1.0310211803517935
update step=205 qpos=[-0.1928711235523224, 1.7569975852966309, 1.2399855852127075, -0.5446965098381042, 0.4431799054145813, 0.9196934700012207, 0.05436099614355649, 0.001092694466933608, -0.07087081670761108, -0.03063827194273472, 0.008418407291173935, 0.02998814545571804, 0.014573866501450539, 1.0]
pred step=205 action=[[-0.20112032182242687, 1.7477828684538244, 1.2149004668281358, -0.47215205041796915, 0.48366702506758896, 0.8668302068014203, 0.055068635767888896, 0.0005322981540620553, -0.07422188881151048, -0.031621336384846654, 0.005996830260090503, 0.031893117294753415, 0.014168640590338344, 1.0319993324142158]] left_gripper=0.055068635767888896 right_gripper=1.0319993324142158
update step=206 qpos=[-0.20025332272052765, 1.7489888668060303, 1.2180746793746948, -0.4813693165779114, 0.47853001952171326, 0.8735763430595398, 0.05506863576788889, 0.0005940955597907305, -0.07382151484489441, -0.03151332959532738, 0.006302723661065102, 0.03165357932448387, 0.01422045286744833, 1.0]
pred step=206 action=[[-0.20868332875445286, 1.7406078353640528, 1.1929091957774753, -0.40569030315740795, 0.5212349414892394, 0.8198623761806323, 0.05476855910813039, -0.0002277261155664012, -0.07741259000172973, -0.03254568490743037, 0.003597832196256319, 0.03357914081200086, 0.013259385068071006, 1.0329700580854213]] left_gripper=0.05476855910813039 right_gripper=1.0329700580854213
update step=207 qpos=[-0.20779818296432495, 1.7417045831680298, 1.1960997581481934, -0.41530781984329224, 0.5158164501190186, 0.8267174959182739, 0.05476855910813039, -0.0001352312829112634, -0.07698338478803635, -0.03243354707956314, 0.003939305432140827, 0.033337511122226715, 0.013382104225456715, 1.0]
pred step=207 action=[[-0.2163477727590361, 1.7344958746135188, 1.171824845383123, -0.3404055680622033, 0.5584516106763695, 0.773318116638241, 0.05439166687686092, -0.0007593535918455074, -0.08108406836010662, -0.033751746481464395, 0.0012038561105679971, 0.03572678676841612, 0.012854460866609851, 1.0336223605311874]] left_gripper=0.05439166687686092 right_gripper=1.0336223605311874
update step=208 qpos=[-0.21544750034809113, 1.7354426383972168, 1.1748981475830078, -0.3499286472797394, 0.5530427098274231, 0.7801333665847778, 0.054391666876860915, -0.0006911529926583171, -0.08059395849704742, -0.033606987446546555, 0.001548628555610776, 0.03542621433734894, 0.012921907939016819, 1.0]
pred step=208 action=[[-0.22435579730273073, 1.7288883420004328, 1.1504084684152454, -0.2728377673560075, 0.5961820341511729, 0.7262824210375387, 0.052120462103597, -0.0015922858444071541, -0.08596904410329032, -0.0355843173820648, -0.0018003793073983702, 0.03879045466440573, 0.012341442039986217, 1.0344212622682993]] left_gripper=0.052120462103597 right_gripper=1.0344212622682993
update step=209 qpos=[-0.22341839969158173, 1.7297440767288208, 1.1535069942474365, -0.28264319896698, 0.5907104015350342, 0.733156144618988, 0.052120462103597005, -0.0014935358194634318, -0.08532562106847763, -0.03536726161837578, -0.0013796696439385414, 0.03836726024746895, 0.01241573691368103, 1.0]
pred step=209 action=[[-0.23182621405360923, 1.723864223633805, 1.1296590796508859, -0.2065200090464398, 0.6329123502591791, 0.6809803148956461, 0.05043957171760438, -0.0025424158452790335, -0.09069022044353492, -0.03743318470254875, -0.005233103749178986, 0.041532506295615224, 0.01162875758668469, 1.0348997421562296]] left_gripper=0.05043957171760438 right_gripper=1.0348997421562296
update step=210 qpos=[-0.2309364229440689, 1.7246251106262207, 1.1326680183410645, -0.21620678901672363, 0.6275598406791687, 0.6876406073570251, 0.05043957171760438, -0.0024259898345917463, -0.09002742171287537, -0.036112796515226364, -0.004746981430798769, 0.0411347970366478, 0.01172937173396349, 1.0]
pred step=210 action=[[-0.23975149242815377, 1.719579944224862, 1.1088192978193123, -0.140368613714165, 0.6698726446128604, 0.6361452046283158, 0.0490791132849161, -0.003465811032610233, -0.09558624806722249, -0.03943404964805808, -0.008871903555201361, 0.044424375288768136, 0.01119059853031329, 1.0356972713214225]] left_gripper=0.0490791132849161 right_gripper=1.0356972713214225
update step=211 qpos=[-0.23882529139518738, 1.7202268838882446, 1.1118160486221313, -0.1500246673822403, 0.6645092368125916, 0.6427194476127625, 0.049079113284916105, -0.003351014805957675, -0.09487855434417725, -0.036073844879865646, -0.008343742229044437, 0.04401099309325218, 0.01125956978648901, 1.0]
pred step=211 action=[[-0.2482713190207768, 1.7153986579164995, 1.0877077546283513, -0.07349716865493525, 0.7067397094810147, 0.5899170770712573, 0.04659528274764313, -0.004429624775879881, -0.10155296020656146, -0.041657655874945854, -0.01279604081434503, 0.047979979039757314, 0.010948159007883207, 1.0365495647029093]] left_gripper=0.04659528274764313 right_gripper=1.0365495647029093
update step=212 qpos=[-0.24727772176265717, 1.7159974575042725, 1.0907299518585205, -0.0832444578409195, 0.7013901472091675, 0.5966585278511047, 0.04659528274764314, -0.004311972763389349, -0.10069160163402557, -0.03602271527051926, -0.012223908677697182, 0.04748087376356125, 0.010988210327923298, 1.0]
pred step=212 action=[[-0.25649910591138714, 1.7111004356561381, 1.0661724173140903, -0.007447835979583234, 0.7430374147664298, 0.5448132428939358, 0.041752173741410936, -0.005282517763500083, -0.10582113343180533, -0.04361715928591203, -0.016048119458477093, 0.050637941164230815, 0.010432250189453263, 1.037437450022506]] left_gripper=0.041752173741410936 right_gripper=1.037437450022506
update step=213 qpos=[-0.2555254399776459, 1.7116899490356445, 1.069230079650879, -0.01710781641304493, 0.7377644777297974, 0.5514332056045532, 0.041752173741410936, -0.0051760259084403515, -0.10509971529245377, -0.035984840244054794, -0.015558627434074879, 0.05024123191833496, 0.01050342246890068, 1.0]
pred step=213 action=[[-0.2647538640225067, 1.7074342124586976, 1.045414280576004, 0.056564357051007624, 0.7779807878922986, 0.500951482089652, 0.03684466677485809, -0.0060245498638811235, -0.11066190580733037, -0.04545934070659208, -0.0194189870241779, 0.05314078978659492, 0.010873514561422437, 1.0385463830546453]] left_gripper=0.03684466677485809 right_gripper=1.0385463830546453
update step=214 qpos=[-0.2637803852558136, 1.7079315185546875, 1.0483689308166504, 0.04717310145497322, 0.772892415523529, 0.5073976516723633, 0.03684466677485809, -0.0059322165325284, -0.10986027866601944, -0.03594054654240608, -0.018923116847872734, 0.05277646332979202, 0.010826588608324528, 1.0]
pred step=214 action=[[-0.2722787383995786, 1.7034202692408589, 1.0261688241073834, 0.11383057622874235, 0.8086851377540571, 0.4616998432526954, 0.03202869819432297, -0.006483785482881449, -0.11421217580162057, -0.047196207110982935, -0.02166254644130036, 0.054732286782184725, 0.01111884873775415, 1.0394242662861155]] left_gripper=0.03202869819432297 right_gripper=1.0394242662861155
update step=215 qpos=[-0.2713768184185028, 1.7039306163787842, 1.0289067029953003, 0.10533075034618378, 0.8041605353355408, 0.46753546595573425, 0.032028698194322976, -0.006424617487937212, -0.11352760344743729, -0.035906340926885605, -0.021307067945599556, 0.05448659136891365, 0.011081807315349579, 1.0]
pred step=215 action=[[-0.27993493638619504, 1.6999927154840013, 1.0057494251787702, 0.17393351168479876, 0.8412362929140726, 0.42069550939261013, 0.025704151416884424, -0.006801994773571934, -0.11573060004485591, -0.048187861836639145, -0.024083211113506284, 0.05540915821461151, 0.011273588685834002, 1.0406757735128858]] left_gripper=0.025704151416884424 right_gripper=1.0406757735128858
update step=216 qpos=[-0.2790384590625763, 1.700425148010254, 1.0085903406143188, 0.16518312692642212, 0.8365523219108582, 0.4266776740550995, 0.02570415141688441, -0.006761095020920038, -0.11531410366296768, -0.03588562458753586, -0.023734716698527336, 0.05529356375336647, 0.011249239556491375, 1.0]
pred step=216 action=[[-0.2874660672082232, 1.6971044616836108, 0.9870159777997282, 0.22748914779755153, 0.8703434124564768, 0.38292001055208047, 0.019345893442015316, -0.006814759171581003, -0.11668996377718566, -0.048839583237685336, -0.026104625883540674, 0.05596578383036244, 0.011352296619565216, 1.042071822188937]] left_gripper=0.019345893442015316 right_gripper=1.042071822188937
update step=217 qpos=[-0.2865786850452423, 1.6974499225616455, 0.9896525144577026, 0.21954160928726196, 0.8660784959793091, 0.3885086476802826, 0.01934589344201532, -0.0068113794550299644, -0.11646299809217453, -0.03591648489236832, -0.025819145143032074, 0.05588099732995033, 0.011339182034134865, 1.0]
pred step=217 action=[[-0.29404091948810596, 1.6952501994614584, 0.9707823641859633, 0.27463147987340236, 0.8953062062732811, 0.3499910058695024, 0.013722698279888035, -0.006385794106970655, -0.11555504927490601, -0.048445627026168614, -0.02686510098333133, 0.055189025851443196, 0.0115544428622128, 1.0432197544379087]] left_gripper=0.013722698279888035 right_gripper=1.0432197544379087
update step=218 qpos=[-0.2932489216327667, 1.6954587697982788, 0.973085343837738, 0.2676060199737549, 0.8916189074516296, 0.3549104928970337, 0.013722698279888028, -0.006436248775571585, -0.11619402468204498, -0.03593654930591583, -0.02674025297164917, 0.05527568608522415, 0.011526898480951786, 1.0]
pred step=218 action=[[-0.30007642379130767, 1.694214216174379, 0.9570574432390959, 0.3168072131934328, 0.9176679706331254, 0.32030138354527476, 0.008537791112106063, -0.0056038446485575655, -0.11181851719514069, -0.04684199714430093, -0.026295217509025467, 0.052648930287637286, 0.011592174048972614, 1.044176284476482]] left_gripper=0.008537791112106063 right_gripper=1.044176284476482
update step=219 qpos=[-0.2993537187576294, 1.6943062543869019, 0.9590169191360474, 0.3105357885360718, 0.9143825769424438, 0.3247218430042267, 0.00853779111210607, -0.005697647109627724, -0.11284209042787552, -0.03593762218952179, -0.026364151388406754, 0.05297910049557686, 0.011583575047552586, 1.0]
pred step=219 action=[[-0.30524939190740563, 1.6931287868553135, 0.9445224683222123, 0.352742077336806, 0.935845863525444, 0.29487606200368965, 0.005058102955382671, -0.004761659374258098, -0.10801508758672207, -0.045241651087977064, -0.024969967411731738, 0.0498961109859592, 0.011784154371956679, 1.0450495405297766]] left_gripper=0.005058102955382671 right_gripper=1.0450495405297766
update step=220 qpos=[-0.3046226501464844, 1.6932172775268555, 0.9462827444076538, 0.34736067056655884, 0.9331415295600891, 0.2986881136894226, 0.005058102955382656, -0.004866291303187609, -0.10899192839860916, -0.03596297651529312, -0.025158807635307312, 0.05028359591960907, 0.011758261360228062, 1.0]
pred step=220 action=[[-0.31001645317347415, 1.6929012403665311, 0.9350068924068108, 0.38057005803756416, 0.9495539977958444, 0.27493709623474466, 0.001832881964869859, -0.0035131463089396187, -0.10104472790127317, -0.042639484242818826, -0.02211116843110073, 0.045548156103763504, 0.011902473744378028, 1.0451854544653105]] left_gripper=0.001832881964869859 right_gripper=1.0451854544653105
update step=221 qpos=[-0.30944058299064636, 1.6928941011428833, 0.9363771677017212, 0.37633687257766724, 0.9474879503250122, 0.27797064185142517, 0.0018328819648698647, -0.0036628111265599728, -0.10224968194961548, -0.03602047264575958, -0.022514915093779564, 0.04614349454641342, 0.011883622966706753, 1.0]
pred step=221 action=[[-0.31435556471652815, 1.6929582409067785, 0.9276369516870389, 0.40272697371854127, 0.9610213423598719, 0.25949665554287843, -0.0011548135261463255, -0.0014047456193308494, -0.08949686625375275, -0.03828877472594616, -0.01606402984155962, 0.03691489163071676, 0.012231704735754634, 1.045220105815122]] left_gripper=-0.0011548135261463255 right_gripper=1.045220105815122
update step=222 qpos=[-0.3138303756713867, 1.6929093599319458, 0.9287016987800598, 0.39936450123786926, 0.9593184590339661, 0.2618565559387207, 0.0, -0.0016506616957485676, -0.09109139442443848, -0.03611011430621147, -0.01690497063100338, 0.03807598352432251, 0.012186489999294281, 1.0]
pred step=222 action=[[-0.31822644036981096, 1.6937230918605848, 0.9222918877906597, 0.4190495061242294, 0.9696301723401404, 0.24777829790470415, -0.0030293181436447103, 0.0016690248052937395, -0.07253271538795059, -0.03189037288598706, -0.007451723329989807, 0.024590562321180287, 0.01304319049482261, 1.045291184767209]] left_gripper=-0.0030293181436447103 right_gripper=1.045291184767209
update step=223 qpos=[-0.31775355339050293, 1.6935982704162598, 0.9230715036392212, 0.4165409803390503, 0.9683330059051514, 0.24957653880119324, 0.0, 0.0013076310278847814, -0.07475176453590393, -0.032339468598365784, -0.008644076064229012, 0.026287203654646873, 0.012932782992720604, 1.0]
pred step=223 action=[[-0.32173501783032726, 1.6952483083231376, 0.9187430704591923, 0.4308728283379194, 0.9750404297347618, 0.23981520319505845, -0.004610878802691287, 0.005456533105094197, -0.05254114232685325, -0.02375984469762049, 0.002512883474767436, 0.010252913140148368, 0.013581809651697752, 1.0449596002827823]] left_gripper=-0.004610878802691287 right_gripper=1.0449596002827823
update step=224 qpos=[-0.3213031589984894, 1.6950314044952393, 0.9192759990692139, 0.429047554731369, 0.9741971492767334, 0.24106210470199585, 0.0, 0.00500342296436429, -0.05520226061344147, -0.024696391075849533, 0.0011184420436620712, 0.01226968877017498, 0.013497679494321346, 1.0]
pred step=224 action=[[-0.324876931115338, 1.6963424643138025, 0.9167503132290278, 0.43834747583052436, 0.9779346315661438, 0.23554357542274051, -0.005551599351824477, 0.01012259622559776, -0.02783025436399733, -0.013423711995071086, 0.01623654088084067, -0.008380248928193279, 0.014659357558230224, 1.0444832238492516]] left_gripper=-0.005551599351824477 right_gripper=1.0444832238492516
update step=225 qpos=[-0.32448676228523254, 1.6961647272109985, 0.9170714020729065, 0.4371657073497772, 0.9774667024612427, 0.2362486571073532, 0.0, 0.009565389715135098, -0.031104901805520058, -0.01466903742402792, 0.014342894777655602, -0.005782215390354395, 0.01450952049344778, 1.0]
pred step=225 action=[[-0.3279118218093292, 1.6973664977506961, 0.9154729196629561, 0.4431176672093008, 0.9793106582272253, 0.23372607390806205, -0.0057434887750376085, 0.015765897714347624, 0.0013416817433282713, -0.0012065157403536864, 0.03303996274624249, -0.030125604581351495, 0.016249676556890524, 1.0443294719980611]] left_gripper=-0.0057434887750376085 right_gripper=1.0443294719980611
update step=226 qpos=[-0.3275375962257385, 1.6972132921218872, 0.9156753420829773, 0.4423608183860779, 0.9790818095207214, 0.23404864966869354, 0.0, 0.015089682303369045, -0.002535696141421795, -0.0026977374218404293, 0.030695490539073944, -0.02706301026046276, 0.016025841236114502, 1.0]
pred step=226 action=[[-0.3309359887738219, 1.698584039287437, 0.9148596121521126, 0.44611649477533977, 0.9798883282943771, 0.23382536806925172, -0.00804431599128741, 0.022680527450219895, 0.03696386878605307, 0.01380006152240254, 0.05336663247712001, -0.05693957385079235, 0.018001441863253587, 1.0444056171127896]] left_gripper=-0.00804431599128741 right_gripper=1.0444056171127896
update step=227 qpos=[-0.33056432008743286, 1.6984144449234009, 0.9149675369262695, 0.44563958048820496, 0.979790210723877, 0.23385436832904816, 0.0, 0.02185293845832348, 0.0322473980486393, 0.011973371729254723, 0.050523895770311356, -0.05318024009466171, 0.017747242003679276, 1.0]
pred step=227 action=[[-0.33373834621960485, 1.6996160193717136, 0.9150240016102666, 0.44776684023548285, 0.9797595608316051, 0.23471399227069686, -0.010937788883327304, 0.030465282500727026, 0.07705292646877504, 0.031030575888495338, 0.07628233898420403, -0.08654791678588225, 0.019784068652853037, 1.0441546116377034]] left_gripper=-0.010937788883327304 right_gripper=1.0441546116377034
update step=228 qpos=[-0.33338919281959534, 1.6994662284851074, 0.9150301218032837, 0.44749876856803894, 0.9797666072845459, 0.23460479080677032, 0.0, 0.029525455087423325, 0.0717095360159874, 0.028918586671352386, 0.07305227965116501, -0.08234888315200806, 0.019521890208125114, 1.0]
pred step=228 action=[[-0.3365274400634855, 1.7006970272931445, 0.9160026541894292, 0.4489655703822336, 0.9806173122394192, 0.23515685725527616, -0.014874873724431414, 0.038517709159436114, 0.11837537559488132, 0.04911266920570434, 0.1005767127886198, -0.11706540678188135, 0.020929962779567435, 1.0441559116870682]] left_gripper=-0.014874873724431414 right_gripper=1.0441559116870682
update step=229 qpos=[-0.33618465065956116, 1.700547218322754, 0.9158989191055298, 0.44878214597702026, 0.9805118441581726, 0.23508687317371368, 0.0, 0.0375363752245903, 0.11281855404376984, 0.0468725748360157, 0.09712356328964233, -0.11269576102495193, 0.0207479540258646, 1.0]
pred step=229 action=[[-0.33915075833180014, 1.7017307402136685, 0.9178895270177774, 0.4490332328746821, 0.980351456470848, 0.23578466758919298, -0.01882615656659592, 0.04811131840198225, 0.16635638695497434, 0.07033753008371468, 0.12779142376899694, -0.1526540700395207, 0.022870369049912076, 1.0444956097581415]] left_gripper=-0.01882615656659592 right_gripper=1.0444956097581415
update step=230 qpos=[-0.33882376551628113, 1.701593041419983, 0.9176638126373291, 0.44900524616241455, 0.9803727865219116, 0.23569580912590027, 0.0, 0.04695513844490051, 0.15998779237270355, 0.06773890554904938, 0.12394586950540543, -0.14762306213378906, 0.022597018629312515, 1.0]
pred step=230 action=[[-0.34033250968991174, 1.7020476353591905, 0.9191680671498007, 0.4480175598328857, 0.9808743041520243, 0.23762827590726457, -0.022573805370566635, 0.05851449353062976, 0.21832548291967435, 0.09340763644900185, 0.15867664102854553, -0.19201916791362605, 0.025432826833668876, 1.0447015656762773]] left_gripper=-0.022573805370566635 right_gripper=1.0447015656762773
update step=231 qpos=[-0.34016069769859314, 1.7019997835159302, 0.9189907312393188, 0.44814518094062805, 0.9808106422424316, 0.23738166689872742, 0.0, 0.057252220809459686, 0.2113962173461914, 0.09057202935218811, 0.15431903302669525, -0.1864267885684967, 0.025068407878279686, 1.0]
pred step=231 action=[[-0.3405328260392178, 1.7016986499656392, 0.9204348110947125, 0.4460284859401381, 0.9818388642424088, 0.23945038489841794, -0.024153601348856912, 0.06862611253056297, 0.26861265956799907, 0.11601007132103724, 0.1883253529231375, -0.23089287166247685, 0.028088288261254202, 1.0446611306159128]] left_gripper=-0.024153601348856912 right_gripper=1.0446611306159128
update step=232 qpos=[-0.34048792719841003, 1.7017370462417603, 0.9202613830566406, 0.4462997019290924, 0.9817079901695251, 0.23918630182743073, 0.0, 0.06738568842411041, 0.2618354260921478, 0.11318840831518173, 0.1840539276599884, -0.22528894245624542, 0.027700630947947502, 1.0]
pred step=232 action=[[-0.3407655131614749, 1.699938393483351, 0.9214221774591629, 0.44278953121947484, 0.9826024832792049, 0.24159369721115898, -0.02579251261573068, 0.07961913343946, 0.32371103400490964, 0.14074985688115538, 0.22157195948929007, -0.27391396045209254, 0.03127520820955659, 1.0452136327361283]] left_gripper=-0.02579251261573068 right_gripper=1.0452136327361283
update step=233 qpos=[-0.3407367169857025, 1.7001512050628662, 0.9212754964828491, 0.4432373344898224, 0.9824908971786499, 0.24128638207912445, 0.0, 0.07828612625598907, 0.3163876533508301, 0.13771109282970428, 0.21686002612113953, -0.26778167486190796, 0.030816739425063133, 1.0]
pred step=233 action=[[-0.3402131316832494, 1.6981496766043347, 0.9241587699252859, 0.43500655910072517, 0.9811144372345584, 0.24620401802590083, -0.027347380893489093, 0.09025656217738229, 0.37730800899710915, 0.16488601195351826, 0.25408914077880324, -0.3148376319582395, 0.03466297215438585, 1.0455786867476338]] left_gripper=-0.027347380893489093 right_gripper=1.0455786867476338
update step=234 qpos=[-0.3402637243270874, 1.6984021663665771, 0.9237985014915466, 0.43605485558509827, 0.981287956237793, 0.2455757111310959, 0.0, 0.08895062655210495, 0.37011778354644775, 0.16188302636146545, 0.24940761923789978, -0.3088997006416321, 0.03417017683386803, 1.0]
pred step=234 action=[[-0.33963710874554887, 1.6966985511251886, 0.9285900465742298, 0.42438903429893915, 0.9789158722499297, 0.25199165636837484, -0.029486375431237777, 0.10087583622819393, 0.4302666867597508, 0.18882543754385256, 0.28595974680200725, -0.3553189514994965, 0.038404888837979934, 1.0461955089782846]] left_gripper=-0.029486375431237777 right_gripper=1.0461955089782846
update step=235 qpos=[-0.33970168232917786, 1.6969242095947266, 0.9280003905296326, 0.4258756637573242, 0.9792135953903198, 0.25117185711860657, 0.0, 0.09957330673933029, 0.42318153381347656, 0.18584968149662018, 0.28136056661605835, -0.34945762157440186, 0.03786276653409004, 1.0]
pred step=235 action=[[-0.3387488469413114, 1.6966290148655727, 0.9362877087255546, 0.4103687282006556, 0.9739187421837762, 0.2607301787363492, -0.031614088360746306, 0.10959711455720844, 0.4734054518111591, 0.20787781128895338, 0.3121407000402399, -0.387797658393941, 0.04213871005380354, 1.0468251716433254]] left_gripper=-0.031614088360746306 right_gripper=1.0468251716433254
update step=236 qpos=[-0.3388423025608063, 1.696704626083374, 0.9352877736091614, 0.4123483896255493, 0.9745815992355347, 0.2595086693763733, 0.0, 0.10850054770708084, 0.46751245856285095, 0.2054291069507599, 0.3082582950592041, -0.38295406103134155, 0.04159189388155937, 1.0]
pred step=236 action=[[-0.33718650440149733, 1.6962760200263065, 0.9448799291409498, 0.3929949227033587, 0.9665911014835122, 0.2707633899750199, -0.0342855618051191, 0.11222743557798529, 0.4884065141512286, 0.21457598528730376, 0.31969522417419244, -0.39941032090188605, 0.04387444568251492, 1.0484748495229574]] left_gripper=-0.0342855618051191 right_gripper=1.0484748495229574
update step=237 qpos=[-0.3373527228832245, 1.6963777542114258, 0.9437193870544434, 0.39546436071395874, 0.9675938487052917, 0.26932501792907715, 0.0, 0.11182491481304169, 0.4859834909439087, 0.21351933479309082, 0.3182425796985626, -0.3973306119441986, 0.04358309507369995, 1.0]
pred step=237 action=[[-0.33508660432381393, 1.6949672237389128, 0.9533177628005238, 0.3734738172082932, 0.9582987579780416, 0.28300594065236306, -0.03466309184348859, 0.11579314123378104, 0.5087232860328867, 0.22362912266643575, 0.32950552242456627, -0.41467515367061897, 0.045427128664571326, 1.0490359143010717]] left_gripper=-0.03466309184348859 right_gripper=1.0490359143010717
update step=238 qpos=[-0.3353206515312195, 1.6951862573623657, 0.9521476626396179, 0.3762781023979187, 0.9594672918319702, 0.28125783801078796, 0.0, 0.11536253988742828, 0.5060627460479736, 0.22249773144721985, 0.3280847370624542, -0.41248106956481934, 0.04519157111644745, 1.0]
pred step=238 action=[[-0.33271908309493614, 1.6929712815928886, 0.9623314807271954, 0.35270364697983425, 0.9496475357564972, 0.2965521191846268, -0.03500122971486663, 0.11984065963686846, 0.5322894334256512, 0.23382897363732286, 0.34145975139960905, -0.4331855541060229, 0.04772956097402353, 1.0497167931691038]] left_gripper=-0.03500122971486663 right_gripper=1.0497167931691038
update step=239 qpos=[-0.3329911231994629, 1.693285584449768, 0.961086630821228, 0.35571008920669556, 0.950883150100708, 0.2945981025695801, 0.0, 0.11935722827911377, 0.52922123670578, 0.23256497085094452, 0.3397712707519531, -0.43056532740592957, 0.04740536957979202, 1.0]
pred step=239 action=[[-0.33021285154230584, 1.6915418756956506, 0.9716403192552329, 0.3311923582410665, 0.9410716296399412, 0.31134458880475874, -0.03561345238965696, 0.12386807298907822, 0.5547055432316996, 0.24379675834431908, 0.3523733009130765, -0.45134688697507863, 0.05021667910400657, 1.0487843480629038]] left_gripper=-0.03561345238965696 right_gripper=1.0487843480629038
update step=240 qpos=[-0.3305055499076843, 1.6918137073516846, 0.970339834690094, 0.33431684970855713, 0.9423055052757263, 0.3092052936553955, 0.0, 0.1233813688158989, 0.5517280101776123, 0.24254110455513, 0.3507823050022125, -0.44871675968170166, 0.04985768720507622, 1.0]
pred step=240 action=[[-0.32715690788138474, 1.6886564900420256, 0.979075808108749, 0.31106263335673595, 0.9328629844682346, 0.3263331532934185, -0.03545626248554512, 0.12813134226408363, 0.5788015912614988, 0.25443273401710403, 0.36459798879824873, -0.4710410018042699, 0.05289267150971344, 1.0487212860227548]] left_gripper=-0.03545626248554512 right_gripper=1.0487212860227548
update step=241 qpos=[-0.32751190662384033, 1.689082145690918, 0.9779892563819885, 0.31402477622032166, 0.9340527653694153, 0.32414546608924866, 0.0, 0.12761974334716797, 0.5756383538246155, 0.25310689210891724, 0.3628534972667694, -0.4682145416736603, 0.052505120635032654, 1.0]
pred step=241 action=[[-0.3230022519827401, 1.6854823203189069, 0.9870394198597665, 0.2879378499760419, 0.9227887043614089, 0.34319858448633994, -0.034479751066703535, 0.13253226839581625, 0.6012545339834054, 0.2647874866094088, 0.3766565586057815, -0.48884500474365444, 0.05563769686344272, 1.04723821695146]] left_gripper=-0.034479751066703535 right_gripper=1.04723821695146
update step=242 qpos=[-0.32347747683525085, 1.6859655380249023, 0.9859058260917664, 0.2912595570087433, 0.9242080450057983, 0.34076496958732605, 0.0, 0.13199816644191742, 0.5982617139816284, 0.2634889781475067, 0.3749149739742279, -0.48623308539390564, 0.05523769184947014, 1.0]
pred step=242 action=[[-0.31822609684565367, 1.6807874064056556, 0.9938793450741771, 0.2643174533936481, 0.9113643772884911, 0.36093825323118095, -0.032353639913214494, 0.13583457095875381, 0.6192107581519413, 0.2730128969698869, 0.3849712432350333, -0.5027995500874871, 0.05721082512343889, 1.0456666360261855]] left_gripper=-0.032353639913214494 right_gripper=1.0456666360261855
update step=243 qpos=[-0.318784236907959, 1.6814515590667725, 0.9928659796714783, 0.267745703458786, 0.9129859209060669, 0.35836175084114075, 0.0, 0.1354183852672577, 0.6167734861373901, 0.27194035053253174, 0.38369929790496826, -0.500701367855072, 0.056958988308906555, 1.0]
pred step=243 action=[[-0.3134055801313264, 1.6767510678251676, 1.0010979190495302, 0.23945777144592095, 0.9004405436665001, 0.37913060108770713, -0.03019748524923238, 0.13972903743412765, 0.6400772076283259, 0.2825410200411216, 0.3955554269167536, -0.5186279353651045, 0.05863515452642992, 1.043214271083086]] left_gripper=-0.03019748524923238 right_gripper=1.043214271083086
update step=244 qpos=[-0.31398189067840576, 1.6773661375045776, 1.0000431537628174, 0.2430550903081894, 0.9020240902900696, 0.37647807598114014, 0.0, 0.13925957679748535, 0.6373596787452698, 0.28135946393013, 0.39405810832977295, -0.5163564682006836, 0.05842099338769913, 1.0]
pred step=244 action=[[-0.30718504631008925, 1.6723867066643747, 1.0080216194408393, 0.21269027274467056, 0.8874382218473512, 0.39824378289458107, -0.0279141362909191, 0.1429390288040527, 0.6586297057624951, 0.29151065827233014, 0.4039959618060512, -0.532335244987646, 0.059374179553682016, 1.0417530241107267]] left_gripper=-0.0279141362909191 right_gripper=1.0417530241107267
update step=245 qpos=[-0.3079058527946472, 1.6730291843414307, 1.0069947242736816, 0.21655155718326569, 0.8892790079116821, 0.3954637050628662, 0.0, 0.1425396054983139, 0.6561542749404907, 0.29037338495254517, 0.4027414321899414, -0.5303090810775757, 0.059252381324768066, 1.0]
pred step=245 action=[[-0.3001033998081215, 1.6670833550885487, 1.0141843018469627, 0.1847672209983195, 0.8733249427843638, 0.41839701728182677, -0.026146382129604517, 0.1456002905156548, 0.6741393179734638, 0.2989376235481235, 0.4112967057183824, -0.5433579814488672, 0.06014253249605994, 1.0383753583572237]] left_gripper=-0.026146382129604517 right_gripper=1.0383753583572237
update step=246 qpos=[-0.3009357750415802, 1.6678318977355957, 1.0132449865341187, 0.18880699574947357, 0.8753401637077332, 0.4154680073261261, 0.0, 0.1452673226594925, 0.6720491647720337, 0.29797667264938354, 0.41021570563316345, -0.541702926158905, 0.06002882495522499, 1.0]
pred step=246 action=[[-0.29236268248286434, 1.6609101681246434, 1.0195306698345636, 0.1573521375108589, 0.858720415503358, 0.43755728823874057, -0.02336243557313289, 0.14784973533512513, 0.6879782145466455, 0.3059364834875213, 0.4179259456712623, -0.5534234868398911, 0.06021955636204823, 1.0365598356465169]] left_gripper=-0.02336243557313289 right_gripper=1.0365598356465169
update step=247 qpos=[-0.2932797372341156, 1.661768913269043, 1.018693447113037, 0.16134732961654663, 0.8608202934265137, 0.43473610281944275, 0.0, 0.1475701779127121, 0.6861253380775452, 0.30504605174064636, 0.416953444480896, -0.5519362688064575, 0.06019502505660057, 1.0]
pred step=247 action=[[-0.2844608337325146, 1.654849860168961, 1.0247889202195852, 0.12918651856519803, 0.8434334049565383, 0.4570407377687568, -0.020193445912391583, 0.15021106784839516, 0.702411904475158, 0.3131340409166488, 0.42468489915323665, -0.5639185945982702, 0.05999654075701588, 1.034934642668338]] left_gripper=-0.020193445912391583 right_gripper=1.034934642668338
update step=248 qpos=[-0.2854062020778656, 1.6557105779647827, 1.023965835571289, 0.13326916098594666, 0.845630943775177, 0.45419198274612427, 0.0, 0.1499251127243042, 0.7005198001861572, 0.3122263252735138, 0.42370858788490295, -0.5623977184295654, 0.06002163141965866, 1.0]
pred step=248 action=[[-0.2760885909644414, 1.6481842366489783, 1.0310797992950829, 0.0982264309556437, 0.824954465600135, 0.47825666458793903, -0.016700113331861166, 0.15121505676273994, 0.7095521433926615, 0.3170100511912451, 0.4271711429897725, -0.5688294612339028, 0.05969679800781935, 1.0338212467759398]] left_gripper=-0.016700113331861166 right_gripper=1.0338212467759398
update step=249 qpos=[-0.2770808935165405, 1.6491113901138306, 1.0301328897476196, 0.10267733782529831, 0.8275684714317322, 0.47518301010131836, 0.0, 0.1510765552520752, 0.7085078954696655, 0.3164672553539276, 0.42673397064208984, -0.5680127143859863, 0.05973820015788078, 1.0]
pred step=249 action=[[-0.2672819507524023, 1.6416281905907626, 1.0383108285417773, 0.06663867165249421, 0.8072613114869698, 0.50023290161216, -0.013638119036605612, 0.1536997144156604, 0.7225426761455472, 0.3230715989463746, 0.4338760735015962, -0.5773521526778815, 0.05981088261417272, 1.0290634457107928]] left_gripper=-0.013638119036605612 right_gripper=1.0290634457107928
update step=250 qpos=[-0.2683285176753998, 1.6425563097000122, 1.0372284650802612, 0.07121574878692627, 0.809827446937561, 0.49703362584114075, 0.0, 0.15341025590896606, 0.7209123969078064, 0.3223327696323395, 0.4329726994037628, -0.5761664509773254, 0.0598013773560524, 1.0]
pred step=250 action=[[-0.2589742063085723, 1.6359606264653455, 1.0456609670389887, 0.034432771470533724, 0.7886537514442786, 0.5233415858133792, -0.00984410445108308, 0.15503253769843112, 0.7304584855391122, 0.3265052408389375, 0.43743308897908567, -0.5820767567250565, 0.05967747745209939, 1.0246125050094177]] left_gripper=-0.00984410445108308 right_gripper=1.0246125050094177
update step=251 qpos=[-0.2599753141403198, 1.6367911100387573, 1.0445371866226196, 0.03910214826464653, 0.7913303375244141, 0.5199819207191467, 0.0, 0.154853954911232, 0.7293554544448853, 0.3260338008403778, 0.43686673045158386, -0.5813261866569519, 0.05969322845339775, 1.0]
pred step=251 action=[[-0.2505749287278046, 1.6309468788294184, 1.0533538780503138, 0.0033540069951018547, 0.7712548930885916, 0.5465254713397802, -0.006213324613333349, 0.15692842196377627, 0.740329068828927, 0.3308610421056345, 0.4430217028204886, -0.5882102168460623, 0.059626516992498824, 1.0197291747943593]] left_gripper=-0.006213324613333349 right_gripper=1.0197291747943593
update step=252 qpos=[-0.25157999992370605, 1.6316779851913452, 1.0521939992904663, 0.007894392125308514, 0.7737915515899658, 0.5431360006332397, 0.0, 0.15669870376586914, 0.7390539050102234, 0.33032548427581787, 0.44224274158477783, -0.5873361825942993, 0.05963478609919548, 1.0]
pred step=252 action=[[-0.24134973174242996, 1.6256126529055313, 1.0600259824942122, -0.027142403139099075, 0.7537256049324625, 0.5689576364220559, -0.0024936981587050377, 0.1581518331386914, 0.7460042386650187, 0.33403846487033606, 0.44681872489606733, -0.5916837506049684, 0.05933007287566572, 1.0151063606979163]] left_gripper=-0.0024936981587050377 right_gripper=1.0151063606979163
update step=253 qpos=[-0.24244040250778198, 1.6263657808303833, 1.0589789152145386, -0.02269580028951168, 0.7562599778175354, 0.5656602382659912, 0.0, 0.15799035131931305, 0.7451930642127991, 0.33363091945648193, 0.44624295830726624, -0.5911319851875305, 0.05936865881085396, 1.0]
pred step=253 action=[[-0.23222307146210913, 1.6226946917447589, 1.0696572525257784, -0.060700032207479576, 0.7343138180069159, 0.5945769050838711, 0.003270307450574661, 0.15923551047075254, 0.751468908460737, 0.3370165772124168, 0.4513254982279599, -0.5947905811703013, 0.05901014994707432, 1.010723227349672]] left_gripper=0.003270307450574661 right_gripper=1.010723227349672
update step=254 qpos=[-0.2333127111196518, 1.623168706893921, 1.0682728290557861, -0.05586911365389824, 0.7370848059654236, 0.590884268283844, 0.0032703074505746597, 0.1590966135263443, 0.7507375478744507, 0.3366439640522003, 0.45068439841270447, -0.594325840473175, 0.05905555188655853, 1.0]
pred step=254 action=[[-0.22308252965876313, 1.618629566559267, 1.077687628856499, -0.09318303610266379, 0.7147856417063199, 0.6183041317128044, 0.0106969801854222, 0.1601472488444004, 0.7544029372104292, 0.3390433095308285, 0.45338845603098493, -0.5956331588929888, 0.05812064838410114, 1.0052599444702928]] left_gripper=0.0106969801854222 right_gripper=1.0052599444702928
update step=255 qpos=[-0.22417399287223816, 1.619191288948059, 1.0764535665512085, -0.08844368904829025, 0.7176031470298767, 0.61480313539505, 0.0106969801854222, 0.16002659499645233, 0.7539778351783752, 0.3387753367424011, 0.45304831862449646, -0.5954672694206238, 0.05823969468474388, 1.0]
pred step=255 action=[[-0.2140157700601415, 1.6171038094734516, 1.0855959679737617, -0.12238236626285282, 0.6977397658529265, 0.6426697320808124, 0.019732096563127355, 0.16146584788775414, 0.7584941504348555, 0.3404925304648252, 0.4576690148392444, -0.596554119209259, 0.057538029633147525, 0.9983898214732523]] left_gripper=0.019732096563127355 right_gripper=0.9983898214732523
update step=256 qpos=[-0.21510359644889832, 1.6173831224441528, 1.0844005346298218, -0.11807110905647278, 0.7002461552619934, 0.6391115784645081, 0.019732096563127344, 0.16129915416240692, 0.757970929145813, 0.34030404686927795, 0.4570824205875397, -0.5964164733886719, 0.05762718990445137, 0.9983898214732523]
pred step=256 action=[[-0.2046924702336308, 1.6147924615696865, 1.0944078740116452, -0.15349896417943332, 0.679538381789624, 0.6678264890448786, 0.0306786921316049, 0.16190383817212606, 0.7575471147734678, 0.34018471117106963, 0.4584948737225222, -0.5938695543774939, 0.056523856770484215, 0.9913445428609567]] left_gripper=0.0306786921316049 right_gripper=0.9913445428609567
update step=257 qpos=[-0.2058037370443344, 1.6151061058044434, 1.0931214094161987, -0.14899393916130066, 0.6821526288986206, 0.6641600728034973, 0.03067869213160489, 0.16182807087898254, 0.7575943470001221, 0.3402053415775299, 0.45831769704818726, -0.5941937565803528, 0.056664347648620605, 0.9913445428609567]
pred step=257 action=[[-0.19462403036522874, 1.6135932689286823, 1.1040803683586202, -0.18574519167108042, 0.6603552158108245, 0.6948008477657658, 0.04209147238394351, 0.16166779032238593, 0.7523386245099339, 0.33756706138424464, 0.4575425906371639, -0.5880959847602608, 0.05544966768338805, 0.9840937281617435]] left_gripper=0.04209147238394351 right_gripper=0.9840937281617435
update step=258 qpos=[-0.1958146095275879, 1.6137934923171997, 1.102666974067688, -0.18107271194458008, 0.6631054282188416, 0.6908885836601257, 0.042091472383943514, 0.16167466342449188, 0.752947211265564, 0.33786898851394653, 0.45764097571372986, -0.588871419429779, 0.05560441315174103, 0.9840937281617435]
pred step=258 action=[[-0.18572085119820947, 1.6144605484943142, 1.1139913918315565, -0.21707839943509705, 0.6424719957828416, 0.721773544978952, 0.05644055242805124, 0.1611005013578764, 0.7463958408775583, 0.33493229195434543, 0.4555189680834443, -0.582069863791822, 0.05374422798106365, 0.9779653010701377]] left_gripper=0.05644055242805124 right_gripper=0.9779653010701377
update step=259 qpos=[-0.18680553138256073, 1.6143993139266968, 1.1125408411026, -0.21249830722808838, 0.6450760364532471, 0.7178307175636292, 0.05644055242805124, 0.16115419566631317, 0.7471534609794617, 0.3352670669555664, 0.45578932762145996, -0.5829340219497681, 0.053981389850378036, 0.9779653010701377]
pred step=259 action=[[-0.17674428589118202, 1.615584420556253, 1.1248365874774677, -0.2517586054964547, 0.6225683418913142, 0.7508500315435196, 0.07211707234289999, 0.1592272507917669, 0.7337052216674614, 0.32981485521622345, 0.44933584583827707, -0.5704381507447538, 0.05183880089180681, 0.971423143605995]] left_gripper=0.07211707234289999 right_gripper=0.971423143605995
update step=260 qpos=[-0.1778162568807602, 1.6154427528381348, 1.1232731342315674, -0.24676227569580078, 0.6254107356071472, 0.7466346025466919, 0.07211707234289998, 0.15942765772342682, 0.7352621555328369, 0.3304324150085449, 0.45015749335289, -0.572024405002594, 0.05211219936609268, 0.971423143605995]
pred step=260 action=[[-0.1679391728611444, 1.6181138268416975, 1.1379520087242603, -0.2870688450250135, 0.6030568946494144, 0.7801636676364136, 0.08750093775999179, 0.15740554314096972, 0.7211334952914177, 0.32429581496347926, 0.4438218667770863, -0.5590611337664028, 0.04983749982125707, 0.9646850270760463]] left_gripper=0.08750093775999179 right_gripper=0.9646850270760463
update step=261 qpos=[-0.16899274289608002, 1.6177961826324463, 1.1361082792282104, -0.28193286061286926, 0.6058793663978577, 0.7758835554122925, 0.08750093775999179, 0.15761590003967285, 0.7227708697319031, 0.32498791813850403, 0.44462621212005615, -0.560706377029419, 0.050127722322940826, 0.9646850270760463]
pred step=261 action=[[-0.15945378914922448, 1.622421046621215, 1.1521633799436044, -0.3220555790380466, 0.5842481826321286, 0.8104572947775606, 0.10379715111452281, 0.15488182250341323, 0.7062390203425803, 0.3180504434333333, 0.43607344521784, -0.5467251954129421, 0.04786218234117079, 0.9583050916719009]] left_gripper=0.10379715111452281 right_gripper=0.9583050916719009
update step=262 qpos=[-0.16047343611717224, 1.6218794584274292, 1.150155782699585, -0.3169386386871338, 0.5869787335395813, 0.8060439229011536, 0.10379715111452281, 0.15517373383045197, 0.7081553339958191, 0.3188309371471405, 0.43715956807136536, -0.5484987497329712, 0.04815136268734932, 0.9583050916719009]
pred step=262 action=[[-0.15064651559681425, 1.625654420360984, 1.167344571794235, -0.36209749676446257, 0.5616953593966135, 0.8416824712611914, 0.12177629365224318, 0.15067331960940433, 0.683731983262601, 0.30826983801512914, 0.42395718739734295, -0.5284384787762372, 0.045997032490112166, 0.9540651928480348]] left_gripper=0.12177629365224318 right_gripper=0.9540651928480348
update step=263 qpos=[-0.1516876369714737, 1.625195860862732, 1.1651890277862549, -0.35634300112724304, 0.5648903250694275, 0.8371330499649048, 0.12177629365224318, 0.1511598527431488, 0.6865659952163696, 0.3094572126865387, 0.42563173174858093, -0.5309820771217346, 0.04627232626080513, 0.9540651928480348]
pred step=263 action=[[-0.1423451974741462, 1.6316663767659492, 1.1857128099076457, -0.4053978998272007, 0.5384692714404503, 0.8759559523901945, 0.14008185797117445, 0.14600615789142954, 0.6581555166541488, 0.2980303213976525, 0.4100528508728129, -0.5087259148028691, 0.04386351411368311, 0.9496053570919861]] left_gripper=0.14008185797117445 right_gripper=0.9496053570919861
update step=264 qpos=[-0.1433374434709549, 1.6308999061584473, 1.183145523071289, -0.3991427421569824, 0.5418089032173157, 0.8710002303123474, 0.14008185797117445, 0.14656493067741394, 0.6614469289779663, 0.2993219792842865, 0.4120328426361084, -0.5115470886230469, 0.04417131468653679, 0.9496053570919861]
pred step=264 action=[[-0.13330937221944125, 1.636045617522542, 1.2032128411563905, -0.4484635630183093, 0.5156519777679658, 0.9097226396662345, 0.15780050596117434, 0.14096149526217894, 0.6330226602309306, 0.2880977480691068, 0.39580510741170694, -0.48937243044128487, 0.04194826943085139, 0.9459634285586196]] left_gripper=0.15780050596117434 right_gripper=0.9459634285586196
update step=265 qpos=[-0.13437223434448242, 1.6354162693023682, 1.200697898864746, -0.4421796500682831, 0.5189583897590637, 0.9047800898551941, 0.15780050596117434, 0.1415727734565735, 0.6363213658332825, 0.289358913898468, 0.39786502718925476, -0.4921809136867523, 0.04223252087831497, 0.9459634285586196]
pred step=265 action=[[-0.12431295219558344, 1.6407614358202791, 1.221550442732068, -0.493801659003633, 0.4909981267651623, 0.9447129562853935, 0.17605330027385901, 0.13493290501344984, 0.6033882102461285, 0.2762268667878439, 0.3779852338896506, -0.46630347065664357, 0.03947245873646876, 0.942206470198687]] left_gripper=0.17605330027385901 right_gripper=0.942206470198687
update step=266 qpos=[-0.1253790557384491, 1.640114665031433, 1.218919277191162, -0.4872308373451233, 0.49453383684158325, 0.9396160840988159, 0.17605330027385901, 0.13565842807292938, 0.6072166562080383, 0.2776975929737091, 0.38050612807273865, -0.4695796072483063, 0.03982550650835037, 0.942206470198687]
pred step=266 action=[[-0.1152113600984427, 1.6448486159764828, 1.239712500941673, -0.5403476097584892, 0.46512446462465784, 0.9801315942138378, 0.19415867324343827, 0.1283874457373144, 0.5716285009166462, 0.2632940082138499, 0.3580209745968513, -0.4413651268958397, 0.036626335970918966, 0.9416230093961281]] left_gripper=0.19415867324343827 right_gripper=0.9416230093961281
update step=267 qpos=[-0.1162872463464737, 1.6442638635635376, 1.2370754480361938, -0.5335947275161743, 0.4688452184200287, 0.9749607443809509, 0.19415867324343827, 0.12918218970298767, 0.5757701992988586, 0.26490476727485657, 0.36086955666542053, -0.44493529200553894, 0.03703557327389717, 0.9416230093961282]
pred step=267 action=[[-0.10573576321766993, 1.6486739293530979, 1.2577978061401152, -0.5862056041262824, 0.4390842954153743, 1.0149291030700303, 0.21064430782793514, 0.12158301725615128, 0.5396473646954133, 0.25022611530092986, 0.3379723402136511, -0.41601336777188946, 0.03383052983719903, 0.9409972246256428]] left_gripper=0.21064430782793514 right_gripper=0.9409972246256428
update step=268 qpos=[-0.10685098171234131, 1.648125410079956, 1.2551624774932861, -0.5795214176177979, 0.44284889101982117, 1.0098283290863037, 0.21064430782793514, 0.12241474539041519, 0.543853223323822, 0.2518713176250458, 0.34087231755256653, -0.419670969247818, 0.034240592271089554, 0.9409972246256428]
pred step=268 action=[[-0.09695910420302702, 1.6512431189547998, 1.2736262699517358, -0.6292874180353224, 0.414317407088588, 1.0474604459147563, 0.22876632409067216, 0.11488483628643063, 0.5076755379850907, 0.23709345806081067, 0.31800588744353797, -0.39108564184378514, 0.031148932624896652, 0.9403671104281907]] left_gripper=0.22876632409067216 right_gripper=0.9403671104281907
update step=269 qpos=[-0.09800927340984344, 1.6508444547653198, 1.271254539489746, -0.6229762434959412, 0.417927622795105, 1.0426582098007202, 0.22876632409067216, 0.11570946127176285, 0.5118915438652039, 0.2387503981590271, 0.3209003806114197, -0.394699364900589, 0.03154454007744789, 0.9403671104281907]
pred step=269 action=[[-0.08784057798121613, 1.6526781694121877, 1.286720998753771, -0.6716576860412301, 0.3881959899336942, 1.0805852590130702, 0.2543941990709914, 0.10733379923891881, 0.47377251620187466, 0.22361674850171848, 0.2967694198955396, -0.36436261306284223, 0.02819486608674271, 0.9392677986138429]] left_gripper=0.2543941990709914 right_gripper=0.9392677986138429
update step=270 qpos=[-0.08891069144010544, 1.6524250507354736, 1.2846941947937012, -0.6654998660087585, 0.39195722341537476, 1.0757461786270142, 0.2543941990709914, 0.10825403034687042, 0.47821834683418274, 0.22531558573246002, 0.29982441663742065, -0.36819517612457275, 0.0286235548555851, 0.9392677986138429]
pred step=270 action=[[-0.07808975426832561, 1.649686905396164, 1.296986080119654, -0.7125497317481778, 0.3616356659069749, 1.111393844531788, 0.2809356239579354, 0.09946873983581338, 0.43863080638555896, 0.2095769768713287, 0.2747052499606765, -0.33693063875352075, 0.025489894029479376, 0.940111176666723]] left_gripper=0.2809356239579354 right_gripper=0.940111176666723
update step=271 qpos=[-0.07922465354204178, 1.6499446630477905, 1.2953369617462158, -0.7066189050674438, 0.3654711842536926, 1.106845736503601, 0.2809356239579354, 0.10043511539697647, 0.44325464963912964, 0.21134084463119507, 0.27788278460502625, -0.3408783972263336, 0.02589116431772709, 0.940111176666723]
pred step=271 action=[[-0.06737449639816588, 1.644570857672225, 1.3047958808237916, -0.751206980827863, 0.3347105409469619, 1.140234448040753, 0.3073954716645643, 0.0915336168425572, 0.4039106831447711, 0.1959236473860949, 0.25246494935315317, -0.3096831571971064, 0.022949243101637984, 0.9417785372557563]] left_gripper=0.3073954716645643 right_gripper=0.9417785372557563
update step=272 qpos=[-0.06861447542905807, 1.64516019821167, 1.3034613132476807, -0.7456075549125671, 0.3385981321334839, 1.1359754800796509, 0.3073954716645643, 0.09251361340284348, 0.4085109829902649, 0.19765153527259827, 0.2556796371936798, -0.31362009048461914, 0.023326171562075615, 0.9417785372557563]
pred step=272 action=[[-0.05647029448779381, 1.635778953403966, 1.3103087764329095, -0.7882838230893393, 0.3072317762099433, 1.1659945781918062, 0.33352189482087763, 0.08333296982887828, 0.36768466097802854, 0.1812590416477627, 0.22982787018081194, -0.28212793011143045, 0.021198257211404115, 0.9444634918423411]] left_gripper=0.33352189482087763 right_gripper=0.9444634918423411
update step=273 qpos=[-0.05774001032114029, 1.6368297338485718, 1.309280514717102, -0.7829452753067017, 0.3111955523490906, 1.1621654033660889, 0.33352189482087763, 0.08434530347585678, 0.37246567010879517, 0.18309517204761505, 0.2330934703350067, -0.2861005663871765, 0.021471474319696426, 0.9444634918423411]
pred step=273 action=[[-0.045423629320933676, 1.625840459073404, 1.314190845838271, -0.8219504693667253, 0.2808069339902869, 1.1894366637908464, 0.35884868855406815, 0.07519191933458359, 0.33161011093168546, 0.1662915573566749, 0.20818085950896908, -0.2548190058660838, 0.0198402066928407, 0.9483824673320892]] left_gripper=0.35884868855406815 right_gripper=0.9483824673320892
update step=274 qpos=[-0.04671039804816246, 1.6271024942398071, 1.3133842945098877, -0.8170879483222961, 0.28464430570602417, 1.1859588623046875, 0.35884868855406815, 0.07620140165090561, 0.3363988399505615, 0.16818013787269592, 0.21132555603981018, -0.2587634325027466, 0.02005014196038246, 0.9483824673320892]
pred step=274 action=[[-0.03319687908127047, 1.611856582830501, 1.3157250751189002, -0.856710147213829, 0.25312946755902244, 1.2118927949574816, 0.38388393495415385, 0.06690338063469906, 0.2941968149984032, 0.15059100852450502, 0.1852180790891515, -0.22668526169657544, 0.01790646021315867, 0.9516001731042877]] left_gripper=0.38388393495415385 right_gripper=0.9516001731042877
update step=275 qpos=[-0.03460071235895157, 1.6135998964309692, 1.3152151107788086, -0.8517914414405823, 0.257106214761734, 1.2085859775543213, 0.38388393495415385, 0.06792835146188736, 0.2991529107093811, 0.15256386995315552, 0.1885102540254593, -0.2307289093732834, 0.018181897699832916, 0.9516001731042877]
pred step=275 action=[[-0.02009436562799463, 1.593767981911932, 1.3137943596819035, -0.8907819459678706, 0.22352881787080886, 1.2321491795183515, 0.41155371782547173, 0.05794129574983928, 0.25327482491699893, 0.13373701237348168, 0.15969015445351295, -0.19640278244361126, 0.016135496161582885, 0.9555778715206145]] left_gripper=0.41155371782547173 right_gripper=0.9555778715206145
update step=276 qpos=[-0.021595817059278488, 1.5960502624511719, 1.3137108087539673, -0.8859716653823853, 0.22776344418525696, 1.2291449308395386, 0.41155371782547173, 0.05904253199696541, 0.2586708068847656, 0.1358484923839569, 0.16332383453845978, -0.2007281333208084, 0.01639876328408718, 0.9555778715206145]
pred step=276 action=[[-0.00683323079508226, 1.5741771812285354, 1.3098118444276348, -0.9237462828766699, 0.19426665879534952, 1.249548366719265, 0.438706850778428, 0.04910042247461355, 0.21381449961149757, 0.11737178424841394, 0.13432027681539835, -0.1667816916375511, 0.014002902680336216, 0.9608649756156165]] left_gripper=0.438706850778428 right_gripper=0.9608649756156165
update step=277 qpos=[-0.008360909298062325, 1.5767028331756592, 1.3100121021270752, -0.9191069602966309, 0.19848854839801788, 1.2469478845596313, 0.438706850778428, 0.05019674450159073, 0.21909849345684052, 0.1194431334733963, 0.13797537982463837, -0.17105714976787567, 0.01431085355579853, 0.9608649756156163]
pred step=277 action=[[0.005455798108035204, 1.553584265079573, 1.3042119600313042, -0.951569970596899, 0.1666891753396921, 1.2625821176693988, 0.4649816997943191, 0.040620375058201943, 0.17643378115605113, 0.1015501262574443, 0.11099681306497487, -0.1386746963035857, 0.012224160906138704, 0.9679289300567637]] left_gripper=0.4649816997943191 right_gripper=0.9679289300567637
update step=278 qpos=[0.004026014357805252, 1.5562539100646973, 1.304661512374878, -0.947605550289154, 0.17069613933563232, 1.2605900764465332, 0.4649816997943191, 0.04167667776346207, 0.1814662367105484, 0.10356110334396362, 0.11439450085163116, -0.14275141060352325, 0.012492637149989605, 0.9679289300567637]
pred step=278 action=[[0.01677623791251863, 1.532367665816007, 1.2978845613982073, -0.9784524640069342, 0.13864530815171705, 1.2754890938021304, 0.48982244170320566, 0.03160967453940611, 0.13709083981361048, 0.08486838439659455, 0.08669891482833847, -0.1102254413279945, 0.010058454473306888, 0.9765209123680278]] left_gripper=0.48982244170320566 right_gripper=0.9765209123680278
update step=279 qpos=[0.015463965013623238, 1.5351231098175049, 1.298455834388733, -0.9746976494789124, 0.14268481731414795, 1.2735908031463623, 0.48982244170320577, 0.03272329643368721, 0.14233586192131042, 0.08696538954973221, 0.09018350392580032, -0.11431825160980225, 0.010371382348239422, 0.9765209123680278]
pred step=279 action=[[0.027154216138043002, 1.5095803267631376, 1.289909147331612, -1.0028050543863136, 0.11102673885675954, 1.2875910502132504, 0.5162524318376798, 0.022588698633640797, 0.09882321108227654, 0.06751486314569966, 0.06346886202049876, -0.0825395619981048, 0.008232519518699521, 0.9863769403948979]] left_gripper=0.5162524318376798 right_gripper=0.9863769403948979
update step=280 qpos=[0.025956660509109497, 1.5125186443328857, 1.2907048463821411, -0.9994040727615356, 0.11501730233430862, 1.2858079671859741, 0.5162524318376798, 0.023711444810032845, 0.1039770245552063, 0.06969595700502396, 0.06682338565587997, -0.08653641492128372, 0.008507841266691685, 0.9863769403948979]
pred step=280 action=[[0.03601502025650746, 1.4895034371562696, 1.2826474900510825, -1.0241961510458286, 0.08594139206644497, 1.2980646508121398, 0.5402229354656304, 0.013950529025582609, 0.06338194543109277, 0.05107587059178087, 0.04200046393578226, -0.05634492069613578, 0.0064287212120134885, 0.9952478338339931]] left_gripper=0.5402229354656304 right_gripper=0.9952478338339931
update step=281 qpos=[0.03498614579439163, 1.49216890335083, 1.2833935022354126, -1.021203875541687, 0.08960677683353424, 1.2965037822723389, 0.5402229354656304, 0.015032419934868813, 0.06819550693035126, 0.05317167192697525, 0.045116499066352844, -0.06014076992869377, 0.006696402560919523, 0.9952478338339931]
pred step=281 action=[[0.04347074183968763, 1.4733985308316864, 1.277249224797718, -1.0434402098138937, 0.06354949390587117, 1.309790256520568, 0.5605825665219831, 0.006422956397152041, 0.031971700471000064, 0.03698252721078232, 0.022323132269676284, -0.03302825384986713, 0.004717394857407686, 1.003120992460147]] left_gripper=0.5605825665219831 right_gripper=1.003120992460147
update step=282 qpos=[0.04260396957397461, 1.4755717515945435, 1.2777934074401855, -1.0407499074935913, 0.06683491170406342, 1.3080979585647583, 0.5605825665219832, 0.007375925779342651, 0.03627011552453041, 0.03880930319428444, 0.02518743835389614, -0.036436498165130615, 0.004972096998244524, 1.0]
pred step=282 action=[[0.04963720484307663, 1.4604280549529984, 1.273763917899253, -1.0597629800310018, 0.043557298141358225, 1.3199961050912283, 0.5787097899775426, -7.255248496504385e-05, 0.004084006153385444, 0.02484377149697703, 0.003114561267273783, -0.012742170321812851, 0.0018550973796040982, 1.0100099060968373]] left_gripper=0.5787097899775426 right_gripper=1.0100099060968373
update step=283 qpos=[0.04892096295952797, 1.4621739387512207, 1.2740933895111084, -1.057456374168396, 0.04649310186505318, 1.3184804916381836, 0.5787097899775426, 0.0007514992612414062, 0.007910947315394878, 0.026408931240439415, 0.005888828542083502, -0.01572052575647831, 0.0022546350955963135, 1.0]
pred step=283 action=[[0.0552045562426115, 1.45562390205918, 1.273673867042896, -1.0726733988462667, 0.029091717826497276, 1.3324181871133476, 0.5937224368422722, -0.004485233437002911, -0.015225460863107054, 0.016751551414285526, -0.011304763786995598, 0.0016293406573242852, -0.0005748771788715579, 1.0150978637441188]] left_gripper=0.5937224368422722 right_gripper=1.0150978637441188
update step=284 qpos=[0.05455487594008446, 1.4564111232757568, 1.2735941410064697, -1.070806860923767, 0.03128359839320183, 1.3306418657302856, 0.5937224368422722, -0.0039075640961527824, -0.012476922944188118, 0.017841577529907227, -0.009138778783380985, -0.0005515273660421371, -0.0002126402105204761, 1.0]
pred step=284 action=[[0.05974178979456357, 1.4529454694077768, 1.274597964818661, -1.0847042867674666, 0.01635406425332181, 1.3443256402449038, 0.6078838927339504, -0.00817259265054976, -0.032010448905100075, 0.009634364886036972, -0.023038469171197076, 0.013812619523924208, -0.001647785053993489, 1.0191902173471383]] left_gripper=0.6078838927339504 right_gripper=1.0191902173471383
update step=285 qpos=[0.059205420315265656, 1.4533350467681885, 1.2743951082229614, -1.0829848051071167, 0.01823536865413189, 1.3425811529159546, 0.6078838927339504, -0.007702518254518509, -0.029685087502002716, 0.010554777458310127, -0.02129022218286991, 0.012006985023617744, -0.0014635883271694183, 1.0]
pred step=285 action=[[0.061784079711182854, 1.459663072182587, 1.2789927582197467, -1.0922422947041186, 0.010964147206762698, 1.356008434884553, 0.6163548521110566, -0.009312508298252226, -0.03781841015425558, 0.007083674053029232, -0.02791990064940582, 0.0182624264612255, -0.0017732709075342634, 1.0205315210690578]] left_gripper=0.6163548521110566 right_gripper=1.0205315210690578
update step=286 qpos=[0.061512574553489685, 1.4589647054672241, 1.2783839702606201, -1.091064214706421, 0.011879980564117432, 1.3542962074279785, 0.6163548521110566, -0.009137392975389957, -0.03685742989182472, 0.007488820236176252, -0.027080953121185303, 0.017476161941885948, -0.0017332774586975574, 1.0]
pred step=286 action=[[0.06302138840020782, 1.4674987856235184, 1.283493819939183, -1.0982295600028422, 0.008041278439563815, 1.366628438560455, 0.624179345792643, -0.00995892043585192, -0.04144537635109402, 0.005452563130729726, -0.03129716777831012, 0.021084764787999755, -0.0021144025645323805, 1.0214070741057952]] left_gripper=0.624179345792643 right_gripper=1.0214070741057952
update step=287 qpos=[0.06286125630140305, 1.4664918184280396, 1.2828799486160278, -1.0972994565963745, 0.00852460227906704, 1.3650555610656738, 0.624179345792643, -0.009870260022580624, -0.04089967533946037, 0.00568224536255002, -0.030765777453780174, 0.020630789920687675, -0.002065506763756275, 1.0]
pred step=287 action=[[0.06327192355652267, 1.4803259663919635, 1.2895352932385564, -1.1031173714626075, 0.007303685509441216, 1.3784103889955823, 0.6309632873477043, -0.010175404338848809, -0.04357055231017992, 0.004035394625096167, -0.031837011634765496, 0.022402401000009287, -0.0013678830941998288, 1.021900532603543]] left_gripper=0.6309632873477043 right_gripper=1.021900532603543
update step=288 qpos=[0.06322618573904037, 1.4787235260009766, 1.2887462377548218, -1.1023365259170532, 0.007457326631993055, 1.3767067193984985, 0.6309632873477043, -0.010143562220036983, -0.043254122138023376, 0.004227814730256796, -0.031703364104032516, 0.022179480642080307, -0.0014566914178431034, 1.0]
pred step=288 action=[[0.06329782024263766, 1.492293962915726, 1.2943294690907237, -1.1079352734107433, 0.0068536138011631165, 1.3893916244191653, 0.6369140960141745, -0.010215041675798758, -0.045811879602988936, 0.0026625696295984325, -0.03255036721941858, 0.023631466109986954, -0.0006390474186921957, 1.0224840922021103]] left_gripper=0.6369140960141745 right_gripper=1.0224840922021103
update step=289 qpos=[0.06328888237476349, 1.4906814098358154, 1.2936928272247314, -1.1071834564208984, 0.0069299256429076195, 1.3877736330032349, 0.6369140960141745, -0.010209880769252777, -0.04550721123814583, 0.002841932000592351, -0.03244592621922493, 0.023448355495929718, -0.0007431498379446566, 1.0]
pred step=289 action=[[0.06350838151225718, 1.505393026718632, 1.300263343134157, -1.113621165304244, 0.006315502714364152, 1.4023928424165182, 0.6442523636580666, -0.010287620707957995, -0.047741773276287924, 0.0009539607382559323, -0.032521655163831945, 0.02488120836109592, 0.00026535932844129473, 1.023044717618935]] left_gripper=0.6442523636580666 right_gripper=1.023044717618935
update step=290 qpos=[0.06348372250795364, 1.5036455392837524, 1.29951012134552, -1.1127583980560303, 0.006392846815288067, 1.4005279541015625, 0.6442523636580666, -0.010281659662723541, -0.047474734485149384, 0.0011700636241585016, -0.03251657262444496, 0.02470051310956478, 0.0001369291712762788, 1.0]
pred step=290 action=[[0.0636716198212853, 1.5193936544179656, 1.306091513070466, -1.1189819822477929, 0.006668655403648138, 1.414274522483882, 0.6483186744707482, -0.010395945144818536, -0.049271354820482394, -0.00017889520647884627, -0.03234890641419576, 0.025661020166898474, 0.0012026349955274185, 1.0235724771867922]] left_gripper=0.6483186744707482 right_gripper=1.0235724771867922
update step=291 qpos=[0.06364833563566208, 1.5175273418426514, 1.3053382635116577, -1.118143081665039, 0.006633209064602852, 1.4125208854675293, 0.6483186744707483, -0.010384729132056236, -0.049059007316827774, -1.8717684724833816e-05, -0.03237167000770569, 0.025540102273225784, 0.0010668965987861156, 1.0]
pred step=291 action=[[0.06368042416186476, 1.535904854786361, 1.3131496866808192, -1.1254002032775223, 0.0076181249328936, 1.4272811109336483, 0.6524394989859552, -0.01038277667394824, -0.05068588405385199, -0.0010666050986215536, -0.03227151517163976, 0.02607327667028858, 0.0019691107774023053, 1.0236910966882342]] left_gripper=0.6524394989859552 right_gripper=1.0236910966882342
update step=292 qpos=[0.06367243081331253, 1.5337315797805786, 1.3122525215148926, -1.1244215965270996, 0.00749314995482564, 1.4253978729248047, 0.6524394989859552, -0.010384313762187958, -0.05049321800470352, -0.0009429847705177963, -0.0322854146361351, 0.02600608952343464, 0.001854179659858346, 1.0]
pred step=292 action=[[0.06344560791255244, 1.5533817379385693, 1.321141472089073, -1.1319276240225098, 0.00887492602746881, 1.4405970645184092, 0.6544985935388705, -0.010375181343350859, -0.0516138520107311, -0.0014394918603469753, -0.03145734639058652, 0.026243310844671852, 0.0031204392409716064, 1.0233691162970384]] left_gripper=0.6544985935388705 right_gripper=1.0233691162970384
update step=293 qpos=[0.06346500664949417, 1.5510425567626953, 1.3201318979263306, -1.1309096813201904, 0.008700311183929443, 1.4386578798294067, 0.6544985935388705, -0.010376964695751667, -0.05148383975028992, -0.001373583567328751, -0.03156082704663277, 0.026213515549898148, 0.002959068398922682, 1.0]
pred step=293 action=[[0.06300329191953075, 1.5714737505980643, 1.328862481673117, -1.138756605551968, 0.010404987802174415, 1.4549000481825716, 0.6583270431622728, -0.010232402450166128, -0.05229740372602898, -0.001557985854342414, -0.030778065968658334, 0.026572819106415124, 0.003991056144480365, 1.0232225226590728]] left_gripper=0.6583270431622728 right_gripper=1.0232225226590728
update step=294 qpos=[0.0630476325750351, 1.5690425634384155, 1.3278692960739136, -1.1376949548721313, 0.010189887136220932, 1.4528279304504395, 0.6583270431622728, -0.010250294581055641, -0.05220288038253784, -0.0015312758041545749, -0.03087594173848629, 0.026527270674705505, 0.003859563497826457, 1.0]
pred step=294 action=[[0.06209416623621716, 1.5891189942549908, 1.3366569950549811, -1.1454572977782083, 0.011630285100583448, 1.4681467703847741, 0.660589618669923, -0.010050490094842102, -0.052806241278668176, -0.001785645821303472, -0.030301353037268497, 0.027164495925165566, 0.004318832582017429, 1.0231363843232784]] left_gripper=0.660589618669923 right_gripper=1.0231363843232784
update step=295 qpos=[0.06219259276986122, 1.5867133140563965, 1.3356666564941406, -1.1444061994552612, 0.01144979428499937, 1.4661922454833984, 0.660589618669923, -0.010075333528220654, -0.052734941244125366, -0.0017551573691889644, -0.030374344438314438, 0.02708364464342594, 0.004260356072336435, 1.0]
pred step=295 action=[[0.06113837963556484, 1.6090266413864693, 1.346534371890581, -1.1529849968365125, 0.013188713006318797, 1.4830428496499377, 0.6626154087733046, -0.009966426835617909, -0.05359725078234756, -0.00221489243642492, -0.02939490520745316, 0.027773514450544434, 0.004846137252895066, 1.0224192476085523]] left_gripper=0.6626154087733046 right_gripper=1.0224192476085523
update step=296 qpos=[0.06124791502952576, 1.606367826461792, 1.3452959060668945, -1.1518195867538452, 0.012970440089702606, 1.4808930158615112, 0.6626154087733046, -0.009980716742575169, -0.0534961111843586, -0.002157530514523387, -0.029518915340304375, 0.027686230838298798, 0.00477151945233345, 1.0]
pred step=296 action=[[0.059782553386229675, 1.6270268301019801, 1.3543275412787112, -1.159655599686762, 0.0150680956521696, 1.4954467312911177, 0.6637074651864925, -0.009954407160007811, -0.05484376174167138, -0.0027469827397225144, -0.0281383468555629, 0.028583466908019994, 0.005250230781546239, 1.0218687359085046]] left_gripper=0.6637074651864925 right_gripper=1.0218687359085046
update step=297 qpos=[0.05993569642305374, 1.6245461702346802, 1.3533122539520264, -1.158592939376831, 0.014805256389081478, 1.493590235710144, 0.6637074651864925, -0.009959439747035503, -0.054686129093170166, -0.002671436406672001, -0.028312457725405693, 0.02847013622522354, 0.005189295392483473, 1.0]
pred step=297 action=[[0.05884146453786615, 1.6452222642224101, 1.3620816507529079, -1.166404127615587, 0.01684568904164413, 1.5087168499695556, 0.6651573440145668, -0.010144526253766079, -0.056759544446431165, -0.003266224230192183, -0.026975248589628298, 0.02932604340236189, 0.005463866410993556, 1.0214980380267114]] left_gripper=0.6651573440145668 right_gripper=1.0214980380267114
update step=298 qpos=[0.05895640328526497, 1.642743706703186, 1.361092448234558, -1.1653460264205933, 0.016589170321822166, 1.506786823272705, 0.6651573440145668, -0.010124648921191692, -0.056516505777835846, -0.0031885497737675905, -0.027142895385622978, 0.029218364506959915, 0.005428975913673639, 1.0]
pred step=298 action=[[0.05776841046306097, 1.662168753862129, 1.3686633845132294, -1.171809774438502, 0.018310857188056973, 1.520194889172398, 0.6634884075944123, -0.010186026894732692, -0.05873545021389992, -0.003868002387394598, -0.025853136211809832, 0.03028251029725937, 0.005610036062540791, 1.0211831653652976]] left_gripper=0.6634884075944123 right_gripper=1.0211831653652976
update step=299 qpos=[0.05789340287446976, 1.6598299741744995, 1.367822289466858, -1.1709262132644653, 0.018095027655363083, 1.5184845924377441, 0.6634884075944123, -0.010181133635342121, -0.05847441032528877, -0.003782763611525297, -0.026015503332018852, 0.030148250982165337, 0.005587058607488871, 1.0]
pred step=299 action=[[0.057202422632272265, 1.677084673488101, 1.3742584161667115, -1.1763025223845425, 0.02007572238809524, 1.531109090768894, 0.6599846612159672, -0.010445625948439619, -0.06013211367795179, -0.004755980015586414, -0.025081016020369426, 0.031332895682402606, 0.005778097542528893, 1.0210838193118064]] left_gripper=0.6599846612159672 right_gripper=1.0210838193118064
