policy_step,act_chunk_number,act_chunk_index,act_chunk_refresh,act_action_14d,left_arm_joints,left_gripper,right_arm_joints,right_gripper,left_end_effector_pose,right_end_effector_pose,coin_position,coin_orientation_wxyz,coin_z_delta,reward,score,success,episode_ended,max_internal_tracking_error
1,0,0,True,"[-0.017328508570074064,0.0019016834230001223,-0.005926777840493003,-0.03118202516884594,-0.03315340568623526,0.056763470665430305,1.0158787741070832,0.0010770958805252917,-0.05116063361721501,0.0010971932092118664,-0.05450453537148903,-0.011406663508637394,-0.029039063602347426,1.0003455658499192]","[-0.01523261982947588,0.001774882199242711,-0.005499129183590412,-0.02730930969119072,-0.028921348974108696,0.04952635616064072]",0.04399999976158142,"[0.000977568095549941,-0.04506569355726242,0.0008721373742446303,-0.04756519943475723,-0.009971189312636852,-0.025337619706988335]",0.04399987310171127,"[-0.29887309670448303,-0.3519745171070099,0.9168418645858765,0.7021187543869019,0.0054312716238200665,0.030115192756056786,0.7114019989967346]","[0.3000900149345398,-0.35486340522766113,0.9206409454345703,0.7030537724494934,-0.009480205364525318,-0.008430090732872486,0.7110233902931213]","[-0.30055955052375793,-0.13075155019760132,0.7805474400520325]","[0.034793272614479065,0.14891856908798218,0.6945655941963196,0.7029874324798584]",5.960464477539063e-08,0.0,0.0,False,False,0.011330608278512955
2,0,1,False,"[-0.01693657988174717,0.023165652974066253,0.007406869799150395,-0.04138230237867663,-0.03527362544809565,0.07825464681166394,1.0189846354364729,0.0012607612415803382,-0.051288291038494416,0.00121624580420987,-0.0536108235311043,-0.011136521670661426,-0.028067376939427513,1.001241277554644]","[-0.016729647293686867,0.02058817632496357,0.00598919577896595,-0.0395522266626358,-0.03446583449840546,0.07459468394517899]",0.04399999976158142,"[0.0012306743301451206,-0.05055318400263786,0.0011560642160475254,-0.05284537002444267,-0.010991083458065987,-0.02772090584039688]",0.043999768793582916,"[-0.2988808751106262,-0.35161659121513367,0.9181194305419922,0.7006521224975586,0.007482003420591354,0.04620392993092537,0.7119660377502441]","[0.3000369071960449,-0.35518622398376465,0.9206379652023315,0.7025917172431946,-0.010138661600649357,-0.00945791881531477,0.7114579677581787]","[-0.300559401512146,-0.13075119256973267,0.7805474400520325]","[0.03478574380278587,0.14891427755355835,0.6945751905441284,0.7029792070388794]",5.960464477539063e-08,0.0,0.0,False,False,0.005729936063289642
3,0,2,False,"[-0.019909328734233248,0.08939558499525246,0.05370919544098374,-0.0849609880081079,-0.04604496883854675,0.14706407987352427,1.0249824369368903,-0.0001779722683061813,-0.05103036964693175,-0.0056545172037528735,-0.05142474617582647,-0.009823483730910187,-0.025963992533020785,1.0053847385566914]","[-0.01952309161424637,0.08122595399618149,0.04810226708650589,-0.07912250608205795,-0.04456639662384987,0.13782647252082825]",0.04399999976158142,"[-1.4999285667727236e-05,-0.05094585195183754,-0.0049269190058112144,-0.05164187401533127,-0.009968118742108345,-0.026187922805547714]",0.0439983569085598,"[-0.29887378215789795,-0.3503498136997223,0.9239474534988403,0.6979785561561584,0.009705956093966961,0.09003731608390808,0.7103695869445801]","[0.3001844584941864,-0.3547959327697754,0.9187238216400146,0.7033825516700745,-0.011188890784978867,-0.00730854831635952,0.710685670375824]","[-0.30055922269821167,-0.13075074553489685,0.7805474996566772]","[0.03478223457932472,0.14891687035560608,0.6945885419845581,0.7029656171798706]",1.1920928955078125e-07,0.0,0.0,False,False,0.01446273922920227
4,0,3,False,"[-0.021048152065697927,0.1529225331070635,0.0996468306097325,-0.1292829078414273,-0.055579288206628163,0.21396685522754796,1.0340291583807861,-0.0010692667029703062,-0.04702642570817528,-0.008045750867834878,-0.04847189814485704,-0.006936443581946894,-0.02227850929408287,1.010950425615456]","[-0.020859885960817337,0.1444558948278427,0.09352686256170273,-0.12284886837005615,-0.05417449772357941,0.2042635679244995]",0.04399999976158142,"[-0.000952432572375983,-0.047495272010564804,-0.007664872799068689,-0.048880867660045624,-0.007316878531128168,-0.02277655154466629]",0.04399760067462921,"[-0.29898062348365784,-0.3485148847103119,0.9302464723587036,0.6949092745780945,0.011883785016834736,0.13629774749279022,0.7059621810913086]","[0.3003506660461426,-0.35443150997161865,0.9178022146224976,0.7046564221382141,-0.011212402954697609,-0.004866879899054766,0.7094432711601257]","[-0.30055949091911316,-0.1307511031627655,0.7805474400520325]","[0.03479164466261864,0.14892078936100006,0.6945769190788269,0.702975869178772]",5.960464477539063e-08,0.0,0.0,False,False,0.015191808342933655
5,0,4,False,"[-0.02414561198270302,0.2416727848289888,0.16268869727879565,-0.18419539334766855,-0.06006242873056317,0.2951976108919032,1.0386915538420074,-0.003501645411990467,-0.05096068106648932,-0.011841191047178734,-0.044716300797177526,-0.004558070083535037,-0.01498285749998507,1.015810498576157]","[-0.0237671360373497,0.23018701374530792,0.15454454720020294,-0.17629097402095795,-0.059299323707818985,0.28360939025878906]",0.04399999976158142,"[-0.003209317335858941,-0.05055348575115204,-0.011332730762660503,-0.045248083770275116,-0.004900430794805288,-0.01597587950527668]",0.04399649426341057,"[-0.2987489402294159,-0.34490764141082764,0.9389668107032776,0.6939343214035034,0.013120233081281185,0.19241148233413696,0.6937296390533447]","[0.30063655972480774,-0.3543505072593689,0.9171403050422668,0.706358790397644,-0.007765257265418768,-0.0035146137233823538,0.7078025341033936]","[-0.3005593717098236,-0.13075104355812073,0.7805474996566772]","[0.034787967801094055,0.14891627430915833,0.6945799589157104,0.7029740214347839]",1.1920928955078125e-07,0.0,0.0,False,False,0.019368037581443787
6,0,5,False,"[-0.026808360157943155,0.3406249654353645,0.23109867816463164,-0.24476832704998877,-0.06479771179454763,0.3886192603936665,1.0502596623067133,-0.0051559134853984,-0.04844435423258209,-0.013262621917025097,-0.04143916256026628,-0.0024089250306819077,-0.0098873177095124,1.0207443263623621]","[-0.02646607533097267,0.32762956619262695,0.22205860912799835,-0.23594096302986145,-0.06408166885375977,0.375237375497818]",0.04399999976158142,"[-0.004933682736009359,-0.04869639500975609,-0.013030173256993294,-0.0419275239109993,-0.0027189075481146574,-0.010662824846804142]",0.04399612545967102,"[-0.2984582185745239,-0.3393632769584656,0.9479603171348572,0.6928710341453552,0.014880952425301075,0.25566452741622925,0.6740502715110779]","[0.30086565017700195,-0.35414478182792664,0.9167446494102478,0.7077572345733643,-0.005978740751743317,-0.0015446026809513569,0.7064286470413208]","[-0.30055949091911316,-0.13075149059295654,0.7805473208427429]","[0.03478788211941719,0.14891399443149567,0.6945667266845703,0.702987551689148]",-5.960464477539063e-08,0.0,0.0,False,False,0.022023320198059082
7,0,6,False,"[-0.03226324469939271,0.45476251609773755,0.3123657636061431,-0.31509984684557335,-0.06653008544915873,0.49090075696246516,1.0596823211579443,-0.006691953466575085,-0.04193866755381259,-0.014699047680412969,-0.03954965638337975,0.0005803777914466512,-0.007185057112725102,1.0251218872227537]","[-0.031611453741788864,0.4398227632045746,0.3017690181732178,-0.30485135316848755,-0.06619354337453842,0.4761617183685303]",0.04399999976158142,"[-0.00649293465539813,-0.04273160919547081,-0.014524169266223907,-0.03986644372344017,0.00016753195086494088,-0.007627752609550953]",0.04399675503373146,"[-0.29769396781921387,-0.33120062947273254,0.958241879940033,0.6933860778808594,0.016429845243692398,0.32361137866973877,0.6436002850532532]","[0.3011011481285095,-0.3537474274635315,0.9159824848175049,0.7093181610107422,-0.006814946886152029,0.0014462970430031419,0.7048539519309998]","[-0.30055949091911316,-0.1307511329650879,0.7805474996566772]","[0.03479041904211044,0.14891456067562103,0.6945763826370239,0.7029777765274048]",1.1920928955078125e-07,0.0,0.0,False,False,0.02540665864944458
8,0,7,False,"[-0.037878976790095734,0.5844796048252434,0.40549431639719363,-0.3964939871718116,-0.06658687301501642,0.6086258643612066,1.0685921398116363,-0.008348335575041499,-0.03505540360591719,-0.01257080500091834,-0.04165978948985268,0.0015677703668902088,-0.009817784291207943,1.0318406535832736]","[-0.037186149507761,0.5675321817398071,0.393349826335907,-0.3845933973789215,-0.06650899350643158,0.5917450785636902]",0.04399999976158142,"[-0.008133229799568653,-0.03596743196249008,-0.012795927003026009,-0.04143132269382477,0.0013945185346528888,-0.009538106620311737]",0.043996307998895645,"[-0.29661622643470764,-0.3197129964828491,0.9688759446144104,0.6942954063415527,0.01858634501695633,0.3970062732696533,0.5999953150749207]","[0.3012963831424713,-0.3535158038139343,0.9159024953842163,0.7102924585342407,-0.009822456166148186,0.00311986799351871,0.7038311958312988]","[-0.3005593717098236,-0.1307508945465088,0.7805474996566772]","[0.03478740155696869,0.14891481399536133,0.6945840120315552,0.7029702663421631]",1.1920928955078125e-07,0.0,0.0,False,False,0.02897930145263672
9,0,8,False,"[-0.04238211281332126,0.7109806835174703,0.49650596422946186,-0.4759062117506636,-0.06654632593778809,0.72507146432729,1.0756773962681807,-0.009657439597453105,-0.028749862296234774,-0.012755954120245105,-0.042882818214089326,0.00176139471929454,-0.012196195667138698,1.0356873691782011]","[-0.041819918900728226,0.694243311882019,0.484436571598053,-0.46401306986808777,-0.06651792675256729,0.708080530166626]",0.04399999976158142,"[-0.009478989988565445,-0.0295941811054945,-0.012789993546903133,-0.0427117794752121,0.001717877108603716,-0.0118572311475873]",0.04399637132883072,"[-0.2954486310482025,-0.3061528205871582,0.9778553247451782,0.6946361064910889,0.021360106766223907,0.4650093913078308,0.5484437346458435]","[0.30143851041793823,-0.35320162773132324,0.9152921438217163,0.710821807384491,-0.013339702039957047,0.00502465944737196,0.7032275795936584]","[-0.30055949091911316,-0.13075147569179535,0.7805473208427429]","[0.03478753939270973,0.1489136964082718,0.6945674419403076,0.7029868960380554]",-5.960464477539063e-08,0.0,0.0,False,False,0.028798818588256836
10,0,9,False,"[-0.04832901590343746,0.8581287659628193,0.6007049511932964,-0.5669862211884998,-0.06583311825697968,0.8536349590115566,1.0856307167250807,-0.010235936046657151,-0.022565384504990793,-0.013005865811857142,-0.043605575570292036,0.00513436708846593,-0.012556443566559827,1.040135272225098]","[-0.047621775418519974,0.8390374183654785,0.5871708393096924,-0.5535122752189636,-0.06589678674936295,0.8350837826728821]",0.04399999976158142,"[-0.01015413086861372,-0.02339230105280876,-0.012996034696698189,-0.04350198805332184,0.004704013001173735,-0.012467133812606335]",0.043997593224048615,"[-0.2937508523464203,-0.2883341610431671,0.9854077696800232,0.6949419379234314,0.022777315229177475,0.5334743857383728,0.4816035330295563]","[0.3015933632850647,-0.35288748145103455,0.9146682620048523,0.7120499014854431,-0.016112836077809334,0.007358917500823736,0.7019052505493164]","[-0.30055949091911316,-0.1307513415813446,0.7805474996566772]","[0.034790799021720886,0.1489146202802658,0.694571316242218,0.7029827833175659]",1.1920928955078125e-07,0.0,0.0,False,False,0.03305232524871826
11,0,10,False,"[-0.05832013628640195,1.0222328946170918,0.7213834609822285,-0.6635420281199934,-0.06295983572452807,0.9881996451735741,1.0975123595128315,-0.009863102517196687,-0.014105736859193918,-0.013439998302832157,-0.0392074662749453,0.006263461202501874,-0.013466492696078858,1.0431458509867473]","[-0.057134632021188736,0.9998859763145447,0.7059484124183655,-0.6490361094474792,-0.06330614537000656,0.968683123588562]",0.04399999976158142,"[-0.009900378994643688,-0.01520736888051033,-0.013382967561483383,-0.039759885519742966,0.006065886002033949,-0.013339050114154816]",0.043996404856443405,"[-0.29082971811294556,-0.2654053866863251,0.9920349717140198,0.6959935426712036,0.02571476250886917,0.5950575470924377,0.4010463356971741]","[0.30161231756210327,-0.35245323181152344,0.9142649173736572,0.7123895883560181,-0.01813911832869053,0.008756443858146667,0.7014949917793274]","[-0.3005593419075012,-0.13075098395347595,0.7805474996566772]","[0.03478807583451271,0.14891846477985382,0.6945821046829224,0.702971339225769]",1.1920928955078125e-07,0.0,0.0,False,False,0.03819715976715088
12,0,11,False,"[-0.06502184970851847,1.181702189067722,0.8375800721928917,-0.7550436490325549,-0.059022822936726727,1.1165695115269483,1.1062200749633764,-0.008559587634907606,-0.0037751387245857915,-0.009117332014295654,-0.03556912654308764,0.0061241006482479765,-0.01599712947671872,1.0467157106179052]","[-0.064167819917202,1.1597142219543457,0.8224578499794006,-0.7410001158714294,-0.059549372643232346,1.0977176427841187]",0.04399999976158142,"[-0.00871648546308279,-0.005147335585206747,-0.009572924114763737,-0.036086972802877426,0.006113800685852766,-0.015658432617783546]",0.043996840715408325,"[-0.28782010078430176,-0.2404145449399948,0.9941203594207764,0.6961495280265808,0.027251485735177994,0.6441052556037903,0.3158503472805023]","[0.3015007972717285,-0.3521401882171631,0.91513991355896,0.7119444012641907,-0.01988024078309536,0.008843752555549145,0.7018985748291016]","[-0.30055946111679077,-0.13075116276741028,0.7805474996566772]","[0.034789711236953735,0.14891529083251953,0.6945760250091553,0.7029779553413391]",1.1920928955078125e-07,0.0,0.0,False,False,0.03789043426513672
13,0,12,False,"[-0.06525569836922346,1.3343825136878018,0.9500445308178626,-0.8432522434297642,-0.052516336382411044,1.2411297754892412,1.1125949515270899,-0.007113408381017289,0.005607087208203909,-0.007177974171015289,-0.03229309639276644,0.005703911818652652,-0.017272442510512465,1.0488163163955424]","[-0.0651874914765358,1.3139797449111938,0.9354434013366699,-0.8296231031417847,-0.053408071398735046,1.2228437662124634]",0.04399999976158142,"[-0.007299994584172964,0.004335426725447178,-0.007465220056474209,-0.032778963446617126,0.005752208177000284,-0.017067011445760727]",0.04399827495217323,"[-0.28576621413230896,-0.21484500169754028,0.9919623732566833,0.6957831978797913,0.027119077742099762,0.6798861026763916,0.23001109063625336]","[0.30135446786880493,-0.3517574369907379,0.9154402017593384,0.7112631797790527,-0.021820232272148132,0.009775158949196339,0.7025189995765686]","[-0.3005594313144684,-0.13075131177902222,0.7805474400520325]","[0.034788042306900024,0.1489168107509613,0.6945725679397583,0.7029811143875122]",5.960464477539063e-08,0.0,0.0,False,False,0.03584599494934082
14,0,13,False,"[-0.06867286568430415,1.467154067199568,1.0489954034569235,-0.919621436467702,-0.04583233652045893,1.3407955067439132,1.1043578902781999,-0.0055139654594219545,0.012233595923494045,-0.004986385683248495,-0.029498131126634932,0.005563581140707929,-0.016518774841772443,1.0495617332194742]","[-0.06832201778888702,1.44916832447052,1.0360335111618042,-0.9075872302055359,-0.04678894951939583,1.3257557153701782]",0.04399999976158142,"[-0.005722817033529282,0.011292321607470512,-0.0052606877870857716,-0.029910145327448845,0.005583780352026224,-0.01658896543085575]",0.043999671936035156,"[-0.2832627594470978,-0.19177773594856262,0.9868136644363403,0.695999264717102,0.02558661252260208,0.7009336352348328,0.1536954641342163]","[0.30119600892066956,-0.3514995574951172,0.9159268140792847,0.7106339931488037,-0.022321905940771103,0.0105925677344203,0.7031278014183044]","[-0.30055952072143555,-0.13075138628482819,0.7805474400520325]","[0.03478822484612465,0.14891234040260315,0.6945695877075195,0.7029851078987122]",5.960464477539063e-08,0.0,0.0,False,False,0.03164362907409668
15,0,14,False,"[-0.07241571922616363,1.5766993096233746,1.126074283118676,-0.9775175285650436,-0.04260202273344105,1.4249496216431388,1.0868005828173841,-0.0044937607761429965,0.01593801859907007,-0.004485257481246063,-0.02672655276825319,0.0060065018555614524,-0.018068894329870244,1.047741664694579]","[-0.0719832256436348,1.561683177947998,1.1158097982406616,-0.9681265354156494,-0.04312795400619507,1.4123005867004395]",0.04399999976158142,"[-0.004638241603970528,0.015387583523988724,-0.004573208745568991,-0.02713179588317871,0.005950339138507843,-0.017880301922559738]",0.043999794870615005,"[-0.2808421552181244,-0.17277291417121887,0.9788716435432434,0.6953142881393433,0.024970032274723053,0.7127962112426758,0.08852139860391617]","[0.30110058188438416,-0.35131141543388367,0.9161087870597839,0.7103596925735474,-0.02301306277513504,0.01034681499004364,0.7033863067626953]","[-0.3005594313144684,-0.13075123727321625,0.7805474400520325]","[0.03478696569800377,0.14891377091407776,0.6945737600326538,0.702980637550354]",5.960464477539063e-08,0.0,0.0,False,False,0.02652883529663086
16,0,15,False,"[-0.079591998949493,1.6659744175108737,1.1859038211784694,-1.0225068119798435,-0.038194015718643004,1.4881840091105993,1.0588795927571328,-0.0043694510657401875,0.015565133090612027,-0.005732537557309514,-0.023765773379878435,0.0076525044940350395,-0.01857796922841759,1.044722759354331]","[-0.07877040654420853,1.6536263227462769,1.1779407262802124,-1.015182375907898,-0.038807764649391174,1.4785077571868896]",0.04399999976158142,"[-0.004404235631227493,0.015543772839009762,-0.005591171327978373,-0.024195004254579544,0.007436743937432766,-0.018489010632038116]",0.0439993217587471,"[-0.27765125036239624,-0.15784677863121033,0.9698107838630676,0.6951389312744141,0.023882880806922913,0.7176380157470703,0.03474181890487671]","[0.3011208474636078,-0.351243257522583,0.9160314202308655,0.7108132243156433,-0.022623587399721146,0.009500409476459026,0.7029526829719543]","[-0.3005593717098236,-0.13075096905231476,0.7805474996566772]","[0.03478759899735451,0.1489158570766449,0.694581925868988,0.7029721140861511]",1.1920928955078125e-07,0.0,0.0,False,False,0.02184736728668213
17,0,16,False,"[-0.08313305509308017,1.7314503830497672,1.2279376404197695,-1.0552253794500208,-0.03612029308005987,1.5393989133229677,1.018269498164957,-0.004234593168302825,0.01234742382915599,-0.007340464134097058,-0.022540446244203195,0.010233328778011586,-0.017001698285994404,1.0407834911267138]","[-0.0826537013053894,1.7221548557281494,1.2222859859466553,-1.049834132194519,-0.03645547106862068,1.5316344499588013]",0.04399999976158142,"[-0.004260620567947626,0.012725434266030788,-0.007130270358175039,-0.022751126438379288,0.009879831224679947,-0.017191192135214806]",0.04399868845939636,"[-0.2755686342716217,-0.14727391302585602,0.9615394473075867,0.694377601146698,0.023354286327958107,0.7191985249519348,-0.0069041782990098]","[0.30117708444595337,-0.35130810737609863,0.9158653020858765,0.7116644978523254,-0.021225085482001305,0.008983112871646881,0.7021412253379822]","[-0.30055928230285645,-0.13075105845928192,0.7805474996566772]","[0.03478410840034485,0.14891822636127472,0.6945802569389343,0.702973484992981]",1.1920928955078125e-07,0.0,0.0,False,False,0.01641225814819336
18,0,17,False,"[-0.0885375556821808,1.7800767678227793,1.2572266245428105,-1.0773352656211879,-0.03553113806224967,1.5785753787162833,0.9656862347518602,-0.004801459068061897,0.007375033307338019,-0.007228694008321934,-0.02284079632436107,0.013190699851905519,-0.014669316958545842,1.038222243271706]","[-0.0878993421792984,1.7731354236602783,1.2532894611358643,-1.0736217498779297,-0.035639069974422455,1.5725899934768677]",0.0432790145277977,"[-0.004745450336486101,0.008000917732715607,-0.007195235695689917,-0.022819453850388527,0.012773878872394562,-0.014990482479333878]",0.043997783213853836,"[-0.2732921242713928,-0.1398330181837082,0.9543564319610596,0.6933063268661499,0.02426309511065483,0.7191669940948486,-0.039195697754621506]","[0.30130764842033386,-0.3515459895133972,0.9162077903747559,0.7129176259040833,-0.01883944496512413,0.00812989380210638,0.7009474039077759]","[-0.30055952072143555,-0.13075153529644012,0.7805473208427429]","[0.034788839519023895,0.14891363680362701,0.6945657134056091,0.7029886245727539]",-5.960464477539063e-08,0.0,0.0,False,False,0.012273073196411133
19,0,18,False,"[-0.09260938346133592,1.816446617483781,1.2774806943422614,-1.094008505368836,-0.03588240376212287,1.6082892538261497,0.8998149021552215,-0.005745356118248307,-0.0005122740216605415,-0.008017677146610946,-0.022702439481760126,0.015872307045883383,-0.011756949288997398,1.0354302818756516]","[-0.09208841621875763,1.8112411499023438,1.2747588157653809,-1.0912630558013916,-0.03584516793489456,1.6037375926971436]",0.04141530767083168,"[-0.005635321605950594,0.000491462938953191,-0.007906979881227016,-0.02270909957587719,0.015483437106013298,-0.01216875109821558]",0.04399750754237175,"[-0.27151748538017273,-0.1347159743309021,0.9482899904251099,0.6920569539070129,0.024657154455780983,0.7185636758804321,-0.06415156275033951]","[0.30147188901901245,-0.35189497470855713,0.9165626764297485,0.7142611742019653,-0.015399451367557049,0.006684870459139347,0.6996778249740601]","[-0.30055952072143555,-0.1307513415813446,0.7805474996566772]","[0.034791093319654465,0.1489151120185852,0.6945707201957703,0.7029832005500793]",1.1920928955078125e-07,0.0,0.0,False,False,0.009217500686645508
20,0,19,False,"[-0.10009860190900252,1.8419514317422299,1.2898603475707826,-1.1010630328687516,-0.03545827877196134,1.6257010926898798,0.8287311289970621,-0.006360509975306433,-0.006356296460584221,-0.00849975948071946,-0.022076028768504768,0.01776058569054062,-0.009771130844838105,1.0341046626714523]","[-0.09923546761274338,1.8382457494735718,1.2882020473480225,-1.099701166152954,-0.03549409285187721,1.6229010820388794]",0.038733746856451035,"[-0.006280877161771059,-0.005549154244363308,-0.008420264348387718,-0.022150060161948204,0.01747484691441059,-0.01007640641182661]",0.04399707540869713,"[-0.2688882350921631,-0.13123583793640137,0.9434061050415039,0.6912059783935547,0.02619335427880287,0.717581570148468,-0.08139268308877945]","[0.301591157913208,-0.35217857360839844,0.9169121980667114,0.7152401208877563,-0.012500321492552757,0.005274650640785694,0.6987470388412476]","[-0.3005594313144684,-0.13075101375579834,0.7805474400520325]","[0.03478880971670151,0.1489177644252777,0.6945790648460388,0.7029744982719421]",5.960464477539063e-08,0.0,0.0,False,False,0.0065735578536987305
21,0,20,False,"[-0.10573847874660536,1.8582754057413362,1.2976916967512762,-1.105942053934402,-0.03714117989868615,1.643805042386796,0.7540301216767031,-0.007348590119780896,-0.01236775033194737,-0.012025667621192837,-0.02084637286267305,0.018594413763879714,-0.007576669000788072,1.0323312035521426]","[-0.10501505434513092,1.8558316230773926,1.2966666221618652,-1.1050738096237183,-0.0369236096739769,1.6411396265029907]",0.03549749404191971,"[-0.007226262241601944,-0.011551947332918644,-0.011621799319982529,-0.021021157503128052,0.01845559850335121,-0.00789504311978817]",0.04399726539850235,"[-0.2668441832065582,-0.12910135090351105,0.940093457698822,0.6898536086082458,0.02955194190144539,0.7170622944831848,-0.0951322615146637]","[0.3017111122608185,-0.35231444239616394,0.9163939356803894,0.7159476280212402,-0.01032593846321106,0.004658009856939316,0.6980620622634888]","[-0.300559401512146,-0.13075092434883118,0.7805474996566772]","[0.034788910299539566,0.14891409873962402,0.6945827603340149,0.7029715776443481]",1.1920928955078125e-07,0.0,0.0,False,False,0.005232024937868118
22,0,21,False,"[-0.11007358125580849,1.86970889786496,1.3052268873233874,-1.109967270560254,-0.03933415172618476,1.6546454025213835,0.6824709418148529,-0.00782462253531252,-0.017362880790578572,-0.014298645905825413,-0.021145903216767865,0.020371038579505396,-0.004953981886587744,1.0312782453115816]","[-0.10950692743062973,1.8680105209350586,1.3042855262756348,-1.1092866659164429,-0.03902198001742363,1.6529234647750854]",0.0319959782063961,"[-0.007759139407426119,-0.016673926264047623,-0.013984695076942444,-0.02113216184079647,0.02013067714869976,-0.005328621249645948]",0.04399770498275757,"[-0.2652610242366791,-0.12740065157413483,0.9381739497184753,0.6884889006614685,0.032217174768447876,0.7170177698135376,-0.1040692999958992]","[0.301810622215271,-0.3524478077888489,0.9159737825393677,0.7167423367500305,-0.008471287786960602,0.004621278960257769,0.6972712874412537]","[-0.30055946111679077,-0.13075120747089386,0.7805474996566772]","[0.034789878875017166,0.14891529083251953,0.6945747137069702,0.702979326248169]",1.1920928955078125e-07,0.0,0.0,False,False,0.005633227527141571
23,0,22,False,"[-0.11436307069484432,1.876142510108576,1.3101897107877138,-1.1130089653705117,-0.04150797815095314,1.6589378186442019,0.6166900512012371,-0.008233521379176156,-0.01982949205388318,-0.0169886555900306,-0.021340502694900072,0.02203953309104295,-0.003640117924192332,1.030054331693439]","[-0.11382540315389633,1.875141978263855,1.3095334768295288,-1.1125000715255737,-0.041185908019542694,1.65817129611969]",0.028471512719988823,"[-0.008182242512702942,-0.01944909617304802,-0.016652856022119522,-0.021323591470718384,0.021799610927700996,-0.003855066141113639]",0.043997831642627716,"[-0.26380014419555664,-0.12640339136123657,0.9372237324714661,0.6872695088386536,0.033847492188215256,0.7173358798027039,-0.10928963124752045]","[0.3019002676010132,-0.35244303941726685,0.9152591824531555,0.7174769043922424,-0.00797873642295599,0.005162123590707779,0.6965174078941345]","[-0.30055955052375793,-0.1307513564825058,0.7805474400520325]","[0.034792084246873856,0.14891450107097626,0.6945704817771912,0.702983558177948]",5.960464477539063e-08,0.0,0.0,False,False,0.005668135359883308
24,0,23,False,"[-0.1179351060220647,1.877774538461604,1.3107024314729414,-1.1138190903853804,-0.0430625801696381,1.6610216352698213,0.5531651383325983,-0.008885889239822586,-0.022058304124040973,-0.01883394221353185,-0.02120554568370856,0.023663313898306892,-0.0035005120915846955,1.0292151785022918]","[-0.11747828871011734,1.8774386644363403,1.3105833530426025,-1.1136430501937866,-0.04281911998987198,1.6606584787368774]",0.02498478814959526,"[-0.008807412348687649,-0.02174922078847885,-0.0185761246830225,-0.02122337557375431,0.023429403081536293,-0.0035454262979328632]",0.043998293578624725,"[-0.262636661529541,-0.12629002332687378,0.9367731213569641,0.6863747239112854,0.03521989658474922,0.7176591753959656,-0.1123143807053566]","[0.3020083010196686,-0.35245373845100403,0.9147905707359314,0.7182648181915283,-0.007702385541051626,0.005100691691040993,0.6957084536552429]","[-0.3005593419075012,-0.1307508945465088,0.7805474996566772]","[0.03478730842471123,0.14891569316387177,0.6945837736129761,0.7029703259468079]",1.1920928955078125e-07,0.0,0.0,False,False,0.005611291155219078
25,0,24,False,"[-0.12074261721125835,1.879094871181453,1.3119829119047959,-1.1138783262826122,-0.044872172387623144,1.6626526626283473,0.4902668408778654,-0.009273183980724742,-0.02498614107505781,-0.021622463919841572,-0.01994556762287216,0.02470845809144656,-0.0017548438136112954,1.0275361107891736]","[-0.12037698179483414,1.8788886070251465,1.3118313550949097,-1.1138386726379395,-0.044607628136873245,1.6623989343643188]",0.02152939699590206,"[-0.009221655316650867,-0.024599891155958176,-0.021268904209136963,-0.020114075392484665,0.024548128247261047,-0.001982965273782611]",0.043997958302497864,"[-0.26171281933784485,-0.12608589231967926,0.9366161227226257,0.6855210065841675,0.03676185756921768,0.7181161046028137,-0.11409913748502731]","[0.30208122730255127,-0.3524450361728668,0.9141994714736938,0.7188079953193665,-0.00669241975992918,0.005197884980589151,0.695156991481781]","[-0.30055946111679077,-0.13075119256973267,0.7805474996566772]","[0.03478996083140373,0.14891523122787476,0.6945751309394836,0.7029789090156555]",1.1920928955078125e-07,0.0,0.0,False,False,0.005546027794480324
26,0,25,False,"[-0.12395922514965184,1.8803981342328682,1.3153179920005043,-1.1158872719542932,-0.045858736098245756,1.6638747769269735,0.43430239621798516,-0.009446255215931343,-0.02752502143062696,-0.02353789161583819,-0.018447693061220443,0.02561052546318132,-0.00021203813538844818,1.0256069136698822]","[-0.12356697022914886,1.8802084922790527,1.314914584159851,-1.1156140565872192,-0.045694783329963684,1.6636865139007568]",0.01824808306992054,"[-0.009422545321285725,-0.02718059904873371,-0.023263251408934593,-0.018660403788089752,0.025477053597569466,-0.00043761872802861035]",0.04399813711643219,"[-0.26065200567245483,-0.12573012709617615,0.9369292855262756,0.6849187612533569,0.038370754569768906,0.7183548808097839,-0.11567305028438568]","[0.30212756991386414,-0.35245901346206665,0.9138591885566711,0.7192115187644958,-0.005412084050476551,0.005017541348934174,0.6947519183158875]","[-0.30055949091911316,-0.1307515650987625,0.7805473208427429]","[0.03478853404521942,0.1489149034023285,0.6945652365684509,0.7029888033866882]",-5.960464477539063e-08,0.0,0.0,False,False,0.005261127837002277
27,0,26,False,"[-0.1270945749144086,1.8811267778093663,1.3177396996813933,-1.1175340886212517,-0.046459478804277754,1.664807105911941,0.38636452433229856,-0.009597524906505311,-0.02983031717403739,-0.02541597397706974,-0.0174339538080915,0.025636850966596236,0.0010012457999085678,1.0239936635872533]","[-0.1267068237066269,1.8810211420059204,1.3174020051956177,-1.1172821521759033,-0.04635747894644737,1.6646642684936523]",0.015248938463628292,"[-0.009577656164765358,-0.0295154619961977,-0.025163529440760612,-0.017593031749129295,0.025617284700274467,0.0008179335854947567]",0.04399830847978592,"[-0.2596094608306885,-0.12551021575927734,0.9372616410255432,0.6844764351844788,0.03985185548663139,0.7184637188911438,-0.11710470914840698]","[0.30214667320251465,-0.3524647057056427,0.9134944081306458,0.7193208932876587,-0.0044254339300096035,0.004927168600261211,0.6946462392807007]","[-0.30055949091911316,-0.13075131177902222,0.7805474996566772]","[0.034790996462106705,0.14891542494297028,0.6945716142654419,0.7029822468757629]",1.1920928955078125e-07,0.0,0.0,False,False,0.0048115067183971405
28,0,27,False,"[-0.12936300241989848,1.8805289693630485,1.3198981086564983,-1.1201743490380291,-0.047438216729666305,1.6649224091810484,0.3457429802522259,-0.009724413794843206,-0.03159708413135853,-0.026028053396083384,-0.016933299779088508,0.026390602490221404,0.0018790995113495135,1.0233936866483362]","[-0.12906521558761597,1.8805763721466064,1.3195983171463013,-1.119805932044983,-0.04729779437184334,1.664889931678772]",0.012576156295835972,"[-0.00970904529094696,-0.031353648751974106,-0.025917012244462967,-0.017014915123581886,0.026293333619832993,0.0017439569346606731]",0.043999046087265015,"[-0.25885605812072754,-0.12548448145389557,0.9379234910011292,0.6839947700500488,0.04084021970629692,0.718726634979248,-0.11796201020479202]","[0.30217859148979187,-0.352510929107666,0.9134355783462524,0.719606339931488,-0.003500659018754959,0.004664313513785601,0.6943576335906982]","[-0.3005593419075012,-0.13075105845928192,0.7805474996566772]","[0.034787703305482864,0.14891979098320007,0.6945799589157104,0.7029733061790466]",1.1920928955078125e-07,0.0,0.0,False,False,0.004287451505661011
29,0,28,False,"[-0.1310315200534194,1.8788557567614386,1.3215898777166606,-1.1232911507876415,-0.04816882592685512,1.6644776131015764,0.308129747107841,-0.009466239849704544,-0.032676951030454315,-0.027149437997306514,-0.016182232648481343,0.02697805975638934,0.0026243755339168673,1.0219881107381468]","[-0.13081111013889313,1.879050374031067,1.3213398456573486,-1.1228547096252441,-0.04805591329932213,1.6645307540893555]",0.010163716971874237,"[-0.009496358223259449,-0.0325184091925621,-0.027008552104234695,-0.016291070729494095,0.026891198009252548,0.002512207720428705]",0.04399895668029785,"[-0.2583233416080475,-0.12564617395401,0.9388206005096436,0.6836293339729309,0.04144003987312317,0.7189745903015137,-0.11836005002260208]","[0.3021751940250397,-0.35250455141067505,0.913223385810852,0.7197426557540894,-0.0029414554592221975,0.004650035407394171,0.6942190527915955]","[-0.3005594313144684,-0.13075114786624908,0.7805474996566772]","[0.03478952869772911,0.14891570806503296,0.6945760846138,0.7029778361320496]",1.1920928955078125e-07,0.0,0.0,False,False,0.003870646469295025
30,0,29,False,"[-0.13340223246284538,1.87806458950945,1.3249595194284285,-1.1272801283836869,-0.048731849573098285,1.6644176139009343,0.27469768614440354,-0.009562795458534723,-0.03352600250052784,-0.02745882658557708,-0.016041033214403436,0.02727061739073061,0.002775533689956866,1.0207604699764956]","[-0.13312120735645294,1.8781790733337402,1.3245130777359009,-1.1267188787460327,-0.04864209517836571,1.664432406425476]",0.007995260879397392,"[-0.009555830620229244,-0.03340816870331764,-0.027401352301239967,-0.01607178896665573,0.027222879230976105,0.002742042765021324]",0.04399937018752098,"[-0.2575738728046417,-0.12561346590518951,0.9398505687713623,0.6832858324050903,0.042314447462558746,0.7191352248191833,-0.11905573308467865]","[0.30219048261642456,-0.3525252938270569,0.9131793975830078,0.719879686832428,-0.0026034454349428415,0.004478001967072487,0.6940794587135315]","[-0.30055952072143555,-0.13075147569179535,0.7805474996566772]","[0.03479212522506714,0.14891912043094635,0.6945680975914001,0.7029849290847778]",1.1920928955078125e-07,0.0,0.0,False,False,0.003471001982688904
31,0,30,False,"[-0.13570943792055806,1.8772809110930344,1.3283219449440222,-1.1310319518546474,-0.04944763184686363,1.665309660609952,0.2449455801093291,-0.009458693016871383,-0.03504596969441942,-0.02803591059260524,-0.015634999456571774,0.027610352469356725,0.003432816088565771,1.019610477770237]","[-0.13542477786540985,1.877388834953308,1.3278517723083496,-1.1304841041564941,-0.04934179037809372,1.6651978492736816]",0.006056276150047779,"[-0.009471064433455467,-0.034852370619773865,-0.027958976104855537,-0.015690121799707413,0.027561308816075325,0.00334478379227221]",0.04399940371513367,"[-0.25682389736175537,-0.12554164230823517,0.9408933520317078,0.6828871965408325,0.04354812204837799,0.7192841172218323,-0.11999476701021194]","[0.3021916151046753,-0.3525622487068176,0.9131380319595337,0.7199700474739075,-0.001934597734361887,0.004242160357534885,0.6939893960952759]","[-0.3005593717098236,-0.13075116276741028,0.7805474400520325]","[0.034784719347953796,0.1489143669605255,0.6945765018463135,0.7029779553413391]",5.960464477539063e-08,0.0,0.0,False,False,0.0031058902386575937
32,0,31,False,"[-0.13832373519049157,1.8765750717572436,1.3312034077979544,-1.1345987542308686,-0.05011458163416954,1.6656482130493928,0.22030111903454946,-0.009395445309693079,-0.03533527209773901,-0.028218574129156626,-0.015346984669368999,0.027864029446552807,0.0035644697114910473,1.0182644852112341]","[-0.13800695538520813,1.8766770362854004,1.3307851552963257,-1.134077548980713,-0.05001229792833328,1.6655912399291992]",0.004364729858934879,"[-0.009404987096786499,-0.035278454422950745,-0.02818729169666767,-0.015390593558549881,0.027825672179460526,0.0035365100484341383]",0.043999556452035904,"[-0.25598955154418945,-0.12553593516349792,0.9418193101882935,0.6824804544448853,0.044646646827459335,0.7194334268569946,-0.12100585550069809]","[0.3021928071975708,-0.3525695204734802,0.9131218194961548,0.7200393676757812,-0.0016885640798136592,0.004133900161832571,0.693918764591217]","[-0.30055946111679077,-0.13075141608715057,0.7805474996566772]","[0.03479098156094551,0.14892052114009857,0.6945699453353882,0.7029827833175659]",1.1920928955078125e-07,0.0,0.0,False,False,0.002710171858780086
33,0,32,False,"[-0.14083331225256426,1.8777358301622387,1.336746952000684,-1.1404683270894844,-0.050085794764838654,1.6657830924080888,0.20003346307709824,-0.009163879840964229,-0.03591297477131661,-0.028012187781794262,-0.014644456547191896,0.02784002079316139,0.0038581651470248057,1.0175704177780662]","[-0.1405232697725296,1.8776136636734009,1.3360192775726318,-1.1396485567092896,-0.050072405487298965,1.665758728981018]",0.0029139372054487467,"[-0.009192285127937794,-0.03584107756614685,-0.02802356518805027,-0.014735814183950424,0.027837786823511124,0.0038171508349478245]",0.04399954155087471,"[-0.2551116347312927,-0.12519973516464233,0.9427838325500488,0.6822665333747864,0.0451694093644619,0.7193707823753357,-0.12238309532403946]","[0.30217215418815613,-0.3526046574115753,0.9132847785949707,0.7199710607528687,-0.0010950082214549184,0.003747248090803623,0.693993091583252]","[-0.3005594313144684,-0.13075104355812073,0.7805474996566772]","[0.0347895547747612,0.14891740679740906,0.6945798993110657,0.7029737234115601]",1.1920928955078125e-07,0.0,0.0,False,False,0.0023178666015155613
34,0,33,False,"[-0.1431884557725365,1.8785304005228205,1.3441160954008895,-1.1473675389668365,-0.051283645029954694,1.6666618111472549,0.18218004927080622,-0.009235798144423962,-0.03650443604060105,-0.02743157592373513,-0.015082499978413946,0.028392587639829436,0.003861555803247263,1.0163667505347276]","[-0.1428927332162857,1.8784105777740479,1.343143105506897,-1.1463738679885864,-0.05112630873918533,1.6665464639663696]",0.0016608121804893017,"[-0.009231825359165668,-0.03642706573009491,-0.027498312294483185,-0.015035674907267094,0.028322570025920868,0.0038559515960514545]",0.043999671936035156,"[-0.25427964329719543,-0.12465616315603256,0.9442384243011475,0.6817079782485962,0.046180907636880875,0.7196232080459595,-0.12362763285636902]","[0.3021894693374634,-0.35266369581222534,0.9134801626205444,0.7201533913612366,-0.000791575585026294,0.0034758069086819887,0.6938057541847229]","[-0.3005593419075012,-0.13075095415115356,0.7805474996566772]","[0.034786906093358994,0.14891661703586578,0.6945824027061462,0.7029715776443481]",1.1920928955078125e-07,0.0,0.0,False,False,0.0019998156640212983
35,0,34,False,"[-0.14548543162280791,1.8794153039740447,1.352703253644556,-1.1554251753222362,-0.05248961641598132,1.6673559502632695,0.16990627191910435,-0.009025761180280367,-0.03653006012379545,-0.02695238437368086,-0.014425349523033303,0.02860115214028036,0.004003977747719434,1.0156258949266364]","[-0.14519834518432617,1.879296064376831,1.3515464067459106,-1.1542601585388184,-0.052313122898340225,1.6672526597976685]",0.0006477262359112501,"[-0.009050573222339153,-0.03651995584368706,-0.027011368423700333,-0.014500127173960209,0.028565580025315285,0.003985107876360416]",0.04399946704506874,"[-0.25345391035079956,-0.12400729209184647,0.9459742903709412,0.6811055541038513,0.04715632647275925,0.7199259996414185,-0.1248113289475441]","[0.3021785616874695,-0.35269588232040405,0.9137052297592163,0.7201751470565796,-0.00034737185342237353,0.0031295930966734886,0.6937850713729858]","[-0.30055952072143555,-0.13075150549411774,0.7805473804473877]","[0.034792352467775345,0.14891956746578217,0.694567084312439,0.7029857635498047]",0.0,0.0,0.0,False,False,0.001977205276489258
36,0,35,False,"[-0.14733156396872105,1.8799909949130293,1.3629116553377307,-1.1652457337775273,-0.053383132007760514,1.6683557189330056,0.15637602298928954,-0.008687515854897743,-0.03668752018455734,-0.026375155610366074,-0.013959569670797353,0.028497035134073534,0.00410405837862815,1.014693059363212]","[-0.1470930278301239,1.8799035549163818,1.3615370988845825,-1.1638333797454834,-0.053244635462760925,1.6682146787643433]",0.0,"[-0.008729995228350163,-0.03666983172297478,-0.0264443326741457,-0.014025045558810234,0.028504997491836548,0.004088862333446741]",0.04399952292442322,"[-0.25274190306663513,-0.12327318638563156,0.948183000087738,0.6806191205978394,0.04812593758106232,0.7201359272003174,-0.12587957084178925]","[0.30214524269104004,-0.3527350127696991,0.9139561653137207,0.7200429439544678,0.00011491931218188256,0.0027486570179462433,0.6939240097999573]","[-0.3005593717098236,-0.13075099885463715,0.7805474996566772]","[0.03478821739554405,0.14891672134399414,0.6945808529853821,0.702972948551178]",1.1920928955078125e-07,0.0,0.0,False,False,0.0023584365844726562
37,0,36,False,"[-0.15015060209365522,1.8812924943999916,1.3739242499931987,-1.1748440778446922,-0.05391230554666565,1.6674652038473647,0.14344063035651222,-0.00830294120131067,-0.036421262365976426,-0.025708929337225128,-0.013221292009565995,0.02842325390762729,0.00411991112021759,1.0143320156538158]","[-0.14981937408447266,1.8811430931091309,1.3724197149276733,-1.1734232902526855,-0.05382275953888893,1.6675608158111572]",0.0,"[-0.008352846838533878,-0.03645314276218414,-0.025789380073547363,-0.013320199213922024,0.028432710096240044,0.00411591213196516]",0.04399982467293739,"[-0.2517178952693939,-0.1224047988653183,0.9504068493843079,0.6802536249160767,0.048919789493083954,0.7203088998794556,-0.12655752897262573]","[0.3021062910556793,-0.3527615964412689,0.91423100233078,0.7198867797851562,0.0005326351383700967,0.0023581208661198616,0.6940872073173523]","[-0.3005593717098236,-0.13075104355812073,0.7805474996566772]","[0.03478710353374481,0.14891678094863892,0.6945798397064209,0.7029740810394287]",1.1920928955078125e-07,0.0,0.0,False,False,0.0025652647018432617
38,0,37,False,"[-0.15298430935110974,1.8811140979019418,1.3842210589684054,-1.1813759127134174,-0.051531501876020624,1.663135298502291,0.12283757404381179,-0.00809104593916693,-0.036707896826655984,-0.026172072245283284,-0.012303292216286042,0.028901827586921613,0.004604249597601251,1.014655185541025]","[-0.15264156460762024,1.881129503250122,1.3828039169311523,-1.1803388595581055,-0.05181712284684181,1.663699984550476]",0.0,"[-0.008122741244733334,-0.03667600825428963,-0.02613103948533535,-0.012434354983270168,0.02884204313158989,0.004541996866464615]",0.04399989917874336,"[-0.250576913356781,-0.12151332944631577,0.9528802037239075,0.6810059547424316,0.04976916313171387,0.7198358178138733,-0.12486016005277634]","[0.30209580063819885,-0.3527522683143616,0.9142174124717712,0.7199487090110779,0.0009599502081982791,0.002236960455775261,0.6940229535102844]","[-0.30055949091911316,-0.13075144588947296,0.7805473804473877]","[0.03478774428367615,0.1489136964082718,0.6945684552192688,0.7029858827590942]",0.0,0.0,0.0,False,False,0.0033667709212750196
39,0,38,False,"[-0.15609257832174808,1.8798985400782064,1.392690204751915,-1.1841352881774834,-0.04633235415495318,1.6546886408258341,0.10404562376021176,-0.007849235433587815,-0.036436806019991,-0.02632534603905734,-0.01185952186203005,0.029299132613105627,0.004037063925357964,1.0143753602812187]","[-0.15572383999824524,1.8800787925720215,1.3915034532546997,-1.1836248636245728,-0.04702211543917656,1.6558375358581543]",0.0,"[-0.00788218155503273,-0.036465249955654144,-0.02630230411887169,-0.011933119967579842,0.029240775853395462,0.004101465456187725]",0.043999891728162766,"[-0.24927164614200592,-0.12069367617368698,0.9552552700042725,0.6829535961151123,0.05029573291540146,0.7186567783355713,-0.12073574215173721]","[0.3020840883255005,-0.35273173451423645,0.9141912460327148,0.720003604888916,0.0008438100339844823,0.0020422230008989573,0.6939666867256165]","[-0.3005593717098236,-0.13075120747089386,0.7805473804473877]","[0.03478528559207916,0.14891459047794342,0.6945747137069702,0.7029796838760376]",0.0,0.0,0.0,False,False,0.00438153650611639
40,0,39,False,"[-0.1580913864015655,1.87830212084182,1.4003209772524898,-1.1857344905385534,-0.04030893208803077,1.6456946876974887,0.08652302428189029,-0.0075908166542199285,-0.03704992932985285,-0.026339117885898822,-0.01132305045579815,0.029872041509374392,0.003593127844310595,1.0145171139488844]","[-0.15783360600471497,1.8785521984100342,1.3992640972137451,-1.185439109802246,-0.041156597435474396,1.646988034248352]",0.0,"[-0.0076262508518993855,-0.036982785910367966,-0.026328306645154953,-0.01139841414988041,0.029791640117764473,0.0036579295992851257]",0.043999914079904556,"[-0.24826321005821228,-0.11990713328123093,0.9575555324554443,0.6854104995727539,0.05044380575418472,0.7171521782875061,-0.11558788269758224]","[0.30207499861717224,-0.35275551676750183,0.9142739772796631,0.7201056480407715,0.0010509485146030784,0.001529270550236106,0.6938618421554565]","[-0.3005594313144684,-0.13075093924999237,0.7805474996566772]","[0.03478877991437912,0.14891406893730164,0.6945822834968567,0.7029721140861511]",1.1920928955078125e-07,0.0,0.0,False,False,0.005327756516635418
41,0,40,False,"[-0.1600975713490942,1.8765177191443025,1.4066148447725322,-1.1865514702193412,-0.033736376647536204,1.6366864007147501,0.07531514102411208,-0.007210743934844693,-0.03664537500702858,-0.026129919738899443,-0.010542494486416911,0.029909623167698518,0.003511208888400952,1.0145799825867365]","[-0.15985825657844543,1.8768041133880615,1.4057289361953735,-1.1863871812820435,-0.034673310816287994,1.6379998922348022]",0.0,"[-0.00725970882922411,-0.03668684884905815,-0.026149651035666466,-0.010650036856532097,0.02989388257265091,0.0035298571456223726]",0.04399969428777695,"[-0.24728743731975555,-0.11928165704011917,0.9596242904663086,0.6880948543548584,0.050411395728588104,0.7153883576393127,-0.11046971380710602]","[0.30204230546951294,-0.35275083780288696,0.9143843650817871,0.7200135588645935,0.0012303051771596074,0.0012642607325688004,0.6939576864242554]","[-0.30055949091911316,-0.13075147569179535,0.7805473208427429]","[0.03478766977787018,0.14891375601291656,0.6945674419403076,0.7029869556427002]",-5.960464477539063e-08,0.0,0.0,False,False,0.005932982545346022
42,0,41,False,"[-0.16213665165178948,1.873444448414975,1.410420261490941,-1.1826445119113485,-0.024564923020333362,1.6251427579599336,0.06231664313369334,-0.007029432136099828,-0.0364452248258883,-0.025985731740164164,-0.01017065478579647,0.030435398467376695,0.003017776174194131,1.0144983183492606]","[-0.16190128028392792,1.8738901615142822,1.4098690748214722,-1.183095932006836,-0.02584252692759037,1.6267820596694946]",0.0,"[-0.0070574418641626835,-0.0364743247628212,-0.026003768667578697,-0.010231000371277332,0.030366424471139908,0.0030830667819827795]",0.04399988800287247,"[-0.24624870717525482,-0.11875148117542267,0.9614866971969604,0.691777765750885,0.05060534179210663,0.7128583192825317,-0.10351581126451492]","[0.302036315202713,-0.3527490496635437,0.9144583344459534,0.7201075553894043,0.001195584423840046,0.0009860440623015165,0.6938607096672058]","[-0.30055952072143555,-0.1307513415813446,0.7805474996566772]","[0.03479110449552536,0.14891542494297028,0.6945708990097046,0.7029829621315002]",1.1920928955078125e-07,0.0,0.0,False,False,0.006634901277720928
43,0,42,False,"[-0.1637405833946584,1.8709108507662735,1.4153326235031427,-1.1793664016058725,-0.01442162223360105,1.6123695570241945,0.052144407797678816,-0.006555209687098051,-0.03566768473035975,-0.026140080517624842,-0.009326339019660458,0.03013977705819365,0.002945527685771665,1.0147498150609815]","[-0.1635514348745346,1.8713116645812988,1.414692997932434,-1.1798111200332642,-0.01586640626192093,1.6142067909240723]",0.0,"[-0.006613634061068296,-0.03576287627220154,-0.026125149801373482,-0.009442554786801338,0.030167408287525177,0.0029629715718328953]",0.0439995601773262,"[-0.24528490006923676,-0.11808363348245621,0.9634187817573547,0.6959302425384521,0.05025423318147659,0.7099005579948425,-0.0958995521068573]","[0.3019876778125763,-0.35270610451698303,0.9144381880760193,0.7198845744132996,0.0011362747754901648,0.0009601263445802033,0.6940921545028687]","[-0.300559401512146,-0.13075104355812073,0.7805474996566772]","[0.03478899970650673,0.148918017745018,0.694580078125,0.702973484992981]",1.1920928955078125e-07,0.0,0.0,False,False,0.00718420185148716
44,0,43,False,"[-0.1658947500413343,1.8678181385629005,1.4203201072104121,-1.1748419522170177,-0.003758221918495841,1.5969430732323773,0.045359615791554675,-0.006035064133408041,-0.03518851177836024,-0.025421849965352017,-0.009760411788967902,0.03036225416199928,0.0028147062759925623,1.0144687061881792]","[-0.16565656661987305,1.8682821989059448,1.4196679592132568,-1.1754404306411743,-0.0052888887003064156,1.5991443395614624]",0.0,"[-0.006103281397372484,-0.03525852411985397,-0.025499681010842323,-0.009717361070215702,0.03033641166985035,0.002833550563082099]",0.043999869376420975,"[-0.24413873255252838,-0.11737743020057678,0.9655397534370422,0.7003832459449768,0.04974721372127533,0.7066890597343445,-0.08705750852823257]","[0.3019428551197052,-0.3527170419692993,0.9145860075950623,0.7197661995887756,0.0010344223119318485,0.0009692549356259406,0.6942149996757507]","[-0.3005593717098236,-0.13075092434883118,0.7805474400520325]","[0.03478467836976051,0.14891132712364197,0.6945827007293701,0.7029724717140198]",5.960464477539063e-08,0.0,0.0,False,False,0.007550580892711878
45,0,44,False,"[-0.167625230873893,1.864978167835784,1.422903560850644,-1.1663620962029526,0.008934124284258382,1.5799020997114226,0.03959868170785663,-0.005583288098040512,-0.035359415650259796,-0.025672198629178022,-0.008711775362579284,0.030395596304284622,0.0029629003259749043,1.0142607532179693]","[-0.16742601990699768,1.8654495477676392,1.4225358963012695,-1.1674811840057373,0.007134026847779751,1.5823554992675781]",0.0,"[-0.005644388496875763,-0.035347726196050644,-0.025650475174188614,-0.008839578367769718,0.03038707561790943,0.0029463565442711115]",0.04399993270635605,"[-0.24304276704788208,-0.11663100868463516,0.9670947194099426,0.7055755853652954,0.048874884843826294,0.7027214169502258,-0.07718026638031006]","[0.30189967155456543,-0.3527117967605591,0.9146263003349304,0.7196239233016968,0.001366953831166029,0.0007237102254293859,0.694362223148346]","[-0.30055955052375793,-0.13075166940689087,0.7805474400520325]","[0.03479311242699623,0.1489192694425583,0.6945626139640808,0.7029902338981628]",5.960464477539063e-08,0.0,0.0,False,False,0.007861671037971973
46,0,45,False,"[-0.16945825972322565,1.8604682832543389,1.4248310810332887,-1.155074855767181,0.023276915095427897,1.558836416836421,0.03485232480846234,-0.004914837430574692,-0.03522832798961484,-0.025290823501035287,-0.008092447268056016,0.029980064378412496,0.0033164929796190012,1.0141851564841378]","[-0.16925710439682007,1.861118197441101,1.4246041774749756,-1.156612515449524,0.02123378962278366,1.5618350505828857]",0.0,"[-0.004999622702598572,-0.035245124250650406,-0.025326086208224297,-0.008184632286429405,0.03003007359802723,0.0032692127861082554]",0.04399992525577545,"[-0.24187591671943665,-0.11590022593736649,0.9689497351646423,0.7115446925163269,0.04788556322455406,0.6979921460151672,-0.0649457648396492]","[0.3018265664577484,-0.3527242839336395,0.9147922396659851,0.7192751169204712,0.0017963740974664688,0.0005304105579853058,0.6947227120399475]","[-0.30055952072143555,-0.1307515949010849,0.7805473804473877]","[0.03478895127773285,0.14891457557678223,0.694563627243042,0.7029904127120972]",0.0,0.0,0.0,False,False,0.008117974735796452
47,0,46,False,"[-0.1711465581580558,1.85477477490751,1.424892704938756,-1.1396854139184547,0.03993790113628232,1.533639708939973,0.032010600080736085,-0.00433399926949346,-0.035710033278828934,-0.024900487171969243,-0.008429009173947398,0.029350388169549213,0.0029022338889139743,1.0139491802858174]","[-0.17096339166164398,1.8556126356124878,1.4249080419540405,-1.141796588897705,0.0375693142414093,1.5372345447540283]",0.0,"[-0.00441057700663805,-0.03565538302063942,-0.024949315935373306,-0.008396207354962826,0.029434872791171074,0.0029489288572221994]",0.043999966233968735,"[-0.24068677425384521,-0.11519018560647964,0.9707802534103394,0.7184739708900452,0.046460509300231934,0.6921701431274414,-0.050367649644613266]","[0.30175188183784485,-0.3527649939060211,0.9149320721626282,0.7188634872436523,0.0018867356702685356,0.00021890280186198652,0.6951485872268677]","[-0.3005594313144684,-0.1307513564825058,0.7805474996566772]","[0.034790828824043274,0.14892010390758514,0.6945714950561523,0.7029814124107361]",1.1920928955078125e-07,0.0,0.0,False,False,0.00827142782509327
48,0,47,False,"[-0.17261703442157195,1.849502339488315,1.4239609861148295,-1.1229556750296878,0.057478933794039566,1.5068459814636737,0.030550394331049335,-0.0038043651842548654,-0.03561141608148166,-0.02472379081797349,-0.008990150500657644,0.029087200163688987,0.002160159709076459,1.0136914343728591]","[-0.17245984077453613,1.8503280878067017,1.4241225719451904,-1.1253095865249634,0.05495662987232208,1.5107206106185913]",0.0,"[-0.0038745824713259935,-0.03561496362090111,-0.024755354970693588,-0.008915570564568043,0.029129760339856148,0.0022606155835092068]",0.04399992898106575,"[-0.2395332008600235,-0.11446186155080795,0.9723170399665833,0.7257729172706604,0.04429373890161514,0.6856008172035217,-0.035259146243333817]","[0.30169087648391724,-0.3527730107307434,0.9149448275566101,0.7185718417167664,0.0015081098536029458,0.00010772907990030944,0.695451021194458]","[-0.300559401512146,-0.1307511031627655,0.7805474400520325]","[0.03478928655385971,0.14891910552978516,0.6945780515670776,0.7029751539230347]",5.960464477539063e-08,0.0,0.0,False,False,0.008350278250873089
49,0,48,False,"[-0.17450012117340538,1.8434837140324238,1.4212707739215324,-1.1004081301134816,0.07886624663015199,1.475668736538569,0.029942520296739605,-0.0031522559794932847,-0.03559003507062852,-0.024097265783910138,-0.008995060315149229,0.028602716530176042,0.0015794592103436367,1.0135330320512443]","[-0.17431120574474335,1.8444015979766846,1.4216872453689575,-1.103524088859558,0.07583703100681305,1.4801379442214966]",0.0,"[-0.00323578342795372,-0.03559563681483269,-0.024167777970433235,-0.008981534279882908,0.028667757287621498,0.001666156342253089]",0.04399995878338814,"[-0.23812605440616608,-0.11358635872602463,0.9737218022346497,0.7344276309013367,0.042095351964235306,0.6771420240402222,-0.017961641773581505]","[0.3016153573989868,-0.35280516743659973,0.9151373505592346,0.7181891798973083,0.001474029035307467,-0.00027392152696847916,0.6958462595939636]","[-0.3005593419075012,-0.13075102865695953,0.7805474996566772]","[0.03478763997554779,0.14891935884952545,0.6945812106132507,0.7029720544815063]",1.1920928955078125e-07,0.0,0.0,False,False,0.008383103646337986
50,0,49,False,"[-0.17645439580706185,1.8362942325568463,1.417313479508948,-1.0758889700124532,0.10201565984806438,1.443699718402063,0.029845820435582704,-0.002372542242484371,-0.03544909139493546,-0.023182926827943984,-0.00920816711669917,0.02759065919289827,0.001218656077497493,1.0132564180902102]","[-0.17625415325164795,1.8373651504516602,1.4179184436798096,-1.079355239868164,0.09869809448719025,1.44834566116333]",0.0,"[-0.0024714767932891846,-0.0354684554040432,-0.023293988779187202,-0.009175819344818592,0.027724947780370712,0.0012755183270201087]",0.043999988585710526,"[-0.23664633929729462,-0.11282634735107422,0.9752345681190491,0.7437523007392883,0.0400855615735054,0.667252242565155,-0.00017997357645072043]","[0.3015137016773224,-0.3528484106063843,0.9154067039489746,0.7175948619842529,0.001530974986962974,-0.0006023038877174258,0.6964588165283203]","[-0.30055952072143555,-0.13075152039527893,0.7805473208427429]","[0.034788619726896286,0.1489136964082718,0.6945663094520569,0.7029880285263062]",-5.960464477539063e-08,0.0,0.0,False,False,0.008388325572013855
51,1,0,True,"[-0.18413967657182817,1.8280791933822396,1.4084852965406207,-1.0387821215078998,0.13103876272853462,1.3976671091704465,0.03439492172289582,-0.0018052021651343841,-0.03609209702306537,-0.023601552838999007,-0.007737868108371334,0.02640460715686327,0.0012702411008941872,1.0131967813507852]","[-0.18335354328155518,1.8293355703353882,1.4097294807434082,-1.0438817739486694,0.12694880366325378,1.404130220413208]",0.0,"[-0.0018805426079779863,-0.036018285900354385,-0.023564152419567108,-0.007920609787106514,0.026570050045847893,0.0012707478599622846]",0.04399999976158142,"[-0.23321285843849182,-0.1121235191822052,0.976142406463623,0.7553138732910156,0.037653129547834396,0.6539339423179626,0.021296972408890724]","[0.3014228045940399,-0.3528585433959961,0.9154784679412842,0.7169851660728455,0.0020782260689884424,-0.001139738131314516,0.6970843076705933]","[-0.30055952072143555,-0.1307513266801834,0.7805474996566772]","[0.034791335463523865,0.14891530573368073,0.6945714354515076,0.7029824256896973]",1.1920928955078125e-07,0.0,0.0,False,False,0.010113239288330078
52,1,1,False,"[-0.19181386908611292,1.8188728340818894,1.3964097771608417,-0.9955096746117911,0.1636691953909808,1.3466594570300388,0.04036717440388138,-0.0012041536631681171,-0.03567471918706078,-0.023610492673174166,-0.005901025366365177,0.024701212073409362,0.0009879176387483923,1.0133843943799705]","[-0.19093060493469238,1.8202751874923706,1.3981462717056274,-1.0015997886657715,0.15901964902877808,1.3539886474609375]",0.0,"[-0.001279519172385335,-0.03571833297610283,-0.023597143590450287,-0.006155828479677439,0.02493588626384735,0.0010237973183393478]",0.04399999976158142,"[-0.2294972538948059,-0.11149168014526367,0.9767388105392456,0.7682920694351196,0.03430645167827606,0.637631356716156,0.04445765167474747]","[0.30131709575653076,-0.3528403639793396,0.9156146049499512,0.7162044048309326,0.0025006590876728296,-0.0017264168709516525,0.6978839039802551]","[-0.3005593419075012,-0.13075104355812073,0.7805474996566772]","[0.034787628799676895,0.1489194631576538,0.6945801377296448,0.7029731273651123]",1.1920928955078125e-07,0.0,0.0,False,False,0.011467695236206055
53,1,2,False,"[-0.1993100311580207,1.8096335677351347,1.380450356516047,-0.9412533430364776,0.20366975996998044,1.291212377956981,0.04546721277331156,-0.0009292861258034524,-0.037485788333131986,-0.02414216354633525,-0.0038473216788753187,0.02338636511711445,0.0015343590269486507,1.0137596429958469]","[-0.19844146072864532,1.8110872507095337,1.382746696472168,-0.9488576054573059,0.1980108916759491,1.2992184162139893]",0.0,"[-0.0009671789011918008,-0.03727991506457329,-0.02406640164554119,-0.004137374460697174,0.023581424728035927,0.001469136099331081]",0.04399999976158142,"[-0.22553026676177979,-0.11056846380233765,0.9767536520957947,0.7836082577705383,0.030989425256848335,0.616643488407135,0.0689101442694664]","[0.30124759674072266,-0.35289067029953003,0.9157703518867493,0.7156168818473816,0.00377086759544909,-0.0026588188484311104,0.6984776258468628]","[-0.3005593717098236,-0.1307508498430252,0.780547559261322]","[0.034787315875291824,0.14891362190246582,0.6945852637290955,0.7029693722724915]",1.7881393432617188e-07,0.0,0.0,False,False,0.012526512145996094
54,1,3,False,"[-0.2062504179795008,1.8002704261744595,1.3619308953745493,-0.8772504246458601,0.24734746017280912,1.2352441226059745,0.04824998402426439,-0.0005642663554236427,-0.03784541202142899,-0.024716540631600448,-0.0016043660363539115,0.02187582870908339,0.0021390083928630177,1.014957537443347]","[-0.20544292032718658,1.8017570972442627,1.3646438121795654,-0.8862773180007935,0.24108971655368805,1.2434028387069702]",0.0,"[-0.0006080561433918774,-0.03778001293540001,-0.024635452777147293,-0.0019260254921391606,0.022090541198849678,0.0020534927025437355]",0.04399999976158142,"[-0.22153012454509735,-0.10926089435815811,0.9765662550926208,0.8001518845558167,0.029275717213749886,0.5917505025863647,0.09344092756509781]","[0.30116957426071167,-0.35288238525390625,0.9158286452293396,0.714964747428894,0.004743345081806183,-0.003205006942152977,0.6991369128227234]","[-0.30055949091911316,-0.13075120747089386,0.7805474996566772]","[0.0347905233502388,0.14891372621059418,0.6945745944976807,0.7029796838760376]",1.1920928955078125e-07,0.0,0.0,False,False,0.014286220073699951
55,1,4,False,"[-0.2144523087022943,1.7884182108405622,1.338131144511117,-0.7999694478737639,0.29575429340656695,1.1701822723173332,0.05411226663669866,-4.249105280296206e-05,-0.038881358491094864,-0.02559975214150112,0.00016882468708824538,0.0200789267921897,0.0029787978820168814,1.0144476672895677]","[-0.21352945268154144,1.7902249097824097,1.3415637016296387,-0.8108687996864319,0.28881916403770447,1.1795215606689453]",0.0,"[-0.00010478372860234231,-0.0387517511844635,-0.02548256702721119,-9.7710668342188e-05,0.020332003012299538,0.002860688604414463]",0.04399999976158142,"[-0.21701328456401825,-0.10806097835302353,0.9764444828033447,0.8182129859924316,0.027873268350958824,0.5616947412490845,0.11937182396650314]","[0.3010697364807129,-0.352880597114563,0.9157917499542236,0.7141663432121277,0.005725931841880083,-0.003607754362747073,0.6999432444572449]","[-0.30055952072143555,-0.13075149059295654,0.7805474400520325]","[0.03479253128170967,0.14891882240772247,0.6945672631263733,0.7029857635498047]",5.960464477539063e-08,0.0,0.0,False,False,0.017219603061676025
56,1,5,False,"[-0.22326369747840002,1.7734631394766192,1.307683105203238,-0.7073683270337753,0.3502259756579066,1.0982294835002293,0.05894135059196215,0.00048756719842643625,-0.041359598738454406,-0.02708213303731022,0.004256637618827308,0.017728924587247785,0.005624684729196694,1.0147313316604119]","[-0.222264364361763,1.7757035493850708,1.3120242357254028,-0.7204678058624268,0.34243130683898926,1.1085991859436035]",0.0,"[0.00042308957199566066,-0.041056398302316666,-0.026875481009483337,0.003706621238961816,0.018056882545351982,0.005272142123430967]",0.04399999976158142,"[-0.21215735375881195,-0.10720343142747879,0.9764850735664368,0.8379219174385071,0.027488283812999725,0.5253462195396423,0.14540448784828186]","[0.300952672958374,-0.3529157042503357,0.9158622622489929,0.7131600379943848,0.008263058960437775,-0.0044166045263409615,0.7009385824203491]","[-0.300559401512146,-0.13075128197669983,0.7805473804473877]","[0.03478655964136124,0.1489143669605255,0.6945727467536926,0.7029815316200256]",0.0,0.0,0.0,False,False,0.020651578903198242
57,1,6,False,"[-0.23269693304378736,1.7558586967890863,1.2691226770773223,-0.5933118900803848,0.41315198118735474,1.0139934468286942,0.06259995201438362,0.0006488163645838041,-0.04404492119642789,-0.02886705641605447,0.008732671914686619,0.015777601203187053,0.009289118891011972,1.014547075626262]","[-0.23162978887557983,1.7585002183914185,1.2745790481567383,-0.6094348430633545,0.40417012572288513,1.0260636806488037]",0.0,"[0.0006265643751248717,-0.04369562119245529,-0.028617404401302338,0.008095933124423027,0.016065487638115883,0.008776972070336342]",0.04399999976158142,"[-0.20691309869289398,-0.10664767026901245,0.9766310453414917,0.8596885800361633,0.0275509562343359,0.4804375469684601,0.17133678495883942]","[0.3008752763271332,-0.3529490828514099,0.9158963561058044,0.712347149848938,0.011388733983039856,-0.00504383584484458,0.7017166018486023]","[-0.30055922269821167,-0.13075073063373566,0.780547559261322]","[0.03478255122900009,0.14891652762889862,0.6945890784263611,0.7029651999473572]",1.7881393432617188e-07,0.0,0.0,False,False,0.02537292242050171
58,1,7,False,"[-0.24251873906854837,1.7375137997147987,1.2245449607081889,-0.46575523161249216,0.48145223571611157,0.9220250903842021,0.06291717187987034,0.0007055436268131321,-0.047298535645357465,-0.03011455481250902,0.012117292374799735,0.014694164315632807,0.012751948931225776,1.0143997750246159]","[-0.24140465259552002,1.7402905225753784,1.230857491493225,-0.48400774598121643,0.47163498401641846,0.9353004693984985]",0.0,"[0.0006985633517615497,-0.046877555549144745,-0.029920443892478943,0.011610706336796284,0.014867639169096947,0.01224528905004263]",0.04399999976158142,"[-0.2015480399131775,-0.10679295659065247,0.9767463803291321,0.8819984793663025,0.027006708085536957,0.4290579855442047,0.19302429258823395]","[0.30083373188972473,-0.3530366122722626,0.9160372018814087,0.7118440866470337,0.014538489282131195,-0.005720555782318115,0.7021636366844177]","[-0.30055952072143555,-0.13075125217437744,0.7805473804473877]","[0.034789346158504486,0.14891788363456726,0.6945726275444031,0.7029808163642883]",0.0,0.0,0.0,False,False,0.028668522834777832
59,1,8,False,"[-0.2536376997514769,1.7201642321232782,1.1752123215004606,-0.32388423145048345,0.5570930527139469,0.8216717216059909,0.060863933329776465,0.000552694073168214,-0.05314384544751127,-0.03221841106347578,0.015576815230843918,0.014510779573091825,0.016874348257375604,1.01502569920678]","[-0.2523922026157379,1.7228070497512817,1.1822041273117065,-0.34425222873687744,0.5462400913238525,0.8361731767654419]",0.0,"[0.0005698371678590775,-0.05240604653954506,-0.03193172067403793,0.015076913870871067,0.01455668080598116,0.016284389421343803]",0.04399999976158142,"[-0.19579395651817322,-0.10773289203643799,0.9768110513687134,0.9046388268470764,0.025670381262898445,0.37134912610054016,0.20753146708011627]","[0.3008373975753784,-0.35319873690605164,0.9161123633384705,0.7116892337799072,0.018460486084222794,-0.006753999274224043,0.7022193074226379]","[-0.3005594313144684,-0.13075104355812073,0.7805474996566772]","[0.03478923812508583,0.14891773462295532,0.6945796012878418,0.7029740214347839]",1.1920928955078125e-07,0.0,0.0,False,False,0.03194695711135864
60,1,9,False,"[-0.26380234796548446,1.704902457952039,1.1269202883363336,-0.18392331320998867,0.6306445839084416,0.7232428832239834,0.06064576264586119,0.0002507229473203143,-0.057859972799731096,-0.03445977399821931,0.015867652502669055,0.015485440950740448,0.019004349891031114,1.0166038146175076]","[-0.2626274526119232,1.707205891609192,1.1338317394256592,-0.2043393850326538,0.6199291944503784,0.737656831741333]",0.0,"[0.0002858014777302742,-0.05720964074134827,-0.034172188490629196,0.01576300524175167,0.015369052067399025,0.018657905980944633]",0.043999265879392624,"[-0.1906498670578003,-0.10955111682415009,0.9771170020103455,0.9247688055038452,0.023486198857426643,0.31419259309768677,0.21338722109794617]","[0.30088838934898376,-0.35329875349998474,0.9157847762107849,0.7120192050933838,0.02046929858624935,-0.007060597185045481,0.7018259167671204]","[-0.3005593419075012,-0.13075101375579834,0.7805474996566772]","[0.03478703647851944,0.14891645312309265,0.6945806741714478,0.7029732465744019]",1.1920928955078125e-07,0.0,0.0,False,False,0.0319889634847641
61,1,10,False,"[-0.2737510905365909,1.6896676316712957,1.0787883988481708,-0.04525261688601534,0.7049064052416493,0.6248004743813329,0.05619362499477554,-0.0002115167731822909,-0.06414633735998243,-0.03768157528378546,0.014677014467755725,0.01824249368877673,0.019752032520843066,1.0187432830960825]","[-0.27262115478515625,1.6918381452560425,1.085623860359192,-0.06552981585264206,0.6941303014755249,0.6392076015472412]",0.0,"[-0.00015921995509415865,-0.06326251477003098,-0.036223504692316055,0.014786923304200172,0.017880570143461227,0.019612912088632584]",0.04399781674146652,"[-0.1860414445400238,-0.11264481395483017,0.9779861569404602,0.9426345229148865,0.020520620048046112,0.25830981135368347,0.21046395599842072]","[0.30100417137145996,-0.3534645736217499,0.9154563546180725,0.7130134105682373,0.021912269294261932,-0.007781393826007843,0.7007646560668945]","[-0.30055952072143555,-0.13075150549411774,0.7805473208427429]","[0.03478807955980301,0.14891359210014343,0.6945661306381226,0.7029882669448853]",-5.960464477539063e-08,0.0,0.0,False,False,0.03174767270684242
62,1,11,False,"[-0.28391603057178005,1.6788798698463192,1.0369240774301784,0.07884514117031194,0.7721718346197772,0.5360406499024819,0.053234821650319786,-0.0007356965328383924,-0.06883723079012927,-0.04045308448818574,0.01121868747755278,0.021848875981810012,0.020049167817069502,1.0212760548912243]","[-0.2827637791633606,1.6804548501968384,1.042923927307129,0.060433436185121536,0.7622868418693542,0.5492120981216431]",0.0,"[-0.0006768249440938234,-0.06813065707683563,-0.03618244081735611,0.011678921058773994,0.021348806098103523,0.019993914291262627]",0.04399743303656578,"[-0.1818113923072815,-0.11629465222358704,0.9786990880966187,0.9569705724716187,0.01686406321823597,0.20969639718532562,0.19987592101097107]","[0.30115440487861633,-0.3537004292011261,0.9155420064926147,0.7143836617469788,0.022726772353053093,-0.0082699628546834,0.699336051940918]","[-0.30055946111679077,-0.13075131177902222,0.7805474996566772]","[0.0347902812063694,0.14891521632671356,0.6945719122886658,0.7029820680618286]",1.1920928955078125e-07,0.0,0.0,False,False,0.02880966290831566
63,1,12,False,"[-0.2940209663131902,1.6702717759648062,0.9983448563451919,0.19305515795352635,0.8350142468653233,0.4539791157470739,0.046994177819035254,-0.0007755550087488183,-0.07249949834473057,-0.04305293393780263,0.008052155206802771,0.024406893961193776,0.020033226569529994,1.0244880515271058]","[-0.2928740084171295,1.671445369720459,1.0038090944290161,0.17614124715328217,0.8258152008056641,0.46613946557044983]",0.0,"[-0.0007710913778282702,-0.07190300524234772,-0.03615149110555649,0.008515620604157448,0.02402094379067421,0.02002844773232937]",0.04399675875902176,"[-0.17801587283611298,-0.12055552005767822,0.9792156219482422,0.9684853553771973,0.012756074778735638,0.16760575771331787,0.18379755318164825]","[0.30124080181121826,-0.35387977957725525,0.9155345559120178,0.7153422236442566,0.022997446358203888,-0.00847149919718504,0.698344349861145]","[-0.300559401512146,-0.13075102865695953,0.7805474996566772]","[0.034789077937603,0.14891812205314636,0.6945807337760925,0.7029728293418884]",1.1920928955078125e-07,0.0,0.0,False,False,0.02646137773990631
64,1,13,False,"[-0.30370529128904333,1.6649410071358748,0.9649869730438114,0.2930658256649426,0.8917637064943662,0.3827369298938721,0.03942083112159589,-0.0011210226266754886,-0.07521279906712075,-0.04452283179467875,0.0038936863528252295,0.02624702273664542,0.019652668728959544,1.0261745403195326]","[-0.3025994598865509,1.6656413078308105,0.9697162508964539,0.2781549096107483,0.8834316730499268,0.39338788390159607]",0.0,"[-0.0010852740379050374,-0.07471946626901627,-0.03612543269991875,0.004479278810322285,0.025966601446270943,0.019700752571225166]",0.043997157365083694,"[-0.1746608018875122,-0.12493226677179337,0.9792823195457458,0.9773379564285278,0.008667699992656708,0.13315829634666443,0.1643294095993042]","[0.3013271391391754,-0.3540070950984955,0.9153674244880676,0.7161476612091064,0.02247331105172634,-0.008164141327142715,0.6975389719009399]","[-0.30055946111679077,-0.130750834941864,0.7805474996566772]","[0.03479023650288582,0.14891885221004486,0.6945851445198059,0.7029682397842407]",1.1920928955078125e-07,0.0,0.0,False,False,0.0233231782913208
65,1,14,False,"[-0.3120053725530496,1.66155426782321,0.9368312025308136,0.37705911961651306,0.9407883943137425,0.3218108350539951,0.030156408083984454,-0.0018804157522585851,-0.07926916242757032,-0.04615879798679201,-0.0003627185243246355,0.02896622180422781,0.019031702712951792,1.0288826804123858]","[-0.31104254722595215,1.6619385480880737,0.940818190574646,0.36445000767707825,0.9335489273071289,0.3309524655342102]",0.0,"[-0.001794148818589747,-0.07861220836639404,-0.036088187247514725,0.00025330446078442037,0.028588853776454926,0.01911725476384163]",0.043997690081596375,"[-0.17198988795280457,-0.1291349083185196,0.9790389537811279,0.9837896823883057,0.004272193647921085,0.10621019452810287,0.1444261372089386]","[0.3014707565307617,-0.3541892170906067,0.9152673482894897,0.7173178791999817,0.02218376100063324,-0.008261056616902351,0.6963436603546143]","[-0.3005594313144684,-0.13075114786624908,0.7805474996566772]","[0.034789424389600754,0.1489153951406479,0.6945762634277344,0.70297771692276]",1.1920928955078125e-07,0.0,0.0,False,False,0.019723474979400635
66,1,15,False,"[-0.3197185030516632,1.6612863845850376,0.913313099049287,0.4501167486453296,0.9832101613740868,0.26979779223282235,0.02310601576933069,-0.0022212841372280523,-0.08146738459050384,-0.046999787323597886,-0.00377879362233829,0.030337495480178833,0.018445952938211108,1.0310012009593168]","[-0.3188309669494629,1.661261796951294,0.9166368246078491,0.43919864296913147,0.9769460558891296,0.2776089906692505]",0.0,"[-0.0021758126094937325,-0.08100832998752594,-0.03606016933917999,-0.0032643142621964216,0.030117569491267204,0.01853165589272976]",0.04399702325463295,"[-0.16962485015392303,-0.1328524649143219,0.9783205986022949,0.9884911179542542,0.00020123553986195475,0.08513403683900833,0.12504960596561432]","[0.3015514016151428,-0.35429778695106506,0.9151183366775513,0.7180008888244629,0.021596495062112808,-0.008081409148871899,0.6956600546836853]","[-0.30055955052375793,-0.13075150549411774,0.7805474400520325]","[0.03479315713047981,0.1489185243844986,0.6945669651031494,0.7029861211776733]",5.960464477539063e-08,0.0,0.0,False,False,0.017076581716537476
67,1,16,False,"[-0.326370033067804,1.6626073217046664,0.8946715517376922,0.5091438714434697,1.0173712188265636,0.229011307819938,0.016286038403672487,-0.002358033926401576,-0.08324163603294688,-0.04743536891347089,-0.006478651427042542,0.03078078692992048,0.01773556811107202,1.0336548699225077]","[-0.32559335231781006,1.6623437404632568,0.8973250985145569,0.5002341866493225,1.0122750997543335,0.2352190911769867]",0.0,"[-0.0023390138521790504,-0.08286746591329575,-0.03603664040565491,-0.006073161959648132,0.030697420239448547,0.01783708669245243]",0.04399718716740608,"[-0.167650505900383,-0.13598036766052246,0.977371335029602,0.9917172193527222,-0.002982513979077339,0.0695965513586998,0.10790867358446121]","[0.3015836179256439,-0.3543812036514282,0.9149956107139587,0.7182763814926147,0.02102052792906761,-0.007999404333531857,0.6953942179679871]","[-0.3005593717098236,-0.13075104355812073,0.7805474400520325]","[0.03478516638278961,0.14891275763511658,0.6945794820785522,0.7029753923416138]",5.960464477539063e-08,0.0,0.0,False,False,0.013936340808868408
68,1,17,False,"[-0.3321566496984288,1.6645507518746492,0.8799243079610792,0.555020600517852,1.0436705763662313,0.19683168200799675,0.011576750163100669,-0.0020267586709663277,-0.08344715512097944,-0.04708701373168045,-0.007401038496704478,0.030026106341579817,0.0176936323554715,1.035737648172665]","[-0.3314761519432068,1.6641955375671387,0.8820214867591858,0.5480433702468872,1.0397157669067383,0.2017354816198349]",0.0,"[-0.0020629488863050938,-0.08338611572980881,-0.036034196615219116,-0.007249496877193451,0.030110331252217293,0.01771179772913456]",0.043997474014759064,"[-0.16599971055984497,-0.13859540224075317,0.9762737154960632,0.9938610196113586,-0.006066384259611368,0.058540213853120804,0.09368197619915009]","[0.30154019594192505,-0.35440149903297424,0.9149220585823059,0.7179844975471497,0.020735913887619972,-0.007814311422407627,0.6957061886787415]","[-0.30055925250053406,-0.13075074553489685,0.7805474996566772]","[0.03478274494409561,0.14891685545444489,0.6945884823799133,0.7029657363891602]",1.1920928955078125e-07,0.0,0.0,False,False,0.011052817106246948
69,1,18,False,"[-0.3370992229229824,1.667243915978272,0.8697123650392505,0.5901159128019126,1.063463327589703,0.1725613788316909,0.007080612813291531,-0.0014917040623806666,-0.08251270444317371,-0.04601881935266694,-0.007853968472685303,0.028816094415786364,0.01737038167724908,1.0370764439165232]","[-0.3365109860897064,1.6668016910552979,0.8712044358253479,0.5847615599632263,1.0604723691940308,0.17628832161426544]",0.0,"[-0.0015571346739307046,-0.08309578895568848,-0.03604491800069809,-0.007781711407005787,0.02897842973470688,0.017413761466741562]",0.043998561799526215,"[-0.16454890370368958,-0.14051029086112976,0.9753392338752747,0.9952821135520935,-0.008358830586075783,0.05066274106502533,0.08232145756483078]","[0.3014591634273529,-0.3543825149536133,0.9148451685905457,0.7174263000488281,0.02032104879617691,-0.007626952603459358,0.6962960958480835]","[-0.30055946111679077,-0.1307511329650879,0.7805474996566772]","[0.034789834171533585,0.14891450107097626,0.6945765614509583,0.7029776573181152]",1.1920928955078125e-07,0.0,0.0,False,False,0.009974025189876556
70,1,19,False,"[-0.3414107948229827,1.6705229041399527,0.8598978188679193,0.6223667852567241,1.0811307783735056,0.15127275282952046,0.001956338965343085,-0.0007073229470045406,-0.07924918784893675,-0.0443792423321705,-0.00723902228601539,0.026170179964858487,0.01722181387162619,1.037746961273713]","[-0.34090089797973633,1.6700166463851929,0.8612580299377441,0.6175783276557922,1.0785290002822876,0.154468834400177]",0.0,"[-0.0008020088425837457,-0.08010638505220413,-0.036070194095373154,-0.007319402415305376,0.026523234322667122,0.01724599301815033]",0.04399929568171501,"[-0.16331875324249268,-0.14221879839897156,0.9741497039794922,0.9963499307632446,-0.010446339845657349,0.04431090131402016,0.0722084641456604]","[0.30131593346595764,-0.35423216223716736,0.9146550893783569,0.7163350582122803,0.01932588219642639,-0.0067968773655593395,0.6974555850028992]","[-0.30055952072143555,-0.13075153529644012,0.7805473208427429]","[0.03478875756263733,0.1489136964082718,0.69456547498703,0.7029888033866882]",-5.960464477539063e-08,0.0,0.0,False,False,0.0098943579941988
71,1,20,False,"[-0.345418423310581,1.6732290438744326,0.8524950920925343,0.6491035588026761,1.0964860791999786,0.13409818209951413,-0.0036624032479395385,0.0006337986817304131,-0.07411785268152116,-0.04182027594014426,-0.005908028575724273,0.022706158487761086,0.01632102670032265,1.0380586693111016]","[-0.3449479937553406,1.6727744340896606,0.8535618185997009,0.6450948119163513,1.094225287437439,0.13670115172863007]",0.0,"[0.00047290671500377357,-0.07509949803352356,-0.03611336275935173,-0.006103403866291046,0.02318531833589077,0.016438545659184456]",0.04399999976158142,"[-0.16217219829559326,-0.14367370307445526,0.973328173160553,0.9971700310707092,-0.011648451909422874,0.039110615849494934,0.06313794106245041]","[0.30109703540802,-0.35398387908935547,0.9143778681755066,0.7147678732872009,0.017638850957155228,-0.005739206913858652,0.6991157531738281]","[-0.30055946111679077,-0.13075105845928192,0.7805474996566772]","[0.03478935360908508,0.14891435205936432,0.6945788860321045,0.702975332736969]",1.1920928955078125e-07,0.0,0.0,False,False,0.009999999776482582
72,1,21,False,"[-0.349248644501008,1.6766508109450287,0.8461540755670214,0.6711974432886527,1.1093425147436862,0.11915293518491277,-0.007984260462184478,0.0022874417679887293,-0.06657054209711388,-0.03854574686977408,-0.0032875819794553635,0.01760442957754671,0.015962032419926886,1.0381374608484448]","[-0.34879836440086365,1.676146388053894,0.847042977809906,0.6678738594055176,1.1074389219284058,0.12139511108398438]",0.0,"[0.0020862333476543427,-0.06767766177654266,-0.03617764636874199,-0.003666091710329056,0.018305635079741478,0.01602219045162201]",0.04399999976158142,"[-0.16106294095516205,-0.14490431547164917,0.9722681641578674,0.997764527797699,-0.013487613759934902,0.03520967438817024,0.05517495051026344]","[0.300800085067749,-0.3536210060119629,0.9140263795852661,0.712540328502655,0.015650562942028046,-0.004119096789509058,0.7014444470405579]","[-0.30055952072143555,-0.13075153529644012,0.7805473804473877]","[0.0347926989197731,0.14891962707042694,0.6945663690567017,0.702986478805542]",0.0,0.0,0.0,False,False,0.009999999776482582
73,1,22,False,"[-0.3523231539208121,1.6787762944637332,0.8397024706912175,0.692701822052072,1.1221677540807287,0.10603623945076868,-0.013495488098415498,0.00429837797165844,-0.056634931438459546,-0.03405999979830232,0.0010921155685519272,0.011014422831021109,0.015798109638629265,1.0374774743207706]","[-0.3519567847251892,1.6784008741378784,0.8405898213386536,0.6895449757575989,1.120314121246338,0.10799914598464966]",0.0,"[0.004054282326251268,-0.05795248970389366,-0.03428804501891136,0.0004897273611277342,0.011930887587368488,0.015825962647795677]",0.04399999976158142,"[-0.160231351852417,-0.14617973566055298,0.9714927077293396,0.998264729976654,-0.014332644641399384,0.03153138980269432,0.04762231558561325]","[0.30042436718940735,-0.3532780110836029,0.9143261313438416,0.709637463092804,0.014224531129002571,-0.0028958411421626806,0.7044174075126648]","[-0.300559401512146,-0.13075117766857147,0.7805474400520325]","[0.03478581830859184,0.14891375601291656,0.6945755481719971,0.7029790282249451]",5.960464477539063e-08,0.0,0.0,False,False,0.009999999776482582
74,1,23,False,"[-0.35539235714289813,1.680775512592872,0.8334161949635426,0.7123696483130068,1.1334368510574562,0.09423856571579403,-0.019062394267256755,0.007038105308660558,-0.04270474622669651,-0.02777552687341789,0.007768673803529795,0.0015460090377286684,0.01629198092941625,1.037399299611544]","[-0.3550359606742859,1.6804454326629639,0.8342714309692383,0.7094650268554688,1.131786823272705,0.09599734097719193]",0.0,"[0.006709876470267773,-0.0445360466837883,-0.028481490910053253,0.006863867864012718,0.0028518172912299633,0.01623160019516945]",0.04399999976158142,"[-0.15945595502853394,-0.14745363593101501,0.9706803560256958,0.9986536502838135,-0.015097935684025288,0.028386587277054787,0.0407085195183754]","[0.2999027371406555,-0.35299262404441833,0.9158884286880493,0.7054986357688904,0.01386868767440319,-0.0023122120182961226,0.7085716724395752]","[-0.30055925250053406,-0.13075095415115356,0.7805474996566772]","[0.03478438779711723,0.1489197313785553,0.6945834159851074,0.7029699683189392]",1.1920928955078125e-07,0.0,0.0,False,False,0.009999999776482582
75,1,24,False,"[-0.35786867409475226,1.6820059488525274,0.8299978546565516,0.7210710047725772,1.1382297535246209,0.08912224876543728,-0.022440408158669323,0.010862772231781226,-0.02273535457348752,-0.019223326616416347,0.01819764900246289,-0.012537642092155854,0.017772238653559647,1.036584194206432]","[-0.3575650751590729,1.681787371635437,0.830511212348938,0.7195954918861389,1.1374223232269287,0.09000087529420853]",0.0,"[0.010407859459519386,-0.025344137102365494,-0.020249683409929276,0.016779379919171333,-0.010601836256682873,0.0175744891166687]",0.04399999976158142,"[-0.15879809856414795,-0.1482931226491928,0.9700191020965576,0.9988328814506531,-0.015805428847670555,0.027018984779715538,0.036782365292310715]","[0.29914963245391846,-0.3525320291519165,0.9181721806526184,0.6993951797485352,0.013879882171750069,-0.0014538195682689548,0.7145988345146179]","[-0.3005593717098236,-0.13075104355812073,0.7805474996566772]","[0.034786809235811234,0.14891666173934937,0.6945798397064209,0.7029740810394287]",1.1920928955078125e-07,0.0,0.0,False,False,0.009999999776482582
76,1,25,False,"[-0.3601300880778444,1.6830935774105322,0.8278438475730139,0.7258557030244476,1.1407712764089497,0.08678359079040732,-0.02582872981069373,0.015266167091233393,0.0005630019526093877,-0.009536971993092336,0.030602841543350905,-0.028920182262873628,0.019419775896925173,1.035968938857784]","[-0.35985368490219116,1.682918667793274,0.8281642198562622,0.7250591516494751,1.1403534412384033,0.08719495683908463]",0.0,"[0.014734862372279167,-0.0025311775971204042,-0.01073174923658371,0.02886890433728695,-0.026615817099809647,0.019183022901415825]",0.04399999976158142,"[-0.158170685172081,-0.14888489246368408,0.9694457054138184,0.9989305734634399,-0.01629498042166233,0.026453765109181404,0.03423994034528732]","[0.2982546389102936,-0.35189419984817505,0.9208190441131592,0.6920897364616394,0.013903501443564892,-0.00042754411697387695,0.721677303314209]","[-0.30055949091911316,-0.13075144588947296,0.7805473208427429]","[0.03478757664561272,0.14891360700130463,0.6945680379867554,0.7029863595962524]",-5.960464477539063e-08,0.0,0.0,False,False,0.009999999776482582
77,1,26,False,"[-0.3622190241246448,1.6834669579401704,0.826072782421384,0.7297635584397103,1.1419282386974863,0.08481955904089,-0.028997555405078868,0.020757694458297393,0.029418021185608212,0.0029545062363374175,0.0473411669350572,-0.049964973982800864,0.021164084119424387,1.03503068729985]","[-0.3619631826877594,1.6833816766738892,0.8263276219367981,0.7291661500930786,1.1417343616485596,0.08512341231107712]",0.0,"[0.02010040357708931,0.025597983971238136,0.0014437902718782425,0.04502752423286438,-0.047027114778757095,0.02090967446565628]",0.04399999976158142,"[-0.15760411322116852,-0.14941242337226868,0.969113290309906,0.9989955425262451,-0.016483761370182037,0.026019012555480003,0.03254418820142746]","[0.29711973667144775,-0.35102367401123047,0.9243412613868713,0.6827191114425659,0.014419256709516048,0.00016008070087991655,0.730538547039032]","[-0.30055955052375793,-0.13075122237205505,0.7805474996566772]","[0.034793268889188766,0.14891958236694336,0.694573700428009,0.7029791474342346]",1.1920928955078125e-07,0.0,0.0,False,False,0.009999999776482582
78,1,27,False,"[-0.364155692589096,1.6839627076818067,0.8262472684649544,0.7277793184963935,1.1399044944022636,0.08638569777139443,-0.03218802439997581,0.027021362164502294,0.062110678139246756,0.016862079873528835,0.06637286866205135,-0.07388729582275089,0.02335116720658309,1.034781997772768]","[-0.3639128804206848,1.6838937997817993,0.8262600302696228,0.72795569896698,1.140138864517212,0.08622442930936813]",0.0,"[0.02626626007258892,0.057753872126340866,0.015150570310652256,0.06369467079639435,-0.07050731033086777,0.02303784340620041]",0.04399999976158142,"[-0.15701082348823547,-0.14961691200733185,0.9688333868980408,0.9989864826202393,-0.016715342178940773,0.026478778570890427,0.03233204036951065]","[0.2957995533943176,-0.34986674785614014,0.9282909035682678,0.6718005537986755,0.015030535869300365,0.0009115051361732185,0.7405789494514465]","[-0.3005591630935669,-0.1307506114244461,0.780547559261322]","[0.03478071838617325,0.14891737699508667,0.6945921778678894,0.7029619812965393]",1.7881393432617188e-07,0.0,0.0,False,False,0.009999999776482582
79,1,28,False,"[-0.3657910538006461,1.684374694122457,0.8261786555603001,0.726501118958899,1.1383391750179088,0.08643891225793732,-0.03487150683317164,0.0334173194469989,0.09548047463407394,0.03150532973527875,0.08603409221715656,-0.09849223872826862,0.0257321901434992,1.0340124508016422]","[-0.3655833303928375,1.6843181848526,0.8261908888816833,0.7266855835914612,1.1385691165924072,0.08641146123409271]",0.0,"[0.032637711614370346,0.09098375588655472,0.02968868613243103,0.0832313597202301,-0.09497004002332687,0.025386640802025795]",0.04399999976158142,"[-0.15650531649589539,-0.14979292452335358,0.9685757160186768,0.9989656209945679,-0.017394093796610832,0.02691766433417797,0.03225843235850334]","[0.29441016912460327,-0.348520427942276,0.9324917197227478,0.6602811813354492,0.015893567353487015,0.0015379587421193719,0.7508485913276672]","[-0.300559401512146,-0.1307513266801834,0.7805473804473877]","[0.034785665571689606,0.1489148885011673,0.6945716142654419,0.7029826045036316]",0.0,0.0,0.0,False,False,0.009999999776482582
80,1,29,False,"[-0.367449021901565,1.6850147278239922,0.827593243503975,0.7225314257941337,1.1354228339607992,0.08862430241206198,-0.03717690288082076,0.040336796444736714,0.13117113849461703,0.04713342683650312,0.10726186184319363,-0.12474866061399353,0.028388185275504185,1.033071062308215]","[-0.36724087595939636,1.684937834739685,0.8274333477020264,0.7230604887008667,1.1358211040496826,0.08834139257669449]",0.0,"[0.039496563374996185,0.12638624012470245,0.04519685357809067,0.10424590110778809,-0.12099992483854294,0.028003420680761337]",0.04399999976158142,"[-0.15593335032463074,-0.14974389970302582,0.9684361219406128,0.9989223480224609,-0.017756232991814613,0.027689583599567413,0.03274047374725342]","[0.29289841651916504,-0.34689801931381226,0.9369477033615112,0.6478175520896912,0.016886116936802864,0.00218757102265954,0.7616051435470581]","[-0.3005593717098236,-0.13075101375579834,0.7805474996566772]","[0.034788407385349274,0.1489170640707016,0.6945804357528687,0.7029733061790466]",1.1920928955078125e-07,0.0,0.0,False,False,0.009999999776482582
81,1,30,False,"[-0.36883452932626704,1.6858521359704506,0.8293129183736576,0.7183971080180593,1.1330449548625987,0.09144717018884396,-0.039707582680637676,0.047921682939229604,0.17018249735097812,0.06417426522695524,0.13090081595676376,-0.1538843753232748,0.03171732488332202,1.0316710706094268]","[-0.3686560392379761,1.6857538223266602,0.8290950655937195,0.7189903855323792,1.133394718170166,0.09105030447244644]",0.0,"[0.04700268805027008,0.164972722530365,0.06207317113876343,0.12755469977855682,-0.14974325895309448,0.03124161623418331]",0.04399999976158142,"[-0.1554039716720581,-0.14959432184696198,0.96831876039505,0.998883843421936,-0.01783681847155094,0.02850528061389923,0.03316894546151161]","[0.291202574968338,-0.34491103887557983,0.9417693018913269,0.6338694095611572,0.018162468448281288,0.0029263016767799854,0.7732211947441101]","[-0.3005593419075012,-0.13075096905231476,0.7805474996566772]","[0.03478647395968437,0.1489165872335434,0.6945818662643433,0.7029720544815063]",1.1920928955078125e-07,0.0,0.0,False,False,0.009999999776482582
82,1,31,False,"[-0.36999308072818793,1.6851716390859246,0.8297691039294696,0.7152547496114602,1.1309599077059171,0.09422795754177415,-0.041623083216057455,0.05679047890965934,0.21596982133908682,0.08430358415445449,0.15846561759135996,-0.1880785089965021,0.03517802258569008,1.03062704396873]","[-0.3698446750640869,1.6852390766143799,0.8296929001808167,0.7157313823699951,1.131269931793213,0.09382224082946777]",0.0,"[0.05572298914194107,0.20990823209285736,0.08185082674026489,0.1545863151550293,-0.1832491159439087,0.03467373177409172]",0.04399999976158142,"[-0.15504908561706543,-0.14969965815544128,0.9683820009231567,0.9988612532615662,-0.01739531196653843,0.029098663479089737,0.033568400889635086]","[0.2891784608364105,-0.3423152267932892,0.9473150372505188,0.6173595786094666,0.019469624385237694,0.0036770934239029884,0.7864314913749695]","[-0.30055946111679077,-0.13075143098831177,0.7805473804473877]","[0.034787487238645554,0.14891402423381805,0.694568932056427,0.702985405921936]",0.0,0.0,0.0,False,False,0.010118335485458374
83,1,32,False,"[-0.37090944406490006,1.6839077629778014,0.8310883763317685,0.7084867830951904,1.127659431894517,0.09872084589217034,-0.04386287765336461,0.06606853241730518,0.2634227992114988,0.10525450330473729,0.18604732037302676,-0.22364665858155064,0.0389654451069148,1.0283236421551119]","[-0.3707880675792694,1.6840726137161255,0.830920934677124,0.709409773349762,1.128117561340332,0.09809505939483643]",0.0,"[0.06493989378213882,0.2570793628692627,0.10265921801328659,0.18209491670131683,-0.21855545043945312,0.03841591626405716]",0.04399999976158142,"[-0.15477120876312256,-0.14974252879619598,0.9685804843902588,0.9988035559654236,-0.01701006107032299,0.030128974467515945,0.034556593745946884]","[0.2869768440723419,-0.3392650783061981,0.9529314637184143,0.599658727645874,0.020527763292193413,0.0048606544733047485,0.7999776601791382]","[-0.30055952072143555,-0.13075119256973267,0.7805474400520325]","[0.03479227423667908,0.1489207148551941,0.6945746541023254,0.7029780745506287]",5.960464477539063e-08,0.0,0.0,False,False,0.010618746280670166
84,1,33,False,"[-0.3715184089562349,1.682120087297257,0.8326067460361142,0.6988838073111626,1.1237226732890595,0.10412242286700646,-0.045309168654504406,0.07618008584699518,0.31538263520849186,0.1280488440207772,0.21592803174722414,-0.2627096798069369,0.04256237164312404,1.026160161061945]","[-0.3714323937892914,1.6823660135269165,0.8323975205421448,0.7002227306365967,1.1242799758911133,0.10335227102041245]",0.0,"[0.07495422661304474,0.3084816336631775,0.1252400428056717,0.211676687002182,-0.25714200735092163,0.04203133285045624]",0.04399999976158142,"[-0.1546040177345276,-0.14977197349071503,0.9687879681587219,0.998705267906189,-0.01707867905497551,0.031637515872716904,0.03598910942673683]","[0.2844908535480499,-0.3355683386325836,0.9587949514389038,0.5800058841705322,0.021291960030794144,0.006188288796693087,0.8143103718757629]","[-0.3005593717098236,-0.13075095415115356,0.7805474996566772]","[0.03478763997554779,0.14891529083251953,0.6945821046829224,0.7029720544815063]",1.1920928955078125e-07,0.0,0.0,False,False,0.011580288410186768
85,1,34,False,"[-0.3719810831501824,1.6806422541972348,0.8350782942405559,0.687778866596328,1.120110214526587,0.11034973017799798,-0.04610841631525431,0.08669147313240105,0.3698640260876711,0.15181023419097522,0.2481132507154587,-0.3039303371354333,0.04629245272858823,1.0241942294482222]","[-0.3719153106212616,1.680864930152893,0.834750771522522,0.689362108707428,1.1206374168395996,0.10945557802915573]",0.0,"[0.0854126438498497,0.36261114478111267,0.1488778293132782,0.24353118240833282,-0.29802677035331726,0.04574678838253021]",0.04399999976158142,"[-0.1544364094734192,-0.149658203125,0.9690477252006531,0.9985963702201843,-0.01718488708138466,0.03336711972951889,0.03736988827586174]","[0.28176915645599365,-0.3312731385231018,0.9647471308708191,0.5588676333427429,0.022147774696350098,0.007368106860667467,0.8289283514022827]","[-0.300559401512146,-0.1307513415813446,0.7805474400520325]","[0.03478975221514702,0.14892031252384186,0.6945719718933105,0.7029808759689331]",5.960464477539063e-08,0.0,0.0,False,False,0.012199699878692627
86,1,35,False,"[-0.37245626484758104,1.679456669376378,0.8390197340399961,0.675607102447524,1.1166016603170572,0.11778760826751145,-0.04702302693389604,0.09706330553558012,0.42431380714608524,0.17606528088703383,0.28037334477434334,-0.34513337657705945,0.05007456758564416,1.0230614569174548]","[-0.3723914921283722,1.6796427965164185,0.8385087847709656,0.6773591637611389,1.1171098947525024,0.11672302335500717]",0.0,"[0.0957949310541153,0.41703683137893677,0.17306648194789886,0.2757386863231659,-0.339185506105423,0.04952055588364601]",0.04399999976158142,"[-0.15418726205825806,-0.14933308959007263,0.9695302844047546,0.9984943866729736,-0.016714133322238922,0.035136204212903976,0.03866364806890488]","[0.2789268493652344,-0.326551228761673,0.9706132411956787,0.5372686386108398,0.023095887154340744,0.008363253436982632,0.84305340051651]","[-0.3005594313144684,-0.13075101375579834,0.7805474996566772]","[0.03478890284895897,0.14891426265239716,0.6945803165435791,0.7029739618301392]",1.1920928955078125e-07,0.0,0.0,False,False,0.012268900871276855
87,1,36,False,"[-0.37252584569734865,1.6772638731210607,0.8425173128349664,0.6635595711271377,1.112000337742606,0.1248042354726947,-0.04732756800699067,0.10645941751678761,0.47319691855991974,0.1975970715616161,0.3078527514656141,-0.3807322816633583,0.052619843786694265,1.0213219872368793]","[-0.3725031614303589,1.6775660514831543,0.8420347571372986,0.6653174161911011,1.1126452684402466,0.12377167493104935]",0.0,"[0.10529458522796631,0.4665992558002472,0.19487085938453674,0.3038049042224884,-0.37548351287841797,0.052223026752471924]",0.04399999976158142,"[-0.15409982204437256,-0.14905478060245514,0.9702101945877075,0.9983656406402588,-0.016071919351816177,0.036868106573820114,0.040600553154945374]","[0.2762497663497925,-0.3218938708305359,0.9754854440689087,0.5178014636039734,0.023238927125930786,0.009565579704940319,0.8551315665245056]","[-0.30055952072143555,-0.13075150549411774,0.7805473208427429]","[0.034788332879543304,0.14891333878040314,0.6945661902427673,0.7029882073402405]",-5.960464477539063e-08,0.0,0.0,False,False,0.01116931438446045
88,1,37,False,"[-0.3720235050916464,1.673734952479434,0.8476018897517731,0.6468123334403528,1.103057591401607,0.1332435614981688,-0.04690698640984192,0.11242785381058165,0.5064956061840253,0.21262787149216794,0.3220806044011585,-0.4042151452023045,0.05308693919044971,1.0199579992912846]","[-0.37205976247787476,1.674214482307434,0.8469370007514954,0.6491709351539612,1.1042683124542236,0.13203279674053192]",0.0,"[0.1116505041718483,0.5018374919891357,0.210616335272789,0.31977126002311707,-0.40058305859565735,0.05297613888978958]",0.04399999976158142,"[-0.15418647229671478,-0.14857247471809387,0.9713425040245056,0.9981113076210022,-0.015430665574967861,0.039228085428476334,0.04468594491481781]","[0.2743445932865143,-0.3183583617210388,0.9784859418869019,0.5043298602104187,0.021902520209550858,0.011423315852880478,0.8631576299667358]","[-0.30055955052375793,-0.13075147569179535,0.7805474996566772]","[0.034793056547641754,0.14891785383224487,0.6945675611495972,0.7029856443405151]",1.1920928955078125e-07,0.0,0.0,False,False,0.009999999776482582
89,1,38,False,"[-0.3715089681677238,1.6721538974399506,0.8550696561108194,0.627802018886055,1.0944806460095724,0.14408353836289006,-0.04801843001434292,0.11875884656504117,0.541424631350546,0.2280219361160502,0.3401929697998773,-0.4309774689715982,0.05510666273499404,1.0200044199532836]","[-0.3715542256832123,1.6724531650543213,0.85409015417099,0.6305223107337952,1.095711588859558,0.14254318177700043]",0.0,"[0.11798767000436783,0.5367865562438965,0.2260873019695282,0.33761832118034363,-0.42713257670402527,0.05483395978808403]",0.04399999976158142,"[-0.15412691235542297,-0.14764465391635895,0.9724271893501282,0.9978165626525879,-0.014494828879833221,0.04209298640489578,0.048787184059619904]","[0.2723516821861267,-0.3147328197956085,0.981452465057373,0.4900760054588318,0.021383509039878845,0.013021938502788544,0.8713200092315674]","[-0.30055952072143555,-0.13075146079063416,0.7805473804473877]","[0.034788407385349274,0.14891217648983002,0.6945672035217285,0.7029874324798584]",0.0,0.0,0.0,False,False,0.009999999776482582
90,1,39,False,"[-0.3708817462852983,1.6694518521076067,0.8629656362790932,0.6056271934283594,1.0837739092404575,0.15723801987102826,-0.04819778216360315,0.1257403481150273,0.5796112398914549,0.245073769549082,0.35956275531042653,-0.46024473012182887,0.056688280295670634,1.0199592003141091]","[-0.37093809247016907,1.669857382774353,0.8619011640548706,0.6087989807128906,1.0852779150009155,0.15535998344421387]",0.0,"[0.12489917874336243,0.5745983719825745,0.2429646998643875,0.3567955195903778,-0.456054151058197,0.05645081773400307]",0.04399999976158142,"[-0.15413321554660797,-0.1467062085866928,0.9737189412117004,0.9974279999732971,-0.013084369711577892,0.04557739943265915,0.05374714732170105]","[0.2701164186000824,-0.31065046787261963,0.9845215082168579,0.47439873218536377,0.020706752315163612,0.014598538167774677,0.8799454569816589]","[-0.3005593717098236,-0.13075116276741028,0.7805474996566772]","[0.034789104014635086,0.14892014861106873,0.6945767998695374,0.7029762864112854]",1.1920928955078125e-07,0.0,0.0,False,False,0.009999999776482582
91,1,40,False,"[-0.36954608901457353,1.6651533471458928,0.8688602368974586,0.5847798638050427,1.0738136401216294,0.16939725174223813,-0.046697148730270976,0.1352747664793718,0.6309252270694743,0.2677574104368443,0.3849775951326838,-0.4983739456658176,0.057955656047619986,1.0175947816597106]","[-0.3696814477443695,1.665757656097412,0.8680095672607422,0.587837815284729,1.0752604007720947,0.1676035225391388]",0.0,"[0.13414441049098969,0.6243341565132141,0.26501408219337463,0.3814236521720886,-0.49301427602767944,0.057762544602155685]",0.04399999976158142,"[-0.15449842810630798,-0.14610326290130615,0.9750632643699646,0.9969982504844666,-0.011710397899150848,0.04899946600198746,0.05879119038581848]","[0.26707035303115845,-0.30502817034721375,0.9881566166877747,0.4539756774902344,0.01941433548927307,0.01664198935031891,0.8906469941139221]","[-0.3005593419075012,-0.13075093924999237,0.7805474996566772]","[0.0347873792052269,0.1489187628030777,0.6945829391479492,0.702970564365387]",1.1920928955078125e-07,0.0,0.0,False,False,0.011256277561187744
92,1,41,False,"[-0.36782065580926704,1.6608940346591106,0.8747595622114888,0.5628256465118869,1.0639784293953967,0.18195951140751634,-0.045333970375381116,0.14579764051613398,0.6870652420056489,0.2925710492027339,0.41352459930685614,-0.5405155999263804,0.059274050370967835,1.016342017481024]","[-0.3680075705051422,1.661522388458252,0.8739246129989624,0.5660082101821899,1.0654023885726929,0.18012498319149017]",0.0,"[0.14452891051769257,0.6797343492507935,0.2895292639732361,0.40947356820106506,-0.5344956517219543,0.059079911559820175]",0.04399999976158142,"[-0.15502746403217316,-0.145531564950943,0.976332426071167,0.9965077638626099,-0.01061878353357315,0.052709296345710754,0.06388310343027115]","[0.2635030746459961,-0.2984744906425476,0.9918301105499268,0.430757075548172,0.018095988780260086,0.01864791102707386,0.9020936489105225]","[-0.3005593419075012,-0.13075107336044312,0.7805474996566772]","[0.034786928445100784,0.14891718327999115,0.6945791840553284,0.7029745578765869]",1.1920928955078125e-07,0.0,0.0,False,False,0.012548565864562988
93,1,42,False,"[-0.3660098857799919,1.6562046448307215,0.8804100227563497,0.5416955349117254,1.055336146711342,0.19468209796416522,-0.04404842115280638,0.15763104024848967,0.7483378236884657,0.31968843357115573,0.4468793901408095,-0.5870332860981169,0.061149693765075785,1.0136494854769909]","[-0.36621522903442383,1.6568777561187744,0.8796062469482422,0.5447902679443359,1.0566076040267944,0.1928221732378006]",0.0,"[0.15620368719100952,0.7403230667114258,0.316376656293869,0.44215673208236694,-0.5803701877593994,0.06088397279381752]",0.04399999976158142,"[-0.15562932193279266,-0.14507092535495758,0.9777238965034485,0.9960242509841919,-0.009096387773752213,0.05625756457448006,0.06846916675567627]","[0.2593473792076111,-0.29099977016448975,0.9955085515975952,0.4046308100223541,0.017264453694224358,0.020181678235530853,0.9140943884849548]","[-0.3005595803260803,-0.13075138628482819,0.7805474400520325]","[0.03479272127151489,0.14892029762268066,0.6945695877075195,0.7029831409454346]",5.960464477539063e-08,0.0,0.0,False,False,0.013741791248321533
94,1,43,False,"[-0.3641931892776336,1.6533391258403034,0.887592681763691,0.5214567085350418,1.0492448791995903,0.20788053582524274,-0.0421633883362702,0.17033435247696715,0.8135228829761016,0.348510803010794,0.48431021315578676,-0.6376056095655029,0.06339689339056948,1.0106790271392572]","[-0.36440423130989075,1.6538114547729492,0.8866091966629028,0.5244272947311401,1.0501705408096313,0.20595672726631165]",0.0,"[0.16879746317863464,0.8049763441085815,0.3449939489364624,0.4789833128452301,-0.630340576171875,0.0630742609500885]",0.04399999976158142,"[-0.1561008095741272,-0.14433857798576355,0.9790937900543213,0.995610237121582,-0.00713005568832159,0.05953841283917427,0.07186388224363327]","[0.2546382248401642,-0.2827188968658447,0.9989423751831055,0.3758282959461212,0.01686398684978485,0.021141134202480316,0.9262945652008057]","[-0.3005593717098236,-0.1307511031627655,0.7805474996566772]","[0.03478837013244629,0.14891712367534637,0.6945777535438538,0.7029759883880615]",1.1920928955078125e-07,0.0,0.0,False,False,0.01468348503112793
95,1,44,False,"[-0.36213719008996625,1.6497258069633784,0.8934306362831856,0.5040267217570457,1.0452321119027697,0.2193695636750932,-0.0399173370235032,0.18377261449556165,0.8808161794513788,0.37811055754935713,0.5242551583083689,-0.6903075669654046,0.06614510262475931,1.0080803770800415]","[-0.3623783588409424,1.6502493619918823,0.8925871253013611,0.506624698638916,1.0458526611328125,0.2176562249660492]",0.0,"[0.18214403092861176,0.8719679117202759,0.3744931221008301,0.518527626991272,-0.682689368724823,0.06575094908475876]",0.04399999976158142,"[-0.1566973179578781,-0.14381083846092224,0.9805442094802856,0.9952769875526428,-0.005010220222175121,0.062167663127183914,0.07438817620277405]","[0.24944183230400085,-0.27386754751205444,1.0018126964569092,0.34517577290534973,0.01672470010817051,0.021792089566588402,0.9381359219551086]","[-0.30055952072143555,-0.13075150549411774,0.7805474400520325]","[0.034792881458997726,0.14891885221004486,0.6945670247077942,0.702985942363739]",5.960464477539063e-08,0.0,0.0,False,False,0.015239357948303223
96,1,45,False,"[-0.35997964406611704,1.6458418057653226,0.8974320175610624,0.4890515248526489,1.0422847216786542,0.23028484276438685,-0.036402179927301215,0.19595179133542798,0.9419557989265426,0.40543495754458103,0.5598187607238919,-0.7380469999011332,0.06798789620801848,1.0060937357575992]","[-0.3602376878261566,1.6464033126831055,0.8968137502670288,0.49128633737564087,1.0427340269088745,0.22867193818092346]",0.0,"[0.19445215165615082,0.9338005185127258,0.4020490348339081,0.5545899271965027,-0.7310080528259277,0.06770019978284836]",0.04399999976158142,"[-0.15741793811321259,-0.14354842901229858,0.9817759394645691,0.9949868321418762,-0.002812206745147705,0.06446130573749542,0.07640630751848221]","[0.24440747499465942,-0.26544737815856934,1.0038073062896729,0.31656455993652344,0.01637069322168827,0.022174814715981483,0.9481704235076904]","[-0.3005594313144684,-0.13075104355812073,0.7805474996566772]","[0.03478952869772911,0.14891739189624786,0.694579541683197,0.7029740810394287]",1.1920928955078125e-07,0.0,0.0,False,False,0.01408541202545166
97,1,46,False,"[-0.3574506610269093,1.6402751713784358,0.8978542503209725,0.4792164968924303,1.0421889514153246,0.23734290431679897,-0.033097875679420574,0.2079983471080512,1.0036939390704285,0.4333496133335696,0.5961641896260829,-0.7863899408976938,0.07013096877915664,1.0050294027120525]","[-0.3577556610107422,1.641016960144043,0.8976858854293823,0.48074856400489807,1.0422605276107788,0.23623594641685486]",0.0,"[0.20652976632118225,0.9955517053604126,0.42992323637008667,0.5908947587013245,-0.7793403267860413,0.06981832534074783]",0.04399999976158142,"[-0.1584351360797882,-0.14386141300201416,0.9828994274139404,0.9948246479034424,-0.0010551792802289128,0.06570639461278915,0.07749513536691666]","[0.23918917775154114,-0.2568264901638031,1.005214810371399,0.28776079416275024,0.016100870445370674,0.022331852465867996,0.9573065042495728]","[-0.3005594313144684,-0.1307511329650879,0.7805474996566772]","[0.03478948399424553,0.14891517162322998,0.6945768594741821,0.7029772400856018]",1.1920928955078125e-07,0.0,0.0,False,False,0.014094293117523193
98,1,47,False,"[-0.3550912707854415,1.6350967113539996,0.8986269783535006,0.46826191410092743,1.0427790362021725,0.24593708243628112,-0.030235369409354118,0.21995335025682805,1.062732155088506,0.4606409234933056,0.6300078081575982,-0.8320767542664682,0.07150568921460643,1.0010039501923755]","[-0.35538482666015625,1.6358150243759155,0.8984659314155579,0.46984633803367615,1.042716383934021,0.24469850957393646]",0.0,"[0.21849596500396729,1.0549099445343018,0.4572714865207672,0.6250465512275696,-0.8253580331802368,0.07128782570362091]",0.04399999976158142,"[-0.15941445529460907,-0.1442284882068634,0.9839122295379639,0.9946965575218201,0.0008382427040487528,0.06701412051916122,0.0780201405286789]","[0.2338901311159134,-0.24837744235992432,1.0059703588485718,0.25987496972084045,0.015625281259417534,0.0222686268389225,0.9652589559555054]","[-0.30055952072143555,-0.13075152039527893,0.7805474400520325]","[0.03479219228029251,0.14891870319843292,0.6945664882659912,0.7029865384101868]",5.960464477539063e-08,0.0,0.0,False,False,0.013573408126831055
99,1,48,False,"[-0.35271743951999895,1.6305700717006117,0.8994613328595662,0.45847604974109035,1.0439405547448257,0.2529226620751064,-0.02800618693510959,0.23082341996363664,1.1154307198786964,0.4838429627103089,0.6608800686500083,-0.871746521200869,0.07225641349857043,0.9970119216545223]","[-0.35301095247268677,1.6312065124511719,0.899297833442688,0.45991864800453186,1.043787956237793,0.2518727481365204]",0.0,"[0.22948427498340607,1.108391523361206,0.4809246063232422,0.6563260555267334,-0.8658329844474792,0.0721302479505539]",0.04395051300525665,"[-0.16035795211791992,-0.14453089237213135,0.9848328828811646,0.9945984482765198,0.002268874319270253,0.06810390949249268,0.078298419713974]","[0.22892972826957703,-0.24077612161636353,1.0057659149169922,0.23495109379291534,0.01498294249176979,0.02216491289436817,0.9716388583183289]","[-0.300559401512146,-0.13075120747089386,0.7805474400520325]","[0.03478612005710602,0.14891408383846283,0.694574773311615,0.7029796838760376]",5.960464477539063e-08,0.0,0.0,False,False,0.012253761291503906
100,1,49,False,"[-0.3500742678957071,1.62496740482216,0.9004171149202221,0.44706997297885664,1.044279993750755,0.26244802629698816,-0.025031670213002677,0.2420858534943992,1.1697689570243843,0.5081909059078982,0.6920723995141969,-0.9127427773705165,0.07286433498907602,0.9901140564903059]","[-0.3503953814506531,1.6257126331329346,0.9002416729927063,0.4487029016017914,1.0442209243774414,0.2610977590084076]",0.0,"[0.24071766436100006,1.1626286506652832,0.5051910281181335,0.6875253915786743,-0.906757652759552,0.07276787608861923]",0.043770067393779755,"[-0.16142024099826813,-0.1449049413204193,0.985957682132721,0.9944512248039246,0.004590076860040426,0.06941130757331848,0.07891634851694107]","[0.22370699048042297,-0.23302121460437775,1.0049974918365479,0.2095375508069992,0.014209756627678871,0.022038111463189125,0.9774488806724548]","[-0.30055922269821167,-0.13075073063373566,0.780547559261322]","[0.03478216752409935,0.14891675114631653,0.6945888996124268,0.7029653191566467]",1.7881393432617188e-07,0.0,0.0,False,False,0.012455582618713379
101,2,0,True,"[-0.3470410675165218,1.6204811317361847,0.9028220664197398,0.43263928840468946,1.0430623023475156,0.2736562924502907,-0.022007820856753013,0.2515224040189301,1.215811856881017,0.5289270856150804,0.7172392071921242,-0.9459453834552861,0.07254695545323459,0.9817003700432796]","[-0.34740352630615234,1.6211270093917847,0.9024643898010254,0.43467989563941956,1.0432089567184448,0.272052526473999]",0.0,"[0.25035035610198975,1.2096214294433594,0.5263161659240723,0.7134577035903931,-0.9409411549568176,0.07257267087697983]",0.04347364604473114,"[-0.16252869367599487,-0.144987553358078,0.9869474768638611,0.9941852688789368,0.006681782193481922,0.07148043811321259,0.08025837689638138]","[0.21908152103424072,-0.22625425457954407,1.0037680864334106,0.188092440366745,0.013257603161036968,0.021992117166519165,0.9818155765533447]","[-0.30055949091911316,-0.1307511031627655,0.7805474400520325]","[0.03479095548391342,0.14892111718654633,0.6945773363113403,0.7029754519462585]",5.960464477539063e-08,0.0,0.0,False,False,0.01081991195678711
102,2,1,False,"[-0.34338280913250013,1.6160008911941057,0.9058296357287785,0.4154972259445612,1.041048827300743,0.2874421477335045,-0.01874017036759501,0.25986961615997106,1.2557514330153623,0.5469937194172091,0.7376992245831996,-0.9736458144531721,0.07139771767699526,0.9724623473142684]","[-0.3438163101673126,1.6166318655014038,0.9053801894187927,0.4179361164569855,1.0413209199905396,0.2854768931865692]",0.0,"[0.25883615016937256,1.2503852844238281,0.5447109937667847,0.734610378742218,-0.9694657921791077,0.07154550403356552]",0.04309077560901642,"[-0.16381196677684784,-0.14494076371192932,0.9878973960876465,0.9938138127326965,0.009031361900269985,0.07421723753213882,0.08212429285049438]","[0.21494993567466736,-0.2203761637210846,1.0022298097610474,0.16992348432540894,0.012119870632886887,0.02209552563726902,0.9851348996162415]","[-0.30055946111679077,-0.13075128197669983,0.7805474400520325]","[0.03478677570819855,0.14891256392002106,0.6945723295211792,0.7029823660850525]",5.960464477539063e-08,0.0,0.0,False,False,0.009999999776482582
103,2,2,False,"[-0.3397015360765095,1.6118265042318483,0.9094371896789071,0.3966746366110928,1.038116192739059,0.3028301528959878,-0.015348913267441366,0.26704522298855315,1.2896022337280333,0.5623897391864096,0.7544304556217466,-0.9962062061178208,0.06986139584756812,0.9620794295188173]","[-0.34014618396759033,1.6124223470687866,0.9089034795761108,0.3993784487247467,1.038520336151123,0.30061429738998413]",0.0,"[0.2661537230014801,1.2850393056869507,0.5604358315467834,0.7519032955169678,-0.9927858710289001,0.0700744092464447]",0.0426328219473362,"[-0.16510581970214844,-0.14481031894683838,0.9887943863868713,0.9933558106422424,0.011564533226191998,0.07748044282197952,0.08430394530296326]","[0.21134744584560394,-0.2153792381286621,1.0006107091903687,0.1548459827899933,0.011024974286556244,0.022156616672873497,0.9876286387443542]","[-0.300559401512146,-0.13075104355812073,0.7805474400520325]","[0.03478576987981796,0.14891235530376434,0.6945796608924866,0.7029752731323242]",5.960464477539063e-08,0.0,0.0,False,False,0.009999999776482582
104,2,3,False,"[-0.3352300655539904,1.608721902059469,0.914065898884564,0.37512027738068776,1.0345298186965612,0.3202095468767948,-0.011984690186887081,0.27303700502615724,1.318695304690777,0.5756972225958454,0.7677459712720652,-1.0145218951452688,0.06797559503935774,0.9496937306034379]","[-0.335757851600647,1.6091946363449097,0.9133978486061096,0.37820562720298767,1.0350303649902344,0.3177070915699005]",0.0,"[0.2722891867160797,1.314782977104187,0.574005126953125,0.7657234072685242,-1.0117387771606445,0.0682419016957283]",0.04208803549408913,"[-0.1665676087141037,-0.144412562251091,0.9894711971282959,0.9927784204483032,0.013852792792022228,0.08150219172239304,0.08692827075719833]","[0.2082437127828598,-0.21106524765491486,0.9989520311355591,0.14248165488243103,0.009905044920742512,0.02235611341893673,0.9894952774047852]","[-0.30055922269821167,-0.13075071573257446,0.780547559261322]","[0.03478294610977173,0.14891645312309265,0.6945893168449402,0.7029649615287781]",1.7881393432617188e-07,0.0,0.0,False,False,0.009999999776482582
105,2,4,False,"[-0.3306952124484287,1.6055344129526428,0.9189586446804765,0.3527479550206372,1.0297215369371,0.33801274418306726,-0.007913202931632113,0.27783608134122034,1.3406936492097599,0.5857907708698697,0.7759228731809471,-1.0271361045581617,0.0655314833464295,0.935435697553769]","[-0.33124011754989624,1.6059950590133667,0.9182491302490234,0.3559879958629608,1.030389428138733,0.3354196548461914]",0.0,"[0.2772318720817566,1.3376803398132324,0.5844849348068237,0.7746195197105408,-1.0251623392105103,0.06587634235620499]",0.041449204087257385,"[-0.1680787205696106,-0.14397673308849335,0.9901634454727173,0.9920953512191772,0.016133099794387817,0.08591704070568085,0.09002634882926941]","[0.2057761251926422,-0.20774580538272858,0.9974112510681152,0.13343140482902527,0.00868469849228859,0.022819770500063896,0.990757167339325]","[-0.30055952072143555,-0.13075149059295654,0.7805473804473877]","[0.03478837385773659,0.14891265332698822,0.6945667266845703,0.702987790107727]",0.0,0.0,0.0,False,False,0.009999999776482582
106,2,5,False,"[-0.32554569583447235,1.603175268162012,0.9252276012570815,0.3286059679629533,1.0236025351368747,0.3569670988731954,-0.003464546746884123,0.28211737517145746,1.3593376071220535,0.5945486032738674,0.7832419705499982,-1.0376262439720068,0.06320390539286408,0.9174930839161906]","[-0.3261549472808838,1.6035435199737549,0.9243499040603638,0.33209261298179626,1.0244547128677368,0.354215145111084]",0.0,"[0.2815847396850586,1.3568187952041626,0.5934314131736755,0.7821399569511414,-1.0360276699066162,0.06354396045207977]",0.04067651927471161,"[-0.16971391439437866,-0.14326141774654388,0.9908667206764221,0.9912605285644531,0.018408970907330513,0.09089265018701553,0.09381894767284393]","[0.20363293588161469,-0.2049771249294281,0.9960997700691223,0.12592068314552307,0.007727331947535276,0.022907570004463196,0.99174565076828]","[-0.30055949091911316,-0.1307513415813446,0.7805474400520325]","[0.03478984907269478,0.14891619980335236,0.6945711970329285,0.7029826045036316]",5.960464477539063e-08,0.0,0.0,False,False,0.009999999776482582
107,2,6,False,"[-0.31940551966499825,1.60014791398127,0.9316756872460162,0.3026173222364048,1.0155537935206471,0.37632074784305436,-0.00016318052171571118,0.28404781891167846,1.3677893897888982,0.5988101396682897,0.7841795809635433,-1.039988230868782,0.06009743456953204,0.8999627985742169]","[-0.320125550031662,1.6005818843841553,0.9307554960250854,0.30637127161026,1.0166724920272827,0.37349727749824524]",0.0,"[0.28377586603164673,1.3665019273757935,0.5982270240783691,0.7839216589927673,-1.0394762754440308,0.06053682789206505]",0.03983126953244209,"[-0.1716930866241455,-0.14249129593372345,0.9916735887527466,0.9902107119560242,0.020452477037906647,0.09649781882762909,0.0987553671002388]","[0.20254693925380707,-0.203488290309906,0.9953202605247498,0.1231561005115509,0.0068327090702950954,0.02284984476864338,0.9921005964279175]","[-0.30055928230285645,-0.1307508796453476,0.7805474996566772]","[0.03478420898318291,0.14891621470451355,0.6945849657058716,0.7029691934585571]",1.1920928955078125e-07,0.0,0.0,False,False,0.009999999776482582
108,2,7,False,"[-0.31193172736347713,1.5968782969479274,0.9391547249598532,0.2723759088812619,1.0040924547371692,0.3983109621083208,0.004766934530032851,0.2835482764957678,1.3649303241433253,0.5987365378463548,0.7784882622762072,-1.0346144659216194,0.0573185188637082,0.8833588434295068]","[-0.31280237436294556,1.5973570346832275,0.9380976557731628,0.2767053246498108,1.005675196647644,0.3951413333415985]",0.0,"[0.2835654616355896,1.3650901317596436,0.5987056493759155,0.7791886925697327,-1.0352309942245483,0.05772947147488594]",0.03896360844373703,"[-0.1741238534450531,-0.14155329763889313,0.9925239682197571,0.9887759685516357,0.022416459396481514,0.10347659140825272,0.10541363805532455]","[0.20266179740428925,-0.20346032083034515,0.9954183101654053,0.12539251148700714,0.00617202278226614,0.02275879494845867,0.9918268322944641]","[-0.3005594313144684,-0.1307511329650879,0.7805474996566772]","[0.034789908677339554,0.1489148586988449,0.6945770978927612,0.7029770016670227]",1.1920928955078125e-07,0.0,0.0,False,False,0.009742585942149162
109,2,8,False,"[-0.3039481891945828,1.594128944434719,0.9475482071526238,0.24136252238224565,0.9925464084594778,0.42049913797399574,0.011851090699100175,0.2817818437479105,1.3552587009244539,0.5961852856536091,0.767735032016291,-1.0240867702971745,0.05331809976438717,0.8624525838464709]","[-0.30489373207092285,1.5945532321929932,0.9463639855384827,0.24586457014083862,0.9941972494125366,0.41725999116897583]",0.0,"[0.2819637954235077,1.3563910722732544,0.5964806079864502,0.7692015171051025,-1.025505542755127,0.05388199910521507]",0.03799155727028847,"[-0.1767248511314392,-0.140470489859581,0.993442177772522,0.9871684908866882,0.02425856702029705,0.11088172346353531,0.11231714487075806]","[0.20352083444595337,-0.20438535511493683,0.9960486888885498,0.13103808462619781,0.005400033202022314,0.022449500858783722,0.9911084175109863]","[-0.30055952072143555,-0.13075153529644012,0.7805474400520325]","[0.03479256108403206,0.148919016122818,0.6945663094520569,0.7029867172241211]",5.960464477539063e-08,0.0,0.0,False,False,0.009360041469335556
110,2,9,False,"[-0.29445980157604384,1.5912656720001213,0.9559105601984599,0.20863690479210067,0.9786945373240552,0.4440343925704864,0.01876134152368747,0.2791559371500533,1.3410860072202762,0.591029126838201,0.7570712826612348,-1.0107631204544911,0.05007466169295499,0.8414965311031324]","[-0.2955706715583801,1.5916999578475952,0.9547081589698792,0.21337826550006866,0.9806442856788635,0.440614253282547]",0.0,"[0.2794475853443146,1.3428536653518677,0.5916534066200256,0.7586244344711304,-1.0126428604125977,0.050561390817165375]",0.03695431351661682,"[-0.17983055114746094,-0.13929679989814758,0.9942674040794373,0.9851843118667603,0.0259560439735651,0.11926829814910889,0.1204703226685524]","[0.20489563047885895,-0.2060694545507431,0.9970002770423889,0.1386731117963791,0.005017381627112627,0.021639935672283173,0.990088939666748]","[-0.300559401512146,-0.13075120747089386,0.7805474400520325]","[0.03478993847966194,0.14892037212848663,0.6945756077766418,0.7029773592948914]",5.960464477539063e-08,0.0,0.0,False,False,0.008986887522041798
111,2,10,False,"[-0.2842248881921723,1.5890155736166696,0.965632519177374,0.17089039220308322,0.9609941427181988,0.4706794745931917,0.02723879541612584,0.2745233656349218,1.3191135292127742,0.5826643674809744,0.7416098614612657,-0.991604969261074,0.046269876391834386,0.8236259214996317]","[-0.285431832075119,1.5893832445144653,0.9642577767372131,0.17630250751972198,0.9634680151939392,0.4668387770652771]",0.0,"[0.2750416100025177,1.32184898853302,0.5836964249610901,0.7437902092933655,-0.9942883253097534,0.046818770468235016]",0.035946670919656754,"[-0.18324321508407593,-0.13797321915626526,0.9949245452880859,0.9826382994651794,0.027283618226647377,0.12960493564605713,0.1299234926700592]","[0.20714598894119263,-0.20876054465770721,0.9983901977539062,0.14994846284389496,0.004676173906773329,0.020572848618030548,0.9884686470031738]","[-0.30055928230285645,-0.13075102865695953,0.7805474400520325]","[0.034781914204359055,0.14891569316387177,0.6945801377296448,0.7029742002487183]",5.960464477539063e-08,0.0,0.0,False,False,0.008529105223715305
112,2,11,False,"[-0.27273396855774545,1.5870192756553956,0.9772184619775903,0.12914178694959283,0.939821787794753,0.5005780852551894,0.03669459967912514,0.26878039300417267,1.2909113205299163,0.571672476393958,0.7233274188609374,-0.9681819164660267,0.04310149403745439,0.8048696773643014]","[-0.27408143877983093,1.587344765663147,0.9756010174751282,0.13515329360961914,0.9427997469902039,0.4962681233882904]",0.0,"[0.26944097876548767,1.2944773435592651,0.5730477571487427,0.7259487509727478,-0.9715126752853394,0.04357733204960823]",0.03493703901767731,"[-0.18708784878253937,-0.13643869757652283,0.9957221150398254,0.9794232845306396,0.02897000126540661,0.14175733923912048,0.14069689810276031]","[0.21002212166786194,-0.21238327026367188,1.0001013278961182,0.1639692336320877,0.004525001626461744,0.019439833238720894,0.9862634539604187]","[-0.30055952072143555,-0.13075153529644012,0.7805473208427429]","[0.03478804975748062,0.14891350269317627,0.6945655345916748,0.702988862991333]",-5.960464477539063e-08,0.0,0.0,False,False,0.00939825177192688
113,2,12,False,"[-0.2602801581385587,1.5864322874022412,0.9932056478044312,0.07768152322399785,0.9134065317223706,0.5369996790847213,0.045650912323473625,0.261232406390743,1.2538587638380068,0.5573226487125386,0.6998996979682173,-0.9384848012850127,0.03973380983056618,0.7900612347455238]","[-0.2617412209510803,1.5866001844406128,0.9910185933113098,0.08501134067773819,0.917109489440918,0.5317964553833008]",0.0,"[0.2621009349822998,1.2585315704345703,0.5591260194778442,0.7032377123832703,-0.9426981806755066,0.04022609815001488]",0.03401251509785652,"[-0.19127577543258667,-0.13450822234153748,0.9966715574264526,0.975220799446106,0.03079894185066223,0.15718108415603638,0.15261034667491913]","[0.21374109387397766,-0.2172207534313202,1.0021886825561523,0.18178029358386993,0.00448247417807579,0.01804414950311184,0.9831634163856506]","[-0.30055949091911316,-0.1307513266801834,0.7805474996566772]","[0.03479067608714104,0.148915097117424,0.6945714354515076,0.702982485294342]",1.1920928955078125e-07,0.0,0.0,False,False,0.011455193161964417
114,2,13,False,"[-0.24675934447647324,1.5872482242297514,1.011442706842917,0.022262991317482383,0.8851197993127744,0.5759555047266822,0.05494861419801256,0.25317285319916677,1.2143829118612277,0.5419502069634234,0.6752276522739307,-0.9070421092258709,0.03635984163679801,0.7777540917561664]","[-0.2483474165201187,1.5872350931167603,1.0089081525802612,0.030268078669905663,0.88914954662323,0.5703144669532776]",0.0,"[0.25411903858184814,1.2194749116897583,0.5439011454582214,0.6788104176521301,-0.9115889668464661,0.03685518726706505]",0.03319443389773369,"[-0.1958419531583786,-0.13234540820121765,0.9976307153701782,0.9702352285385132,0.032339826226234436,0.1746656894683838,0.16458910703659058]","[0.2177239954471588,-0.22255267202854156,1.0041412115097046,0.20097021758556366,0.004418292082846165,0.016595127061009407,0.9794468283653259]","[-0.3005593717098236,-0.13075101375579834,0.7805474996566772]","[0.03478880599141121,0.14891797304153442,0.6945809721946716,0.7029725909233093]",1.1920928955078125e-07,0.0,0.0,False,False,0.012508511543273926
115,2,14,False,"[-0.23216655060481112,1.5867461345282354,1.0304378407544177,-0.036974097143052984,0.8534832683662207,0.6162254364879062,0.06619357637234446,0.24375583044987992,1.169339541973221,0.5247684953290976,0.6461487062645876,-0.8718392840518704,0.032650193010858586,0.7679201248866849]","[-0.23388096690177917,1.5868526697158813,1.0277572870254517,-0.028397034853696823,0.8579807281494141,0.6103609800338745]",0.0,"[0.2448587864637375,1.1751127243041992,0.5269450545310974,0.6503258347511292,-0.8769055604934692,0.033188994973897934]",0.032493073493242264,"[-0.20094656944274902,-0.13046398758888245,0.9989403486251831,0.9642918705940247,0.03355991095304489,0.1941109597682953,0.1770191490650177]","[0.22219201922416687,-0.22863683104515076,1.0060173273086548,0.22245179116725922,0.004180619493126869,0.015212764032185078,0.9748159646987915]","[-0.3005593717098236,-0.13075107336044312,0.7805474996566772]","[0.03478791564702988,0.14891622960567474,0.6945793628692627,0.7029746174812317]",1.1920928955078125e-07,0.0,0.0,False,False,0.013401363044977188
116,2,15,False,"[-0.21649271893964186,1.588097450702358,1.0516326965725025,-0.09939576549064422,0.8200375212384732,0.6587659781884576,0.07564944942411789,0.23404691146930878,1.1223835702369602,0.5061263616914249,0.6176183338830715,-0.8350316985953201,0.0294860528982564,0.7593308267614621]","[-0.21833619475364685,1.5880111455917358,1.0486490726470947,-0.0903402790427208,0.824821412563324,0.6525832414627075]",0.0,"[0.23519976437091827,1.1284574270248413,0.5084874033927917,0.6217965483665466,-0.8403664231300354,0.029960643500089645]",0.03188818320631981,"[-0.2064691185951233,-0.12845955789089203,1.000212550163269,0.9574283957481384,0.034301307052373886,0.21549765765666962,0.1889842450618744]","[0.22678613662719727,-0.23515288531780243,1.0074803829193115,0.24491557478904724,0.004093888681381941,0.013711981475353241,0.9694387912750244]","[-0.30055955052375793,-0.13075143098831177,0.7805474996566772]","[0.03479166701436043,0.14891493320465088,0.6945686340332031,0.7029852271080017]",1.1920928955078125e-07,0.0,0.0,False,False,0.014151789247989655
117,2,16,False,"[-0.20056692585046598,1.5893344193460814,1.0728686447603692,-0.16177160876163743,0.7858242567678542,0.701927761964519,0.0864933336879885,0.2235452135843325,1.0730417226740447,0.48616801184039393,0.5870713615820714,-0.7966964916880097,0.025292024899378207,0.7542374374095537]","[-0.20245520770549774,1.589221715927124,1.0698363780975342,-0.15266214311122894,0.7907438278198242,0.6956256031990051]",0.0,"[0.22479401528835297,1.0794230699539185,0.48869556188583374,0.5915030241012573,-0.8022567629814148,0.02588985301554203]",0.03141720965504646,"[-0.2122265249490738,-0.1267394721508026,1.0016082525253296,0.94985431432724,0.035083405673503876,0.23788048326969147,0.19989672303199768]","[0.2315484583377838,-0.24205327033996582,1.0083867311477661,0.26836884021759033,0.003659506794065237,0.0121262576431036,0.9632329344749451]","[-0.3005593717098236,-0.13075102865695953,0.7805474996566772]","[0.034788455814123154,0.14891818165779114,0.6945803165435791,0.7029731869697571]",1.1920928955078125e-07,0.0,0.0,False,False,0.014237016439437866
118,2,17,False,"[-0.18450342410894405,1.5912932044634487,1.094738720237766,-0.22587014434582364,0.7497358910086106,0.7466438877139245,0.0992161118003444,0.21239641597550707,1.0201643276879915,0.464565971312226,0.5560449771958288,-0.7558553277353808,0.021879212904924117,0.7501860731004869]","[-0.18640944361686707,1.5910879373550415,1.0916050672531128,-0.21653805673122406,0.7549116611480713,0.740128219127655]",0.0,"[0.21372905373573303,1.0269774198532104,0.4673093259334564,0.5605702996253967,-0.7617602348327637,0.022392867133021355]",0.03104855678975582,"[-0.21816077828407288,-0.12526892125606537,1.0029457807540894,0.9414188861846924,0.03554403781890869,0.26182058453559875,0.20956364274024963]","[0.2364768534898758,-0.24946194887161255,1.0088794231414795,0.29311561584472656,0.0035033621825277805,0.010308527387678623,0.9560149312019348]","[-0.3005594313144684,-0.13075114786624908,0.7805474996566772]","[0.03478953242301941,0.1489160656929016,0.6945765614509583,0.7029773592948914]",1.1920928955078125e-07,0.0,0.0,False,False,0.014592990279197693
119,2,18,False,"[-0.1689299351217342,1.5923520698288385,1.1155463738204903,-0.2869217742521277,0.7136183702992176,0.7893029430969879,0.11359434599462515,0.2008390722112569,0.9687876274338816,0.4432073939592982,0.5248918474256021,-0.7154502514163548,0.018008760407025204,0.7506742292495886]","[-0.17078667879104614,1.5922209024429321,1.1125246286392212,-0.27795398235321045,0.7188335657119751,0.7830233573913574]",0.0,"[0.20223116874694824,0.9754908680915833,0.44593003392219543,0.5294356346130371,-0.7213373780250549,0.01857023872435093]",0.03084048070013523,"[-0.22406944632530212,-0.12426761537790298,1.004517674446106,0.932503342628479,0.03600722551345825,0.2857239246368408,0.2179509699344635]","[0.2412966787815094,-0.2566778361797333,1.0086416006088257,0.3178415298461914,0.0029204075690358877,0.00885523296892643,0.9480978846549988]","[-0.30055949091911316,-0.13075147569179535,0.7805474996566772]","[0.034791912883520126,0.14891906082630157,0.6945679187774658,0.7029850482940674]",1.1920928955078125e-07,0.0,0.0,False,False,0.014026522636413574
120,2,19,False,"[-0.1515680162789946,1.5920579229967702,1.136306658008122,-0.3510667790647487,0.6735729749611287,0.8341031889490262,0.12835963324036426,0.18856293224840034,0.9117457160511984,0.41924586520476365,0.49109345551676553,-0.6710126894620279,0.014176465443775654,0.7574376481647935]","[-0.15359537303447723,1.5920889377593994,1.1332751512527466,-0.34176188707351685,0.679289698600769,0.8275806307792664]",0.0,"[0.19004203379154205,0.9190770983695984,0.4222775995731354,0.4959770441055298,-0.6774075627326965,0.01473906822502613]",0.030863234773278236,"[-0.23069137334823608,-0.1238170862197876,1.0063470602035522,0.9222205281257629,0.0361480787396431,0.3116231858730316,0.22603853046894073]","[0.24630208313465118,-0.26455971598625183,1.0077766180038452,0.34432274103164673,0.002326118992641568,0.007268819957971573,0.9388203620910645]","[-0.3005593717098236,-0.13075116276741028,0.7805474400520325]","[0.03478537127375603,0.14891432225704193,0.6945759654045105,0.7029784917831421]",5.960464477539063e-08,0.0,0.0,False,False,0.014569133520126343
121,2,20,False,"[-0.13477909434833515,1.59147003941225,1.1556841754109763,-0.4116025306613215,0.6341383382498693,0.8770657293509102,0.14222357004927788,0.17648465309763406,0.8555448000236068,0.3960493569866683,0.45738458777860197,-0.627862674002815,0.009975693905442617,0.7678351864069248]","[-0.13677123188972473,1.5915502309799194,1.1528034210205078,-0.4027242660522461,0.639843225479126,0.8707475662231445]",0.0,"[0.17795655131340027,0.8628584742546082,0.39902135729789734,0.4622950553894043,-0.6341536045074463,0.010585401207208633]",0.03110416606068611,"[-0.23725374042987823,-0.12381971627473831,1.0082296133041382,0.9114904403686523,0.036162108182907104,0.33733299374580383,0.23255932331085205]","[0.2510632574558258,-0.2722935676574707,1.006395936012268,0.3701695501804352,0.0015520555898547173,0.0055688731372356415,0.9289461374282837]","[-0.3005593717098236,-0.13075114786624908,0.7805474996566772]","[0.0347883515059948,0.14891712367534637,0.6945769786834717,0.7029767632484436]",1.1920928955078125e-07,0.0,0.0,False,False,0.01391458511352539
122,2,21,False,"[-0.11701667150177195,1.5905238663364996,1.17601717141538,-0.4776089192041541,0.5902654996625002,0.9241838694922057,0.15633926327500225,0.16297375624531407,0.7935985762151274,0.3704061351524266,0.4191427925368246,-0.5794123340270962,0.0058272734086656786,0.7787325213434428]","[-0.11909409612417221,1.5906392335891724,1.1730098724365234,-0.4681001305580139,0.5965306162834167,0.9173617362976074]",0.0,"[0.1646042913198471,0.8015783429145813,0.3736492693424225,0.4246281683444977,-0.5863569378852844,0.006436654832214117]",0.03148895129561424,"[-0.24425333738327026,-0.12439678609371185,1.0102537870407104,0.8992497324943542,0.03574168682098389,0.3656419515609741,0.23744139075279236]","[0.25606706738471985,-0.28053370118141174,1.0041470527648926,0.39839792251586914,0.00038575593498535454,0.004335637670010328,0.917202353477478]","[-0.30055946111679077,-0.13075146079063416,0.7805473208427429]","[0.034787192940711975,0.14891470968723297,0.6945681571960449,0.7029860615730286]",-5.960464477539063e-08,0.0,0.0,False,False,0.014921873807907104
123,2,22,False,"[-0.09893716156485216,1.5875000860818047,1.1938399463657414,-0.5390724715703956,0.5452651483160701,0.9675610395539608,0.17169543298847778,0.14951081570102182,0.7326059706473975,0.34578577338945937,0.3806210611349522,-0.5314753634844825,0.0008264085087874018,0.7920392911631812]","[-0.10105366259813309,1.5878485441207886,1.19111168384552,-0.5300759673118591,0.5517438650131226,0.9611529111862183]",0.0,"[0.15115690231323242,0.740562379360199,0.3489392101764679,0.3862104117870331,-0.5384311676025391,0.001544605242088437]",0.032007500529289246,"[-0.25145313143730164,-0.1256493777036667,1.0125445127487183,0.8861474990844727,0.034859638661146164,0.39378321170806885,0.2417895793914795]","[0.2608387768268585,-0.28848668932914734,1.0013666152954102,0.42635124921798706,-0.0011801008367910981,0.0029428626876324415,0.9045521020889282]","[-0.30055949091911316,-0.1307513564825058,0.7805474996566772]","[0.03479034826159477,0.14891469478607178,0.6945705413818359,0.702983558177948]",1.1920928955078125e-07,0.0,0.0,False,False,0.014137566089630127
124,2,23,False,"[-0.08019774468599224,1.5843323791724089,1.2109648359026282,-0.6010108342219109,0.4999767034507936,1.0131893206643285,0.1872357154687897,0.13604813771392865,0.6708644178647098,0.32091941843440197,0.34201847879622627,-0.48341200079119295,-0.0036255151905532634,0.8083742723934879]","[-0.08238494396209717,1.5847240686416626,1.208328127861023,-0.5920355319976807,0.5065170526504517,1.006547212600708]",4.015366721432656e-05,"[0.13769902288913727,0.6789151430130005,0.32408979535102844,0.3476259410381317,-0.4903796911239624,-0.00296348100528121]",0.03267239034175873,"[-0.2588683068752289,-0.12744690477848053,1.0148135423660278,0.8723085522651672,0.03378129005432129,0.42244964838027954,0.24387037754058838]","[0.2653917372226715,-0.2962785065174103,0.9979990720748901,0.45395857095718384,-0.0027317735366523266,0.0016302377916872501,0.8910171389579773]","[-0.300559401512146,-0.13075104355812073,0.7805474996566772]","[0.03478869050741196,0.14891858398914337,0.6945799589157104,0.7029734253883362]",1.1920928955078125e-07,0.0,0.0,False,False,0.014131784439086914
125,2,24,False,"[-0.062494536652999935,1.579711356213513,1.2258777039569113,-0.6584952515646533,0.45776439999425766,1.0542493425678408,0.20158387439108327,0.12365195795865667,0.6148375704833993,0.2987345152952755,0.30560087341050185,-0.43944861430497706,-0.00855662393305423,0.8232032816939744]","[-0.06458385288715363,1.5802606344223022,1.223521113395691,-0.6501023769378662,0.4639235734939575,1.048161268234253]",0.00037635400076396763,"[0.12518896162509918,0.6222549080848694,0.30159178376197815,0.31092703342437744,-0.4458930194377899,-0.007840638980269432]",0.03339087590575218,"[-0.2659074068069458,-0.12984541058540344,1.017263412475586,0.8588352799415588,0.032022472470998764,0.44913262128829956,0.24424636363983154]","[0.26939764618873596,-0.30316561460494995,0.9943860173225403,0.47914910316467285,-0.004726611077785492,0.0005048512830398977,0.8777205348014832]","[-0.300559401512146,-0.13075098395347595,0.7805474400520325]","[0.03478529676795006,0.14891105890274048,0.6945812106132507,0.7029739618301392]",5.960464477539063e-08,0.0,0.0,False,False,0.013237237930297852
126,2,25,False,"[-0.04478093761868207,1.574708957196687,1.2402830583212783,-0.7146992841271141,0.41614902003158727,1.0950503877410145,0.2167630586247017,0.11116296988733157,0.559324803000887,0.2760953941550276,0.2694019394019134,-0.395432275286358,-0.012873581274999102,0.8375301279993815]","[-0.04685302451252937,1.575319528579712,1.2380136251449585,-0.7065534591674805,0.4221818447113037,1.089066505432129]",0.0009071119711734354,"[0.11269999295473099,0.5666264295578003,0.2789624333381653,0.2746562957763672,-0.40181201696395874,-0.012228944338858128]",0.03413274139165878,"[-0.2728383541107178,-0.1326480209827423,1.019874095916748,0.8452375531196594,0.030038615688681602,0.4750450551509857,0.2429058998823166]","[0.2731837034225464,-0.3096630275249481,0.9901736974716187,0.5037569403648376,-0.006968936882913113,-7.022370846243575e-05,0.8638173341751099]","[-0.30055949091911316,-0.13075128197669983,0.7805474996566772]","[0.03479074686765671,0.14891529083251953,0.6945725679397583,0.7029813528060913]",1.1920928955078125e-07,0.0,0.0,False,False,0.012865662574768066
127,2,26,False,"[-0.02679676635575945,1.5699994193410278,1.25346902500035,-0.7721165124396918,0.37393779355560774,1.1369450524668532,0.23736263196612256,0.09863523345091674,0.5036447462871414,0.2536730636557656,0.2325638782723626,-0.35038036869391465,-0.01768788265825988,0.8535507639625051]","[-0.02888936549425125,1.5705806016921997,1.2513341903686523,-0.7638648152351379,0.38002723455429077,1.1308352947235107]",0.001675029518082738,"[0.10017561912536621,0.5109639763832092,0.25651928782463074,0.23788723349571228,-0.35687825083732605,-0.016988705843687057]",0.03492441400885582,"[-0.27977460622787476,-0.13596650958061218,1.022174596786499,0.8311995267868042,0.02692018449306488,0.5012407302856445,0.2390403002500534]","[0.27681511640548706,-0.3158589005470276,0.9855585694313049,0.5283259749412537,-0.009544958360493183,-0.0006580856861546636,0.8489876389503479]","[-0.3005594313144684,-0.13075099885463715,0.7805474996566772]","[0.03478866070508957,0.14891420304775238,0.6945809125900269,0.702973484992981]",1.1920928955078125e-07,0.0,0.0,False,False,0.013063311576843262
128,2,27,False,"[-0.008453152197794259,1.562423300913158,1.263214718706295,-0.8251675059285953,0.3329274362576552,1.1751226116536795,0.26251651314610963,0.08672084445883109,0.4514896154502161,0.2332821877835688,0.19645713153727198,-0.3079117845376106,-0.02335055668064373,0.8687209860949859]","[-0.010582671500742435,1.563307285308838,1.2615222930908203,-0.8174744844436646,0.3388691544532776,1.1694722175598145]",0.002679500263184309,"[0.08819527179002762,0.45841512084007263,0.23589086532592773,0.2016940712928772,-0.314093679189682,-0.02253619022667408]",0.035725150257349014,"[-0.28668713569641113,-0.1400487869977951,1.0246144533157349,0.8171783089637756,0.02319267950952053,0.5258938670158386,0.2347707450389862]","[0.2801147401332855,-0.32141679525375366,0.9808920621871948,0.5513145327568054,-0.012701146304607391,-0.0012537974398583174,0.8341997861862183]","[-0.30055952072143555,-0.1307513415813446,0.7805474996566772]","[0.034791000187397,0.14891567826271057,0.6945710182189941,0.7029827833175659]",1.1920928955078125e-07,0.0,0.0,False,False,0.012213647365570068
129,2,28,False,"[0.008186664552341946,1.5545902002115133,1.270864428664467,-0.8730670607091909,0.2945614130989323,1.2106829661915266,0.28677727508004636,0.07556501252031668,0.4035947336710911,0.2139122880731904,0.1635196005142726,-0.26939620094297073,-0.027490424541215808,0.8860468297937125]","[0.006229381076991558,1.5555506944656372,1.2694790363311768,-0.8661089539527893,0.30014991760253906,1.2054262161254883]",0.0038090923335403204,"[0.07695185393095016,0.4099932909011841,0.21637415885925293,0.1683376580476761,-0.2750350832939148,-0.02685575932264328]",0.03657839074730873,"[-0.2929345667362213,-0.1443445086479187,1.0268901586532593,0.8038508892059326,0.019633833318948746,0.548491358757019,0.22933700680732727]","[0.28304001688957214,-0.3262821435928345,0.9761270880699158,0.5720517635345459,-0.015693971887230873,-0.001235335716046393,0.8200664520263672]","[-0.30055952072143555,-0.1307515799999237,0.7805473804473877]","[0.034792330116033554,0.1489199548959732,0.6945652365684509,0.7029874920845032]",0.0,0.0,0.0,False,False,0.011075735092163086
130,2,29,False,"[0.024423000618389326,1.544194447013733,1.2743354038626196,-0.9159053396955279,0.25829250051956854,1.2413380369628277,0.31489051921338923,0.0652344659918213,0.35820695986984863,0.19530978597168736,0.13325103511152478,-0.23280667970424218,-0.03143007209859977,0.9008575814877688]","[0.022531060501933098,1.5454516410827637,1.2735004425048828,-0.9096996784210205,0.2635687589645386,1.236757755279541]",0.005096337758004665,"[0.06651965528726578,0.3642612099647522,0.1976747214794159,0.13767579197883606,-0.23813171684741974,-0.030843941494822502]",0.03741064667701721,"[-0.2988218367099762,-0.1492384821176529,1.02900230884552,0.7910836338996887,0.015377101488411427,0.5689507722854614,0.2241542786359787]","[0.2856696546077728,-0.33063170313835144,0.9713802933692932,0.591228187084198,-0.01842847838997841,-0.0013765974435955286,0.8062925338745117]","[-0.3005593419075012,-0.13075076043605804,0.7805474996566772]","[0.03478650003671646,0.14891475439071655,0.694587767124176,0.7029666304588318]",1.1920928955078125e-07,0.0,0.0,False,False,0.010259240865707397
131,2,30,False,"[0.04024384706055195,1.5324577690694112,1.2770915516044243,-0.9575572450257586,0.22293534359597794,1.2707616358481029,0.3459933660986174,0.05511745674928038,0.3131320533799652,0.17629271201897173,0.1027385663396576,-0.19697245657336704,-0.0353830768246291,0.9142291764127086]","[0.038404934108257294,1.5338950157165527,1.276415228843689,-0.9516070485115051,0.22805553674697876,1.2664250135421753]",0.006540388334542513,"[0.056368179619312286,0.31912586092948914,0.17868459224700928,0.10713738203048706,-0.20216041803359985,-0.034801363945007324]",0.03819894418120384,"[-0.30438894033432007,-0.1545504331588745,1.0313445329666138,0.7785667181015015,0.011062359437346458,0.5882027745246887,0.2184695154428482]","[0.2881370186805725,-0.33467361330986023,0.9662796854972839,0.60957270860672,-0.02149645984172821,-0.0011900149984285235,0.7924376726150513]","[-0.30055928230285645,-0.1307511031627655,0.7805473804473877]","[0.03478053957223892,0.1489148586988449,0.6945787072181702,0.7029759287834167]",0.0,0.0,0.0,False,False,0.010123729705810547
132,2,31,False,"[0.05565153340218035,1.5183868036499322,1.275922459702922,-0.9945937400408645,0.18759502188779104,1.2963201069020487,0.37966698532833393,0.04480780183041559,0.2675113739192547,0.15679424350886745,0.07170679068083444,-0.1598283705504475,-0.03937048027367129,0.9290620676586736]","[0.05386562645435333,1.5201243162155151,1.2757349014282227,-0.9892779588699341,0.1926916092634201,1.2925083637237549]",0.008137642405927181,"[0.04607447609305382,0.273574560880661,0.15924330055713654,0.07616403698921204,-0.16516193747520447,-0.03878473490476608]",0.038993071764707565,"[-0.30964791774749756,-0.16039037704467773,1.033464789390564,0.7660175561904907,0.0062866853550076485,0.606334388256073,0.2133917659521103]","[0.2905607223510742,-0.33847495913505554,0.9608355164527893,0.6280268430709839,-0.024851074442267418,-0.0008124660816974938,0.777794361114502]","[-0.30055955052375793,-0.1307515949010849,0.7805473208427429]","[0.03478914871811867,0.14891333878040314,0.6945639848709106,0.7029902935028076]",-5.960464477539063e-08,0.0,0.0,False,False,0.010213404893875122
133,2,32,False,"[0.06824347441542483,1.5066877947584487,1.274448925950454,-1.0244498676685252,0.15827688947562596,1.3175947620855797,0.4086816743363247,0.036007697548736076,0.228769351828374,0.1397320851696332,0.04526713390947032,-0.12861843465494752,-0.0425496625216219,0.9416554994258015]","[0.06674907356500626,1.5082054138183594,1.274385690689087,-1.0201115608215332,0.1626114845275879,1.3143967390060425]",0.009721053764224052,"[0.037110794335603714,0.23403893411159515,0.14192289113998413,0.049152255058288574,-0.13322025537490845,-0.04206683114171028]",0.03973666578531265,"[-0.31390491127967834,-0.16548582911491394,1.0351710319519043,0.7552889585494995,0.0022134308237582445,0.621354341506958,0.20845246315002441]","[0.292593389749527,-0.3415369391441345,0.9558075070381165,0.6436861157417297,-0.027987809851765633,-0.00018621528579387814,0.764777660369873]","[-0.30055949091911316,-0.1307513266801834,0.7805474996566772]","[0.034790970385074615,0.14891473948955536,0.6945714354515076,0.7029826045036316]",1.1920928955078125e-07,0.0,0.0,False,False,0.00885540246963501
134,2,33,False,"[0.0798531118120234,1.4929065486501263,1.2704296034042253,-1.0496954809870644,0.1296743220164041,1.3346868217672818,0.4387093663609439,0.027766854055923662,0.190093588981063,0.12319153031729135,0.01826057199959414,-0.09816742080924812,-0.04577910977211136,0.9547856839241758]","[0.07849788665771484,1.4946227073669434,1.2707196474075317,-1.0460678339004517,0.13382302224636078,1.3321008682250977]",0.011321966536343098,"[0.028788546100258827,0.1952744573354721,0.1252869814634323,0.02214345522224903,-0.10258102416992188,-0.04530303552746773]",0.04046819731593132,"[-0.31767457723617554,-0.1707204133272171,1.0368273258209229,0.7449461221694946,-0.0016268258914351463,0.6348688006401062,0.20492473244667053]","[0.29446083307266235,-0.3443453013896942,0.9508378505706787,0.6583297252655029,-0.031199853867292404,0.0004894303856417537,0.7520825266838074]","[-0.3005593419075012,-0.13075095415115356,0.7805474996566772]","[0.03478841111063957,0.14891839027404785,0.6945826411247253,0.7029708623886108]",1.1920928955078125e-07,0.0,0.0,False,False,0.008688360452651978
135,2,34,False,"[0.0900778637888972,1.4783212199109454,1.264986545836275,-1.0696307916521108,0.10357623161109658,1.3487670699739711,0.4708626998319322,0.02054403244421056,0.155345325261101,0.1084371658690168,-0.005364832917849341,-0.07161229540592362,-0.049002106073440244,0.9653992370345374]","[0.08888155966997147,1.4801642894744873,1.2655096054077148,-1.0667638778686523,0.10738605260848999,1.3466429710388184]",0.012976989150047302,"[0.021445265039801598,0.16005656123161316,0.11032944917678833,-0.0019068227848038077,-0.07551047950983047,-0.04852800816297531]",0.0411345548927784,"[-0.32089853286743164,-0.1758137047290802,1.0384241342544556,0.7353380918502808,-0.004571105819195509,0.6466739177703857,0.2026563584804535]","[0.2960699200630188,-0.3467172384262085,0.9463409781455994,0.6710466146469116,-0.034046631306409836,0.0007683644653297961,0.7406325340270996]","[-0.30055946111679077,-0.13075119256973267,0.7805474996566772]","[0.034789666533470154,0.1489153355360031,0.6945750117301941,0.7029789686203003]",1.1920928955078125e-07,0.0,0.0,False,False,0.00789196789264679
136,2,35,False,"[0.09956572529130098,1.4623769633706023,1.2573443544526413,-1.086999593141298,0.0780085262178642,1.3597993787211724,0.5022036081655417,0.013710489155403849,0.1212510429692506,0.09397719338525856,-0.028818859402019757,-0.04697830049557783,-0.05148176384934733,0.9750302937892927]","[0.09846577048301697,1.46439528465271,1.2581640481948853,-1.0845608711242676,0.0817091092467308,1.358123540878296]",0.014650308527052402,"[0.014557095244526863,0.12584097683429718,0.09580367803573608,-0.025439392775297165,-0.05056873336434364,-0.05110283941030502]",0.04174263775348663,"[-0.32376667857170105,-0.18109717965126038,1.0398098230361938,0.7259277105331421,-0.007718327455222607,0.6575999855995178,0.20132455229759216]","[0.29753416776657104,-0.34885233640670776,0.9418913125991821,0.6826225519180298,-0.03670987859368324,0.0013121335068717599,0.729847252368927]","[-0.30055952072143555,-0.13075147569179535,0.7805474996566772]","[0.034792255610227585,0.14891868829727173,0.694567859172821,0.7029851675033569]",1.1920928955078125e-07,0.0,0.0,False,False,0.007672473788261414
137,2,36,False,"[0.10792374227069482,1.4495013036472872,1.2504918678507262,-1.1028403812803373,0.05661344236822052,1.3708520359541818,0.5329734512415348,0.007643965349402038,0.08964036609096815,0.08016975958439315,-0.04689439841941636,-0.026161849688835892,-0.051037419326638855,0.9842363530866531]","[0.10694516450166702,1.45120370388031,1.2512551546096802,-1.10063898563385,0.05977332219481468,1.3692306280136108]",0.016317766159772873,"[0.008402354083955288,0.09392134845256805,0.08193861693143845,-0.044201940298080444,-0.0292314775288105,-0.05104372277855873]",0.04230502247810364,"[-0.3262055218219757,-0.18574407696723938,1.0406954288482666,0.7178582549095154,-0.01078992709517479,0.6670534610748291,0.1990044116973877]","[0.2987896502017975,-0.35065481066703796,0.937889575958252,0.6925671696662903,-0.03734225407242775,0.001681370078586042,0.7203841805458069]","[-0.3005593717098236,-0.13075114786624908,0.7805474400520325]","[0.03478525951504707,0.14891481399536133,0.6945763826370239,0.7029779553413391]",5.960464477539063e-08,0.0,0.0,False,False,0.007157370448112488
138,2,37,False,"[0.11266206600500561,1.4425414167458417,1.2455897427810965,-1.1111724842818391,0.04372290042308474,1.3778504968516274,0.5601332494882189,0.00406317793484029,0.068290290470996,0.06995665908685311,-0.05517690960305115,-0.014563630133429928,-0.048283697692079186,0.9916923182203017]","[0.1120675578713417,1.4435508251190186,1.2461572885513306,-1.109912395477295,0.04574434086680412,1.3767527341842651]",0.0179018285125494,"[0.0045396010391414165,0.07131481915712357,0.071342334151268,-0.05380154028534889,-0.016406919807195663,-0.048634253442287445]",0.04280053451657295,"[-0.3276655673980713,-0.18855297565460205,1.0408967733383179,0.7127209901809692,-0.012715120799839497,0.6731017231941223,0.19697979092597961]","[0.2995500862598419,-0.3517751693725586,0.9351206421852112,0.698635458946228,-0.035897284746170044,0.0017449394799768925,0.7145745158195496]","[-0.30055946111679077,-0.13075099885463715,0.7805474996566772]","[0.034790705889463425,0.14892053604125977,0.6945798397064209,0.7029730081558228]",1.1920928955078125e-07,0.0,0.0,False,False,0.005062319338321686
139,2,38,False,"[0.11597856747898158,1.436296566311931,1.2408641401897587,-1.1147560064064477,0.03309244292343355,1.3834578204067756,0.5868734229331861,0.0016863465599143979,0.053104019292378846,0.06185092073919929,-0.06154811473419192,-0.0066165729414038865,-0.04672390055183673,0.9964289642913364]","[0.11557594686746597,1.4371237754821777,1.2414406538009644,-1.1141945123672485,0.034687165170907974,1.3826040029525757]",0.01943288743495941,"[0.00199937098659575,0.05526067316532135,0.0629357174038887,-0.06058361008763313,-0.007847016677260399,-0.04696642979979515]",0.043203242123126984,"[-0.3286770284175873,-0.1906069815158844,1.0410287380218506,0.7086240649223328,-0.013114712201058865,0.6776722073554993,0.1960621178150177]","[0.30004891753196716,-0.3524698317050934,0.9328463077545166,0.7026317715644836,-0.03515990823507309,0.002068491652607918,0.7106814384460449]","[-0.30055952072143555,-0.13075152039527893,0.7805473208427429]","[0.03478822112083435,0.1489139348268509,0.6945659518241882,0.7029882669448853]",-5.960464477539063e-08,0.0,0.0,False,False,0.003595266491174698
140,2,39,False,"[0.11936468605941036,1.432317802281165,1.2376922284016887,-1.119291438167565,0.02400972054943673,1.3889292605929107,0.6109030308441297,-0.00036080505169996946,0.03871551671329987,0.05429947125244872,-0.06728593217890969,0.0006981487540638209,-0.04469463278951519,1.0008698347175713]","[0.1189720556139946,1.432868480682373,1.2380872964859009,-1.118686556816101,0.02535439096391201,1.3881230354309082]",0.02087312750518322,"[-0.00010276306420564651,0.040677543729543686,0.05528634414076805,-0.06645236164331436,-0.00037612998858094215,-0.0449834018945694]",0.04352360591292381,"[-0.3296529948711395,-0.19218072295188904,1.0410064458847046,0.7051633596420288,-0.013930966146290302,0.6816414594650269,0.19471868872642517]","[0.3004703223705292,-0.3530556857585907,0.9307979941368103,0.7060748934745789,-0.034213773906230927,0.00242245034314692,0.707305908203125]","[-0.30055949091911316,-0.1307513266801834,0.7805474996566772]","[0.034790560603141785,0.14891497790813446,0.6945715546607971,0.7029824256896973]",1.1920928955078125e-07,0.0,0.0,False,False,0.0032688751816749573
141,2,40,False,"[0.12102406081277717,1.4285218116412992,1.232456365184748,-1.1189657074819592,0.017299219979666658,1.392208317229927,0.634176182679522,-0.0018359489769032011,0.028284057404117324,0.0486189735739192,-0.06937721756315636,0.004770062247997087,-0.04214152008426986,1.0045470902340083]","[0.12081506103277206,1.4290300607681274,1.2330923080444336,-1.118965983390808,0.01831517554819584,1.3916876316070557]",0.02224046178162098,"[-0.0016444107750430703,0.029748570173978806,0.049397777765989304,-0.06901507824659348,0.004124164115637541,-0.042503222823143005]",0.0437142439186573,"[-0.33019402623176575,-0.19338028132915497,1.0405352115631104,0.7025699019432068,-0.014064495451748371,0.6844987869262695,0.1940591037273407]","[0.3007494807243347,-0.3534497618675232,0.9293835163116455,0.7082892656326294,-0.032534435391426086,0.0024431399069726467,0.7051678895950317]","[-0.3005593419075012,-0.13075096905231476,0.7805474996566772]","[0.03478790819644928,0.14891862869262695,0.6945825219154358,0.7029709219932556]",1.1920928955078125e-07,0.0,0.0,False,False,0.00244705006480217
142,2,41,False,"[0.12161049402285357,1.4234946076858255,1.2253452587193818,-1.1153048184333247,0.01196732522897459,1.3921588327204164,0.6540736476847483,-0.0031518941375290044,0.018603853987987584,0.04318015580824508,-0.06954849396716464,0.007945308125492545,-0.03938832060790959,1.0081405516575908]","[0.12153656780719757,1.4241353273391724,1.2262524366378784,-1.1158044338226318,0.012769523076713085,1.3920994997024536]",0.023490631952881813,"[-0.0029839377384632826,0.01992199197411537,0.04390788450837135,-0.06948930025100708,0.007466241251677275,-0.03978488966822624]",0.04382871836423874,"[-0.33039867877960205,-0.19456396996974945,1.0398883819580078,0.7004943490028381,-0.013921916484832764,0.6863892078399658,0.19489383697509766]","[0.30097469687461853,-0.3537643253803253,0.9282201528549194,0.7100402116775513,-0.03025439940392971,0.002054978860542178,0.7035078406333923]","[-0.3005593717098236,-0.13075105845928192,0.7805474996566772]","[0.03478769585490227,0.14891643822193146,0.6945796608924866,0.7029742002487183]",1.1920928955078125e-07,0.0,0.0,False,False,0.0022052135318517685
143,2,42,False,"[0.12227216564717952,1.4232777120651647,1.2215079791952574,-1.1140991057245666,0.007787715347262525,1.3944086825458406,0.670781639615722,-0.004340522291410576,0.010051465157437378,0.037576542997505236,-0.06830984978431635,0.010343383724881472,-0.03553593440174757,1.0113903568109497]","[0.12220224738121033,1.4233952760696411,1.2220488786697388,-1.1143335103988647,0.008416811004281044,1.3941141366958618]",0.02459879033267498,"[-0.004188396967947483,0.011220766231417656,0.03831573203206062,-0.06846980005502701,0.009983374737203121,-0.03607715666294098]",0.043896935880184174,"[-0.3306500315666199,-0.19495445489883423,1.038939356803894,0.698966383934021,-0.014313592575490475,0.6881918907165527,0.19399186968803406]","[0.3011626899242401,-0.35397836565971375,0.9270792603492737,0.7114604711532593,-0.02750927396118641,0.0019173920154571533,0.702184796333313]","[-0.30055949091911316,-0.13075144588947296,0.7805474400520325]","[0.034791938960552216,0.14891944825649261,0.6945688128471375,0.702984094619751]",5.960464477539063e-08,0.0,0.0,False,False,0.0019530067220330238
144,2,43,False,"[0.12241648986798429,1.4264855791077469,1.2198273945000961,-1.1123176062481086,0.0055722482486807445,1.3984366105789316,0.6852521038128112,-0.005135586703036682,0.0030742164944091988,0.032411765529971936,-0.06566090537409117,0.01123465874677726,-0.03134802755162236,1.013756581340088]","[0.12239840626716614,1.4261417388916016,1.220089316368103,-1.1125704050064087,0.005931655876338482,1.3978854417800903]",0.025574451312422752,"[-0.005028171464800835,0.004037477541714907,0.03310856223106384,-0.06602569669485092,0.011079302988946438,-0.03195055574178696]",0.04393736273050308,"[-0.3308286666870117,-0.194505974650383,1.0377906560897827,0.698192834854126,-0.014206038787961006,0.6895683407783508,0.19188636541366577]","[0.30127450823783875,-0.3541018068790436,0.9260908365249634,0.7122506499290466,-0.024487191811203957,0.0018174736760556698,0.7014954686164856]","[-0.3005593419075012,-0.13075105845928192,0.7805474996566772]","[0.03478586673736572,0.14891663193702698,0.6945797801017761,0.7029741406440735]",1.1920928955078125e-07,0.0,0.0,False,False,0.0016101577784866095
145,2,44,False,"[0.12259157858538672,1.4317063391749962,1.2198542516764346,-1.112400344468481,0.002894850772392543,1.4042549209353778,0.6978105255382907,-0.005799510309279277,-0.0032137627611844577,0.028091799234718162,-0.06347639160349156,0.01197778451357212,-0.027830486239995678,1.015731824077943]","[0.12257631868124008,1.4310643672943115,1.2198867797851562,-1.1124093532562256,0.0032788352109491825,1.4034422636032104]",0.02643185667693615,"[-0.005711788777261972,-0.002357071964070201,0.02868667244911194,-0.06380587816238403,0.011866465210914612,-0.028355373069643974]",0.0439622588455677,"[-0.3310534358024597,-0.19368503987789154,1.0365678071975708,0.6974450945854187,-0.01419897098094225,0.6912671327590942,0.18846316635608673]","[0.30136221647262573,-0.3542154133319855,0.925287663936615,0.712856113910675,-0.021728476509451866,0.0016077908221632242,0.7009716629981995]","[-0.3005593717098236,-0.13075104355812073,0.7805474996566772]","[0.03478708118200302,0.14891642332077026,0.6945799589157104,0.7029739618301392]",1.1920928955078125e-07,0.0,0.0,False,False,0.00143413245677948
146,2,45,False,"[0.1222477840185203,1.4403052117015882,1.2218737225548388,-1.1137873700977827,0.0008991089822505405,1.4115816440197169,0.7083580903390398,-0.006170343774449277,-0.008880505947467698,0.024200932572270073,-0.06078849377685069,0.013064875123543207,-0.02454055895295154,1.0171170787910522]","[0.1222877949476242,1.4392427206039429,1.2216421365737915,-1.1135865449905396,0.00120091054122895,1.4105435609817505]",0.027173059061169624,"[-0.006119856610894203,-0.00811044592410326,0.024735523387789726,-0.061176080256700516,0.01291495282202959,-0.02502657100558281]",0.04397718980908394,"[-0.3312157690525055,-0.19225159287452698,1.035068392753601,0.6970495581626892,-0.014413006603717804,0.6930235624313354,0.18339164555072784]","[0.3014311194419861,-0.35431042313575745,0.9246352910995483,0.7134454250335693,-0.018980156630277634,0.0012156489538028836,0.7004525661468506]","[-0.30055952072143555,-0.1307515650987625,0.7805473208427429]","[0.034788623452186584,0.14891402423381805,0.6945648789405823,0.7029893398284912]",-5.960464477539063e-08,0.0,0.0,False,False,0.0020009279251098633
147,2,46,False,"[0.12179209519312476,1.4457621984235685,1.2224002856333853,-1.1139304488878186,-0.001226517597475163,1.4166185776557592,0.7176972533867643,-0.006733858010894073,-0.01567495923705764,0.019874842814337157,-0.058698801948949234,0.014188236945853028,-0.020731130784383323,1.0192669959828158]","[0.12185104936361313,1.4449819326400757,1.2223377227783203,-1.1138672828674316,-0.0009181156638078392,1.4158440828323364]",0.027819128707051277,"[-0.006665302440524101,-0.014778912998735905,0.02044702135026455,-0.05901968479156494,0.014029234647750854,-0.021278411149978638]",0.04398622363805771,"[-0.33128678798675537,-0.19124500453472137,1.0338743925094604,0.6965588927268982,-0.01438954845070839,0.6944922804832458,0.17966364324092865]","[0.30151471495628357,-0.3544332981109619,0.9238917231559753,0.7140988707542419,-0.016042551025748253,0.0009340540273115039,0.6998603343963623]","[-0.30055946111679077,-0.13075131177902222,0.7805474996566772]","[0.034790199249982834,0.14891500771045685,0.6945717930793762,0.7029821872711182]",1.1920928955078125e-07,0.0,0.0,False,False,0.0014999620616436005
148,2,47,False,"[0.12074735004169584,1.4508597736417468,1.2221579260137996,-1.1130785536639827,-0.0029349460825535134,1.420565796685355,0.7249905376504552,-0.0069930040187340115,-0.02102411195723608,0.01652351437734445,-0.05586737798079715,0.014969850528807616,-0.017425648069881783,1.0209838428541032]","[0.12087197601795197,1.45017409324646,1.222194790840149,-1.113162636756897,-0.002677412237972021,1.4199633598327637]",0.028362741693854332,"[-0.0069573246873915195,-0.0202884953469038,0.01699637621641159,-0.05626966059207916,0.014852272346615791,-0.017916519194841385]",0.043991219252347946,"[-0.3311956524848938,-0.19030362367630005,1.0325993299484253,0.6962096691131592,-0.014326725155115128,0.6956868171691895,0.1763705164194107]","[0.3015657365322113,-0.3545323610305786,0.9234022498130798,0.7145485281944275,-0.013141082599759102,0.00041863485239446163,0.699462354183197]","[-0.300559401512146,-0.13075104355812073,0.7805474996566772]","[0.03478941321372986,0.14891797304153442,0.6945798993110657,0.7029736638069153]",1.1920928955078125e-07,0.0,0.0,False,False,0.0012848377227783203
149,2,48,False,"[0.11926867661693286,1.4555469359178206,1.2213229526560698,-1.1109861262085503,-0.003979613512005431,1.4236935371233461,0.730861321738392,-0.007387355169741344,-0.02693130093215801,0.012197545740057714,-0.05234699975742834,0.016070467911896646,-0.013739033241986054,1.0224156424699993]","[0.11944673210382462,1.4549216032028198,1.2214463949203491,-1.111246109008789,-0.00381166092120111,1.4232177734375]",0.028813833370804787,"[-0.00734019884839654,-0.026144495233893394,0.012764270417392254,-0.05285148695111275,0.01591802015900612,-0.014271295629441738]",0.04399464279413223,"[-0.330965518951416,-0.18937090039253235,1.0312880277633667,0.6960768103599548,-0.014011732302606106,0.6965345144271851,0.1735524833202362]","[0.30163276195526123,-0.35459572076797485,0.922738254070282,0.7151051759719849,-0.010054311715066433,-7.975289918249473e-05,0.6989445090293884]","[-0.3005593419075012,-0.1307510882616043,0.7805474996566772]","[0.03478579223155975,0.14891667664051056,0.6945793032646179,0.7029746174812317]",1.1920928955078125e-07,0.0,0.0,False,False,0.0013178233057260513
150,2,49,False,"[0.1173789736309854,1.4607537204467465,1.2203725026555827,-1.1083295738115138,-0.004238538949108861,1.425338952271383,0.7360058119417822,-0.0075375337638712014,-0.03234354256142369,0.008569577989179455,-0.04927746373618869,0.016930418210974407,-0.010235330041777124,1.0233347256845586]","[0.11760628968477249,1.460082769393921,1.2205196619033813,-1.108681559562683,-0.004180606454610825,1.4250686168670654]",0.029194651171565056,"[-0.007517287507653236,-0.03161202743649483,0.009072128683328629,-0.04973449185490608,0.01680351421236992,-0.010749571025371552]",0.043996311724185944,"[-0.33061444759368896,-0.1883188933134079,1.0298362970352173,0.6962376236915588,-0.013992824591696262,0.6969900727272034,0.17106153070926666]","[0.3016747534275055,-0.3546660840511322,0.9221993684768677,0.7155123353004456,-0.007060885429382324,-0.0005703350761905313,0.6985640525817871]","[-0.3005596101284027,-0.13075163960456848,0.7805473804473877]","[0.03479425236582756,0.14891725778579712,0.6945634484291077,0.7029898166656494]",0.0,0.0,0.0,False,False,0.0012856721878051758
151,3,0,True,"[0.11508933100210317,1.4651704250804842,1.2187285475416287,-1.1061894582253307,-0.0046214162053199725,1.4264753819304454,0.738708362359137,-0.007666233488343693,-0.036927167173507525,0.005427792509100304,-0.04646533358260094,0.018250083447576226,-0.007111709112826825,1.0240970521472508]","[0.11536592245101929,1.4645767211914062,1.2189608812332153,-1.1064928770065308,-0.004560684319585562,1.4262961149215698]",0.029481472447514534,"[-0.007652424741536379,-0.036299750208854675,0.00586381321772933,-0.046883419156074524,0.018068131059408188,-0.007575183641165495]",0.043997637927532196,"[-0.3301299512386322,-0.18746991455554962,1.0283621549606323,0.6964306235313416,-0.014171687886118889,0.6974104642868042,0.16852928698062897]","[0.30172380805015564,-0.35472020506858826,0.9217397570610046,0.7160226106643677,-0.004389953333884478,-0.0009840206475928426,0.698062539100647]","[-0.30055955052375793,-0.13075152039527893,0.7805473804473877]","[0.03478936105966568,0.14891231060028076,0.6945656538009644,0.7029889225959778]",0.0,0.0,0.0,False,False,0.001132965087890625
152,3,1,False,"[0.11206225960386312,1.4695688698230982,1.2167336312461279,-1.1030674751960858,-0.004447679044517039,1.426865868855331,0.7398173557152131,-0.007799413301620789,-0.04051984218504201,0.0033297666049147967,-0.0437642490587078,0.01952769996698006,-0.004039050178048342,1.0248904052843004]","[0.11242362856864929,1.4689913988113403,1.2170186042785645,-1.1034889221191406,-0.00445555429905653,1.4267934560775757]",0.029674943536520004,"[-0.007785818539559841,-0.040024593472480774,0.0036414640489965677,-0.0441596657037735,0.019344110041856766,-0.004489572253078222]",0.04399828240275383,"[-0.3294447958469391,-0.18658320605754852,1.0268160104751587,0.6968275904655457,-0.014161335304379463,0.6975823640823364,0.1661616712808609]","[0.3017730414867401,-0.3547825813293457,0.92153000831604,0.7165254950523376,-0.001784134772606194,-0.0013921569334343076,0.6975570917129517]","[-0.3005594313144684,-0.13075117766857147,0.7805474400520325]","[0.03478685021400452,0.14891323447227478,0.6945754289627075,0.7029792070388794]",5.960464477539063e-08,0.0,0.0,False,False,0.001117706298828125
153,3,2,False,"[0.10872755476466506,1.474403785440976,1.2150485306985699,-1.100151639571489,-0.00394506826111124,1.427612317260538,0.7397393190132561,-0.008000602943775276,-0.044114028575429454,0.0012194489234315098,-0.041167160037636936,0.02084892691392476,-0.0012933446795303505,1.025399906220065]","[0.10913123190402985,1.473778247833252,1.2153040170669556,-1.1005600690841675,-0.004002558067440987,1.427507996559143]",0.029788073152303696,"[-0.007979070767760277,-0.04363211989402771,0.001512667746283114,-0.04154781252145767,0.020659707486629486,-0.0017005263362079859]",0.043998658657073975,"[-0.3286593556404114,-0.18562129139900208,1.0252350568771362,0.6973786950111389,-0.0140196792781353,0.6976622343063354,0.1635044515132904]","[0.3018290400505066,-0.3548436164855957,0.9213322401046753,0.7170535326004028,0.0006702509708702564,-0.0018559234449639916,0.6970151662826538]","[-0.300559401512146,-0.13075092434883118,0.7805474996566772]","[0.03478856384754181,0.14891406893730164,0.6945827007293701,0.7029717564582825]",1.1920928955078125e-07,0.0,0.0,False,False,0.0012052059173583984
154,3,3,False,"[0.1049516125026706,1.4791310756774625,1.2131441501210536,-1.0962132434692244,-0.002753451820513231,1.4271212286704023,0.7376549292094272,-0.008216916621298864,-0.04710503197103788,-0.00043041086317496813,-0.03875644892961445,0.02174946908422476,0.0006992533373414989,1.0258979731957325]","[0.10540664196014404,1.4785130023956299,1.2134277820587158,-1.096747636795044,-0.0029035916086286306,1.427170753479004]",0.02980962209403515,"[-0.008191706612706184,-0.046696897596120834,-0.00019195830100215971,-0.03911038860678673,0.021612659096717834,0.0003935715649276972]",0.04399872198700905,"[-0.3277397155761719,-0.18459996581077576,1.0236363410949707,0.6981563568115234,-0.013800190761685371,0.6974013447761536,0.16130246222019196]","[0.30187639594078064,-0.35490167140960693,0.921220600605011,0.7174544334411621,0.002773431595414877,-0.0024595572613179684,0.6965954303741455]","[-0.3005594313144684,-0.1307513564825058,0.7805474400520325]","[0.03478975221514702,0.14892016351222992,0.6945717930793762,0.702981173992157]",5.960464477539063e-08,0.0,0.0,False,False,0.0011932849884033203
155,3,4,False,"[0.10125309878524755,1.4820724419966393,1.209620757781587,-1.0908560999821661,-0.001802308148605103,1.4252182162470595,0.7335628602202191,-0.008258185899174098,-0.050148824026618244,-0.0024076033810025432,-0.035803369319683725,0.02279012677424297,0.0035609115269806257,1.0261863063322085]","[0.10170607268810272,1.4816595315933228,1.2101033926010132,-1.0915929079055786,-0.001933806692250073,1.4254670143127441]",0.029733775183558464,"[-0.008253376930952072,-0.04974226653575897,-0.0021387930028140545,-0.036224011331796646,0.022641947492957115,0.0031573206651955843]",0.04399886354804039,"[-0.3267938792705536,-0.18386776745319366,1.0220602750778198,0.6988264918327332,-0.013544971123337746,0.6970110535621643,0.16010479629039764]","[0.30191174149513245,-0.35494163632392883,0.9210687875747681,0.717820942401886,0.005185831803828478,-0.002894524484872818,0.6962023377418518]","[-0.3005594313144684,-0.13075126707553864,0.7805474400520325]","[0.034786026924848557,0.14891429245471954,0.6945729851722717,0.7029814124107361]",5.960464477539063e-08,0.0,0.0,False,False,0.0011657476425170898
156,3,5,False,"[0.09724959051159263,1.4863768649581073,1.2078191286557045,-1.08569400134428,-0.00028691060771512955,1.4244120311760793,0.7241156004179461,-0.008426357944407048,-0.05236871567621293,-0.0040440246104122,-0.033396681900544636,0.023817864308894654,0.005382884578519986,1.0262664052245913]","[0.09773410856723785,1.4858373403549194,1.2081228494644165,-1.0864230394363403,-0.0004869978583883494,1.424546241760254]",0.029480108991265297,"[-0.00840885192155838,-0.05205950513482094,-0.003813553834334016,-0.03375667333602905,0.023669971153140068,0.005099407397210598]",0.04399913176894188,"[-0.32578572630882263,-0.18283571302890778,1.0205907821655273,0.6996802687644958,-0.012793831527233124,0.6965058445930481,0.15862952172756195]","[0.3019561469554901,-0.3549591302871704,0.9209139347076416,0.7182174324989319,0.006993788294494152,-0.0033087620977312326,0.6957756280899048]","[-0.30055949091911316,-0.13075122237205505,0.7805474400520325]","[0.03479010611772537,0.14891669154167175,0.6945744752883911,0.7029792070388794]",5.960464477539063e-08,0.0,0.0,False,False,0.0011686086654663086
157,3,6,False,"[0.09275145282044481,1.4891295220916048,1.2046223420923727,-1.0798371317477402,0.0008070231468612077,1.4214300214475033,0.713504599939354,-0.008382065162211128,-0.05386996615936002,-0.005634715260254275,-0.03116434491653433,0.024701523512559276,0.006539551803535548,1.0262561437545226]","[0.093294158577919,1.4887518882751465,1.205070972442627,-1.0806595087051392,0.0006528110825456679,1.4218275547027588]",0.029099050909280777,"[-0.008387619629502296,-0.05365630239248276,-0.005417136009782553,-0.03149572014808655,0.0245713721960783,0.00635613314807415]",0.043998993933200836,"[-0.3246283531188965,-0.18206006288528442,1.0191538333892822,0.7004258036613464,-0.012241032905876637,0.6959320902824402,0.15789993107318878]","[0.30198028683662415,-0.35494059324264526,0.9207091927528381,0.7185099124908447,0.008251581341028214,-0.0036604187916964293,0.6954580545425415]","[-0.3005593419075012,-0.1307508796453476,0.7805474996566772]","[0.03478732705116272,0.14891566336154938,0.6945840716362,0.7029700875282288]",1.1920928955078125e-07,0.0,0.0,False,False,0.0013047456741333008
158,3,7,False,"[0.08759261766520812,1.4909608922315951,1.201024695144032,-1.072859224524986,0.00238672805230955,1.416856951817301,0.6998535253099432,-0.00840992029530982,-0.0558576756032626,-0.007428922002979066,-0.028508733926271006,0.025746117090525544,0.007407561996472245,1.0263863207108872]","[0.08821281790733337,1.4907097816467285,1.201541543006897,-1.0738369226455688,0.0021782114636152983,1.4174914360046387]",0.028572237119078636,"[-0.00840993132442236,-0.05559879168868065,-0.007185108959674835,-0.028889406472444534,0.025597907602787018,0.007273681461811066]",0.04399925842881203,"[-0.3232717216014862,-0.18138007819652557,1.0178457498550415,0.7013095617294312,-0.011478787288069725,0.6950274705886841,0.15801872313022614]","[0.30201223492622375,-0.3549303114414215,0.9205083250999451,0.7188580632209778,0.00957732554525137,-0.0043142554350197315,0.6950775384902954]","[-0.30055946111679077,-0.13075114786624908,0.7805474996566772]","[0.034789953380823135,0.14891482889652252,0.6945764422416687,0.70297771692276]",1.1920928955078125e-07,0.0,0.0,False,False,0.0015472173690795898
159,3,8,False,"[0.08237843596425709,1.4924157005609606,1.197141670889569,-1.066054884335173,0.0038079975831041835,1.4126081634849625,0.6831388444552546,-0.008202705794382287,-0.05781840655088244,-0.009248223823074553,-0.02608419864337234,0.026879103419560346,0.007925442823804363,1.0258531421418318]","[0.08301378786563873,1.4922280311584473,1.1976944208145142,-1.0670336484909058,0.003612876869738102,1.4132312536239624]",0.02789345569908619,"[-0.008229860104620457,-0.05755665898323059,-0.009000485762953758,-0.026442423462867737,0.026716947555541992,0.00784248299896717]",0.043999165296554565,"[-0.3218705952167511,-0.18081580102443695,1.0165611505508423,0.7021718621253967,-0.01062076911330223,0.6941509246826172,0.15810208022594452]","[0.3020275831222534,-0.35491669178009033,0.9202770590782166,0.7191681265830994,0.010711539536714554,-0.005020431708544493,0.6947353482246399]","[-0.30055952072143555,-0.13075149059295654,0.7805474996566772]","[0.03479241952300072,0.14891867339611053,0.6945674419403076,0.7029856443405151]",1.1920928955078125e-07,0.0,0.0,False,False,0.0015437602996826172
160,3,9,False,"[0.0768978299452808,1.4957481352372137,1.1940482076253096,-1.060266079681703,0.005629741700110491,1.408280441361,0.665080457824302,-0.007974858611443009,-0.05867417525359797,-0.010517583292588006,-0.02436623755350424,0.028048142958343292,0.00881406540280566,1.0256822012063387]","[0.07756305485963821,1.4953606128692627,1.194502830505371,-1.0611122846603394,0.005386040546000004,1.408912181854248]",0.027094058692455292,"[-0.00800770241767168,-0.05854267254471779,-0.01033596508204937,-0.02463182993233204,0.02787959948182106,0.00869030226022005]",0.04399924725294113,"[-0.3204040825366974,-0.18002808094024658,1.0150318145751953,0.7032177448272705,-0.010351178236305714,0.693242609500885,0.15745574235916138]","[0.3020404279232025,-0.35488182306289673,0.9200738072395325,0.7194819450378418,0.011544824577867985,-0.005233168136328459,0.6943954229354858]","[-0.30055928230285645,-0.1307510882616043,0.7805474400520325]","[0.03478178381919861,0.14891523122787476,0.6945787668228149,0.7029756307601929]",5.960464477539063e-08,0.0,0.0,False,False,0.001340627670288086
161,3,10,False,"[0.07076754268748886,1.49704957577418,1.1886158163840719,-1.0524855565810347,0.007121240898862957,1.4016739185556406,0.6467950738077922,-0.008020156307343568,-0.06016040843272419,-0.011857792421012259,-0.02289375424221125,0.029258466241114334,0.009237360759303759,1.0256382132508057]","[0.07150720804929733,1.4968620538711548,1.1893467903137207,-1.0535753965377808,0.00691470829769969,1.4025975465774536]",0.026219043880701065,"[-0.00802162941545248,-0.059969473630189896,-0.011675341986119747,-0.02311600372195244,0.02908439002931118,0.00916776992380619]",0.04399926960468292,"[-0.31874939799308777,-0.17956160008907318,1.013411521911621,0.7041863799095154,-0.010129597038030624,0.6921981573104858,0.1577356457710266]","[0.30207669734954834,-0.3548705577850342,0.9198738932609558,0.7198925614356995,0.012296190485358238,-0.005625143647193909,0.6939537525177002]","[-0.3005594313144684,-0.1307508796453476,0.7805474996566772]","[0.03479014337062836,0.14892037212848663,0.6945836544036865,0.7029693126678467]",1.1920928955078125e-07,0.0,0.0,False,False,0.0017098188400268555
162,3,11,False,"[0.06447594789175592,1.5000678513491663,1.1852819682997144,-1.0453733760327584,0.009514747641442944,1.3955968434508497,0.6275685880729062,-0.007878911870012911,-0.061037787634346974,-0.013429642054638813,-0.020930605792639015,0.030422733673452385,0.009622023130687718,1.025135074428424]","[0.06524010002613068,1.4997096061706543,1.1858001947402954,-1.0463991165161133,0.00919891707599163,1.3964900970458984]",0.025274747982621193,"[-0.007898540236055851,-0.06091102585196495,-0.013222547248005867,-0.02121143601834774,0.03025345504283905,0.009564222767949104]",0.04399910941720009,"[-0.3170330822467804,-0.17876097559928894,1.0118812322616577,0.7054446339607239,-0.009792772121727467,0.6909098029136658,0.1577828824520111]","[0.30209919810295105,-0.35481885075569153,0.9196046590805054,0.7202445268630981,0.012910682708024979,-0.00593741936609149,0.6935746073722839]","[-0.30055946111679077,-0.13075116276741028,0.7805474996566772]","[0.03478986769914627,0.14891482889652252,0.694575846195221,0.7029783129692078]",1.1920928955078125e-07,0.0,0.0,False,False,0.0016258955001831055
163,3,12,False,"[0.057579718833621146,1.503503155540884,1.1817959557640654,-1.0383812759020294,0.012141646416848784,1.3887230445330265,0.6072684789348547,-0.00789584872136706,-0.061530718041598154,-0.015059231917399662,-0.018299149109201857,0.03074971808659349,0.010514803775949988,1.0245947679109277]","[0.058411527425050735,1.5030802488327026,1.1823047399520874,-1.039383053779602,0.011783677153289318,1.3897137641906738]",0.02427118457853794,"[-0.007897324860095978,-0.06145835295319557,-0.014838669449090958,-0.01867181621491909,0.03068719431757927,0.01039368286728859]",0.04399905726313591,"[-0.3151494562625885,-0.1779058873653412,1.0102286338806152,0.7068614959716797,-0.009732315316796303,0.6894998550415039,0.15761330723762512]","[0.3021122217178345,-0.3547421991825104,0.919343888759613,0.720379114151001,0.013737834058701992,-0.0061625102534890175,0.6934170126914978]","[-0.30055952072143555,-0.13075152039527893,0.7805474400520325]","[0.03479251638054848,0.14891862869262695,0.6945668458938599,0.7029862403869629]",5.960464477539063e-08,0.0,0.0,False,False,0.0016200970858335495
164,3,13,False,"[0.05020831115745922,1.505396140205871,1.1772248219544004,-1.0305502291921513,0.014909048455773344,1.3803797446477977,0.5867934446048506,-0.007777669336273552,-0.0614465519018591,-0.015464987311024636,-0.016215818959651757,0.030598391904655742,0.010630817460758668,1.024536963481233]","[0.05109884962439537,1.5051345825195312,1.1778682470321655,-1.031659722328186,0.01452909130603075,1.3815706968307495]",0.023226020857691765,"[-0.007791607640683651,-0.06145261228084564,-0.015377956442534924,-0.01652558334171772,0.030609440058469772,0.010600627399981022]",0.043999120593070984,"[-0.3131052851676941,-0.17730316519737244,1.0086675882339478,0.7083510756492615,-0.009615408256649971,0.6878620982170105,0.15808835625648499]","[0.30210012197494507,-0.3547097146511078,0.9193682074546814,0.7203026413917542,0.014384848065674305,-0.006649762857705355,0.6934788227081299]","[-0.3005593717098236,-0.1307508796453476,0.7805474996566772]","[0.03478796035051346,0.14891517162322998,0.6945842504501343,0.7029699683189392]",1.1920928955078125e-07,0.0,0.0,False,False,0.001862168312072754
165,3,14,False,"[0.04230369978940848,1.510019054188315,1.1756251053861195,-1.0242792082106793,0.017839372681674515,1.3737844861210546,0.5657713212874658,-0.00760874427061739,-0.06104121650949068,-0.01624340642896893,-0.014360706185591845,0.030808655579878608,0.01113971723156093,1.0243811940749048]","[0.043258797377347946,1.5094695091247559,1.1759299039840698,-1.0251919031143188,0.01743702031672001,1.3747777938842773]",0.022141866385936737,"[-0.007630663923919201,-0.06108986958861351,-0.016141029074788094,-0.014637940563261509,0.0307831522077322,0.011071001179516315]",0.043999601155519485,"[-0.3109261691570282,-0.17621217668056488,1.007177710533142,0.7099598050117493,-0.009227137081325054,0.6863364577293396,0.157524973154068]","[0.3020903170108795,-0.3546421527862549,0.9192646741867065,0.720298171043396,0.014828394167125225,-0.006751104723662138,0.6934731602668762]","[-0.30055946111679077,-0.13075119256973267,0.7805474996566772]","[0.03479001671075821,0.14891518652439117,0.6945751905441284,0.7029788494110107]",1.1920928955078125e-07,0.0,0.0,False,False,0.0018148981034755707
166,3,15,False,"[0.03334552399529983,1.5138132149947976,1.1735096990804956,-1.016588755251884,0.02126543708184614,1.3641647113839195,0.5447861186678999,-0.007237921981530976,-0.06009489297567039,-0.016252087711002505,-0.012584461108622085,0.030771050708447767,0.011403055504765724,1.024175930398664]","[0.03442107513546944,1.5133213996887207,1.1738463640213013,-1.0176546573638916,0.020799698308110237,1.365518569946289]",0.02103951945900917,"[-0.00728404289111495,-0.060216274112463,-0.016229184344410896,-0.012843622826039791,0.030771829187870026,0.011360714212059975]",0.04399963468313217,"[-0.3084435760974884,-0.17512387037277222,1.005790114402771,0.7117824554443359,-0.008885658346116543,0.6843681335449219,0.1578822135925293]","[0.3020572364330292,-0.35459354519844055,0.9193423390388489,0.7201655507087708,0.015231671743094921,-0.006938953418284655,0.6936002373695374]","[-0.30055949091911316,-0.1307515799999237,0.7805473208427429]","[0.034788407385349274,0.14891448616981506,0.6945645809173584,0.7029895782470703]",-5.960464477539063e-08,0.0,0.0,False,False,0.0021173954010009766
167,3,16,False,"[0.02450713735176223,1.5171624943294129,1.1699115784512761,-1.0084202464330008,0.02494206327249282,1.3540410226825892,0.5235074861937603,-0.007148633053465331,-0.059995117091700134,-0.01661322538391119,-0.011739048578365432,0.03074485914591807,0.011856551529910386,1.024142249690772]","[0.02558298408985138,1.516738772392273,1.1704179048538208,-1.0095728635787964,0.02443624846637249,1.355505347251892]",0.01992027647793293,"[-0.007164473179727793,-0.06002100184559822,-0.016568060964345932,-0.011880424804985523,0.030748039484024048,0.011793337762355804]",0.04399993270635605,"[-0.3059297800064087,-0.17424331605434418,1.004159688949585,0.7137044072151184,-0.00896968599408865,0.6822608113288879,0.15832118690013885]","[0.30204537510871887,-0.3545621931552887,0.9193058609962463,0.720109224319458,0.01554106269031763,-0.00693785073235631,0.6936519145965576]","[-0.30055949091911316,-0.1307513415813446,0.7805474996566772]","[0.03479064628481865,0.14891478419303894,0.6945708990097046,0.7029830813407898]",1.1920928955078125e-07,0.0,0.0,False,False,0.002289891242980957
168,3,17,False,"[0.015422435039539995,1.520915132770079,1.166380044962036,-1.0002139709839422,0.028588416428952212,1.3434441067528962,0.5019551279554337,-0.006757323896069006,-0.058994122407982075,-0.01622762074826911,-0.009886621597421784,0.03002411484121381,0.012307150518432064,1.0239552102660239]","[0.016524916514754295,1.5204493999481201,1.1669028997421265,-1.001381278038025,0.028081810101866722,1.3449829816818237]",0.018781524151563644,"[-0.0068037076853215694,-0.05912056192755699,-0.016254723072052002,-0.010136350989341736,0.030114836990833282,0.012241587042808533]",0.043999724090099335,"[-0.30334052443504333,-0.17335714399814606,1.0024316310882568,0.7156465649604797,-0.00928771123290062,0.6801243424415588,0.15872812271118164]","[0.3019927740097046,-0.35453951358795166,0.9195128083229065,0.7197515964508057,0.01611272431910038,-0.007186065893620253,0.6940073370933533]","[-0.300559401512146,-0.13075102865695953,0.7805474996566772]","[0.034788720309734344,0.14891821146011353,0.6945805549621582,0.7029728889465332]",1.1920928955078125e-07,0.0,0.0,False,False,0.0024061203002929688
169,3,18,False,"[0.005980227119565862,1.522252643653962,1.1623832933287659,-0.991938986432615,0.03236884912705301,1.331046893283716,0.4804827948521877,-0.006431420227796719,-0.059542895931791184,-0.01626567468950013,-0.010433379339788874,0.029728861720120014,0.011622781773061419,1.0237470975612957]","[0.007123488932847977,1.5220420360565186,1.1629737615585327,-0.9931223392486572,0.03184620290994644,1.3328250646591187]",0.017633413895964622,"[-0.006474215071648359,-0.059490855783224106,-0.016269223764538765,-0.010396582074463367,0.029776766896247864,0.011701637879014015]",0.04399992525577545,"[-0.3006342053413391,-0.1728416234254837,1.0011370182037354,0.7176529765129089,-0.009471012279391289,0.677676260471344,0.1601228564977646]","[0.30195143818855286,-0.3545566201210022,0.9195106625556946,0.7195236682891846,0.015951158478856087,-0.007405409589409828,0.6942452192306519]","[-0.300559401512146,-0.13075098395347595,0.7805474400520325]","[0.0347847081720829,0.14891096949577332,0.6945815086364746,0.7029737830162048]",5.960464477539063e-08,0.0,0.0,False,False,0.0027801990509033203
170,3,19,False,"[-0.0040614131321683455,1.5239914734886233,1.1580649555445008,-0.98280818340454,0.0360151512246038,1.3169705783983847,0.4583511833837757,-0.006204502544506552,-0.06075359199544872,-0.01674724536079586,-0.011164939635127073,0.029488941336942354,0.012085498908395387,1.0239395315358162]","[-0.0028480251785367727,1.5237873792648315,1.1586880683898926,-0.9841033220291138,0.03550851345062256,1.318993330001831]",0.016466520726680756,"[-0.006235618144273758,-0.06060180813074112,-0.01669643074274063,-0.011068976484239101,0.029524801298975945,0.012036481872200966]",0.04399997740983963,"[-0.2977633476257324,-0.1723155528306961,0.9997241497039795,0.7196738123893738,-0.010008936747908592,0.6750919222831726,0.1619265228509903]","[0.30192118883132935,-0.35458382964134216,0.9193846583366394,0.7193505764007568,0.016074391081929207,-0.0072920480743050575,0.6944228410720825]","[-0.3005593419075012,-0.13075105845928192,0.7805474996566772]","[0.03478590026497841,0.14891670644283295,0.6945801973342896,0.7029737830162048]",1.1920928955078125e-07,0.0,0.0,False,False,0.0031630992889404297
171,3,20,False,"[-0.013795266579181939,1.527880506988312,1.155615638976928,-0.9760586973381045,0.03958233999566052,1.3051227295267989,0.436093547571169,-0.0059102626384500145,-0.061729603359372165,-0.016807247132666014,-0.012531969908447953,0.028711612927163066,0.012415574213082925,1.024628776360038]","[-0.012606395408511162,1.5274274349212646,1.1560168266296387,-0.977059543132782,0.039087072014808655,1.3068927526474]",0.015284903347492218,"[-0.005946858320385218,-0.06159483641386032,-0.016797661781311035,-0.012346393428742886,0.028813764452934265,0.012367176823318005]",0.04399999976158142,"[-0.2949402928352356,-0.1715504378080368,0.9982171058654785,0.7216477394104004,-0.010844118893146515,0.6728485822677612,0.16242404282093048]","[0.30187278985977173,-0.3546249568462372,0.9193018674850464,0.7190036773681641,0.016051022335886955,-0.007042810320854187,0.6947850584983826]","[-0.30055946111679077,-0.13075102865695953,0.780547559261322]","[0.034789424389600754,0.1489131599664688,0.6945798397064209,0.7029747366905212]",1.7881393432617188e-07,0.0,0.0,False,False,0.0027674436569213867
172,3,21,False,"[-0.023538481169756174,1.5315915829439353,1.1547879134206593,-0.9713686368308397,0.042430142133908,1.293916915011791,0.413002127321677,-0.005895513696426852,-0.0630619214359397,-0.01720515675055012,-0.014267541392107907,0.02789498613271585,0.011568397459672697,1.0255389985953953]","[-0.022350337356328964,1.5311092138290405,1.154978632926941,-0.972067654132843,0.0420277938246727,1.2955727577209473]",0.014075793325901031,"[-0.005899525247514248,-0.06288474798202515,-0.017166398465633392,-0.014025832526385784,0.028010854497551918,0.011670189909636974]",0.04399999976158142,"[-0.2921242415904999,-0.17079521715641022,0.9970937371253967,0.7233947515487671,-0.011594941839575768,0.6709314584732056,0.16253116726875305]","[0.30184483528137207,-0.35466229915618896,0.9191116690635681,0.7187198400497437,0.01552337221801281,-0.00702242786064744,0.6950909495353699]","[-0.300559401512146,-0.13075150549411774,0.7805473208427429]","[0.03478418290615082,0.14891527593135834,0.6945669651031494,0.7029872536659241]",-5.960464477539063e-08,0.0,0.0,False,False,0.0025887489318847656
173,3,22,False,"[-0.03242046575729359,1.5424844925974401,1.158745352824492,-0.9704856416514379,0.04629118511519631,1.29034054201171,0.38973519590310984,-0.0058390654461579206,-0.063974429601243,-0.017675259656767306,-0.01610150212448369,0.027316227595184428,0.01039164943602161,1.0264916225140048]","[-0.031326837837696075,1.541199803352356,1.1583210229873657,-0.9706413745880127,0.04576968029141426,1.2910077571868896]",0.012847854755818844,"[-0.005844578612595797,-0.06384158879518509,-0.01762581616640091,-0.015841038897633553,0.027403688058257103,0.010554562322795391]",0.04399999976158142,"[-0.28945136070251465,-0.1689838171005249,0.9954025149345398,0.7252981066703796,-0.012209738604724407,0.6697870492935181,0.15867798030376434]","[0.3018219769001007,-0.3546750843524933,0.918852686882019,0.7185081839561462,0.014647231437265873,-0.006951257586479187,0.6953293681144714]","[-0.30055949091911316,-0.13075129687786102,0.7805474400520325]","[0.034790296107530594,0.14891500771045685,0.6945723295211792,0.7029816508293152]",5.960464477539063e-08,0.0,0.0,False,False,0.0024461746215820312
174,3,23,False,"[-0.04050930647211516,1.5601617545202129,1.170123299925185,-0.9759687472458517,0.05001858214398558,1.2941649521318876,0.3674854309763139,-0.005781280822708373,-0.06565632340852356,-0.018189603696874945,-0.017251441040108645,0.027465517020648145,0.009591333855594908,1.027061813907067]","[-0.039512019604444504,1.5579674243927002,1.1687668561935425,-0.9752125144004822,0.049497246742248535,1.2937614917755127]",0.011629479937255383,"[-0.005788757465779781,-0.06544043868780136,-0.018125155940651894,-0.0170727726072073,0.02745744027197361,0.009714076295495033]",0.04399993643164635,"[-0.28692078590393066,-0.16594630479812622,0.9937120079994202,0.7270326018333435,-0.012457700446248055,0.66972416639328,0.15079094469547272]","[0.30181798338890076,-0.3547215163707733,0.9186850190162659,0.7185146808624268,0.014298748224973679,-0.007196667138487101,0.6953275203704834]","[-0.3005591928958893,-0.130750834941864,0.7805474996566772]","[0.03478310629725456,0.14892011880874634,0.6945867538452148,0.7029666900634766]",1.1920928955078125e-07,0.0,0.0,False,False,0.003972053527832031
175,3,24,False,"[-0.04786977137776433,1.582244418536253,1.1846836414044,-0.9841692789988137,0.054558307414525276,1.301837948544032,0.3443612283268334,-0.00581874241341504,-0.06786485311809742,-0.01921495326352829,-0.018334059247599385,0.027871613475537016,0.009000824779485606,1.0279195857039167]","[-0.04696452245116234,1.579427719116211,1.1828440427780151,-0.9829326272010803,0.053932175040245056,1.3008066415786743]",0.010403438471257687,"[-0.005816034972667694,-0.06757456809282303,-0.019094331189990044,-0.018176686018705368,0.02781927026808262,0.009091748856008053]",0.04399972781538963,"[-0.2844931483268738,-0.16213949024677277,0.9916125535964966,0.7288241386413574,-0.012932902202010155,0.670056164264679,0.14025945961475372]","[0.30183082818984985,-0.354763388633728,0.9184107184410095,0.7186537384986877,0.014099442400038242,-0.007433346472680569,0.6951853036880493]","[-0.3005593717098236,-0.13075107336044312,0.7805474996566772]","[0.03478725999593735,0.14891691505908966,0.694579005241394,0.702974796295166]",1.1920928955078125e-07,0.0,0.0,False,False,0.0050852298736572266
176,3,25,False,"[-0.05483075770521608,1.6101617144942093,1.2030480834186963,-0.9938075187394685,0.06053524539488009,1.3129694694787895,0.3216735824715499,-0.005782034952409448,-0.06943381030773099,-0.020093099069274367,-0.018644607306809974,0.027853551478377536,0.00962578378348572,1.0291798888374954]","[-0.05398200452327728,1.606589436531067,1.2007187604904175,-0.9922987818717957,0.05971227213740349,1.3114166259765625]",0.009179046377539635,"[-0.005786243826150894,-0.06921272724866867,-0.01997745968401432,-0.0185866542160511,0.02784927375614643,0.009557670913636684]",0.043999601155519485,"[-0.2820392847061157,-0.15728755295276642,0.9888388514518738,0.7308977246284485,-0.013578792102634907,0.6703546643257141,0.1273917257785797]","[0.30182865262031555,-0.35478609800338745,0.9181952476501465,0.7186480164527893,0.014390458352863789,-0.007391647435724735,0.695185661315918]","[-0.3005595803260803,-0.1307516247034073,0.7805473208427429]","[0.0347905158996582,0.14891241490840912,0.6945629715919495,0.7029914855957031]",-5.960464477539063e-08,0.0,0.0,False,False,0.006450176239013672
177,3,26,False,"[-0.061712891610566395,1.6391367467586753,1.2224242288932443,-1.0034321428476707,0.06716893410973068,1.325591739629127,0.29903732706880976,-0.005574707160974773,-0.07026974069615344,-0.020981648345985704,-0.017624313378334366,0.027841883727676597,0.011438327735666609,1.0299739637588503]","[-0.06088082492351532,1.6353203058242798,1.2199459075927734,-1.0018779039382935,0.06623754650354385,1.3237817287445068]",0.00795801728963852,"[-0.005599824711680412,-0.07014521211385727,-0.020861050114035606,-0.01774752326309681,0.027842635288834572,0.011198571883141994]",0.04399966821074486,"[-0.2795105278491974,-0.15212753415107727,0.9858234524726868,0.7331187725067139,-0.013815155252814293,0.6703716516494751,0.11378820985555649]","[0.3018108010292053,-0.3547745645046234,0.9180474281311035,0.7185620665550232,0.015298000536859035,-0.007130250334739685,0.6952579021453857]","[-0.3005593419075012,-0.13075098395347595,0.7805474996566772]","[0.03478553146123886,0.14891667664051056,0.6945818662643433,0.7029721140861511]",1.1920928955078125e-07,0.0,0.0,False,False,0.006830930709838867
178,3,27,False,"[-0.06840792386888422,1.6700335181346686,1.24324002213984,-1.0125195755011653,0.07514006724926608,1.3389132795891243,0.2770764404274799,-0.00523541125673796,-0.07062010741155433,-0.022197809547062963,-0.01602797756901647,0.027603048454880597,0.013845360711264465,1.031110790508106]","[-0.06759951263666153,1.6659585237503052,1.2405873537063599,-1.0110136270523071,0.07402460277080536,1.3369814157485962]",0.006751881912350655,"[-0.0052780574187636375,-0.07056335359811783,-0.022040974348783493,-0.016249386593699455,0.02763291634619236,0.013507966883480549]",0.043999820947647095,"[-0.27689915895462036,-0.1465579867362976,0.9824644327163696,0.7356603741645813,-0.01388013456016779,0.6698019504547119,0.09988147020339966]","[0.30177438259124756,-0.3547166585922241,0.9178240895271301,0.7183532118797302,0.016390247270464897,-0.006582797970622778,0.6954542398452759]","[-0.3005593717098236,-0.13075070083141327,0.780547559261322]","[0.03478873893618584,0.14891886711120605,0.6945886611938477,0.7029647827148438]",1.7881393432617188e-07,0.0,0.0,False,False,0.007297635078430176
179,3,28,False,"[-0.07507642301766568,1.7009832792803774,1.2635658600512916,-1.0197565090990248,0.08365784547804803,1.3506627084348533,0.2548532685197427,-0.004894432153309702,-0.07059009871954836,-0.02276876566483943,-0.01416882587424398,0.02683894986594826,0.016131486057431088,1.0317414765902597]","[-0.07427336275577545,1.6968592405319214,1.2609678506851196,-1.0184859037399292,0.08244932442903519,1.348915457725525]",0.005550143774598837,"[-0.00493816751986742,-0.07059010118246078,-0.02267380617558956,-0.014432253316044807,0.02693880721926689,0.01579705998301506]",0.04399999976158142,"[-0.2742004096508026,-0.14091283082962036,0.978777289390564,0.7383400797843933,-0.01405747327953577,0.6686733961105347,0.08678789436817169]","[0.3017220199108124,-0.354677677154541,0.917787492275238,0.7179637551307678,0.017640477046370506,-0.006209460087120533,0.6958291530609131]","[-0.30055949091911316,-0.13075126707553864,0.7805474996566772]","[0.034790489822626114,0.14891491830348969,0.6945730447769165,0.7029809951782227]",1.1920928955078125e-07,0.0,0.0,False,False,0.0073812007904052734
180,3,29,False,"[-0.08081678370068515,1.7293815818640939,1.2842397080158312,-1.0286750231399118,0.09063528400239854,1.3629799435360375,0.23550816233441385,-0.004623231522059901,-0.06953233366480505,-0.02351376526167026,-0.0120367776807416,0.0258478554422491,0.017783401948891275,1.0315271687478598]","[-0.0801088735461235,1.7255133390426636,1.281612515449524,-1.0272274017333984,0.08960876613855362,1.3611834049224854]",0.004410726949572563,"[-0.004658128600567579,-0.06965794414281845,-0.02341378666460514,-0.012343590147793293,0.025985250249505043,0.017530197277665138]",0.04399999976158142,"[-0.271757036447525,-0.13565278053283691,0.9755955338478088,0.7405127882957458,-0.013925593346357346,0.6677612066268921,0.07444258034229279]","[0.301668256521225,-0.35458219051361084,0.9176684021949768,0.7175154089927673,0.01840379647910595,-0.005752400495111942,0.6962756514549255]","[-0.30055952072143555,-0.13075152039527893,0.7805474400520325]","[0.03479298949241638,0.14891870319843292,0.6945668458938599,0.7029861807823181]",5.960464477539063e-08,0.0,0.0,False,False,0.006847739219665527
181,3,30,False,"[-0.08626147220067229,1.756528321134929,1.3047221162322256,-1.0366452702868156,0.09780740461727108,1.3753321062755592,0.2165934949816541,-0.0043491745718939046,-0.06892559827984102,-0.024359293827838968,-0.01042190263838893,0.025595273143432073,0.01894283100337618,1.031404297149089]","[-0.08559725433588028,1.7528457641601562,1.3021032810211182,-1.03529953956604,0.09677846729755402,1.3735251426696777]",0.003318584058433771,"[-0.004384757950901985,-0.06901241093873978,-0.024246852844953537,-0.010668483562767506,0.02564401738345623,0.018762776628136635]",0.04399999976158142,"[-0.26937487721443176,-0.13055144250392914,0.9725958108901978,0.7426660656929016,-0.013229832984507084,0.6665747165679932,0.06285113096237183]","[0.3016326129436493,-0.3544946014881134,0.917499303817749,0.7172880172729492,0.01891363225877285,-0.005390188191086054,0.6964991092681885]","[-0.300559401512146,-0.13075102865695953,0.7805474400520325]","[0.03478565067052841,0.14891217648983002,0.6945800185203552,0.7029749155044556]",5.960464477539063e-08,0.0,0.0,False,False,0.006524085998535156
182,3,31,False,"[-0.09135930108748666,1.7824107689116309,1.325688373375586,-1.044008954275589,0.10478022618764274,1.3875835386296171,0.19862743327208143,-0.003998750826340353,-0.06884023542206796,-0.02535274505575269,-0.00930042266588961,0.025843913509361882,0.01948426875395065,1.0315632081232213]","[-0.09073547273874283,1.7788918018341064,1.323014259338379,-1.042752742767334,0.1037755012512207,1.3857879638671875]",0.0022746874019503593,"[-0.004044543951749802,-0.06885991990566254,-0.025223346427083015,-0.009477147832512856,0.02581792324781418,0.019392330199480057]",0.04399996995925903,"[-0.26705998182296753,-0.12551279366016388,0.9699309468269348,0.744769811630249,-0.011835443787276745,0.6651684045791626,0.052238237112760544]","[0.30160537362098694,-0.3544218838214874,0.9172719717025757,0.7172234058380127,0.01916421763598919,-0.00518915057182312,0.6965603232383728]","[-0.3005593419075012,-0.13075095415115356,0.7805474996566772]","[0.0347866415977478,0.14891676604747772,0.6945821046829224,0.7029718160629272]",1.1920928955078125e-07,0.0,0.0,False,False,0.006210803985595703
183,3,32,False,"[-0.09458461919531858,1.8010908541524167,1.3430507554010886,-1.052939365610559,0.10682697561458401,1.3978612689639318,0.1859627521866759,-0.0036374419714485795,-0.06758538426866734,-0.02574682831098407,-0.007780817625011475,0.026114540823910404,0.018874595046487974,1.0308933199212738]","[-0.0941535159945488,1.7984095811843872,1.340772271156311,-1.0515316724777222,0.10644672811031342,1.3963196277618408]",0.001377538894303143,"[-0.003685729345306754,-0.06773809343576431,-0.025680512189865112,-0.007997244596481323,0.02607615850865841,0.018940618261694908]",0.043999940156936646,"[-0.26550766825675964,-0.12173828482627869,0.9683273434638977,0.745415210723877,-0.010756651870906353,0.6650719046592712,0.04381499066948891]","[0.30157890915870667,-0.3543364703655243,0.9171752333641052,0.7171934843063354,0.018970036879181862,-0.005307544022798538,0.6965955495834351]","[-0.30055952072143555,-0.13075152039527893,0.7805473208427429]","[0.03478815779089928,0.1489134579896927,0.694566011428833,0.7029883861541748]",-5.960464477539063e-08,0.0,0.0,False,False,0.004655003547668457
184,3,33,False,"[-0.09907653010053619,1.816084144260671,1.3586122047396012,-1.0597304105603849,0.10882129523665113,1.404446146424088,0.1751570413866369,-0.0031437564623158776,-0.06557464156681081,-0.02575647022920602,-0.0058914334848578324,0.02580584162969879,0.01856110891566387,1.030384769964835]","[-0.09854317456483841,1.8139625787734985,1.3565682172775269,-1.0585919618606567,0.10852931439876556,1.4034082889556885]",0.000604122644290328,"[-0.003206714289262891,-0.06583338975906372,-0.025741087272763252,-0.006159050390124321,0.025838853791356087,0.01860939897596836]",0.043999843299388885,"[-0.2636789381504059,-0.11856544762849808,0.967397153377533,0.745978057384491,-0.009247253648936749,0.6648525595664978,0.03744681179523468]","[0.3015264570713043,-0.35423898696899414,0.9171879291534424,0.716948390007019,0.01880515366792679,-0.0053746988996863365,0.6968517303466797]","[-0.3005593717098236,-0.13075129687786102,0.7805473804473877]","[0.03478584811091423,0.14891552925109863,0.694572389125824,0.70298171043396]",0.0,0.0,0.0,False,False,0.0036780834197998047
185,3,34,False,"[-0.10191240737710466,1.8224923987218724,1.3682467963943539,-1.0671470520428497,0.10575191500224468,1.4069035943339918,0.16963448695972394,-0.0028605097761107146,-0.06372718450550774,-0.025668167415300203,-0.00557402101484239,0.025862351186703714,0.017593035302436943,1.029100106738145]","[-0.10152567923069,1.821434736251831,1.3668981790542603,-1.0660110712051392,0.10610958933830261,1.4064574241638184]",2.4101273083942942e-05,"[-0.0029009401332587004,-0.06397564709186554,-0.025679785758256912,-0.005650564096868038,0.025858504697680473,0.017722560092806816]",0.04399995878338814,"[-0.2625942528247833,-0.11703845858573914,0.967583417892456,0.7450723648071289,-0.0087117999792099,0.6660619974136353,0.03395063802599907]","[0.3014979362487793,-0.35414835810661316,0.9171170592308044,0.7168686389923096,0.018027683719992638,-0.0052306754514575005,0.6969554424285889]","[-0.300559401512146,-0.13075095415115356,0.7805474996566772]","[0.034787923097610474,0.14891472458839417,0.6945823431015015,0.7029719948768616]",1.1920928955078125e-07,0.0,0.0,False,False,0.0023516416549682617
186,3,35,False,"[-0.1053485591463147,1.8244081461800368,1.3742212329317383,-1.0725231754443931,0.10364006671231221,1.4058494477682624,0.16610217010595918,-0.002569470367024207,-0.061959299475195406,-0.025786405347037022,-0.005493884392277092,0.025769925504914304,0.01683884508685174,1.0279730676594205]","[-0.10492750257253647,1.8240365982055664,1.3733552694320679,-1.0716749429702759,0.1039598360657692,1.4059271812438965]",0.0,"[-0.0026079958770424128,-0.0621962733566761,-0.025779031217098236,-0.0055170138366520405,0.025780312716960907,0.016951413825154305]",0.04399999976158142,"[-0.26144924759864807,-0.11645495891571045,0.9683408141136169,0.7443443536758423,-0.008360120467841625,0.6669577956199646,0.03238384798169136]","[0.30146780610084534,-0.3540498614311218,0.9169612526893616,0.7167614102363586,0.017127621918916702,-0.004887424875050783,0.6970909237861633]","[-0.30055946111679077,-0.13075120747089386,0.7805474996566772]","[0.03478969633579254,0.14891518652439117,0.6945745944976807,0.7029794454574585]",1.1920928955078125e-07,0.0,0.0,False,False,0.0014923810958862305
187,3,36,False,"[-0.10992727438731978,1.8251258403818853,1.379081880027473,-1.0753762958674158,0.1030665976722186,1.4001242261292148,0.1559094642547375,-0.0020196097330761886,-0.06067812012856999,-0.026222093140741642,-0.004503507789268896,0.026006253477760366,0.01657275594949925,1.0275049869983728]","[-0.10938357561826706,1.8250021934509277,1.3783979415893555,-1.07489013671875,0.1031881645321846,1.400864839553833]",0.0,"[-0.002089049434289336,-0.06085783243179321,-0.026169639080762863,-0.004634462762624025,0.025976430624723434,0.016620943322777748]",0.043999962508678436,"[-0.25992467999458313,-0.1160733625292778,0.9692776799201965,0.744174063205719,-0.008409825153648853,0.667129635810852,0.03274412453174591]","[0.3014238774776459,-0.35395675897598267,0.9168122410774231,0.7166589498519897,0.016709189862012863,-0.004702262580394745,0.6972076892852783]","[-0.3005594313144684,-0.130751371383667,0.7805474400520325]","[0.03478842228651047,0.14891701936721802,0.6945705413818359,0.7029831409454346]",5.960464477539063e-08,0.0,0.0,False,False,0.001580888987518847
188,3,37,False,"[-0.11406377248719639,1.8274809350530987,1.3849247624880676,-1.0767656008754671,0.1049997855817244,1.3944597452770546,0.1448585719957547,-0.00159327940390247,-0.05892320162193365,-0.026280097106542666,-0.0025723066378858933,0.025510014778403534,0.0164596496753196,1.0269741658374205]","[-0.11354929208755493,1.8272157907485962,1.3841485977172852,-1.0764997005462646,0.10477669537067413,1.395276427268982]",0.0,"[-0.0016504022059962153,-0.05915540084242821,-0.0262588020414114,-0.0028338166885077953,0.025567926466464996,0.01648011989891529]",0.04399997368454933,"[-0.25838181376457214,-0.11530937254428864,0.9700115919113159,0.744825005531311,-0.008457043208181858,0.6663596034049988,0.033599045127630234]","[0.3013700544834137,-0.3538675606250763,0.9168264865875244,0.7163646817207336,0.016659855842590332,-0.004751856904476881,0.6975109577178955]","[-0.3005593717098236,-0.13075107336044312,0.7805474996566772]","[0.03478830307722092,0.14891952276229858,0.6945792436599731,0.7029740214347839]",1.1920928955078125e-07,0.0,0.0,False,False,0.002177637070417404
189,3,38,False,"[-0.11729923052063893,1.8265678629163384,1.3876748710873192,-1.0773433356372801,0.10686477479290613,1.3873367408637436,0.13694521662825443,-0.0012372397073225905,-0.05847034518742045,-0.026457510408566365,-0.0005430150787018809,0.024968015687239165,0.016463171767264417,1.0269954190346726]","[-0.11688303202390671,1.8266515731811523,1.387258768081665,-1.0772244930267334,0.10660523921251297,1.3883492946624756]",0.0,"[-0.001284436322748661,-0.05855471268296242,-0.02642425149679184,-0.0008323605288751423,0.025042951107025146,0.01646525226533413]",0.04399997368454933,"[-0.2571745216846466,-0.11511998623609543,0.970971941947937,0.745582640171051,-0.008919225074350834,0.6654058694839478,0.035523880273103714]","[0.3013197183609009,-0.3538307249546051,0.9169179201126099,0.7160436511039734,0.017092885449528694,-0.0051865847781300545,0.6978268623352051]","[-0.30055952072143555,-0.13075149059295654,0.7805473804473877]","[0.03478873148560524,0.1489122211933136,0.6945667266845703,0.7029878497123718]",0.0,0.0,0.0,False,False,0.0026049583684653044
190,3,39,False,"[-0.1204824422923822,1.8291651961615187,1.394434038842204,-1.0806468416502042,0.10947995409255015,1.38250405080783,0.12816209747304008,-0.0010815879217721813,-0.0587836465302819,-0.02690696814097493,0.0010454700252064322,0.02501358281584215,0.016503344314618917,1.026999620874793]","[-0.12008841335773468,1.828896403312683,1.3935723304748535,-1.0801864862442017,0.10912074893712997,1.383249282836914]",0.0,"[-0.0011052866466343403,-0.05875789001584053,-0.0268454160541296,0.0008072442724369466,0.025016838684678078,0.016498474404215813]",0.04399995878338814,"[-0.25592249631881714,-0.11437887698411942,0.9718345403671265,0.7464953660964966,-0.009457830339670181,0.6643362641334534,0.03622719272971153]","[0.3013018071651459,-0.35381779074668884,0.916948676109314,0.7159594893455505,0.017613232135772705,-0.005669860169291496,0.6978965401649475]","[-0.30055955052375793,-0.13075141608715057,0.7805474996566772]","[0.034791018813848495,0.14891530573368073,0.6945686340332031,0.7029852271080017]",1.1920928955078125e-07,0.0,0.0,False,False,0.0030792467296123505
191,3,40,False,"[-0.12299945174413099,1.8292148766974416,1.3982048065098773,-1.079849058303639,0.11342980453921761,1.3733879615225495,0.12027383657022539,-0.0007026502556305159,-0.05863290703869428,-0.026920030497723624,0.003051523515735585,0.024520372619174613,0.01643157586938182,1.0269592273769776]","[-0.12267998605966568,1.8291947841644287,1.3976644277572632,-1.079870343208313,0.11288736015558243,1.374645709991455]",0.0,"[-0.0007488942937925458,-0.05865173041820526,-0.026900090277194977,0.0027691819705069065,0.024582291021943092,0.016440046951174736]",0.04399985447525978,"[-0.2548636794090271,-0.11384337395429611,0.9727820158004761,0.7479265928268433,-0.01046636700630188,0.6625394225120544,0.03921381011605263]","[0.30125492811203003,-0.3538142740726471,0.9171118140220642,0.715667724609375,0.01823410578072071,-0.006317641586065292,0.6981741786003113]","[-0.300559401512146,-0.1307510882616043,0.7805474400520325]","[0.03478894382715225,0.1489184945821762,0.6945784687995911,0.7029749751091003]",5.960464477539063e-08,0.0,0.0,False,False,0.0035052127204835415
192,3,41,False,"[-0.12683547463701314,1.8319890033344717,1.4020833533207482,-1.072804901264087,0.12210602262876635,1.361497851507126,0.11238941411376657,-0.00028498224920281423,-0.05816676412891786,-0.027032808309151113,0.004765124961504176,0.024090364635575012,0.016745535556692837,1.0269135024252498]","[-0.12639890611171722,1.8317203521728516,1.4015889167785645,-1.0736579895019531,0.12094276398420334,1.3631742000579834]",0.0,"[-0.00033841459662653506,-0.05822578817605972,-0.027012797072529793,0.004512069281190634,0.02415158599615097,0.016706516966223717]",0.04399997368454933,"[-0.2532021403312683,-0.11260656267404556,0.9730284214019775,0.7509344220161438,-0.011096259579062462,0.6588466167449951,0.04353724420070648]","[0.3012029826641083,-0.3537898063659668,0.9172095060348511,0.7153605818748474,0.018757769837975502,-0.006642765831202269,0.6984720230102539]","[-0.3005594313144684,-0.1307510882616043,0.7805474996566772]","[0.0347893163561821,0.14891524612903595,0.6945778727531433,0.7029762268066406]",1.1920928955078125e-07,0.0,0.0,False,False,0.003930971492081881
193,3,42,False,"[-0.13059957282219192,1.8329395529128671,1.4027269690728983,-1.0603336659116442,0.13395283972800426,1.3458305328624833,0.10429647363427319,-1.963240275440481e-05,-0.05845564856147667,-0.027285974685562486,0.006474219277828236,0.024033094959732493,0.016950621305018343,1.0267030460150135]","[-0.130154088139534,1.8328430652618408,1.4026590585708618,-1.0619796514511108,0.13230782747268677,1.3480420112609863]",0.0,"[-5.6795197451720014e-05,-0.05843082815408707,-0.02724641002714634,0.006226497236639261,0.02404741570353508,0.016919482499361038]",0.043999962508678436,"[-0.2514306604862213,-0.111439548432827,0.9730619192123413,0.7551879286766052,-0.01179150678217411,0.653491199016571,0.05001220852136612]","[0.3011728525161743,-0.35379040241241455,0.917311429977417,0.7152074575424194,0.019436774775385857,-0.0071545797400176525,0.6986051201820374]","[-0.30055946111679077,-0.13075146079063416,0.7805473208427429]","[0.03478733450174332,0.14891386032104492,0.694567859172821,0.702986478805542]",-5.960464477539063e-08,0.0,0.0,False,False,0.004367990419268608
194,3,43,False,"[-0.13386349318993324,1.8309817712528649,1.3993623130770674,-1.0411409186756186,0.14783215839782646,1.3256076498918814,0.0976925902889122,0.0003197518014222689,-0.05864743217506274,-0.0275095784078625,0.00750122038020282,0.023862986695650623,0.016840239262407797,1.026561370587292]","[-0.13347050547599792,1.831257939338684,1.399843454360962,-1.043745994567871,0.1458665430545807,1.3284683227539062]",0.0,"[0.0002759548369795084,-0.058622609823942184,-0.02747603878378868,0.007339558098465204,0.023885512724518776,0.016850311309099197]",0.04399997740983963,"[-0.2497686743736267,-0.11050352454185486,0.973064124584198,0.76036137342453,-0.012458612211048603,0.646651029586792,0.059479378163814545]","[0.30113616585731506,-0.35378849506378174,0.917355477809906,0.7150251269340515,0.01979628950357437,-0.007551657967269421,0.6987775564193726]","[-0.30055949091911316,-0.13075117766857147,0.7805474996566772]","[0.03479103744029999,0.14891447126865387,0.6945756077766418,0.7029784917831421]",1.1920928955078125e-07,0.0,0.0,False,False,0.004724600352346897
195,3,44,False,"[-0.13693961092058304,1.8275069286058465,1.3942543380536632,-1.0183558085690079,0.16375664226001035,1.3028528805368036,0.09112260036471032,0.0007569490071792639,-0.058919211504786184,-0.02753501192104668,0.008692220813553118,0.023612704004679852,0.016606667044303414,1.0266340309239321]","[-0.13657765090465546,1.8280197381973267,1.3950169086456299,-1.0215414762496948,0.1614900678396225,1.3061192035675049]",0.0,"[0.0007010843837633729,-0.05888665094971657,-0.02752072736620903,0.00852248165756464,0.023646172136068344,0.016637668013572693]",0.04399997740983963,"[-0.24812725186347961,-0.10967237502336502,0.9731711149215698,0.7663266658782959,-0.013049785047769547,0.6384245157241821,0.07062073051929474]","[0.3010883927345276,-0.35380297899246216,0.9174745678901672,0.7147810459136963,0.020221158862113953,-0.008112289011478424,0.6990087628364563]","[-0.30055946111679077,-0.13075107336044312,0.7805474996566772]","[0.034789782017469406,0.14891394972801208,0.6945787668228149,0.7029755711555481]",1.1920928955078125e-07,0.0,0.0,False,False,0.005111336708068848
196,3,45,False,"[-0.14013530465928714,1.8231598268456604,1.3873795456015952,-0.9903934821374571,0.18228927886228805,1.275164677905439,0.08620095498519786,0.0011882867391501406,-0.059773777574098186,-0.027372985905103064,0.009398939482685657,0.02346782058751251,0.016115107370097526,1.026580997742903]","[-0.13976913690567017,1.8238239288330078,1.3884005546569824,-0.9943080544471741,0.17965294420719147,1.2791122198104858]",0.0,"[0.0011315344600006938,-0.059671226888895035,-0.027383022010326385,0.00929067563265562,0.02348930388689041,0.016181664541363716]",0.043999943882226944,"[-0.2463669627904892,-0.10876353830099106,0.973250687122345,0.7732378244400024,-0.014010708779096603,0.6283842325210571,0.08390507102012634]","[0.30104249715805054,-0.3538556694984436,0.9176554083824158,0.7145630717277527,0.020663157105445862,-0.008858165703713894,0.6992095708847046]","[-0.30055931210517883,-0.13075099885463715,0.7805474996566772]","[0.03478509560227394,0.14891691505908966,0.6945815682411194,0.702972412109375]",1.1920928955078125e-07,0.0,0.0,False,False,0.006215989589691162
197,3,46,False,"[-0.144191346164589,1.8168215532940413,1.3765539566548575,-0.9556489074032403,0.20414960101685992,1.2440427100326452,0.08037606797455521,0.0016016260562019269,-0.061005065629090804,-0.0276135967962291,0.010279254252918802,0.023380411300105264,0.015984173047145833,1.0266350176696277]","[-0.14374040067195892,1.8177542686462402,1.3780931234359741,-0.9605228304862976,0.2010447382926941,1.248515248298645]",0.0,"[0.0015466926852241158,-0.06084809452295303,-0.027583003044128418,0.010155088268220425,0.02339320257306099,0.01600928232073784]",0.04399993643164635,"[-0.24426573514938354,-0.10806508362293243,0.9731630682945251,0.7813454866409302,-0.014567641541361809,0.6160904765129089,0.09858673810958862]","[0.30099985003471375,-0.35390642285346985,0.9177606105804443,0.7143668532371521,0.021261578425765038,-0.009557337500154972,0.6993829607963562]","[-0.30055946111679077,-0.13075140118598938,0.7805474400520325]","[0.034787289798259735,0.14891399443149567,0.6945691704750061,0.7029851078987122]",5.960464477539063e-08,0.0,0.0,False,False,0.007713019847869873
198,3,47,False,"[-0.14922990562712551,1.809842689627097,1.3637689658638703,-0.9145244572181529,0.22916344566868152,1.2085105401625396,0.0739538975157008,0.0017981081394398413,-0.061524983485363505,-0.02765490166061768,0.01092187813035481,0.023117671935318884,0.016006118032150907,1.026800667438323]","[-0.1486656814813614,1.8108985424041748,1.3656269311904907,-0.9203271865844727,0.22559911012649536,1.2136125564575195]",0.0,"[0.0017691956600174308,-0.06144587695598602,-0.02764369361102581,0.010825593955814838,0.023151975125074387,0.016006477177143097]",0.043999966233968735,"[-0.24172186851501465,-0.10728562623262405,0.972990870475769,0.7906168103218079,-0.014861814677715302,0.6013063192367554,0.11460717022418976]","[0.3009716272354126,-0.3539361357688904,0.9178502559661865,0.714191734790802,0.021691342815756798,-0.009978578425943851,0.699542760848999]","[-0.30055952072143555,-0.13075126707553864,0.7805474400520325]","[0.03479262813925743,0.14892080426216125,0.6945725679397583,0.702980101108551]",5.960464477539063e-08,0.0,0.0,False,False,0.00917661190032959
199,3,48,False,"[-0.15464436534175863,1.802919555238032,1.3502679422990536,-0.8719027059869346,0.2550447704110795,1.1705202546296412,0.06828714131712288,0.0018092274332811298,-0.06290340747743017,-0.028253757379221978,0.011080107201859053,0.024003687230923387,0.01576141296104644,1.0271070264207107]","[-0.15402117371559143,1.8039888143539429,1.352252721786499,-0.8780161738395691,0.25131139159202576,1.1760163307189941]",0.0,"[0.0018028185004368424,-0.06272948533296585,-0.02818450890481472,0.01104678027331829,0.02389591932296753,0.015792708843946457]",0.043999578803777695,"[-0.23899197578430176,-0.10654859989881516,0.9727664589881897,0.8002026677131653,-0.015795612707734108,0.5851395726203918,0.13052894175052643]","[0.3009899854660034,-0.3539675176143646,0.91778564453125,0.7144321203231812,0.021967850625514984,-0.010385388508439064,0.6992826461791992]","[-0.3005593717098236,-0.1307508945465088,0.7805474996566772]","[0.03478783369064331,0.14891472458839417,0.6945839524269104,0.7029703855514526]",1.1920928955078125e-07,0.0,0.0,False,False,0.009660065174102783
200,3,49,False,"[-0.16139982337005573,1.7967964515176638,1.3348336239841836,-0.8228167709224041,0.28425417755987975,1.1301727769137797,0.06416735012941044,0.0018012666358492024,-0.06460375135937502,-0.028818596701199684,0.011389015292012382,0.024944166104820198,0.016014825697121593,1.0277098734003773]","[-0.16063232719898224,1.7977890968322754,1.337085485458374,-0.8297871947288513,0.2800775170326233,1.136020302772522]",0.0,"[0.0017991956556215882,-0.06438245624303818,-0.028741229325532913,0.011346264742314816,0.024811789393424988,0.015986572951078415]",0.04399944469332695,"[-0.2356959879398346,-0.10564404726028442,0.9721256494522095,0.8108018040657043,-0.016323108226060867,0.566573441028595,0.14604274928569794]","[0.30101701617240906,-0.35401731729507446,0.9177510738372803,0.7147355079650879,0.02254670485854149,-0.010799597017467022,0.6989477872848511]","[-0.30055949091911316,-0.13075125217437744,0.7805474996566772]","[0.03479057550430298,0.14891497790813446,0.6945734620094299,0.7029805779457092]",1.1920928955078125e-07,0.0,0.0,False,False,0.011008918285369873
201,4,0,True,"[-0.1674195387017861,1.790260192024241,1.3185753173582144,-0.7719971506710486,0.3143407107145681,1.090813192455129,0.060886082559957644,0.0019242997860461075,-0.06540888031444814,-0.02899363841497271,0.011958223678591794,0.02537751388713283,0.016250081506545888,1.0287083772760046]","[-0.16670235991477966,1.791277527809143,1.3209710121154785,-0.7792996764183044,0.30999377369880676,1.0965795516967773]",0.0,"[0.0019083456136286259,-0.06528890132904053,-0.028959626331925392,0.011881879530847073,0.02530587650835514,0.016216523945331573]",0.043999236077070236,"[-0.23255780339241028,-0.10479677468538284,0.9715596437454224,0.8216153979301453,-0.016370005905628204,0.5467129349708557,0.1605774164199829]","[0.3010208010673523,-0.35405227541923523,0.9177975654602051,0.7148534059524536,0.02307314984500408,-0.01114187203347683,0.6988047361373901]","[-0.30055952072143555,-0.13075144588947296,0.7805474996566772]","[0.03479153662919998,0.14891435205936432,0.6945681571960449,0.7029858827590942]",1.1920928955078125e-07,0.0,0.0,False,False,0.011525511741638184
202,4,1,False,"[-0.17374602658509836,1.7822122320269793,1.2998632823147485,-0.7172035645622034,0.346046492355233,1.048394694152569,0.05764431941887249,0.0018348108110308459,-0.06656607775644507,-0.029089038161626557,0.01120530784834647,0.02623808574058306,0.015612554659928113,1.029390578982719]","[-0.173008993268013,1.7834118604660034,1.3025716543197632,-0.7250645756721497,0.3414725065231323,1.0545414686203003]",0.0,"[0.0018415851518511772,-0.0664137676358223,-0.02907632663846016,0.011291339993476868,0.026120387017726898,0.01568964123725891]",0.043999429792165756,"[-0.22933673858642578,-0.10426085442304611,0.9711146950721741,0.8328059911727905,-0.01655443012714386,0.5249962210655212,0.17475451529026031]","[0.30105093121528625,-0.35410088300704956,0.9177864789962769,0.715162456035614,0.0230434350669384,-0.011467531323432922,0.6984840631484985]","[-0.300559401512146,-0.13075104355812073,0.7805474996566772]","[0.03478910028934479,0.14891694486141205,0.6945801377296448,0.7029736638069153]",1.1920928955078125e-07,0.0,0.0,False,False,0.012385785579681396
203,4,2,False,"[-0.17995447036850765,1.7741970892825494,1.2798565881890165,-0.6585587788609967,0.3795143603989472,1.0046419469297558,0.055666252751139234,0.0016554566913480062,-0.06804733456671852,-0.029301408395458695,0.010599543786860358,0.02754696955915681,0.015499626134809097,1.0298680531561044]","[-0.17922711372375488,1.7754210233688354,1.282759189605713,-0.6669859290122986,0.37468621134757996,1.0110081434249878]",0.0,"[0.001674338593147695,-0.06785336136817932,-0.02927575632929802,0.01068795844912529,0.027367105707526207,0.015523936599493027]",0.0439990758895874,"[-0.22610630095005035,-0.1037842258810997,0.9706540107727051,0.8443285822868347,-0.016628654673695564,0.5014708638191223,0.18804137408733368]","[0.3011031746864319,-0.3541603982448578,0.9177694916725159,0.7156504988670349,0.023225320503115654,-0.011741607449948788,0.697973370552063]","[-0.3005593419075012,-0.13075099885463715,0.7805474996566772]","[0.03478686511516571,0.1489163637161255,0.6945813894271851,0.7029725909233093]",1.1920928955078125e-07,0.0,0.0,False,False,0.013265848159790039
204,4,3,False,"[-0.18654403364555316,1.764130403072317,1.2581103873379385,-0.5972449141700172,0.41347512876101944,0.9582306629728463,0.05474007157574334,0.001369283823413725,-0.06958007924505027,-0.03004321093386242,0.009602872011541284,0.02893602557562608,0.015068902028998077,1.0304635664550226]","[-0.1857796162366867,1.7655863761901855,1.261244535446167,-0.6060951352119446,0.40855327248573303,0.9649644494056702]",0.0,"[0.0014018635265529156,-0.06937190890312195,-0.02996230497956276,0.009737689048051834,0.028738411143422127,0.015127039514482021]",0.04399889335036278,"[-0.2228161245584488,-0.10373619198799133,0.9706447720527649,0.8558915853500366,-0.016701094806194305,0.4763789772987366,0.200583353638649]","[0.3011689782142639,-0.3541881740093231,0.9175600409507751,0.7162295579910278,0.023054683580994606,-0.011833863332867622,0.6973832845687866]","[-0.30055952072143555,-0.13075152039527893,0.7805473804473877]","[0.03479265049099922,0.14891958236694336,0.6945667862892151,0.7029860615730286]",0.0,0.0,0.0,False,False,0.013915777206420898
205,4,4,False,"[-0.19370003762327742,1.7556953040424443,1.2369054329330986,-0.5357652023556195,0.4482120406492309,0.9130717585074313,0.054360996143556495,0.0010549144203617633,-0.0710753925759322,-0.030720280114787668,0.008229155130477898,0.030168078076347082,0.014492915456016942,1.0310211803517935]","[-0.1928711235523224,1.7569975852966309,1.2399855852127075,-0.5446965098381042,0.4431799054145813,0.9196934700012207]",0.0,"[0.001092694466933608,-0.07087081670761108,-0.03063827194273472,0.008418407291173935,0.02998814545571804,0.014573866501450539]",0.04399890452623367,"[-0.21932493150234222,-0.10374084115028381,0.9705224633216858,0.8673512935638428,-0.01671975664794445,0.45067858695983887,0.21050167083740234]","[0.30123478174209595,-0.35421356558799744,0.9173169136047363,0.7167848348617554,0.022690389305353165,-0.011849707923829556,0.6968242526054382]","[-0.300559401512146,-0.13075120747089386,0.7805474400520325]","[0.03478620573878288,0.14891417324543,0.6945748329162598,0.7029796242713928]",5.960464477539063e-08,0.0,0.0,False,False,0.014032065868377686
206,4,5,False,"[-0.20112032182242687,1.7477828684538244,1.2149004668281358,-0.47215205041796915,0.48366702506758896,0.8668302068014203,0.055068635767888896,0.0005322981540620553,-0.07422188881151048,-0.031621336384846654,0.005996830260090503,0.031893117294753415,0.014168640590338344,1.0319993324142158]","[-0.20025332272052765,1.7489888668060303,1.2180746793746948,-0.4813693165779114,0.47853001952171326,0.8735763430595398]",0.0,"[0.0005940955597907305,-0.07382151484489441,-0.03151332959532738,0.006302723661065102,0.03165357932448387,0.01422045286744833]",0.04399847984313965,"[-0.21574470400810242,-0.10389614850282669,0.9703139066696167,0.8786805868148804,-0.016971278935670853,0.42414116859436035,0.21848714351654053]","[0.3013308048248291,-0.3542962968349457,0.9170392751693726,0.7175425887107849,0.022564716637134552,-0.011954127810895443,0.6960462927818298]","[-0.30055922269821167,-0.13075073063373566,0.780547559261322]","[0.03478220850229263,0.14891712367534637,0.6945889592170715,0.7029651403427124]",1.7881393432617188e-07,0.0,0.0,False,False,0.014472663402557373
207,4,6,False,"[-0.20868332875445286,1.7406078353640528,1.1929091957774753,-0.40569030315740795,0.5212349414892394,0.8198623761806323,0.05476855910813039,-0.0002277261155664012,-0.07741259000172973,-0.03254568490743037,0.003597832196256319,0.03357914081200086,0.013259385068071006,1.0329700580854213]","[-0.20779818296432495,1.7417045831680298,1.1960997581481934,-0.41530781984329224,0.5158164501190186,0.8267174959182739]",0.0,"[-0.0001352312829112634,-0.07698338478803635,-0.03243354707956314,0.003939305432140827,0.033337511122226715,0.013382104225456715]",0.04399822652339935,"[-0.21206800639629364,-0.1040751039981842,0.9702051877975464,0.8901503086090088,-0.016991272568702698,0.3962462842464447,0.2243489772081375]","[0.3014492988586426,-0.35438472032546997,0.9167383313179016,0.7183924913406372,0.022233668714761734,-0.012201095931231976,0.6951754093170166]","[-0.30055949091911316,-0.1307513415813446,0.7805474996566772]","[0.03479136526584625,0.14891745150089264,0.6945714950561523,0.7029819488525391]",1.1920928955078125e-07,0.0,0.0,False,False,0.015099197626113892
208,4,7,False,"[-0.2163477727590361,1.7344958746135188,1.171824845383123,-0.3404055680622033,0.5584516106763695,0.773318116638241,0.05439166687686092,-0.0007593535918455074,-0.08108406836010662,-0.033751746481464395,0.0012038561105679971,0.03572678676841612,0.012854460866609851,1.0336223605311874]","[-0.21544750034809113,1.7354426383972168,1.1748981475830078,-0.3499286472797394,0.5530427098274231,0.7801333665847778]",0.0,"[-0.0006911529926583171,-0.08059395849704742,-0.033606987446546555,0.001548628555610776,0.03542621433734894,0.012921907939016819]",0.04399816319346428,"[-0.20839142799377441,-0.10437394678592682,0.9701414108276367,0.9011086225509644,-0.01741032302379608,0.36850500106811523,0.22782450914382935]","[0.3015629053115845,-0.3544764220714569,0.9163827300071716,0.7193154692649841,0.02210407890379429,-0.01237008161842823,0.6942216157913208]","[-0.3005595803260803,-0.1307516247034073,0.7805473804473877]","[0.03479037433862686,0.14891254901885986,0.6945627927780151,0.7029916644096375]",0.0,0.0,0.0,False,False,0.0149441659450531
209,4,8,False,"[-0.22435579730273073,1.7288883420004328,1.1504084684152454,-0.2728377673560075,0.5961820341511729,0.7262824210375387,0.052120462103597,-0.0015922858444071541,-0.08596904410329032,-0.0355843173820648,-0.0018003793073983702,0.03879045466440573,0.012341442039986217,1.0344212622682993]","[-0.22341839969158173,1.7297440767288208,1.1535069942474365,-0.28264319896698,0.5907104015350342,0.733156144618988]",0.0,"[-0.0014935358194634318,-0.08532562106847763,-0.03536726161837578,-0.0013796696439385414,0.03836726024746895,0.01241573691368103]",0.0439973920583725,"[-0.20463719964027405,-0.10484183579683304,0.9701369404792786,0.9117521047592163,-0.017643285915255547,0.3404039442539215,0.22917675971984863]","[0.30172449350357056,-0.3545790910720825,0.9158610701560974,0.7206183671951294,0.021963709965348244,-0.01255040057003498,0.6928701996803284]","[-0.3005593419075012,-0.13075107336044312,0.7805474400520325]","[0.034784574061632156,0.1489149034023285,0.6945786476135254,0.7029757499694824]",5.960464477539063e-08,0.0,0.0,False,False,0.015381425619125366
210,4,9,False,"[-0.23182621405360923,1.723864223633805,1.1296590796508859,-0.2065200090464398,0.6329123502591791,0.6809803148956461,0.05043957171760438,-0.0025424158452790335,-0.09069022044353492,-0.03743318470254875,-0.005233103749178986,0.041532506295615224,0.01162875758668469,1.0348997421562296]","[-0.2309364229440689,1.7246251106262207,1.1326680183410645,-0.21620678901672363,0.6275598406791687,0.6876406073570251]",0.0,"[-0.0024259898345917463,-0.09002742171287537,-0.036112796515226364,-0.004746981430798769,0.0411347970366478,0.01172937173396349]",0.0439973883330822,"[-0.2011246681213379,-0.10547646880149841,0.9702197909355164,0.9216364026069641,-0.01774386502802372,0.31310969591140747,0.22854697704315186]","[0.3018931448459625,-0.35474979877471924,0.9156376123428345,0.7218996286392212,0.02195136249065399,-0.01298398245126009,0.6915275454521179]","[-0.3005593717098236,-0.13075082004070282,0.780547559261322]","[0.03478766232728958,0.1489144265651703,0.6945858001708984,0.7029685974121094]",1.7881393432617188e-07,0.0,0.0,False,False,0.015188932418823242
211,4,10,False,"[-0.23975149242815377,1.719579944224862,1.1088192978193123,-0.140368613714165,0.6698726446128604,0.6361452046283158,0.0490791132849161,-0.003465811032610233,-0.09558624806722249,-0.03943404964805808,-0.008871903555201361,0.044424375288768136,0.01119059853031329,1.0356972713214225]","[-0.23882529139518738,1.7202268838882446,1.1118160486221313,-0.1500246673822403,0.6645092368125916,0.6427194476127625]",0.0,"[-0.003351014805957675,-0.09487855434417725,-0.036073844879865646,-0.008343742229044437,0.04401099309325218,0.01125956978648901]",0.043997328728437424,"[-0.19756406545639038,-0.10640326142311096,0.9702037572860718,0.9310160279273987,-0.018043626099824905,0.28640782833099365,0.22550873458385468]","[0.3020637333393097,-0.3549841642379761,0.9156678915023804,0.7232032418251038,0.02227216586470604,-0.013584430329501629,0.6901422142982483]","[-0.3005595803260803,-0.1307515949010849,0.7805473208427429]","[0.03478991612792015,0.14891208708286285,0.6945638656616211,0.702990710735321]",-5.960464477539063e-08,0.0,0.0,False,False,0.015130087733268738
212,4,11,False,"[-0.2482713190207768,1.7153986579164995,1.0877077546283513,-0.07349716865493525,0.7067397094810147,0.5899170770712573,0.04659528274764313,-0.004429624775879881,-0.10155296020656146,-0.041657655874945854,-0.01279604081434503,0.047979979039757314,0.010948159007883207,1.0365495647029093]","[-0.24727772176265717,1.7159974575042725,1.0907299518585205,-0.0832444578409195,0.7013901472091675,0.5966585278511047]",0.0,"[-0.004311972763389349,-0.10069160163402557,-0.03602271527051926,-0.012223908677697182,0.04748087376356125,0.010988210327923298]",0.04399693012237549,"[-0.19391153752803802,-0.10768689960241318,0.970248818397522,0.9398964643478394,-0.01881539449095726,0.2600310742855072,0.22050946950912476]","[0.30225425958633423,-0.3552677035331726,0.9157454967498779,0.7247107625007629,0.02292046695947647,-0.014350036159157753,0.6885222792625427]","[-0.3005593717098236,-0.13075105845928192,0.7805474996566772]","[0.034786563366651535,0.1489163041114807,0.6945799589157104,0.7029740214347839]",1.1920928955078125e-07,0.0,0.0,False,False,0.01526765525341034
213,4,12,False,"[-0.25649910591138714,1.7111004356561381,1.0661724173140903,-0.007447835979583234,0.7430374147664298,0.5448132428939358,0.041752173741410936,-0.005282517763500083,-0.10582113343180533,-0.04361715928591203,-0.016048119458477093,0.050637941164230815,0.010432250189453263,1.037437450022506]","[-0.2555254399776459,1.7116899490356445,1.069230079650879,-0.01710781641304493,0.7377644777297974,0.5514332056045532]",0.0,"[-0.0051760259084403515,-0.10509971529245377,-0.035984840244054794,-0.015558627434074879,0.05024123191833496,0.01050342246890068]",0.04399649053812027,"[-0.19048041105270386,-0.1093672513961792,0.9702805280685425,0.9480781555175781,-0.019715173169970512,0.23469047248363495,0.213727667927742]","[0.3024149239063263,-0.35548135638237,0.9157652258872986,0.7259496450424194,0.023169860243797302,-0.014889729209244251,0.6871961355209351]","[-0.3005593717098236,-0.1307508498430252,0.7805474996566772]","[0.03478722274303436,0.14891491830348969,0.6945852637290955,0.7029690146446228]",1.1920928955078125e-07,0.0,0.0,False,False,0.015121101401746273
214,4,13,False,"[-0.2647538640225067,1.7074342124586976,1.045414280576004,0.056564357051007624,0.7779807878922986,0.500951482089652,0.03684466677485809,-0.0060245498638811235,-0.11066190580733037,-0.04545934070659208,-0.0194189870241779,0.05314078978659492,0.010873514561422437,1.0385463830546453]","[-0.2637803852558136,1.7079315185546875,1.0483689308166504,0.04717310145497322,0.772892415523529,0.5073976516723633]",0.0,"[-0.0059322165325284,-0.10986027866601944,-0.03594054654240608,-0.018923116847872734,0.05277646332979202,0.010826588608324528]",0.04399656876921654,"[-0.18717411160469055,-0.11127883195877075,0.9702895283699036,0.9554617404937744,-0.020834803581237793,0.2108684927225113,0.20540980994701385]","[0.30255839228630066,-0.3557126522064209,0.9158094525337219,0.7270585894584656,0.023830663412809372,-0.015264924615621567,0.6859917044639587]","[-0.30055949091911316,-0.13075126707553864,0.7805474996566772]","[0.03479037806391716,0.1489148885011673,0.694572925567627,0.7029811143875122]",1.1920928955078125e-07,0.0,0.0,False,False,0.014696422964334488
215,4,14,False,"[-0.2722787383995786,1.7034202692408589,1.0261688241073834,0.11383057622874235,0.8086851377540571,0.4616998432526954,0.03202869819432297,-0.006483785482881449,-0.11421217580162057,-0.047196207110982935,-0.02166254644130036,0.054732286782184725,0.01111884873775415,1.0394242662861155]","[-0.2713768184185028,1.7039306163787842,1.0289067029953003,0.10533075034618378,0.8041605353355408,0.46753546595573425]",0.0,"[-0.006424617487937212,-0.11352760344743729,-0.035906340926885605,-0.021307067945599556,0.05448659136891365,0.011081807315349579]",0.043996479362249374,"[-0.18429672718048096,-0.11342141777276993,0.9704034328460693,0.9616161584854126,-0.02187049761414528,0.19008013606071472,0.19668611884117126]","[0.30265313386917114,-0.35589128732681274,0.9158629179000854,0.7277942895889282,0.02441590093076229,-0.015623998828232288,0.6851825714111328]","[-0.30055955052375793,-0.13075155019760132,0.7805474400520325]","[0.03479311615228653,0.14891912043094635,0.6945658922195435,0.702987015247345]",5.960464477539063e-08,0.0,0.0,False,False,0.013297997415065765
216,4,15,False,"[-0.27993493638619504,1.6999927154840013,1.0057494251787702,0.17393351168479876,0.8412362929140726,0.42069550939261013,0.025704151416884424,-0.006801994773571934,-0.11573060004485591,-0.048187861836639145,-0.024083211113506284,0.05540915821461151,0.011273588685834002,1.0406757735128858]","[-0.2790384590625763,1.700425148010254,1.0085903406143188,0.16518312692642212,0.8365523219108582,0.4266776740550995]",0.0,"[-0.006761095020920038,-0.11531410366296768,-0.03588562458753586,-0.023734716698527336,0.05529356375336647,0.011249239556491375]",0.04399682953953743,"[-0.18149489164352417,-0.11585035920143127,0.9703075289726257,0.967464029788971,-0.02330995537340641,0.16956479847431183,0.18632696568965912]","[0.30270764231681824,-0.3559721112251282,0.9157679677009583,0.7281915545463562,0.024259308353066444,-0.01535041257739067,0.6847721338272095]","[-0.300559401512146,-0.13075114786624908,0.7805474400520325]","[0.03478575870394707,0.14891406893730164,0.6945765018463135,0.7029780149459839]",5.960464477539063e-08,0.0,0.0,False,False,0.013683781027793884
217,4,16,False,"[-0.2874660672082232,1.6971044616836108,0.9870159777997282,0.22748914779755153,0.8703434124564768,0.38292001055208047,0.019345893442015316,-0.006814759171581003,-0.11668996377718566,-0.048839583237685336,-0.026104625883540674,0.05596578383036244,0.011352296619565216,1.042071822188937]","[-0.2865786850452423,1.6974499225616455,0.9896525144577026,0.21954160928726196,0.8660784959793091,0.3885086476802826]",0.0,"[-0.0068113794550299644,-0.11646299809217453,-0.03591648489236832,-0.025819145143032074,0.05588099732995033,0.011339182034134865]",0.043997496366500854,"[-0.1788777858018875,-0.11840490996837616,0.970066487789154,0.9723832607269287,-0.02541775070130825,0.15166758000850677,0.17556104063987732]","[0.302729070186615,-0.35601741075515747,0.9156413674354553,0.7284203767776489,0.023948416113853455,-0.014982345513999462,0.6845478415489197]","[-0.300559401512146,-0.13075093924999237,0.7805474996566772]","[0.034788116812705994,0.14891493320465088,0.6945822238922119,0.7029720544815063]",1.1920928955078125e-07,0.0,0.0,False,False,0.012928351759910583
218,4,17,False,"[-0.29404091948810596,1.6952501994614584,0.9707823641859633,0.27463147987340236,0.8953062062732811,0.3499910058695024,0.013722698279888035,-0.006385794106970655,-0.11555504927490601,-0.048445627026168614,-0.02686510098333133,0.055189025851443196,0.0115544428622128,1.0432197544379087]","[-0.2932489216327667,1.6954587697982788,0.973085343837738,0.2676060199737549,0.8916189074516296,0.3549104928970337]",0.0,"[-0.006436248775571585,-0.11619402468204498,-0.03593654930591583,-0.02674025297164917,0.05527568608522415,0.011526898480951786]",0.04399777948856354,"[-0.1766335368156433,-0.12073752284049988,0.969731330871582,0.9763193726539612,-0.027408750727772713,0.13666047155857086,0.16544796526432037]","[0.30267640948295593,-0.3559953570365906,0.9155259132385254,0.7280968427658081,0.02357463166117668,-0.014501293189823627,0.6849152445793152]","[-0.30055949091911316,-0.13075126707553864,0.7805474996566772]","[0.034790679812431335,0.14891423285007477,0.694573163986206,0.7029809951782227]",1.1920928955078125e-07,0.0,0.0,False,False,0.012509409338235855
219,4,18,False,"[-0.30007642379130767,1.694214216174379,0.9570574432390959,0.3168072131934328,0.9176679706331254,0.32030138354527476,0.008537791112106063,-0.0056038446485575655,-0.11181851719514069,-0.04684199714430093,-0.026295217509025467,0.052648930287637286,0.011592174048972614,1.044176284476482]","[-0.2993537187576294,1.6943062543869019,0.9590169191360474,0.3105357885360718,0.9143825769424438,0.3247218430042267]",0.0,"[-0.005697647109627724,-0.11284209042787552,-0.03593762218952179,-0.026364151388406754,0.05297910049557686,0.011583575047552586]",0.043998442590236664,"[-0.17460207641124725,-0.12280503660440445,0.9694737195968628,0.9795764088630676,-0.02922523207962513,0.12372082471847534,0.1557849496603012]","[0.3025415241718292,-0.35582393407821655,0.915313720703125,0.72709059715271,0.022498486563563347,-0.013463664799928665,0.6860405802726746]","[-0.30055952072143555,-0.13075140118598938,0.7805474996566772]","[0.03479134291410446,0.14891467988491058,0.6945692300796509,0.7029847502708435]",1.1920928955078125e-07,0.0,0.0,False,False,0.010904848575592041
220,4,19,False,"[-0.30524939190740563,1.6931287868553135,0.9445224683222123,0.352742077336806,0.935845863525444,0.29487606200368965,0.005058102955382671,-0.004761659374258098,-0.10801508758672207,-0.045241651087977064,-0.024969967411731738,0.0498961109859592,0.011784154371956679,1.0450495405297766]","[-0.3046226501464844,1.6932172775268555,0.9462827444076538,0.34736067056655884,0.9331415295600891,0.2986881136894226]",0.0,"[-0.004866291303187609,-0.10899192839860916,-0.03596297651529312,-0.025158807635307312,0.05028359591960907,0.011758261360228062]",0.04399985447525978,"[-0.17294740676879883,-0.12477803230285645,0.9691032767295837,0.982083261013031,-0.031077830120921135,0.11324448883533478,0.14738450944423676]","[0.30238616466522217,-0.35562971234321594,0.9151356220245361,0.7259074449539185,0.02157340757548809,-0.012491101399064064,0.6873404383659363]","[-0.3005594313144684,-0.1307510882616043,0.7805474996566772]","[0.03478998318314552,0.14891798794269562,0.6945785880088806,0.7029749155044556]",1.1920928955078125e-07,0.0,0.0,False,False,0.00972686242312193
221,4,20,False,"[-0.31001645317347415,1.6929012403665311,0.9350068924068108,0.38057005803756416,0.9495539977958444,0.27493709623474466,0.001832881964869859,-0.0035131463089396187,-0.10104472790127317,-0.042639484242818826,-0.02211116843110073,0.045548156103763504,0.011902473744378028,1.0451854544653105]","[-0.30944058299064636,1.6928941011428833,0.9363771677017212,0.37633687257766724,0.9474879503250122,0.27797064185142517]",0.0,"[-0.0036628111265599728,-0.10224968194961548,-0.03602047264575958,-0.022514915093779564,0.04614349454641342,0.011883622966706753]",0.04399999976158142,"[-0.17144718766212463,-0.12640298902988434,0.9686810970306396,0.9839268922805786,-0.032789815217256546,0.10539787262678146,0.14037032425403595]","[0.302154004573822,-0.35529425740242004,0.9148691892623901,0.7241110801696777,0.020083969458937645,-0.011024456471204758,0.6893026232719421]","[-0.3005593717098236,-0.13075104355812073,0.7805474996566772]","[0.03478773310780525,0.14891742169857025,0.6945796608924866,0.7029740214347839]",1.1920928955078125e-07,0.0,0.0,False,False,0.009901024401187897
222,4,21,False,"[-0.31435556471652815,1.6929582409067785,0.9276369516870389,0.40272697371854127,0.9610213423598719,0.25949665554287843,-0.0011548135261463255,-0.0014047456193308494,-0.08949686625375275,-0.03828877472594616,-0.01606402984155962,0.03691489163071676,0.012231704735754634,1.045220105815122]","[-0.3138303756713867,1.6929093599319458,0.9287016987800598,0.39936450123786926,0.9593184590339661,0.2618565559387207]",0.0,"[-0.0016506616957485676,-0.09109139442443848,-0.03611011430621147,-0.01690497063100338,0.03807598352432251,0.012186489999294281]",0.04399999976158142,"[-0.17007720470428467,-0.12776491045951843,0.9683274030685425,0.9853872656822205,-0.033999767154455185,0.09930665791034698,0.13414165377616882]","[0.30173081159591675,-0.35474640130996704,0.9145444631576538,0.7206794619560242,0.01809757389128208,-0.008989323861896992,0.6929739117622375]","[-0.30055952072143555,-0.13075152039527893,0.7805473208427429]","[0.03478875383734703,0.14891351759433746,0.694566011428833,0.7029882669448853]",-5.960464477539063e-08,0.0,0.0,False,False,0.009999999776482582
223,4,22,False,"[-0.31822644036981096,1.6937230918605848,0.9222918877906597,0.4190495061242294,0.9696301723401404,0.24777829790470415,-0.0030293181436447103,0.0016690248052937395,-0.07253271538795059,-0.03189037288598706,-0.007451723329989807,0.024590562321180287,0.01304319049482261,1.045291184767209]","[-0.31775355339050293,1.6935982704162598,0.9230715036392212,0.4165409803390503,0.9683330059051514,0.24957653880119324]",0.0,"[0.0013076310278847814,-0.07475176453590393,-0.032339468598365784,-0.008644076064229012,0.026287203654646873,0.012932782992720604]",0.04399999976158142,"[-0.1688343733549118,-0.12881608307361603,0.9678768515586853,0.986459493637085,-0.035269845277071,0.09495192766189575,0.12898695468902588]","[0.30110710859298706,-0.3542206585407257,0.9153858423233032,0.7155821323394775,0.016730964183807373,-0.0072553567588329315,0.6982904672622681]","[-0.30055949091911316,-0.13075129687786102,0.7805474996566772]","[0.034790657460689545,0.14891479909420013,0.6945720911026001,0.7029818892478943]",1.1920928955078125e-07,0.0,0.0,False,False,0.009999999776482582
224,4,23,False,"[-0.32173501783032726,1.6952483083231376,0.9187430704591923,0.4308728283379194,0.9750404297347618,0.23981520319505845,-0.004610878802691287,0.005456533105094197,-0.05254114232685325,-0.02375984469762049,0.002512883474767436,0.010252913140148368,0.013581809651697752,1.0449596002827823]","[-0.3213031589984894,1.6950314044952393,0.9192759990692139,0.429047554731369,0.9741971492767334,0.24106210470199585]",0.0,"[0.00500342296436429,-0.05520226061344147,-0.024696391075849533,0.0011184420436620712,0.01226968877017498,0.013497679494321346]",0.04399999976158142,"[-0.16767722368240356,-0.12953341007232666,0.9673318862915039,0.9871912598609924,-0.03621615841984749,0.09210406243801117,0.12513472139835358]","[0.3003450036048889,-0.3537672758102417,0.917438268661499,0.7093836069107056,0.0160660520195961,-0.006326545495539904,0.7046109437942505]","[-0.3005593419075012,-0.13075090944766998,0.7805474996566772]","[0.03478725999593735,0.14891581237316132,0.6945835947990417,0.702970564365387]",1.1920928955078125e-07,0.0,0.0,False,False,0.009999999776482582
225,4,24,False,"[-0.324876931115338,1.6963424643138025,0.9167503132290278,0.43834747583052436,0.9779346315661438,0.23554357542274051,-0.005551599351824477,0.01012259622559776,-0.02783025436399733,-0.013423711995071086,0.01623654088084067,-0.008380248928193279,0.014659357558230224,1.0444832238492516]","[-0.32448676228523254,1.6961647272109985,0.9170714020729065,0.4371657073497772,0.9774667024612427,0.2362486571073532]",0.0,"[0.009565389715135098,-0.031104901805520058,-0.01466903742402792,0.014342894777655602,-0.005782215390354395,0.01450952049344778]",0.04399999976158142,"[-0.16663342714309692,-0.13005077838897705,0.9669852256774902,0.9876841306686401,-0.03640006110072136,0.09039576351642609,0.12240729480981827]","[0.29937756061553955,-0.35317349433898926,0.9202845692634583,0.7013715505599976,0.01599234901368618,-0.005689843557775021,0.712593674659729]","[-0.30055946111679077,-0.13075120747089386,0.7805474996566772]","[0.03479017689824104,0.14891526103019714,0.6945748925209045,0.7029791474342346]",1.1920928955078125e-07,0.0,0.0,False,False,0.009999999776482582
226,4,25,False,"[-0.3279118218093292,1.6973664977506961,0.9154729196629561,0.4431176672093008,0.9793106582272253,0.23372607390806205,-0.0057434887750376085,0.015765897714347624,0.0013416817433282713,-0.0012065157403536864,0.03303996274624249,-0.030125604581351495,0.016249676556890524,1.0443294719980611]","[-0.3275375962257385,1.6972132921218872,0.9156753420829773,0.4423608183860779,0.9790818095207214,0.23404864966869354]",0.0,"[0.015089682303369045,-0.002535696141421795,-0.0026977374218404293,0.030695490539073944,-0.02706301026046276,0.016025841236114502]",0.04399999976158142,"[-0.1656361222267151,-0.13047590851783752,0.9666591286659241,0.9880284667015076,-0.03616345673799515,0.08951041102409363,0.12033162266016006]","[0.2982140779495239,-0.35236161947250366,0.9237426519393921,0.6917497515678406,0.01627492904663086,-0.0050730351358652115,0.7219359874725342]","[-0.30055955052375793,-0.13075150549411774,0.7805474400520325]","[0.03479321673512459,0.14891868829727173,0.6945669651031494,0.7029860019683838]",5.960464477539063e-08,0.0,0.0,False,False,0.009999999776482582
227,4,26,False,"[-0.3309359887738219,1.698584039287437,0.9148596121521126,0.44611649477533977,0.9798883282943771,0.23382536806925172,-0.00804431599128741,0.022680527450219895,0.03696386878605307,0.01380006152240254,0.05336663247712001,-0.05693957385079235,0.018001441863253587,1.0444056171127896]","[-0.33056432008743286,1.6984144449234009,0.9149675369262695,0.44563958048820496,0.979790210723877,0.23385436832904816]",0.0,"[0.02185293845832348,0.0322473980486393,0.011973371729254723,0.050523895770311356,-0.05318024009466171,0.017747242003679276]",0.04399999976158142,"[-0.16463196277618408,-0.1308095008134842,0.9663258194923401,0.9882972240447998,-0.03553107753396034,0.08916349709033966,0.11855719983577728]","[0.29677239060401917,-0.3512103259563446,0.9279571175575256,0.6797788143157959,0.016560222953557968,-0.004353277385234833,0.733217179775238]","[-0.300559401512146,-0.13075120747089386,0.7805474400520325]","[0.034785639494657516,0.14891380071640015,0.6945748925209045,0.7029796242713928]",5.960464477539063e-08,0.0,0.0,False,False,0.009999999776482582
228,4,27,False,"[-0.33373834621960485,1.6996160193717136,0.9150240016102666,0.44776684023548285,0.9797595608316051,0.23471399227069686,-0.010937788883327304,0.030465282500727026,0.07705292646877504,0.031030575888495338,0.07628233898420403,-0.08654791678588225,0.019784068652853037,1.0441546116377034]","[-0.33338919281959534,1.6994662284851074,0.9150301218032837,0.44749876856803894,0.9797666072845459,0.23460479080677032]",0.0,"[0.029525455087423325,0.0717095360159874,0.028918586671352386,0.07305227965116501,-0.08234888315200806,0.019521890208125114]",0.04399999976158142,"[-0.1636761575937271,-0.13103410601615906,0.9661481976509094,0.9885023832321167,-0.03464384377002716,0.0890721008181572,0.11717068403959274]","[0.2951256334781647,-0.34969326853752136,0.9328058958053589,0.666145920753479,0.016916774213314056,-0.0036982260644435883,0.7456203103065491]","[-0.3005594313144684,-0.13075095415115356,0.7805474996566772]","[0.03479010984301567,0.1489204466342926,0.694581151008606,0.7029718160629272]",1.1920928955078125e-07,0.0,0.0,False,False,0.009999999776482582
229,4,28,False,"[-0.3365274400634855,1.7006970272931445,0.9160026541894292,0.4489655703822336,0.9806173122394192,0.23515685725527616,-0.014874873724431414,0.038517709159436114,0.11837537559488132,0.04911266920570434,0.1005767127886198,-0.11706540678188135,0.020929962779567435,1.0441559116870682]","[-0.33618465065956116,1.700547218322754,0.9158989191055298,0.44878214597702026,0.9805118441581726,0.23508687317371368]",0.0,"[0.0375363752245903,0.11281855404376984,0.0468725748360157,0.09712356328964233,-0.11269576102495193,0.0207479540258646]",0.04399999976158142,"[-0.16268561780452728,-0.1311679482460022,0.966157078742981,0.9887559413909912,-0.03382382169365883,0.08881723135709763,0.11545128375291824]","[0.2933768630027771,-0.34787195920944214,0.9379629492759705,0.6517094373703003,0.017364270985126495,-0.003561796387657523,0.758261501789093]","[-0.3005593717098236,-0.13075123727321625,0.7805474996566772]","[0.034788619726896286,0.14892035722732544,0.6945751905441284,0.7029777765274048]",1.1920928955078125e-07,0.0,0.0,False,False,0.009999999776482582
230,4,29,False,"[-0.33915075833180014,1.7017307402136685,0.9178895270177774,0.4490332328746821,0.980351456470848,0.23578466758919298,-0.01882615656659592,0.04811131840198225,0.16635638695497434,0.07033753008371468,0.12779142376899694,-0.1526540700395207,0.022870369049912076,1.0444956097581415]","[-0.33882376551628113,1.701593041419983,0.9176638126373291,0.44900524616241455,0.9803727865219116,0.23569580912590027]",0.0,"[0.04695513844490051,0.15998779237270355,0.06773890554904938,0.12394586950540543,-0.14762306213378906,0.022597018629312515]",0.04399999976158142,"[-0.16171428561210632,-0.13115455210208893,0.966347873210907,0.9889371395111084,-0.03297955542802811,0.08870922774076462,0.11421980708837509]","[0.29129478335380554,-0.3454694151878357,0.9438043236732483,0.6347213387489319,0.017802419140934944,-0.0030263266526162624,0.7725300192832947]","[-0.30055955052375793,-0.13075141608715057,0.7805474996566772]","[0.0347919724881649,0.14891506731510162,0.6945686340332031,0.7029852271080017]",1.1920928955078125e-07,0.0,0.0,False,False,0.010620638728141785
231,4,30,False,"[-0.34033250968991174,1.7020476353591905,0.9191680671498007,0.4480175598328857,0.9808743041520243,0.23762827590726457,-0.022573805370566635,0.05851449353062976,0.21832548291967435,0.09340763644900185,0.15867664102854553,-0.19201916791362605,0.025432826833668876,1.0447015656762773]","[-0.34016069769859314,1.7019997835159302,0.9189907312393188,0.44814518094062805,0.9808106422424316,0.23738166689872742]",0.0,"[0.057252220809459686,0.2113962173461914,0.09057202935218811,0.15431903302669525,-0.1864267885684967,0.025068407878279686]",0.04399999976158142,"[-0.16120779514312744,-0.13113386929035187,0.9665380120277405,0.989071249961853,-0.032072763890028,0.0887562707066536,0.11327724903821945]","[0.28893139958381653,-0.34247374534606934,0.9501771330833435,0.6155328750610352,0.0187714621424675,-0.0027051595970988274,0.7878829836845398]","[-0.3005593717098236,-0.1307508498430252,0.7805474996566772]","[0.03478784114122391,0.14891530573368073,0.694584846496582,0.7029693722724915]",1.1920928955078125e-07,0.0,0.0,False,False,0.011575371026992798
232,4,31,False,"[-0.3405328260392178,1.7016986499656392,0.9204348110947125,0.4460284859401381,0.9818388642424088,0.23945038489841794,-0.024153601348856912,0.06862611253056297,0.26861265956799907,0.11601007132103724,0.1883253529231375,-0.23089287166247685,0.028088288261254202,1.0446611306159128]","[-0.34048792719841003,1.7017370462417603,0.9202613830566406,0.4462997019290924,0.9817079901695251,0.23918630182743073]",0.0,"[0.06738568842411041,0.2618354260921478,0.11318840831518173,0.1840539276599884,-0.22528894245624542,0.027700630947947502]",0.04399999976158142,"[-0.1610545814037323,-0.13108403980731964,0.9668564796447754,0.9891676306724548,-0.031332071870565414,0.08881270885467529,0.11259616166353226]","[0.2865062355995178,-0.3391607105731964,0.9563325643539429,0.5960119962692261,0.019750265404582024,-0.002347272587940097,0.8027291297912598]","[-0.30055946111679077,-0.13075119256973267,0.7805474996566772]","[0.034789759665727615,0.14891527593135834,0.6945751309394836,0.7029788494110107]",1.1920928955078125e-07,0.0,0.0,False,False,0.011350959539413452
233,4,32,False,"[-0.3407655131614749,1.699938393483351,0.9214221774591629,0.44278953121947484,0.9826024832792049,0.24159369721115898,-0.02579251261573068,0.07961913343946,0.32371103400490964,0.14074985688115538,0.22157195948929007,-0.27391396045209254,0.03127520820955659,1.0452136327361283]","[-0.3407367169857025,1.7001512050628662,0.9212754964828491,0.4432373344898224,0.9824908971786499,0.24128638207912445]",0.0,"[0.07828612625598907,0.3163876533508301,0.13771109282970428,0.21686002612113953,-0.26778167486190796,0.030816739425063133]",0.04399999976158142,"[-0.16099701821804047,-0.13121812045574188,0.9674357175827026,0.989251434803009,-0.03051254153251648,0.08893138915300369,0.11198943853378296]","[0.28377556800842285,-0.33516502380371094,0.9628569483757019,0.5743209719657898,0.02101544849574566,-0.002105535939335823,0.8183577060699463]","[-0.30055955052375793,-0.13075152039527893,0.7805474400520325]","[0.03479311615228653,0.14891871809959412,0.694566547870636,0.702986478805542]",5.960464477539063e-08,0.0,0.0,False,False,0.012288957834243774
234,4,33,False,"[-0.3402131316832494,1.6981496766043347,0.9241587699252859,0.43500655910072517,0.9811144372345584,0.24620401802590083,-0.027347380893489093,0.09025656217738229,0.37730800899710915,0.16488601195351826,0.25408914077880324,-0.3148376319582395,0.03466297215438585,1.0455786867476338]","[-0.3402637243270874,1.6984021663665771,0.9237985014915466,0.43605485558509827,0.981287956237793,0.2455757111310959]",0.0,"[0.08895062655210495,0.37011778354644775,0.16188302636146545,0.24940761923789978,-0.3088997006416321,0.03417017683386803]",0.04399999976158142,"[-0.16114887595176697,-0.13109728693962097,0.9681693315505981,0.9891263246536255,-0.02967885322868824,0.08996022492647171,0.11249636858701706]","[0.28100037574768066,-0.3308089077472687,0.9690600633621216,0.552884578704834,0.022322332486510277,-0.001834484632126987,0.8329567909240723]","[-0.300559401512146,-0.13075119256973267,0.7805474400520325]","[0.03478587418794632,0.14891420304775238,0.6945751309394836,0.702979326248169]",5.960464477539063e-08,0.0,0.0,False,False,0.01210126280784607
235,4,34,False,"[-0.33963710874554887,1.6966985511251886,0.9285900465742298,0.42438903429893915,0.9789158722499297,0.25199165636837484,-0.029486375431237777,0.10087583622819393,0.4302666867597508,0.18882543754385256,0.28595974680200725,-0.3553189514994965,0.038404888837979934,1.0461955089782846]","[-0.33970168232917786,1.6969242095947266,0.9280003905296326,0.4258756637573242,0.9792135953903198,0.25117185711860657]",0.0,"[0.09957330673933029,0.42318153381347656,0.18584968149662018,0.28136056661605835,-0.34945762157440186,0.03786276653409004]",0.04399999976158142,"[-0.16126762330532074,-0.130747452378273,0.9690654277801514,0.9889096617698669,-0.028887661173939705,0.09153048694133759,0.11333676427602768]","[0.27812787890434265,-0.3261185884475708,0.9749224781990051,0.5313277840614319,0.02356974221765995,-0.0013519424246624112,0.8468373417854309]","[-0.300559401512146,-0.13075093924999237,0.7805474996566772]","[0.034787826240062714,0.1489148736000061,0.6945820450782776,0.7029721736907959]",1.1920928955078125e-07,0.0,0.0,False,False,0.01195719838142395
236,4,35,False,"[-0.3387488469413114,1.6966290148655727,0.9362877087255546,0.4103687282006556,0.9739187421837762,0.2607301787363492,-0.031614088360746306,0.10959711455720844,0.4734054518111591,0.20787781128895338,0.3121407000402399,-0.387797658393941,0.04213871005380354,1.0468251716433254]","[-0.3388423025608063,1.696704626083374,0.9352877736091614,0.4123483896255493,0.9745815992355347,0.2595086693763733]",0.0,"[0.10850054770708084,0.46751245856285095,0.2054291069507599,0.3082582950592041,-0.38295406103134155,0.04159189388155937]",0.04399999976158142,"[-0.16133180260658264,-0.12980511784553528,0.9701772928237915,0.9884946346282959,-0.027357418090105057,0.09395064413547516,0.11533927172422409]","[0.27563101053237915,-0.3219143748283386,0.9794528484344482,0.5131878852844238,0.024617675691843033,-0.0005628776270896196,0.8579229712486267]","[-0.30055949091911316,-0.13075143098831177,0.7805473804473877]","[0.03478757664561272,0.1489136815071106,0.6945683360099792,0.7029860615730286]",0.0,0.0,0.0,False,False,0.009999999776482582
237,4,36,False,"[-0.33718650440149733,1.6962760200263065,0.9448799291409498,0.3929949227033587,0.9665911014835122,0.2707633899750199,-0.0342855618051191,0.11222743557798529,0.4884065141512286,0.21457598528730376,0.31969522417419244,-0.39941032090188605,0.04387444568251492,1.0484748495229574]","[-0.3373527228832245,1.6963777542114258,0.9437193870544434,0.39546436071395874,0.9675938487052917,0.26932501792907715]",0.0,"[0.11182491481304169,0.4859834909439087,0.21351933479309082,0.3182425796985626,-0.3973306119441986,0.04358309507369995]",0.04399999976158142,"[-0.16160181164741516,-0.12866276502609253,0.9713857769966125,0.9878256916999817,-0.025993449613451958,0.09727611392736435,0.11858369410037994]","[0.2746022641658783,-0.3200811445713043,0.9811339378356934,0.5055606961250305,0.024741996079683304,0.0004718450363725424,0.8624359965324402]","[-0.30055949091911316,-0.1307511329650879,0.7805474996566772]","[0.03478991240262985,0.1489143967628479,0.6945769190788269,0.7029772996902466]",1.1920928955078125e-07,0.0,0.0,False,False,0.009999999776482582
238,4,37,False,"[-0.33508660432381393,1.6949672237389128,0.9533177628005238,0.3734738172082932,0.9582987579780416,0.28300594065236306,-0.03466309184348859,0.11579314123378104,0.5087232860328867,0.22362912266643575,0.32950552242456627,-0.41467515367061897,0.045427128664571326,1.0490359143010717]","[-0.3353206515312195,1.6951862573623657,0.9521476626396179,0.3762781023979187,0.9594672918319702,0.28125783801078796]",0.0,"[0.11536253988742828,0.5060627460479736,0.22249773144721985,0.3280847370624542,-0.41248106956481934,0.04519157111644745]",0.04399999976158142,"[-0.16212183237075806,-0.1275910884141922,0.9726970195770264,0.9870022535324097,-0.0242167841643095,0.10125979036092758,0.12241928279399872]","[0.2734878361225128,-0.31802618503570557,0.9828835725784302,0.4974818527698517,0.024485530331730843,0.0016980352811515331,0.8671270608901978]","[-0.30055952072143555,-0.13075144588947296,0.7805473208427429]","[0.034788358956575394,0.14891210198402405,0.6945679187774658,0.7029867172241211]",-5.960464477539063e-08,0.0,0.0,False,False,0.009999999776482582
239,4,38,False,"[-0.33271908309493614,1.6929712815928886,0.9623314807271954,0.35270364697983425,0.9496475357564972,0.2965521191846268,-0.03500122971486663,0.11984065963686846,0.5322894334256512,0.23382897363732286,0.34145975139960905,-0.4331855541060229,0.04772956097402353,1.0497167931691038]","[-0.3329911231994629,1.693285584449768,0.961086630821228,0.35571008920669556,0.950883150100708,0.2945981025695801]",0.0,"[0.11935722827911377,0.52922123670578,0.23256497085094452,0.3397712707519531,-0.43056532740592957,0.04740536957979202]",0.04399999976158142,"[-0.16277064383029938,-0.12653446197509766,0.9742928743362427,0.9861021637916565,-0.02181866206228733,0.10550471395254135,0.1264723241329193]","[0.27217602729797363,-0.3156066834926605,0.9847719669342041,0.48787713050842285,0.024269061163067818,0.003261414123699069,0.8725687265396118]","[-0.300559401512146,-0.13075116276741028,0.7805474996566772]","[0.034789107739925385,0.14891774952411652,0.6945760250091553,0.7029774785041809]",1.1920928955078125e-07,0.0,0.0,False,False,0.009999999776482582
240,4,39,False,"[-0.33021285154230584,1.6915418756956506,0.9716403192552329,0.3311923582410665,0.9410716296399412,0.31134458880475874,-0.03561345238965696,0.12386807298907822,0.5547055432316996,0.24379675834431908,0.3523733009130765,-0.45134688697507863,0.05021667910400657,1.0487843480629038]","[-0.3305055499076843,1.6918137073516846,0.970339834690094,0.33431684970855713,0.9423055052757263,0.3092052936553955]",0.0,"[0.1233813688158989,0.5517280101776123,0.24254110455513,0.3507823050022125,-0.44871675968170166,0.04985768720507622]",0.04399999976158142,"[-0.16346527636051178,-0.1254265159368515,0.9757896065711975,0.9851382374763489,-0.01922466792166233,0.11011696606874466,0.1304115355014801]","[0.2708435654640198,-0.3132043778896332,0.9865749478340149,0.47816890478134155,0.02405894361436367,0.004992898087948561,0.8779240846633911]","[-0.3005593717098236,-0.13075092434883118,0.7805474996566772]","[0.034787893295288086,0.14891523122787476,0.6945830583572388,0.7029711008071899]",1.1920928955078125e-07,0.0,0.0,False,False,0.009999999776482582
241,4,40,False,"[-0.32715690788138474,1.6886564900420256,0.979075808108749,0.31106263335673595,0.9328629844682346,0.3263331532934185,-0.03545626248554512,0.12813134226408363,0.5788015912614988,0.25443273401710403,0.36459798879824873,-0.4710410018042699,0.05289267150971344,1.0487212860227548]","[-0.32751190662384033,1.689082145690918,0.9779892563819885,0.31402477622032166,0.9340527653694153,0.32414546608924866]",0.0,"[0.12761974334716797,0.5756383538246155,0.25310689210891724,0.3628534972667694,-0.4682145416736603,0.052505120635032654]",0.04399999976158142,"[-0.1644517034292221,-0.12462139129638672,0.9773247838020325,0.9841459393501282,-0.01617327146232128,0.11461023986339569,0.13438592851161957]","[0.2694019079208374,-0.31059426069259644,0.988441526889801,0.4677085280418396,0.023921431973576546,0.006730168126523495,0.8835332989692688]","[-0.30055949091911316,-0.1307513415813446,0.7805474400520325]","[0.03478743135929108,0.14891204237937927,0.6945707201957703,0.702984094619751]",5.960464477539063e-08,0.0,0.0,False,False,0.009999999776482582
242,4,41,False,"[-0.3230022519827401,1.6854823203189069,0.9870394198597665,0.2879378499760419,0.9227887043614089,0.34319858448633994,-0.034479751066703535,0.13253226839581625,0.6012545339834054,0.2647874866094088,0.3766565586057815,-0.48884500474365444,0.05563769686344272,1.04723821695146]","[-0.32347747683525085,1.6859655380249023,0.9859058260917664,0.2912595570087433,0.9242080450057983,0.34076496958732605]",0.0,"[0.13199816644191742,0.5982617139816284,0.2634889781475067,0.3749149739742279,-0.48623308539390564,0.05523769184947014]",0.04399999976158142,"[-0.16583696007728577,-0.12375381588935852,0.9788711667060852,0.9828650951385498,-0.013121760450303555,0.11997025460004807,0.13932323455810547]","[0.26796987652778625,-0.30806493759155273,0.9903280138969421,0.4577627182006836,0.02412276901304722,0.008075440302491188,0.8887104392051697]","[-0.30055952072143555,-0.13075149059295654,0.7805474400520325]","[0.034792471677064896,0.14891840517520905,0.6945672631263733,0.7029858231544495]",5.960464477539063e-08,0.0,0.0,False,False,0.009999999776482582
243,4,42,False,"[-0.31822609684565367,1.6807874064056556,0.9938793450741771,0.2643174533936481,0.9113643772884911,0.36093825323118095,-0.032353639913214494,0.13583457095875381,0.6192107581519413,0.2730128969698869,0.3849712432350333,-0.5027995500874871,0.05721082512343889,1.0456666360261855]","[-0.318784236907959,1.6814515590667725,0.9928659796714783,0.267745703458786,0.9129859209060669,0.35836175084114075]",0.0,"[0.1354183852672577,0.6167734861373901,0.27194035053253174,0.38369929790496826,-0.500701367855072,0.056958988308906555]",0.04399999976158142,"[-0.1675746887922287,-0.12311992794275284,0.9805328249931335,0.9813477993011475,-0.009734968654811382,0.1258186548948288,0.14502188563346863]","[0.2668071985244751,-0.3059405982494354,0.9917023181915283,0.44979748129844666,0.023837273940443993,0.009418576955795288,0.8927627205848694]","[-0.300559401512146,-0.13075122237205505,0.7805474400520325]","[0.034786075353622437,0.14891397953033447,0.694574236869812,0.7029802203178406]",5.960464477539063e-08,0.0,0.0,False,False,0.009999999776482582
244,4,43,False,"[-0.3134055801313264,1.6767510678251676,1.0010979190495302,0.23945777144592095,0.9004405436665001,0.37913060108770713,-0.03019748524923238,0.13972903743412765,0.6400772076283259,0.2825410200411216,0.3955554269167536,-0.5186279353651045,0.05863515452642992,1.043214271083086]","[-0.31398189067840576,1.6773661375045776,1.0000431537628174,0.2430550903081894,0.9020240902900696,0.37647807598114014]",0.0,"[0.13925957679748535,0.6373596787452698,0.28135946393013,0.39405810832977295,-0.5163564682006836,0.05842099338769913]",0.04399999976158142,"[-0.1693531572818756,-0.12249308079481125,0.9820386171340942,0.9797364473342896,-0.006743215024471283,0.13209882378578186,0.15040190517902374]","[0.2654976546764374,-0.30353033542633057,0.9932348132133484,0.44107338786125183,0.023589713498950005,0.01046763826161623,0.8970998525619507]","[-0.300559401512146,-0.1307511180639267,0.7805474400520325]","[0.034785062074661255,0.14891330897808075,0.6945775151252747,0.7029771208763123]",5.960464477539063e-08,0.0,0.0,False,False,0.009999999776482582
245,4,44,False,"[-0.30718504631008925,1.6723867066643747,1.0080216194408393,0.21269027274467056,0.8874382218473512,0.39824378289458107,-0.0279141362909191,0.1429390288040527,0.6586297057624951,0.29151065827233014,0.4039959618060512,-0.532335244987646,0.059374179553682016,1.0417530241107267]","[-0.3079058527946472,1.6730291843414307,1.0069947242736816,0.21655155718326569,0.8892790079116821,0.3954637050628662]",0.0,"[0.1425396054983139,0.6561542749404907,0.29037338495254517,0.4027414321899414,-0.5303090810775757,0.059252381324768066]",0.04399999976158142,"[-0.1716289520263672,-0.1218363493680954,0.9834125638008118,0.9777337908744812,-0.0041644820012152195,0.13931003212928772,0.15688194334506989]","[0.2643212080001831,-0.301260769367218,0.9946500658988953,0.4333380460739136,0.0231538824737072,0.011350682005286217,0.900862455368042]","[-0.30055949091911316,-0.13075131177902222,0.7805474400520325]","[0.03479109704494476,0.1489144116640091,0.6945719122886658,0.7029821276664734]",5.960464477539063e-08,0.0,0.0,False,False,0.009999999776482582
246,4,45,False,"[-0.3001033998081215,1.6670833550885487,1.0141843018469627,0.1847672209983195,0.8733249427843638,0.41839701728182677,-0.026146382129604517,0.1456002905156548,0.6741393179734638,0.2989376235481235,0.4112967057183824,-0.5433579814488672,0.06014253249605994,1.0383753583572237]","[-0.3009357750415802,1.6678318977355957,1.0132449865341187,0.18880699574947357,0.8753401637077332,0.4154680073261261]",0.0,"[0.1452673226594925,0.6720491647720337,0.29797667264938354,0.41021570563316345,-0.541702926158905,0.06002882495522499]",0.04399999976158142,"[-0.1743100881576538,-0.12134350091218948,0.9847602248191833,0.9754099249839783,-0.0016199377132579684,0.14723847806453705,0.16399246454238892]","[0.26332759857177734,-0.29930299520492554,0.9958105683326721,0.4269724190235138,0.022838203236460686,0.012087193317711353,0.9038953185081482]","[-0.300559401512146,-0.13075090944766998,0.7805474996566772]","[0.034788310527801514,0.1489146649837494,0.6945832967758179,0.7029709815979004]",1.1920928955078125e-07,0.0,0.0,False,False,0.009999999776482582
247,4,46,False,"[-0.29236268248286434,1.6609101681246434,1.0195306698345636,0.1573521375108589,0.858720415503358,0.43755728823874057,-0.02336243557313289,0.14784973533512513,0.6879782145466455,0.3059364834875213,0.4179259456712623,-0.5534234868398911,0.06021955636204823,1.0365598356465169]","[-0.2932797372341156,1.661768913269043,1.018693447113037,0.16134732961654663,0.8608202934265137,0.43473610281944275]",0.0,"[0.1475701779127121,0.6861253380775452,0.30504605174064636,0.416953444480896,-0.5519362688064575,0.06019502505660057]",0.04399999976158142,"[-0.17730575799942017,-0.12102729082107544,0.9861739277839661,0.9728532433509827,0.0006468634237535298,0.15532425045967102,0.1715531051158905]","[0.2624485492706299,-0.29753315448760986,0.9969314932823181,0.421304315328598,0.022569147869944572,0.01231519877910614,0.9065548181533813]","[-0.30055946111679077,-0.13075120747089386,0.7805474996566772]","[0.03478991612792015,0.14891517162322998,0.6945748329162598,0.7029791474342346]",1.1920928955078125e-07,0.0,0.0,False,False,0.009999999776482582
248,4,47,False,"[-0.2844608337325146,1.654849860168961,1.0247889202195852,0.12918651856519803,0.8434334049565383,0.4570407377687568,-0.020193445912391583,0.15021106784839516,0.702411904475158,0.3131340409166488,0.42468489915323665,-0.5639185945982702,0.05999654075701588,1.034934642668338]","[-0.2854062020778656,1.6557105779647827,1.023965835571289,0.13326916098594666,0.845630943775177,0.45419198274612427]",0.0,"[0.1499251127243042,0.7005198001861572,0.3122263252735138,0.42370858788490295,-0.5623977184295654,0.06002163141965866]",0.04399999976158142,"[-0.18041428923606873,-0.12079916894435883,0.9874846935272217,0.9700551629066467,0.00261160871013999,0.16392451524734497,0.17920613288879395]","[0.2615389823913574,-0.2957014739513397,0.9980162978172302,0.4154984951019287,0.022171873599290848,0.012469280511140823,0.9092379808425903]","[-0.30055952072143555,-0.13075147569179535,0.7805474996566772]","[0.03479194641113281,0.1489187479019165,0.694567859172821,0.7029851675033569]",1.1920928955078125e-07,0.0,0.0,False,False,0.009999999776482582
249,4,48,False,"[-0.2760885909644414,1.6481842366489783,1.0310797992950829,0.0982264309556437,0.824954465600135,0.47825666458793903,-0.016700113331861166,0.15121505676273994,0.7095521433926615,0.3170100511912451,0.4271711429897725,-0.5688294612339028,0.05969679800781935,1.0338212467759398]","[-0.2770808935165405,1.6491113901138306,1.0301328897476196,0.10267733782529831,0.8275684714317322,0.47518301010131836]",0.0,"[0.1510765552520752,0.7085078954696655,0.3164672553539276,0.42673397064208984,-0.5680127143859863,0.05973820015788078]",0.04399999976158142,"[-0.18374228477478027,-0.12058541923761368,0.9890347123146057,0.9667015671730042,0.004853519611060619,0.17372047901153564,0.1878446489572525]","[0.26105576753616333,-0.29465335607528687,0.9986246824264526,0.41243410110473633,0.02179124392569065,0.012663064524531364,0.9106386303901672]","[-0.3005593717098236,-0.13075116276741028,0.7805474400520325]","[0.03478504717350006,0.14891459047794342,0.6945763826370239,0.7029780745506287]",5.960464477539063e-08,0.0,0.0,False,False,0.009999999776482582
250,4,49,False,"[-0.2672819507524023,1.6416281905907626,1.0383108285417773,0.06663867165249421,0.8072613114869698,0.50023290161216,-0.013638119036605612,0.1536997144156604,0.7225426761455472,0.3230715989463746,0.4338760735015962,-0.5773521526778815,0.05981088261417272,1.0290634457107928]","[-0.2683285176753998,1.6425563097000122,1.0372284650802612,0.07121574878692627,0.809827446937561,0.49703362584114075]",0.0,"[0.15341025590896606,0.7209123969078064,0.3223327696323395,0.4329726994037628,-0.5761664509773254,0.0598013773560524]",0.04399999976158142,"[-0.18720287084579468,-0.12034258991479874,0.9908040165901184,0.9631719589233398,0.007403186988085508,0.18375514447689056,0.19616049528121948]","[0.26023077964782715,-0.29305505752563477,0.9994465112686157,0.40765970945358276,0.02153756283223629,0.012854819186031818,0.9127893447875977]","[-0.3005593717098236,-0.13075125217437744,0.7805474400520325]","[0.03478512167930603,0.14891497790813446,0.6945733428001404,0.7029809355735779]",5.960464477539063e-08,0.0,0.0,False,False,0.009999999776482582
251,5,0,True,"[-0.2589742063085723,1.6359606264653455,1.0456609670389887,0.034432771470533724,0.7886537514442786,0.5233415858133792,-0.00984410445108308,0.15503253769843112,0.7304584855391122,0.3265052408389375,0.43743308897908567,-0.5820767567250565,0.05967747745209939,1.0246125050094177]","[-0.2599753141403198,1.6367911100387573,1.0445371866226196,0.03910214826464653,0.7913303375244141,0.5199819207191467]",0.0,"[0.154853954911232,0.7293554544448853,0.3260338008403778,0.43686673045158386,-0.5813261866569519,0.05969322845339775]",0.04399999976158142,"[-0.1905401051044464,-0.12014210224151611,0.9923359155654907,0.9593782424926758,0.009931751526892185,0.19457228481769562,0.20404966175556183]","[0.25969672203063965,-0.29195600748062134,0.9998607039451599,0.4046570360660553,0.021169321611523628,0.013184449635446072,0.9141284227371216]","[-0.30055952072143555,-0.13075155019760132,0.7805473804473877]","[0.03479296341538429,0.14891952276229858,0.6945663094520569,0.702986478805542]",0.0,0.0,0.0,False,False,0.009999999776482582
252,5,1,False,"[-0.2505749287278046,1.6309468788294184,1.0533538780503138,0.0033540069951018547,0.7712548930885916,0.5465254713397802,-0.006213324613333349,0.15692842196377627,0.740329068828927,0.3308610421056345,0.4430217028204886,-0.5882102168460623,0.059626516992498824,1.0197291747943593]","[-0.25157999992370605,1.6316779851913452,1.0521939992904663,0.007894392125308514,0.7737915515899658,0.5431360006332397]",0.0,"[0.15669870376586914,0.7390539050102234,0.33032548427581787,0.44224274158477783,-0.5873361825942993,0.05963478609919548]",0.04399999976158142,"[-0.19385546445846558,-0.11989886313676834,0.993855893611908,0.9555521607398987,0.012708866968750954,0.20527739822864532,0.211233451962471]","[0.2590469419956207,-0.2906956076622009,1.000418782234192,0.40106692910194397,0.021012697368860245,0.013199125416576862,0.9157125353813171]","[-0.300559401512146,-0.13075070083141327,0.780547559261322]","[0.03478866443037987,0.1489197164773941,0.6945884227752686,0.7029649019241333]",1.7881393432617188e-07,0.0,0.0,False,False,0.009999999776482582
253,5,2,False,"[-0.24134973174242996,1.6256126529055313,1.0600259824942122,-0.027142403139099075,0.7537256049324625,0.5689576364220559,-0.0024936981587050377,0.1581518331386914,0.7460042386650187,0.33403846487033606,0.44681872489606733,-0.5916837506049684,0.05933007287566572,1.0151063606979163]","[-0.24244040250778198,1.6263657808303833,1.0589789152145386,-0.02269580028951168,0.7562599778175354,0.5656602382659912]",0.0,"[0.15799035131931305,0.7451930642127991,0.33363091945648193,0.44624295830726624,-0.5911319851875305,0.05936865881085396]",0.04399999976158142,"[-0.1974641978740692,-0.11979328095912933,0.995231568813324,0.9514889717102051,0.014998583123087883,0.21613745391368866,0.21846823394298553]","[0.2586092948913574,-0.28987476229667664,1.0010181665420532,0.3987275958061218,0.021186349913477898,0.012604855000972748,0.9167379140853882]","[-0.3005593419075012,-0.13075116276741028,0.7805474400520325]","[0.03478343039751053,0.14891491830348969,0.6945762634277344,0.7029781341552734]",5.960464477539063e-08,0.0,0.0,False,False,0.009999999776482582
254,5,3,False,"[-0.23222307146210913,1.6226946917447589,1.0696572525257784,-0.060700032207479576,0.7343138180069159,0.5945769050838711,0.003270307450574661,0.15923551047075254,0.751468908460737,0.3370165772124168,0.4513254982279599,-0.5947905811703013,0.05901014994707432,1.010723227349672]","[-0.2333127111196518,1.623168706893921,1.0682728290557861,-0.05586911365389824,0.7370848059654236,0.590884268283844]",0.0,"[0.1590966135263443,0.7507375478744507,0.3366439640522003,0.45068439841270447,-0.594325840473175,0.05905555188655853]",0.04399999976158142,"[-0.20100250840187073,-0.11929795145988464,0.9965085387229919,0.9469462633132935,0.017576823011040688,0.2283961921930313,0.22543053328990936]","[0.2582264542579651,-0.28912457823753357,1.001639723777771,0.396738201379776,0.021563652902841568,0.01167162787169218,0.9176041483879089]","[-0.3005596101284027,-0.13075163960456848,0.7805474400520325]","[0.03479282185435295,0.14891551434993744,0.6945628523826599,0.7029908299446106]",5.960464477539063e-08,0.0,0.0,False,False,0.00982340332120657
255,5,4,False,"[-0.22308252965876313,1.618629566559267,1.077687628856499,-0.09318303610266379,0.7147856417063199,0.6183041317128044,0.0106969801854222,0.1601472488444004,0.7544029372104292,0.3390433095308285,0.45338845603098493,-0.5956331588929888,0.05812064838410114,1.0052599444702928]","[-0.22417399287223816,1.619191288948059,1.0764535665512085,-0.08844368904829025,0.7176031470298767,0.61480313539505]",0.0,"[0.16002659499645233,0.7539778351783752,0.3387753367424011,0.45304831862449646,-0.5954672694206238,0.05823969468474388]",0.04399999976158142,"[-0.2046242505311966,-0.11912503093481064,0.9977558851242065,0.9421889185905457,0.01955677755177021,0.24074526131153107,0.232247993350029]","[0.25796857476234436,-0.2886650860309601,1.0021049976348877,0.39578258991241455,0.021709848195314407,0.010779280215501785,0.9180242419242859]","[-0.30055955052375793,-0.13075153529644012,0.7805473804473877]","[0.03478974848985672,0.1489124894142151,0.6945653557777405,0.7029891610145569]",0.0,0.0,0.0,False,False,0.0094223627820611
256,5,5,False,"[-0.2140157700601415,1.6171038094734516,1.0855959679737617,-0.12238236626285282,0.6977397658529265,0.6426697320808124,0.019732096563127355,0.16146584788775414,0.7584941504348555,0.3404925304648252,0.4576690148392444,-0.596554119209259,0.057538029633147525,0.9983898214732523]","[-0.21510359644889832,1.6173831224441528,1.0844005346298218,-0.11807110905647278,0.7002461552619934,0.6391115784645081]",0.0,"[0.16129915416240692,0.757970929145813,0.34030404686927795,0.4570824205875397,-0.5964164733886719,0.05762718990445137]",0.043965280055999756,"[-0.20811410248279572,-0.11870600283145905,0.9984864592552185,0.9376310110092163,0.021791528910398483,0.2526474893093109,0.23778630793094635]","[0.25764691829681396,-0.28814592957496643,1.0024070739746094,0.3947513997554779,0.02198333665728569,0.009850820526480675,0.9184721112251282]","[-0.3005593419075012,-0.13075104355812073,0.7805474400520325]","[0.03478802368044853,0.14892061054706573,0.6945809721946716,0.7029721140861511]",5.960464477539063e-08,0.0,0.0,False,False,0.00893446709960699
257,5,6,False,"[-0.2046924702336308,1.6147924615696865,1.0944078740116452,-0.15349896417943332,0.679538381789624,0.6678264890448786,0.0306786921316049,0.16190383817212606,0.7575471147734678,0.34018471117106963,0.4584948737225222,-0.5938695543774939,0.056523856770484215,0.9913445428609567]","[-0.2058037370443344,1.6151061058044434,1.0931214094161987,-0.14899393916130066,0.6821526288986206,0.6641600728034973]",0.0,"[0.16182807087898254,0.7575943470001221,0.3402053415775299,0.45831769704818726,-0.5941937565803528,0.056664347648620605]",0.04379124194383621,"[-0.21171940863132477,-0.1183849647641182,0.9995307326316833,0.9327605962753296,0.02423040196299553,0.2650195360183716,0.24317723512649536]","[0.25761789083480835,-0.28818392753601074,1.0025436878204346,0.3955213129520416,0.022245783358812332,0.008776282891631126,0.9181454181671143]","[-0.3005593419075012,-0.13075077533721924,0.780547559261322]","[0.03478692099452019,0.1489146649837494,0.6945869326591492,0.7029674649238586]",1.7881393432617188e-07,0.0,0.0,False,False,0.008343351073563099
258,5,7,False,"[-0.19462403036522874,1.6135932689286823,1.1040803683586202,-0.18574519167108042,0.6603552158108245,0.6948008477657658,0.04209147238394351,0.16166779032238593,0.7523386245099339,0.33756706138424464,0.4575425906371639,-0.5880959847602608,0.05544966768338805,0.9840937281617435]","[-0.1958146095275879,1.6137934923171997,1.102666974067688,-0.18107271194458008,0.6631054282188416,0.6908885836601257]",0.0,"[0.16167466342449188,0.752947211265564,0.33786898851394653,0.45764097571372986,-0.588871419429779,0.05560441315174103]",0.04352777823805809,"[-0.21555709838867188,-0.11792907863855362,1.000453233718872,0.927437424659729,0.026700252667069435,0.27831706404685974,0.2483675181865692]","[0.2578738331794739,-0.2887990474700928,1.0023739337921143,0.3980236351490021,0.022592075169086456,0.0076013910584151745,0.917065441608429]","[-0.3005595803260803,-0.13075143098831177,0.7805473804473877]","[0.03479045256972313,0.14891758561134338,0.6945680975914001,0.7029852867126465]",0.0,0.0,0.0,False,False,0.007727060467004776
259,5,8,False,"[-0.18572085119820947,1.6144605484943142,1.1139913918315565,-0.21707839943509705,0.6424719957828416,0.721773544978952,0.05644055242805124,0.1611005013578764,0.7463958408775583,0.33493229195434543,0.4555189680834443,-0.582069863791822,0.05374422798106365,0.9779653010701377]","[-0.18680553138256073,1.6143993139266968,1.1125408411026,-0.21249830722808838,0.6450760364532471,0.7178307175636292]",0.0,"[0.16115419566631317,0.7471534609794617,0.3352670669555664,0.45578932762145996,-0.5829340219497681,0.053981389850378036]",0.04323595389723778,"[-0.21900567412376404,-0.11735105514526367,1.0009448528289795,0.9222561120986938,0.028838040307164192,0.291688472032547,0.2520512342453003]","[0.2582281231880188,-0.2895461916923523,1.0021699666976929,0.40098243951797485,0.022761253640055656,0.00629073940217495,0.9157812595367432]","[-0.30055928230285645,-0.13075093924999237,0.7805474400520325]","[0.03478119522333145,0.14891386032104492,0.6945827007293701,0.7029721736907959]",5.960464477539063e-08,0.0,0.0,False,False,0.007176905870437622
260,5,9,False,"[-0.17674428589118202,1.615584420556253,1.1248365874774677,-0.2517586054964547,0.6225683418913142,0.7508500315435196,0.07211707234289999,0.1592272507917669,0.7337052216674614,0.32981485521622345,0.44933584583827707,-0.5704381507447538,0.05183880089180681,0.971423143605995]","[-0.1778162568807602,1.6154427528381348,1.1232731342315674,-0.24676227569580078,0.6254107356071472,0.7466346025466919]",0.0,"[0.15942765772342682,0.7352621555328369,0.3304324150085449,0.45015749335289,-0.572024405002594,0.05211219936609268]",0.04291962832212448,"[-0.22250385582447052,-0.116854727268219,1.0013811588287354,0.9165616035461426,0.030708378180861473,0.30641090869903564,0.2551158666610718]","[0.259025514125824,-0.29104095697402954,1.0017364025115967,0.40675944089889526,0.023010969161987305,0.004827102180570364,0.913232684135437]","[-0.3005593419075012,-0.13075092434883118,0.7805474996566772]","[0.03478667512536049,0.14891605079174042,0.6945834159851074,0.7029706239700317]",1.1920928955078125e-07,0.0,0.0,False,False,0.007828593254089355
261,5,10,False,"[-0.1679391728611444,1.6181138268416975,1.1379520087242603,-0.2870688450250135,0.6030568946494144,0.7801636676364136,0.08750093775999179,0.15740554314096972,0.7211334952914177,0.32429581496347926,0.4438218667770863,-0.5590611337664028,0.04983749982125707,0.9646850270760463]","[-0.16899274289608002,1.6177961826324463,1.1361082792282104,-0.28193286061286926,0.6058793663978577,0.7758835554122925]",0.0,"[0.15761590003967285,0.7227708697319031,0.32498791813850403,0.44462621212005615,-0.560706377029419,0.050127722322940826]",0.042582374066114426,"[-0.22590093314647675,-0.11610420048236847,1.0020254850387573,0.910759449005127,0.03261254355311394,0.32128870487213135,0.2573464512825012]","[0.25985658168792725,-0.2926184833049774,1.001168131828308,0.4127453863620758,0.023264853283762932,0.003280252916738391,0.9105433821678162]","[-0.30055952072143555,-0.1307515650987625,0.7805473208427429]","[0.03478825464844704,0.14891397953033447,0.6945648789405823,0.702989399433136]",-5.960464477539063e-08,0.0,0.0,False,False,0.008035153150558472
262,5,11,False,"[-0.15945378914922448,1.622421046621215,1.1521633799436044,-0.3220555790380466,0.5842481826321286,0.8104572947775606,0.10379715111452281,0.15488182250341323,0.7062390203425803,0.3180504434333333,0.43607344521784,-0.5467251954129421,0.04786218234117079,0.9583050916719009]","[-0.16047343611717224,1.6218794584274292,1.150155782699585,-0.3169386386871338,0.5869787335395813,0.8060439229011536]",0.0,"[0.15517373383045197,0.7081553339958191,0.3188309371471405,0.43715956807136536,-0.5484987497329712,0.04815136268734932]",0.04224221780896187,"[-0.22914516925811768,-0.11510511487722397,1.0025436878204346,0.90497225522995,0.03466910123825073,0.3362446129322052,0.2583850026130676]","[0.2608463764190674,-0.2944425642490387,1.0004514455795288,0.4194093644618988,0.023387612774968147,0.001958217704668641,0.9074937105178833]","[-0.30055949091911316,-0.1307513266801834,0.7805474996566772]","[0.034790389239788055,0.14891478419303894,0.6945715546607971,0.7029824256896973]",1.1920928955078125e-07,0.0,0.0,False,False,0.008000612258911133
263,5,12,False,"[-0.15064651559681425,1.625654420360984,1.167344571794235,-0.36209749676446257,0.5616953593966135,0.8416824712611914,0.12177629365224318,0.15067331960940433,0.683731983262601,0.30826983801512914,0.42395718739734295,-0.5284384787762372,0.045997032490112166,0.9540651928480348]","[-0.1516876369714737,1.625195860862732,1.1651890277862549,-0.35634300112724304,0.5648903250694275,0.8371330499649048]",0.0,"[0.1511598527431488,0.6865659952163696,0.3094572126865387,0.42563173174858093,-0.5309820771217346,0.04627232626080513]",0.04194788262248039,"[-0.232622429728508,-0.11442713439464569,1.003335952758789,0.8982951045036316,0.03589398413896561,0.35292693972587585,0.25926846265792847]","[0.2623414695262909,-0.29710593819618225,0.9991904497146606,0.4291604459285736,0.023545444011688232,0.0008055207435972989,0.9029209613800049]","[-0.3005593717098236,-0.13075098395347595,0.7805474996566772]","[0.03478880971670151,0.1489180326461792,0.6945816278457642,0.702971875667572]",1.1920928955078125e-07,0.0,0.0,False,False,0.00900319218635559
264,5,13,False,"[-0.1423451974741462,1.6316663767659492,1.1857128099076457,-0.4053978998272007,0.5384692714404503,0.8759559523901945,0.14008185797117445,0.14600615789142954,0.6581555166541488,0.2980303213976525,0.4100528508728129,-0.5087259148028691,0.04386351411368311,0.9496053570919861]","[-0.1433374434709549,1.6308999061584473,1.183145523071289,-0.3991427421569824,0.5418089032173157,0.8710002303123474]",0.0,"[0.14656493067741394,0.6614469289779663,0.2993219792842865,0.4120328426361084,-0.5115470886230469,0.04417131468653679]",0.041673656553030014,"[-0.23593910038471222,-0.1134447306394577,1.004088044166565,0.8912245631217957,0.037086375057697296,0.370888888835907,0.25842735171318054]","[0.26401299238204956,-0.3001488745212555,0.9978774785995483,0.43997693061828613,0.023874465376138687,-0.0007272978546097875,0.8976913094520569]","[-0.3005593717098236,-0.13075107336044312,0.7805474996566772]","[0.0347873792052269,0.1489167958498001,0.6945789456367493,0.7029749155044556]",1.1920928955078125e-07,0.0,0.0,False,False,0.00978192687034607
265,5,14,False,"[-0.13330937221944125,1.636045617522542,1.2032128411563905,-0.4484635630183093,0.5156519777679658,0.9097226396662345,0.15780050596117434,0.14096149526217894,0.6330226602309306,0.2880977480691068,0.39580510741170694,-0.48937243044128487,0.04194826943085139,0.9459634285586196]","[-0.13437223434448242,1.6354162693023682,1.200697898864746,-0.4421796500682831,0.5189583897590637,0.9047800898551941]",0.0,"[0.1415727734565735,0.6363213658332825,0.289358913898468,0.39786502718925476,-0.4921809136867523,0.04223252087831497]",0.04143064469099045,"[-0.2395244836807251,-0.11280743777751923,1.0051486492156982,0.8839808702468872,0.038176048547029495,0.388675719499588,0.25700482726097107]","[0.265707790851593,-0.30311915278434753,0.9964773058891296,0.45088014006614685,0.024109909310936928,-0.00201742653734982,0.8922565579414368]","[-0.30055949091911316,-0.13075147569179535,0.7805473208427429]","[0.03478805348277092,0.14891354739665985,0.6945671439170837,0.7029872536659241]",-5.960464477539063e-08,0.0,0.0,False,False,0.009830862283706665
266,5,15,False,"[-0.12431295219558344,1.6407614358202791,1.221550442732068,-0.493801659003633,0.4909981267651623,0.9447129562853935,0.17605330027385901,0.13493290501344984,0.6033882102461285,0.2762268667878439,0.3779852338896506,-0.46630347065664357,0.03947245873646876,0.942206470198687]","[-0.1253790557384491,1.640114665031433,1.218919277191162,-0.4872308373451233,0.49453383684158325,0.9396160840988159]",0.0,"[0.13565842807292938,0.6072166562080383,0.2776975929737091,0.38050612807273865,-0.4695796072483063,0.03982550650835037]",0.04120492562651634,"[-0.24319082498550415,-0.11234487593173981,1.0062862634658813,0.8761892318725586,0.03892485052347183,0.40737929940223694,0.2545963525772095]","[0.26765018701553345,-0.3064832091331482,0.994610607624054,0.4635739028453827,0.024017376825213432,-0.0031330676283687353,0.8857271075248718]","[-0.30055949091911316,-0.13075123727321625,0.7805474996566772]","[0.03479047119617462,0.14891484379768372,0.6945738792419434,0.7029802203178406]",1.1920928955078125e-07,0.0,0.0,False,False,0.010289400815963745
267,5,16,False,"[-0.1152113600984427,1.6448486159764828,1.239712500941673,-0.5403476097584892,0.46512446462465784,0.9801315942138378,0.19415867324343827,0.1283874457373144,0.5716285009166462,0.2632940082138499,0.3580209745968513,-0.4413651268958397,0.036626335970918966,0.9416230093961281]","[-0.1162872463464737,1.6442638635635376,1.2370754480361938,-0.5335947275161743,0.4688452184200287,0.9749607443809509]",0.00019038809114135802,"[0.12918218970298767,0.5757701992988586,0.26490476727485657,0.36086955666542053,-0.44493529200553894,0.03703557327389717]",0.041056811809539795,"[-0.2469697892665863,-0.1122128814458847,1.0075708627700806,0.8679139614105225,0.03935295343399048,0.4266572594642639,0.2512771785259247]","[0.26971372961997986,-0.31002452969551086,0.9923101663589478,0.4773339331150055,0.02352452464401722,-0.00397159019485116,0.8783979415893555]","[-0.3005593717098236,-0.13075092434883118,0.7805474996566772]","[0.034787923097610474,0.14891517162322998,0.6945830583572388,0.7029711008071899]",1.1920928955078125e-07,0.0,0.0,False,False,0.010586559772491455
268,5,17,False,"[-0.10573576321766993,1.6486739293530979,1.2577978061401152,-0.5862056041262824,0.4390842954153743,1.0149291030700303,0.21064430782793514,0.12158301725615128,0.5396473646954133,0.25022611530092986,0.3379723402136511,-0.41601336777188946,0.03383052983719903,0.9409972246256428]","[-0.10685098171234131,1.648125410079956,1.2551624774932861,-0.5795214176177979,0.44284889101982117,1.0098283290863037]",0.0006627714028581977,"[0.12241474539041519,0.543853223323822,0.2518713176250458,0.34087231755256653,-0.419670969247818,0.034240592271089554]",0.040954578667879105,"[-0.2508947253227234,-0.11224964261054993,1.0090309381484985,0.8593831658363342,0.039570506662130356,0.445759654045105,0.24737243354320526]","[0.2717858552932739,-0.31351226568222046,0.9898127913475037,0.49137622117996216,0.02295273169875145,-0.0047475239261984825,0.870631992816925]","[-0.30055946111679077,-0.13075119256973267,0.7805474996566772]","[0.03479006886482239,0.1489151269197464,0.6945751309394836,0.7029789090156555]",1.1920928955078125e-07,0.0,0.0,False,False,0.010483622550964355
269,5,18,False,"[-0.09695910420302702,1.6512431189547998,1.2736262699517358,-0.6292874180353224,0.414317407088588,1.0474604459147563,0.22876632409067216,0.11488483628643063,0.5076755379850907,0.23709345806081067,0.31800588744353797,-0.39108564184378514,0.031148932624896652,0.9403671104281907]","[-0.09800927340984344,1.6508444547653198,1.271254539489746,-0.6229762434959412,0.417927622795105,1.0426582098007202]",0.0013436076696962118,"[0.11570946127176285,0.5118915438652039,0.2387503981590271,0.3209003806114197,-0.394699364900589,0.03154454007744789]",0.040879182517528534,"[-0.2546271085739136,-0.1126997172832489,1.0104821920394897,0.8511148691177368,0.0395008884370327,0.46379783749580383,0.2427649199962616]","[0.2737874984741211,-0.31690967082977295,0.9871580004692078,0.5051382184028625,0.02234533429145813,-0.005460486281663179,0.8627318143844604]","[-0.30055946111679077,-0.130751371383667,0.7805474400520325]","[0.03478849679231644,0.14891718327999115,0.694570779800415,0.7029827833175659]",5.960464477539063e-08,0.0,0.0,False,False,0.009915769100189209
270,5,19,False,"[-0.08784057798121613,1.6526781694121877,1.286720998753771,-0.6716576860412301,0.3881959899336942,1.0805852590130702,0.2543941990709914,0.10733379923891881,0.47377251620187466,0.22361674850171848,0.2967694198955396,-0.36436261306284223,0.02819486608674271,0.9392677986138429]","[-0.08891069144010544,1.6524250507354736,1.2846941947937012,-0.6654998660087585,0.39195722341537476,1.0757461786270142]",0.0023091393522918224,"[0.10825403034687042,0.47821834683418274,0.22531558573246002,0.29982441663742065,-0.36819517612457275,0.0286235548555851]",0.0408116951584816,"[-0.2585146129131317,-0.11368253827095032,1.0116245746612549,0.8424153327941895,0.03906137868762016,0.4821602702140808,0.237343430519104]","[0.2758934795856476,-0.3203580379486084,0.9843528270721436,0.5197471976280212,0.02174178697168827,-0.006375366356223822,0.8540195822715759]","[-0.3005593717098236,-0.13075099885463715,0.7805474996566772]","[0.03478771075606346,0.14891596138477325,0.6945809125900269,0.7029731273651123]",1.1920928955078125e-07,0.0,0.0,False,False,0.009703576564788818
271,5,20,False,"[-0.07808975426832561,1.649686905396164,1.296986080119654,-0.7125497317481778,0.3616356659069749,1.111393844531788,0.2809356239579354,0.09946873983581338,0.43863080638555896,0.2095769768713287,0.2747052499606765,-0.33693063875352075,0.025489894029479376,0.940111176666723]","[-0.07922465354204178,1.6499446630477905,1.2953369617462158,-0.7066189050674438,0.3654711842536926,1.106845736503601]",0.0034608403220772743,"[0.10043511539697647,0.44325464963912964,0.21134084463119507,0.27788278460502625,-0.3408783972263336,0.02589116431772709]",0.040788762271404266,"[-0.26267009973526,-0.11559000611305237,1.0133742094039917,0.83343505859375,0.03853863477706909,0.4998690187931061,0.23244702816009521]","[0.27802103757858276,-0.32381191849708557,0.9812817573547363,0.5347016453742981,0.021111508831381798,-0.007146824616938829,0.8447468280792236]","[-0.30055949091911316,-0.13075131177902222,0.7805474400520325]","[0.03478707745671272,0.14891166985034943,0.6945716142654419,0.7029832601547241]",5.960464477539063e-08,0.0,0.0,False,False,0.009372055530548096
272,5,21,False,"[-0.06737449639816588,1.644570857672225,1.3047958808237916,-0.751206980827863,0.3347105409469619,1.140234448040753,0.3073954716645643,0.0915336168425572,0.4039106831447711,0.1959236473860949,0.25246494935315317,-0.3096831571971064,0.022949243101637984,0.9417785372557563]","[-0.06861447542905807,1.64516019821167,1.3034613132476807,-0.7456075549125671,0.3385981321334839,1.1359754800796509]",0.004725395701825619,"[0.09251361340284348,0.4085109829902649,0.19765153527259827,0.2556796371936798,-0.31362009048461914,0.023326171562075615]",0.04081093892455101,"[-0.26714733242988586,-0.1180647611618042,1.0152755975723267,0.8241680860519409,0.037535443902015686,0.5170242786407471,0.22808757424354553]","[0.2800941467285156,-0.32710564136505127,0.9781228303909302,0.5495091080665588,0.02041349932551384,-0.007754823658615351,0.8352022767066956]","[-0.300559401512146,-0.13075116276741028,0.7805474400520325]","[0.03478601202368736,0.14891424775123596,0.6945757865905762,0.7029786109924316]",5.960464477539063e-08,0.0,0.0,False,False,0.00887918472290039
273,5,22,False,"[-0.05647029448779381,1.635778953403966,1.3103087764329095,-0.7882838230893393,0.3072317762099433,1.1659945781918062,0.33352189482087763,0.08333296982887828,0.36768466097802854,0.1812590416477627,0.22982787018081194,-0.28212793011143045,0.021198257211404115,0.9444634918423411]","[-0.05774001032114029,1.6368297338485718,1.309280514717102,-0.7829452753067017,0.3111955523490906,1.1621654033660889]",0.006048389244824648,"[0.08434530347585678,0.37246567010879517,0.18309517204761505,0.2330934703350067,-0.2861005663871765,0.021471474319696426]",0.04088282957673073,"[-0.2717190682888031,-0.12133251130580902,1.0177353620529175,0.8146622776985168,0.03620806336402893,0.5334429144859314,0.22461700439453125]","[0.2821541428565979,-0.33038532733917236,0.9746281504631042,0.564348042011261,0.019884563982486725,-0.008074750192463398,0.8252579569816589]","[-0.3005593717098236,-0.13075096905231476,0.7805474996566772]","[0.03478797897696495,0.14891529083251953,0.6945818066596985,0.702972412109375]",1.1920928955078125e-07,0.0,0.0,False,False,0.008493542671203613
274,5,23,False,"[-0.045423629320933676,1.625840459073404,1.314190845838271,-0.8219504693667253,0.2808069339902869,1.1894366637908464,0.35884868855406815,0.07519191933458359,0.33161011093168546,0.1662915573566749,0.20818085950896908,-0.2548190058660838,0.0198402066928407,0.9483824673320892]","[-0.04671039804816246,1.6271024942398071,1.3133842945098877,-0.8170879483222961,0.28464430570602417,1.1859588623046875]",0.0073895324021577835,"[0.07620140165090561,0.3363988399505615,0.16818013787269592,0.21132555603981018,-0.2587634325027466,0.02005014196038246]",0.041010819375514984,"[-0.2762596309185028,-0.12487941235303879,1.020305871963501,0.805312991142273,0.03480514511466026,0.5487212538719177,0.2217305451631546]","[0.28414347767829895,-0.33350902795791626,0.9709593653678894,0.5789135694503784,0.01959439553320408,-0.008392713963985443,0.8151102066040039]","[-0.30055946111679077,-0.13075141608715057,0.7805474400520325]","[0.03478698059916496,0.14891308546066284,0.6945691108703613,0.7029854655265808]",5.960464477539063e-08,0.0,0.0,False,False,0.008101493120193481
275,5,24,False,"[-0.03319687908127047,1.611856582830501,1.3157250751189002,-0.856710147213829,0.25312946755902244,1.2118927949574816,0.38388393495415385,0.06690338063469906,0.2941968149984032,0.15059100852450502,0.1852180790891515,-0.22668526169657544,0.01790646021315867,0.9516001731042877]","[-0.03460071235895157,1.6135998964309692,1.3152151107788086,-0.8517914414405823,0.257106214761734,1.2085859775543213]",0.008735311217606068,"[0.06792835146188736,0.2991529107093811,0.15256386995315552,0.1885102540254593,-0.2307289093732834,0.018181897699832916]",0.04115806519985199,"[-0.2811322510242462,-0.12942856550216675,1.0233566761016846,0.795464277267456,0.032799750566482544,0.5639594793319702,0.21934057772159576]","[0.28611382842063904,-0.3365570604801178,0.9669376015663147,0.5936395525932312,0.018966365605592728,-0.008661983534693718,0.804460883140564]","[-0.30055952072143555,-0.13075146079063416,0.7805474996566772]","[0.03479267656803131,0.1489184945821762,0.6945680975914001,0.7029849886894226]",1.1920928955078125e-07,0.0,0.0,False,False,0.008364289999008179
276,5,25,False,"[-0.02009436562799463,1.593767981911932,1.3137943596819035,-0.8907819459678706,0.22352881787080886,1.2321491795183515,0.41155371782547173,0.05794129574983928,0.25327482491699893,0.13373701237348168,0.15969015445351295,-0.19640278244361126,0.016135496161582885,0.9555778715206145]","[-0.021595817059278488,1.5960502624511719,1.3137108087539673,-0.8859716653823853,0.22776344418525696,1.2291449308395386]",0.010140924714505672,"[0.05904253199696541,0.2586708068847656,0.1358484923839569,0.16332383453845978,-0.2007281333208084,0.01639876328408718]",0.04133341833949089,"[-0.2862522304058075,-0.13506865501403809,1.0266557931900024,0.7848815321922302,0.029977886006236076,0.5793159008026123,0.21784234046936035]","[0.28816425800323486,-0.3396696448326111,0.9624841809272766,0.6091928482055664,0.018267182633280754,-0.008794772438704967,0.7927628755569458]","[-0.3005594313144684,-0.13075102865695953,0.7805474996566772]","[0.034789472818374634,0.14891836047172546,0.694580078125,0.7029733657836914]",1.1920928955078125e-07,0.0,0.0,False,False,0.009090155363082886
277,5,26,False,"[-0.00683323079508226,1.5741771812285354,1.3098118444276348,-0.9237462828766699,0.19426665879534952,1.249548366719265,0.438706850778428,0.04910042247461355,0.21381449961149757,0.11737178424841394,0.13432027681539835,-0.1667816916375511,0.014002902680336216,0.9608649756156165]","[-0.008360909298062325,1.5767028331756592,1.3100121021270752,-0.9191069602966309,0.19848854839801788,1.2469478845596313]",0.011570972390472889,"[0.05019674450159073,0.21909849345684052,0.1194431334733963,0.13797537982463837,-0.17105714976787567,0.01431085355579853]",0.04155150055885315,"[-0.2913012206554413,-0.1413007378578186,1.029853343963623,0.774207353591919,0.026045218110084534,0.5940870642662048,0.21676020324230194]","[0.29013335704803467,-0.34248706698417664,0.957915723323822,0.6243799924850464,0.01717502810060978,-0.008751993998885155,0.7808828353881836]","[-0.3005593717098236,-0.13075070083141327,0.7805474400520325]","[0.03478648141026497,0.14891622960567474,0.694588303565979,0.7029658555984497]",5.960464477539063e-08,0.0,0.0,False,False,0.008880555629730225
278,5,27,False,"[0.005455798108035204,1.553584265079573,1.3042119600313042,-0.951569970596899,0.1666891753396921,1.2625821176693988,0.4649816997943191,0.040620375058201943,0.17643378115605113,0.1015501262574443,0.11099681306497487,-0.1386746963035857,0.012224160906138704,0.9679289300567637]","[0.004026014357805252,1.5562539100646973,1.304661512374878,-0.947605550289154,0.17069613933563232,1.2605900764465332]",0.012994375079870224,"[0.04167667776346207,0.1814662367105484,0.10356110334396362,0.11439450085163116,-0.14275141060352325,0.012492637149989605]",0.04183465242385864,"[-0.29588884115219116,-0.14763133227825165,1.0330090522766113,0.7639824151992798,0.022158145904541016,0.6072298884391785,0.21705220639705658]","[0.29196667671203613,-0.34495317935943604,0.9534242749214172,0.638679027557373,0.01622416265308857,-0.008729205466806889,0.769252598285675]","[-0.30055922269821167,-0.13075079023838043,0.7805474996566772]","[0.034782733768224716,0.14891715347766876,0.6945875883102417,0.702966570854187]",1.1920928955078125e-07,0.0,0.0,False,False,0.008442506194114685
279,5,28,False,"[0.01677623791251863,1.532367665816007,1.2978845613982073,-0.9784524640069342,0.13864530815171705,1.2754890938021304,0.48982244170320566,0.03160967453940611,0.13709083981361048,0.08486838439659455,0.08669891482833847,-0.1102254413279945,0.010058454473306888,0.9765209123680278]","[0.015463965013623238,1.5351231098175049,1.298455834388733,-0.9746976494789124,0.14268481731414795,1.2735908031463623]",0.01438633631914854,"[0.03272329643368721,0.14233586192131042,0.08696538954973221,0.09018350392580032,-0.11431825160980225,0.010371382348239422]",0.04219234362244606,"[-0.30004504323005676,-0.15416912734508514,1.0360819101333618,0.7536587715148926,0.018620653077960014,0.6200883984565735,0.21712224185466766]","[0.2938040494918823,-0.3473026156425476,0.9486643075942993,0.6529738306999207,0.015183819457888603,-0.008871380239725113,0.7571761608123779]","[-0.30055949091911316,-0.13075125217437744,0.7805474996566772]","[0.03479018807411194,0.148917093873024,0.6945737600326538,0.7029798626899719]",1.1920928955078125e-07,0.0,0.0,False,False,0.008781850337982178
280,5,29,False,"[0.027154216138043002,1.5095803267631376,1.289909147331612,-1.0028050543863136,0.11102673885675954,1.2875910502132504,0.5162524318376798,0.022588698633640797,0.09882321108227654,0.06751486314569966,0.06346886202049876,-0.0825395619981048,0.008232519518699521,0.9863769403948979]","[0.025956660509109497,1.5125186443328857,1.2907048463821411,-0.9994040727615356,0.11501730233430862,1.2858079671859741]",0.015791965648531914,"[0.023711444810032845,0.1039770245552063,0.06969595700502396,0.06682338565587997,-0.08653641492128372,0.008507841266691685]",0.04262004792690277,"[-0.3037644624710083,-0.161003977060318,1.039108395576477,0.7434021234512329,0.015805820003151894,0.6323495507240295,0.21734179556369781]","[0.29558026790618896,-0.3493354022502899,0.9436131715774536,0.6668203473091125,0.013976667076349258,-0.008689921349287033,0.7450367212295532]","[-0.30055955052375793,-0.1307515650987625,0.7805474400520325]","[0.03479304164648056,0.14891885221004486,0.6945656538009644,0.7029873728752136]",5.960464477539063e-08,0.0,0.0,False,False,0.008604265749454498
281,5,30,False,"[0.03601502025650746,1.4895034371562696,1.2826474900510825,-1.0241961510458286,0.08594139206644497,1.2980646508121398,0.5402229354656304,0.013950529025582609,0.06338194543109277,0.05107587059178087,0.04200046393578226,-0.05634492069613578,0.0064287212120134885,0.9952478338339931]","[0.03498614579439163,1.49216890335083,1.2833935022354126,-1.021203875541687,0.08960677683353424,1.2965037822723389]",0.017151998355984688,"[0.015032419934868813,0.06819550693035126,0.05317167192697525,0.045116499066352844,-0.06014076992869377,0.006696402560919523]",0.043068140745162964,"[-0.3068876564502716,-0.16723284125328064,1.0416605472564697,0.7339410781860352,0.013195766136050224,0.6433989405632019,0.21724209189414978]","[0.2972422242164612,-0.3509994149208069,0.9387103915214539,0.6798098087310791,0.012674135155975819,-0.008419699966907501,0.7332305312156677]","[-0.3005593717098236,-0.13075114786624908,0.7805474400520325]","[0.03478500619530678,0.14891394972801208,0.6945769190788269,0.7029776573181152]",5.960464477539063e-08,0.0,0.0,False,False,0.008020810782909393
282,5,31,False,"[0.04347074183968763,1.4733985308316864,1.277249224797718,-1.0434402098138937,0.06354949390587117,1.309790256520568,0.5605825665219831,0.006422956397152041,0.031971700471000064,0.03698252721078232,0.022323132269676284,-0.03302825384986713,0.004717394857407686,1.003120992460147]","[0.04260396957397461,1.4755717515945435,1.2777934074401855,-1.0407499074935913,0.06683491170406342,1.3080979585647583]",0.018406739458441734,"[0.007375925779342651,0.03627011552453041,0.03880930319428444,0.02518743835389614,-0.036436498165130615,0.004972096998244524]",0.043438054621219635,"[-0.30947577953338623,-0.1725037842988968,1.0437219142913818,0.7254331111907959,0.011383887380361557,0.6534775495529175,0.21583367884159088]","[0.29869604110717773,-0.3523329198360443,0.9343753457069397,0.6912469267845154,0.011379021219909191,-0.008146303705871105,0.7224830389022827]","[-0.300559401512146,-0.13075093924999237,0.7805474996566772]","[0.03478812426328659,0.14891478419303894,0.694582462310791,0.7029718160629272]",1.1920928955078125e-07,0.0,0.0,False,False,0.007154885679483414
283,5,32,False,"[0.04963720484307663,1.4604280549529984,1.273763917899253,-1.0597629800310018,0.043557298141358225,1.3199961050912283,0.5787097899775426,-7.255248496504385e-05,0.004084006153385444,0.02484377149697703,0.003114561267273783,-0.012742170321812851,0.0018550973796040982,1.0100099060968373]","[0.04892096295952797,1.4621739387512207,1.2740933895111084,-1.057456374168396,0.04649310186505318,1.3184804916381836]",0.01954987831413746,"[0.0007514992612414062,0.007910947315394878,0.026408931240439415,0.005888828542083502,-0.01572052575647831,0.0022546350955963135]",0.04365863278508186,"[-0.31160783767700195,-0.17681942880153656,1.0455477237701416,0.7178133726119995,0.010079678148031235,0.6623346209526062,0.2143714725971222]","[0.29994362592697144,-0.353401780128479,0.9304684400558472,0.7010893225669861,0.009348705410957336,-0.007881133817136288,0.7129685282707214]","[-0.30055946111679077,-0.13075116276741028,0.7805474996566772]","[0.034789785742759705,0.14891542494297028,0.6945762634277344,0.70297771692276]",1.1920928955078125e-07,0.0,0.0,False,False,0.006357476115226746
284,5,33,False,"[0.0552045562426115,1.45562390205918,1.273673867042896,-1.0726733988462667,0.029091717826497276,1.3324181871133476,0.5937224368422722,-0.004485233437002911,-0.015225460863107054,0.016751551414285526,-0.011304763786995598,0.0016293406573242852,-0.0005748771788715579,1.0150978637441188]","[0.05455487594008446,1.4564111232757568,1.2735941410064697,-1.070806860923767,0.03128359839320183,1.3306418657302856]",0.020559778437018394,"[-0.0039075640961527824,-0.012476922944188118,0.017841577529907227,-0.009138778783380985,-0.0005515273660421371,-0.0002126402105204761]",0.04378778859972954,"[-0.31345993280410767,-0.17921008169651031,1.0464372634887695,0.7120282053947449,0.009284981526434422,0.6696189045906067,0.21104514598846436]","[0.30083024501800537,-0.3541136682033539,0.9276552796363831,0.7081467509269714,0.007397177163511515,-0.007578439079225063,0.7059857249259949]","[-0.30055952072143555,-0.1307515799999237,0.7805473208427429]","[0.034788839519023895,0.14891435205936432,0.6945644021034241,0.7029896974563599]",-5.960464477539063e-08,0.0,0.0,False,False,0.004563868977129459
285,5,34,False,"[0.05974178979456357,1.4529454694077768,1.274597964818661,-1.0847042867674666,0.01635406425332181,1.3443256402449038,0.6078838927339504,-0.00817259265054976,-0.032010448905100075,0.009634364886036972,-0.023038469171197076,0.013812619523924208,-0.001647785053993489,1.0191902173471383]","[0.059205420315265656,1.4533350467681885,1.2743951082229614,-1.0829848051071167,0.01823536865413189,1.3425811529159546]",0.02147456631064415,"[-0.007702518254518509,-0.029685087502002716,0.010554777458310127,-0.02129022218286991,0.012006985023617744,-0.0014635883271694183]",0.043867580592632294,"[-0.3150002360343933,-0.180905282497406,1.0470606088638306,0.7070990204811096,0.008658633567392826,0.6760748028755188,0.2070237696170807]","[0.3015536665916443,-0.3546631634235382,0.9253073930740356,0.7139075994491577,0.006192588713020086,-0.007196571212261915,0.7001754641532898]","[-0.30055949091911316,-0.1307513415813446,0.7805474996566772]","[0.03479050472378731,0.14891482889652252,0.6945710778236389,0.7029829025268555]",1.1920928955078125e-07,0.0,0.0,False,False,0.003857748582959175
286,5,35,False,"[0.061784079711182854,1.459663072182587,1.2789927582197467,-1.0922422947041186,0.010964147206762698,1.356008434884553,0.6163548521110566,-0.009312508298252226,-0.03781841015425558,0.007083674053029232,-0.02791990064940582,0.0182624264612255,-0.0017732709075342634,1.0205315210690578]","[0.061512574553489685,1.4589647054672241,1.2783839702606201,-1.091064214706421,0.011879980564117432,1.3542962074279785]",0.02220500260591507,"[-0.009137392975389957,-0.03685742989182472,0.007488820236176252,-0.027080953121185303,0.017476161941885948,-0.0017332774586975574]",0.04391312971711159,"[-0.3158417344093323,-0.18035414814949036,1.046534776687622,0.7048097848892212,0.008369148708879948,0.6802441477775574,0.20109935104846954]","[0.30184680223464966,-0.3548755645751953,0.9242475032806396,0.7163260579109192,0.0055095124989748,-0.0066822911612689495,0.6977118849754333]","[-0.3005593419075012,-0.13075095415115356,0.7805474996566772]","[0.034788280725479126,0.14891831576824188,0.6945825219154358,0.7029710412025452]",1.1920928955078125e-07,0.0,0.0,False,False,0.0026788711547851562
287,5,36,False,"[0.06302138840020782,1.4674987856235184,1.283493819939183,-1.0982295600028422,0.008041278439563815,1.366628438560455,0.624179345792643,-0.00995892043585192,-0.04144537635109402,0.005452563130729726,-0.03129716777831012,0.021084764787999755,-0.0021144025645323805,1.0214070741057952]","[0.06286125630140305,1.4664918184280396,1.2828799486160278,-1.0972994565963745,0.00852460227906704,1.3650555610656738]",0.02281513437628746,"[-0.009870260022580624,-0.04089967533946037,0.00568224536255002,-0.030765777453780174,0.020630789920687675,-0.002065506763756275]",0.04394535347819328,"[-0.31637492775917053,-0.17923331260681152,1.045727014541626,0.7036792635917664,0.008299080654978752,0.6831796765327454,0.1950182467699051]","[0.3020068407058716,-0.35498571395874023,0.9235823750495911,0.7176855802536011,0.0048813424073159695,-0.00627979775890708,0.6963218450546265]","[-0.3005593419075012,-0.13075107336044312,0.7805474996566772]","[0.03478725999593735,0.1489170640707016,0.6945793032646179,0.7029745578765869]",1.1920928955078125e-07,0.0,0.0,False,False,0.0024607181549072266
288,5,37,False,"[0.06327192355652267,1.4803259663919635,1.2895352932385564,-1.1031173714626075,0.007303685509441216,1.3784103889955823,0.6309632873477043,-0.010175404338848809,-0.04357055231017992,0.004035394625096167,-0.031837011634765496,0.022402401000009287,-0.0013678830941998288,1.021900532603543]","[0.06322618573904037,1.4787235260009766,1.2887462377548218,-1.1023365259170532,0.007457326631993055,1.3767067193984985]",0.0233281459659338,"[-0.010143562220036983,-0.043254122138023376,0.004227814730256796,-0.031703364104032516,0.022179480642080307,-0.0014566914178431034]",0.04396570473909378,"[-0.3166453540325165,-0.17702971398830414,1.0441354513168335,0.7035120129585266,0.008173070847988129,0.685495913028717,0.18734796345233917]","[0.3020773231983185,-0.3550221025943756,0.9231758117675781,0.7183182835578918,0.00508973840624094,-0.006050718482583761,0.6956695914268494]","[-0.30055952072143555,-0.13075152039527893,0.7805473208427429]","[0.03478844836354256,0.14891402423381805,0.6945660710334778,0.7029882073402405]",-5.960464477539063e-08,0.0,0.0,False,False,0.0029914379119873047
289,5,38,False,"[0.06329782024263766,1.492293962915726,1.2943294690907237,-1.1079352734107433,0.0068536138011631165,1.3893916244191653,0.6369140960141745,-0.010215041675798758,-0.045811879602988936,0.0026625696295984325,-0.03255036721941858,0.023631466109986954,-0.0006390474186921957,1.0224840922021103]","[0.06328888237476349,1.4906814098358154,1.2936928272247314,-1.1071834564208984,0.0069299256429076195,1.3877736330032349]",0.023766376078128815,"[-0.010209880769252777,-0.04550721123814583,0.002841932000592351,-0.03244592621922493,0.023448355495929718,-0.0007431498379446566]",0.04397890716791153,"[-0.31681081652641296,-0.17494013905525208,1.0423369407653809,0.7035809755325317,0.007798993494361639,0.6875137090682983,0.1795489639043808]","[0.3021199703216553,-0.3550560474395752,0.9228034615516663,0.7187802791595459,0.005393381230533123,-0.005842708516865969,0.6951917409896851]","[-0.3005594313144684,-0.13075128197669983,0.7805473804473877]","[0.03478643298149109,0.1489148736000061,0.6945725083351135,0.7029817700386047]",0.0,0.0,0.0,False,False,0.0029178857803344727
290,5,39,False,"[0.06350838151225718,1.505393026718632,1.300263343134157,-1.113621165304244,0.006315502714364152,1.4023928424165182,0.6442523636580666,-0.010287620707957995,-0.047741773276287924,0.0009539607382559323,-0.032521655163831945,0.02488120836109592,0.00026535932844129473,1.023044717618935]","[0.06348372250795364,1.5036455392837524,1.29951012134552,-1.1127583980560303,0.006392846815288067,1.4005279541015625]",0.024185488000512123,"[-0.010281659662723541,-0.047474734485149384,0.0011700636241585016,-0.03251657262444496,0.02470051310956478,0.0001369291712762788]",0.04398708790540695,"[-0.31702443957328796,-0.17268124222755432,1.0404763221740723,0.7036523222923279,0.007667858619242907,0.6896448731422424,0.17089340090751648]","[0.3021630048751831,-0.35505375266075134,0.92237788438797,0.7192371487617493,0.005793139338493347,-0.005612596403807402,0.6947177052497864]","[-0.3005593717098236,-0.13075095415115356,0.7805474996566772]","[0.03478758782148361,0.1489156186580658,0.6945821642875671,0.7029719948768616]",1.1920928955078125e-07,0.0,0.0,False,False,0.0031578540802001953
291,5,40,False,"[0.0636716198212853,1.5193936544179656,1.306091513070466,-1.1189819822477929,0.006668655403648138,1.414274522483882,0.6483186744707482,-0.010395945144818536,-0.049271354820482394,-0.00017889520647884627,-0.03234890641419576,0.025661020166898474,0.0012026349955274185,1.0235724771867922]","[0.06364833563566208,1.5175273418426514,1.3053382635116577,-1.118143081665039,0.006633209064602852,1.4125208854675293]",0.024525195360183716,"[-0.010384729132056236,-0.049059007316827774,-1.8717684724833816e-05,-0.03237167000770569,0.025540102273225784,0.0010668965987861156]",0.043991848826408386,"[-0.3172185719013214,-0.1702568531036377,1.0383553504943848,0.7040249109268188,0.007046636193990707,0.6913756728172302,0.16216884553432465]","[0.30219703912734985,-0.3550623059272766,0.9221080541610718,0.7195600867271423,0.0063224309124052525,-0.005477352067828178,0.6943796873092651]","[-0.30055949091911316,-0.13075147569179535,0.7805473208427429]","[0.034787409007549286,0.14891357719898224,0.6945672035217285,0.7029871940612793]",-5.960464477539063e-08,0.0,0.0,False,False,0.003389596939086914
292,5,41,False,"[0.06368042416186476,1.535904854786361,1.3131496866808192,-1.1254002032775223,0.0076181249328936,1.4272811109336483,0.6524394989859552,-0.01038277667394824,-0.05068588405385199,-0.0010666050986215536,-0.03227151517163976,0.02607327667028858,0.0019691107774023053,1.0236910966882342]","[0.06367243081331253,1.5337315797805786,1.3122525215148926,-1.1244215965270996,0.00749314995482564,1.4253978729248047]",0.02481747418642044,"[-0.010384313762187958,-0.05049321800470352,-0.0009429847705177963,-0.0322854146361351,0.02600608952343464,0.001854179659858346]",0.04399474337697029,"[-0.31738123297691345,-0.167434424161911,1.0358667373657227,0.7046806216239929,0.006045202724635601,0.6929601430892944,0.152298241853714]","[0.30221027135849,-0.3550795316696167,0.9219109416007996,0.7197170257568359,0.006819500587880611,-0.005411712918430567,0.6942129135131836]","[-0.30055946111679077,-0.1307513266801834,0.7805474996566772]","[0.03479032963514328,0.14891499280929565,0.6945710778236389,0.7029829025268555]",1.1920928955078125e-07,0.0,0.0,False,False,0.003959298133850098
293,5,42,False,"[0.06344560791255244,1.5533817379385693,1.321141472089073,-1.1319276240225098,0.00887492602746881,1.4405970645184092,0.6544985935388705,-0.010375181343350859,-0.0516138520107311,-0.0014394918603469753,-0.03145734639058652,0.026243310844671852,0.0031204392409716064,1.0233691162970384]","[0.06346500664949417,1.5510425567626953,1.3201318979263306,-1.1309096813201904,0.008700311183929443,1.4386578798294067]",0.025036359205842018,"[-0.010376964695751667,-0.05148383975028992,-0.001373583567328751,-0.03156082704663277,0.026213515549898148,0.002959068398922682]",0.04399668052792549,"[-0.31748276948928833,-0.16437360644340515,1.0332952737808228,0.7054826021194458,0.005146460607647896,0.69432532787323,0.1420566439628601]","[0.3022153675556183,-0.35510683059692383,0.9219093918800354,0.7197778820991516,0.007675785571336746,-0.0054780906066298485,0.6941403150558472]","[-0.3005593419075012,-0.13075102865695953,0.7805474996566772]","[0.034787386655807495,0.14891967177391052,0.6945809721946716,0.7029722929000854]",1.1920928955078125e-07,0.0,0.0,False,False,0.004221677780151367
294,5,43,False,"[0.06300329191953075,1.5714737505980643,1.328862481673117,-1.138756605551968,0.010404987802174415,1.4549000481825716,0.6583270431622728,-0.010232402450166128,-0.05229740372602898,-0.001557985854342414,-0.030778065968658334,0.026572819106415124,0.003991056144480365,1.0232225226590728]","[0.0630476325750351,1.5690425634384155,1.3278692960739136,-1.1376949548721313,0.010189887136220932,1.4528279304504395]",0.02525179274380207,"[-0.010250294581055641,-0.05220288038253784,-0.0015312758041545749,-0.03087594173848629,0.026527270674705505,0.003859563497826457]",0.04399795085191727,"[-0.31751731038093567,-0.16126295924186707,1.0304397344589233,0.7064201831817627,0.004249913617968559,0.6955497860908508,0.13100725412368774]","[0.3022121489048004,-0.35513758659362793,0.9219760894775391,0.7198341488838196,0.008445512503385544,-0.005601059645414352,0.6940720677375793]","[-0.300559401512146,-0.13075095415115356,0.7805474400520325]","[0.034785136580467224,0.14891178905963898,0.6945821642875671,0.702972948551178]",5.960464477539063e-08,0.0,0.0,False,False,0.0044023990631103516
295,5,44,False,"[0.06209416623621716,1.5891189942549908,1.3366569950549811,-1.1454572977782083,0.011630285100583448,1.4681467703847741,0.660589618669923,-0.010050490094842102,-0.052806241278668176,-0.001785645821303472,-0.030301353037268497,0.027164495925165566,0.004318832582017429,1.0231363843232784]","[0.06219259276986122,1.5867133140563965,1.3356666564941406,-1.1444061994552612,0.01144979428499937,1.4661922454833984]",0.025428729131817818,"[-0.010075333528220654,-0.052734941244125366,-0.0017551573691889644,-0.030374344438314438,0.02708364464342594,0.004260356072336435]",0.04399879649281502,"[-0.317423552274704,-0.15821658074855804,1.0276333093643188,0.7072875499725342,0.003385451389476657,0.6966162919998169,0.12024321407079697]","[0.30221137404441833,-0.35515305399894714,0.9219886064529419,0.7199611067771912,0.008881362155079842,-0.00574363861232996,0.6939337253570557]","[-0.3005593419075012,-0.13075117766857147,0.7805474400520325]","[0.03478675335645676,0.14891959726810455,0.694576621055603,0.7029765844345093]",5.960464477539063e-08,0.0,0.0,False,False,0.004319906234741211
296,5,45,False,"[0.06113837963556484,1.6090266413864693,1.346534371890581,-1.1529849968365125,0.013188713006318797,1.4830428496499377,0.6626154087733046,-0.009966426835617909,-0.05359725078234756,-0.00221489243642492,-0.02939490520745316,0.027773514450544434,0.004846137252895066,1.0224192476085523]","[0.06124791502952576,1.606367826461792,1.3452959060668945,-1.1518195867538452,0.012970440089702606,1.4808930158615112]",0.025577297434210777,"[-0.009980716742575169,-0.0534961111843586,-0.002157530514523387,-0.029518915340304375,0.027686230838298798,0.00477151945233345]",0.04399922490119934,"[-0.31731584668159485,-0.15475913882255554,1.0247021913528442,0.7082584500312805,0.0027310342993587255,0.6975343823432922,0.10866530984640121]","[0.30221977829933167,-0.3551699221134186,0.9219920635223389,0.7201295495033264,0.009501607157289982,-0.005989616736769676,0.6937486529350281]","[-0.3005593717098236,-0.1307508945465088,0.7805474996566772]","[0.03478818014264107,0.14891505241394043,0.6945840120315552,0.7029702663421631]",1.1920928955078125e-07,0.0,0.0,False,False,0.0047948360443115234
297,5,46,False,"[0.059782553386229675,1.6270268301019801,1.3543275412787112,-1.159655599686762,0.0150680956521696,1.4954467312911177,0.6637074651864925,-0.009954407160007811,-0.05484376174167138,-0.0027469827397225144,-0.0281383468555629,0.028583466908019994,0.005250230781546239,1.0218687359085046]","[0.05993569642305374,1.6245461702346802,1.3533122539520264,-1.158592939376831,0.014805256389081478,1.493590235710144]",0.025692572817206383,"[-0.009959439747035503,-0.054686129093170166,-0.002671436406672001,-0.028312457725405693,0.02847013622522354,0.005189295392483473]",0.043999552726745605,"[-0.3170601427555084,-0.15167009830474854,1.021693229675293,0.7093362212181091,0.0016857703449204564,0.698047935962677,0.09781735390424728]","[0.3022400736808777,-0.35520434379577637,0.9220237135887146,0.7203824520111084,0.010327359661459923,-0.006501282565295696,0.6934696435928345]","[-0.30055949091911316,-0.13075125217437744,0.7805474996566772]","[0.03479018062353134,0.1489151418209076,0.6945734024047852,0.7029805779457092]",1.1920928955078125e-07,0.0,0.0,False,False,0.004451870918273926
298,5,47,False,"[0.05884146453786615,1.6452222642224101,1.3620816507529079,-1.166404127615587,0.01684568904164413,1.5087168499695556,0.6651573440145668,-0.010144526253766079,-0.056759544446431165,-0.003266224230192183,-0.026975248589628298,0.02932604340236189,0.005463866410993556,1.0214980380267114]","[0.05895640328526497,1.642743706703186,1.361092448234558,-1.1653460264205933,0.016589170321822166,1.506786823272705]",0.025791114196181297,"[-0.010124648921191692,-0.056516505777835846,-0.0031885497737675905,-0.027142895385622978,0.029218364506959915,0.005428975913673639]",0.04399939253926277,"[-0.3168949484825134,-0.14864236116409302,1.0185586214065552,0.710368812084198,0.0006188088445924222,0.6984522938728333,0.08683326840400696]","[0.3022766709327698,-0.3552749752998352,0.9220987558364868,0.7206842303276062,0.011303427629172802,-0.007285986561328173,0.6931329369544983]","[-0.30055952072143555,-0.13075141608715057,0.7805474996566772]","[0.0347914844751358,0.14891432225704193,0.6945688128471375,0.7029852271080017]",1.1920928955078125e-07,0.0,0.0,False,False,0.004466056823730469
299,5,48,False,"[0.05776841046306097,1.662168753862129,1.3686633845132294,-1.171809774438502,0.018310857188056973,1.520194889172398,0.6634884075944123,-0.010186026894732692,-0.05873545021389992,-0.003868002387394598,-0.025853136211809832,0.03028251029725937,0.005610036062540791,1.0211831653652976]","[0.05789340287446976,1.6598299741744995,1.367822289466858,-1.1709262132644653,0.018095027655363083,1.5184845924377441]",0.02581336349248886,"[-0.010181133635342121,-0.05847441032528877,-0.003782763611525297,-0.026015503332018852,0.030148250982165337,0.005587058607488871]",0.04399937763810158,"[-0.3166939914226532,-0.14582304656505585,1.015420913696289,0.7112677097320557,-0.0005137508269399405,0.6987148523330688,0.07678130269050598]","[0.30230823159217834,-0.3553473949432373,0.9221528768539429,0.7210103869438171,0.012254822067916393,-0.008099918253719807,0.6927684545516968]","[-0.300559401512146,-0.13075082004070282,0.7805474996566772]","[0.034789834171533585,0.14892035722732544,0.6945855021476746,0.7029675245285034]",1.1920928955078125e-07,0.0,0.0,False,False,0.004204154014587402
300,5,49,False,"[0.057202422632272265,1.677084673488101,1.3742584161667115,-1.1763025223845425,0.02007572238809524,1.531109090768894,0.6599846612159672,-0.010445625948439619,-0.06013211367795179,-0.004755980015586414,-0.025081016020369426,0.031332895682402606,0.005778097542528893,1.0210838193118064]","[0.05727443844079971,1.6749948263168335,1.373553991317749,-1.1755640506744385,0.019826017320156097,1.52949857711792]",0.025749197229743004,"[-0.010417064651846886,-0.05993484705686569,-0.0046437582932412624,-0.025201434269547462,0.031183812767267227,0.005753864999860525]",0.04399915039539337,"[-0.3165973424911499,-0.14335346221923828,1.0125340223312378,0.7121800780296326,-0.0013724127784371376,0.6987158060073853,0.06777701526880264]","[0.30236026644706726,-0.3553719222545624,0.922049343585968,0.7214406132698059,0.012824821285903454,-0.008533579297363758,0.6923048496246338]","[-0.30055931210517883,-0.13075114786624908,0.7805474400520325]","[0.03478291630744934,0.1489153951406479,0.6945770382881165,0.7029773592948914]",5.960464477539063e-08,0.0,0.0,False,True,0.0037398338317871094
