policy_step,act_chunk_number,act_chunk_index,act_chunk_refresh,act_action_14d,left_arm_joints,left_gripper,right_arm_joints,right_gripper,left_end_effector_pose,right_end_effector_pose,coin_position,coin_orientation_wxyz,coin_z_delta,reward,score,success,episode_ended,max_internal_tracking_error
1,0,0,True,"[-0.034056052565574646,0.004627346992492676,0.003808140754699707,-0.05668991804122925,-0.025294840335845947,0.023091167211532593,1.0519039630889893,0.025700688362121582,-0.034722089767456055,-0.008010327816009521,-0.03931809961795807,0.006182491779327393,-0.041544824838638306,0.9813822507858276]","[-0.030008070170879364,0.004192587919533253,0.003034398425370455,-0.04956884682178497,-0.022026563063263893,0.020149365067481995]",0.04398283734917641,"[0.022675983607769012,-0.030538471415638924,-0.007254635449498892,-0.03436678647994995,0.005343869794160128,-0.03625044971704483]",0.04359190911054611,"[-0.2972373068332672,-0.3524034023284912,0.9174202680587769,0.7097280621528625,-0.010313112288713455,0.02548336423933506,0.7039390206336975]","[0.2984389662742615,-0.3535638153553009,0.9180561900138855,0.7006468176841736,-0.016674889251589775,-0.009066140279173851,0.7132556438446045]","[-0.30055955052375793,-0.13075155019760132,0.7805474400520325]","[0.034793272614479065,0.14891856908798218,0.6945655941963196,0.7029874324798584]",5.960464477539063e-08,0.0,0.0,False,False,0.011339578777551651
2,0,1,False,"[-0.03629833832383156,0.04933667182922363,0.03894597291946411,-0.07502659410238266,-0.02345907688140869,0.06506553292274475,1.0627338886260986,0.023559652268886566,-0.053082406520843506,-0.00995779037475586,-0.039261866360902786,0.00613132119178772,-0.038810908794403076,0.9869916439056396]","[-0.03556916117668152,0.04390008747577667,0.0349222794175148,-0.07168393582105637,-0.023260854184627533,0.05934091657400131]",0.04397821053862572,"[0.02345823124051094,-0.05044938251376152,-0.009541742503643036,-0.03860444948077202,0.006029636133462191,-0.0384865328669548]",0.04348998889327049,"[-0.2967129647731781,-0.35192984342575073,0.9230930805206299,0.7112680673599243,-0.0065664006397128105,0.050153251737356186,0.7010985612869263]","[0.29840487241744995,-0.35447096824645996,0.918382465839386,0.7006959915161133,-0.012658742256462574,-0.014528008177876472,0.7131996154785156]","[-0.300559401512146,-0.13075119256973267,0.7805474400520325]","[0.03478574380278587,0.14891427755355835,0.6945751905441284,0.7029792070388794]",5.960464477539063e-08,0.0,0.0,False,False,0.009018491953611374
3,0,2,False,"[-0.036755070090293884,0.0954521894454956,0.07019683718681335,-0.10199692100286484,-0.024910926818847656,0.10776299238204956,1.0739247798919678,0.022333204746246338,-0.05268818140029907,-0.008292198181152344,-0.037620119750499725,0.011237889528274536,-0.035717517137527466,0.9892500638961792]","[-0.03662116825580597,0.08937320858240128,0.06597524136304855,-0.098115473985672,-0.02469361573457718,0.10159213095903397]",0.04398598149418831,"[0.022454414516687393,-0.05242886766791344,-0.008434447459876537,-0.03773927688598633,0.01058228500187397,-0.03607023507356644]",0.04346247762441635,"[-0.29660943150520325,-0.35078272223472595,0.9275954365730286,0.7110893726348877,-0.005507555324584246,0.07979491353034973,0.6985372304916382]","[0.29863670468330383,-0.3546469807624817,0.9189909100532532,0.7027122378349304,-0.010426280088722706,-0.015003315173089504,0.7112395167350769]","[-0.30055922269821167,-0.13075074553489685,0.7805474996566772]","[0.03478223457932472,0.14891687035560608,0.6945885419845581,0.7029656171798706]",1.1920928955078125e-07,0.0,0.0,False,False,0.010232269763946533
4,0,3,False,"[-0.03838122636079788,0.15324383974075317,0.11029514670372009,-0.12903892993927002,-0.02584826946258545,0.1644550859928131,1.0857797861099243,0.0201646089553833,-0.05880707502365112,-0.008343279361724854,-0.038128700107336044,0.013073563575744629,-0.03438636660575867,0.9963092803955078]","[-0.03818373382091522,0.14568285644054413,0.10510196536779404,-0.125037282705307,-0.02569085918366909,0.1564432978630066]",0.043996863067150116,"[0.020427849143743515,-0.058053795248270035,-0.008346271701157093,-0.03807215765118599,0.012763941660523415,-0.03460051119327545]",0.04359651356935501,"[-0.29640889167785645,-0.3488292396068573,0.9338980913162231,0.7112208604812622,-0.0010262858122587204,0.11486122012138367,0.6935204863548279]","[0.29889950156211853,-0.3549516201019287,0.9194115996360779,0.7042397856712341,-0.008002009242773056,-0.016324428841471672,0.7097293734550476]","[-0.30055949091911316,-0.1307511031627655,0.7805474400520325]","[0.03479164466261864,0.14892078936100006,0.6945769190788269,0.702975869178772]",5.960464477539063e-08,0.0,0.0,False,False,0.012700676918029785
5,0,4,False,"[-0.046893320977687836,0.279144287109375,0.19799736142158508,-0.18715855479240417,-0.016136854887008667,0.25223755836486816,1.0894534587860107,0.01619424670934677,-0.07228779792785645,-0.021119356155395508,-0.04373221471905708,0.009164243936538696,-0.0297868549823761,1.0100317001342773]","[-0.045912887901067734,0.2633264660835266,0.1872325837612152,-0.179063081741333,-0.017315592616796494,0.240029439330101]",0.04399619996547699,"[0.016697805374860764,-0.0705459713935852,-0.019757946953177452,-0.04307207465171814,0.00962841883301735,-0.030400337651371956]",0.04375699162483215,"[-0.29511216282844543,-0.34289810061454773,0.9470246434211731,0.7165235877037048,-0.001314803957939148,0.17486080527305603,0.6752894520759583]","[0.29916077852249146,-0.35480690002441406,0.9160029292106628,0.7044509053230286,-0.007944169454276562,-0.013478279113769531,0.70958012342453]","[-0.3005593717098236,-0.13075104355812073,0.7805474996566772]","[0.034787967801094055,0.14891627430915833,0.6945799589157104,0.7029740214347839]",1.1920928955078125e-07,0.0,0.0,False,False,0.026639968156814575
6,0,5,False,"[-0.046911824494600296,0.38487520813941956,0.2703799903392792,-0.2467823028564453,-0.012621551752090454,0.3417030870914459,1.1062818765640259,0.014370694756507874,-0.06604522466659546,-0.014036357402801514,-0.03808796778321266,0.005777895450592041,-0.034755438566207886,1.015208125114441]","[-0.04683070257306099,0.3706223666667938,0.26055479049682617,-0.2380322962999344,-0.013199836947023869,0.32874566316604614]",0.04399999976158142,"[0.014651878736913204,-0.06663887202739716,-0.014555775560438633,-0.03866838663816452,0.006268684286624193,-0.03419989347457886]",0.04385604336857796,"[-0.2945561110973358,-0.33563777804374695,0.95688396692276,0.7178197503089905,-0.0012983281631022692,0.2363973706960678,0.6548659205436707]","[0.2992607355117798,-0.3549712300300598,0.9178962111473083,0.7039924263954163,-0.007245597429573536,-0.016834480687975883,0.7099708914756775]","[-0.30055949091911316,-0.13075149059295654,0.7805473208427429]","[0.03478788211941719,0.14891399443149567,0.6945667266845703,0.702987551689148]",-5.960464477539063e-08,0.0,0.0,False,False,0.02423495054244995
7,0,6,False,"[-0.05011805146932602,0.48061683773994446,0.34746599197387695,-0.3074440062046051,-0.006318479776382446,0.41978970170021057,1.111635684967041,0.012593768537044525,-0.04490536451339722,-0.013889491558074951,-0.03337446600198746,0.004427134990692139,-0.041196227073669434,1.0238372087478638]","[-0.04977341368794441,0.4677034914493561,0.33732420206069946,-0.29841187596321106,-0.007171789649873972,0.4081873297691345]",0.04399999976158142,"[0.012840677984058857,-0.04744958505034447,-0.014058254659175873,-0.0340866819024086,0.004662750288844109,-0.040304433554410934]",0.043914731591939926,"[-0.2936493754386902,-0.327666312456131,0.9679886102676392,0.7203506827354431,-0.00012332542974036187,0.28847402334213257,0.6307753324508667]","[0.2993738055229187,-0.3540093004703522,0.9170588850975037,0.7039542198181152,-0.014436115510761738,-0.0140653932467103,0.7099592685699463]","[-0.30055949091911316,-0.1307511329650879,0.7805474996566772]","[0.03479041904211044,0.14891456067562103,0.6945763826370239,0.7029777765274048]",1.1920928955078125e-07,0.0,0.0,False,False,0.021954238414764404
8,0,7,False,"[-0.049070343375205994,0.6351333856582642,0.4477027654647827,-0.4001882076263428,-0.009278565645217896,0.5449356436729431,1.1077440977096558,0.01253124326467514,-0.05766415596008301,-0.01363438367843628,-0.036146726459264755,0.010683268308639526,-0.04894319176673889,1.031314492225647]","[-0.049187399446964264,0.6156060099601746,0.4347270131111145,-0.3869767487049103,-0.009001064114272594,0.5275041460990906]",0.04399999976158142,"[0.012555811554193497,-0.0564744807779789,-0.013611833564937115,-0.03585625812411308,0.009922006167471409,-0.047841690480709076]",0.04395122826099396,"[-0.2930619418621063,-0.31311172246932983,0.976952850818634,0.7183841466903687,-0.005157688166946173,0.37008583545684814,0.589011013507843]","[0.29955971240997314,-0.3545052707195282,0.9177228808403015,0.705921471118927,-0.01438355166465044,-0.019385654479265213,0.707878589630127]","[-0.3005593717098236,-0.1307508945465088,0.7805474996566772]","[0.03478740155696869,0.14891481399536133,0.6945840120315552,0.7029702663421631]",1.1920928955078125e-07,0.0,0.0,False,False,0.033627867698669434
9,0,8,False,"[-0.050428736954927444,0.7641571760177612,0.5457794666290283,-0.47953686118125916,-0.0036860108375549316,0.6657183766365051,1.106445550918579,0.0019374936819076538,-0.054058611392974854,-0.021270811557769775,-0.02315589040517807,0.004629015922546387,-0.03847786784172058,1.028581976890564]","[-0.05033988878130913,0.7467933297157288,0.532932698726654,-0.4674055576324463,-0.004347757901996374,0.6481009125709534]",0.04399999976158142,"[0.0031946031376719475,-0.054327305406332016,-0.020415611565113068,-0.024802889674901962,0.005320728290826082,-0.039671413600444794]",0.043971315026283264,"[-0.29198867082595825,-0.2975340783596039,0.986659824848175,0.7192038297653198,-0.0007615596987307072,0.437253475189209,0.5399580597877502]","[0.30031847953796387,-0.3539528250694275,0.9163200855255127,0.7076687812805176,-0.010803623124957085,-0.01721760258078575,0.7062518000602722]","[-0.30055949091911316,-0.13075147569179535,0.7805473208427429]","[0.03478753939270973,0.1489136964082718,0.6945674419403076,0.7029868960380554]",-5.960464477539063e-08,0.0,0.0,False,False,0.029902637004852295
10,0,9,False,"[-0.050105661153793335,0.8680957555770874,0.6164728403091431,-0.5476779937744141,0.002609044313430786,0.7352801561355591,1.1049232482910156,0.010988794267177582,-0.06398224830627441,-0.003004908561706543,-0.027139823883771896,0.009170204401016235,-0.03919023275375366,1.0349739789962769]","[-0.050179507583379745,0.854078471660614,0.6066252589225769,-0.5372164249420166,0.001733745913952589,0.7241699695587158]",0.04399999976158142,"[0.010063426569104195,-0.06293492019176483,-0.004788322374224663,-0.02671978622674942,0.008668099530041218,-0.03925151750445366]",0.0439765602350235,"[-0.29116010665893555,-0.2839789092540741,0.9905046820640564,0.7200129628181458,-0.00933307409286499,0.4842364192008972,0.4970002770423889]","[0.29977166652679443,-0.35549196600914,0.9220779538154602,0.7065030336380005,-0.0026492311153560877,-0.024888979271054268,0.7072671055793762]","[-0.30055949091911316,-0.1307513415813446,0.7805474996566772]","[0.034790799021720886,0.1489146202802658,0.694571316242218,0.7029827833175659]",1.1920928955078125e-07,0.0,0.0,False,False,0.024435043334960938
11,0,10,False,"[-0.047108232975006104,1.0096263885498047,0.7377722859382629,-0.624996542930603,0.00047510862350463867,0.8644406199455261,1.1096543073654175,0.005007714033126831,-0.05439502000808716,-0.010503113269805908,-0.02492927759885788,0.014410257339477539,-0.04769265651702881,1.0510308742523193]","[-0.047510117292404175,0.9913923144340515,0.7228154540061951,-0.6132711172103882,0.0006304506096057594,0.8465529084205627]",0.04399999976158142,"[0.005593238864094019,-0.05531848594546318,-0.010073424316942692,-0.02524445950984955,0.013693149201571941,-0.04661572724580765]",0.04399319738149643,"[-0.29060861468315125,-0.2622292935848236,1.0007472038269043,0.7178546190261841,0.00021083763567730784,0.5377838015556335,0.4421234726905823]","[0.30033501982688904,-0.35469815135002136,0.9198612570762634,0.7097966074943542,-0.009404807351529598,-0.023414229974150658,0.7039546370506287]","[-0.3005593419075012,-0.13075098395347595,0.7805474996566772]","[0.03478807583451271,0.14891846477985382,0.6945821046829224,0.702971339225769]",1.1920928955078125e-07,0.0,0.0,False,False,0.03151732683181763
12,0,11,False,"[-0.055040355771780014,1.1023379564285278,0.7787715792655945,-0.6581935286521912,0.006636857986450195,0.9190806150436401,1.1080806255340576,0.01936788111925125,-0.04226726293563843,-0.004636168479919434,-0.00922939833253622,0.001010984182357788,-0.050827234983444214,1.058433175086975]","[-0.05421072244644165,1.0897520780563354,0.772121787071228,-0.6522389054298401,0.005890596192330122,0.909838855266571]",0.04399999976158142,"[0.017775101587176323,-0.04387473687529564,-0.0051061599515378475,-0.011214903555810452,0.0025865521747618914,-0.05029270797967911]",0.04398316890001297,"[-0.28840383887290955,-0.24757608771324158,0.9964614510536194,0.7198185324668884,-0.0059328279457986355,0.5696513652801514,0.3966400921344757]","[0.29884782433509827,-0.3544425368309021,0.9220387935638428,0.7015678882598877,-0.0078008719719946384,-0.027551820501685143,0.7120270729064941]","[-0.30055946111679077,-0.13075116276741028,0.7805474996566772]","[0.034789711236953735,0.14891529083251953,0.6945760250091553,0.7029779553413391]",1.1920928955078125e-07,0.0,0.0,False,False,0.02265632152557373
13,0,12,False,"[-0.0434487946331501,1.2316974401474,0.8757915496826172,-0.740781843662262,0.010389477014541626,1.0300822257995605,1.107330322265625,0.0174306258559227,-0.04047858715057373,0.008336484432220459,-0.01792187988758087,0.011642217636108398,-0.049571216106414795,1.0538127422332764]","[-0.044727873057127,1.2151103019714355,0.8639208078384399,-0.7290292382240295,0.00979649368673563,1.0147457122802734]",0.04399999976158142,"[0.017455318942666054,-0.040903497487306595,0.006812163162976503,-0.017023228108882904,0.010497196577489376,-0.049662794917821884]",0.0439944714307785,"[-0.2893145680427551,-0.22731931507587433,0.9959798455238342,0.7178167104721069,-0.009714428335428238,0.6098313927650452,0.33578330278396606]","[0.29911866784095764,-0.3550769090652466,0.9252939224243164,0.7045083045959473,-0.006491017062216997,-0.028311198577284813,0.7091010212898254]","[-0.3005594313144684,-0.13075131177902222,0.7805474400520325]","[0.034788042306900024,0.1489168107509613,0.6945725679397583,0.7029811143875122]",5.960464477539063e-08,0.0,0.0,False,False,0.029071450233459473
14,0,13,False,"[-0.038723040372133255,1.319159984588623,0.9290233850479126,-0.779933750629425,0.022920846939086914,1.0735167264938354,1.0765671730041504,0.01897498220205307,-0.052994370460510254,0.0031366944313049316,-0.013009520247578621,0.019392818212509155,-0.049805015325546265,1.0527491569519043]","[-0.03944933041930199,1.307100772857666,0.9215595126152039,-0.7731115221977234,0.02124275453388691,1.0660227537155151]",0.04399999976158142,"[0.018777811899781227,-0.051542624831199646,0.0035235092509537935,-0.013532954268157482,0.01826619915664196,-0.04978639632463455]",0.04399225860834122,"[-0.2895696759223938,-0.2122296839952469,0.9915319681167603,0.7197339534759521,-0.020799603313207626,0.627844512462616,0.29556989669799805]","[0.29922589659690857,-0.3554886281490326,0.9253130555152893,0.7068197131156921,-0.0026393537409603596,-0.03200530633330345,0.7066643238067627]","[-0.30055952072143555,-0.13075138628482819,0.7805474400520325]","[0.03478822484612465,0.14891234040260315,0.6945695877075195,0.7029851078987122]",5.960464477539063e-08,0.0,0.0,False,False,0.021395087242126465
15,0,14,False,"[-0.030907917767763138,1.3510068655014038,0.9625723361968994,-0.8081884384155273,0.0173204243183136,1.1118191480636597,1.050811767578125,0.011410847306251526,-0.05627262592315674,-0.00505751371383667,-0.014423612505197525,0.022058576345443726,-0.04380720853805542,1.0523734092712402]","[-0.03186341002583504,1.3457013368606567,0.9579763412475586,-0.8035258054733276,0.017801225185394287,1.1059775352478027]",0.04398178309202194,"[0.012268319725990295,-0.055676110088825226,-0.004146928898990154,-0.01435423456132412,0.021595098078250885,-0.04456864669919014]",0.04399218037724495,"[-0.2912556827068329,-0.20526641607284546,0.9922388195991516,0.7171668410301208,-0.02031560055911541,0.6396539211273193,0.2758656144142151]","[0.2999334931373596,-0.355167418718338,0.9229475259780884,0.7102890014648438,-0.002462520496919751,-0.02859506942331791,0.7033246755599976]","[-0.3005594313144684,-0.13075123727321625,0.7805474400520325]","[0.03478696569800377,0.14891377091407776,0.6945737600326538,0.702980637550354]",5.960464477539063e-08,0.0,0.0,False,False,0.009136676788330078
16,0,15,False,"[-0.04115193709731102,1.4685167074203491,1.0234758853912354,-0.8585100769996643,0.02603885531425476,1.1862496137619019,1.032442569732666,0.01531529426574707,-0.03930985927581787,0.008015871047973633,-0.014740982092916965,0.016490250825881958,-0.06625822186470032,1.0420501232147217]","[-0.040149521082639694,1.4545913934707642,1.0157285928726196,-0.8511537313461304,0.02500741183757782,1.1760125160217285]",0.04399999976158142,"[0.014969363808631897,-0.04130101203918457,0.00671361992135644,-0.014639275148510933,0.017127227038145065,-0.06349318474531174]",0.04398781806230545,"[-0.288347452878952,-0.18849462270736694,0.9814051389694214,0.7191982269287109,-0.027653273195028305,0.659437358379364,0.21709802746772766]","[0.2995469868183136,-0.3550989031791687,0.9255207777023315,0.7076879739761353,-0.010479296557605267,-0.03402142971754074,0.7056276798248291]","[-0.3005593717098236,-0.13075096905231476,0.7805474996566772]","[0.03478759899735451,0.1489158570766449,0.694581925868988,0.7029721140861511]",1.1920928955078125e-07,0.0,0.0,False,False,0.02601909637451172
17,0,16,False,"[-0.02967483550310135,1.4943642616271973,1.0438519716262817,-0.8875696063041687,0.024926453828811646,1.2072854042053223,1.0208618640899658,0.014947675168514252,-0.0461081862449646,0.0013220906257629395,-0.021976947784423828,0.028625965118408203,-0.05897754430770874,1.0422101020812988]","[-0.030819054692983627,1.4893544912338257,1.0408508777618408,-0.8827757239341736,0.0249162707477808,1.2032973766326904]",0.04398095980286598,"[0.014926869422197342,-0.04548417776823044,0.001818729331716895,-0.02109212800860405,0.02717253938317299,-0.05955370515584946]",0.04399462044239044,"[-0.290645569562912,-0.18364869058132172,0.9789193272590637,0.7174968123435974,-0.03560547158122063,0.6669495701789856,0.19775913655757904]","[0.29983997344970703,-0.354984313249588,0.9235525727272034,0.7112219333648682,-0.011719015426933765,-0.029988393187522888,0.7022296786308289]","[-0.30055928230285645,-0.13075105845928192,0.7805474996566772]","[0.03478410840034485,0.14891822636127472,0.6945802569389343,0.702973484992981]",1.1920928955078125e-07,0.0,0.0,False,False,0.008456110954284668
18,0,17,False,"[-0.02871144935488701,1.584110975265503,1.1239724159240723,-0.9472953081130981,0.02555638551712036,1.2731367349624634,0.9405417442321777,0.01383279263973236,-0.06117480993270874,0.0058068037033081055,-0.03528242185711861,0.029139161109924316,-0.05408093333244324,1.0357894897460938]","[-0.028970416635274887,1.5730656385421753,1.1142804622650146,-0.9387109279632568,0.02547358348965645,1.2642269134521484]",0.04270460456609726,"[0.01395568810403347,-0.05934454873204231,0.005409293342381716,-0.033438317477703094,0.028894644230604172,-0.05477814003825188]",0.04399426653981209,"[-0.29068535566329956,-0.16841460764408112,0.9759654998779297,0.7167710065841675,-0.03795537352561951,0.6786602735519409,0.15562444925308228]","[0.299996942281723,-0.35602235794067383,0.9246057271957397,0.7122176885604858,-0.00820010807365179,-0.030045634135603905,0.7012673020362854]","[-0.30055952072143555,-0.13075153529644012,0.7805473208427429]","[0.034788839519023895,0.14891363680362701,0.6945657134056091,0.7029886245727539]",-5.960464477539063e-08,0.0,0.0,False,False,0.019520998001098633
19,0,18,False,"[-0.025763709098100662,1.6007440090179443,1.1274313926696777,-0.9573739171028137,0.03149670362472534,1.2860770225524902,0.9059256911277771,0.013908788561820984,-0.07977604866027832,0.008580029010772705,-0.02391345053911209,0.027908384799957275,-0.05923005938529968,1.0283812284469604]","[-0.026131078600883484,1.5973949432373047,1.1259753704071045,-0.9549246430397034,0.030727993696928024,1.283292531967163]",0.041231170296669006,"[0.013915974646806717,-0.07740838825702667,0.008351723663508892,-0.025062520056962967,0.02803327701985836,-0.05866197124123573]",0.04399595409631729,"[-0.29125773906707764,-0.16548272967338562,0.9723519682884216,0.7179185748100281,-0.04251805320382118,0.6805915236473083,0.13992939889431]","[0.2999951243400574,-0.3573867082595825,0.9277293682098389,0.7119824886322021,0.0010252755600959063,-0.04157333821058273,0.700964629650116]","[-0.30055952072143555,-0.1307513415813446,0.7805474996566772]","[0.034791093319654465,0.1489151120185852,0.6945707201957703,0.7029832005500793]",1.1920928955078125e-07,0.0,0.0,False,False,0.005881667137145996
20,0,19,False,"[-0.02446281909942627,1.6073440313339233,1.1276741027832031,-0.9634841680526733,0.024079173803329468,1.2871403694152832,0.8156222701072693,0.01237499713897705,-0.07161176204681396,-0.01773381233215332,-0.010854809544980526,0.023257195949554443,-0.059313058853149414,1.0306172370910645]","[-0.024631191045045853,1.6060913801193237,1.1275243759155273,-0.9623786211013794,0.024919595569372177,1.28665030002594]",0.03833127021789551,"[0.012566852383315563,-0.07216604799032211,-0.015006234869360924,-0.012821132317185402,0.023863021284341812,-0.05923071503639221]",0.043991293758153915,"[-0.2918415665626526,-0.16501402854919434,0.9703429341316223,0.7154259085655212,-0.04685601964592934,0.6839560270309448,0.1348123848438263]","[0.2999725937843323,-0.3553079068660736,0.9206555485725403,0.7109691500663757,-0.005094780586659908,-0.03619513660669327,0.7022724747657776]","[-0.3005594313144684,-0.13075101375579834,0.7805474400520325]","[0.03478880971670151,0.1489177644252777,0.6945790648460388,0.7029744982719421]",5.960464477539063e-08,0.0,0.0,False,False,0.0065229060128331184
21,0,20,False,"[-0.023774906992912292,1.600860834121704,1.1013970375061035,-0.9594700932502747,0.01590469479560852,1.3067833185195923,0.7794467210769653,0.009082317352294922,-0.052039504051208496,-0.03272879123687744,-0.004322824999690056,0.018058419227600098,-0.05852064490318298,1.0277225971221924]","[-0.0238544512540102,1.601489543914795,1.1043893098831177,-0.9599542021751404,0.01704459637403488,1.3042185306549072]",0.03582504391670227,"[0.009503917768597603,-0.0543978288769722,-0.030700253322720528,-0.00547474529594183,0.01879850961267948,-0.058611419051885605]",0.043996453285217285,"[-0.2923843264579773,-0.16897234320640564,0.9656916856765747,0.7125374674797058,-0.04633081704378128,0.6890106797218323,0.12412853538990021]","[0.3000965118408203,-0.35332077741622925,0.9146977066993713,0.710135817527771,-0.01428009569644928,-0.026972124353051186,0.7034028768539429]","[-0.300559401512146,-0.13075092434883118,0.7805474996566772]","[0.034788910299539566,0.14891409873962402,0.6945827603340149,0.7029715776443481]",1.1920928955078125e-07,0.0,0.0,False,False,0.005513429641723633
22,0,21,False,"[-0.022916480898857117,1.6662085056304932,1.1724787950515747,-1.0172247886657715,0.024872630834579468,1.3433592319488525,0.6846618056297302,0.010785333812236786,-0.07886779308319092,-0.028644561767578125,-0.012230508029460907,0.028825879096984863,-0.051320284605026245,1.0317999124526978]","[-0.02304287813603878,1.6585601568222046,1.1645251512527466,-1.0096625089645386,0.02388123609125614,1.3383636474609375]",0.032185014337301254,"[0.010611625388264656,-0.07604970037937164,-0.028634725138545036,-0.011277660727500916,0.02755732648074627,-0.05224909633398056]",0.0439947210252285,"[-0.292169988155365,-0.1582210510969162,0.9651389122009277,0.7141954898834229,-0.051222652196884155,0.6914197206497192,0.09612317383289337]","[0.3002561926841736,-0.3545321226119995,0.9164851307868958,0.712946891784668,-0.005605920683592558,-0.030836880207061768,0.7005171775817871]","[-0.30055946111679077,-0.13075120747089386,0.7805474996566772]","[0.034789878875017166,0.14891529083251953,0.6945747137069702,0.702979326248169]",1.1920928955078125e-07,0.0,0.0,False,False,0.013396143913269043
23,0,22,False,"[-0.020192507654428482,1.6594581604003906,1.1446433067321777,-1.0120012760162354,0.017366766929626465,1.347848653793335,0.6562195420265198,0.009480252861976624,-0.05972576141357422,-0.0391998291015625,-0.008662102743983269,0.027591973543167114,-0.05247467756271362,1.0319589376449585]","[-0.020483601838350296,1.6593422889709473,1.1469305753707886,-1.011792778968811,0.01818631775677204,1.3466426134109497]",0.029508918523788452,"[0.00961632002145052,-0.06130123883485794,-0.03638998791575432,-0.009345385245978832,0.027587871998548508,-0.05244624987244606]",0.04399406909942627,"[-0.29314303398132324,-0.16124141216278076,0.9605644941329956,0.7116154432296753,-0.05625415965914726,0.6948402523994446,0.0873832106590271]","[0.3003396987915039,-0.3532896935939789,0.9129170179367065,0.7132061123847961,-0.013099049217998981,-0.023772751912474632,0.7004286050796509]","[-0.30055955052375793,-0.1307513564825058,0.7805474400520325]","[0.034792084246873856,0.14891450107097626,0.6945704817771912,0.702983558177948]",5.960464477539063e-08,0.0,0.0,False,False,0.004490327090024948
24,0,23,False,"[-0.01630285382270813,1.6575952768325806,1.1515281200408936,-1.0235612392425537,0.017860740423202515,1.3355581760406494,0.5945727229118347,0.014949016273021698,-0.06111288070678711,-0.026492834091186523,-0.00703448336571455,0.023357123136520386,-0.0657934844493866,1.0124565362930298]","[-0.016751538962125778,1.657583236694336,1.1510947942733765,-1.0220597982406616,0.017895665019750595,1.3369718790054321]",0.02647418901324272,"[0.014332959428429604,-0.06118893250823021,-0.027505889534950256,-0.007262956351041794,0.023879708722233772,-0.06409244239330292]",0.04399452358484268,"[-0.29423677921295166,-0.16168168187141418,0.96201491355896,0.7109043002128601,-0.06252030283212662,0.6946234107017517,0.09057836979627609]","[0.29978469014167786,-0.35386574268341064,0.9161295890808105,0.7102459073066711,-0.013244801200926304,-0.03170375898480415,0.7031145095825195]","[-0.3005593419075012,-0.1307508945465088,0.7805474996566772]","[0.03478730842471123,0.14891569316387177,0.6945837736129761,0.7029703259468079]",1.1920928955078125e-07,0.0,0.0,False,False,0.004796678200364113
25,0,24,False,"[-0.016209900379180908,1.6959335803985596,1.166508674621582,-1.0160362720489502,0.01721981167793274,1.379103422164917,0.5499398112297058,0.008014924824237823,-0.05706977844238281,-0.04448014497756958,0.005197444930672646,0.02471897006034851,-0.05839386582374573,1.0186482667922974]","[-0.016281135380268097,1.691750168800354,1.1646493673324585,-1.0166552066802979,0.01730179414153099,1.3737255334854126]",0.023720497265458107,"[0.008758557960391045,-0.05763225257396698,-0.036446623504161835,0.003444488625973463,0.024624237790703773,-0.05912075564265251]",0.04399362578988075,"[-0.29429343342781067,-0.155669704079628,0.9560675621032715,0.7112253904342651,-0.054992590099573135,0.6970282793045044,0.07270257920026779]","[0.300335556268692,-0.3531340956687927,0.9138525128364563,0.7124841809272766,-0.012210134416818619,-0.029290731996297836,0.7009701728820801]","[-0.30055946111679077,-0.13075119256973267,0.7805474996566772]","[0.03478996083140373,0.14891523122787476,0.6945751309394836,0.7029789090156555]",1.1920928955078125e-07,0.0,0.0,False,False,0.008739948272705078
26,0,25,False,"[-0.014317244291305542,1.6769535541534424,1.1779117584228516,-1.0377708673477173,0.017697811126708984,1.3642792701721191,0.48800766468048096,0.013029366731643677,-0.06307393312454224,-0.038253188133239746,0.004510307684540749,0.012093931436538696,-0.05014064908027649,1.0161497592926025]","[-0.014526456594467163,1.6782267093658447,1.1765930652618408,-1.0350769758224487,0.017648616805672646,1.3654862642288208]",0.02074006386101246,"[0.012551301158964634,-0.06242787092924118,-0.036369193345308304,0.004397695884108543,0.013670489192008972,-0.051286403089761734]",0.04398643225431442,"[-0.29481470584869385,-0.1566980928182602,0.9626291394233704,0.7112838625907898,-0.056043896824121475,0.6962407827377319,0.07863221317529678]","[0.29965412616729736,-0.3533720076084137,0.9143391251564026,0.7073606848716736,-0.007229913491755724,-0.028741253539919853,0.7062311768531799]","[-0.30055949091911316,-0.1307515650987625,0.7805473208427429]","[0.03478853404521942,0.1489149034023285,0.6945652365684509,0.7029888033866882]",-5.960464477539063e-08,0.0,0.0,False,False,0.005643010139465332
27,0,26,False,"[-0.014966674149036407,1.6856112480163574,1.1621052026748657,-1.0300698280334473,0.014301538467407227,1.3845860958099365,0.46152353286743164,0.009639650583267212,-0.047852277755737305,-0.0462680459022522,0.004631541669368744,0.015973329544067383,-0.05782723426818848,1.0071364641189575]","[-0.014921275898814201,1.68512761592865,1.163533091545105,-1.0307713747024536,0.014723832719027996,1.3821502923965454]",0.01840381883084774,"[0.009980046190321445,-0.049972761422395706,-0.03652080148458481,0.004553327336907387,0.01568606123328209,-0.056992582976818085]",0.04399649798870087,"[-0.29479992389678955,-0.15782096982002258,0.9575747847557068,0.7102267146110535,-0.055444080382585526,0.698546826839447,0.06735222041606903]","[0.2999546229839325,-0.3527604937553406,0.9133443832397461,0.7088817358016968,-0.013755426742136478,-0.02637198194861412,0.7046998739242554]","[-0.30055949091911316,-0.13075131177902222,0.7805474996566772]","[0.034790996462106705,0.14891542494297028,0.6945716142654419,0.7029822468757629]",1.1920928955078125e-07,0.0,0.0,False,False,0.009756427258253098
28,0,27,False,"[-0.009022712707519531,1.6923422813415527,1.1880804300308228,-1.060469627380371,0.006631672382354736,1.3750927448272705,0.45926180481910706,0.009991705417633057,-0.05009812116622925,-0.030606448650360107,-0.006619120016694069,0.024124354124069214,-0.06910121440887451,1.0097264051437378]","[-0.009630910120904446,1.6912106275558472,1.1853145360946655,-1.0566306114196777,0.007648280821740627,1.3759926557540894]",0.01689816080033779,"[0.009973954409360886,-0.05009257420897484,-0.03127457946538925,-0.0051772077567875385,0.023056576028466225,-0.06755724549293518]",0.04399546608328819,"[-0.29653432965278625,-0.1560586839914322,0.9611530900001526,0.7070463299751282,-0.06283611804246902,0.7010699510574341,0.06810218840837479]","[0.3001718521118164,-0.3530758023262024,0.9142003059387207,0.7113538980484009,-0.019132506102323532,-0.028465796262025833,0.7019966244697571]","[-0.3005593419075012,-0.13075105845928192,0.7805474996566772]","[0.034787703305482864,0.14891979098320007,0.6945799589157104,0.7029733061790466]",1.1920928955078125e-07,0.0,0.0,False,False,0.005919694900512695
29,0,28,False,"[-0.014426767826080322,1.6580219268798828,1.1501269340515137,-1.0264878273010254,0.011279165744781494,1.323700189590454,0.42436349391937256,0.01382581889629364,-0.03736656904220581,-0.03090435266494751,0.011034584604203701,0.0158730149269104,-0.07578802108764648,0.9995672702789307]","[-0.013940113596618176,1.661910057067871,1.1542901992797852,-1.0304548740386963,0.010829639621078968,1.3303738832473755]",0.015316733159124851,"[0.013389459811151028,-0.03888818994164467,-0.0309147946536541,0.008973010815680027,0.016772788017988205,-0.07474002242088318]",0.0439804382622242,"[-0.29524996876716614,-0.16152578592300415,0.9616028070449829,0.7077319025993347,-0.06894457340240479,0.697205126285553,0.09092436730861664]","[0.2996519207954407,-0.3525683283805847,0.9148264527320862,0.7079025506973267,-0.020380418747663498,-0.032272160053253174,0.7052779197692871]","[-0.3005594313144684,-0.13075114786624908,0.7805474996566772]","[0.03478952869772911,0.14891570806503296,0.6945760846138,0.7029778361320496]",1.1920928955078125e-07,0.0,0.0,False,False,0.010437726974487305
30,0,29,False,"[-0.007828883826732635,1.6785309314727783,1.1883001327514648,-1.0693755149841309,0.004819989204406738,1.3631010055541992,0.39681750535964966,0.007758885622024536,-0.034712016582489014,-0.023975729942321777,-0.010729022324085236,0.014013141393661499,-0.07870280742645264,1.002955675125122]","[-0.00846436433494091,1.676554560661316,1.1842036247253418,-1.064359188079834,0.005570845678448677,1.3589218854904175]",0.01369638741016388,"[0.00842736754566431,-0.03518461063504219,-0.024857450276613235,-0.008228655904531479,0.014371887780725956,-0.07819771766662598]",0.043995749205350876,"[-0.2969565987586975,-0.15841388702392578,0.9648722410202026,0.7059279084205627,-0.06714912503957748,0.7009183764457703,0.07661639899015427]","[0.300067275762558,-0.35272690653800964,0.9149433970451355,0.708585798740387,-0.026967845857143402,-0.028294622898101807,0.7045412063598633]","[-0.30055952072143555,-0.13075147569179535,0.7805474996566772]","[0.03479212522506714,0.14891912043094635,0.6945680975914001,0.7029849290847778]",1.1920928955078125e-07,0.0,0.0,False,False,0.0077435970306396484
31,0,30,False,"[-0.009640984237194061,1.6678497791290283,1.1808736324310303,-1.0623695850372314,0.005903184413909912,1.3531635999679565,0.4119146466255188,0.007744848728179932,-0.03300386667251587,-0.02872645854949951,-0.004576250445097685,0.008115410804748535,-0.07922637462615967,0.997572660446167]","[-0.009532000869512558,1.668868899345398,1.1812506914138794,-1.0626555681228638,0.005865040700882673,1.3539005517959595]",0.013114131055772305,"[0.00783718191087246,-0.03324984759092331,-0.028299670666456223,-0.005060632713139057,0.008907344192266464,-0.07909578084945679]",0.04393995180726051,"[-0.2966468036174774,-0.15950164198875427,0.9662373065948486,0.7061396837234497,-0.06628841161727905,0.7003813982009888,0.08023925870656967]","[0.29996412992477417,-0.352432519197464,0.9139251112937927,0.7068235278129578,-0.028007373213768005,-0.027907725423574448,0.7062839865684509]","[-0.3005593717098236,-0.13075116276741028,0.7805474400520325]","[0.034784719347953796,0.1489143669605255,0.6945765018463135,0.7029779553413391]",5.960464477539063e-08,0.0,0.0,False,False,0.0018541812896728516
32,0,31,False,"[-0.00902719795703888,1.6957663297653198,1.1984732151031494,-1.0662927627563477,0.00863829255104065,1.3770687580108643,0.39745548367500305,0.007333889603614807,-0.039571940898895264,-0.02891373634338379,-0.0028964467346668243,0.017541438341140747,-0.07265263795852661,1.0021815299987793]","[-0.00908691342920065,1.6928144693374634,1.1963883638381958,-1.065720558166504,0.008284062147140503,1.3741101026535034]",0.012434307485818863,"[0.007374053820967674,-0.03884219750761986,-0.028782714158296585,-0.0031514137517660856,0.0164517629891634,-0.07347351312637329]",0.043970152735710144,"[-0.29666614532470703,-0.15495043992996216,0.9633920192718506,0.7072042226791382,-0.06358003616333008,0.7007495760917664,0.06906330585479736]","[0.300229549407959,-0.35267817974090576,0.9143780469894409,0.7098097801208496,-0.023614414036273956,-0.02826777845621109,0.703429639339447]","[-0.30055946111679077,-0.13075141608715057,0.7805474996566772]","[0.03479098156094551,0.14892052114009857,0.6945699453353882,0.7029827833175659]",1.1920928955078125e-07,0.0,0.0,False,False,0.006095767021179199
33,0,32,False,"[-0.006965771317481995,1.7048406600952148,1.2120699882507324,-1.0895309448242188,0.012061387300491333,1.3666460514068604,0.32308295369148254,0.007182225584983826,-0.04207885265350342,-0.034364283084869385,0.001148485578596592,0.01718631386756897,-0.05862578749656677,1.0118390321731567]","[-0.007199015934020281,1.703291416168213,1.2102495431900024,-1.0864678621292114,0.011580534279346466,1.3675991296768188]",0.010436817072331905,"[0.0072008459828794,-0.04167903959751129,-0.03374960273504257,0.0005798073834739625,0.01709626615047455,-0.06051838770508766]",0.043977368623018265,"[-0.2971188426017761,-0.15365397930145264,0.9638615250587463,0.7074323892593384,-0.07280030101537704,0.6999342441558838,0.06581427901983261]","[0.3002639412879944,-0.352525532245636,0.913263738155365,0.7102507948875427,-0.018451562151312828,-0.024259984493255615,0.7032884359359741]","[-0.3005594313144684,-0.13075104355812073,0.7805474996566772]","[0.0347895547747612,0.14891740679740906,0.6945798993110657,0.7029737234115601]",1.1920928955078125e-07,0.0,0.0,False,False,0.004751801490783691
34,0,33,False,"[-0.002580597996711731,1.660569667816162,1.1966809034347534,-1.0601892471313477,0.005357295274734497,1.3507331609725952,0.34414201974868774,0.005775541067123413,-0.03707820177078247,-0.01690620183944702,-0.006458659656345844,0.011475086212158203,-0.08698555827140808,0.9935181140899658]","[-0.0030549715738743544,1.665279746055603,1.1985653638839722,-1.063575267791748,0.006138353608548641,1.352884292602539]",0.009667688980698586,"[0.0059582022950053215,-0.03768710047006607,-0.018728096038103104,-0.005482916720211506,0.012185459956526756,-0.08361047506332397]",0.04384910687804222,"[-0.2985142469406128,-0.15718545019626617,0.9714744091033936,0.706609845161438,-0.06186956167221069,0.6991423964500427,0.08985838294029236]","[0.30024734139442444,-0.3532256782054901,0.9174907207489014,0.7087637782096863,-0.02483488619327545,-0.03417985141277313,0.704179584980011]","[-0.3005593419075012,-0.13075095415115356,0.7805474996566772]","[0.034786906093358994,0.14891661703586578,0.6945824027061462,0.7029715776443481]",1.1920928955078125e-07,0.0,0.0,False,False,0.009895086288452148
35,0,34,False,"[8.375942707061768e-05,1.677306890487671,1.2021474838256836,-1.0830249786376953,0.00871172547340393,1.358380675315857,0.3361193537712097,0.00480315089225769,-0.03413277864456177,-0.018268108367919922,-0.010299603454768658,0.01070675253868103,-0.08124369382858276,1.001670241355896]","[-0.00027025435701943934,1.6762877702713013,1.2013484239578247,-1.08059823513031,0.008378377184271812,1.3576793670654297]",0.009077331982553005,"[0.004941833671182394,-0.03450316563248634,-0.018461061641573906,-0.009728314355015755,0.010895445011556149,-0.08154688030481339]",0.04390675947070122,"[-0.2992648780345917,-0.15723499655723572,0.9691118001937866,0.7065898180007935,-0.07014280557632446,0.6995513439178467,0.08024080097675323]","[0.3003075420856476,-0.35307344794273376,0.916926383972168,0.7086008787155151,-0.026656076312065125,-0.03095358982682228,0.704426109790802]","[-0.30055952072143555,-0.13075150549411774,0.7805473804473877]","[0.034792352467775345,0.14891956746578217,0.694567084312439,0.7029857635498047]",0.0,0.0,0.0,False,False,0.005187511444091797
36,0,35,False,"[0.006832629442214966,1.6726089715957642,1.2131354808807373,-1.1047699451446533,0.009555131196975708,1.3448395729064941,0.32267650961875916,0.003945246338844299,-0.061949849128723145,-0.03031712770462036,-0.009707145392894745,0.01939547061920166,-0.06988310813903809,1.0007134675979614]","[0.006071716081351042,1.672784686088562,1.2118149995803833,-1.1017074584960938,0.009395114146173,1.346477746963501]",0.008388607762753963,"[0.004042229149490595,-0.05868687480688095,-0.028927922248840332,-0.009719034656882286,0.018324904143810272,-0.07136937975883484]",0.04394816607236862,"[-0.3010871708393097,-0.158000648021698,0.9726073145866394,0.7060104608535767,-0.0788741335272789,0.6987816095352173,0.08385847508907318]","[0.30061227083206177,-0.35364091396331787,0.9152184128761292,0.7117987871170044,-0.018241483718156815,-0.032049164175987244,0.7014145851135254]","[-0.3005593717098236,-0.13075099885463715,0.7805474996566772]","[0.03478821739554405,0.14891672134399414,0.6945808529853821,0.702972948551178]",1.1920928955078125e-07,0.0,0.0,False,False,0.005463209003210068
37,0,36,False,"[0.009441114962100983,1.6892458200454712,1.2148716449737549,-1.1040847301483154,0.0015651881694793701,1.3526206016540527,0.28640198707580566,0.005686849355697632,-0.041332900524139404,-0.01341313123703003,-0.015291020274162292,0.02091151475906372,-0.08414219319820404,1.007401704788208]","[0.009081595577299595,1.6875585317611694,1.2143709659576416,-1.1037544012069702,0.0025508105754852295,1.351834774017334]",0.007208194117993116,"[0.005490132141858339,-0.04343827813863754,-0.015139819122850895,-0.014531132765114307,0.020580310374498367,-0.08251312375068665]",0.04396655037999153,"[-0.3021807372570038,-0.15624655783176422,0.9691982269287109,0.7031687498092651,-0.08281464874744415,0.7018289566040039,0.07830414921045303]","[0.30053865909576416,-0.35374414920806885,0.9182769656181335,0.7118960618972778,-0.024451609700918198,-0.03374604508280754,0.7010471820831299]","[-0.3005593717098236,-0.13075104355812073,0.7805474996566772]","[0.03478710353374481,0.14891678094863892,0.6945798397064209,0.7029740810394287]",1.1920928955078125e-07,0.0,0.0,False,False,0.004419922828674316
38,0,37,False,"[0.012041054666042328,1.6909984350204468,1.2350780963897705,-1.1119837760925293,0.007236003875732422,1.3682782649993896,0.3221346437931061,0.002734541893005371,-0.05855453014373779,-0.019748568534851074,-0.02101868763566017,0.020853161811828613,-0.08184367418289185,1.0073806047439575]","[0.011703623458743095,1.6903716325759888,1.2328205108642578,-1.1108492612838745,0.0066390796564519405,1.3661788702011108]",0.00725579122081399,"[0.003057568334043026,-0.05672362819314003,-0.019297949969768524,-0.020220043137669563,0.020824361592531204,-0.08192938566207886]",0.04397982358932495,"[-0.3028625249862671,-0.15375195443630219,0.9729259610176086,0.7053771615028381,-0.07581742852926254,0.7005408406257629,0.07705225050449371]","[0.3007811903953552,-0.35415971279144287,0.9173246622085571,0.7128815054893494,-0.023057838901877403,-0.0347072035074234,0.7000454068183899]","[-0.30055949091911316,-0.13075144588947296,0.7805473804473877]","[0.03478774428367615,0.1489136964082718,0.6945684552192688,0.7029858827590942]",0.0,0.0,0.0,False,False,0.00483548641204834
39,0,38,False,"[0.01856178045272827,1.6767728328704834,1.2447826862335205,-1.135474443435669,0.00019657611846923828,1.3619005680084229,0.29926398396492004,0.00041687488555908203,-0.04773366451263428,0.000872492790222168,-0.0353868305683136,0.02273327112197876,-0.09042923152446747,0.991690993309021]","[0.01784428209066391,1.6782560348510742,1.2433115243911743,-1.1323931217193604,0.0010021821362897754,1.3624478578567505]",0.006831927224993706,"[0.0007241959101520479,-0.04885252192616463,-0.0013822040054947138,-0.03338482603430748,0.022496355697512627,-0.0893450677394867]",0.04381023347377777,"[-0.3048116862773895,-0.1556045413017273,0.9788304567337036,0.7030453085899353,-0.07872265577316284,0.7021070718765259,0.08108986914157867]","[0.30105412006378174,-0.3549341559410095,0.9215328693389893,0.7141509056091309,-0.02688080444931984,-0.036152392625808716,0.698540449142456]","[-0.3005593717098236,-0.13075120747089386,0.7805473804473877]","[0.03478528559207916,0.14891459047794342,0.6945747137069702,0.7029796838760376]",0.0,0.0,0.0,False,False,0.0048950910568237305
40,0,39,False,"[0.02334318310022354,1.6887141466140747,1.2564563751220703,-1.1501388549804688,-0.004342854022979736,1.3617663383483887,0.24123933911323547,-0.0013144612312316895,-0.05362129211425781,-0.006824374198913574,-0.0426705963909626,0.03559976816177368,-0.0849781185388565,0.9954922199249268]","[0.02275070734322071,1.6876848936080933,1.2547141313552856,-1.147871494293213,-0.003675166517496109,1.361852765083313]",0.005290912929922342,"[-0.001102535636164248,-0.0529816709458828,-0.006380775012075901,-0.04155564680695534,0.03394790366292,-0.0855344906449318]",0.04378359392285347,"[-0.3064206540584564,-0.15436449646949768,0.9790415167808533,0.7007224559783936,-0.08524751663208008,0.7039686441421509,0.07841579616069794]","[0.3015591502189636,-0.35482335090637207,0.919359564781189,0.7187018990516663,-0.02894079126417637,-0.03145429119467735,0.6940032839775085]","[-0.3005594313144684,-0.13075093924999237,0.7805474996566772]","[0.03478877991437912,0.14891406893730164,0.6945822834968567,0.7029721140861511]",1.1920928955078125e-07,0.0,0.0,False,False,0.003524303436279297
41,0,40,False,"[0.021205119788646698,1.6689629554748535,1.250230312347412,-1.1376259326934814,-0.0007859468460083008,1.3386727571487427,0.27025848627090454,0.0015847980976104736,-0.05915200710296631,0.0012593269348144531,-0.03553567826747894,0.03587505221366882,-0.08486494421958923,0.9916197061538696]","[0.02134937047958374,1.6710004806518555,1.2508960962295532,-1.138946771621704,-0.0011469059390947223,1.3416309356689453]",0.0049973223358392715,"[0.001264010090380907,-0.05849543213844299,0.0005634024273604155,-0.036222200840711594,0.035627737641334534,-0.08494991809129715]",0.0436842180788517,"[-0.3058980405330658,-0.15597720444202423,0.9826881885528564,0.7015681862831116,-0.08427363634109497,0.7015140056610107,0.09261757880449295]","[0.3013838529586792,-0.3556223213672638,0.9226370453834534,0.7186998724937439,-0.02231507934629917,-0.0374227799475193,0.6939538717269897]","[-0.30055949091911316,-0.13075147569179535,0.7805473208427429]","[0.03478766977787018,0.14891375601291656,0.6945674419403076,0.7029869556427002]",-5.960464477539063e-08,0.0,0.0,False,False,0.004627346992492676
42,0,41,False,"[0.01930321753025055,1.668013572692871,1.2412197589874268,-1.1413519382476807,0.00530630350112915,1.3321995735168457,0.264342337846756,-0.002644941210746765,-0.05552637577056885,-0.004211008548736572,-0.03246256709098816,0.028392881155014038,-0.08403484523296356,0.9946259260177612]","[0.019510511308908463,1.6685434579849243,1.2421846389770508,-1.1411124467849731,0.004491615574806929,1.3334033489227295]",0.004720222670584917,"[-0.0021699946373701096,-0.05582907423377037,-0.003782188519835472,-0.03299061208963394,0.029314808547496796,-0.08415170013904572]",0.04369133710861206,"[-0.3051591217517853,-0.15773293375968933,0.9812055230140686,0.7029716372489929,-0.08968613296747208,0.6995586156845093,0.0916786789894104]","[0.30152609944343567,-0.3551664352416992,0.9212810397148132,0.7176641225814819,-0.02337881363928318,-0.035912930965423584,0.6950696706771851]","[-0.30055952072143555,-0.1307513415813446,0.7805474996566772]","[0.03479110449552536,0.14891542494297028,0.6945708990097046,0.7029829621315002]",1.1920928955078125e-07,0.0,0.0,False,False,0.0026535987854003906
43,0,42,False,"[0.02626178413629532,1.6534112691879272,1.2488784790039062,-1.1584630012512207,-0.0003578066825866699,1.321528434753418,0.25705698132514954,-0.005650147795677185,-0.049743056297302246,0.002329111099243164,-0.05584678053855896,0.03349706530570984,-0.0882071703672409,0.9840250015258789]","[0.025565821677446365,1.6549204587936401,1.2481670379638672,-1.1562976837158203,0.0002449492458254099,1.3230433464050293]",0.004360121674835682,"[-0.005249477457255125,-0.05044714733958244,0.0015508751384913921,-0.05294756963849068,0.032974179834127426,-0.08768966794013977]",0.043472081422805786,"[-0.30699434876441956,-0.15998661518096924,0.9863709211349487,0.7008839249610901,-0.09372495859861374,0.7001049518585205,0.09914873540401459]","[0.3019236922264099,-0.35523003339767456,0.9207538366317749,0.7196785807609558,-0.03191521763801575,-0.03006885014474392,0.6929212808609009]","[-0.300559401512146,-0.13075104355812073,0.7805474996566772]","[0.03478899970650673,0.148918017745018,0.694580078125,0.702973484992981]",1.1920928955078125e-07,0.0,0.0,False,False,0.00457419827580452
44,0,43,False,"[0.02272862195968628,1.6485052108764648,1.2548365592956543,-1.1654937267303467,0.01314517855644226,1.3083246946334839,0.28964468836784363,-0.00356312096118927,-0.07220834493637085,-0.004492759704589844,-0.06048523634672165,0.042723238468170166,-0.07684805989265442,0.9817982912063599]","[0.022987766191363335,1.6493312120437622,1.2539501190185547,-1.1643458604812622,0.011518203653395176,1.3102033138275146]",0.004867296665906906,"[-0.003784181084483862,-0.06962446123361588,-0.0037846777122467756,-0.05952858552336693,0.041489869356155396,-0.07822999358177185]",0.043284885585308075,"[-0.30590543150901794,-0.1606096774339676,0.989309549331665,0.7044833898544312,-0.09660159051418304,0.6954693794250488,0.10340961068868637]","[0.3020288050174713,-0.35590896010398865,0.9197419285774231,0.7223589420318604,-0.02599431946873665,-0.029209306463599205,0.6904119253158569]","[-0.3005593717098236,-0.13075092434883118,0.7805474400520325]","[0.03478467836976051,0.14891132712364197,0.6945827007293701,0.7029724717140198]",5.960464477539063e-08,0.0,0.0,False,False,0.004333905875682831
45,0,44,False,"[0.025751136243343353,1.658611536026001,1.23613703250885,-1.1403779983520508,0.007400214672088623,1.3224321603775024,0.2936056852340698,-0.004419773817062378,-0.07089585065841675,-0.02335655689239502,-0.03150700777769089,0.028389573097229004,-0.07751467823982239,0.9888447523117065]","[0.02547343261539936,1.6578646898269653,1.2381294965744019,-1.1434202194213867,0.007912288419902325,1.32086980342865]",0.005276469513773918,"[-0.004318416118621826,-0.07072385400533676,-0.021097976714372635,-0.035126663744449615,0.030047377571463585,-0.07760600745677948]",0.04332084581255913,"[-0.306749552488327,-0.15982745587825775,0.9831005334854126,0.7034720182418823,-0.09478320926427841,0.6973074078559875,0.09952634572982788]","[0.30175265669822693,-0.35474905371665955,0.9163308143615723,0.718687891960144,-0.02270467020571232,-0.0320143848657608,0.6942241787910461]","[-0.30055955052375793,-0.13075166940689087,0.7805474400520325]","[0.03479311242699623,0.1489192694425583,0.6945626139640808,0.7029902338981628]",5.960464477539063e-08,0.0,0.0,False,False,0.005567386746406555
46,0,45,False,"[0.02945677936077118,1.6400281190872192,1.2431590557098389,-1.155893087387085,0.014193624258041382,1.3030370473861694,0.29434794187545776,-0.004923015832901001,-0.09108293056488037,-0.01838207244873047,-0.045290183275938034,0.041703760623931885,-0.05912882089614868,0.9832230806350708]","[0.029016824439167976,1.641689658164978,1.2427879571914673,-1.154330849647522,0.013393446803092957,1.305313229560852]",0.005524846725165844,"[-0.004879023879766464,-0.08871737122535706,-0.018565643578767776,-0.0439370758831501,0.040233876556158066,-0.06148358806967735]",0.04324475675821304,"[-0.30755069851875305,-0.16218389570713043,0.988598108291626,0.7048361897468567,-0.09819523990154266,0.693968653678894,0.10941198468208313]","[0.3020957410335541,-0.355854868888855,0.917678713798523,0.7226570844650269,-0.012786636129021645,-0.03033723123371601,0.6904222369194031]","[-0.30055952072143555,-0.1307515949010849,0.7805473804473877]","[0.03478895127773285,0.14891457557678223,0.694563627243042,0.7029904127120972]",0.0,0.0,0.0,False,False,0.005699276924133301
47,0,46,False,"[0.03832656145095825,1.6140007972717285,1.2293285131454468,-1.1408319473266602,-0.004438579082489014,1.2659817934036255,0.29988232254981995,-0.005299672484397888,-0.06810712814331055,0.011577010154724121,-0.06854382902383804,0.0400998592376709,-0.08420953154563904,0.9628099203109741]","[0.03737800940871239,1.6172839403152466,1.2308895587921143,-1.1426267623901367,-0.0021983757615089417,1.2709987163543701]",0.005796580109745264,"[-0.005246605258435011,-0.07059270888566971,0.008101454004645348,-0.06534010916948318,0.04011549428105354,-0.08131124824285507]",0.04273752495646477,"[-0.31027352809906006,-0.1658378392457962,0.9921421408653259,0.6980686783790588,-0.10399717092514038,0.6957488656044006,0.13348448276519775]","[0.3021220862865448,-0.35684433579444885,0.9232568740844727,0.7224386930465698,-0.024579769000411034,-0.03271825984120369,0.6902228593826294]","[-0.3005594313144684,-0.1307513564825058,0.7805474996566772]","[0.034790828824043274,0.14892010390758514,0.6945714950561523,0.7029814124107361]",1.1920928955078125e-07,0.0,0.0,False,False,0.007850289344787598
48,0,47,False,"[0.029165692627429962,1.5879061222076416,1.1799685955047607,-1.0831931829452515,0.0176943838596344,1.2297412157058716,0.2935613989830017,-0.006368190050125122,-0.08252072334289551,0.00255429744720459,-0.04579080641269684,0.04195407032966614,-0.08119750022888184,0.9574193954467773]","[0.029980331659317017,1.5916157960891724,1.1859521865844727,-1.090864658355713,0.015186987817287445,1.2350057363510132]",0.00584813067689538,"[-0.006240097340196371,-0.08109234273433685,0.0031929451506584883,-0.048286475241184235,0.04172403737902641,-0.08121270686388016]",0.04231477901339531,"[-0.3075330853462219,-0.17021386325359344,0.9877836108207703,0.7041296362876892,-0.10328754037618637,0.6855340600013733,0.15354494750499725]","[0.30225956439971924,-0.35711610317230225,0.9240211248397827,0.7235673666000366,-0.01643465831875801,-0.040494900196790695,0.6888688206672668]","[-0.300559401512146,-0.1307511031627655,0.7805474400520325]","[0.03478928655385971,0.14891910552978516,0.6945780515670776,0.7029751539230347]",5.960464477539063e-08,0.0,0.0,False,False,0.011829376220703125
49,0,48,False,"[0.04278510808944702,1.5836741924285889,1.180385947227478,-1.057009220123291,0.025880485773086548,1.205146074295044,0.2924697697162628,-0.0049249231815338135,-0.0916905403137207,0.010022759437561035,-0.039274778217077255,0.04269018769264221,-0.06308931112289429,0.9604039192199707]","[0.041409216821193695,1.5845792293548584,1.1812551021575928,-1.0612372159957886,0.024495216086506844,1.2089494466781616]",0.005783765576779842,"[-0.005084431730210781,-0.09048988670110703,0.00936594046652317,-0.04035405442118645,0.0425683930516243,-0.06539978086948395]",0.04213084280490875,"[-0.31051620841026306,-0.16898256540298462,0.9886782169342041,0.706344723701477,-0.1053711548447609,0.6773030757904053,0.17673294246196747]","[0.3021713197231293,-0.3582295775413513,0.927537202835083,0.7236416339874268,-0.00223261839710176,-0.04317599907517433,0.6888204216957092]","[-0.3005593419075012,-0.13075102865695953,0.7805474996566772]","[0.03478763997554779,0.14891935884952545,0.6945812106132507,0.7029720544815063]",1.1920928955078125e-07,0.0,0.0,False,False,0.006750941276550293
50,0,49,False,"[0.030358344316482544,1.5118212699890137,1.109328031539917,-1.0018168687820435,0.031271666288375854,1.141850471496582,0.3212577998638153,-0.007471039891242981,-0.10774695873260498,-0.009049177169799805,-0.059777259826660156,0.04033520817756653,-0.07111269235610962,0.9456983208656311]","[0.031502462923526764,1.520115852355957,1.1179819107055664,-1.0096397399902344,0.030441012233495712,1.150416612625122]",0.006481687538325787,"[-0.007184847258031368,-0.1055675819516182,-0.007245989516377449,-0.057440709322690964,0.040620967745780945,-0.0703837126493454]",0.04169733077287674,"[-0.3071814179420471,-0.18078216910362244,0.9893381595611572,0.7084141969680786,-0.10413118451833725,0.6656771898269653,0.2101898491382599]","[0.30231186747550964,-0.3576291799545288,0.921412467956543,0.7236183881759644,-0.010772617533802986,-0.03847407549619675,0.689042866230011]","[-0.30055952072143555,-0.13075152039527893,0.7805473208427429]","[0.034788619726896286,0.1489136964082718,0.6945663094520569,0.7029880285263062]",-5.960464477539063e-08,0.0,0.0,False,False,0.014879226684570312
51,1,0,True,"[-0.14634674787521362,2.098188877105713,1.845780849456787,-1.4764020442962646,0.002612590789794922,1.4372808933258057,0.638360321521759,-0.008862942457199097,-0.0717039704322815,-0.010835587978363037,-0.041302185505628586,0.038242340087890625,-0.01019468903541565,0.9966872930526733]","[-0.12543144822120667,1.7088115215301514,1.3146768808364868,-1.207366943359375,0.0063912533223629,1.3394324779510498]",0.013743971474468708,"[-0.008667439222335815,-0.07574474811553955,-0.010347195900976658,-0.04336787760257721,0.038552578538656235,-0.017869241535663605]",0.042556170374155045,"[-0.2617437541484833,-0.1513679474592209,0.9879598617553711,0.7063198089599609,-0.04865596815943718,0.7057217359542847,0.02648789994418621]","[0.30240440368652344,-0.3557882010936737,0.9195435047149658,0.7234963774681091,0.0014410335570573807,-0.013837042264640331,0.6901879906654358]","[-0.30055952072143555,-0.1307513266801834,0.7805474996566772]","[0.034791335463523865,0.14891530573368073,0.6945714354515076,0.7029824256896973]",1.1920928955078125e-07,0.0,0.0,False,False,0.5511229038238525
52,1,1,False,"[-0.1342586874961853,2.1124119758605957,1.8708579540252686,-1.4995718002319336,0.0019555389881134033,1.4415831565856934,0.6010947227478027,-0.009654700756072998,-0.05625218152999878,-0.007263123989105225,-0.043058861047029495,0.03855431079864502,-0.01000627875328064,0.9968547821044922]","[-0.1325247883796692,1.906693458557129,1.5140814781188965,-1.397842288017273,0.002464873716235161,1.4285651445388794]",0.017391853034496307,"[-0.00953943282365799,-0.05857165902853012,-0.007591415196657181,-0.043094452470541,0.03855666518211365,-0.011005851440131664]",0.04307815432548523,"[-0.25543326139450073,-0.11925601214170456,0.9783713817596436,0.6930924654006958,-0.080507293343544,0.7125805020332336,-0.0732816606760025]","[0.3024933636188507,-0.35506269335746765,0.9192203879356384,0.7237996459007263,-0.001154412399046123,-0.006543859839439392,0.6899780631065369]","[-0.3005593419075012,-0.13075104355812073,0.7805474996566772]","[0.034787628799676895,0.1489194631576538,0.6945801377296448,0.7029731273651123]",1.1920928955078125e-07,0.0,0.0,False,False,0.3767685890197754
53,1,2,False,"[-0.12358230352401733,2.1126327514648438,1.8755252361297607,-1.5018954277038574,0.0019519031047821045,1.4435831308364868,0.533643364906311,-0.006910935044288635,-0.05650287866592407,-0.009418606758117676,-0.047046732157468796,0.03980302810668945,-0.0044660866260528564,0.9993280172348022]","[-0.12451335787773132,2.079090118408203,1.7049750089645386,-1.4888015985488892,0.0020134751684963703,1.4416770935058594]",0.017840629443526268,"[-0.007223350461572409,-0.056733742356300354,-0.009232952259480953,-0.04655846953392029,0.039641015231609344,-0.005299733020365238]",0.043437302112579346,"[-0.2537086009979248,-0.0837571918964386,0.9661121368408203,0.6872732639312744,-0.10399848967790604,0.711876392364502,-0.10035742819309235]","[0.30230626463890076,-0.3548470735549927,0.9181916117668152,0.7233738303184509,-0.001578392693772912,-0.002157252747565508,0.6904513239860535]","[-0.3005593717098236,-0.1307508498430252,0.780547559261322]","[0.034787315875291824,0.14891362190246582,0.6945852637290955,0.7029693722724915]",1.7881393432617188e-07,0.0,0.0,False,False,0.1897033452987671
54,1,3,False,"[-0.10762825608253479,2.1134989261627197,1.8802809715270996,-1.5135493278503418,-0.0029351413249969482,1.438368797302246,0.5137313008308411,-0.007466480135917664,-0.048995375633239746,-0.007832705974578857,-0.04273158684372902,0.0391770601272583,-0.007323890924453735,0.9975014925003052]","[-0.10954686999320984,2.1086630821228027,1.8585467338562012,-1.509686827659607,-0.002311132149770856,1.4387762546539307]",0.01805661804974079,"[-0.007436086423695087,-0.04992620274424553,-0.007960818707942963,-0.043210290372371674,0.03923587501049042,-0.007065522018820047]",0.043614454567432404,"[-0.2572302222251892,-0.06404462456703186,0.9908621311187744,0.6950699687004089,-0.07408086955547333,0.7127426266670227,-0.058202438056468964]","[0.3023167848587036,-0.3545725345611572,0.9184338450431824,0.7233029007911682,-0.0030026771128177643,-0.0020063421688973904,0.6905213594436646]","[-0.30055949091911316,-0.13075120747089386,0.7805474996566772]","[0.0347905233502388,0.14891372621059418,0.6945745944976807,0.7029796838760376]",1.1920928955078125e-07,0.0,0.0,False,False,0.03853785991668701
55,1,4,False,"[-0.0900249034166336,2.101900339126587,1.874290943145752,-1.5144855976104736,-0.0044400691986083984,1.4386191368103027,0.46232226490974426,-0.004943087697029114,-0.048725247383117676,-0.010224223136901855,-0.04241523891687393,0.041845083236694336,-0.006246358156204224,0.9992563724517822]","[-0.09230561554431915,2.103627920150757,1.8719775676727295,-1.5138272047042847,-0.004186317790299654,1.4386370182037354]",0.016935523599386215,"[-0.005241371225565672,-0.048855844885110855,-0.009984517470002174,-0.042529791593551636,0.04151033237576485,-0.006351003423333168]",0.0437542088329792,"[-0.2639176845550537,-0.06306672096252441,0.9959301948547363,0.6959074139595032,-0.07514163851737976,0.7126335501670837,-0.047115471214056015]","[0.30217406153678894,-0.3543815016746521,0.9177321791648865,0.7233277559280396,-0.0036139783915132284,-0.0009230521973222494,0.69049471616745]","[-0.30055952072143555,-0.13075149059295654,0.7805474400520325]","[0.03479253128170967,0.14891882240772247,0.6945672631263733,0.7029857635498047]",5.960464477539063e-08,0.0,0.0,False,False,0.005983114242553711
56,1,5,False,"[-0.08129820972681046,2.1011040210723877,1.878208875656128,-1.5199987888336182,-0.0059986114501953125,1.442956805229187,0.43178316950798035,-0.005041852593421936,-0.04573720693588257,-0.009967982769012451,-0.04139415919780731,0.04032653570175171,-0.00693240761756897,0.9981239438056946]","[-0.08271650224924088,2.1014742851257324,1.877402424812317,-1.5192148685455322,-0.00576702319085598,1.4424059391021729]",0.015476394444704056,"[-0.0050623551942408085,-0.046111464500427246,-0.009957191534340382,-0.041537094861269,0.040475767105817795,-0.006858347915112972]",0.04381415992975235,"[-0.26769793033599854,-0.06300915032625198,0.9980867505073547,0.6958664059638977,-0.07637465000152588,0.7127206921577454,-0.04433919116854668]","[0.3021277189254761,-0.35423773527145386,0.9176297783851624,0.7229042053222656,-0.004415957257151604,-0.0005004703998565674,0.6909340023994446]","[-0.300559401512146,-0.13075128197669983,0.7805473804473877]","[0.03478655964136124,0.1489143669605255,0.6945727467536926,0.7029815316200256]",0.0,0.0,0.0,False,False,0.0025518834590911865
57,1,6,False,"[-0.06401557475328445,2.0882208347320557,1.8735063076019287,-1.5128600597381592,-0.0036284923553466797,1.431225061416626,0.3927270770072937,-0.0032786279916763306,-0.04365617036819458,-0.008767306804656982,-0.038586005568504333,0.037221759557724,-0.00653800368309021,0.9999017715454102]","[-0.06610187143087387,2.089901924133301,1.8739635944366455,-1.513681411743164,-0.003920018207281828,1.4326506853103638]",0.01374870352447033,"[-0.0034814130049198866,-0.04395660012960434,-0.008880202658474445,-0.03895246982574463,0.03762936592102051,-0.006579253822565079]",0.043886639177799225,"[-0.27416709065437317,-0.0638764351606369,1.0014435052871704,0.6973362565040588,-0.08104325085878372,0.7115033864974976,-0.03027902916073799]","[0.30189406871795654,-0.35418635606765747,0.9180819988250732,0.7213765382766724,-0.0037667329888790846,-0.0009315522620454431,0.6925321221351624]","[-0.30055922269821167,-0.13075073063373566,0.780547559261322]","[0.03478255122900009,0.14891652762889862,0.6945890784263611,0.7029651999473572]",1.7881393432617188e-07,0.0,0.0,False,False,0.004351690411567688
58,1,7,False,"[-0.05332805961370468,2.0849809646606445,1.8745684623718262,-1.5142011642456055,-0.012131601572036743,1.4265432357788086,0.3304702937602997,-0.0019348114728927612,-0.046895384788513184,-0.01148766279220581,-0.03779953718185425,0.03728613257408142,-0.002631634473800659,1.0018978118896484]","[-0.05489728972315788,2.0857152938842773,1.8744215965270996,-1.5141407251358032,-0.011093207634985447,1.4273219108581543]",0.011357789859175682,"[-0.0021159967873245478,-0.0465378500521183,-0.011201869696378708,-0.03795582428574562,0.037326630204916,-0.0031350848730653524]",0.043935246765613556,"[-0.27873364090919495,-0.0641729012131691,1.0030955076217651,0.6950104236602783,-0.08497966080904007,0.7135910987854004,-0.022946719080209732]","[0.30175456404685974,-0.35416916012763977,0.9175858497619629,0.7208054661750793,-0.0020722856279462576,-0.00017699140880722553,0.6931341886520386]","[-0.30055952072143555,-0.13075125217437744,0.7805473804473877]","[0.034789346158504486,0.14891788363456726,0.6945726275444031,0.7029808163642883]",0.0,0.0,0.0,False,False,0.0038551241159439087
59,1,8,False,"[-0.04686238244175911,2.081976890563965,1.871142864227295,-1.5140085220336914,-0.009984642267227173,1.433698058128357,0.30787330865859985,-0.0022117197513580322,-0.042185306549072266,-0.0065947771072387695,-0.0356832854449749,0.03593394160270691,-0.0019300878047943115,1.0019123554229736]","[-0.04787896201014519,2.0824735164642334,1.8715053796768188,-1.5140458345413208,-0.010126236826181412,1.4328845739364624]",0.009434637613594532,"[-0.002197482855990529,-0.042725030332803726,-0.007076849229633808,-0.0359475202858448,0.03611023724079132,-0.002083598170429468]",0.04396311193704605,"[-0.28144749999046326,-0.06473998725414276,1.0035909414291382,0.6956923604011536,-0.08546127378940582,0.712887704372406,-0.02234821394085884]","[0.3017270863056183,-0.3542325794696808,0.918891429901123,0.7204144597053528,-0.0008581480360589921,-0.0006184520316310227,0.6935429573059082]","[-0.3005594313144684,-0.13075104355812073,0.7805474996566772]","[0.03478923812508583,0.14891773462295532,0.6945796012878418,0.7029740214347839]",1.1920928955078125e-07,0.0,0.0,False,False,0.0030872710049152374
60,1,9,False,"[-0.035307496786117554,2.0762434005737305,1.869783639907837,-1.5150768756866455,-0.012974739074707031,1.4266301393508911,0.2635064721107483,-0.0002454221248626709,-0.04135394096374512,-0.007580161094665527,-0.0328705869615078,0.03350207209587097,0.0008564293384552002,1.0034537315368652]","[-0.03670676797628403,2.0770103931427,1.8699721097946167,-1.514965534210205,-0.01262690220028162,1.4274277687072754]",0.007322745863348246,"[-0.000469639606308192,-0.04150717705488205,-0.007542846724390984,-0.03326992318034172,0.033827994018793106,0.00048128896742127836]",0.04397730156779289,"[-0.2858612835407257,-0.06554081290960312,1.0052375793457031,0.6948558688163757,-0.09014680981636047,0.7133095860481262,-0.015438320115208626]","[0.30149558186531067,-0.35413241386413574,0.9188998341560364,0.7190229296684265,0.0004225939919706434,-7.416681910399348e-05,0.6949861645698547]","[-0.3005593419075012,-0.13075101375579834,0.7805474996566772]","[0.03478703647851944,0.14891645312309265,0.6945806741714478,0.7029732465744019]",1.1920928955078125e-07,0.0,0.0,False,False,0.0033988230861723423
61,1,10,False,"[-0.026638731360435486,2.071223735809326,1.8706092834472656,-1.5162382125854492,-0.010767370462417603,1.426956057548523,0.2573205530643463,0.0007545202970504761,-0.036187946796417236,-0.003943264484405518,-0.028364654630422592,0.03082871437072754,0.0016383230686187744,1.0041985511779785]","[-0.02785690687596798,2.0719857215881348,1.8704907894134521,-1.5160882472991943,-0.011007742024958134,1.427016019821167]",0.005923628341406584,"[0.0006172163994051516,-0.036837443709373474,-0.004315950442105532,-0.028969166800379753,0.03120519034564495,0.001490642549470067]",0.04398844391107559,"[-0.2892385423183441,-0.06619928032159805,1.0072065591812134,0.6957159638404846,-0.09200051426887512,0.7123211622238159,-0.010654516518115997]","[0.3013155162334442,-0.3540847599506378,0.9200572967529297,0.7177305221557617,0.0018108855001628399,-0.0007165988208726048,0.6963182091712952]","[-0.30055952072143555,-0.13075150549411774,0.7805473208427429]","[0.03478807955980301,0.14891359210014343,0.6945661306381226,0.7029882669448853]",-5.960464477539063e-08,0.0,0.0,False,False,0.0022755544632673264
62,1,11,False,"[-0.021718043833971024,2.066483974456787,1.86250638961792,-1.51503324508667,-0.01702195405960083,1.428911566734314,0.23039382696151733,0.001001998782157898,-0.04041248559951782,-0.010038256645202637,-0.02650560438632965,0.03288501501083374,0.005304545164108276,1.0049502849578857]","[-0.02247365564107895,2.067213296890259,1.8634198904037476,-1.515206217765808,-0.016260573640465736,1.4286704063415527]",0.004512038081884384,"[0.0009531334508210421,-0.03996305540204048,-0.00942732859402895,-0.026846865192055702,0.03267214819788933,0.004818434827029705]",0.043995920568704605,"[-0.29148396849632263,-0.06737212091684341,1.0072541236877441,0.6938921809196472,-0.09354354441165924,0.713908851146698,-0.009858516976237297]","[0.3013255000114441,-0.3539275527000427,0.9187632203102112,0.7181199789047241,0.003056274028494954,0.0003947496006730944,0.6959124803543091]","[-0.30055946111679077,-0.13075131177902222,0.7805474996566772]","[0.0347902812063694,0.14891521632671356,0.6945719122886658,0.7029820680618286]",1.1920928955078125e-07,0.0,0.0,False,False,0.0022798366844654083
63,1,12,False,"[-0.006111614406108856,2.0577845573425293,1.8519487380981445,-1.5151097774505615,-0.021389156579971313,1.4340171813964844,0.1915150284767151,0.00020162761211395264,-0.0350610613822937,-0.007806658744812012,-0.021375101059675217,0.031139999628067017,0.007662981748580933,1.0034111738204956]","[-0.007870126515626907,2.0589146614074707,1.8533059358596802,-1.5151835680007935,-0.020761588588356972,1.433335304260254]",0.0028211823664605618,"[0.00029272580286487937,-0.035665519535541534,-0.007936021313071251,-0.02205302193760872,0.031335558742284775,0.007300501223653555]",0.04399717599153519,"[-0.2972184419631958,-0.06938010454177856,1.007861614227295,0.6924923658370972,-0.097521111369133,0.7147681713104248,-0.007097894325852394]","[0.3013502061367035,-0.3537938892841339,0.9194064140319824,0.7178760766983032,0.004659134894609451,0.0005665456410497427,0.6961549520492554]","[-0.300559401512146,-0.13075102865695953,0.7805474996566772]","[0.034789077937603,0.14891812205314636,0.6945807337760925,0.7029728293418884]",1.1920928955078125e-07,0.0,0.0,False,False,0.003919132053852081
64,1,13,False,"[-0.004226714372634888,2.054703712463379,1.859466791152954,-1.5244331359863281,-0.01686301827430725,1.4221564531326294,0.17379677295684814,0.0009766072034835815,-0.03302145004272461,-0.004103481769561768,-0.022407380864024162,0.030125945806503296,0.006631910800933838,1.0028455257415771]","[-0.004828669596463442,2.055230140686035,1.8586715459823608,-1.5232700109481812,-0.017347555607557297,1.423583984375]",0.001419548294506967,"[0.0008988206973299384,-0.0333421416580677,-0.004535083193331957,-0.022349584847688675,0.03027726709842682,0.006717134732753038]",0.04399791359901428,"[-0.2982810139656067,-0.0701957643032074,1.010574460029602,0.6932690143585205,-0.10183241218328476,0.7134445905685425,-0.002217646688222885]","[0.30126142501831055,-0.35388150811195374,0.9203572273254395,0.7172959446907043,0.004727616440504789,9.325636347057298e-05,0.6967524886131287]","[-0.30055946111679077,-0.130750834941864,0.7805474996566772]","[0.03479023650288582,0.14891885221004486,0.6945851445198059,0.7029682397842407]",1.1920928955078125e-07,0.0,0.0,False,False,0.002240182540845126
65,1,14,False,"[0.0038088932633399963,2.042137622833252,1.857900857925415,-1.5274364948272705,-0.01989629864692688,1.4143147468566895,0.15518993139266968,-0.0008076876401901245,-0.03638249635696411,-0.002766430377960205,-0.022513438016176224,0.030185997486114502,0.006148219108581543,1.0047588348388672]","[0.0028884669300168753,2.0437867641448975,1.857926845550537,-1.5269451141357422,-0.019585149362683296,1.415497064590454]",0.00018585569341666996,"[-0.0006069369264878333,-0.03602587804198265,-0.002963664475828409,-0.02248331531882286,0.030200842767953873,0.006220897659659386]",0.04399854689836502,"[-0.3012699484825134,-0.07229333370923996,1.0145559310913086,0.6924192905426025,-0.10483580827713013,0.7138141989707947,0.005849568173289299]","[0.30140379071235657,-0.35413268208503723,0.9210821986198425,0.7177838683128357,0.006028152536600828,-0.0015182377537712455,0.6962381601333618]","[-0.3005594313144684,-0.13075114786624908,0.7805474996566772]","[0.034789424389600754,0.1489153951406479,0.6945762634277344,0.70297771692276]",1.1920928955078125e-07,0.0,0.0,False,False,0.003122091293334961
66,1,15,False,"[0.0068885162472724915,2.039034366607666,1.8422374725341797,-1.5142898559570312,-0.02058008313179016,1.4173040390014648,0.12315481901168823,0.001583784818649292,-0.029840946197509766,-0.002752065658569336,-0.020521003752946854,0.028524667024612427,0.011428207159042358,1.002021074295044]","[0.006365181878209114,2.039789915084839,1.8440719842910767,-1.5159270763397217,-0.020453855395317078,1.4170736074447632]",0.0,"[0.0013291797367855906,-0.030562873929739,-0.002808730583637953,-0.020783254876732826,0.028732670471072197,0.010763928294181824]",0.04399627074599266,"[-0.30260348320007324,-0.07304538786411285,1.0125434398651123,0.6922429800033569,-0.10508452355861664,0.7139391899108887,0.00690612243488431]","[0.30117520689964294,-0.35383737087249756,0.9208840727806091,0.7165949940681458,0.006358525715768337,0.001326728262938559,0.6974591016769409]","[-0.30055955052375793,-0.13075150549411774,0.7805474400520325]","[0.03479315713047981,0.1489185243844986,0.6945669651031494,0.7029861211776733]",5.960464477539063e-08,0.0,0.0,False,False,0.0036824941635131836
67,1,16,False,"[0.014343984425067902,2.041023015975952,1.8528220653533936,-1.531240463256836,-0.020101934671401978,1.4200133085250854,0.15168118476867676,0.00027379393577575684,-0.030915379524230957,-0.0019496679306030273,-0.01933702826499939,0.029357165098190308,0.009702831506729126,1.004500389099121]","[0.01347147673368454,2.0407662391662598,1.8517521619796753,-1.5293079614639282,-0.020155923441052437,1.4196383953094482]",0.0,"[0.0003969544777646661,-0.03088357485830784,-0.002020534360781312,-0.019510140642523766,0.02928008697926998,0.009838526137173176]",0.04399865120649338,"[-0.3052670657634735,-0.07353682816028595,1.0142033100128174,0.6921294331550598,-0.10905901342630386,0.7134606838226318,0.006063885986804962]","[0.30128076672554016,-0.35390788316726685,0.9212994575500488,0.7171061635017395,0.006883447524160147,0.00017170890350826085,0.696929931640625]","[-0.3005593717098236,-0.13075104355812073,0.7805474400520325]","[0.03478516638278961,0.14891275763511658,0.6945794820785522,0.7029753923416138]",5.960464477539063e-08,0.0,0.0,False,False,0.0030565261840820312
68,1,17,False,"[0.021397538483142853,2.0357260704040527,1.8526787757873535,-1.5304114818572998,-0.02275022864341736,1.415296196937561,0.11687338352203369,-0.00011743605136871338,-0.029111742973327637,-0.0016273856163024902,-0.019298892468214035,0.027042239904403687,0.00979083776473999,1.0020865201950073]","[0.020487433299422264,2.036383867263794,1.8525357246398926,-1.5302802324295044,-0.022427843883633614,1.4158505201339722]",0.0,"[-5.251675975159742e-05,-0.029317429289221764,-0.0016859036404639482,-0.01932944729924202,0.027326146140694618,0.009796765632927418]",0.043997764587402344,"[-0.3079598546028137,-0.07426516711711884,1.0159648656845093,0.6912924647331238,-0.1113082766532898,0.713860273361206,0.011338372714817524]","[0.3012673854827881,-0.353841096162796,0.9213114380836487,0.7165851593017578,0.006485450081527233,0.0005222430918365717,0.6974692344665527]","[-0.30055925250053406,-0.13075074553489685,0.7805474996566772]","[0.03478274494409561,0.14891685545444489,0.6945884823799133,0.7029657363891602]",1.1920928955078125e-07,0.0,0.0,False,False,0.0036888374015688896
69,1,18,False,"[0.02554953843355179,2.027838706970215,1.8434562683105469,-1.527858018875122,-0.02141454815864563,1.4086979627609253,0.10116064548492432,0.00028020143508911133,-0.029189109802246094,-0.0012014508247375488,-0.018615882843732834,0.027202576398849487,0.008859097957611084,1.0009377002716064]","[0.02492825873196125,2.0289254188537598,1.8445080518722534,-1.5282102823257446,-0.021544909104704857,1.4096111059188843]",0.0,"[0.0002414575865259394,-0.029207898303866386,-0.0012478327844291925,-0.01870260015130043,0.02721727453172207,0.008978603407740593]",0.04399915039539337,"[-0.30956190824508667,-0.07591632753610611,1.0166782140731812,0.6912946105003357,-0.11457411199808121,0.7132599949836731,0.01563788577914238]","[0.30123600363731384,-0.3538629114627838,0.9215127825737,0.7164443135261536,0.006534471642225981,-9.544759814161807e-05,0.6976137161254883]","[-0.30055946111679077,-0.1307511329650879,0.7805474996566772]","[0.034789834171533585,0.14891450107097626,0.6945765614509583,0.7029776573181152]",1.1920928955078125e-07,0.0,0.0,False,False,0.004537325352430344
70,1,19,False,"[0.02957315742969513,2.020376205444336,1.8434956073760986,-1.5337355136871338,-0.024274379014968872,1.402882695198059,0.10794609785079956,0.0005317926406860352,-0.03246980905532837,-0.0027754902839660645,-0.017798375338315964,0.027482718229293823,0.007154881954193115,1.0017279386520386]","[0.029042545706033707,2.021416425704956,1.843570590019226,-1.5330719947814941,-0.023931823670864105,1.4037418365478516]",0.0,"[0.0004973651957698166,-0.03208121657371521,-0.002599564613774419,-0.01791558787226677,0.02744838409125805,0.007387354038655758]",0.043999750167131424,"[-0.31112033128738403,-0.07764943689107895,1.0191763639450073,0.6901566982269287,-0.1173601746559143,0.7138063907623291,0.019763201475143433]","[0.3012181520462036,-0.3539377450942993,0.9213479161262512,0.7164332866668701,0.006792755331844091,-0.001454190700314939,0.6976209878921509]","[-0.30055952072143555,-0.13075153529644012,0.7805473208427429]","[0.03478875756263733,0.1489136964082718,0.69456547498703,0.7029888033866882]",-5.960464477539063e-08,0.0,0.0,False,False,0.00417091092094779
71,1,20,False,"[0.030328519642353058,2.0188183784484863,1.8449008464813232,-1.5378668308258057,-0.024709850549697876,1.4068344831466675,0.11648547649383545,0.0003870278596878052,-0.03120046854019165,-0.0010624527931213379,-0.01764422096312046,0.028340011835098267,0.006677985191345215,1.0026441812515259]","[0.030139420181512833,2.019221544265747,1.8446675539016724,-1.537273645401001,-0.024609342217445374,1.4064399003982544]",0.0,"[0.00039829182787798345,-0.03131222352385521,-0.0012260519433766603,-0.01767081394791603,0.028227467089891434,0.006768402177840471]",0.043999429792165756,"[-0.31152859330177307,-0.07831123471260071,1.0202674865722656,0.690021276473999,-0.11710116267204285,0.7140045762062073,0.01885169930756092]","[0.30125027894973755,-0.3539840877056122,0.9217800498008728,0.7167387008666992,0.0068779997527599335,-0.001965722069144249,0.6973050832748413]","[-0.30055946111679077,-0.13075105845928192,0.7805474996566772]","[0.03478935360908508,0.14891435205936432,0.6945788860321045,0.702975332736969]",1.1920928955078125e-07,0.0,0.0,False,False,0.0037097842432558537
72,1,21,False,"[0.0359550341963768,2.016995906829834,1.849477767944336,-1.5477349758148193,-0.02529969811439514,1.4062892198562622,0.11372601985931396,0.0006633549928665161,-0.030267655849456787,-0.00025784969329833984,-0.016454683616757393,0.02667975425720215,0.009344011545181274,1.0035996437072754]","[0.03534366935491562,2.017265796661377,1.8488460779190063,-1.546425461769104,-0.025221016258001328,1.406308889389038]",0.0,"[0.0006350561743602157,-0.030393004417419434,-0.0003673446481116116,-0.016606515273451805,0.026875192299485207,0.009015478193759918]",0.043998654931783676,"[-0.3134506344795227,-0.07921254634857178,1.0220719575881958,0.6896038055419922,-0.12001527845859528,0.713903546333313,0.01960955187678337]","[0.30118846893310547,-0.3539876639842987,0.9221049547195435,0.716172456741333,0.008038107305765152,-0.001532091060653329,0.6978753209114075]","[-0.30055952072143555,-0.13075153529644012,0.7805473804473877]","[0.0347926989197731,0.14891962707042694,0.6945663690567017,0.702986478805542]",0.0,0.0,0.0,False,False,0.0038587949238717556
73,1,22,False,"[0.05324091017246246,2.0041463375091553,1.8246676921844482,-1.5321900844573975,-0.029215902090072632,1.418568730354309,0.09958845376968384,0.0013660341501235962,-0.026447951793670654,-0.00392913818359375,-0.0117915328592062,0.027428627014160156,0.01273927092552185,1.0042083263397217]","[0.051348235458135605,2.0058043003082275,1.8275628089904785,-1.5340731143951416,-0.02873774617910385,1.4170039892196655]",0.0,"[0.0012788267340511084,-0.026900703087449074,-0.003545996267348528,-0.012424860149621964,0.027357449755072594,0.012264594435691833]",0.043999768793582916,"[-0.3193623721599579,-0.08184468001127243,1.0208659172058105,0.688948392868042,-0.1210085079073906,0.7142928242683411,0.02219906449317932]","[0.3011398911476135,-0.35359373688697815,0.921161949634552,0.7161129713058472,0.008311070501804352,0.000472072308184579,0.6979346871376038]","[-0.300559401512146,-0.13075117766857147,0.7805474400520325]","[0.03478581830859184,0.14891375601291656,0.6945755481719971,0.7029790282249451]",5.960464477539063e-08,0.0,0.0,False,False,0.00485837459564209
74,1,23,False,"[0.0525919646024704,2.004798173904419,1.8383042812347412,-1.5538849830627441,-0.025852680206298828,1.4008983373641968,0.10858869552612305,0.00088481605052948,-0.02698683738708496,0.0009546875953674316,-0.01582452282309532,0.026153653860092163,0.0062649548053741455,1.003021001815796]","[0.052252043038606644,2.0048561096191406,1.8369505405426025,-1.5513904094696045,-0.026204267516732216,1.4029555320739746]",0.0,"[0.0009343457641080022,-0.02699875645339489,0.00048348563723266125,-0.01536515075713396,0.02630595490336418,0.007030016276985407]",0.04399995505809784,"[-0.31956803798675537,-0.08288650214672089,1.0236607789993286,0.6886521577835083,-0.12869003415107727,0.7131412029266357,0.02502964250743389]","[0.30114302039146423,-0.3538508117198944,0.92225581407547,0.7158817052841187,0.006858758628368378,-0.001770266448147595,0.6981856226921082]","[-0.30055925250053406,-0.13075095415115356,0.7805474996566772]","[0.03478438779711723,0.1489197313785553,0.6945834159851074,0.7029699683189392]",1.1920928955078125e-07,0.0,0.0,False,False,0.004136210307478905
75,1,24,False,"[0.06283438205718994,1.9998196363449097,1.8327844142913818,-1.5521292686462402,-0.03221482038497925,1.421777367591858,0.13358831405639648,0.0008047521114349365,-0.028342008590698242,-0.0020980238914489746,-0.011924142949283123,0.026643961668014526,0.010369360446929932,1.0056124925613403]","[0.06174793466925621,2.000514030456543,1.8332247734069824,-1.5520657300949097,-0.031471218913793564,1.4193748235702515]",0.0,"[0.0008188479696400464,-0.028170645236968994,-0.0018244466045871377,-0.012375329621136189,0.026601802557706833,0.00994336511939764]",0.043999750167131424,"[-0.3231397271156311,-0.08415110409259796,1.0243006944656372,0.6877177357673645,-0.12621262669563293,0.7145726680755615,0.0223720520734787]","[0.30116260051727295,-0.3537737727165222,0.9218494296073914,0.7160066962242126,0.008567129261791706,-0.0013999956427142024,0.6980392932891846]","[-0.3005593717098236,-0.13075104355812073,0.7805474996566772]","[0.034786809235811234,0.14891666173934937,0.6945798397064209,0.7029740810394287]",1.1920928955078125e-07,0.0,0.0,False,False,0.003758072853088379
76,1,25,False,"[0.06012322008609772,2.004831552505493,1.8489460945129395,-1.5626206398010254,-0.027027636766433716,1.4164159297943115,0.1212698221206665,0.002696126699447632,-0.023943305015563965,0.005365729331970215,-0.018274473026394844,0.02467644214630127,0.012259721755981445,1.0044500827789307]","[0.060159649699926376,2.004319429397583,1.8470278978347778,-1.561241865158081,-0.027578873559832573,1.4167945384979248]",0.0,"[0.002479278715327382,-0.024461256340146065,0.004558519925922155,-0.01749957725405693,0.02491631545126438,0.011964219622313976]",0.04399822652339935,"[-0.322496622800827,-0.08327572792768478,1.0263729095458984,0.688986599445343,-0.126418799161911,0.713290274143219,0.023081552237272263]","[0.30095455050468445,-0.3539612889289856,0.9232420325279236,0.7148396372795105,0.008405282162129879,0.0001667245087446645,0.6992378830909729]","[-0.30055949091911316,-0.13075144588947296,0.7805473208427429]","[0.03478757664561272,0.14891360700130463,0.6945680379867554,0.7029863595962524]",-5.960464477539063e-08,0.0,0.0,False,False,0.0034514295402914286
77,1,26,False,"[0.06926016509532928,2.000542640686035,1.8468263149261475,-1.5766310691833496,-0.028178244829177856,1.424534559249878,0.178103506565094,0.0013547241687774658,-0.027850449085235596,0.002288341522216797,-0.014968830160796642,0.023614495992660522,0.007757067680358887,1.0087969303131104]","[0.06835129857063293,2.0010085105895996,1.8467559814453125,-1.5747357606887817,-0.028119836002588272,1.4235477447509766]",0.0,"[0.0014903899282217026,-0.027437010779976845,0.002528380835428834,-0.015301507897675037,0.023780612275004387,0.00829361192882061]",0.04399936646223068,"[-0.3253891170024872,-0.0853145569562912,1.0276552438735962,0.6887113451957703,-0.1305910348892212,0.7129049301147461,0.019725443795323372]","[0.30101680755615234,-0.35400500893592834,0.9229905605316162,0.7147907018661499,0.008214320987462997,-0.0022177300415933132,0.6992865800857544]","[-0.30055955052375793,-0.13075122237205505,0.7805474996566772]","[0.034793268889188766,0.14891958236694336,0.694573700428009,0.7029791474342346]",1.1920928955078125e-07,0.0,0.0,False,False,0.0030748844146728516
78,1,27,False,"[0.06415659189224243,2.0133309364318848,1.8605461120605469,-1.5869998931884766,-0.02265608310699463,1.419066071510315,0.20031940937042236,0.001711040735244751,-0.025886893272399902,0.00768667459487915,-0.013319913297891617,0.02300572395324707,0.008247554302215576,1.007110834121704]","[0.06447956711053848,2.0118932723999023,1.8588345050811768,-1.5854029655456543,-0.02333352342247963,1.419638752937317]",0.00032242212910205126,"[0.0016865036450326443,-0.026097571477293968,0.007148704957216978,-0.01354131381958723,0.023103153333067894,0.008253155276179314]",0.043998897075653076,"[-0.32394734025001526,-0.08353406935930252,1.0268869400024414,0.6897789239883423,-0.13403359055519104,0.711315393447876,0.016443166881799698]","[0.30097872018814087,-0.3542313277721405,0.9246290922164917,0.714462399482727,0.010001790709793568,-0.003991786856204271,0.6995909214019775]","[-0.3005591630935669,-0.1307506114244461,0.780547559261322]","[0.03478071838617325,0.14891737699508667,0.6945921778678894,0.7029619812965393]",1.7881393432617188e-07,0.0,0.0,False,False,0.003093242645263672
79,1,28,False,"[0.0658775120973587,1.9954216480255127,1.8465688228607178,-1.5860748291015625,-0.021807491779327393,1.3999571800231934,0.2184079885482788,0.0013062059879302979,-0.03583419322967529,0.0062898993492126465,-0.015596013516187668,0.023988038301467896,0.0031494200229644775,1.0126683712005615]","[0.06578705459833145,1.9972832202911377,1.8480716943740845,-1.5860695838928223,-0.022006917744874954,1.402469515800476]",0.0009391888161189854,"[0.0013495623134076595,-0.03467223048210144,0.006369282025843859,-0.015335870906710625,0.02387639321386814,0.0038002324290573597]",0.04399910941720009,"[-0.3241724371910095,-0.08682370185852051,1.0294206142425537,0.6892026662826538,-0.13938289880752563,0.7106253504753113,0.024156827479600906]","[0.30103421211242676,-0.35468360781669617,0.9248387813568115,0.7148427367210388,0.010561459697782993,-0.007642701268196106,0.6991636753082275]","[-0.300559401512146,-0.1307513266801834,0.7805473804473877]","[0.034785665571689606,0.1489148885011673,0.6945716142654419,0.7029826045036316]",0.0,0.0,0.0,False,False,0.004569053649902344
80,1,29,False,"[0.07646480202674866,1.999207854270935,1.8459758758544922,-1.5970685482025146,-0.017098665237426758,1.4118151664733887,0.24736946821212769,0.0010953545570373535,-0.027100741863250732,0.011046886444091797,-0.01217239536345005,0.021369516849517822,0.006402045488357544,1.0097253322601318]","[0.07534218579530716,1.9991174936294556,1.8460959196090698,-1.5957072973251343,-0.017739303410053253,1.4106218814849854]",0.0018970401724800467,"[0.001130141899921,-0.028011104092001915,0.01052580215036869,-0.01256080623716116,0.02168715000152588,0.006069928407669067]",0.04399819299578667,"[-0.3274599015712738,-0.08783027529716492,1.0284839868545532,0.6905628442764282,-0.14479891955852509,0.7083532214164734,0.019792752340435982]","[0.30099156498908997,-0.3545737862586975,0.9260150194168091,0.7141398787498474,0.011456410400569439,-0.006952706258744001,0.6998745799064636]","[-0.3005593717098236,-0.13075101375579834,0.7805474996566772]","[0.034788407385349274,0.1489170640707016,0.6945804357528687,0.7029733061790466]",1.1920928955078125e-07,0.0,0.0,False,False,0.0025701820850372314
81,1,30,False,"[0.08568435907363892,1.9878348112106323,1.8364839553833008,-1.595979928970337,-0.021707624197006226,1.4070721864700317,0.27246972918510437,-0.0003330111503601074,-0.03220212459564209,0.008166670799255371,-0.012527856975793839,0.020765185356140137,0.0023787319660186768,1.010033130645752]","[0.08452655375003815,1.9890989065170288,1.8376587629318237,-1.5960068702697754,-0.021215060725808144,1.4075263738632202]",0.0030428864993155003,"[-0.00015877433179412037,-0.031691357493400574,0.008410976268351078,-0.012543849647045135,0.02088405378162861,0.0028495555743575096]",0.04399916157126427,"[-0.33068886399269104,-0.09041586518287659,1.02994704246521,0.6890699863433838,-0.14851851761341095,0.7088909149169922,0.02445904351770878]","[0.3010913133621216,-0.3546522855758667,0.9255766272544861,0.7143188118934631,0.010862473398447037,-0.008643127046525478,0.6996826529502869]","[-0.3005593419075012,-0.13075096905231476,0.7805474996566772]","[0.03478647395968437,0.1489165872335434,0.6945818662643433,0.7029720544815063]",1.1920928955078125e-07,0.0,0.0,False,False,0.0030956268310546875
82,1,31,False,"[0.0907692164182663,1.9746077060699463,1.8244397640228271,-1.5837891101837158,-0.016863137483596802,1.3981280326843262,0.25801926851272583,-0.0004013925790786743,-0.03640949726104736,0.004427790641784668,-0.011455187574028969,0.021861016750335693,0.004794061183929443,1.0134081840515137]","[0.09001386910676956,1.976436734199524,1.8260191679000854,-1.5853784084320068,-0.017419083043932915,1.3993276357650757]",0.003406530013307929,"[-0.0003754790232051164,-0.03584545850753784,0.00488322926685214,-0.011603138409554958,0.02173827588558197,0.0045460727997124195]",0.04399903863668442,"[-0.3323742151260376,-0.09254392236471176,1.0313481092453003,0.6902177333831787,-0.14944109320640564,0.7072089910507202,0.033499184995889664]","[0.30113673210144043,-0.35466164350509644,0.9247840046882629,0.7146747708320618,0.012032230384647846,-0.008595362305641174,0.6993004679679871]","[-0.30055946111679077,-0.13075143098831177,0.7805473804473877]","[0.034787487238645554,0.14891402423381805,0.694568932056427,0.702985405921936]",0.0,0.0,0.0,False,False,0.003122687339782715
83,1,32,False,"[0.09712286293506622,1.9692344665527344,1.8116788864135742,-1.58310866355896,-0.008403807878494263,1.4068113565444946,0.3321927487850189,-0.0011260062456130981,-0.033696889877319336,0.008996546268463135,-0.013917217962443829,0.020094186067581177,0.00860866904258728,1.0130945444107056]","[0.09631763398647308,1.9701887369155884,1.8133357763290405,-1.5834578275680542,-0.009555886499583721,1.405856966972351]",0.005231590010225773,"[-0.0010350721422582865,-0.03396870195865631,0.00855328980833292,-0.013603350147604942,0.02030404843389988,0.00809076614677906]",0.043998826295137405,"[-0.33422359824180603,-0.09455834329128265,1.030450701713562,0.6931727528572083,-0.1513064205646515,0.7039893269538879,0.03188600763678551]","[0.30115801095962524,-0.354796826839447,0.9256938695907593,0.7143828272819519,0.01321333460509777,-0.007293210364878178,0.6995922327041626]","[-0.30055952072143555,-0.13075119256973267,0.7805474400520325]","[0.03479227423667908,0.1489207148551941,0.6945746541023254,0.7029780745506287]",5.960464477539063e-08,0.0,0.0,False,False,0.003008604049682617
84,1,33,False,"[0.09197896718978882,1.9527859687805176,1.7964441776275635,-1.5687510967254639,0.0006457865238189697,1.3639273643493652,0.3122538924217224,-0.0018343627452850342,-0.04600101709365845,0.005147755146026611,-0.01584717258810997,0.021137863397598267,-0.0015317797660827637,1.0153772830963135]","[0.09234467893838882,1.9548404216766357,1.7985308170318604,-1.5706669092178345,-0.000634703494142741,1.3692785501480103]",0.005908051040023565,"[-0.0017413176828995347,-0.04456581547856331,0.005525111686438322,-0.015568077564239502,0.021032942458987236,-0.00030460351263172925]",0.04399874433875084,"[-0.3323242664337158,-0.0968729704618454,1.0319236516952515,0.6941189169883728,-0.15836335718631744,0.7005670070648193,0.048227109014987946]","[0.30124571919441223,-0.35521480441093445,0.9252728819847107,0.7149022817611694,0.012215115129947662,-0.012191289104521275,0.6990113258361816]","[-0.3005593717098236,-0.13075095415115356,0.7805474996566772]","[0.03478763997554779,0.14891529083251953,0.6945821046829224,0.7029720544815063]",1.1920928955078125e-07,0.0,0.0,False,False,0.008370399475097656
85,1,34,False,"[0.10485440492630005,1.9270977973937988,1.7570698261260986,-1.5411090850830078,0.0029323697090148926,1.3410882949829102,0.3620516359806061,-0.0030349642038345337,-0.04771900177001953,0.005414307117462158,-0.0020372746512293816,0.015543907880783081,0.01027524471282959,1.0124001502990723]","[0.10362659394741058,1.9305479526519775,1.7620476484298706,-1.5449779033660889,0.002449553459882736,1.3446825742721558]",0.007379498798400164,"[-0.0028734190855175257,-0.04738102853298187,0.005522452760487795,-0.0037286425940692425,0.016241630539298058,0.008925738744437695]",0.04399833083152771,"[-0.3357512056827545,-0.1017196998000145,1.0310019254684448,0.6935011148452759,-0.16628573834896088,0.6979303359985352,0.06556239724159241]","[0.3012137711048126,-0.35543113946914673,0.9266260862350464,0.713425874710083,0.020686542615294456,-0.01413965318351984,0.7002825736999512]","[-0.300559401512146,-0.1307513415813446,0.7805474400520325]","[0.03478975221514702,0.14892031252384186,0.6945719718933105,0.7029808759689331]",5.960464477539063e-08,0.0,0.0,False,False,0.008214712142944336
86,1,35,False,"[0.1130162924528122,1.8718925714492798,1.7004022598266602,-1.4959495067596436,0.016442865133285522,1.3039790391921997,0.4078797399997711,-0.007362008094787598,-0.07538938522338867,0.004122495651245117,-0.014031222090125084,0.021129518747329712,0.0003204047679901123,1.0122947692871094]","[0.11194612830877304,1.8788363933563232,1.7079315185546875,-1.5023765563964844,0.014654622413218021,1.3091734647750854]",0.009282705374062061,"[-0.0068442728370428085,-0.07207264751195908,0.004289382603019476,-0.012703223153948784,0.020519685000181198,0.0014188217464834452]",0.043993379920721054,"[-0.337287575006485,-0.11093819886445999,1.0343997478485107,0.6962659358978271,-0.16800184547901154,0.6913498044013977,0.09499730914831161]","[0.301704078912735,-0.3568117916584015,0.9271678924560547,0.7162302136421204,0.023167647421360016,-0.02185061387717724,0.6971369385719299]","[-0.3005594313144684,-0.13075101375579834,0.7805474996566772]","[0.03478890284895897,0.14891426265239716,0.6945803165435791,0.7029739618301392]",1.1920928955078125e-07,0.0,0.0,False,False,0.01286458969116211
87,1,36,False,"[0.12032516300678253,1.8638077974319458,1.683948278427124,-1.4792892932891846,0.01329907774925232,1.2878360748291016,0.4126153588294983,-0.007207587361335754,-0.07053214311599731,0.0004888772964477539,-0.007843042723834515,0.020231187343597412,0.004632413387298584,1.0146565437316895]","[0.11940845102071762,1.8659723997116089,1.6866854429244995,-1.4822674989700317,0.01345629058778286,1.2905559539794922]",0.01047427300363779,"[-0.007165306713432074,-0.07069671154022217,0.0008770906133577228,-0.008487654849886894,0.020269114524126053,0.004222299437969923]",0.04398971050977707,"[-0.3396110236644745,-0.11322533339262009,1.0331947803497314,0.6944091320037842,-0.17288094758987427,0.6900773048400879,0.10817309468984604]","[0.3017289936542511,-0.35648056864738464,0.9263246655464172,0.7162285447120667,0.023961467668414116,-0.02067865990102291,0.6971475481987]","[-0.30055952072143555,-0.13075150549411774,0.7805473208427429]","[0.034788332879543304,0.14891333878040314,0.6945661902427673,0.7029882073402405]",-5.960464477539063e-08,0.0,0.0,False,False,0.005326509475708008
88,1,37,False,"[0.10826246440410614,1.8346284627914429,1.6509835720062256,-1.4328255653381348,0.0349583625793457,1.2420672178268433,0.3880745768547058,-0.004255384206771851,-0.07646751403808594,0.0008523464202880859,-0.0020701270550489426,0.01872888207435608,0.006081640720367432,1.0160655975341797]","[0.10930479317903519,1.8383699655532837,1.655434012413025,-1.4391529560089111,0.032256487756967545,1.248254418373108]",0.010695483535528183,"[-0.004595037549734116,-0.07581377029418945,0.0009401704301126301,-0.0028577158227562904,0.018918070942163467,0.005844446364790201]",0.04399218410253525,"[-0.3353208005428314,-0.11591722071170807,1.034043550491333,0.6996937394142151,-0.17105711996555328,0.6808751225471497,0.13257840275764465]","[0.30144810676574707,-0.3568313419818878,0.9272646307945251,0.7146970629692078,0.02839908003807068,-0.023887716233730316,0.698448896408081]","[-0.30055955052375793,-0.13075147569179535,0.7805474996566772]","[0.034793056547641754,0.14891785383224487,0.6945675611495972,0.7029856443405151]",1.1920928955078125e-07,0.0,0.0,False,False,0.009842634201049805
89,1,38,False,"[0.10434813797473907,1.7292835712432861,1.5320250988006592,-1.299731731414795,0.07298380136489868,1.1411093473434448,0.4478555917739868,-0.007467672228813171,-0.08683371543884277,0.010786771774291992,-0.0014375178143382072,0.01723778247833252,0.017312943935394287,1.0158653259277344]","[0.10485217720270157,1.742223858833313,1.547206163406372,-1.3177244663238525,0.06781309843063354,1.1547801494598389]",0.012146564200520515,"[-0.007127783261239529,-0.085581935942173,0.009769231081008911,-0.0015468939673155546,0.017457246780395508,0.015851028263568878]",0.0439988449215889,"[-0.3313312530517578,-0.12966910004615784,1.036620855331421,0.7095809578895569,-0.1647757738828659,0.655885636806488,0.1978832185268402]","[0.301632285118103,-0.3582168519496918,0.9310623407363892,0.7145660519599915,0.038992736488580704,-0.027445131912827492,0.69794100522995]","[-0.30055952072143555,-0.13075146079063416,0.7805473804473877]","[0.034788407385349274,0.14891217648983002,0.6945672035217285,0.7029874324798584]",0.0,0.0,0.0,False,False,0.027734041213989258
90,1,39,False,"[0.1120501160621643,1.684253454208374,1.4866225719451904,-1.2700879573822021,0.06930768489837646,1.133036494255066,0.45993760228157043,-0.0075431764125823975,-0.09343194961547852,0.011181116104125977,-0.010405164211988449,0.022940486669540405,0.02036377787590027,1.0143975019454956]","[0.1113542765378952,1.6914435625076294,1.4936798810958862,-1.2763739824295044,0.06909225136041641,1.135807752609253]",0.013222163543105125,"[-0.007506249472498894,-0.09246403723955154,0.010902715846896172,-0.009301302023231983,0.02224893681704998,0.019789377227425575]",0.04399674013257027,"[-0.332315593957901,-0.13933968544006348,1.0381726026535034,0.7095484733581543,-0.15962956845760345,0.6504040360450745,0.21916627883911133]","[0.30180230736732483,-0.35870349407196045,0.9311872124671936,0.7162830829620361,0.040583137422800064,-0.026107104495167732,0.6961392164230347]","[-0.3005593717098236,-0.13075116276741028,0.7805474996566772]","[0.034789104014635086,0.14892014861106873,0.6945767998695374,0.7029762864112854]",1.1920928955078125e-07,0.0,0.0,False,False,0.01215982437133789
91,1,40,False,"[0.0938144326210022,1.5600652694702148,1.3570055961608887,-1.1182429790496826,0.11194866895675659,0.9994286298751831,0.4529072046279907,-0.008066922426223755,-0.10040462017059326,0.01597374677658081,-0.009457127191126347,0.01669219136238098,0.018223941326141357,1.0174713134765625]","[0.09550195932388306,1.575406789779663,1.3738000392913818,-1.1386874914169312,0.10654900223016739,1.0168358087539673]",0.013768564909696579,"[-0.007990255951881409,-0.0994962826371193,0.015458404086530209,-0.00939736794680357,0.017395852133631706,0.018423471599817276]",0.04399380087852478,"[-0.32460901141166687,-0.15648439526557922,1.0413204431533813,0.7209741473197937,-0.14920364320278168,0.6112436652183533,0.2903716266155243]","[0.3016991913318634,-0.35958757996559143,0.9331965446472168,0.7145469188690186,0.044067200273275375,-0.03069726750254631,0.6975229978561401]","[-0.3005593419075012,-0.13075093924999237,0.7805474996566772]","[0.0347873792052269,0.1489187628030777,0.6945829391479492,0.702970564365387]",1.1920928955078125e-07,0.0,0.0,False,False,0.03147101402282715
92,1,41,False,"[0.09089122712612152,1.4900972843170166,1.2767565250396729,-1.0378470420837402,0.12427973747253418,0.9674060344696045,0.48761820793151855,-0.007817044854164124,-0.10086297988891602,0.016372382640838623,-0.014387141913175583,0.01504787802696228,0.022545605897903442,1.022240400314331]","[0.09139133989810944,1.5004714727401733,1.2881965637207031,-1.0509854555130005,0.12202706933021545,0.973711371421814]",0.0147830406203866,"[-0.007833031006157398,-0.10067617148160934,0.016191350296139717,-0.01377017516642809,0.01534442137926817,0.02201980911195278]",0.04399840533733368,"[-0.3218080997467041,-0.1688602864742279,1.0400149822235107,0.7270208597183228,-0.1352478414773941,0.5904574990272522,0.32327765226364136]","[0.3016248643398285,-0.3596905767917633,0.9331032633781433,0.7137520909309387,0.04443702474236488,-0.028604239225387573,0.6984017491340637]","[-0.3005593419075012,-0.13075107336044312,0.7805474996566772]","[0.034786928445100784,0.14891718327999115,0.6945791840553284,0.7029745578765869]",1.1920928955078125e-07,0.0,0.0,False,False,0.02008211612701416
93,1,42,False,"[0.0828837901353836,1.3461709022521973,1.1349945068359375,-0.8879386782646179,0.14088106155395508,0.8460275530815125,0.4903983771800995,-0.010046035051345825,-0.11272156238555908,0.02128148078918457,-0.040137168020009995,0.02219456434249878,0.013980090618133545,1.0272730588912964]","[0.0837661623954773,1.3637480735778809,1.1537683010101318,-0.9091253876686096,0.13850829005241394,0.8623245358467102]",0.015501273795962334,"[-0.009798620827496052,-0.11128176003694534,0.02063228376209736,-0.036779507994651794,0.02133224718272686,0.015005899593234062]",0.043994393199682236,"[-0.3172738254070282,-0.19142979383468628,1.0408110618591309,0.7323535680770874,-0.11957313120365143,0.5445483922958374,0.390931636095047]","[0.30196690559387207,-0.36061975359916687,0.9331058263778687,0.7168359160423279,0.039200086146593094,-0.028204800561070442,0.6955673694610596]","[-0.3005595803260803,-0.13075138628482819,0.7805474400520325]","[0.03479272127151489,0.14892029762268066,0.6945695877075195,0.7029831409454346]",5.960464477539063e-08,0.0,0.0,False,False,0.032472431659698486
94,1,43,False,"[0.06412561237812042,1.239058017730713,1.0208806991577148,-0.7428228855133057,0.1706150472164154,0.73285973072052,0.5264472365379333,-0.009025141596794128,-0.09233152866363525,0.03158223628997803,-0.03436176851391792,0.00805133581161499,0.011987954378128052,1.0268847942352295]","[0.06620722264051437,1.2536778450012207,1.0368300676345825,-0.7643976211547852,0.16658557951450348,0.7493814826011658]",0.016672546043992043,"[-0.00908955093473196,-0.09460008144378662,0.030350832268595695,-0.03464198485016823,0.009728332050144672,0.012371373362839222]",0.04398846626281738,"[-0.3108278512954712,-0.20765505731105804,1.0382696390151978,0.7440176010131836,-0.10461254417896271,0.4884582459926605,0.4437370002269745]","[0.3015693724155426,-0.3604144752025604,0.9353803992271423,0.7126840949058533,0.03634212538599968,-0.027573635801672935,0.7000001072883606]","[-0.3005593717098236,-0.1307511031627655,0.7805474996566772]","[0.03478837013244629,0.14891712367534637,0.6945777535438538,0.7029759883880615]",1.1920928955078125e-07,0.0,0.0,False,False,0.03323709964752197
95,1,44,False,"[0.05147606134414673,1.147238850593567,0.9264395236968994,-0.6332676410675049,0.1951580047607422,0.6609073877334595,0.5209230184555054,-0.007784068584442139,-0.10130822658538818,0.03015589714050293,-0.0453701987862587,0.009728223085403442,0.00710943341255188,1.0291203260421753]","[0.053047552704811096,1.1595251560211182,0.9397141337394714,-0.6502497792243958,0.19157546758651733,0.6721985936164856]",0.017248347401618958,"[-0.007936864160001278,-0.10048294812440872,0.03009955771267414,-0.0440247617661953,0.009724140167236328,0.007780025247484446]",0.043998073786497116,"[-0.3061407506465912,-0.2222197949886322,1.035207748413086,0.7552797794342041,-0.08800054341554642,0.4412320852279663,0.4765736162662506]","[0.30146366357803345,-0.3607179522514343,0.9348017573356628,0.7124249935150146,0.03339678794145584,-0.027836866676807404,0.700400173664093]","[-0.30055952072143555,-0.13075150549411774,0.7805474400520325]","[0.034792881458997726,0.14891885221004486,0.6945670247077942,0.702985942363739]",5.960464477539063e-08,0.0,0.0,False,False,0.026128768920898438
96,1,45,False,"[0.030121080577373505,1.0453712940216064,0.8217576742172241,-0.4822370409965515,0.23605301976203918,0.546782374382019,0.5392412543296814,-0.004664227366447449,-0.07354319095611572,0.037232816219329834,-0.0337589792907238,-0.008041203022003174,0.0030840933322906494,1.0254641771316528]","[0.03258788213133812,1.0584523677825928,0.8361314535140991,-0.5039565563201904,0.23047980666160583,0.5627912282943726]",0.01798391155898571,"[-0.005012903828173876,-0.07674897462129593,0.036440469324588776,-0.03505316376686096,-0.005802825093269348,0.0036811204627156258]",0.043995898216962814,"[-0.29991328716278076,-0.23625680804252625,1.032493233680725,0.7728368043899536,-0.07012125104665756,0.3720763325691223,0.509279191493988]","[0.30075785517692566,-0.3597138524055481,0.9361199736595154,0.7061296105384827,0.02877243421971798,-0.026461806148290634,0.7070026993751526]","[-0.3005594313144684,-0.13075104355812073,0.7805474996566772]","[0.03478952869772911,0.14891739189624786,0.694579541683197,0.7029740810394287]",1.1920928955078125e-07,0.0,0.0,False,False,0.033660709857940674
97,1,46,False,"[0.029834911227226257,0.9225980043411255,0.7163153290748596,-0.402041494846344,0.21206875145435333,0.4599300026893616,0.5699997544288635,-0.012110456824302673,-0.08718645572662354,0.038470566272735596,-0.048271045088768005,0.009866207838058472,-0.015302389860153198,1.0217640399932861]","[0.03019849769771099,0.9379308223724365,0.730688750743866,-0.41534191370010376,0.2144286334514618,0.47305384278297424]",0.01909615658223629,"[-0.011303381994366646,-0.08594203740358353,0.038211382925510406,-0.04658450931310654,0.007896187715232372,-0.01288076676428318]",0.04398605227470398,"[-0.2992314100265503,-0.25673332810401917,1.0267599821090698,0.7682810425758362,-0.06314332038164139,0.32583102583885193,0.5473492741584778]","[0.30171433091163635,-0.360451340675354,0.9362410306930542,0.7133811712265015,0.022781262174248695,-0.03196703642606735,0.6996757984161377]","[-0.3005594313144684,-0.1307511329650879,0.7805474996566772]","[0.03478948399424553,0.14891517162322998,0.6945768594741821,0.7029772400856018]",1.1920928955078125e-07,0.0,0.0,False,False,0.027204036712646484
98,1,47,False,"[0.01499195396900177,0.8326433897018433,0.6222605109214783,-0.31385326385498047,0.21773047745227814,0.37859049439430237,0.5729354619979858,-0.013791143894195557,-0.09360849857330322,0.046955406665802,-0.050044603645801544,0.01417890191078186,-0.016358554363250732,1.0152761936187744]","[0.01672537624835968,0.8446338772773743,0.6351568102836609,-0.32704663276672363,0.21736381947994232,0.3906458020210266]",0.019854774698615074,"[-0.013512209989130497,-0.09274309873580933,0.046027619391679764,-0.049551501870155334,0.013390677981078625,-0.015915444120764732]",0.04398098960518837,"[-0.2962956130504608,-0.27139174938201904,1.0176483392715454,0.7727639079093933,-0.059197764843702316,0.27953246235847473,0.5667390823364258]","[0.3020551800727844,-0.3616735637187958,0.9390180706977844,0.7159643173217773,0.025839444249868393,-0.037075355648994446,0.6966726183891296]","[-0.30055952072143555,-0.13075152039527893,0.7805474400520325]","[0.03479219228029251,0.14891870319843292,0.6945664882659912,0.7029865384101868]",5.960464477539063e-08,0.0,0.0,False,False,0.02181875705718994
99,1,48,False,"[-0.002248704433441162,0.7527883648872375,0.5503146648406982,-0.212406188249588,0.251331090927124,0.29891517758369446,0.5867527723312378,-0.009166151285171509,-0.0632714033126831,0.055810630321502686,-0.035308919847011566,-0.009399980306625366,-0.015975743532180786,1.0142699480056763]","[-0.0001462667714804411,0.7631359100341797,0.5607507228851318,-0.227087140083313,0.24709224700927734,0.31062355637550354]",0.020570233464241028,"[-0.009632686153054237,-0.06675579398870468,0.05466333031654358,-0.03711538389325142,-0.006527423392981291,-0.0159700196236372]",0.043978501111269,"[-0.2924438416957855,-0.2824096083641052,1.0136860609054565,0.7874188423156738,-0.0468674898147583,0.22226497530937195,0.5730386972427368]","[0.3011453449726105,-0.36064934730529785,0.9412943124771118,0.7076816558837891,0.02390994317829609,-0.03566472604870796,0.70522540807724]","[-0.300559401512146,-0.13075120747089386,0.7805474400520325]","[0.03478612005710602,0.14891408383846283,0.694574773311615,0.7029796838760376]",5.960464477539063e-08,0.0,0.0,False,False,0.022821247577667236
100,1,49,False,"[-0.01254214346408844,0.6138673424720764,0.4205348491668701,-0.12049446254968643,0.22836795449256897,0.20367427170276642,0.6292214393615723,-0.01676514744758606,-0.07162666320800781,0.05902993679046631,-0.06297856569290161,0.008336901664733887,-0.04467815160751343,1.0142910480499268]","[-0.011079940013587475,0.630856990814209,0.4371950328350067,-0.1343449056148529,0.23080311715602875,0.21732284128665924]",0.021935490891337395,"[-0.015950370579957962,-0.07100892812013626,0.05840001255273819,-0.0597095713019371,0.006466794293373823,-0.04101655259728432]",0.043987151235342026,"[-0.29127246141433716,-0.3012562096118927,0.9981136918067932,0.7858357429504395,-0.042454857379198074,0.16746124625205994,0.5938152074813843]","[0.3020780384540558,-0.3611670732498169,0.9406523108482361,0.7148008346557617,0.009867877699434757,-0.03907555341720581,0.6981657147407532]","[-0.30055922269821167,-0.13075073063373566,0.780547559261322]","[0.03478216752409935,0.14891675114631653,0.6945888996124268,0.7029653191566467]",1.7881393432617188e-07,0.0,0.0,False,False,0.029529929161071777
101,2,0,True,"[-0.0366864949464798,0.9995236396789551,0.8620514869689941,-0.7932958006858826,-0.0444638729095459,0.8925129771232605,1.015968680381775,0.03408081829547882,-0.04567140340805054,0.00017595291137695312,-0.03166952356696129,0.037722498178482056,-0.06707441806793213,1.0031373500823975]","[-0.033709075301885605,0.815714955329895,0.6244882345199585,-0.33338046073913574,0.043261658400297165,0.4168301820755005]",0.029127443209290504,"[0.028126828372478485,-0.048398397862911224,0.006426026113331318,-0.035556990653276443,0.033674925565719604,-0.06375614553689957]",0.04395982623100281,"[-0.29243841767311096,-0.27623748779296875,1.0177416801452637,0.7313829660415649,-0.033656902611255646,0.3142862319946289,0.6042931079864502]","[0.29878732562065125,-0.35545819997787476,0.9239317178726196,0.7087897062301636,-0.015578726306557655,-0.02907109260559082,0.7046482563018799]","[-0.30055949091911316,-0.1307511031627655,0.7805474400520325]","[0.03479095548391342,0.14892111718654633,0.6945773363113403,0.7029754519462585]",5.960464477539063e-08,0.0,0.0,False,False,0.49568378925323486
102,2,1,False,"[-0.02152680978178978,1.0837572813034058,0.9395617842674255,-0.848792552947998,-0.03990745544433594,0.9447516202926636,1.0167624950408936,0.030773848295211792,-0.03968405723571777,0.003604710102081299,-0.03311597928404808,0.032510906457901,-0.06489810347557068,1.0149346590042114]","[-0.022716281935572624,1.0037356615066528,0.8170008659362793,-0.532006025314331,-0.029432041570544243,0.616331934928894]",0.03527479246258736,"[0.030471887439489365,-0.0408552922308445,0.0043272641487419605,-0.033328086137771606,0.03265443816781044,-0.06475390493869781]",0.04398958012461662,"[-0.2958205044269562,-0.2479441910982132,1.0340588092803955,0.7019832134246826,-0.030675280839204788,0.44450169801712036,0.5556048154830933]","[0.29851824045181274,-0.3548818826675415,0.9228721261024475,0.7075278162956238,-0.018591534346342087,-0.026921985670924187,0.7059276700019836]","[-0.30055946111679077,-0.13075128197669983,0.7805474400520325]","[0.03478677570819855,0.14891256392002106,0.6945723295211792,0.7029823660850525]",5.960464477539063e-08,0.0,0.0,False,False,0.3483808636665344
103,2,2,False,"[-0.012869849801063538,1.150673508644104,1.0005488395690918,-0.9032984375953674,-0.03369757533073425,1.0001851320266724,1.0124788284301758,0.033377476036548615,-0.03495520353317261,0.00860685110092163,-0.03275065869092941,0.028810858726501465,-0.05656886100769043,1.0052077770233154]","[-0.01399572379887104,1.1336297988891602,0.9778032302856445,-0.7205243110656738,-0.03318944200873375,0.8116786479949951]",0.03900982066988945,"[0.033043332397937775,-0.03567856177687645,0.008170775137841702,-0.032799191772937775,0.029291726648807526,-0.057612963020801544]",0.043996118009090424,"[-0.2974347770214081,-0.22918887436389923,1.0476775169372559,0.6981667876243591,-0.01880025677382946,0.5372692942619324,0.4728122055530548]","[0.29817506670951843,-0.3548484742641449,0.9238370656967163,0.7054845690727234,-0.016299212351441383,-0.0241883285343647,0.7081248164176941]","[-0.300559401512146,-0.13075104355812073,0.7805474400520325]","[0.03478576987981796,0.14891235530376434,0.6945796608924866,0.7029752731323242]",5.960464477539063e-08,0.0,0.0,False,False,0.20847636461257935
104,2,3,False,"[6.249547004699707e-05,1.1831263303756714,1.0382506847381592,-0.9244546294212341,-0.02639356255531311,1.0208089351654053,1.0237016677856445,0.031989000737667084,-0.03053295612335205,0.014356613159179688,-0.029345501214265823,0.026171058416366577,-0.05734488368034363,1.0083563327789307]","[-0.0015466626500710845,1.177584171295166,1.0308465957641602,-0.8927357196807861,-0.027290157973766327,0.9870122671127319]",0.041358787566423416,"[0.03211995214223862,-0.031162183731794357,0.013682636432349682,-0.029758624732494354,0.02656729705631733,-0.05737871304154396]",0.04399991035461426,"[-0.30001625418663025,-0.23160848021507263,1.0455691814422607,0.6973890066146851,-0.017912425100803375,0.6081590056419373,0.37877458333969116]","[0.2981876730918884,-0.3549586534500122,0.9256601333618164,0.7048811316490173,-0.014737119898200035,-0.02551439218223095,0.708713173866272]","[-0.30055922269821167,-0.13075071573257446,0.780547559261322]","[0.03478294610977173,0.14891645312309265,0.6945893168449402,0.7029649615287781]",1.7881393432617188e-07,0.0,0.0,False,False,0.05217856168746948
105,2,4,False,"[0.020082280039787292,1.2181015014648438,1.0779601335525513,-0.9506018161773682,-0.02095937728881836,1.0575307607650757,0.9968720078468323,0.029269404709339142,-0.01730799674987793,0.0064505934715271,-0.024359360337257385,0.02201637625694275,-0.05868622660636902,1.0092847347259521]","[0.01760938949882984,1.2131586074829102,1.0724905729293823,-0.9431093335151672,-0.02180524170398712,1.0485460758209229]",0.0422758087515831,"[0.029614383354783058,-0.018889212980866432,0.007151648867875338,-0.025114398449659348,0.022596418857574463,-0.05851970240473747]",0.04399847984313965,"[-0.30412808060646057,-0.22677145898342133,1.0484416484832764,0.6961246132850647,-0.017921634018421173,0.6255423426628113,0.35183244943618774]","[0.2982765734195709,-0.35381007194519043,0.9229635000228882,0.7042222619056702,-0.020274948328733444,-0.02108120359480381,0.7093767523765564]","[-0.30055952072143555,-0.13075149059295654,0.7805473804473877]","[0.03478837385773659,0.14891265332698822,0.6945667266845703,0.702987790107727]",0.0,0.0,0.0,False,False,0.014054298400878906
106,2,5,False,"[0.036914482712745667,1.2753410339355469,1.1239969730377197,-0.9879289269447327,-0.014700621366500854,1.0979723930358887,0.9913434386253357,0.031363099813461304,-0.01079261302947998,0.015751361846923828,-0.020588131621479988,0.018282443284988403,-0.05903211236000061,1.004710078239441]","[0.0347045473754406,1.2681938409805298,1.1178804636001587,-0.9820141792297363,-0.01564026065170765,1.0916666984558105]",0.04280494526028633,"[0.031166335567831993,-0.011814771220088005,0.014913273975253105,-0.021100323647260666,0.01882399059832096,-0.05896717682480812]",0.04399999976158142,"[-0.3081057369709015,-0.21713849902153015,1.0486359596252441,0.6957798004150391,-0.02544196881353855,0.6385717988014221,0.3278248608112335]","[0.29802045226097107,-0.35388708114624023,0.925452709197998,0.702374279499054,-0.018674449995160103,-0.02291451022028923,0.7111936807632446]","[-0.30055949091911316,-0.1307513415813446,0.7805474400520325]","[0.03478984907269478,0.14891619980335236,0.6945711970329285,0.7029826045036316]",5.960464477539063e-08,0.0,0.0,False,False,0.012886404991149902
107,2,6,False,"[0.05098636448383331,1.2874555587768555,1.1356608867645264,-0.9970909357070923,-0.008779346942901611,1.1102333068847656,0.9954051971435547,0.0285261869430542,-0.006356179714202881,0.014509856700897217,-0.016267506405711174,0.015249013900756836,-0.06000620126724243,0.9960057735443115]","[0.04914598539471626,1.2850655317306519,1.1336891651153564,-0.9950842261314392,-0.009683424606919289,1.1078633069992065]",0.043211452662944794,"[0.028844453394412994,-0.00698064174503088,0.014504656195640564,-0.01690136454999447,0.0157055351883173,-0.05987376347184181]",0.043913789093494415,"[-0.3114457130432129,-0.2142328917980194,1.0490875244140625,0.6957897543907166,-0.029439741745591164,0.6412096619606018,0.3222729563713074]","[0.29814428091049194,-0.35357093811035156,0.9253508448600769,0.7020719647407532,-0.019366830587387085,-0.022890251129865646,0.7114743590354919]","[-0.30055928230285645,-0.1307508796453476,0.7805474996566772]","[0.03478420898318291,0.14891621470451355,0.6945849657058716,0.7029691934585571]",1.1920928955078125e-07,0.0,0.0,False,False,0.004035592079162598
108,2,7,False,"[0.07902078330516815,1.3317420482635498,1.1755222082138062,-1.0441992282867432,-0.007894814014434814,1.1509292125701904,0.9489074945449829,0.032666273415088654,-0.008574962615966797,0.024352431297302246,-0.020382210612297058,0.015148758888244629,-0.05369085073471069,0.9959068298339844]","[0.07566747814416885,1.3263468742370605,1.170480728149414,-1.0378154516220093,-0.008183283731341362,1.1454312801361084]",0.042425721883773804,"[0.032217349857091904,-0.008426932618021965,0.023300500586628914,-0.01988532580435276,0.015212095342576504,-0.05447953939437866]",0.0438583567738533,"[-0.3181358277797699,-0.20824143290519714,1.049035668373108,0.6929649114608765,-0.04179622605443001,0.6524874567985535,0.303830087184906]","[0.29782557487487793,-0.35422050952911377,0.9281640648841858,0.7008056640625,-0.014807316474616528,-0.023508694022893906,0.7128109931945801]","[-0.3005594313144684,-0.1307511329650879,0.7805474996566772]","[0.034789908677339554,0.1489148586988449,0.6945770978927612,0.7029770016670227]",1.1920928955078125e-07,0.0,0.0,False,False,0.009799599647521973
109,2,8,False,"[0.09033262729644775,1.3579109907150269,1.204850435256958,-1.0549020767211914,-0.0027402639389038086,1.1849660873413086,0.9538500308990479,0.031391531229019165,-0.010034918785095215,0.025032520294189453,-0.015088094398379326,0.00570341944694519,-0.050717681646347046,1.0017623901367188]","[0.08867106586694717,1.3541229963302612,1.2009398937225342,-1.0525559186935425,-0.00345925847068429,1.17992103099823]",0.04205101355910301,"[0.03150825574994087,-0.009838567115366459,0.024813909083604813,-0.01569720171391964,0.0069071706384420395,-0.051197487860918045]",0.04391642287373543,"[-0.32167527079582214,-0.20250438153743744,1.0509605407714844,0.6935012936592102,-0.03838017210364342,0.6572758555412292,0.29252585768699646]","[0.29765936732292175,-0.3544185161590576,0.9291899800300598,0.6981624364852905,-0.0110437897965312,-0.024890506640076637,0.7154212594032288]","[-0.30055952072143555,-0.13075153529644012,0.7805474400520325]","[0.03479256108403206,0.148919016122818,0.6945663094520569,0.7029867172241211]",5.960464477539063e-08,0.0,0.0,False,False,0.007887005805969238
110,2,9,False,"[0.11049047112464905,1.386677861213684,1.2183122634887695,-1.086298942565918,0.0005676746368408203,1.221055269241333,0.9158136248588562,0.0334600955247879,-0.0006629824638366699,0.03007572889328003,-0.018712980672717094,0.006188094615936279,-0.0501045286655426,0.9923039674758911]","[0.10805441439151764,1.3829692602157593,1.21610689163208,-1.081966757774353,1.1782476576627232e-05,1.2158076763153076]",0.04104797914624214,"[0.03323248773813248,-0.0017419182695448399,0.02943316474556923,-0.018329985439777374,0.0062744589522480965,-0.05024394020438194]",0.04378592595458031,"[-0.3267748951911926,-0.1992228627204895,1.0476559400558472,0.6932628750801086,-0.04777554050087929,0.665371298789978,0.2727363109588623]","[0.2974688708782196,-0.3542036712169647,0.9298915266990662,0.6972854733467102,-0.012888639234006405,-0.022450633347034454,0.7163258194923401]","[-0.300559401512146,-0.13075120747089386,0.7805474400520325]","[0.03478993847966194,0.14892037212848663,0.6945756077766418,0.7029773592948914]",5.960464477539063e-08,0.0,0.0,False,False,0.008206605911254883
111,2,10,False,"[0.13078482449054718,1.3976716995239258,1.2150177955627441,-1.069185495376587,0.0015489161014556885,1.2289091348648071,0.9165796041488647,0.03419414162635803,0.009656131267547607,0.027734816074371338,-0.008096868172287941,-0.0008491873741149902,-0.0506366491317749,0.9980949759483337]","[0.12826772034168243,1.3959052562713623,1.2153056859970093,-1.0707308053970337,0.0013044672086834908,1.2272346019744873]",0.040408797562122345,"[0.03409641236066818,0.00831661093980074,0.027921928092837334,-0.009413866326212883,4.913621160085313e-05,-0.05058708414435387]",0.04382920265197754,"[-0.33222469687461853,-0.19653235375881195,1.0447479486465454,0.6912804245948792,-0.05143025517463684,0.666240930557251,0.2749713063240051]","[0.2971808612346649,-0.35348057746887207,0.929473340511322,0.6947203874588013,-0.013909701257944107,-0.02172696590423584,0.7188171148300171]","[-0.30055928230285645,-0.13075102865695953,0.7805474400520325]","[0.034781914204359055,0.14891569316387177,0.6945801377296448,0.7029742002487183]",5.960464477539063e-08,0.0,0.0,False,False,0.004626907408237457
112,2,11,False,"[0.14432533085346222,1.4059460163116455,1.2104177474975586,-1.076244592666626,-0.001032024621963501,1.2419565916061401,0.883564829826355,0.03691970556974411,0.025146484375,0.030414879322052002,-0.012435556389391422,-0.004864245653152466,-0.0519484281539917,0.9963252544403076]","[0.14255546033382416,1.4047515392303467,1.210985779762268,-1.0755503177642822,-0.0007700567948631942,1.240077257156372]",0.03934607654809952,"[0.0365990549325943,0.023171380162239075,0.03008275292813778,-0.012068004347383976,-0.004249625839293003,-0.051775503903627396]",0.04382029175758362,"[-0.3360118269920349,-0.19626547396183014,1.0413062572479248,0.6892634630203247,-0.058289557695388794,0.6698797941207886,0.2697764039039612]","[0.29678478837013245,-0.3526758849620819,0.9288099408149719,0.6921271085739136,-0.019774682819843292,-0.01688341423869133,0.721307098865509]","[-0.30055952072143555,-0.13075153529644012,0.7805473208427429]","[0.03478804975748062,0.14891350269317627,0.6945655345916748,0.702988862991333]",-5.960464477539063e-08,0.0,0.0,False,False,0.0033735819160938263
113,2,12,False,"[0.15285331010818481,1.4109671115875244,1.2098585367202759,-1.0715515613555908,0.002866089344024658,1.2488605976104736,0.9131635427474976,0.03437711298465729,0.029170334339141846,0.0392720103263855,-0.012686671689152718,-0.004307299852371216,-0.0649077296257019,0.9868753552436829]","[0.15170572698116302,1.410173773765564,1.2100790739059448,-1.0720303058624268,0.0023833089508116245,1.2477384805679321]",0.03931593522429466,"[0.03464062139391899,0.028420336544513702,0.03830215334892273,-0.012559902854263783,-0.004297390580177307,-0.06323321163654327]",0.04361540451645851,"[-0.33842310309410095,-0.19540837407112122,1.0398688316345215,0.6894493103027344,-0.05966370552778244,0.6698150634765625,0.26916083693504333]","[0.29697877168655396,-0.35280561447143555,0.9311611652374268,0.6927210092544556,-0.02287052571773529,-0.02185494266450405,0.7205114364624023]","[-0.30055949091911316,-0.1307513266801834,0.7805474996566772]","[0.03479067608714104,0.148915097117424,0.6945714354515076,0.702982485294342]",1.1920928955078125e-07,0.0,0.0,False,False,0.0026210881769657135
114,2,13,False,"[0.1806076169013977,1.4474387168884277,1.2353779077529907,-1.0984264612197876,0.007501691579818726,1.2808398008346558,0.853043794631958,0.037079520523548126,0.02713942527770996,0.03543543815612793,-0.011436746455729008,-0.006617754697799683,-0.053090900182724,0.9888839721679688]","[0.17740465700626373,1.443173885345459,1.2323274612426758,-1.0949536561965942,0.0067929234355688095,1.2766119241714478]",0.0380050390958786,"[0.03679622337222099,0.027321012690663338,0.03569868579506874,-0.011606325395405293,-0.006328229792416096,-0.05438506603240967]",0.04352167621254921,"[-0.3458069860935211,-0.19099903106689453,1.037513256072998,0.6893739104270935,-0.07041776925325394,0.6737453937530518,0.2566555440425873]","[0.2967075705528259,-0.3527354598045349,0.9304500818252563,0.6912998557090759,-0.019962025806307793,-0.018515141680836678,0.7220547795295715]","[-0.3005593717098236,-0.13075101375579834,0.7805474996566772]","[0.03478880599141121,0.14891797304153442,0.6945809721946716,0.7029725909233093]",1.1920928955078125e-07,0.0,0.0,False,False,0.007946491241455078
115,2,14,False,"[0.18197759985923767,1.4181535243988037,1.2120234966278076,-1.0774543285369873,0.0047228336334228516,1.260873556137085,0.8379878997802734,0.03555028885602951,0.027971327304840088,0.03792005777359009,-0.013516299426555634,-0.005767226219177246,-0.049484580755233765,0.9919509887695312]","[0.18146871030330658,1.420783281326294,1.2146461009979248,-1.079744815826416,0.00497850077226758,1.2628824710845947]",0.03691459074616432,"[0.03569519892334938,0.02788294292986393,0.03768621385097504,-0.013260886073112488,-0.005835223942995071,-0.05010869726538658]",0.04354327544569969,"[-0.3461841940879822,-0.1951502561569214,1.038401484489441,0.6871938705444336,-0.0693434625864029,0.6710599064826965,0.2695077955722809]","[0.29683172702789307,-0.35281023383140564,0.9309247732162476,0.691913902759552,-0.01858012191951275,-0.01687724143266678,0.7215434312820435]","[-0.3005593717098236,-0.13075107336044312,0.7805474996566772]","[0.03478791564702988,0.14891622960567474,0.6945793628692627,0.7029746174812317]",1.1920928955078125e-07,0.0,0.0,False,False,0.006610751152038574
116,2,15,False,"[0.19101449847221375,1.4372448921203613,1.2187138795852661,-1.0907652378082275,0.008229166269302368,1.2647687196731567,0.8144593834877014,0.0374806746840477,0.03849238157272339,0.04481089115142822,-0.014974241144955158,-0.010597467422485352,-0.057243019342422485,0.9868137836456299]","[0.18995890021324158,1.4355403184890747,1.218052864074707,-1.0893540382385254,0.007795731537044048,1.2645255327224731]",0.035724543035030365,"[0.03728184849023819,0.03722976893186569,0.04399050772190094,-0.014742309227585793,-0.009999923408031464,-0.05633363127708435]",0.04343801364302635,"[-0.34863343834877014,-0.19362910091876984,1.035554051399231,0.68767249584198,-0.07915288209915161,0.6714277863502502,0.2646244168281555]","[0.296547532081604,-0.3525666892528534,0.9322096109390259,0.6897251605987549,-0.02229410596191883,-0.01760067045688629,0.7235138416290283]","[-0.30055955052375793,-0.13075143098831177,0.7805474996566772]","[0.03479166701436043,0.14891493320465088,0.6945686340332031,0.7029852271080017]",1.1920928955078125e-07,0.0,0.0,False,False,0.004578948020935059
117,2,16,False,"[0.19916564226150513,1.4313161373138428,1.2074540853500366,-1.0819272994995117,0.00723990797996521,1.2633172273635864,0.8224594593048096,0.032550252974033356,0.024030685424804688,0.04279083013534546,-0.011057374067604542,-0.00557255744934082,-0.04580050706863403,0.9929983615875244]","[0.19815847277641296,1.4316973686218262,1.2087982892990112,-1.0828919410705566,0.007290709763765335,1.2634700536727905]",0.03518892079591751,"[0.033095356076955795,0.025578003376722336,0.042975280433893204,-0.011507531628012657,-0.006121582351624966,-0.047143030911684036]",0.04351966828107834,"[-0.3505706787109375,-0.19492246210575104,1.0340818166732788,0.686329185962677,-0.08189927041530609,0.6710609793663025,0.2681824862957001]","[0.2970918118953705,-0.35327035188674927,0.933074951171875,0.6928520202636719,-0.014223496429622173,-0.019045205786824226,0.720687747001648]","[-0.3005593717098236,-0.13075102865695953,0.7805474996566772]","[0.034788455814123154,0.14891818165779114,0.6945803165435791,0.7029731869697571]",1.1920928955078125e-07,0.0,0.0,False,False,0.0026576463133096695
118,2,17,False,"[0.2040264904499054,1.4492824077606201,1.2250773906707764,-1.1001249551773071,0.01588687300682068,1.2698173522949219,0.7955419421195984,0.03409312665462494,0.02662116289138794,0.043430328369140625,-0.016271941363811493,-0.004243969917297363,-0.04971820116043091,0.9828504323959351]","[0.20335662364959717,1.4472373723983765,1.2231240272521973,-1.0978758335113525,0.01478648278862238,1.2690060138702393]",0.03427889570593834,"[0.033971622586250305,0.0265183188021183,0.04331328719854355,-0.015683269128203392,-0.004483252763748169,-0.04938935115933418]",0.04333394393324852,"[-0.35219958424568176,-0.19264568388462067,1.0339183807373047,0.6889825463294983,-0.08743021637201309,0.6700133085250854,0.26218509674072266]","[0.29705289006233215,-0.35322678089141846,0.9327141642570496,0.6930707097053528,-0.016719486564397812,-0.01818203739821911,0.7204462885856628]","[-0.3005594313144684,-0.13075114786624908,0.7805474996566772]","[0.03478953242301941,0.1489160656929016,0.6945765614509583,0.7029773592948914]",1.1920928955078125e-07,0.0,0.0,False,False,0.0036516189575195312
119,2,18,False,"[0.21128767728805542,1.4290289878845215,1.2088134288787842,-1.0811665058135986,0.021025419235229492,1.2612266540527344,0.7617557048797607,0.034816257655620575,0.025413811206817627,0.046048641204833984,-0.010707910172641277,-0.008340716361999512,-0.052142441272735596,0.9826070070266724]","[0.21041014790534973,1.4310332536697388,1.2106263637542725,-1.0833324193954468,0.020217914134263992,1.2622183561325073]",0.03301497548818588,"[0.03472547233104706,0.025515886023640633,0.0458044670522213,-0.011311832815408707,-0.007855016738176346,-0.05179185792803764]",0.043222010135650635,"[-0.353329062461853,-0.19546884298324585,1.0347410440444946,0.6892122030258179,-0.08532138168811798,0.6658510565757751,0.27267009019851685]","[0.29689016938209534,-0.353455126285553,0.9340623617172241,0.691628634929657,-0.014696391299366951,-0.02182670123875141,0.7217738032341003]","[-0.30055949091911316,-0.13075147569179535,0.7805474996566772]","[0.034791912883520126,0.14891906082630157,0.6945679187774658,0.7029850482940674]",1.1920928955078125e-07,0.0,0.0,False,False,0.004245758056640625
120,2,19,False,"[0.21002116799354553,1.38169264793396,1.1625802516937256,-1.0373952388763428,0.014331519603729248,1.2195550203323364,0.7523550391197205,0.032595403492450714,0.025092720985412598,0.04343026876449585,-0.007873814553022385,-0.011464476585388184,-0.05902931094169617,0.9809547662734985]","[0.21008214354515076,1.3873869180679321,1.1683541536331177,-1.0434030294418335,0.015077255666255951,1.2249983549118042]",0.03206867352128029,"[0.03285423293709755,0.025158995762467384,0.04366909712553024,-0.008327223360538483,-0.011005163192749023,-0.05810674652457237]",0.04312252253293991,"[-0.351815789937973,-0.20285913348197937,1.0343632698059082,0.6846826076507568,-0.08303777873516083,0.6594786643981934,0.29900211095809937]","[0.2969762980937958,-0.3533487915992737,0.9336509704589844,0.6911275386810303,-0.016443798318505287,-0.024547891691327095,0.7221286296844482]","[-0.3005593717098236,-0.13075116276741028,0.7805474400520325]","[0.03478537127375603,0.14891432225704193,0.6945759654045105,0.7029784917831421]",5.960464477539063e-08,0.0,0.0,False,False,0.01011347770690918
121,2,20,False,"[0.2103865146636963,1.3699158430099487,1.1466976404190063,-1.0332934856414795,0.012603521347045898,1.1999220848083496,0.7345101237297058,0.029463976621627808,0.0412372350692749,0.0461500883102417,-0.011028220877051353,-0.01611703634262085,-0.06123092770576477,0.9838846325874329]","[0.21036481857299805,1.3720529079437256,1.1491338014602661,-1.0346848964691162,0.012914941646158695,1.203120231628418]",0.031088823452591896,"[0.029873069375753403,0.03935309872031212,0.045813582837581635,-0.010702542960643768,-0.015464694239199162,-0.0608329251408577]",0.04312463104724884,"[-0.3512096107006073,-0.20633473992347717,1.0327600240707397,0.6827890872955322,-0.08890049159526825,0.6564991474151611,0.30806589126586914]","[0.2971102297306061,-0.35250967741012573,0.9330580234527588,0.6904212236404419,-0.02251795120537281,-0.020501496270298958,0.7227662801742554]","[-0.3005593717098236,-0.13075114786624908,0.7805474996566772]","[0.0347883515059948,0.14891712367534637,0.6945769786834717,0.7029767632484436]",1.1920928955078125e-07,0.0,0.0,False,False,0.005002379417419434
122,2,21,False,"[0.21838024258613586,1.3780794143676758,1.1630312204360962,-1.0493171215057373,0.021391719579696655,1.2221348285675049,0.7038975954055786,0.03036266565322876,0.021016299724578857,0.04721033573150635,-0.011499169282615185,-0.008642524480819702,-0.05720600485801697,0.9817014932632446]","[0.2174735814332962,1.3773304224014282,1.161388635635376,-1.04742431640625,0.02030128613114357,1.2197065353393555]",0.029812244698405266,"[0.030289920046925545,0.02314097248017788,0.047167710959911346,-0.011348187923431396,-0.009505550377070904,-0.05766820162534714]",0.04308244213461876,"[-0.3529100716114044,-0.20585256814956665,1.0346179008483887,0.6852557063102722,-0.08747183531522751,0.6566790342330933,0.30256548523902893]","[0.29727840423583984,-0.3536926209926605,0.9347045421600342,0.6926178336143494,-0.01544502004981041,-0.025223517790436745,0.7206981182098389]","[-0.30055946111679077,-0.13075146079063416,0.7805473208427429]","[0.034787192940711975,0.14891470968723297,0.6945681571960449,0.7029860615730286]",-5.960464477539063e-08,0.0,0.0,False,False,0.0037969350814819336
123,2,22,False,"[0.22210991382598877,1.3717914819717407,1.144919753074646,-1.0418107509613037,0.024048179388046265,1.2229951620101929,0.6858300566673279,0.029311329126358032,0.035827577114105225,0.048833370208740234,-0.00836902391165495,-0.010126262903213501,-0.06163990497589111,0.983456552028656]","[0.22158825397491455,1.372519850730896,1.1467722654342651,-1.0425986051559448,0.02356291376054287,1.2225772142410278]",0.028708593919873238,"[0.02942826598882675,0.03435356169939041,0.04856403172016144,-0.008773044683039188,-0.010045879520475864,-0.061133287847042084]",0.04308785870671272,"[-0.3534487783908844,-0.20770606398582458,1.0317639112472534,0.6860772967338562,-0.08957257121801376,0.6561915278434753,0.3011434078216553]","[0.2973252832889557,-0.35300424695014954,0.9345691204071045,0.692638099193573,-0.019235912710428238,-0.023938501253724098,0.7206311821937561]","[-0.30055949091911316,-0.1307513564825058,0.7805474996566772]","[0.03479034826159477,0.14891469478607178,0.6945705413818359,0.702983558177948]",1.1920928955078125e-07,0.0,0.0,False,False,0.0035933256149291992
124,2,23,False,"[0.2151966094970703,1.344367265701294,1.1240755319595337,-1.009509563446045,0.02933517098426819,1.1697814464569092,0.6904336810112,0.02841656655073166,0.025946497917175293,0.05141770839691162,-0.00780765013769269,-0.006996273994445801,-0.06911689043045044,0.9794517755508423]","[0.21589428186416626,1.3475055694580078,1.1269625425338745,-1.013754963874817,0.028617192059755325,1.1765166521072388]",0.028117146342992783,"[0.028529908508062363,0.026908162981271744,0.05117180198431015,-0.00789263192564249,-0.007380577269941568,-0.06809888035058975]",0.04301048070192337,"[-0.35120996832847595,-0.2106318473815918,1.032727837562561,0.6858025789260864,-0.09082016348838806,0.6448755264282227,0.32490304112434387]","[0.29750919342041016,-0.35368072986602783,0.9361132979393005,0.6939622759819031,-0.01778503879904747,-0.0302252359688282,0.7191567420959473]","[-0.300559401512146,-0.13075104355812073,0.7805474996566772]","[0.03478869050741196,0.14891858398914337,0.6945799589157104,0.7029734253883362]",1.1920928955078125e-07,0.0,0.0,False,False,0.010538101196289062
125,2,24,False,"[0.21842974424362183,1.3311882019042969,1.104318380355835,-0.991290807723999,0.02149680256843567,1.1724895238876343,0.6997102499008179,0.02655038982629776,0.03731316328048706,0.047402143478393555,-0.002172078937292099,-0.014042019844055176,-0.06270378828048706,0.9817383289337158]","[0.218171626329422,1.3332101106643677,1.1069252490997314,-0.9942238330841064,0.022390998899936676,1.1730010509490967]",0.02798367664217949,"[0.026795826852321625,0.03612262010574341,0.04774659499526024,-0.0029431504663079977,-0.01319523062556982,-0.06339230388402939]",0.04300597682595253,"[-0.35140734910964966,-0.2131461799144745,1.0308674573898315,0.6826673150062561,-0.08783113211393356,0.6450755000114441,0.3318561613559723]","[0.29748496413230896,-0.35283392667770386,0.9347177743911743,0.692462146282196,-0.018863610923290253,-0.025901872664690018,0.7207421660423279]","[-0.300559401512146,-0.13075098395347595,0.7805474400520325]","[0.03478529676795006,0.14891105890274048,0.6945812106132507,0.7029739618301392]",5.960464477539063e-08,0.0,0.0,False,False,0.004653811454772949
126,2,25,False,"[0.21794870495796204,1.3417916297912598,1.1103359460830688,-1.004143238067627,0.024525374174118042,1.1804832220077515,0.6797052025794983,0.02886763960123062,0.025268375873565674,0.04700040817260742,-0.0024661733768880367,-0.023717522621154785,-0.06526732444763184,0.9784315228462219]","[0.21796563267707825,1.3408236503601074,1.1098729372024536,-1.0028789043426514,0.02425539679825306,1.179528832435608]",0.02746526151895523,"[0.028645936399698257,0.026520807296037674,0.047173064202070236,-0.00249718246050179,-0.022392449900507927,-0.06502886861562729]",0.04293756186962128,"[-0.3514656722545624,-0.2124037891626358,1.0297274589538574,0.6840181946754456,-0.09040044993162155,0.6466869115829468,0.3251812160015106]","[0.2970575988292694,-0.3534838557243347,0.9353036284446716,0.6885413527488708,-0.01595207490026951,-0.02996300719678402,0.7244020700454712]","[-0.30055949091911316,-0.13075128197669983,0.7805474996566772]","[0.03479074686765671,0.14891529083251953,0.6945725679397583,0.7029813528060913]",1.1920928955078125e-07,0.0,0.0,False,False,0.002200821414589882
127,2,26,False,"[0.2219473421573639,1.3387961387634277,1.1133999824523926,-1.001882791519165,0.020725160837173462,1.1919461488723755,0.6804876923561096,0.027311891317367554,0.028580129146575928,0.048525094985961914,-0.0071670785546302795,-0.01908278465270996,-0.07169246673583984,0.9754393696784973]","[0.2215137928724289,1.338942527770996,1.113071084022522,-1.0019868612289429,0.021164288744330406,1.1903612613677979]",0.027157943695783615,"[0.027463356032967567,0.028351319953799248,0.04831937327980995,-0.006584451533854008,-0.019500086084008217,-0.07084262371063232]",0.04283885285258293,"[-0.352410227060318,-0.21254292130470276,1.0310810804367065,0.6826360821723938,-0.08573456108570099,0.6488194465637207,0.3251011073589325]","[0.29725363850593567,-0.35341405868530273,0.9351586103439331,0.6899201273918152,-0.01969369314610958,-0.03033500537276268,0.7229813933372498]","[-0.3005594313144684,-0.13075099885463715,0.7805474996566772]","[0.03478866070508957,0.14891420304775238,0.6945809125900269,0.702973484992981]",1.1920928955078125e-07,0.0,0.0,False,False,0.002477884292602539
128,2,27,False,"[0.21709370613098145,1.3345448970794678,1.1010183095932007,-0.9897104501724243,0.03080567717552185,1.1500749588012695,0.7000722289085388,0.026890583336353302,0.03205627202987671,0.05535930395126343,0.00037319958209991455,-0.02017727494239807,-0.07047325372695923,0.9745388627052307]","[0.21756602823734283,1.335148811340332,1.102403163909912,-0.9913011789321899,0.029592016711831093,1.1552153825759888]",0.027437342330813408,"[0.026958933100104332,0.03157563507556915,0.054646365344524384,-0.0004653852083720267,-0.020090026780962944,-0.07052057236433029]",0.04275091364979744,"[-0.35109642148017883,-0.2129075825214386,1.029252052307129,0.6846446394920349,-0.09483657032251358,0.6400592923164368,0.3355470597743988]","[0.29729020595550537,-0.3535940647125244,0.9376571178436279,0.6899790167808533,-0.0163131020963192,-0.033467695116996765,0.7228711247444153]","[-0.30055952072143555,-0.1307513415813446,0.7805474996566772]","[0.034791000187397,0.14891567826271057,0.6945710182189941,0.7029827833175659]",1.1920928955078125e-07,0.0,0.0,False,False,0.008042454719543457
129,2,28,False,"[0.19602516293525696,1.26395583152771,1.0567405223846436,-0.9350277185440063,0.03511860966682434,1.081354022026062,0.6728933453559875,0.030089788138866425,0.035974860191345215,0.056139588356018066,-6.108731031417847e-05,-0.019107133150100708,-0.07973936200141907,0.9773331880569458]","[0.19839191436767578,1.27187979221344,1.062538981437683,-0.9423079490661621,0.03447028249502182,1.0907795429229736]",0.027007289230823517,"[0.029721258208155632,0.03547881171107292,0.0559048168361187,-0.00012833488290198147,-0.019238805398344994,-0.07856419682502747]",0.04275751858949661,"[-0.3445003628730774,-0.2213931679725647,1.0333422422409058,0.6853614449501038,-0.0838429406285286,0.6205142736434937,0.37176868319511414]","[0.29704251885414124,-0.3533993363380432,0.9378193020820618,0.6891934275627136,-0.01986619457602501,-0.035575635731220245,0.7234307527542114]","[-0.30055952072143555,-0.1307515799999237,0.7805473804473877]","[0.034792330116033554,0.1489199548959732,0.6945652365684509,0.7029874920845032]",0.0,0.0,0.0,False,False,0.015365123748779297
130,2,29,False,"[0.20330947637557983,1.261056661605835,1.0340116024017334,-0.930682897567749,0.033398568630218506,1.0859650373458862,0.6970995664596558,0.025527119636535645,0.03287243843078613,0.058404743671417236,-0.001672395970672369,-0.020922809839248657,-0.08583453297615051,0.977527916431427]","[0.20277158915996552,1.2626835107803345,1.0370099544525146,-0.9323137998580933,0.03351934999227524,1.08657705783844]",0.027269843965768814,"[0.026024693623185158,0.03316867724061012,0.05814102292060852,-0.0014598724665120244,-0.020702462643384933,-0.08490771800279617]",0.04277392104268074,"[-0.34495386481285095,-0.22438472509384155,1.0282634496688843,0.6841451525688171,-0.08902285993099213,0.6205733418464661,0.37270495295524597]","[0.29736533761024475,-0.3536983132362366,0.9386283159255981,0.6899698376655579,-0.02096572518348694,-0.03898743912577629,0.7224831581115723]","[-0.3005593419075012,-0.13075076043605804,0.7805474996566772]","[0.03478650003671646,0.14891475439071655,0.694587767124176,0.7029666304588318]",1.1920928955078125e-07,0.0,0.0,False,False,0.006919980049133301
131,2,30,False,"[0.20062658190727234,1.255364179611206,1.0433058738708496,-0.9191145300865173,0.03924351930618286,1.086706519126892,0.7020151615142822,0.025506772100925446,0.027904748916625977,0.057266414165496826,-0.0012085232883691788,-0.01584160327911377,-0.08869549632072449,0.9739612340927124]","[0.20085184276103973,1.256035327911377,1.0428200960159302,-0.9207146763801575,0.03852338343858719,1.0866889953613281]",0.027485450729727745,"[0.02555745840072632,0.028529567644000053,0.05736019089818001,-0.0012413942022249103,-0.016455478966236115,-0.08821257203817368]",0.04269979149103165,"[-0.34446460008621216,-0.2238488644361496,1.031820297241211,0.6858162879943848,-0.07929936796426773,0.6162856817245483,0.3788923919200897]","[0.29754072427749634,-0.3539808690547943,0.9387374520301819,0.6916826367378235,-0.020717767998576164,-0.041526034474372864,0.720708966255188]","[-0.30055928230285645,-0.1307511031627655,0.7805473804473877]","[0.03478053957223892,0.1489148586988449,0.6945787072181702,0.7029759287834167]",0.0,0.0,0.0,False,False,0.002686023712158203
132,2,31,False,"[0.19743314385414124,1.2283477783203125,1.0144319534301758,-0.8984586000442505,0.03905126452445984,1.0486490726470947,0.6891433000564575,0.025853514671325684,0.025100767612457275,0.057405710220336914,-0.0003115525469183922,-0.01997542381286621,-0.0862460732460022,0.972480297088623]","[0.19782096147537231,1.231622576713562,1.017714500427246,-0.901411771774292,0.03899131342768669,1.0535038709640503]",0.027416586875915527,"[0.025825468823313713,0.025499964132905006,0.05741292983293533,-0.0004237207176629454,-0.019530562683939934,-0.08649720996618271]",0.04262074455618858,"[-0.34288421273231506,-0.22810350358486176,1.03035306930542,0.6848359107971191,-0.08276970684528351,0.6075905561447144,0.3936782479286194]","[0.2974320650100708,-0.3542135953903198,0.9390644431114197,0.6905330419540405,-0.01870308816432953,-0.042343299835920334,0.7218179702758789]","[-0.30055955052375793,-0.1307515949010849,0.7805473208427429]","[0.03478914871811867,0.14891333878040314,0.6945639848709106,0.7029902935028076]",-5.960464477539063e-08,0.0,0.0,False,False,0.007593274116516113
133,2,32,False,"[0.20648273825645447,1.236302137374878,1.0291415452957153,-0.9135329127311707,0.03695717453956604,1.0733749866485596,0.6824067831039429,0.02204868197441101,0.00936049222946167,0.05070418119430542,-0.013225986622273922,-0.010693907737731934,-0.08433985710144043,0.9809417128562927]","[0.20551462471485138,1.2357453107833862,1.0277734994888306,-0.911965548992157,0.03719635680317879,1.0708366632461548]",0.027155771851539612,"[0.022474076598882675,0.011301801539957523,0.05139459669589996,-0.01163053885102272,-0.011803573928773403,-0.08461398631334305]",0.04276556149125099,"[-0.3447648882865906,-0.22785724699497223,1.0320074558258057,0.6834862232208252,-0.08095569163560867,0.6118122339248657,0.38984420895576477]","[0.2979899048805237,-0.3547869026660919,0.9370105266571045,0.6945120096206665,-0.019273502752184868,-0.04041440784931183,0.7180864214897156]","[-0.30055949091911316,-0.1307513266801834,0.7805474996566772]","[0.034790970385074615,0.14891473948955536,0.6945714354515076,0.7029826045036316]",1.1920928955078125e-07,0.0,0.0,False,False,0.003969073295593262
134,2,33,False,"[0.18326354026794434,1.1807550191879272,0.9814776182174683,-0.854324996471405,0.03773054480552673,0.9943792819976807,0.6946226954460144,0.029212579131126404,0.01911163330078125,0.052398502826690674,-0.005253090988844633,-0.014296114444732666,-0.08429551124572754,0.9717470407485962]","[0.1857568323612213,1.1870195865631104,0.9871611595153809,-0.8617773056030273,0.037713441997766495,1.0041388273239136]",0.027331320568919182,"[0.02842498943209648,0.01816597767174244,0.052336208522319794,-0.006051984615623951,-0.013993536122143269,-0.08433675765991211]",0.04263978451490402,"[-0.3390420973300934,-0.23397526144981384,1.0321249961853027,0.683889627456665,-0.0759524330496788,0.5911930799484253,0.4207337200641632]","[0.29734814167022705,-0.3543904423713684,0.937351405620575,0.6915815472602844,-0.01915733702480793,-0.04029421880841255,0.7209190130233765]","[-0.3005593419075012,-0.13075095415115356,0.7805474996566772]","[0.03478841111063957,0.14891839027404785,0.6945826411247253,0.7029708623886108]",1.1920928955078125e-07,0.0,0.0,False,False,0.015262603759765625
135,2,34,False,"[0.18649786710739136,1.1733787059783936,0.9710543751716614,-0.8513229489326477,0.044471532106399536,0.9878323078155518,0.6889117360115051,0.024558089673519135,0.023436307907104492,0.05871552228927612,-0.004717353731393814,-0.013400375843048096,-0.0985376238822937,0.9706447124481201]","[0.18640320003032684,1.17507803440094,0.9728202223777771,-0.8527346253395081,0.04361221194267273,0.9899095892906189]",0.0272679403424263,"[0.025014372542500496,0.02279207669198513,0.05802379176020622,-0.00485886400565505,-0.013469561003148556,-0.09672654420137405]",0.042558979243040085,"[-0.3385787308216095,-0.2362738400697708,1.030645489692688,0.6852287650108337,-0.0784110352396965,0.5853750109672546,0.4262032210826874]","[0.2976907193660736,-0.35443106293678284,0.9390482902526855,0.6928936839103699,-0.02272253856062889,-0.04549878090620041,0.7192439436912537]","[-0.30055946111679077,-0.13075119256973267,0.7805474996566772]","[0.034789666533470154,0.1489153355360031,0.6945750117301941,0.7029789686203003]",1.1920928955078125e-07,0.0,0.0,False,False,0.003505527973175049
136,2,35,False,"[0.1801532804965973,1.1078381538391113,0.9102877378463745,-0.7836514711380005,0.040551185607910156,0.9375721216201782,0.7138243913650513,0.02260880172252655,-0.002516627311706543,0.05345618724822998,-0.01614246517419815,-0.008196860551834106,-0.08615060150623322,0.9702969789505005]","[0.18087533116340637,1.1154656410217285,0.9179097414016724,-0.7926073670387268,0.04095161333680153,0.9442505836486816]",0.02779591828584671,"[0.02287844382226467,0.0004902472137473524,0.05394496023654938,-0.014715103432536125,-0.00885734148323536,-0.087499238550663]",0.042490698397159576,"[-0.3358485996723175,-0.2449420541524887,1.0285942554473877,0.6827313899993896,-0.06806827336549759,0.566286027431488,0.45668870210647583]","[0.29805874824523926,-0.35573533177375793,0.9383846521377563,0.6954967975616455,-0.016640475019812584,-0.04499546438455582,0.716925859451294]","[-0.30055952072143555,-0.13075147569179535,0.7805474996566772]","[0.034792255610227585,0.14891868829727173,0.694567859172821,0.7029851675033569]",1.1920928955078125e-07,0.0,0.0,False,False,0.01375126838684082
137,2,36,False,"[0.17636144161224365,1.1137173175811768,0.9123982191085815,-0.7930606007575989,0.039683520793914795,0.9384524822235107,0.6885234117507935,0.02472510188817978,0.011175096035003662,0.0570032000541687,-0.014569150283932686,-0.006620168685913086,-0.10032215714454651,0.9720171689987183]","[0.17687736451625824,1.114022135734558,0.9129130244255066,-0.7930455803871155,0.039853937923908234,0.9391912221908569]",0.0275421142578125,"[0.024504758417606354,0.009913823567330837,0.056627798825502396,-0.01459256187081337,-0.006907694973051548,-0.09868674725294113]",0.0424848273396492,"[-0.3349466323852539,-0.24543771147727966,1.0273215770721436,0.6831357479095459,-0.07018686085939407,0.5662485361099243,0.45580893754959106]","[0.29794958233833313,-0.3552416265010834,0.9386024475097656,0.6954343318939209,-0.022871488705277443,-0.046661365777254105,0.7167081236839294]","[-0.3005593717098236,-0.13075114786624908,0.7805474400520325]","[0.03478525951504707,0.14891481399536133,0.6945763826370239,0.7029779553413391]",5.960464477539063e-08,0.0,0.0,False,False,0.002560339868068695
138,2,37,False,"[0.173456072807312,1.1124622821807861,0.9141222238540649,-0.7900757193565369,0.044745951890945435,0.9246110916137695,0.677768349647522,0.02790692448616028,0.01788407564163208,0.05803114175796509,-0.0075890375301241875,-0.01112353801727295,-0.10120093822479248,0.9609653949737549]","[0.17383475601673126,1.1126009225845337,0.9140458703041077,-0.790433943271637,0.04413373023271561,0.9264709949493408]",0.027147285640239716,"[0.027516363188624382,0.016934407874941826,0.057897575199604034,-0.008473064750432968,-0.010597488842904568,-0.10088153928518295]",0.04224482178688049,"[-0.3342130482196808,-0.24524930119514465,1.028075098991394,0.6848583817481995,-0.07166580110788345,0.5613263845443726,0.4590704143047333]","[0.2975461184978485,-0.35484516620635986,0.9390978217124939,0.6930060982704163,-0.023385517299175262,-0.047697994858026505,0.7189717888832092]","[-0.30055946111679077,-0.13075099885463715,0.7805474996566772]","[0.034790705889463425,0.14892053604125977,0.6945798397064209,0.7029730081558228]",1.1920928955078125e-07,0.0,0.0,False,False,0.0029099583625793457
139,2,38,False,"[0.15740586817264557,1.0556763410568237,0.8632150888442993,-0.7207551002502441,0.05390968918800354,0.847520112991333,0.6961830854415894,0.024725347757339478,0.0053732991218566895,0.06998008489608765,-0.004968172870576382,-0.008009344339370728,-0.10577531158924103,0.9627394676208496]","[0.15925729274749756,1.062182903289795,0.8694508671760559,-0.7297254204750061,0.05270673334598541,0.8575947880744934]",0.027342073619365692,"[0.025049343705177307,0.006662060972303152,0.06876496970653534,-0.005319140385836363,-0.008331485092639923,-0.10515089333057404]",0.04215081036090851,"[-0.32993435859680176,-0.2512311041355133,1.0270720720291138,0.6882850527763367,-0.06607185304164886,0.5312381982803345,0.48957541584968567]","[0.2978866696357727,-0.3564223647117615,0.9438442587852478,0.6949222087860107,-0.01629800722002983,-0.057638928294181824,0.7165857553482056]","[-0.30055952072143555,-0.13075152039527893,0.7805473208427429]","[0.03478822112083435,0.1489139348268509,0.6945659518241882,0.7029882669448853]",-5.960464477539063e-08,0.0,0.0,False,False,0.015757858753204346
140,2,39,False,"[0.16220946609973907,1.0535964965820312,0.8622151613235474,-0.7382187843322754,0.03973853588104248,0.8758450746536255,0.6765875816345215,0.021643437445163727,0.0026912689208984375,0.058998823165893555,-0.026874393224716187,0.0044974684715271,-0.10969862341880798,0.9640694856643677]","[0.16190096735954285,1.0546497106552124,0.8628947734832764,-0.7372179627418518,0.04137644171714783,0.87351393699646]",0.027004433795809746,"[0.022018199786543846,0.0032951829489320517,0.059784576296806335,-0.024255631491541862,0.00288133486174047,-0.1091182604432106]",0.04210527613759041,"[-0.33042216300964355,-0.2535698413848877,1.025951623916626,0.6841254234313965,-0.0639190599322319,0.5394482016563416,0.486705482006073]","[0.2984837293624878,-0.35591188073158264,0.9392297267913818,0.6996973752975464,-0.02665688470005989,-0.05016269534826279,0.7121773362159729]","[-0.30055949091911316,-0.1307513266801834,0.7805474996566772]","[0.034790560603141785,0.14891497790813446,0.6945715546607971,0.7029824256896973]",1.1920928955078125e-07,0.0,0.0,False,False,0.004351833835244179
141,2,40,False,"[0.1458251029253006,0.9983559846878052,0.8117311000823975,-0.6686263084411621,0.04999518394470215,0.801632285118103,0.6881323456764221,0.026836998760700226,0.011858999729156494,0.07181233167648315,-0.00898655690252781,-0.006512939929962158,-0.10200470685958862,0.954138994216919]","[0.1476493626832962,1.0047626495361328,0.8180219531059265,-0.6774526238441467,0.04893723875284195,0.8108065724372864]",0.027075128629803658,"[0.026287918910384178,0.010729901492595673,0.0707099661231041,-0.010818947106599808,-0.005332592874765396,-0.10291258245706558]",0.04186757653951645,"[-0.3264528810977936,-0.2595008313655853,1.024344801902771,0.6878447532653809,-0.0571427084505558,0.5095195174217224,0.5138034224510193]","[0.2978522479534149,-0.356223464012146,0.9436702132225037,0.6955037117004395,-0.01823313720524311,-0.05410464480519295,0.716250479221344]","[-0.3005593419075012,-0.13075096905231476,0.7805474996566772]","[0.03478790819644928,0.14891862869262695,0.6945825219154358,0.7029709219932556]",1.1920928955078125e-07,0.0,0.0,False,False,0.014349222183227539
142,2,41,False,"[0.13604813814163208,0.9636512398719788,0.7763757705688477,-0.647323489189148,0.054518699645996094,0.7634451389312744,0.6829924583435059,0.023053504526615143,0.009569525718688965,0.06820046901702881,-0.009471208788454533,-0.0025115609169006348,-0.10464431345462799,0.9556849598884583]","[0.13736805319786072,0.9684132933616638,0.781220555305481,-0.6513168215751648,0.05384000390768051,0.769487738609314]",0.027004793286323547,"[0.02342948131263256,0.009755914099514484,0.06837460398674011,-0.009680730290710926,-0.002862954046577215,-0.10442280769348145]",0.04176740720868111,"[-0.32351037859916687,-0.2652989625930786,1.0205798149108887,0.6909095048904419,-0.059055354446172714,0.4924265444278717,0.5259966850280762]","[0.29818952083587646,-0.3561214506626129,0.9430630803108215,0.6973952651023865,-0.01894126459956169,-0.05447409674525261,0.7143623232841492]","[-0.3005593717098236,-0.13075105845928192,0.7805474996566772]","[0.03478769585490227,0.14891643822193146,0.6945796608924866,0.7029742002487183]",1.1920928955078125e-07,0.0,0.0,False,False,0.009448111057281494
143,2,42,False,"[0.13704527914524078,0.9494487047195435,0.7726908922195435,-0.6324700117111206,0.04921337962150574,0.7650836110115051,0.7019093632698059,0.01741763949394226,-0.014745473861694336,0.064674973487854,-0.021788261830806732,0.013072788715362549,-0.11588235199451447,0.9586684703826904]","[0.13709412515163422,0.9515590667724609,0.7738364338874817,-0.6348625421524048,0.04979987442493439,0.7656429409980774]",0.027321835979819298,"[0.018092436715960503,-0.011857974343001842,0.06511366367340088,-0.02024020068347454,0.011069600470364094,-0.11441978812217712]",0.041771359741687775,"[-0.32331526279449463,-0.2671903073787689,1.0221009254455566,0.6892527341842651,-0.0505438856780529,0.4868828058242798,0.5341545939445496]","[0.2991189658641815,-0.35747089982032776,0.9425259828567505,0.7042402029037476,-0.019952047616243362,-0.06028780713677406,0.7071159482002258]","[-0.30055949091911316,-0.13075144588947296,0.7805474400520325]","[0.034791938960552216,0.14891944825649261,0.6945688128471375,0.702984094619751]",5.960464477539063e-08,0.0,0.0,False,False,0.004888975992798805
144,2,43,False,"[0.12258200347423553,0.8823757767677307,0.7017203569412231,-0.5547839999198914,0.06776928901672363,0.6716625690460205,0.7108432054519653,0.01871076226234436,-0.017352521419525146,0.07038462162017822,-0.013249742798507214,0.012554466724395752,-0.10070671141147614,0.9618186354637146]","[0.12422455102205276,0.8903631567955017,0.710321307182312,-0.5651640295982361,0.06552384048700333,0.6836556196212769]",0.02780012972652912,"[0.018631959334015846,-0.016751891002058983,0.06988140940666199,-0.014089762233197689,0.012368826195597649,-0.10245547443628311]",0.04182951897382736,"[-0.3194815516471863,-0.2750636637210846,1.0163973569869995,0.695997953414917,-0.050282929092645645,0.4455978274345398,0.5608037710189819]","[0.29912206530570984,-0.3582839369773865,0.9450748562812805,0.704727828502655,-0.010058621875941753,-0.06150706112384796,0.7067349553108215]","[-0.3005593419075012,-0.13075105845928192,0.7805474996566772]","[0.03478586673736572,0.14891663193702698,0.6945797801017761,0.7029741406440735]",1.1920928955078125e-07,0.0,0.0,False,False,0.018758654594421387
145,2,44,False,"[0.11911715567111969,0.8630192875862122,0.6863791942596436,-0.5365479588508606,0.06048974394798279,0.6596204042434692,0.718769907951355,0.019342295825481415,-0.001645505428314209,0.07696288824081421,-0.000735994428396225,-0.0003490149974822998,-0.10374535620212555,0.9489462375640869]","[0.11972294747829437,0.8661311268806458,0.6892855763435364,-0.5402349829673767,0.06113874912261963,0.6626830101013184]",0.02817557193338871,"[0.019284948706626892,-0.0034366438630968332,0.07615867257118225,-0.0024189958348870277,0.001257031923159957,-0.103581003844738]",0.04159059748053551,"[-0.3184437155723572,-0.27810996770858765,1.015133261680603,0.6951127648353577,-0.04592718929052353,0.43409639596939087,0.5711998343467712]","[0.2987314760684967,-0.3578217923641205,0.9473512172698975,0.700563371181488,-0.008715962991118431,-0.06386857479810715,0.7106727361679077]","[-0.3005593717098236,-0.13075104355812073,0.7805474996566772]","[0.03478708118200302,0.14891642332077026,0.6945799589157104,0.7029739618301392]",1.1920928955078125e-07,0.0,0.0,False,False,0.005692660808563232
146,2,45,False,"[0.10429584980010986,0.8208039402961731,0.6495584845542908,-0.48502618074417114,0.0788864940404892,0.6031009554862976,0.7005946040153503,0.021892152726650238,0.0028472542762756348,0.07281416654586792,-0.00214596139267087,0.008218735456466675,-0.1030271053314209,0.9489607810974121]","[0.10604451596736908,0.8259947299957275,0.6543992757797241,-0.4921223521232605,0.07667318731546402,0.6107043623924255]",0.02804804965853691,"[0.02157202921807766,0.002151982858777046,0.07310047000646591,-0.0022222506813704967,0.00733265420421958,-0.10309766232967377]",0.04145270586013794,"[-0.3151417672634125,-0.2825389802455902,1.013421654701233,0.7033681273460388,-0.04090379178524017,0.402659147977829,0.5843505859375]","[0.2986810803413391,-0.3571212887763977,0.9459356069564819,0.7018706798553467,-0.011534073390066624,-0.06058106943964958,0.7096296548843384]","[-0.30055952072143555,-0.1307515650987625,0.7805473208427429]","[0.034788623452186584,0.14891402423381805,0.6945648789405823,0.7029893398284912]",-5.960464477539063e-08,0.0,0.0,False,False,0.01189124584197998
147,2,46,False,"[0.10790644586086273,0.8069692850112915,0.640764594078064,-0.4749734699726105,0.06275376677513123,0.6037458181381226,0.7177693843841553,0.014829829335212708,-0.03725820779800415,0.07071635127067566,-0.01580895483493805,0.025345683097839355,-0.11999344825744629,0.9485334157943726]","[0.10772592574357986,0.8091625571250916,0.642383873462677,-0.47718900442123413,0.0645119771361351,0.6046299338340759]",0.0283056553453207,"[0.01558758970350027,-0.03265230730175972,0.07110726088285446,-0.014030168764293194,0.023081637918949127,-0.11783728003501892]",0.041369784623384476,"[-0.3155430257320404,-0.2847183048725128,1.01309072971344,0.6983798146247864,-0.035910677164793015,0.39842116832733154,0.5934951305389404]","[0.299733430147171,-0.35966649651527405,0.9466200470924377,0.7096043229103088,-0.009476044215261936,-0.07248112559318542,0.7007982730865479]","[-0.30055946111679077,-0.13075131177902222,0.7805474996566772]","[0.034790199249982834,0.14891500771045685,0.6945717930793762,0.7029821872711182]",1.1920928955078125e-07,0.0,0.0,False,False,0.007875053212046623
148,2,47,False,"[0.08877144753932953,0.7597385048866272,0.5858831405639648,-0.4280039072036743,0.06833770871162415,0.5408046841621399,0.6881333589553833,0.018110617995262146,-0.02611464262008667,0.08007383346557617,-0.014894145540893078,0.02806994318962097,-0.12396982312202454,0.9344590902328491]","[0.09096970409154892,0.7654718160629272,0.5925085544586182,-0.4344307482242584,0.06789562106132507,0.5489513278007507]",0.02789277955889702,"[0.017803359776735306,-0.026898806914687157,0.07903013378381729,-0.014764778316020966,0.02743498980998993,-0.1231885775923729]",0.04098815470933914,"[-0.31212538480758667,-0.2904685139656067,1.0062675476074219,0.703545093536377,-0.03834715113043785,0.3717288076877594,0.6044595837593079]","[0.2996635437011719,-0.35990238189697266,0.9487920999526978,0.7103419303894043,-0.01080040168017149,-0.07469595968723297,0.699798583984375]","[-0.300559401512146,-0.13075104355812073,0.7805474996566772]","[0.03478941321372986,0.14891797304153442,0.6945798993110657,0.7029736638069153]",1.1920928955078125e-07,0.0,0.0,False,False,0.012739419937133789
149,2,48,False,"[0.08196860551834106,0.6985716223716736,0.5342459678649902,-0.3612312972545624,0.0688391923904419,0.4826297163963318,0.7132855653762817,0.013311773538589478,-0.02156853675842285,0.08629712462425232,-0.00878970418125391,0.018629223108291626,-0.12086489796638489,0.9421827793121338]","[0.08302312344312668,0.7061640620231628,0.5414130091667175,-0.37061652541160583,0.06873726844787598,0.49108898639678955]",0.02810903824865818,"[0.013858410529792309,-0.022213565185666084,0.085491843521595,-0.009522014297544956,0.01975143514573574,-0.1211615726351738]",0.040941063314676285,"[-0.31026211380958557,-0.29721224308013916,1.002577543258667,0.7054136395454407,-0.03012314811348915,0.3340839147567749,0.624397337436676]","[0.29979997873306274,-0.36013951897621155,0.9511268734931946,0.7090634107589722,-0.007660944014787674,-0.07668256759643555,0.700920820236206]","[-0.3005593419075012,-0.1307510882616043,0.7805474996566772]","[0.03478579223155975,0.14891667664051056,0.6945793032646179,0.7029746174812317]",1.1920928955078125e-07,0.0,0.0,False,False,0.01455676555633545
150,2,49,False,"[0.05998268723487854,0.5774289965629578,0.4248541593551636,-0.2637558579444885,0.060482174158096313,0.3780198395252228,0.7350955605506897,0.010226905345916748,-0.028362929821014404,0.06922364234924316,-0.0058394744992256165,0.011662602424621582,-0.12370891869068146,0.9420106410980225]","[0.06270056217908859,0.5921744108200073,0.438800573348999,-0.2775901257991791,0.06157875806093216,0.39244556427001953]",0.02878083661198616,"[0.010670083574950695,-0.02755693532526493,0.07094273716211319,-0.006396133918315172,0.012690789066255093,-0.12338453531265259]",0.040905486792325974,"[-0.3065009117126465,-0.31069380044937134,0.9903958439826965,0.708271324634552,-0.0226567592471838,0.2735413908958435,0.6503947377204895]","[0.2998727560043335,-0.35930246114730835,0.9469413757324219,0.7076494693756104,-0.01071440801024437,-0.0756148099899292,0.702424168586731]","[-0.3005596101284027,-0.13075163960456848,0.7805473804473877]","[0.03479425236582756,0.14891725778579712,0.6945634484291077,0.7029898166656494]",0.0,0.0,0.0,False,False,0.025531768798828125
151,3,0,True,"[-0.06687434762716293,1.2496306896209717,1.0899391174316406,-0.9266744256019592,0.005456328392028809,0.9290380477905273,0.9760212898254395,0.016473039984703064,-0.10079562664031982,-0.024055182933807373,-0.03619927912950516,0.03453835844993591,-0.02170407772064209,0.9825427532196045]","[-0.05157586559653282,0.782099187374115,0.6300451755523682,-0.4767124354839325,0.01282026432454586,0.5912799835205078]",0.034585848450660706,"[0.01573280431330204,-0.09179003536701202,-0.013733848929405212,-0.03282066807150841,0.03177722916007042,-0.03466784954071045]",0.04176079481840134,"[-0.2908479571342468,-0.28868815302848816,1.0129307508468628,0.7260273694992065,-0.003015761496499181,0.4026963412761688,0.5574142336845398]","[0.2999194264411926,-0.3564040958881378,0.9206075072288513,0.7126447558403015,0.004017853643745184,-0.027758954092860222,0.700964093208313]","[-0.30055955052375793,-0.13075152039527893,0.7805473804473877]","[0.03478936105966568,0.14891231060028076,0.6945656538009644,0.7029889225959778]",0.0,0.0,0.0,False,False,0.48740386962890625
152,3,1,False,"[-0.056773990392684937,1.327221393585205,1.155379295349121,-0.9685666561126709,0.01513025164604187,0.9706366062164307,0.9716669321060181,0.013043753802776337,-0.0947943925857544,-0.019453883171081543,-0.035557087510824203,0.031404972076416016,-0.016431152820587158,0.9894698858261108]","[-0.056187428534030914,0.9816643595695496,0.8298159241676331,-0.6756415367126465,0.014842732809484005,0.7865983843803406]",0.037871021777391434,"[0.013356920331716537,-0.09464378654956818,-0.018248174339532852,-0.035071417689323425,0.031461987644433975,-0.0187508687376976]",0.042446598410606384,"[-0.28849080204963684,-0.2609476149082184,1.0320994853973389,0.7254705429077148,-0.0003952655824832618,0.507109522819519,0.46533021330833435]","[0.300129771232605,-0.3561934530735016,0.9190811514854431,0.7133291959762573,0.008247840218245983,-0.02084410935640335,0.7004703879356384]","[-0.3005594313144684,-0.13075117766857147,0.7805474400520325]","[0.03478685021400452,0.14891323447227478,0.6945754289627075,0.7029792070388794]",5.960464477539063e-08,0.0,0.0,False,False,0.36549878120422363
153,3,2,False,"[-0.05026869475841522,1.3856923580169678,1.2100471258163452,-1.015223503112793,0.023636728525161743,1.010094165802002,0.9529235363006592,0.017428971827030182,-0.08403289318084717,-0.013898193836212158,-0.03651869669556618,0.029615432024002075,-0.011629700660705566,0.9881987571716309]","[-0.05097533017396927,1.178736925125122,1.0262080430984497,-0.8689265251159668,0.02250816859304905,0.9672815799713135]",0.03951429948210716,"[0.016952725127339363,-0.08530864119529724,-0.01436932198703289,-0.03632079437375069,0.029841570183634758,-0.01253728661686182]",0.04281734675168991,"[-0.2876906394958496,-0.23006390035152435,1.0451276302337646,0.7241812944412231,-0.004509962163865566,0.5864416360855103,0.3628046214580536]","[0.29974204301834106,-0.3559867739677429,0.9195770621299744,0.7115005850791931,0.008063794113695621,-0.01635107956826687,0.702448844909668]","[-0.300559401512146,-0.13075092434883118,0.7805474996566772]","[0.03478856384754181,0.14891406893730164,0.6945827007293701,0.7029717564582825]",1.1920928955078125e-07,0.0,0.0,False,False,0.22691857814788818
154,3,3,False,"[-0.03643285855650902,1.419655680656433,1.2400871515274048,-1.0380343198776245,0.025892794132232666,1.0273900032043457,0.9577243328094482,0.013920359313488007,-0.08226490020751953,-0.009635686874389648,-0.032739244401454926,0.028014153242111206,-0.008792638778686523,0.9924504160881042]","[-0.038135282695293427,1.3617709875106812,1.2039066553115845,-1.0169448852539062,0.02547229267656803,1.0197508335113525]",0.040337882936000824,"[0.01428088266402483,-0.08264753222465515,-0.010130253620445728,-0.033168382942676544,0.02825138345360756,-0.00926954299211502]",0.04313842952251434,"[-0.2891818881034851,-0.19695723056793213,1.051332712173462,0.7197978496551514,-0.04369886964559555,0.6221756935119629,0.30476027727127075]","[0.29994997382164,-0.35617735981941223,0.9211134910583496,0.7118430733680725,0.010906578041613102,-0.016863979399204254,0.7020513415336609]","[-0.3005594313144684,-0.1307513564825058,0.7805474400520325]","[0.03478975221514702,0.14892016351222992,0.6945717930793762,0.702981173992157]",5.960464477539063e-08,0.0,0.0,False,False,0.07780492305755615
155,3,4,False,"[-0.018253952264785767,1.4487760066986084,1.256603479385376,-1.0639963150024414,0.030573368072509766,1.045858383178711,0.9270199537277222,0.01639946550130844,-0.05728334188461304,-0.009663522243499756,-0.02613057941198349,0.02389669418334961,-0.004843860864639282,0.9915825128555298]","[-0.020497502759099007,1.4383480548858643,1.2506804466247559,-1.0576978921890259,0.029889816418290138,1.0425233840942383]",0.040411077439785004,"[0.016159188002347946,-0.06025736406445503,-0.009807581081986427,-0.027067314833402634,0.02444295585155487,-0.005408532451838255]",0.04330085217952728,"[-0.2932373583316803,-0.1828877031803131,1.0448830127716064,0.7167829871177673,-0.0662495568394661,0.6346706748008728,0.2811160683631897]","[0.29964393377304077,-0.3549846410751343,0.9201461672782898,0.7098948359489441,0.006514475680887699,-0.010000387206673622,0.7042065262794495]","[-0.3005594313144684,-0.13075126707553864,0.7805474400520325]","[0.034786026924848557,0.14891429245471954,0.6945729851722717,0.7029814124107361]",5.960464477539063e-08,0.0,0.0,False,False,0.01842367649078369
156,3,5,False,"[-0.008168816566467285,1.4777815341949463,1.2750381231307983,-1.076097011566162,0.03193679451942444,1.0652283430099487,0.9183695316314697,0.017406441271305084,-0.056844472885131836,-0.006193578243255615,-0.024089979007840157,0.024539411067962646,-0.00419655442237854,0.9936511516571045]","[-0.009547504596412182,1.4728257656097412,1.2724512815475464,-1.0735867023468018,0.03165540471673012,1.0623294115066528]",0.04010438546538353,"[0.017259899526834488,-0.05727841332554817,-0.006527430843561888,-0.02443680539727211,0.02452455461025238,-0.004350963048636913]",0.043449517339468,"[-0.2960512936115265,-0.17632359266281128,1.041892409324646,0.7154456973075867,-0.07289620488882065,0.6405218243598938,0.26936107873916626]","[0.29954299330711365,-0.355058878660202,0.9212874174118042,0.7095215916633606,0.007953458465635777,-0.01063817273825407,0.7045584321022034]","[-0.30055949091911316,-0.13075122237205505,0.7805474400520325]","[0.03479010611772537,0.14891669154167175,0.6945744752883911,0.7029792070388794]",5.960464477539063e-08,0.0,0.0,False,False,0.008480310440063477
157,3,6,False,"[0.009115338325500488,1.4909472465515137,1.2845780849456787,-1.0853288173675537,0.03736141324043274,1.0750218629837036,0.9206544756889343,0.019997738301753998,-0.039399683475494385,0.00019890069961547852,-0.020846189931035042,0.014609992504119873,-0.0024687349796295166,0.9906149506568909]","[0.007060959469527006,1.488681435585022,1.2832518815994263,-1.0837631225585938,0.03660030663013458,1.0733994245529175]",0.03995472192764282,"[0.019696716219186783,-0.0415210984647274,-0.0005896067013964057,-0.021298885345458984,0.01585766114294529,-0.002709596650674939]",0.04346628114581108,"[-0.30047446489334106,-0.17351096868515015,1.040583610534668,0.7147665619850159,-0.07989053428173065,0.6417737603187561,0.2661815285682678]","[0.2990514039993286,-0.35459133982658386,0.9224182963371277,0.7056160569190979,0.006108370143920183,-0.00777547899633646,0.7085253596305847]","[-0.3005593419075012,-0.1307508796453476,0.7805474996566772]","[0.03478732705116272,0.14891566336154938,0.6945840716362,0.7029700875282288]",1.1920928955078125e-07,0.0,0.0,False,False,0.003876924514770508
158,3,7,False,"[0.02675037831068039,1.5188417434692383,1.3113561868667603,-1.1285300254821777,0.02806982398033142,1.0969183444976807,0.8583343029022217,0.023679472506046295,-0.04564404487609863,0.002586841583251953,-0.024434633553028107,0.01797008514404297,-0.0018531382083892822,0.9898890256881714]","[0.02460748516023159,1.5152513980865479,1.3079348802566528,-1.122776746749878,0.02911452203989029,1.093915581703186]",0.03851151093840599,"[0.023207655176520348,-0.04516071453690529,0.002234632382169366,-0.024019649252295494,0.017694532871246338,-0.0019625008571892977]",0.04346752539277077,"[-0.30562135577201843,-0.1703801155090332,1.039563775062561,0.7092273235321045,-0.0926298052072525,0.6512681245803833,0.2535075545310974]","[0.2987789213657379,-0.35499244928359985,0.92338627576828,0.7050074934959412,0.0077411094680428505,-0.008788179606199265,0.7091030478477478]","[-0.30055946111679077,-0.13075114786624908,0.7805474996566772]","[0.034789953380823135,0.14891482889652252,0.6945764422416687,0.70297771692276]",1.1920928955078125e-07,0.0,0.0,False,False,0.008936405181884766
159,3,8,False,"[0.03584086894989014,1.5293784141540527,1.3185228109359741,-1.1285631656646729,0.03730413317680359,1.1033787727355957,0.8551876544952393,0.02476160228252411,-0.041057050228118896,0.01097184419631958,-0.020844310522079468,0.008777648210525513,-0.00026366114616394043,0.9905369281768799]","[0.034577179700136185,1.5276379585266113,1.3173537254333496,-1.1277635097503662,0.03624579682946205,1.1021701097488403]",0.03756430745124817,"[0.024597620591521263,-0.04157392680644989,0.010021309368312359,-0.02120884694159031,0.009901761077344418,-0.0004809122474398464]",0.043476175516843796,"[-0.3082907795906067,-0.16791574656963348,1.0388054847717285,0.710537314414978,-0.09605208784341812,0.6503502130508423,0.2509084939956665]","[0.2984299659729004,-0.35534176230430603,0.9260261654853821,0.7017061114311218,0.010759294033050537,-0.010725454427301884,0.712304413318634]","[-0.30055952072143555,-0.13075149059295654,0.7805474996566772]","[0.03479241952300072,0.14891867339611053,0.6945674419403076,0.7029856443405151]",1.1920928955078125e-07,0.0,0.0,False,False,0.003000020980834961
160,3,9,False,"[0.05296427011489868,1.5483845472335815,1.3249928951263428,-1.1572518348693848,0.03271162509918213,1.1232987642288208,0.8168969750404358,0.02825569361448288,-0.03188121318817139,0.017798542976379395,-0.027697302401065826,0.010594695806503296,-0.0058762431144714355,0.9873861074447632]","[0.050972115248441696,1.5459747314453125,1.3239551782608032,-1.1535089015960693,0.03312328830361366,1.1206021308898926]",0.03618605062365532,"[0.027825860306620598,-0.033011868596076965,0.016831496730446815,-0.026875516399741173,0.010498452000319958,-0.005188626237213612]",0.043417349457740784,"[-0.31307217478752136,-0.1667729616165161,1.0352485179901123,0.7070028185844421,-0.10823559761047363,0.656843900680542,0.23872150480747223]","[0.29814010858535767,-0.3552923798561096,0.9271441698074341,0.7008194327354431,0.006457310635596514,-0.009812144562602043,0.7132419347763062]","[-0.30055928230285645,-0.1307510882616043,0.7805474400520325]","[0.03478178381919861,0.14891523122787476,0.6945787668228149,0.7029756307601929]",5.960464477539063e-08,0.0,0.0,False,False,0.005900859832763672
161,3,10,False,"[0.06774725019931793,1.551248550415039,1.3265374898910522,-1.1536080837249756,0.03365135192871094,1.1250282526016235,0.8184094429016113,0.028681501746177673,-0.03702729940414429,0.015037298202514648,-0.018789175897836685,0.009855896234512329,-0.0033981502056121826,0.9899973273277283]","[0.06591439992189407,1.5504714250564575,1.3263614177703857,-1.1535606384277344,0.033551909029483795,1.1244611740112305]",0.03536092862486839,"[0.028582511469721794,-0.03655786067247391,0.015275041572749615,-0.019811639562249184,0.009935612790286541,-0.0036267987452447414]",0.04343610256910324,"[-0.3173554539680481,-0.16601674258708954,1.0347102880477905,0.7054924368858337,-0.11256402730941772,0.6565488576889038,0.2419775426387787]","[0.29805582761764526,-0.35542163252830505,0.9275648593902588,0.700305700302124,0.01026830729097128,-0.012392968870699406,0.7136616110801697]","[-0.3005594313144684,-0.1307508796453476,0.7805474996566772]","[0.03479014337062836,0.14892037212848663,0.6945836544036865,0.7029693126678467]",1.1920928955078125e-07,0.0,0.0,False,False,0.003481335937976837
162,3,11,False,"[0.07997933030128479,1.5524518489837646,1.3121590614318848,-1.1551365852355957,0.030494987964630127,1.1282658576965332,0.7835301756858826,0.032676778733730316,-0.015233218669891357,0.017355620861053467,-0.021109340712428093,0.01089981198310852,-0.005518049001693726,0.9875765442848206]","[0.07845167815685272,1.5522757768630981,1.3137575387954712,-1.1549957990646362,0.030853742733597755,1.1277793645858765]",0.034151673316955566,"[0.03219463676214218,-0.01772753708064556,0.017025334760546684,-0.020978020504117012,0.01076938584446907,-0.005277215503156185]",0.04339240491390228,"[-0.3209092915058136,-0.16731227934360504,1.0308141708374023,0.7026878595352173,-0.12113144993782043,0.6586432456970215,0.24030359089374542]","[0.2977044880390167,-0.3543871343135834,0.9266310334205627,0.6993776559829712,0.003128767479211092,-0.006649397779256105,0.7147145867347717]","[-0.30055946111679077,-0.13075116276741028,0.7805474996566772]","[0.03478986769914627,0.14891482889652252,0.694575846195221,0.7029783129692078]",1.1920928955078125e-07,0.0,0.0,False,False,0.004267280921339989
163,3,12,False,"[0.0948752909898758,1.5545368194580078,1.3044986724853516,-1.1612203121185303,0.03039446473121643,1.1381242275238037,0.7971287965774536,0.030321158468723297,-0.009922504425048828,0.02166992425918579,-0.018611321225762367,0.008290767669677734,-0.015743136405944824,0.9765123128890991]","[0.09309233725070953,1.5541874170303345,1.3055909872055054,-1.160473346710205,0.030419563874602318,1.1368030309677124]",0.033692531287670135,"[0.03054846078157425,-0.010872871614992619,0.021203164011240005,-0.018884919583797455,0.00860650185495615,-0.014408828690648079]",0.04313013702630997,"[-0.3249624967575073,-0.16867095232009888,1.02803635597229,0.7008252143859863,-0.12837661802768707,0.6603383421897888,0.23731108009815216]","[0.29779478907585144,-0.35423824191093445,0.9277335405349731,0.6991997361183167,-0.00028261670377105474,-0.009721172973513603,0.714860200881958]","[-0.30055952072143555,-0.13075152039527893,0.7805474400520325]","[0.03479251638054848,0.14891862869262695,0.6945668458938599,0.7029862403869629]",5.960464477539063e-08,0.0,0.0,False,False,0.003404855728149414
164,3,13,False,"[0.10696326196193695,1.5735349655151367,1.3264745473861694,-1.1852540969848633,0.031900763511657715,1.146649718284607,0.7334414124488831,0.03452713042497635,-0.011915206909179688,0.021178483963012695,-0.019928045570850372,0.010622948408126831,-0.014513731002807617,0.9742465615272522]","[0.10543791949748993,1.5711867809295654,1.3239998817443848,-1.1820402145385742,0.031689032912254333,1.1453912258148193]",0.032028112560510635,"[0.03405539691448212,-0.01178179495036602,0.02115841582417488,-0.019801199436187744,0.010359959676861763,-0.014501143246889114]",0.042916055768728256,"[-0.32866841554641724,-0.1664419025182724,1.028133511543274,0.6997225880622864,-0.1367475390434265,0.6617398262023926,0.23192395269870758]","[0.2975115478038788,-0.3542977571487427,0.92769855260849,0.6985727548599243,-0.0003170124546159059,-0.009728075005114079,0.7154726982116699]","[-0.3005593717098236,-0.1307508796453476,0.7805474996566772]","[0.03478796035051346,0.14891517162322998,0.6945842504501343,0.7029699683189392]",1.1920928955078125e-07,0.0,0.0,False,False,0.0049397945404052734
165,3,14,False,"[0.11251702904701233,1.552441120147705,1.3138697147369385,-1.1818108558654785,0.02972838282585144,1.1369823217391968,0.7142903804779053,0.031786710023880005,-0.015056788921356201,0.02371269464492798,-0.01877303421497345,0.008640259504318237,-0.008747726678848267,0.9733405113220215]","[0.11174502968788147,1.5544512271881104,1.3151389360427856,-1.181916356086731,0.02996552363038063,1.138055443763733]",0.030641427263617516,"[0.032056450843811035,-0.014688195660710335,0.023462120443582535,-0.01888146810233593,0.00886294525116682,-0.00948114413768053]",0.042774688452482224,"[-0.3301014304161072,-0.1702272742986679,1.0301876068115234,0.6981318593025208,-0.13846252858638763,0.6604055762290955,0.2393834888935089]","[0.2976703941822052,-0.3546302914619446,0.9287894368171692,0.6987440586090088,0.003639141097664833,-0.010061724111437798,0.7152916193008423]","[-0.30055946111679077,-0.13075119256973267,0.7805474996566772]","[0.03479001671075821,0.14891518652439117,0.6945751905441284,0.7029788494110107]",1.1920928955078125e-07,0.0,0.0,False,False,0.004601240158081055
166,3,15,False,"[0.11840194463729858,1.5657248497009277,1.312974452972412,-1.1853725910186768,0.03197672963142395,1.1388037204742432,0.6983576416969299,0.033715128898620605,0.0035876035690307617,0.03151583671569824,-0.015285789966583252,0.0010420382022857666,-0.015506178140640259,0.9682327508926392]","[0.11767034232616425,1.5646389722824097,1.3130680322647095,-1.1849361658096313,0.03170698881149292,1.1387066841125488]",0.029447022825479507,"[0.0335371159017086,0.0014189607463777065,0.03057953529059887,-0.015733711421489716,0.0020263991318643093,-0.014738376252353191]",0.04257301986217499,"[-0.3318455219268799,-0.1692497730255127,1.0269304513931274,0.6975834965705872,-0.14574961364269257,0.6606502532958984,0.23595625162124634]","[0.29731249809265137,-0.3540814518928528,0.9302923083305359,0.6957712769508362,-0.000295851583359763,-0.0099539989605546,0.7181942462921143]","[-0.30055949091911316,-0.1307515799999237,0.7805473208427429]","[0.034788407385349274,0.14891448616981506,0.6945645809173584,0.7029895782470703]",-5.960464477539063e-08,0.0,0.0,False,False,0.0037137269973754883
167,3,16,False,"[0.12526552379131317,1.5582786798477173,1.3048629760742188,-1.1813085079193115,0.029133737087249756,1.1437056064605713,0.7027603387832642,0.032316386699676514,-0.0017933845520019531,0.029926836490631104,-0.012462747283279896,0.006762146949768066,-0.010011166334152222,0.9709972143173218]","[0.124447301030159,1.5588629245758057,1.3059298992156982,-1.1817986965179443,0.02944524958729744,1.1430671215057373]",0.028833890333771706,"[0.032449871301651,-0.001410730998031795,0.030008163303136826,-0.012876625172793865,0.006166050676256418,-0.010613763704895973]",0.04252248629927635,"[-0.3336425721645355,-0.17083336412906647,1.0265954732894897,0.6963653564453125,-0.14576198160648346,0.6613239049911499,0.23765382170677185]","[0.2975415289402008,-0.35422611236572266,0.9305891394615173,0.6976408958435059,0.0029795621521770954,-0.010228509083390236,0.7163683176040649]","[-0.30055949091911316,-0.1307513415813446,0.7805474996566772]","[0.03479064628481865,0.14891478419303894,0.6945708990097046,0.7029830813407898]",1.1920928955078125e-07,0.0,0.0,False,False,0.0022515058517456055
168,3,17,False,"[0.13108591735363007,1.5626965761184692,1.3098220825195312,-1.1943621635437012,0.03609761595726013,1.126534342765808,0.674665629863739,0.03485387563705444,-0.004163086414337158,0.0357283353805542,-0.02111002802848816,0.0035788118839263916,-0.017722636461257935,0.9614808559417725]","[0.13034962117671967,1.5622507333755493,1.309300422668457,-1.1927759647369385,0.035242293030023575,1.1286427974700928]",0.027862776070833206,"[0.03457731753587723,-0.003846772713586688,0.03507190942764282,-0.02004314213991165,0.0039004855789244175,-0.01681642234325409]",0.04227471724152565,"[-0.33510246872901917,-0.17117400467395782,1.0264673233032227,0.6962314248085022,-0.15687206387519836,0.6579540967941284,0.24031074345111847]","[0.29728904366493225,-0.3547164797782898,0.9317997694015503,0.6960713267326355,0.0009489370859228075,-0.012578983791172504,0.7178617715835571]","[-0.300559401512146,-0.13075102865695953,0.7805474996566772]","[0.034788720309734344,0.14891821146011353,0.6945805549621582,0.7029728889465332]",1.1920928955078125e-07,0.0,0.0,False,False,0.003301262855529785
169,3,18,False,"[0.1360391080379486,1.5435891151428223,1.2953920364379883,-1.184239387512207,0.041124939918518066,1.1199082136154175,0.6339803338050842,0.034867458045482635,-0.008006572723388672,0.0420231819152832,-0.013553449884057045,0.00035881996154785156,-0.0255739688873291,0.9556416273117065]","[0.13541030883789062,1.5456645488739014,1.2970960140228271,-1.1853948831558228,0.04036884754896164,1.1210219860076904]",0.026397187262773514,"[0.03484209254384041,-0.0075544030405581,0.04131202772259712,-0.014329865574836731,0.0008046026341617107,-0.024457944557070732]",0.042005639523267746,"[-0.3359302282333374,-0.17452819645404816,1.0276485681533813,0.6972048878669739,-0.15709500014781952,0.6539621949195862,0.24811255931854248]","[0.2971988320350647,-0.35541796684265137,0.9347452521324158,0.6948589086532593,0.00393037311732769,-0.020780358463525772,0.7188350558280945]","[-0.300559401512146,-0.13075098395347595,0.7805474400520325]","[0.0347847081720829,0.14891096949577332,0.6945815086364746,0.7029737830162048]",5.960464477539063e-08,0.0,0.0,False,False,0.004166960716247559
170,3,19,False,"[0.1367165446281433,1.5159740447998047,1.2729172706604004,-1.1693007946014404,0.036535054445266724,1.0964980125427246,0.6336740255355835,0.03511527180671692,-0.013124406337738037,0.042546749114990234,-0.01548086665570736,0.0012893974781036377,-0.03229475021362305,0.9556862711906433]","[0.13658407330513,1.5194134712219238,1.275780439376831,-1.171464443206787,0.03701812028884888,1.0996272563934326]",0.02551281824707985,"[0.0350833386182785,-0.012448555789887905,0.04235273599624634,-0.015341035090386868,0.0012263102689757943,-0.03129599243402481]",0.041844360530376434,"[-0.33565446734428406,-0.1796295940876007,1.028885841369629,0.6948369145393372,-0.15798862278461456,0.650810956954956,0.26208066940307617]","[0.2972027659416199,-0.35582998394966125,0.9353638887405396,0.694929301738739,0.0033300453796982765,-0.024940263479948044,0.7186377048492432]","[-0.3005593419075012,-0.13075105845928192,0.7805474996566772]","[0.03478590026497841,0.14891670644283295,0.6945801973342896,0.7029737830162048]",1.1920928955078125e-07,0.0,0.0,False,False,0.006183505058288574
171,3,20,False,"[0.1390165537595749,1.5052906274795532,1.256631851196289,-1.1652228832244873,0.02771773934364319,1.0932879447937012,0.6185892224311829,0.03158246725797653,0.005507290363311768,0.042036473751068115,-0.013072159141302109,-0.0058089494705200195,-0.03478366136550903,0.9532487392425537]","[0.13877564668655396,1.5070468187332153,1.2587742805480957,-1.1661157608032227,0.02888958528637886,1.0940964221954346]",0.024653442203998566,"[0.03200923278927803,0.0034170271828770638,0.04198887199163437,-0.013397660106420517,-0.00491327652707696,-0.03433951362967491]",0.04169407859444618,"[-0.3360341787338257,-0.1829252392053604,1.0275352001190186,0.6912857294082642,-0.16010862588882446,0.652649462223053,0.2655894458293915]","[0.29727843403816223,-0.35470935702323914,0.9342420697212219,0.6938220262527466,-0.002891356125473976,-0.02113899029791355,0.719830334186554]","[-0.30055946111679077,-0.13075102865695953,0.780547559261322]","[0.034789424389600754,0.1489131599664688,0.6945798397064209,0.7029747366905212]",1.7881393432617188e-07,0.0,0.0,False,False,0.003998756408691406
172,3,21,False,"[0.1436300128698349,1.5079236030578613,1.2698781490325928,-1.1824910640716553,0.0370442271232605,1.097597599029541,0.5939549207687378,0.03344470262527466,-0.006719470024108887,0.04923439025878906,-0.016039801761507988,-0.001133650541305542,-0.03630274534225464,0.9482371211051941]","[0.1430818885564804,1.507733702659607,1.2685590982437134,-1.1804054975509644,0.03600276634097099,1.0971500873565674]",0.023589080199599266,"[0.03326791897416115,-0.005578222218900919,0.048539139330387115,-0.01563597284257412,-0.0016147913411259651,-0.036052457988262177]",0.04149796813726425,"[-0.3369411528110504,-0.18332329392433167,1.0297625064849854,0.6932774186134338,-0.16255371272563934,0.6506815552711487,0.2637351155281067]","[0.2972903251647949,-0.35579317808151245,0.9369179010391235,0.6945663094520569,0.001300665782764554,-0.026348771527409554,0.718944787979126]","[-0.300559401512146,-0.13075150549411774,0.7805473208427429]","[0.03478418290615082,0.14891527593135834,0.6945669651031494,0.7029872536659241]",-5.960464477539063e-08,0.0,0.0,False,False,0.0032607316970825195
173,3,22,False,"[0.14974218606948853,1.5055830478668213,1.254967212677002,-1.1687233448028564,0.03503572940826416,1.1034988164901733,0.5837069749832153,0.03115682303905487,0.008800148963928223,0.042120277881622314,-0.009746590629220009,-0.006531506776809692,-0.03698888421058655,0.94893479347229]","[0.14901892840862274,1.5059751272201538,1.2565056085586548,-1.170243263244629,0.03514260798692703,1.1026883125305176]",0.022752495482563972,"[0.0314156748354435,0.007169394753873348,0.04270065575838089,-0.010569452308118343,-0.005905842874199152,-0.03686976060271263]",0.04139083996415138,"[-0.33847010135650635,-0.18407174944877625,1.0271432399749756,0.6926387548446655,-0.16258959472179413,0.6512376666069031,0.2640182673931122]","[0.2972998321056366,-0.3545055091381073,0.9344741702079773,0.6936736106872559,-0.003849339671432972,-0.021985406056046486,0.7199435234069824]","[-0.30055949091911316,-0.13075129687786102,0.7805474400520325]","[0.034790296107530594,0.14891500771045685,0.6945723295211792,0.7029816508293152]",5.960464477539063e-08,0.0,0.0,False,False,0.003047347068786621
174,3,23,False,"[0.14933116734027863,1.4845285415649414,1.2380647659301758,-1.163670301437378,0.03509840369224548,1.0669611692428589,0.5715305805206299,0.03299516439437866,-0.008199751377105713,0.05742412805557251,-0.01625162735581398,-0.004264146089553833,-0.049980729818344116,0.9409192800521851]","[0.14929822087287903,1.486862301826477,1.2403169870376587,-1.1645987033843994,0.03510435298085213,1.0715206861495972]",0.021997325122356415,"[0.032807428389787674,-0.006486671511083841,0.055969543755054474,-0.015406169928610325,-0.004476591013371944,-0.04830903932452202]",0.041158657521009445,"[-0.3379201292991638,-0.18823187053203583,1.0276310443878174,0.6902846097946167,-0.1703527718782425,0.6463060975074768,0.2770839035511017]","[0.29727140069007874,-0.3564137816429138,0.93951815366745,0.6937073469161987,0.00011502390407258645,-0.03377975896000862,0.7194643020629883]","[-0.3005591928958893,-0.130750834941864,0.7805474996566772]","[0.03478310629725456,0.14892011880874634,0.6945867538452148,0.7029666900634766]",1.1920928955078125e-07,0.0,0.0,False,False,0.007132411003112793
175,3,24,False,"[0.15586811304092407,1.4811415672302246,1.2209110260009766,-1.1458008289337158,0.03116127848625183,1.0875098705291748,0.5895119905471802,0.029615774750709534,0.012010514736175537,0.049788057804107666,-0.007355827838182449,-0.004176795482635498,-0.05064886808395386,0.9404910802841187]","[0.1551613211631775,1.4819765090942383,1.2231316566467285,-1.1482375860214233,0.03164379671216011,1.0854681730270386]",0.02191328816115856,"[0.02999158762395382,0.009919951669871807,0.0502750538289547,-0.008474113419651985,-0.004208838101476431,-0.05035097151994705]",0.041005365550518036,"[-0.3394010365009308,-0.1894458532333374,1.0244896411895752,0.6895699501037598,-0.16586177051067352,0.6485897302627563,0.27625057101249695]","[0.29749491810798645,-0.354827344417572,0.9370397925376892,0.6947829127311707,-0.006074347998946905,-0.02922132797539234,0.7185999155044556]","[-0.3005593717098236,-0.13075107336044312,0.7805474996566772]","[0.03478725999593735,0.14891691505908966,0.694579005241394,0.702974796295166]",1.1920928955078125e-07,0.0,0.0,False,False,0.004115939140319824
176,3,25,False,"[0.1571682095527649,1.4957497119903564,1.2404932975769043,-1.1716883182525635,0.033364176750183105,1.0875200033187866,0.5751609206199646,0.03390738368034363,0.0004672408103942871,0.0505145788192749,-0.005283433943986893,-0.015269249677658081,-0.03939628601074219,0.9416550397872925]","[0.1569393277168274,1.4940482378005981,1.2384378910064697,-1.1686656475067139,0.0331447571516037,1.0872585773468018]",0.021562034264206886,"[0.033467527478933334,0.0015341523103415966,0.05062864348292351,-0.005641992669552565,-0.013877627439796925,-0.04079419746994972]",0.04093743488192558,"[-0.34006553888320923,-0.1879689246416092,1.0253105163574219,0.6894389390945435,-0.17208760976791382,0.6495652794837952,0.27041587233543396]","[0.2969060242176056,-0.3554876446723938,0.9380611777305603,0.6900721788406372,0.001439426327124238,-0.029962601140141487,0.7231186032295227]","[-0.3005595803260803,-0.1307516247034073,0.7805473208427429]","[0.0347905158996582,0.14891241490840912,0.6945629715919495,0.7029914855957031]",-5.960464477539063e-08,0.0,0.0,False,False,0.00467681884765625
177,3,26,False,"[0.1593645066022873,1.4822421073913574,1.2277140617370605,-1.1619479656219482,0.03477272391319275,1.0819334983825684,0.5717369318008423,0.03071758896112442,0.00797736644744873,0.05106973648071289,-0.012637777253985405,-0.01181262731552124,-0.052480459213256836,0.9303641319274902]","[0.1590973138809204,1.4835600852966309,1.229014277458191,-1.1628519296646118,0.03456155210733414,1.082613229751587]",0.02129017934203148,"[0.031039178371429443,0.007251158356666565,0.05091778188943863,-0.011779454536736012,-0.012070520780980587,-0.050989508628845215]",0.040666963905096054,"[-0.34025803208351135,-0.1901170164346695,1.0254517793655396,0.6894741058349609,-0.17194347083568573,0.6477056741714478,0.2748419940471649]","[0.2971748113632202,-0.35506436228752136,0.9371386170387268,0.6915706396102905,-0.0062501151114702225,-0.029570691287517548,0.7216761112213135]","[-0.3005593419075012,-0.13075098395347595,0.7805474996566772]","[0.03478553146123886,0.14891667664051056,0.6945818662643433,0.7029721140861511]",1.1920928955078125e-07,0.0,0.0,False,False,0.0025976896286010742
178,3,27,False,"[0.15712913870811462,1.4791433811187744,1.2222846746444702,-1.152679443359375,0.035383135080337524,1.0718824863433838,0.5978682041168213,0.031156674027442932,0.005933284759521484,0.06140083074569702,-0.013516727834939957,-0.009450733661651611,-0.05549570918083191,0.9416530132293701]","[0.1573420763015747,1.4797136783599854,1.2230768203735352,-1.1539815664291382,0.03528210520744324,1.0732513666152954]",0.021684076637029648,"[0.031137613579630852,0.0060325064696371555,0.0603150874376297,-0.01322945486754179,-0.009782370179891586,-0.05492149665951729]",0.040736690163612366,"[-0.3397216498851776,-0.1904190480709076,1.0249390602111816,0.6893942356109619,-0.17216967046260834,0.645752489566803,0.2794581353664398]","[0.2972554862499237,-0.35581696033477783,0.9402714967727661,0.6923796534538269,-0.004342673346400261,-0.034157223999500275,0.7207112312316895]","[-0.3005593717098236,-0.13075070083141327,0.780547559261322]","[0.03478873893618584,0.14891886711120605,0.6945886611938477,0.7029647827148438]",1.7881393432617188e-07,0.0,0.0,False,False,0.002605956047773361
179,3,28,False,"[0.14577843248844147,1.4330418109893799,1.1871482133865356,-1.1253337860107422,0.038038045167922974,1.0199247598648071,0.5811226963996887,0.034052200615406036,0.0030747056007385254,0.06309741735458374,-0.013525810092687607,-0.010444551706314087,-0.059261202812194824,0.9350522756576538]","[0.14703215658664703,1.4382745027542114,1.1915494203567505,-1.1291272640228271,0.03771478310227394,1.0267314910888672]",0.021589353680610657,"[0.03371154144406319,0.003437935607507825,0.06273289024829865,-0.013490203768014908,-0.01036708615720272,-0.058708399534225464]",0.0406356081366539,"[-0.33587318658828735,-0.1974276900291443,1.0268049240112305,0.6890060305595398,-0.17236866056919098,0.6358689665794373,0.3020433783531189]","[0.29700884222984314,-0.3561980128288269,0.9412555694580078,0.6912452578544617,-0.003906338941305876,-0.03719688951969147,0.7216516137123108]","[-0.30055949091911316,-0.13075126707553864,0.7805474996566772]","[0.034790489822626114,0.14891491830348969,0.6945730447769165,0.7029809951782227]",1.1920928955078125e-07,0.0,0.0,False,False,0.010643243789672852
180,3,29,False,"[0.15519089996814728,1.4213402271270752,1.1720058917999268,-1.1227407455444336,0.036630332469940186,1.0207231044769287,0.607024610042572,0.029681384563446045,0.0005379915237426758,0.06943899393081665,-0.020774992182850838,-0.011151522397994995,-0.06789177656173706,0.9408164024353027]","[0.1543125957250595,1.4234538078308105,1.1741515398025513,-1.1236628293991089,0.03674710541963577,1.0214871168136597]",0.02204635925590992,"[0.03015848435461521,0.000870651041623205,0.06866689026355743,-0.01982641965150833,-0.011045743711292744,-0.06672073155641556]",0.04070763289928436,"[-0.3371819257736206,-0.20127230882644653,1.0256651639938354,0.6872121691703796,-0.17540305852890015,0.6344798803329468,0.30725932121276855]","[0.29734137654304504,-0.3568071722984314,0.9428353309631348,0.6922679543495178,-0.005971177946776152,-0.040846049785614014,0.7204587459564209]","[-0.30055952072143555,-0.13075152039527893,0.7805474400520325]","[0.03479298949241638,0.14891870319843292,0.6945668458938599,0.7029861807823181]",5.960464477539063e-08,0.0,0.0,False,False,0.0041887760162353516
181,3,30,False,"[0.15426287055015564,1.412128210067749,1.17275071144104,-1.1176795959472656,0.03654542565345764,1.017979383468628,0.6129891872406006,0.028613105416297913,0.0037573575973510742,0.06962162256240845,-0.020226897671818733,-0.010424256324768066,-0.07323363423347473,0.9375762939453125]","[0.15426582098007202,1.4133726358413696,1.1729875802993774,-1.1184476613998413,0.036571942269802094,1.0184268951416016]",0.022460728883743286,"[0.028793837875127792,0.003434000303968787,0.06946311891078949,-0.020189007744193077,-0.010500596836209297,-0.07240348309278488]",0.040673740208148956,"[-0.33698326349258423,-0.20250427722930908,1.0277796983718872,0.6874135732650757,-0.17129768431186676,0.6326517462730408,0.312843918800354]","[0.2974803149700165,-0.35666424036026,0.9428809881210327,0.6929259896278381,-0.008729901164770126,-0.042131345719099045,0.7197237014770508]","[-0.300559401512146,-0.13075102865695953,0.7805474400520325]","[0.03478565067052841,0.14891217648983002,0.6945800185203552,0.7029749155044556]",5.960464477539063e-08,0.0,0.0,False,False,0.002552032470703125
182,3,31,False,"[0.15314023196697235,1.4006327390670776,1.154941439628601,-1.101322889328003,0.03615453839302063,1.0133193731307983,0.6072384715080261,0.029010452330112457,-0.006883800029754639,0.061842262744903564,-0.01746295392513275,-0.012898355722427368,-0.061262041330337524,0.9423761963844299]","[0.15326587855815887,1.4022221565246582,1.1570175886154175,-1.1035622358322144,0.036207884550094604,1.0139716863632202]",0.02260933630168438,"[0.028987964615225792,-0.005653838161379099,0.06271328777074814,-0.01782779023051262,-0.012594328261911869,-0.06268317252397537]",0.040757372975349426,"[-0.3364437520503998,-0.20442183315753937,1.0262999534606934,0.687421977519989,-0.16883954405784607,0.6311220526695251,0.3172207474708557]","[0.2974071502685547,-0.35685551166534424,0.9414983987808228,0.6921485066413879,-0.003676397493109107,-0.040318239480257034,0.7206186652183533]","[-0.3005593419075012,-0.13075095415115356,0.7805474996566772]","[0.0347866415977478,0.14891676604747772,0.6945821046829224,0.7029718160629272]",1.1920928955078125e-07,0.0,0.0,False,False,0.0037546157836914062
183,3,32,False,"[0.15995390713214874,1.3894374370574951,1.152266025543213,-1.1110275983810425,0.034145206212997437,1.0071254968643188,0.6049888134002686,0.027825750410556793,-0.006250917911529541,0.06571292877197266,-0.027469851076602936,-0.008882075548171997,-0.06853556632995605,0.9417441487312317]","[0.1592271476984024,1.3908134698867798,1.152827262878418,-1.1101393699645996,0.03439304977655411,1.0079984664916992]",0.022627830505371094,"[0.027955759316682816,-0.006186362821608782,0.06536196172237396,-0.026235703378915787,-0.009349945932626724,-0.06778848171234131]",0.04080067202448845,"[-0.3375023305416107,-0.20749010145664215,1.0276035070419312,0.6853440999984741,-0.17247724533081055,0.63020259141922,0.3215581178665161]","[0.2976030111312866,-0.35705626010894775,0.9416180849075317,0.6936580538749695,-0.0073407781310379505,-0.04026024788618088,0.7191409468650818]","[-0.30055952072143555,-0.13075152039527893,0.7805473208427429]","[0.03478815779089928,0.1489134579896927,0.694566011428833,0.7029883861541748]",-5.960464477539063e-08,0.0,0.0,False,False,0.0028151273727416992
184,3,33,False,"[0.1436314880847931,1.3512444496154785,1.1166281700134277,-1.0661574602127075,0.03778061270713806,0.9588631391525269,0.620519757270813,0.030719652771949768,-0.01374119520187378,0.06175363063812256,-0.024857807904481888,-0.006499350070953369,-0.06239667534828186,0.9411715269088745]","[0.14534364640712738,1.3558274507522583,1.121019721031189,-1.0718543529510498,0.03738366439938545,0.9651350975036621]",0.022997265681624413,"[0.030387824401259422,-0.012846999801695347,0.062174905091524124,-0.02503795549273491,-0.006864158436655998,-0.06308452785015106]",0.040806617587804794,"[-0.33329784870147705,-0.2120831310749054,1.0275592803955078,0.6865763068199158,-0.16784127056598663,0.6186140775680542,0.34316006302833557]","[0.297456830739975,-0.35732048749923706,0.9411455392837524,0.693708062171936,-0.00400000112131238,-0.04015751928091049,0.7191247344017029]","[-0.3005593717098236,-0.13075129687786102,0.7805473804473877]","[0.03478584811091423,0.14891552925109863,0.694572389125824,0.70298171043396]",0.0,0.0,0.0,False,False,0.009806811809539795
185,3,34,False,"[0.14752589166164398,1.3205057382583618,1.087775707244873,-1.0529875755310059,0.03570780158042908,0.9303267002105713,0.635352373123169,0.027565769851207733,-0.005578458309173584,0.07726773619651794,-0.02836218848824501,-0.011429816484451294,-0.07877102494239807,0.9406886100769043]","[0.1473027467727661,1.3246002197265625,1.0916495323181152,-1.0555442571640015,0.03591293841600418,0.9347664713859558]",0.0235251784324646,"[0.027909347787499428,-0.006490145809948444,0.07562040537595749,-0.027872707694768906,-0.01084887981414795,-0.07677057385444641]",0.04080672562122345,"[-0.3328750431537628,-0.2184157371520996,1.0266144275665283,0.6838443875312805,-0.1721714437007904,0.6113519668579102,0.3591134250164032]","[0.2975873649120331,-0.3578881621360779,0.9449344277381897,0.6931400895118713,-0.007265899330377579,-0.04664279893040657,0.7192554473876953]","[-0.300559401512146,-0.13075095415115356,0.7805474996566772]","[0.034787923097610474,0.14891472458839417,0.6945823431015015,0.7029719948768616]",1.1920928955078125e-07,0.0,0.0,False,False,0.007193446159362793
186,3,35,False,"[0.1505679339170456,1.2772860527038574,1.0532660484313965,-1.0205790996551514,0.033825963735580444,0.9216561317443848,0.64844810962677,0.025248952209949493,-0.025960445404052734,0.06243366003036499,-0.03504655882716179,-0.0023743808269500732,-0.06803682446479797,0.9483383893966675]","[0.15021537244319916,1.2826716899871826,1.0578930377960205,-1.0251750946044922,0.03408156335353851,0.9233283400535583]",0.024122154340147972,"[0.025543322786688805,-0.023584121838212013,0.06378466635942459,-0.03420940041542053,-0.0034398215357214212,-0.06915052980184555]",0.0409681499004364,"[-0.33253592252731323,-0.22554868459701538,1.0268510580062866,0.6831558346748352,-0.1628250628709793,0.6045516133308411,0.3759033977985382]","[0.2980281412601471,-0.35820457339286804,0.9415769577026367,0.6966722011566162,-0.005084092263132334,-0.043359771370887756,0.7160599231719971]","[-0.30055946111679077,-0.13075120747089386,0.7805474996566772]","[0.03478969633579254,0.14891518652439117,0.6945745944976807,0.7029794454574585]",1.1920928955078125e-07,0.0,0.0,False,False,0.009688854217529297
187,3,36,False,"[0.1447371542453766,1.2633401155471802,1.0339006185531616,-1.0056095123291016,0.03394186496734619,0.8913769721984863,0.6285651922225952,0.02708963304758072,-0.014768540859222412,0.07092079520225525,-0.042392317205667496,-0.0046457648277282715,-0.08356525003910065,0.9451122879981995]","[0.14535702764987946,1.2656941413879395,1.0366408824920654,-1.0081918239593506,0.033969245851039886,0.8954542875289917]",0.02405860647559166,"[0.026911355555057526,-0.01584017276763916,0.07014185190200806,-0.041324228048324585,-0.004497429821640253,-0.0817270427942276]",0.04099218174815178,"[-0.3309946656227112,-0.22848576307296753,1.024861454963684,0.6822195053100586,-0.16622689366340637,0.5979177951812744,0.38657379150390625]","[0.29786908626556396,-0.3581016957759857,0.9424682259559631,0.6957051157951355,-0.012465166859328747,-0.04492820426821709,0.7168126106262207]","[-0.3005594313144684,-0.130751371383667,0.7805474400520325]","[0.03478842228651047,0.14891701936721802,0.6945705413818359,0.7029831409454346]",5.960464477539063e-08,0.0,0.0,False,False,0.006376504898071289
188,3,37,False,"[0.1356276422739029,1.2539849281311035,1.0301753282546997,-0.9863614439964294,0.038770198822021484,0.8716269731521606,0.6382243037223816,0.029770590364933014,-0.029972851276397705,0.07121068239212036,-0.030736323446035385,-0.00757211446762085,-0.0737932026386261,0.9456532001495361]","[0.13671207427978516,1.2553150653839111,1.0310660600662231,-0.9891179800033569,0.03818142041563988,0.8746662139892578]",0.024203715845942497,"[0.029439520090818405,-0.028347624465823174,0.07121225446462631,-0.032035622745752335,-0.007188080810010433,-0.0748058632016182]",0.04102444648742676,"[-0.32889822125434875,-0.22864171862602234,1.0260181427001953,0.6846375465393066,-0.16218127310276031,0.5897464156150818,0.39644384384155273]","[0.2975921034812927,-0.359225869178772,0.944616436958313,0.6939526200294495,-0.0018143723718822002,-0.05049176886677742,0.7182456851005554]","[-0.3005593717098236,-0.13075107336044312,0.7805474996566772]","[0.03478830307722092,0.14891952276229858,0.6945792436599731,0.7029740214347839]",1.1920928955078125e-07,0.0,0.0,False,False,0.0047533512115478516
189,3,38,False,"[0.12728112936019897,1.2041038274765015,0.983018159866333,-0.9371101260185242,0.0430770218372345,0.8217153549194336,0.6613618731498718,0.026194430887699127,-0.03162628412246704,0.07829752564430237,-0.02823599800467491,-0.0068492591381073,-0.07575902342796326,0.949504554271698]","[0.12833651900291443,1.2099969387054443,0.9888004660606384,-0.9438744783401489,0.0424753874540329,0.8284724354743958]",0.024833736941218376,"[0.026576371863484383,-0.031259674578905106,0.07751133292913437,-0.02868598885834217,-0.006886078976094723,-0.07563675940036774]",0.0411304347217083,"[-0.32602769136428833,-0.2352900356054306,1.0245603322982788,0.6861412525177002,-0.15802858769893646,0.572055459022522,0.420701265335083]","[0.297882616519928,-0.3600330650806427,0.9472499489784241,0.6950963139533997,0.002308740746229887,-0.05516324192285538,0.7167933583259583]","[-0.30055952072143555,-0.13075149059295654,0.7805473804473877]","[0.03478873148560524,0.1489122211933136,0.6945667266845703,0.7029878497123718]",0.0,0.0,0.0,False,False,0.010567188262939453
190,3,39,False,"[0.1320336014032364,1.1923470497131348,0.973497211933136,-0.9381791949272156,0.03628292679786682,0.8243639469146729,0.6451077461242676,0.026509486138820648,-0.032800376415252686,0.06972110271453857,-0.04151633381843567,0.000565260648727417,-0.0815272331237793,0.9451403617858887]","[0.13163502514362335,1.1944128274917603,0.9752234220504761,-0.9389888048171997,0.03705863282084465,0.8248858451843262]",0.024820715188980103,"[0.026502788066864014,-0.032529912889003754,0.07040200382471085,-0.03996831178665161,-0.0003774594224523753,-0.0807759165763855]",0.041088804602622986,"[-0.32646670937538147,-0.23859593272209167,1.0238412618637085,0.6835275292396545,-0.1574646681547165,0.5715508460998535,0.4258222281932831]","[0.2980613708496094,-0.35942205786705017,0.9438754916191101,0.6974279880523682,-0.0056150867603719234,-0.050865016877651215,0.7148253321647644]","[-0.30055955052375793,-0.13075141608715057,0.7805474996566772]","[0.034791018813848495,0.14891530573368073,0.6945686340332031,0.7029852271080017]",1.1920928955078125e-07,0.0,0.0,False,False,0.0036025047302246094
191,3,40,False,"[0.12008020281791687,1.1352471113204956,0.9249292612075806,-0.869144082069397,0.04525488615036011,0.7736455202102661,0.6621754169464111,0.02547384798526764,-0.05047476291656494,0.06987899541854858,-0.031246311962604523,-0.0007818043231964111,-0.06903618574142456,0.9535708427429199]","[0.12137464433908463,1.1420005559921265,0.9311263561248779,-0.8781383633613586,0.04423883929848671,0.7801854014396667]",0.025207143276929855,"[0.02559354342520237,-0.04843458905816078,0.07015232741832733,-0.032286014407873154,-0.0007262644357979298,-0.07053310424089432]",0.04125348851084709,"[-0.3232738971710205,-0.2449856996536255,1.023409128189087,0.6876827478408813,-0.14473509788513184,0.5482643842697144,0.45337656140327454]","[0.29816707968711853,-0.3607138991355896,0.9456456899642944,0.6976384520530701,0.006289827171713114,-0.055335719138383865,0.7142820358276367]","[-0.300559401512146,-0.1307510882616043,0.7805474400520325]","[0.03478894382715225,0.1489184945821762,0.6945784687995911,0.7029749751091003]",5.960464477539063e-08,0.0,0.0,False,False,0.013915479183197021
192,3,41,False,"[0.11401060223579407,1.0917434692382812,0.8735800385475159,-0.8321014642715454,0.05045962333679199,0.7232667803764343,0.6635926365852356,0.024603188037872314,-0.03582632541656494,0.07128122448921204,-0.038070034235715866,-0.0013885200023651123,-0.07848411798477173,0.9504939317703247]","[0.11484362930059433,1.0976275205612183,0.8802799582481384,-0.8381732702255249,0.04968596622347832,0.7305291891098022]",0.02548087015748024,"[0.024722278118133545,-0.03726480156183243,0.07100740820169449,-0.03737896308302879,-0.0013041490456089377,-0.0774698406457901]",0.04128190129995346,"[-0.3208950459957123,-0.25245437026023865,1.0182313919067383,0.6888535618782043,-0.14790655672550201,0.529330313205719,0.47266656160354614]","[0.2982068955898285,-0.3598623275756836,0.9446609020233154,0.6977578997612,-0.0016672974452376366,-0.0524652898311615,0.714407742023468]","[-0.3005594313144684,-0.1307510882616043,0.7805474996566772]","[0.0347893163561821,0.14891524612903595,0.6945778727531433,0.7029762268066406]",1.1920928955078125e-07,0.0,0.0,False,False,0.011560916900634766
193,3,42,False,"[0.11252571642398834,1.0433032512664795,0.8494946360588074,-0.8009560108184814,0.04282808303833008,0.6960552334785461,0.6783671975135803,0.01860346645116806,-0.05274718999862671,0.06828320026397705,-0.041876114904880524,0.008286327123641968,-0.08361954987049103,0.9528757333755493]","[0.11281565576791763,1.0493634939193726,0.8533954620361328,-0.805765688419342,0.04370081424713135,0.700451135635376]",0.025910284370183945,"[0.01930471882224083,-0.0509362630546093,0.0686512216925621,-0.041288044303655624,0.007085508666932583,-0.08283471316099167]",0.041358623653650284,"[-0.3198946416378021,-0.2592249810695648,1.0202012062072754,0.6872984170913696,-0.1376318484544754,0.5130404829978943,0.4954470694065094]","[0.29895445704460144,-0.36068856716156006,0.9444515109062195,0.7026865482330322,-0.0010532125597819686,-0.056718818843364716,0.7092344164848328]","[-0.30055946111679077,-0.13075146079063416,0.7805473208427429]","[0.03478733450174332,0.14891386032104492,0.694567859172821,0.702986478805542]",-5.960464477539063e-08,0.0,0.0,False,False,0.011238813400268555
194,3,43,False,"[0.10285918414592743,0.9885910749435425,0.7896232604980469,-0.7281454205513,0.05993163585662842,0.6291009187698364,0.6897324323654175,0.017554722726345062,-0.06434893608093262,0.06732434034347534,-0.037430379539728165,0.012094825506210327,-0.07481807470321655,0.9578180909156799]","[0.10397741198539734,0.9957079291343689,0.79718017578125,-0.7381988167762756,0.057892777025699615,0.63820481300354]",0.026477020233869553,"[0.017748337239027023,-0.06278800219297409,0.06753548979759216,-0.03789972513914108,0.011467157863080502,-0.07583997398614883]",0.04149893671274185,"[-0.31708139181137085,-0.2658783495426178,1.0157489776611328,0.6929715871810913,-0.13334964215755463,0.48002442717552185,0.5211379528045654]","[0.2992359399795532,-0.36154884099960327,0.9452233910560608,0.7047734260559082,0.006429836619645357,-0.0590229332447052,0.7069436311721802]","[-0.30055949091911316,-0.13075117766857147,0.7805474996566772]","[0.03479103744029999,0.14891447126865387,0.6945756077766418,0.7029784917831421]",1.1920928955078125e-07,0.0,0.0,False,False,0.015469253063201904
195,3,44,False,"[0.10009150207042694,0.9468348622322083,0.7490596771240234,-0.6887284517288208,0.051558345556259155,0.6148657202720642,0.6902822852134705,0.020621977746486664,-0.03917241096496582,0.07420486211776733,-0.040462691336870193,0.008516371250152588,-0.08562293648719788,0.9530355930328369]","[0.10055895894765854,0.952448308467865,0.7548094987869263,-0.6951553821563721,0.052367910742759705,0.6178414821624756]",0.02678881771862507,"[0.02029075101017952,-0.04193659499287605,0.0733499526977539,-0.04015583544969559,0.008882694877684116,-0.08437570929527283]",0.04147949069738388,"[-0.3159983456134796,-0.27188840508461,1.0121381282806396,0.6923569440841675,-0.12306919693946838,0.466267853975296,0.5367403030395508]","[0.29891282320022583,-0.3604132831096649,0.9455012679100037,0.7029701471328735,-0.0027053882367908955,-0.056114379316568375,0.7089970707893372]","[-0.30055946111679077,-0.13075107336044312,0.7805474996566772]","[0.034789782017469406,0.14891394972801208,0.6945787668228149,0.7029755711555481]",1.1920928955078125e-07,0.0,0.0,False,False,0.009836256504058838
196,3,45,False,"[0.08589549362659454,0.8963498473167419,0.7047736644744873,-0.6350040435791016,0.06522312760353088,0.5584872364997864,0.6933422684669495,0.01971430331468582,-0.05369502305984497,0.06826800107955933,-0.03683949634432793,0.016238272190093994,-0.08035317063331604,0.9520677328109741]","[0.087567038834095,0.9027645587921143,0.710845947265625,-0.6427693367004395,0.06362631916999817,0.5660621523857117]",0.027057575061917305,"[0.019767293706536293,-0.05231323838233948,0.06889810413122177,-0.0372568741440773,0.015310187824070454,-0.08086599409580231]",0.041458990424871445,"[-0.3128077983856201,-0.2779235541820526,1.0093713998794556,0.6989971399307251,-0.11692717671394348,0.4362924098968506,0.5544185638427734]","[0.2991545796394348,-0.36085066199302673,0.9450174570083618,0.7054452300071716,0.0016798818251118064,-0.05774557217955589,0.7064060568809509]","[-0.30055931210517883,-0.13075099885463715,0.7805474996566772]","[0.03478509560227394,0.14891691505908966,0.6945815682411194,0.702972412109375]",1.1920928955078125e-07,0.0,0.0,False,False,0.01197052001953125
197,3,46,False,"[0.08976034820079803,0.8654721975326538,0.6871106624603271,-0.6152182221412659,0.05905115604400635,0.5473816394805908,0.7028945684432983,0.014312885701656342,-0.08044540882110596,0.0659525990486145,-0.04208902269601822,0.0223771333694458,-0.08201324939727783,0.9515174627304077]","[0.08952175080776215,0.8697165250778198,0.6900007128715515,-0.6187826991081238,0.059625133872032166,0.5497615337371826]",0.02739214524626732,"[0.014940046705305576,-0.07714956253767014,0.06635866314172745,-0.04144660383462906,0.02149553783237934,-0.08186575025320053]",0.04142937436699867,"[-0.31287139654159546,-0.28226596117019653,1.0093085765838623,0.6974682807922363,-0.10941731184720993,0.4235501289367676,0.567601203918457]","[0.2997898459434509,-0.3625450134277344,0.9454676508903503,0.7093002796173096,0.0077058724127709866,-0.06417801976203918,0.7019365429878235]","[-0.30055946111679077,-0.13075140118598938,0.7805474400520325]","[0.034787289798259735,0.14891399443149567,0.6945691704750061,0.7029851078987122]",5.960464477539063e-08,0.0,0.0,False,False,0.007513642311096191
198,3,47,False,"[0.07757432758808136,0.7992200255393982,0.6191872954368591,-0.5598881244659424,0.05874338746070862,0.491882860660553,0.6972460746765137,0.015695951879024506,-0.07019108533859253,0.0702810287475586,-0.05013470724225044,0.023460566997528076,-0.09459123015403748,0.9449172019958496]","[0.07897324115037918,0.8073660731315613,0.6275089979171753,-0.5676106214523315,0.0588805116713047,0.4992695450782776]",0.02753600664436817,"[0.015603695064783096,-0.07099029421806335,0.0697392076253891,-0.04904799535870552,0.023209458217024803,-0.09296879917383194]",0.041257746517658234,"[-0.31042662262916565,-0.2909066677093506,1.0017993450164795,0.6993811726570129,-0.10586336255073547,0.3965769410133362,0.5851372480392456]","[0.29977789521217346,-0.3623183071613312,0.9454382658004761,0.7097079157829285,5.20432586199604e-05,-0.06443165242671967,0.7015434503555298]","[-0.30055952072143555,-0.13075126707553864,0.7805474400520325]","[0.03479262813925743,0.14892080426216125,0.6945725679397583,0.702980101108551]",5.960464477539063e-08,0.0,0.0,False,False,0.014281868934631348
199,3,48,False,"[0.07395581901073456,0.7445897459983826,0.5691878795623779,-0.4891972243785858,0.06283143162727356,0.4461227357387543,0.7136675715446472,0.009047701954841614,-0.07781338691711426,0.06660246849060059,-0.04015829414129257,0.016790390014648438,-0.08706997334957123,0.958704948425293]","[0.07454319298267365,0.7517614960670471,0.5763382911682129,-0.49925440549850464,0.06233718618750572,0.4529009163379669]",0.027914250269532204,"[0.00983184389770031,-0.07702498883008957,0.06702826172113419,-0.0412760004401207,0.017615340650081635,-0.08782252669334412]",0.041465118527412415,"[-0.30918964743614197,-0.2966230511665344,0.997806191444397,0.7021626830101013,-0.0942838191986084,0.3626399636268616,0.6054505109786987]","[0.3001249134540558,-0.3626030683517456,0.9456971883773804,0.7097432613372803,0.005671566352248192,-0.06666192412376404,0.7012763023376465]","[-0.3005593717098236,-0.1307508945465088,0.7805474996566772]","[0.03478783369064331,0.14891472458839417,0.6945839524269104,0.7029703855514526]",1.1920928955078125e-07,0.0,0.0,False,False,0.0155964195728302
200,3,49,False,"[0.05665384232997894,0.6169472336769104,0.45073771476745605,-0.37531083822250366,0.05458015203475952,0.3538389801979065,0.7321672439575195,0.008911997079849243,-0.0776212215423584,0.05969053506851196,-0.048871397972106934,0.01543918251991272,-0.1053074449300766,0.9574289321899414]","[0.05877542868256569,0.632429301738739,0.46579256653785706,-0.3913509249687195,0.0555981807410717,0.3664781153202057]",0.028598403558135033,"[0.009025555104017258,-0.0774969831109047,0.06040839105844498,-0.04796302318572998,0.015713226050138474,-0.10307805985212326]",0.04155823588371277,"[-0.3061567544937134,-0.3101707100868225,0.9849618077278137,0.7046789526939392,-0.07847906649112701,0.30426090955734253,0.6361554861068726]","[0.3001338839530945,-0.36192119121551514,0.9428948760032654,0.7093607783317566,-0.004365141037851572,-0.067620649933815,0.701580822467804]","[-0.30055949091911316,-0.13075125217437744,0.7805474996566772]","[0.03479057550430298,0.14891497790813446,0.6945734620094299,0.7029805779457092]",1.1920928955078125e-07,0.0,0.0,False,False,0.02673429250717163
201,4,0,True,"[-0.07442732900381088,1.2683805227279663,1.0543789863586426,-0.933855414390564,0.023977190256118774,1.0004839897155762,1.015451431274414,0.008097313344478607,-0.08045196533203125,-0.02946406602859497,-0.018304001539945602,0.021565526723861694,0.0014895200729370117,0.9900281429290771]","[-0.05875487998127937,0.8222982883453369,0.6563896536827087,-0.5901180505752563,0.028245834633708,0.5658106207847595]",0.03504127264022827,"[0.00818559154868126,-0.07975433021783829,-0.01967313140630722,-0.022500256076455116,0.020838195458054543,-0.011843359097838402]",0.04231686145067215,"[-0.2892444133758545,-0.28878381848335266,1.0073738098144531,0.7295572757720947,-0.05555910989642143,0.4296857416629791,0.5291781425476074]","[0.30030012130737305,-0.35533401370048523,0.9187102317810059,0.7114014029502869,0.009267096407711506,-0.01725022867321968,0.7025129199028015]","[-0.30055952072143555,-0.13075144588947296,0.7805474996566772]","[0.03479153662919998,0.14891435205936432,0.6945681571960449,0.7029858827590942]",1.1920928955078125e-07,0.0,0.0,False,False,0.46595728397369385
202,4,1,False,"[-0.06829522550106049,1.3025596141815186,1.0834879875183105,-0.9528458118438721,0.030260413885116577,1.0144935846328735,1.0118720531463623,0.004154875874519348,-0.07632637023925781,-0.021300852298736572,-0.020888322964310646,0.020615339279174805,0.0010661780834197998,0.996190071105957]","[-0.06720301508903503,1.0212388038635254,0.8543576598167419,-0.7846489548683167,0.03002120740711689,0.7636169195175171]",0.03875342383980751,"[0.004625706933438778,-0.07694564014673233,-0.020526092499494553,-0.02093377336859703,0.020654117688536644,-0.0005741411587223411]",0.04292222484946251,"[-0.2859889566898346,-0.2613855004310608,1.0264204740524292,0.7293144464492798,-0.04967634379863739,0.5286247730255127,0.4314954876899719]","[0.3006307780742645,-0.3551293909549713,0.9183632731437683,0.7125362157821655,0.01250031404197216,-0.012585331685841084,0.7014109492301941]","[-0.300559401512146,-0.13075104355812073,0.7805474996566772]","[0.03478910028934479,0.14891694486141205,0.6945801377296448,0.7029736638069153]",1.1920928955078125e-07,0.0,0.0,False,False,0.3012683391571045
203,4,2,False,"[-0.06506963074207306,1.3381834030151367,1.1142091751098633,-0.9804274439811707,0.03755056858062744,1.0424222946166992,0.9984182715415955,0.006172552704811096,-0.06689614057540894,-0.014733970165252686,-0.024189144372940063,0.017923742532730103,0.0030334293842315674,0.9925251603126526]","[-0.06533976644277573,1.2129192352294922,1.0411750078201294,-0.9532271027565002,0.03661246597766876,0.9526382684707642]",0.040926944464445114,"[0.005995395593345165,-0.06809850037097931,-0.015391603112220764,-0.023762304335832596,0.018266193568706512,0.0025737525429576635]",0.04319428279995918,"[-0.2841319441795349,-0.23038770258426666,1.0388484001159668,0.728328287601471,-0.04247751086950302,0.5998246073722839,0.32854822278022766]","[0.3004310131072998,-0.3550192713737488,0.9191638827323914,0.7112370729446411,0.011273287236690521,-0.009202379733324051,0.7028014063835144]","[-0.3005593419075012,-0.13075099885463715,0.7805474996566772]","[0.03478686511516571,0.1489163637161255,0.6945813894271851,0.7029725909233093]",1.1920928955078125e-07,0.0,0.0,False,False,0.1451740264892578
204,4,3,False,"[-0.05491743981838226,1.3505873680114746,1.126999020576477,-0.9937552809715271,0.03827488422393799,1.0379176139831543,0.9949315786361694,0.003729015588760376,-0.057524681091308594,-0.009048402309417725,-0.019638778641819954,0.01663804054260254,0.003216862678527832,0.9937314391136169]","[-0.05613440275192261,1.3346757888793945,1.1172404289245605,-0.9880477786064148,0.038042765110731125,1.0270488262176514]",0.042227454483509064,"[0.003999199718236923,-0.058795079588890076,-0.009748853743076324,-0.020143352448940277,0.016848109662532806,0.0031351346988230944]",0.04338822513818741,"[-0.2847784459590912,-0.20637832581996918,1.0337038040161133,0.7257823348045349,-0.04677203297615051,0.624662458896637,0.28433969616889954]","[0.3005792200565338,-0.3549250364303589,0.9207255840301514,0.7114374041557312,0.011441022157669067,-0.009008394554257393,0.702598512172699]","[-0.30055952072143555,-0.13075152039527893,0.7805473804473877]","[0.03479265049099922,0.14891958236694336,0.6945667862892151,0.7029860615730286]",0.0,0.0,0.0,False,False,0.02868020534515381
205,4,4,False,"[-0.04036811366677284,1.3520779609680176,1.127608060836792,-0.9986937642097473,0.041100889444351196,1.0413768291473389,0.9684029817581177,0.004272371530532837,-0.03454369306564331,-0.005132317543029785,-0.0187322236597538,0.011567443609237671,0.002453029155731201,0.9913502931594849]","[-0.04212724417448044,1.3495807647705078,1.1267800331115723,-0.99723219871521,0.04068170115351677,1.0395493507385254]",0.04232353717088699,"[0.004251581616699696,-0.03739432618021965,-0.005740731488913298,-0.01893671602010727,0.012233981862664223,0.002539593493565917]",0.04344584420323372,"[-0.2880105674266815,-0.20367431640625,1.0327571630477905,0.7244325280189514,-0.051895998418331146,0.6275367736816406,0.28053852915763855]","[0.30041754245758057,-0.3540175259113312,0.9205857515335083,0.709796130657196,0.005434919614344835,-0.003563716309145093,0.7043771147727966]","[-0.300559401512146,-0.13075120747089386,0.7805474400520325]","[0.03478620573878288,0.14891417324543,0.6945748329162598,0.7029796242713928]",5.960464477539063e-08,0.0,0.0,False,False,0.0048350803554058075
206,4,5,False,"[-0.03286825120449066,1.3789384365081787,1.1416324377059937,-1.010678768157959,0.043166905641555786,1.0579265356063843,0.9556118249893188,0.004469171166419983,-0.030759990215301514,0.0021550655364990234,-0.01885051652789116,0.012639343738555908,0.0012988746166229248,0.990410566329956]","[-0.03390898182988167,1.3755968809127808,1.1398502588272095,-1.0088832378387451,0.042832303792238235,1.0555802583694458]",0.042046982795000076,"[0.004443159326910973,-0.031576626002788544,0.00131566624622792,-0.018822943791747093,0.012587141245603561,0.001457018661312759]",0.04346388950943947,"[-0.28982338309288025,-0.199127659201622,1.0301364660263062,0.7235093712806702,-0.05753350257873535,0.6325376033782959,0.27040764689445496]","[0.3004099726676941,-0.3541513681411743,0.9225524663925171,0.7098522186279297,0.005534217692911625,-0.0044178832322359085,0.7043150067329407]","[-0.30055922269821167,-0.13075073063373566,0.780547559261322]","[0.03478220850229263,0.14891712367534637,0.6945889592170715,0.7029651403427124]",1.7881393432617188e-07,0.0,0.0,False,False,0.006246447563171387
207,4,6,False,"[-0.02028679847717285,1.376779317855835,1.1418585777282715,-1.0088577270507812,0.044895440340042114,1.0570470094680786,0.9462707042694092,0.0051351189613342285,-0.022635281085968018,0.004233837127685547,-0.017360731959342957,0.009726911783218384,0.00325581431388855,0.9878876209259033]","[-0.02179231122136116,1.3764870166778564,1.1417590379714966,-1.008829951286316,0.044604796916246414,1.0568573474884033]",0.04166452959179878,"[0.0050597828812897205,-0.023680562153458595,0.0038537289947271347,-0.017556652426719666,0.010087191127240658,0.0030261478386819363]",0.043415557593107224,"[-0.29280534386634827,-0.19869323074817657,1.030473232269287,0.7225440740585327,-0.06058311089873314,0.6316134929656982,0.2744521498680115]","[0.3002769947052002,-0.35386398434638977,0.9229375720024109,0.7087604403495789,0.004627167247235775,-0.002432852052152157,0.70542973279953]","[-0.30055949091911316,-0.1307513415813446,0.7805474996566772]","[0.03479136526584625,0.14891745150089264,0.6945714950561523,0.7029819488525391]",1.1920928955078125e-07,0.0,0.0,False,False,0.002768414095044136
208,4,7,False,"[-0.007948733866214752,1.4018232822418213,1.1575801372528076,-1.036703109741211,0.03543233871459961,1.0685592889785767,0.8861607313156128,0.008185796439647675,-0.027927935123443604,0.0065198540687561035,-0.020293891429901123,0.005246162414550781,0.0032759904861450195,0.9860727787017822]","[-0.00946096982806921,1.3989726305007935,1.155563235282898,-1.0331215858459473,0.03656581789255142,1.067063331604004]",0.040139295160770416,"[0.007828570902347565,-0.027434520423412323,0.00623572152107954,-0.01992841809988022,0.005851556546986103,0.003243612591177225]",0.04334736987948418,"[-0.2961118519306183,-0.1958480030298233,1.028388500213623,0.7171985507011414,-0.07233238965272903,0.6398807168006897,0.2663586437702179]","[0.2998911440372467,-0.3542321026325226,0.92380291223526,0.7062749266624451,0.006037775427103043,-0.0036761967930942774,0.7079022526741028]","[-0.3005595803260803,-0.1307516247034073,0.7805473804473877]","[0.03479037433862686,0.14891254901885986,0.6945627927780151,0.7029916644096375]",0.0,0.0,0.0,False,False,0.005568146705627441
209,4,8,False,"[-0.004062481224536896,1.4026410579681396,1.1508612632751465,-1.0245310068130493,0.041929006576538086,1.0623860359191895,0.8929184675216675,0.0085110142827034,-0.010849475860595703,0.01508551836013794,-0.01635590009391308,0.0005823373794555664,0.0011363029479980469,0.9849425554275513]","[-0.004673929885029793,1.4021486043930054,1.1515202522277832,-1.0256010293960571,0.04123709350824356,1.0629814863204956]",0.039360567927360535,"[0.008442902006208897,-0.012829015031456947,0.014077670872211456,-0.01679198257625103,0.0012462540762498975,0.0014045755378901958]",0.04328595846891403,"[-0.2971898019313812,-0.19502075016498566,1.0267302989959717,0.7180269956588745,-0.07539378106594086,0.637566864490509,0.26881492137908936]","[0.2996959388256073,-0.3538774847984314,0.9256622791290283,0.7044387459754944,0.0040884739719331264,-0.003059747628867626,0.7097463011741638]","[-0.3005593419075012,-0.13075107336044312,0.7805474400520325]","[0.034784574061632156,0.1489149034023285,0.6945786476135254,0.7029757499694824]",5.960464477539063e-08,0.0,0.0,False,False,0.0032929647713899612
210,4,9,False,"[0.006224721670150757,1.4194860458374023,1.1591825485229492,-1.0458675622940063,0.040838927030563354,1.0745632648468018,0.8505728244781494,0.011558882892131805,-0.013405442237854004,0.019093632698059082,-0.017678381875157356,-0.0007519423961639404,-0.00045424699783325195,0.980985164642334]","[0.005024753510951996,1.41749107837677,1.1581916809082031,-1.043277621269226,0.04086687043309212,1.0730834007263184]",0.037980154156684875,"[0.011197463609278202,-0.01334349811077118,0.018526505678892136,-0.01754714362323284,-0.000506267067976296,-0.00021779682720080018]",0.043160855770111084,"[-0.2996814548969269,-0.19352036714553833,1.02449369430542,0.7159711122512817,-0.08430817723274231,0.642123818397522,0.2606807351112366]","[0.29938408732414246,-0.3541960120201111,0.9271408319473267,0.7028319239616394,0.005015258211642504,-0.005113452672958374,0.7113197445869446]","[-0.3005593717098236,-0.13075082004070282,0.780547559261322]","[0.03478766232728958,0.1489144265651703,0.6945858001708984,0.7029685974121094]",1.7881393432617188e-07,0.0,0.0,False,False,0.0040569305419921875
211,4,10,False,"[0.018500611186027527,1.415716290473938,1.1569147109985352,-1.0391390323638916,0.03646963834762573,1.0708234310150146,0.8516076803207397,0.010914549231529236,-0.009123682975769043,0.017564892768859863,-0.014846213161945343,-0.0014041364192962646,0.00016966462135314941,0.98505699634552]","[0.017032194882631302,1.4158090353012085,1.1571789979934692,-1.039648175239563,0.03699749708175659,1.0711089372634888]",0.03715767711400986,"[0.010950290597975254,-0.009604113176465034,0.01762818731367588,-0.01520887203514576,-0.001290254993364215,0.00012013877858407795]",0.04317628964781761,"[-0.30287235975265503,-0.19356821477413177,1.0247002840042114,0.7131341695785522,-0.08718102425336838,0.6420916318893433,0.26750221848487854]","[0.29938191175460815,-0.3539113700389862,0.9267774820327759,0.702645480632782,0.00431409478187561,-0.004186993930488825,0.7115146517753601]","[-0.3005595803260803,-0.1307515949010849,0.7805473208427429]","[0.03478991612792015,0.14891208708286285,0.6945638656616211,0.702990710735321]",-5.960464477539063e-08,0.0,0.0,False,False,0.002754220739006996
212,4,11,False,"[0.02391144633293152,1.410823941230774,1.1351698637008667,-1.025752305984497,0.03568685054779053,1.0619709491729736,0.8317632675170898,0.015395291149616241,0.017585396766662598,0.01978093385696411,-0.01350373774766922,-0.0005885660648345947,-0.0029095709323883057,0.9824720025062561]","[0.023157453164458275,1.4115183353424072,1.1376910209655762,-1.0275883674621582,0.035835690796375275,1.0631355047225952]",0.03627721220254898,"[0.014872657135128975,0.014390788972377777,0.01946636661887169,-0.013752012513577938,-0.0006865179748274386,-0.002523671369999647]",0.04312525689601898,"[-0.30443987250328064,-0.19516022503376007,1.0206248760223389,0.7114266753196716,-0.09306900948286057,0.6415287256240845,0.2713871896266937]","[0.2990020215511322,-0.3525677025318146,0.9257028102874756,0.7014657855033875,-0.003974806051701307,0.0021460058633238077,0.7126887440681458]","[-0.3005593717098236,-0.13075105845928192,0.7805474996566772]","[0.034786563366651535,0.1489163041114807,0.6945799589157104,0.7029740214347839]",1.1920928955078125e-07,0.0,0.0,False,False,0.005447234958410263
213,4,12,False,"[0.03382915258407593,1.4256235361099243,1.1376361846923828,-1.0430859327316284,0.0328904390335083,1.0704978704452515,0.8361701965332031,0.011290743947029114,0.018785059452056885,0.020720720291137695,-0.01226056832820177,-0.0005234777927398682,-0.0046128034591674805,0.9751200675964355]","[0.03266153484582901,1.4239786863327026,1.1375783681869507,-1.041122317314148,0.03324073553085327,1.069556474685669]",0.03581346198916435,"[0.011711959727108479,0.018248850479722023,0.020629804581403732,-0.012434772215783596,-0.0005371482111513615,-0.004346207715570927]",0.04294173792004585,"[-0.30695757269859314,-0.194581538438797,1.0173288583755493,0.7085260152816772,-0.10311221331357956,0.6460264325141907,0.2645910680294037]","[0.2993122637271881,-0.3523962199687958,0.9259282946586609,0.7026370167732239,-0.0051018474623560905,0.0019878619350492954,0.7115272879600525]","[-0.3005593717098236,-0.1307508498430252,0.7805474996566772]","[0.03478722274303436,0.14891491830348969,0.6945852637290955,0.7029690146446228]",1.1920928955078125e-07,0.0,0.0,False,False,0.003116607666015625
214,4,13,False,"[0.04172201454639435,1.4267339706420898,1.147491455078125,-1.0607271194458008,0.030460774898529053,1.0610309839248657,0.7780404090881348,0.014048106968402863,0.010120093822479248,0.015727877616882324,-0.013957761228084564,-0.004437237977981567,-0.00035858154296875,0.9745204448699951]","[0.04073301702737808,1.4262186288833618,1.1463903188705444,-1.0582245588302612,0.030796268954873085,1.0621172189712524]",0.034270480275154114,"[0.013780607841908932,0.011096836999058723,0.016270531341433525,-0.013779441826045513,-0.003948456607758999,-0.0008675831486470997]",0.04280707612633705,"[-0.30907708406448364,-0.1949560046195984,1.0188214778900146,0.7057651877403259,-0.11202558875083923,0.6466842293739319,0.2667304277420044]","[0.29901421070098877,-0.3525848388671875,0.9248641729354858,0.7006951570510864,-0.003361781593412161,0.0027175922878086567,0.7134475708007812]","[-0.30055949091911316,-0.13075126707553864,0.7805474996566772]","[0.03479037806391716,0.1489148885011673,0.694572925567627,0.7029811143875122]",1.1920928955078125e-07,0.0,0.0,False,False,0.0039130449295043945
215,4,14,False,"[0.04687441885471344,1.4036858081817627,1.1309528350830078,-1.053939700126648,0.029152333736419678,1.039656400680542,0.7536106705665588,0.011650577187538147,0.009079217910766602,0.019354164600372314,-0.012256558984518051,-0.006698697805404663,0.005263417959213257,0.9729293584823608]","[0.04620862752199173,1.4062236547470093,1.1327790021896362,-1.0545802116394043,0.02934783324599266,1.0425208806991577]",0.032830554991960526,"[0.011905819177627563,0.009288742206990719,0.019065044820308685,-0.012420805171132088,-0.0063463724218308926,0.0044819628819823265]",0.0427025631070137,"[-0.31032055616378784,-0.19919678568840027,1.0198380947113037,0.7038252949714661,-0.11704638600349426,0.642973780632019,0.2784145474433899]","[0.29913076758384705,-0.35285213589668274,0.9260889887809753,0.7005163431167603,0.00063215137924999,0.0025313557125627995,0.7136314511299133]","[-0.30055955052375793,-0.13075155019760132,0.7805474400520325]","[0.03479311615228653,0.14891912043094635,0.6945658922195435,0.702987015247345]",5.960464477539063e-08,0.0,0.0,False,False,0.004714369773864746
216,4,15,False,"[0.049582719802856445,1.4164505004882812,1.1352195739746094,-1.0634280443191528,0.03209942579269409,1.049734115600586,0.7370335459709167,0.013219013810157776,0.03035801649093628,0.029021382331848145,-0.011304630897939205,-0.012205272912979126,-0.004657953977584839,0.9681466221809387]","[0.04920097440481186,1.4154011011123657,1.134791612625122,-1.0623083114624023,0.03174344450235367,1.048812747001648]",0.03159333020448685,"[0.013078209944069386,0.027859797701239586,0.027855483815073967,-0.011436568573117256,-0.011468498036265373,-0.0034927972592413425]",0.04252977669239044,"[-0.3110460937023163,-0.1983293741941452,1.0180919170379639,0.7039647698402405,-0.12123031914234161,0.6446573138237,0.2723117470741272]","[0.2988600432872772,-0.3522121012210846,0.927746593952179,0.6982475519180298,-0.005268045701086521,0.0027907886542379856,0.7158313989639282]","[-0.300559401512146,-0.13075114786624908,0.7805474400520325]","[0.03478575870394707,0.14891406893730164,0.6945765018463135,0.7029780149459839]",5.960464477539063e-08,0.0,0.0,False,False,0.004188871011137962
217,4,16,False,"[0.055394694209098816,1.4020928144454956,1.1232463121414185,-1.0564630031585693,0.029876351356506348,1.0398136377334595,0.7365412712097168,0.011205203831195831,0.01521766185760498,0.024814188480377197,-0.011356892995536327,-0.008582621812820435,-0.0007054507732391357,0.9693996906280518]","[0.05472223460674286,1.403517484664917,1.1246843338012695,-1.0572545528411865,0.030099643394351006,1.040961503982544]",0.030850673094391823,"[0.011418917216360569,0.01672007143497467,0.025167876854538918,-0.011366665363311768,-0.008943729102611542,-0.0010609404416754842]",0.04246065020561218,"[-0.312349408864975,-0.20082217454910278,1.018183708190918,0.7024542093276978,-0.12325125187635422,0.6429727077484131,0.2792009711265564]","[0.29910171031951904,-0.35275033116340637,0.9276992082595825,0.6997617483139038,-0.0014046764699742198,0.0006517688161693513,0.7143746018409729]","[-0.300559401512146,-0.13075093924999237,0.7805474996566772]","[0.034788116812705994,0.14891493320465088,0.6945822238922119,0.7029720544815063]",1.1920928955078125e-07,0.0,0.0,False,False,0.0031838417053222656
218,4,17,False,"[0.05556535720825195,1.4103891849517822,1.135372519493103,-1.0730701684951782,0.030241966247558594,1.0270341634750366,0.7108593583106995,0.01288420706987381,0.01538550853729248,0.026398062705993652,-0.01960606500506401,-0.015839815139770508,-0.004900336265563965,0.9637800455093384]","[0.05547264218330383,1.4095977544784546,1.134052038192749,-1.0710452795028687,0.03022337704896927,1.028809905052185]",0.02984686754643917,"[0.012726545333862305,0.01555469911545515,0.026212254539132118,-0.01856614463031292,-0.014971415512263775,-0.004411245230585337]",0.042287442833185196,"[-0.3125683665275574,-0.20019416511058807,1.019040584564209,0.7011372447013855,-0.13152313232421875,0.6424468755722046,0.2799469530582428]","[0.29880183935165405,-0.3528923988342285,0.9274494051933289,0.6971249580383301,-0.004330769181251526,0.0012174639850854874,0.7169355154037476]","[-0.30055949091911316,-0.13075126707553864,0.7805474996566772]","[0.034790679812431335,0.14891423285007477,0.694573163986206,0.7029809951782227]",1.1920928955078125e-07,0.0,0.0,False,False,0.0031485557556152344
219,4,18,False,"[0.06143733859062195,1.395329475402832,1.1201423406600952,-1.06546950340271,0.03590783476829529,1.0186753273010254,0.6698151230812073,0.01328304409980774,0.015603184700012207,0.03333020210266113,-0.011633798480033875,-0.02047315239906311,-0.012523561716079712,0.9569097757339478]","[0.060772545635700226,1.396948218345642,1.1217806339263916,-1.0662494897842407,0.035174477845430374,1.0199673175811768]",0.028366493061184883,"[0.013230490498244762,0.015548060648143291,0.03262467682361603,-0.012461951933801174,-0.01978038251399994,-0.011489849537611008]",0.04204213619232178,"[-0.3135782778263092,-0.20305190980434418,1.01869535446167,0.7017648816108704,-0.13469336926937103,0.6385642290115356,0.2856912314891815]","[0.298618882894516,-0.3532766103744507,0.9302260279655457,0.6952274441719055,-0.0023676857817918062,-0.0057658180594444275,0.7187626361846924]","[-0.30055952072143555,-0.13075140118598938,0.7805474996566772]","[0.03479134291410446,0.14891467988491058,0.6945692300796509,0.7029847502708435]",1.1920928955078125e-07,0.0,0.0,False,False,0.002924323081970215
220,4,19,False,"[0.06360927224159241,1.3619580268859863,1.097975492477417,-1.0457171201705933,0.028115779161453247,0.9805092811584473,0.6653370261192322,0.01321999728679657,0.005766153335571289,0.030268430709838867,-0.015801843255758286,-0.022632241249084473,-0.014799296855926514,0.9585705995559692]","[0.06332318484783173,1.3658950328826904,1.1008851528167725,-1.0484284162521362,0.029002970084547997,0.9855422973632812]",0.02737324871122837,"[0.01322773564606905,0.006952134892344475,0.03046855516731739,-0.015397179871797562,-0.02227269485592842,-0.014377945102751255]",0.04192984104156494,"[-0.31404873728752136,-0.20839659869670868,1.0203486680984497,0.6982463598251343,-0.13723693788051605,0.6318038105964661,0.30731400847435]","[0.2985527217388153,-0.35369935631752014,0.9298657774925232,0.694333016872406,-0.002133564557880163,-0.008056419901549816,0.7196055054664612]","[-0.3005594313144684,-0.1307510882616043,0.7805474996566772]","[0.03478998318314552,0.14891798794269562,0.6945785880088806,0.7029749155044556]",1.1920928955078125e-07,0.0,0.0,False,False,0.007875502109527588
221,4,20,False,"[0.06518179178237915,1.3502898216247559,1.085179090499878,-1.0526440143585205,0.020516812801361084,0.9845279455184937,0.6449716091156006,0.011937759816646576,0.01655411720275879,0.029557466506958008,-0.011385003104805946,-0.02972552180290222,-0.012105435132980347,0.956230640411377]","[0.06499586999416351,1.352165937423706,1.0868632793426514,-1.052229881286621,0.021588316187262535,0.9846570491790771]",0.026346934959292412,"[0.012104387395083904,0.015426889061927795,0.029638998210430145,-0.011911318637430668,-0.02878068946301937,-0.012395655736327171]",0.04181129112839699,"[-0.31441065669059753,-0.2123541533946991,1.0194082260131836,0.6951424479484558,-0.13919126987457275,0.6345242261886597,0.3078663647174835]","[0.298465371131897,-0.35311299562454224,0.9292710423469543,0.6923875212669373,-0.0034845618065446615,-0.005291893612593412,0.7214979529380798]","[-0.3005593717098236,-0.13075104355812073,0.7805474996566772]","[0.03478773310780525,0.14891742169857025,0.6945796608924866,0.7029740214347839]",1.1920928955078125e-07,0.0,0.0,False,False,0.003421187400817871
222,4,21,False,"[0.06535522639751434,1.3645319938659668,1.1015477180480957,-1.0633825063705444,0.030856668949127197,0.9779939651489258,0.6273307800292969,0.012851238250732422,0.012878775596618652,0.038706183433532715,-0.014270811341702938,-0.02516224980354309,-0.019414901733398438,0.9505488872528076]","[0.06529501080513,1.3631010055541992,1.099814534187317,-1.0619075298309326,0.02968178689479828,0.9788430333137512]",0.02531980164349079,"[0.012757009826600552,0.013133291155099869,0.03776465356349945,-0.013912489637732506,-0.025622501969337463,-0.01851969212293625]",0.04161971062421799,"[-0.3143872022628784,-0.21022547781467438,1.0203484296798706,0.6971219182014465,-0.14443792402744293,0.6319484114646912,0.30626755952835083]","[0.2985019087791443,-0.35375720262527466,0.9320205450057983,0.6932947039604187,-0.0026539459358900785,-0.010486052371561527,0.7205728888511658]","[-0.30055952072143555,-0.13075152039527893,0.7805473208427429]","[0.03478875383734703,0.14891351759433746,0.694566011428833,0.7029882669448853]",-5.960464477539063e-08,0.0,0.0,False,False,0.002939462661743164
223,4,22,False,"[0.0730678141117096,1.3523582220077515,1.080284833908081,-1.044848918914795,0.03163740038871765,0.983344316482544,0.6166581511497498,0.010945051908493042,0.030761539936065674,0.03796297311782837,-0.008413962088525295,-0.02746477723121643,-0.01992785930633545,0.9500834941864014]","[0.07220443338155746,1.3536471128463745,1.0825810432434082,-1.0470764636993408,0.031371209770441055,0.9827689528465271]",0.02451104111969471,"[0.011162071488797665,0.02871881239116192,0.03783291205763817,-0.00915499497205019,-0.027227938175201416,-0.019748525694012642]",0.04148994758725166,"[-0.31585976481437683,-0.2121845930814743,1.0180381536483765,0.6972796320915222,-0.14280390739440918,0.6305866837501526,0.3094649314880371]","[0.2985972762107849,-0.3527320623397827,0.9313072562217712,0.6932619214057922,-0.006859952583909035,-0.007101289462298155,0.7206181287765503]","[-0.30055949091911316,-0.13075129687786102,0.7805474996566772]","[0.034790657460689545,0.14891479909420013,0.6945720911026001,0.7029818892478943]",1.1920928955078125e-07,0.0,0.0,False,False,0.0039615631103515625
224,4,23,False,"[0.07310116291046143,1.340829849243164,1.0799435377120972,-1.0585522651672363,0.026808887720108032,0.9573707580566406,0.593326210975647,0.015574686229228973,0.01184910535812378,0.047155797481536865,-0.014606287702918053,-0.030405789613723755,-0.026490360498428345,0.9443248510360718]","[0.07301698625087738,1.3421677350997925,1.0802749395370483,-1.0571494102478027,0.027386946603655815,0.9606117010116577]",0.023509742692112923,"[0.015063748694956303,0.013777651824057102,0.046240221709012985,-0.013828922994434834,-0.03001435659825802,-0.025631530210375786]",0.041286077350378036,"[-0.3159525394439697,-0.21514074504375458,1.0196466445922852,0.6940925121307373,-0.15089739859104156,0.6284842491149902,0.31697481870651245]","[0.2981606125831604,-0.35426831245422363,0.9348610639572144,0.6908791661262512,-0.002314361510798335,-0.015900103375315666,0.7227916121482849]","[-0.3005593419075012,-0.13075090944766998,0.7805474996566772]","[0.03478725999593735,0.14891581237316132,0.6945835947990417,0.702970564365387]",1.1920928955078125e-07,0.0,0.0,False,False,0.005070328712463379
225,4,24,False,"[0.07884232699871063,1.3394371271133423,1.066498041152954,-1.0417616367340088,0.026298701763153076,0.9650883674621582,0.6060510873794556,0.011336565017700195,0.026435911655426025,0.04212123155593872,-0.009452899917960167,-0.027554094791412354,-0.024677127599716187,0.9445924758911133]","[0.07819799333810806,1.3398995399475098,1.0680506229400635,-1.0437500476837158,0.026421090587973595,0.964514970779419]",0.023180970922112465,"[0.011770262382924557,0.0250070933252573,0.042427949607372284,-0.010077616199851036,-0.027857627719640732,-0.02479858137667179]",0.04117921367287636,"[-0.3171682357788086,-0.21559369564056396,1.0170931816101074,0.6934018731117249,-0.1498919278383255,0.628576397895813,0.31877556443214417]","[0.29852616786956787,-0.3532547652721405,0.9330706000328064,0.6928236484527588,-0.006014959886670113,-0.011557024903595448,0.7209892272949219]","[-0.30055946111679077,-0.13075120747089386,0.7805474996566772]","[0.03479017689824104,0.14891526103019714,0.6945748925209045,0.7029791474342346]",1.1920928955078125e-07,0.0,0.0,False,False,0.0030645132064819336
226,4,25,False,"[0.08035010099411011,1.3451042175292969,1.078226923942566,-1.0593023300170898,0.027116388082504272,0.970009446144104,0.5986276865005493,0.014646627008914948,0.02063816785812378,0.05098623037338257,-0.009780112653970718,-0.03634291887283325,-0.02400413155555725,0.9439269304275513]","[0.0801067128777504,1.3444045782089233,1.0770498514175415,-1.0573060512542725,0.02702571079134941,0.9693083167076111]",0.022829944267868996,"[0.014325389638543129,0.02108932100236416,0.050155237317085266,-0.009745575487613678,-0.035276010632514954,-0.024106210097670555]",0.04108837619423866,"[-0.3176270127296448,-0.21526645123958588,1.018274188041687,0.6932167410850525,-0.15210528671741486,0.6301749348640442,0.3149506449699402]","[0.29807552695274353,-0.3540262281894684,0.9360314011573792,0.6892443299293518,-0.001547555672004819,-0.015632426366209984,0.7243585586547852]","[-0.30055955052375793,-0.13075150549411774,0.7805474400520325]","[0.03479321673512459,0.14891868829727173,0.6945669651031494,0.7029860019683838]",5.960464477539063e-08,0.0,0.0,False,False,0.0031031370162963867
227,4,26,False,"[0.08348369598388672,1.3377392292022705,1.0711565017700195,-1.0504581928253174,0.02855241298675537,0.9657434225082397,0.5911136865615845,0.011929340660572052,0.024928927421569824,0.045474886894226074,-0.01305321604013443,-0.033569276332855225,-0.02675604820251465,0.9346784353256226]","[0.08310621976852417,1.3385156393051147,1.071861982345581,-1.0513492822647095,0.028351176530122757,0.9661981463432312]",0.022462807595729828,"[0.012208431959152222,0.02453974448144436,0.0458560548722744,-0.012693708762526512,-0.03378111124038696,-0.02641775831580162]",0.04084758460521698,"[-0.31821927428245544,-0.21619708836078644,1.018256664276123,0.6933004260063171,-0.15180428326129913,0.6281560063362122,0.3189197778701782]","[0.2983154356479645,-0.3535035252571106,0.9340208172798157,0.6905256509780884,-0.006105341017246246,-0.012633978389203548,0.7231717109680176]","[-0.300559401512146,-0.13075120747089386,0.7805474400520325]","[0.034785639494657516,0.14891380071640015,0.6945748925209045,0.7029796242713928]",5.960464477539063e-08,0.0,0.0,False,False,0.0018202103674411774
228,4,27,False,"[0.08022436499595642,1.3337944746017456,1.0679616928100586,-1.0489006042480469,0.027047455310821533,0.955463171005249,0.6045442223548889,0.0134650319814682,0.016904473304748535,0.05094414949417114,-0.015270864591002464,-0.031737834215164185,-0.030896425247192383,0.9430056810379028]","[0.0805492252111435,1.3343437910079956,1.0684146881103516,-1.0492302179336548,0.027218857780098915,0.9568331837654114]",0.022536858916282654,"[0.013313413597643375,0.01775706373155117,0.05047580599784851,-0.014889736659824848,-0.03199917450547218,-0.03032553568482399]",0.04087290167808533,"[-0.317589670419693,-0.21694861352443695,1.0182511806488037,0.6927438378334045,-0.15317302942276,0.6268482804298401,0.3220328390598297]","[0.2982707917690277,-0.3542662560939789,0.9358958601951599,0.6907850503921509,-0.004228917416185141,-0.017322836443781853,0.7228402495384216]","[-0.3005594313144684,-0.13075095415115356,0.7805474996566772]","[0.03479010984301567,0.1489204466342926,0.694581151008606,0.7029718160629272]",1.1920928955078125e-07,0.0,0.0,False,False,0.0021425485610961914
229,4,28,False,"[0.07726317644119263,1.2950084209442139,1.0442440509796143,-1.0254888534545898,0.026486843824386597,0.9142880439758301,0.5980139970779419,0.014815136790275574,0.01745915412902832,0.055385589599609375,-0.015784060582518578,-0.03327244520187378,-0.0315835177898407,0.9388298988342285]","[0.07763971388339996,1.2994099855422974,1.0472427606582642,-1.0286039113998413,0.02658594585955143,0.919716477394104]",0.02244477905333042,"[0.014641698449850082,0.01749248243868351,0.05480708181858063,-0.015658969059586525,-0.033114612102508545,-0.031423550099134445]",0.040801309049129486,"[-0.31649327278137207,-0.22248855233192444,1.0202866792678833,0.6919423937797546,-0.15276548266410828,0.6163395643234253,0.3435170352458954]","[0.29811596870422363,-0.3545753061771393,0.9373122453689575,0.6899069547653198,-0.003253139089792967,-0.019096922129392624,0.723638653755188]","[-0.3005593717098236,-0.13075123727321625,0.7805474996566772]","[0.034788619726896286,0.14892035722732544,0.6945751905441284,0.7029777765274048]",1.1920928955078125e-07,0.0,0.0,False,False,0.008491456508636475
230,4,29,False,"[0.08278840780258179,1.28684401512146,1.0342577695846558,-1.0347647666931152,0.025702089071273804,0.9166908264160156,0.6035392880439758,0.0114096999168396,0.010073602199554443,0.06141543388366699,-0.02325742319226265,-0.0351710319519043,-0.03857937455177307,0.944200336933136]","[0.08221833407878876,1.2883880138397217,1.0355983972549438,-1.0340923070907593,0.025803036987781525,0.9170755743980408]",0.022502774372696877,"[0.011794914491474628,0.010937589220702648,0.06066370755434036,-0.022263748571276665,-0.03490590304136276,-0.03766685724258423]",0.0408785305917263,"[-0.3172796070575714,-0.22592663764953613,1.0191669464111328,0.6903558373451233,-0.15723909437656403,0.6166605353355408,0.34411385655403137]","[0.29834628105163574,-0.3554377257823944,0.9391509890556335,0.6902886033058167,-0.0034024701453745365,-0.023441780358552933,0.7231461405754089]","[-0.30055955052375793,-0.13075141608715057,0.7805474996566772]","[0.0347919724881649,0.14891506731510162,0.6945686340332031,0.7029852271080017]",1.1920928955078125e-07,0.0,0.0,False,False,0.0030226707458496094
231,4,30,False,"[0.08110658824443817,1.286668300628662,1.0395233631134033,-1.026214838027954,0.025923162698745728,0.9114701747894287,0.6130719780921936,0.011952787637710571,0.010101079940795898,0.05817896127700806,-0.02026669681072235,-0.03245142102241516,-0.03992900252342224,0.9380348324775696]","[0.08123219013214111,1.286839246749878,1.0391501188278198,-1.027176022529602,0.025909479707479477,0.9121843576431274]",0.022723855450749397,"[0.011929044499993324,0.010225113481283188,0.05840481445193291,-0.02054480090737343,-0.0327623076736927,-0.03964079171419144]",0.04078689590096474,"[-0.31711700558662415,-0.2251584529876709,1.020666241645813,0.690812885761261,-0.15432392060756683,0.6141202449798584,0.34902432560920715]","[0.2983942925930023,-0.35533252358436584,0.9386054277420044,0.6910117268562317,-0.00402643671259284,-0.024192476645112038,0.722427248954773]","[-0.3005593717098236,-0.1307508498430252,0.7805474996566772]","[0.03478784114122391,0.14891530573368073,0.694584846496582,0.7029693722724915]",1.1920928955078125e-07,0.0,0.0,False,False,0.0015791654586791992
232,4,31,False,"[0.079107865691185,1.263517141342163,1.0174988508224487,-1.0063669681549072,0.028510302305221558,0.9077562093734741,0.5952046513557434,0.012067839503288269,-0.0039055347442626953,0.054811835289001465,-0.02224937453866005,-0.03342321515083313,-0.03300052881240845,0.941963255405426]","[0.07933966815471649,1.2662196159362793,1.020067811012268,-1.0090949535369873,0.028185004368424416,0.9083223342895508]",0.02251088246703148,"[0.01205192506313324,-0.0022445619106292725,0.05525561049580574,-0.022025680169463158,-0.033339258283376694,-0.03384742885828018]",0.040816985070705414,"[-0.3163558542728424,-0.2285030484199524,1.020046353340149,0.6926451921463013,-0.14814987778663635,0.6099591851234436,0.35530829429626465]","[0.29837438464164734,-0.3560123145580292,0.9383237957954407,0.6907714009284973,0.0007196650840342045,-0.024905189871788025,0.7226437330245972]","[-0.30055946111679077,-0.13075119256973267,0.7805474996566772]","[0.034789759665727615,0.14891527593135834,0.6945751309394836,0.7029788494110107]",1.1920928955078125e-07,0.0,0.0,False,False,0.0047338008880615234
233,4,32,False,"[0.08393575251102448,1.2622087001800537,1.025404453277588,-1.0266330242156982,0.02502232789993286,0.9021326899528503,0.5980700850486755,0.010827414691448212,-0.005003511905670166,0.05723470449447632,-0.02770247310400009,-0.03170663118362427,-0.03636878728866577,0.9432337284088135]","[0.08343029767274857,1.2626169919967651,1.0247199535369873,-1.0244337320327759,0.02541467174887657,0.902921736240387]",0.022408928722143173,"[0.010968450456857681,-0.004679376725107431,0.056994810700416565,-0.026976121589541435,-0.03191101923584938,-0.03604675829410553]",0.04086624085903168,"[-0.31721433997154236,-0.2300952970981598,1.021621584892273,0.6901839971542358,-0.15367496013641357,0.6106285452842712,0.3565988838672638]","[0.2985208034515381,-0.3562980890274048,0.9386128783226013,0.6916787624359131,-0.0003258854558225721,-0.02540484629571438,0.7217581868171692]","[-0.30055955052375793,-0.13075152039527893,0.7805474400520325]","[0.03479311615228653,0.14891871809959412,0.694566547870636,0.702986478805542]",5.960464477539063e-08,0.0,0.0,False,False,0.003493785858154297
234,4,33,False,"[0.07382898032665253,1.2297173738479614,0.9987475872039795,-0.9870496988296509,0.02579769492149353,0.8635753393173218,0.5992253422737122,0.012819170951843262,-0.018577218055725098,0.05175626277923584,-0.025555726140737534,-0.02746608853340149,-0.029232442378997803,0.9434869289398193]","[0.07491304725408554,1.233501672744751,1.0019352436065674,-0.9918683171272278,0.02576761320233345,0.8685967326164246]",0.022395946085453033,"[0.012591419741511345,-0.01693376526236534,0.052370764315128326,-0.025740155950188637,-0.028030773624777794,-0.030101386830210686]",0.04089803993701935,"[-0.31505170464515686,-0.2336585819721222,1.0219860076904297,0.6912701725959778,-0.14901559054851532,0.5988398194313049,0.3759397864341736]","[0.29848796129226685,-0.35684308409690857,0.938072144985199,0.6924782991409302,0.0048629771918058395,-0.02637055702507496,0.7209400534629822]","[-0.300559401512146,-0.13075119256973267,0.7805474400520325]","[0.03478587418794632,0.14891420304775238,0.6945751309394836,0.702979326248169]",5.960464477539063e-08,0.0,0.0,False,False,0.007853269577026367
235,4,34,False,"[0.07896368205547333,1.2031030654907227,0.9780293107032776,-0.9831808805465698,0.024756282567977905,0.8417818546295166,0.606338381767273,0.012715913355350494,-0.0054991841316223145,0.06648945808410645,-0.02474280446767807,-0.03205990791320801,-0.04482710361480713,0.9333118200302124]","[0.078519307076931,1.20659339427948,0.9807873368263245,-0.9844195246696472,0.024874718859791756,0.8452014327049255]",0.022538233548402786,"[0.012711573392152786,-0.006901417393237352,0.06495074927806854,-0.024809427559375763,-0.031552255153656006,-0.04294935241341591]",0.04069727286696434,"[-0.3154270350933075,-0.23916640877723694,1.021435260772705,0.6891927123069763,-0.1533786654472351,0.592208981513977,0.38830000162124634]","[0.29837796092033386,-0.35708072781562805,0.9416688680648804,0.6911794543266296,0.0016345957992598414,-0.03229420632123947,0.7219593524932861]","[-0.300559401512146,-0.13075093924999237,0.7805474996566772]","[0.034787826240062714,0.1489148736000061,0.6945820450782776,0.7029721736907959]",1.1920928955078125e-07,0.0,0.0,False,False,0.006182074546813965
236,4,35,False,"[0.08154456317424774,1.1536884307861328,0.938887357711792,-0.9458979368209839,0.025930702686309814,0.8140245676040649,0.6171901822090149,0.010324865579605103,-0.03971618413925171,0.04897874593734741,-0.03489939123392105,-0.02301749587059021,-0.029697418212890625,0.9433452486991882]","[0.08121127635240555,1.15969979763031,0.9439406991004944,-0.9509527683258057,0.02578798681497574,0.8180014491081238]",0.022856680676341057,"[0.010586755350232124,-0.03576919808983803,0.050676196813583374,-0.033683840185403824,-0.024090750142931938,-0.03138720616698265]",0.04079704359173775,"[-0.31535208225250244,-0.2467486560344696,1.0208508968353271,0.6891741156578064,-0.14794328808784485,0.5788417458534241,0.40999269485473633]","[0.2988016605377197,-0.35803136229515076,0.9381017684936523,0.6945957541465759,0.00762918870896101,-0.030057305470108986,0.7187315225601196]","[-0.30055949091911316,-0.13075143098831177,0.7805473804473877]","[0.03478757664561272,0.1489136815071106,0.6945683360099792,0.7029860615730286]",0.0,0.0,0.0,False,False,0.010728716850280762
237,4,36,False,"[0.07730859518051147,1.1500663757324219,0.9327400922775269,-0.9432992935180664,0.021365582942962646,0.7953372001647949,0.5993061065673828,0.011721968650817871,-0.02426046133041382,0.05809718370437622,-0.03551245480775833,-0.026318848133087158,-0.04042139649391174,0.9408522844314575]","[0.07776883244514465,1.151260495185852,0.9339709877967834,-0.9443256855010986,0.02193286456167698,0.7982279062271118]",0.022654948756098747,"[0.011593479663133621,-0.025661291554570198,0.05730925127863884,-0.03524641692638397,-0.02603975124657154,-0.039269011467695236]",0.04079565778374672,"[-0.31464022397994995,-0.24828259646892548,1.0197596549987793,0.6873128414154053,-0.1517300307750702,0.5752615332603455,0.4167170822620392]","[0.29865020513534546,-0.3578263521194458,0.9394505620002747,0.6935662031173706,0.0031354508828371763,-0.03112656995654106,0.7197132110595703]","[-0.30055949091911316,-0.1307511329650879,0.7805474996566772]","[0.03478991240262985,0.1489143967628479,0.6945769190788269,0.7029772996902466]",1.1920928955078125e-07,0.0,0.0,False,False,0.004521548748016357
238,4,37,False,"[0.06954541802406311,1.143707036972046,0.9304114580154419,-0.9286440014839172,0.030636996030807495,0.7887309193611145,0.6015883684158325,0.014365427196025848,-0.037562012672424316,0.05520963668823242,-0.025813229382038116,-0.0268326997756958,-0.029564261436462402,0.9452576041221619]","[0.07046081870794296,1.1445611715316772,0.9309301972389221,-0.9306188225746155,0.02955169975757599,0.7899429202079773]",0.0225773174315691,"[0.014039904810488224,-0.03617458418011665,0.05551980808377266,-0.026992131024599075,-0.026736989617347717,-0.030802477151155472]",0.04089699313044548,"[-0.31293946504592896,-0.24825428426265717,1.0206400156021118,0.6918178796768188,-0.14664587378501892,0.5686230659484863,0.420179545879364]","[0.2984143793582916,-0.35851019620895386,0.9404020309448242,0.6923407912254333,0.012068466283380985,-0.03411565721035004,0.720662534236908]","[-0.30055952072143555,-0.13075144588947296,0.7805473208427429]","[0.034788358956575394,0.14891210198402405,0.6945679187774658,0.7029867172241211]",-5.960464477539063e-08,0.0,0.0,False,False,0.003129243850708008
239,4,38,False,"[0.061560481786727905,1.0942935943603516,0.8900551795959473,-0.8682562112808228,0.04242470860481262,0.7354164123535156,0.6209596395492554,0.015087880194187164,-0.03866523504257202,0.06711715459823608,-0.018491245806217194,-0.024558663368225098,-0.033060669898986816,0.9403966069221497]","[0.06255390495061874,1.1000657081604004,0.895092248916626,-0.8762680292129517,0.04081027954816818,0.7423743605613708]",0.022966887801885605,"[0.01496097445487976,-0.0384325310587883,0.06591197848320007,-0.019497515633702278,-0.024836357682943344,-0.03277222812175751]",0.040854863822460175,"[-0.31069469451904297,-0.2532874345779419,1.0204261541366577,0.6973812580108643,-0.13878783583641052,0.5434313416481018,0.446183443069458]","[0.2984023988246918,-0.3596409857273102,0.9447637796401978,0.6925612688064575,0.018499750643968582,-0.04193350672721863,0.7199013829231262]","[-0.300559401512146,-0.13075116276741028,0.7805474996566772]","[0.034789107739925385,0.14891774952411652,0.6945760250091553,0.7029774785041809]",1.1920928955078125e-07,0.0,0.0,False,False,0.012430310249328613
240,4,39,False,"[0.06703214347362518,1.0701594352722168,0.8657138347625732,-0.8677108883857727,0.032731592655181885,0.7241329550743103,0.6050406694412231,0.013602487742900848,-0.04548656940460205,0.0566021203994751,-0.03356209769845009,-0.01778566837310791,-0.03343266248703003,0.9330044984817505]","[0.06654706597328186,1.073651671409607,0.8690229654312134,-0.8689589500427246,0.033744484186172485,0.7264580130577087]",0.022855501621961594,"[0.013748696073889732,-0.04454793035984039,0.0574166476726532,-0.03186938539147377,-0.018674395978450775,-0.03334801271557808]",0.04066415876150131,"[-0.3113154172897339,-0.25885191559791565,1.017612099647522,0.693300187587738,-0.14228267967700958,0.5400285124778748,0.45547741651535034]","[0.2986849546432495,-0.35926273465156555,0.9411627650260925,0.6953311562538147,0.01312852930277586,-0.036804791539907455,0.7176263332366943]","[-0.3005593717098236,-0.13075092434883118,0.7805474996566772]","[0.034787893295288086,0.14891523122787476,0.6945830583572388,0.7029711008071899]",1.1920928955078125e-07,0.0,0.0,False,False,0.006038665771484375
241,4,40,False,"[0.06252290308475494,1.0345914363861084,0.841179370880127,-0.8142776489257812,0.04397556185722351,0.6993080973625183,0.6266406774520874,0.013235338032245636,-0.05473029613494873,0.0599207878112793,-0.022241931408643723,-0.01916930079460144,-0.021296411752700806,0.9400383234024048]","[0.06296753883361816,1.039033055305481,0.8447306752204895,-0.8212496042251587,0.04268457740545273,0.7027716636657715]",0.023232659325003624,"[0.013294631615281105,-0.05360898748040199,0.05984358489513397,-0.02339295670390129,-0.01910369098186493,-0.02283310703933239]",0.04070019721984863,"[-0.31017231941223145,-0.26196521520614624,1.01853609085083,0.698576033115387,-0.12897509336471558,0.5201197862625122,0.47416481375694275]","[0.29872703552246094,-0.36024168133735657,0.943426787853241,0.6950634717941284,0.02380891516804695,-0.04011058434844017,0.717433512210846]","[-0.30055949091911316,-0.1307513415813446,0.7805474400520325]","[0.03478743135929108,0.14891204237937927,0.6945707201957703,0.702984094619751]",5.960464477539063e-08,0.0,0.0,False,False,0.010903358459472656
242,4,41,False,"[0.05702252686023712,0.9618878364562988,0.7633408308029175,-0.7542270421981812,0.05300253629684448,0.6330289840698242,0.6219225525856018,0.013923034071922302,-0.04553794860839844,0.058482348918914795,-0.01722615584731102,-0.01948326826095581,-0.01894626021385193,0.9377783536911011]","[0.05769657343626022,0.9708118438720703,0.7729047536849976,-0.7630407214164734,0.05170667544007301,0.6419289112091064]",0.02342185750603676,"[0.013849438168108463,-0.04645972698926926,0.058561019599437714,-0.01804090291261673,-0.019435888156294823,-0.01944131590425968]",0.04067530483007431,"[-0.30829617381095886,-0.2726546823978424,1.0108897686004639,0.7017530202865601,-0.12947258353233337,0.4911072850227356,0.4995928108692169]","[0.29865872859954834,-0.3596162796020508,0.9430133104324341,0.6947407722473145,0.023908991366624832,-0.037803273648023605,0.7178680300712585]","[-0.30055952072143555,-0.13075149059295654,0.7805474400520325]","[0.034792471677064896,0.14891840517520905,0.6945672631263733,0.7029858231544495]",5.960464477539063e-08,0.0,0.0,False,False,0.016352057456970215
243,4,42,False,"[0.05373354256153107,0.9345964193344116,0.7639262080192566,-0.7473235130310059,0.0480688214302063,0.6155898571014404,0.6308355927467346,0.008904591202735901,-0.07335126399993896,0.054427266120910645,-0.03435688093304634,-0.00747266411781311,-0.02925392985343933,0.9392088651657104]","[0.05420531705021858,0.9385737180709839,0.7652415633201599,-0.7493212819099426,0.04853895679116249,0.6189473867416382]",0.02362891659140587,"[0.009463733993470669,-0.070172019302845,0.05490192025899887,-0.032277662307024,-0.008976473473012447,-0.028001468628644943]",0.04069851338863373,"[-0.3075399696826935,-0.2768167555332184,1.0143170356750488,0.701977014541626,-0.12258291989564896,0.4773847758769989,0.5141063928604126]","[0.29937121272087097,-0.36096906661987305,0.9420760273933411,0.7000865340232849,0.02301054634153843,-0.04276158660650253,0.7124049067497253]","[-0.300559401512146,-0.13075122237205505,0.7805474400520325]","[0.034786075353622437,0.14891397953033447,0.694574236869812,0.7029802203178406]",5.960464477539063e-08,0.0,0.0,False,False,0.007555365562438965
244,4,43,False,"[0.04606147110462189,0.8720685243606567,0.6998869180679321,-0.6545708775520325,0.06929144263267517,0.5402743220329285,0.6519533395767212,0.008777707815170288,-0.07077914476394653,0.055650293827056885,-0.024637024849653244,-0.0023230314254760742,-0.023662835359573364,0.9475470781326294]","[0.046974897384643555,0.8798395991325378,0.7077184319496155,-0.66676926612854,0.06667386740446091,0.5503122806549072]",0.024286119267344475,"[0.008843750692903996,-0.07073155045509338,0.05561720207333565,-0.025591306388378143,-0.0031610860023647547,-0.02421601302921772]",0.04087958484888077,"[-0.30547937750816345,-0.2827610373497009,1.0102711915969849,0.7100858092308044,-0.11531241238117218,0.4346630573272705,0.5418017506599426]","[0.29959630966186523,-0.3611401319503784,0.9429959058761597,0.702231764793396,0.02721394971013069,-0.04410172998905182,0.7100597023963928]","[-0.300559401512146,-0.1307511180639267,0.7805474400520325]","[0.034785062074661255,0.14891330897808075,0.6945775151252747,0.7029771208763123]",5.960464477539063e-08,0.0,0.0,False,False,0.01889592409133911
245,4,44,False,"[0.04425361752510071,0.8428488373756409,0.6722548604011536,-0.6335334181785583,0.06643080711364746,0.5369775891304016,0.6419223546981812,0.01349707692861557,-0.05035656690597534,0.058828115463256836,-0.027788452804088593,-0.002395808696746826,-0.02428901195526123,0.9353325366973877]","[0.044571489095687866,0.8471224308013916,0.6764373183250427,-0.6378687024116516,0.06646821647882462,0.5386767387390137]",0.024433571845293045,"[0.012947716750204563,-0.05273131653666496,0.058365598320961,-0.027538537979125977,-0.0025010001845657825,-0.024279793724417686]",0.04072536155581474,"[-0.30488458275794983,-0.2871773838996887,1.0070109367370605,0.7114121913909912,-0.10777245461940765,0.4238927364349365,0.5500842332839966]","[0.2992355525493622,-0.3599916696548462,0.9424736499786377,0.7012128829956055,0.021181227639317513,-0.038016170263290405,0.7116224765777588]","[-0.30055949091911316,-0.13075131177902222,0.7805474400520325]","[0.03479109704494476,0.1489144116640091,0.6945719122886658,0.7029821276664734]",5.960464477539063e-08,0.0,0.0,False,False,0.007391870021820068
246,4,45,False,"[0.029192470014095306,0.807339608669281,0.6327710151672363,-0.5651454925537109,0.0911281406879425,0.4733293950557709,0.6332287788391113,0.01438458263874054,-0.05577647686004639,0.05832463502883911,-0.021375928074121475,-0.0006456375122070312,-0.017950475215911865,0.9347125291824341]","[0.030935922637581825,0.8119502067565918,0.638121485710144,-0.5744462609291077,0.08803460001945496,0.48166918754577637]",0.02434055134654045,"[0.01421164721250534,-0.05544419586658478,0.05841592326760292,-0.02213360369205475,-0.0008821319206617773,-0.01875748299062252]",0.04062715545296669,"[-0.30195581912994385,-0.289858341217041,1.004132628440857,0.7222896814346313,-0.10409799963235855,0.3880300223827362,0.5629331469535828]","[0.29917240142822266,-0.36025214195251465,0.9432006478309631,0.7011802196502686,0.026064155623316765,-0.038871075958013535,0.7114462852478027]","[-0.300559401512146,-0.13075090944766998,0.7805474996566772]","[0.034788310527801514,0.1489146649837494,0.6945832967758179,0.7029709815979004]",1.1920928955078125e-07,0.0,0.0,False,False,0.01448214054107666
247,4,46,False,"[0.03374433517456055,0.7597432136535645,0.5968063473701477,-0.5275815725326538,0.08446717262268066,0.44622117280960083,0.6574865579605103,0.0072592198848724365,-0.07978785037994385,0.05443382263183594,-0.030523136258125305,0.004773378372192383,-0.025924623012542725,0.9376629590988159]","[0.033433783799409866,0.7657204270362854,0.6018020510673523,-0.5336334109306335,0.08491157740354538,0.4507402181625366]",0.02478545531630516,"[0.008067010901868343,-0.07690908014774323,0.054888732731342316,-0.029453258961439133,0.004071399569511414,-0.02500956878066063]",0.040634043514728546,"[-0.30225870013237,-0.29541462659835815,1.0016881227493286,0.7211962938308716,-0.09683948010206223,0.36581510305404663,0.5802389979362488]","[0.29987776279449463,-0.36150795221328735,0.9428067803382874,0.7050620317459106,0.027578474953770638,-0.0447891540825367,0.7071921825408936]","[-0.30055946111679077,-0.13075120747089386,0.7805474996566772]","[0.03478991612792015,0.14891517162322998,0.6945748329162598,0.7029791474342346]",1.1920928955078125e-07,0.0,0.0,False,False,0.010445117950439453
248,4,47,False,"[0.02591240406036377,0.7052956223487854,0.5390262007713318,-0.4821773171424866,0.0868322104215622,0.40157321095466614,0.6450916528701782,0.008984990417957306,-0.07321488857269287,0.05737161636352539,-0.03556755557656288,0.008127182722091675,-0.033038556575775146,0.9281190037727356]","[0.02679433301091194,0.7123017907142639,0.5463821291923523,-0.48891481757164,0.08660408109426498,0.4078468382358551]",0.02483450248837471,"[0.00886856485158205,-0.07364261150360107,0.05703932046890259,-0.034798286855220795,0.007612302899360657,-0.03201499953866005]",0.04041854292154312,"[-0.30099689960479736,-0.3022879958152771,0.9939844608306885,0.723479688167572,-0.09542124718427658,0.3411768078804016,0.592511773109436]","[0.29990848898887634,-0.36141300201416016,0.9427821636199951,0.7062004208564758,0.022869287058711052,-0.044911425560712814,0.7062158584594727]","[-0.30055952072143555,-0.13075147569179535,0.7805474996566772]","[0.03479194641113281,0.1489187479019165,0.694567859172821,0.7029851675033569]",1.1920928955078125e-07,0.0,0.0,False,False,0.012716352939605713
249,4,48,False,"[0.01893582195043564,0.6409258246421814,0.48545563220977783,-0.3902237117290497,0.10752561688423157,0.3366256356239319,0.6478703022003174,0.0065659284591674805,-0.05711722373962402,0.06346100568771362,-0.02307896688580513,-0.0025168955326080322,-0.026785850524902344,0.9370787143707275]","[0.01982041262090206,0.6490713357925415,0.49306267499923706,-0.4028105139732361,0.10489004105329514,0.345711886882782]",0.02487069182097912,"[0.006856979802250862,-0.059098463505506516,0.06278963387012482,-0.024541668593883514,-0.0012313262559473515,-0.027453433722257614]",0.04048898071050644,"[-0.29933100938796997,-0.3076912760734558,0.9911419749259949,0.7328945994377136,-0.08197930455207825,0.2915754020214081,0.6092031598091125]","[0.2998272478580475,-0.3609224855899811,0.9446788430213928,0.7037078142166138,0.02484869211912155,-0.04403332620859146,0.7086881995201111]","[-0.3005593717098236,-0.13075116276741028,0.7805474400520325]","[0.03478504717350006,0.14891459047794342,0.6945763826370239,0.7029780745506287]",5.960464477539063e-08,0.0,0.0,False,False,0.01964479684829712
250,4,49,False,"[0.00993262231349945,0.5357423424720764,0.3811866343021393,-0.2874411344528198,0.09646041691303253,0.251922607421875,0.678361713886261,0.004793494939804077,-0.058559298515319824,0.05437827110290527,-0.03711116313934326,-0.0017444491386413574,-0.03570127487182617,0.9404908418655396]","[0.01112271472811699,0.548872172832489,0.39446645975112915,-0.3023582100868225,0.09754610806703568,0.2638871669769287]",0.02558935061097145,"[0.0050384956412017345,-0.058540649712085724,0.05515865981578827,-0.035591527819633484,-0.0016774677205830812,-0.034649331122636795]",0.04061279818415642,"[-0.2981892228126526,-0.317831814289093,0.978301465511322,0.7336951494216919,-0.07267710566520691,0.2364484667778015,0.632851779460907]","[0.2999717891216278,-0.3600768744945526,0.941034197807312,0.7044574618339539,0.015457368455827236,-0.039836734533309937,0.7084586024284363]","[-0.3005593717098236,-0.13075125217437744,0.7805474400520325]","[0.03478512167930603,0.14891497790813446,0.6945733428001404,0.7029809355735779]",5.960464477539063e-08,0.0,0.0,False,False,0.022929251194000244
251,5,0,True,"[-0.09511715918779373,0.9796788692474365,0.8320231437683105,-0.7467561960220337,-0.04794296622276306,0.8549404144287109,1.0390570163726807,0.024876736104488373,-0.03801465034484863,-0.021829307079315186,-0.022746151313185692,0.03742402791976929,-0.031999796628952026,1.0022841691970825]","[-0.08231218159198761,0.7383342385292053,0.5833215713500977,-0.49995505809783936,-0.029324045404791832,0.4631548523902893]",0.03259693458676338,"[0.02246272936463356,-0.04008229076862335,-0.013584282249212265,-0.02480076067149639,0.03244280070066452,-0.03233730420470238]",0.041965823620557785,"[-0.28788357973098755,-0.2983469069004059,1.001793622970581,0.7178106904029846,-0.05105794221162796,0.3829159736633301,0.5792376399040222]","[0.2992463707923889,-0.353665292263031,0.9175567626953125,0.7104367613792419,-0.010871457867324352,-0.011959990486502647,0.7035752534866333]","[-0.30055952072143555,-0.13075155019760132,0.7805473804473877]","[0.03479296341538429,0.14891952276229858,0.6945663094520569,0.702986478805542]",0.0,0.0,0.0,False,False,0.4117865264415741
252,5,1,False,"[-0.08887895196676254,1.0712966918945312,0.9072891473770142,-0.7974209189414978,-0.041017889976501465,0.9152082204818726,1.0362955331802368,0.020530469715595245,-0.037870943546295166,-0.02008521556854248,-0.020609408617019653,0.03386417031288147,-0.028420239686965942,1.0146692991256714]","[-0.08809004724025726,0.9322158098220825,0.7770541906356812,-0.6904018521308899,-0.039538558572530746,0.6610531806945801]",0.037328965961933136,"[0.020754791796207428,-0.03832690417766571,-0.01877218671143055,-0.02100462093949318,0.03369200974702835,-0.028918946161866188]",0.04280314967036247,"[-0.28507980704307556,-0.2731480300426483,1.0225937366485596,0.7124547362327576,-0.04213978722691536,0.49549344182014465,0.49509456753730774]","[0.2994384169578552,-0.3532548248767853,0.9160237908363342,0.7114774584770203,-0.010814976878464222,-0.009660646319389343,0.702559232711792]","[-0.300559401512146,-0.13075070083141327,0.780547559261322]","[0.03478866443037987,0.1489197164773941,0.6945884227752686,0.7029649019241333]",1.7881393432617188e-07,0.0,0.0,False,False,0.27415716648101807
253,5,2,False,"[-0.08650761842727661,1.1411525011062622,0.9613826274871826,-0.8493989109992981,-0.03329014778137207,0.9617413282394409,1.0283634662628174,0.02321416139602661,-0.03297501802444458,-0.01634502410888672,-0.022484172135591507,0.03313279151916504,-0.02351430058479309,1.0048030614852905]","[-0.08672013133764267,1.1066292524337769,0.9394984841346741,-0.8286998867988586,-0.034076690673828125,0.8520114421844482]",0.0401955172419548,"[0.022925421595573425,-0.033625852316617966,-0.016588320955634117,-0.022282155230641365,0.03319930285215378,-0.02420349232852459]",0.043288812041282654,"[-0.28276386857032776,-0.24543242156505585,1.0348929166793823,0.7112338542938232,-0.02509937807917595,0.5754030346870422,0.40302324295043945]","[0.2992117702960968,-0.3531498312950134,0.9162832498550415,0.7105459570884705,-0.010505318641662598,-0.006712913978844881,0.7035402655601501]","[-0.3005593419075012,-0.13075116276741028,0.7805474400520325]","[0.03478343039751053,0.14891491830348969,0.6945762634277344,0.7029781341552734]",5.960464477539063e-08,0.0,0.0,False,False,0.12970906496047974
254,5,3,False,"[-0.07697848975658417,1.1917859315872192,1.0132769346237183,-0.8839121460914612,-0.027461320161819458,0.9951235055923462,1.0399411916732788,0.01979246735572815,-0.030220091342926025,-0.008263945579528809,-0.01411877665668726,0.026594877243041992,-0.022832125425338745,1.008575677871704]","[-0.07815190404653549,1.181708574295044,1.0048699378967285,-0.8765472769737244,-0.028316166251897812,0.9768856763839722]",0.041886430233716965,"[0.020174162462353706,-0.030672434717416763,-0.009110831655561924,-0.015102558769285679,0.02743607945740223,-0.023006705567240715]",0.04358283057808876,"[-0.28330758213996887,-0.23192892968654633,1.037761926651001,0.7107073664665222,-0.0029286991339176893,0.6097440123558044,0.3508540689945221]","[0.29931753873825073,-0.3534468114376068,0.9192973971366882,0.7095392346382141,-0.005824709311127663,-0.010333354584872723,0.7045659422874451]","[-0.3005596101284027,-0.13075163960456848,0.7805474400520325]","[0.03479282185435295,0.14891551434993744,0.6945628523826599,0.7029908299446106]",5.960464477539063e-08,0.0,0.0,False,False,0.02853912115097046
255,5,4,False,"[-0.06195010244846344,1.2296345233917236,1.0487418174743652,-0.910579264163971,-0.021380603313446045,1.0295954942703247,1.0077654123306274,0.018196478486061096,-0.021912992000579834,-0.0141831636428833,-0.011057042516767979,0.02094683051109314,-0.02290552854537964,1.010343313217163]","[-0.06381227821111679,1.2239954471588135,1.0436768531799316,-0.9060544371604919,-0.02229321002960205,1.022875428199768]",0.04277995228767395,"[0.018442269414663315,-0.02289639413356781,-0.013730504550039768,-0.011629657819867134,0.02177032083272934,-0.022918662056326866]",0.04375226050615311,"[-0.2857760488986969,-0.22407789528369904,1.0393677949905396,0.709680438041687,-0.0024413142818957567,0.6221885085105896,0.3304983377456665]","[0.29930782318115234,-0.35275745391845703,0.9174609780311584,0.7081183791160583,-0.009003431536257267,-0.007237129844725132,0.7059991359710693]","[-0.30055955052375793,-0.13075153529644012,0.7805473804473877]","[0.03478974848985672,0.1489124894142151,0.6945653557777405,0.7029891610145569]",0.0,0.0,0.0,False,False,0.010509371757507324
256,5,5,False,"[-0.049013905227184296,1.28981614112854,1.090303897857666,-0.9486109018325806,-0.015567392110824585,1.0733914375305176,0.9951784610748291,0.0195024237036705,-0.021522045135498047,-0.0069062113761901855,-0.008087401278316975,0.021329790353775024,-0.02266746759414673,1.0073901414871216]","[-0.05071276053786278,1.2822600603103638,1.0847724676132202,-0.942988395690918,-0.016449863091111183,1.0669469833374023]",0.04320893436670303,"[0.019378485158085823,-0.021738655865192413,-0.0075612738728523254,-0.008481158874928951,0.021383089944720268,-0.022699568420648575]",0.0438554584980011,"[-0.28806009888648987,-0.21385930478572845,1.0375468730926514,0.7086611390113831,-0.009725389070808887,0.6369833946228027,0.3032437860965729]","[0.2992115616798401,-0.35306107997894287,0.9197799563407898,0.7076833844184875,-0.00597733398899436,-0.009990371763706207,0.7064337730407715]","[-0.3005593419075012,-0.13075104355812073,0.7805474400520325]","[0.03478802368044853,0.14892061054706573,0.6945809721946716,0.7029721140861511]",5.960464477539063e-08,0.0,0.0,False,False,0.013700246810913086
257,5,6,False,"[-0.03261840343475342,1.302307367324829,1.1032018661499023,-0.9561474919319153,-0.010915935039520264,1.0909663438796997,1.0021556615829468,0.017620481550693512,-0.019892215728759766,-0.0024009346961975098,-0.0008042892441153526,0.01431247591972351,-0.02355244755744934,1.000051736831665]","[-0.03465454280376434,1.2997868061065674,1.1012117862701416,-0.9543665051460266,-0.0116563830524683,1.0879002809524536]",0.043538909405469894,"[0.01784188114106655,-0.020127059891819954,-0.002964724786579609,-0.0017572313081473112,0.015209505334496498,-0.02344391867518425]",0.04391505569219589,"[-0.2915996313095093,-0.21034830808639526,1.0380537509918213,0.7078160643577576,-0.01185618992894888,0.6405937671661377,0.29748162627220154]","[0.29918545484542847,-0.35325729846954346,0.9218726754188538,0.7060641050338745,-0.002739986637607217,-0.013654720969498158,0.7080108523368835]","[-0.3005593419075012,-0.13075077533721924,0.780547559261322]","[0.03478692099452019,0.1489146649837494,0.6945869326591492,0.7029674649238586]",1.7881393432617188e-07,0.0,0.0,False,False,0.004790306091308594
258,5,7,False,"[-0.010726533830165863,1.3515686988830566,1.1517760753631592,-1.0154132843017578,-0.014152228832244873,1.138748288154602,0.938045859336853,0.022280290722846985,-0.02309894561767578,0.007208645343780518,-0.010334661230444908,0.01916295289993286,-0.021907269954681396,1.0006510019302368]","[-0.013404943980276585,1.3455572128295898,1.1456860303878784,-1.0074998140335083,-0.013883658684790134,1.1322600841522217]",0.04239046946167946,"[0.021750597283244133,-0.02275891602039337,0.0060381037183105946,-0.009210368618369102,0.018654074519872665,-0.022103428840637207]",0.04395059496164322,"[-0.2966682016849518,-0.20336943864822388,1.0386923551559448,0.7034921646118164,-0.022069135680794716,0.6556797027587891,0.2733052968978882]","[0.29892265796661377,-0.35396960377693176,0.9244170188903809,0.7059053182601929,-0.0007371858810074627,-0.01460933405905962,0.70815509557724]","[-0.3005595803260803,-0.13075143098831177,0.7805473804473877]","[0.03479045256972313,0.14891758561134338,0.6945680975914001,0.7029852867126465]",0.0,0.0,0.0,False,False,0.012175917625427246
259,5,8,False,"[-0.0035478025674819946,1.3599534034729004,1.1590505838394165,-1.012403130531311,-0.009862840175628662,1.144752025604248,0.9427780508995056,0.02057810127735138,-0.026056647300720215,0.010466039180755615,-0.0037109460681676865,0.00813215970993042,-0.018106132745742798,1.0038585662841797]","[-0.0046589914709329605,1.3581767082214355,1.157597541809082,-1.01169753074646,-0.010392900556325912,1.1431584358215332]",0.04179883375763893,"[0.020737482234835625,-0.025678860023617744,0.009979191236197948,-0.0043882941827178,0.00946502573788166,-0.018616190180182457]",0.04397134482860565,"[-0.29871195554733276,-0.20053726434707642,1.0390692949295044,0.7035946249961853,-0.022874031215906143,0.6566149592399597,0.2707177400588989]","[0.29876336455345154,-0.3544185161590576,0.9264435768127441,0.7029909491539001,0.004679250996559858,-0.01750359497964382,0.7109679579734802]","[-0.30055928230285645,-0.13075093924999237,0.7805474400520325]","[0.03478119522333145,0.14891386032104492,0.6945827007293701,0.7029721736907959]",5.960464477539063e-08,0.0,0.0,False,False,0.003012418746948242
260,5,9,False,"[0.013278581202030182,1.4079302549362183,1.1979715824127197,-1.0679688453674316,-0.004967689514160156,1.1993666887283325,0.8953475952148438,0.023167409002780914,-0.02464902400970459,0.01710498332977295,-0.011334140785038471,0.010671466588973999,-0.02137625217437744,0.9963642358779907]","[0.011262010782957077,1.4022083282470703,1.1930214166641235,-1.0607041120529175,-0.005690202582627535,1.1921958923339844]",0.04042958840727806,"[0.02287996932864189,-0.024766959249973297,0.016247792169451714,-0.010440067388117313,0.010513043031096458,-0.021024338901042938]",0.043907344341278076,"[-0.3026190996170044,-0.19436147809028625,1.0373039245605469,0.7031825184822083,-0.03124924562871456,0.6684105396270752,0.24038565158843994]","[0.29859715700149536,-0.35477501153945923,0.9279170036315918,0.7026081085205078,0.003604357596486807,-0.018104204908013344,0.7113374471664429]","[-0.3005593419075012,-0.13075092434883118,0.7805474996566772]","[0.03478667512536049,0.14891605079174042,0.6945834159851074,0.7029706239700317]",1.1920928955078125e-07,0.0,0.0,False,False,0.01123344898223877
261,5,10,False,"[0.03229665011167526,1.4111547470092773,1.1919574737548828,-1.0490423440933228,-0.0017243623733520508,1.200688362121582,0.8988157510757446,0.02446359395980835,-0.015956580638885498,0.018526911735534668,-0.0008431486785411835,0.0030372440814971924,-0.0221521258354187,1.002254605293274]","[0.029970156028866768,1.4100056886672974,1.1922646760940552,-1.0504605770111084,-0.0022727120667696,1.1996026039123535]",0.03965796157717705,"[0.024293556809425354,-0.017003454267978668,0.01827261410653591,-0.0020609109196811914,0.003978800028562546,-0.022009091451764107]",0.043943148106336594,"[-0.30736881494522095,-0.19224224984645844,1.0355398654937744,0.7022650837898254,-0.03433031961321831,0.6676717400550842,0.2446620613336563]","[0.2982654869556427,-0.35445666313171387,0.9288286566734314,0.6997724771499634,0.004209315404295921,-0.01943320594727993,0.7140888571739197]","[-0.30055952072143555,-0.1307515650987625,0.7805473208427429]","[0.03478825464844704,0.14891397953033447,0.6945648789405823,0.702989399433136]",-5.960464477539063e-08,0.0,0.0,False,False,0.004286246374249458
262,5,11,False,"[0.044363170862197876,1.427985668182373,1.1927533149719238,-1.0627479553222656,0.0014487206935882568,1.21394944190979,0.8580653667449951,0.027472369372844696,0.0057849884033203125,0.015713512897491455,-0.0027361130341887474,0.0007999837398529053,-0.021024763584136963,0.9981064200401306]","[0.04276197776198387,1.4259542226791382,1.192612648010254,-1.061179280281067,0.0009472248493693769,1.2121179103851318]",0.038344305008649826,"[0.027106307446956635,0.003144366666674614,0.0158718042075634,-0.00271247373893857,0.0011948796454817057,-0.02115088514983654]",0.043927211314439774,"[-0.31064626574516296,-0.19063632190227509,1.0315335988998413,0.7019273042678833,-0.04358922317624092,0.6706683039665222,0.23580077290534973]","[0.29787760972976685,-0.3530578017234802,0.9264121651649475,0.6977687478065491,-0.0037880961317569017,-0.011064653284847736,0.7162275314331055]","[-0.30055949091911316,-0.1307513266801834,0.7805474996566772]","[0.034790389239788055,0.14891478419303894,0.6945715546607971,0.7029824256896973]",1.1920928955078125e-07,0.0,0.0,False,False,0.004578256979584694
263,5,12,False,"[0.05509874224662781,1.434256672859192,1.1960535049438477,-1.0686140060424805,0.004365891218185425,1.2244397401809692,0.8803222179412842,0.024858959019184113,0.008343338966369629,0.02519160509109497,0.0015853215008974075,-0.003665149211883545,-0.0313299298286438,0.9869712591171265]","[0.053731393069028854,1.433154582977295,1.1957297325134277,-1.0676443576812744,0.003907669801265001,1.2228665351867676]",0.03800061717629433,"[0.02513476088643074,0.00765827763825655,0.024290157482028008,0.0011113124201074243,-0.0030477484688162804,-0.030032139271497726]",0.043678902089595795,"[-0.31345295906066895,-0.18987701833248138,1.0305019617080688,0.7018726468086243,-0.0472746342420578,0.6717315912246704,0.23219911754131317]","[0.29795196652412415,-0.35329365730285645,0.929304301738739,0.6969539523124695,-0.004122507758438587,-0.016969026997685432,0.7169032096862793]","[-0.3005593717098236,-0.13075098395347595,0.7805474996566772]","[0.03478880971670151,0.1489180326461792,0.6945816278457642,0.702971875667572]",1.1920928955078125e-07,0.0,0.0,False,False,0.0026839952915906906
264,5,13,False,"[0.07450762391090393,1.4652221202850342,1.229559063911438,-1.102585792541504,0.004575610160827637,1.2577229738235474,0.8158069849014282,0.027817174792289734,0.006524562835693359,0.022597849369049072,-0.005033509340137243,-3.507733345031738e-05,-0.020109057426452637,0.9920403957366943]","[0.07221253961324692,1.461462140083313,1.2255263328552246,-1.0980287790298462,0.004450080916285515,1.2532734870910645]",0.03639591857790947,"[0.02749449573457241,0.0067045255564153194,0.022676387801766396,-0.004289108328521252,-0.0004204443539492786,-0.021374797448515892]",0.043631523847579956,"[-0.3185836970806122,-0.18546739220619202,1.0311022996902466,0.7006382346153259,-0.05316432937979698,0.6771201491355896,0.21860451996326447]","[0.2977985441684723,-0.353250116109848,0.9283053874969482,0.6970537304878235,-0.003263196675106883,-0.011735905893146992,0.7169153094291687]","[-0.3005593717098236,-0.13075107336044312,0.7805474996566772]","[0.0347873792052269,0.1489167958498001,0.6945789456367493,0.7029749155044556]",1.1920928955078125e-07,0.0,0.0,False,False,0.006963372230529785
265,5,14,False,"[0.0814017653465271,1.4382357597351074,1.2101807594299316,-1.0894336700439453,-0.0014567077159881592,1.240085244178772,0.7937948703765869,0.02473122626543045,0.005373895168304443,0.02394843101501465,0.0014224732294678688,-0.0039913952350616455,-0.016656696796417236,0.9898252487182617]","[0.0804072767496109,1.4407426118850708,1.2121152877807617,-1.0906027555465698,-0.0007260199636220932,1.2417685985565186]",0.034990325570106506,"[0.02506268210709095,0.005501881241798401,0.023878781124949455,0.0007223726715892553,-0.0035337056033313274,-0.017257682979106903]",0.04356052353978157,"[-0.3205748200416565,-0.18966145813465118,1.0326298475265503,0.6975767016410828,-0.054691463708877563,0.6761102676391602,0.2308036983013153]","[0.29794779419898987,-0.3534051775932312,0.929291844367981,0.6968175768852234,0.0008130968199111521,-0.012866811826825142,0.7171323895454407]","[-0.30055949091911316,-0.13075147569179535,0.7805473208427429]","[0.03478805348277092,0.14891354739665985,0.6945671439170837,0.7029872536659241]",-5.960464477539063e-08,0.0,0.0,False,False,0.005622148513793945
266,5,15,False,"[0.08697189390659332,1.4657742977142334,1.2269978523254395,-1.116154432296753,0.002510756254196167,1.2563397884368896,0.7597510814666748,0.027649179100990295,0.015450596809387207,0.03328847885131836,-0.001569181215018034,-0.004712015390396118,-0.01713767647743225,0.9864107370376587]","[0.08623567223548889,1.4630651473999023,1.2250183820724487,-1.1128764152526855,0.0020872722379863262,1.2544798851013184]",0.03338406980037689,"[0.027347631752490997,0.01426056120544672,0.032209478318691254,-0.0012547238729894161,-0.004568458069115877,-0.017153054475784302]",0.043439432978630066,"[-0.3222571611404419,-0.1869383603334427,1.0302461385726929,0.6982663869857788,-0.0635506808757782,0.679021418094635,0.2175205796957016]","[0.2976956367492676,-0.3533582389354706,0.9312670826911926,0.6956260800361633,3.917760750482557e-06,-0.011994602158665657,0.7183037400245667]","[-0.30055949091911316,-0.13075123727321625,0.7805474996566772]","[0.03479047119617462,0.14891484379768372,0.6945738792419434,0.7029802203178406]",1.1920928955078125e-07,0.0,0.0,False,False,0.006216764450073242
267,5,16,False,"[0.10176141560077667,1.4646059274673462,1.2186199426651,-1.1137340068817139,-0.0007858872413635254,1.2671781778335571,0.7605584859848022,0.02431263029575348,0.00834500789642334,0.03169429302215576,0.002358661964535713,-0.0038045942783355713,-0.010808110237121582,0.9908255338668823]","[0.10007377713918686,1.4643187522888184,1.219436526298523,-1.1136418581008911,-0.0004548724100459367,1.2655571699142456]",0.032440993934869766,"[0.024667028337717056,0.009047109633684158,0.03175599128007889,0.0019023127388209105,-0.003894385416060686,-0.011616723611950874]",0.043469320982694626,"[-0.3259265422821045,-0.18769444525241852,1.0284062623977661,0.6962145566940308,-0.06710797548294067,0.6812127232551575,0.2161731719970703]","[0.29798221588134766,-0.3536737561225891,0.9318167567253113,0.6968154907226562,0.004745008423924446,-0.012774339877068996,0.717120885848999]","[-0.3005593717098236,-0.13075092434883118,0.7805474996566772]","[0.034787923097610474,0.14891517162322998,0.6945830583572388,0.7029711008071899]",1.1920928955078125e-07,0.0,0.0,False,False,0.0031962841749191284
268,5,17,False,"[0.10451863706111908,1.4794282913208008,1.2343714237213135,-1.1365468502044678,0.0032938718795776367,1.2689071893692017,0.7252554893493652,0.02702973037958145,0.004510223865509033,0.034897565841674805,-0.006591401062905788,-0.004670679569244385,-0.01097753643989563,0.9852497577667236]","[0.10401150584220886,1.477616786956787,1.232569932937622,-1.1336028575897217,0.0028122449293732643,1.2684800624847412]",0.03111145831644535,"[0.026753148064017296,0.0050499821081757545,0.0345112644135952,-0.0055054002441465855,-0.004577153827995062,-0.011058988980948925]",0.04335832968354225,"[-0.32703039050102234,-0.1862114816904068,1.0283241271972656,0.6970564723014832,-0.07462538778781891,0.6816776990890503,0.20942474901676178]","[0.2977730631828308,-0.35410577058792114,0.9323420524597168,0.6958220601081848,0.004716624040156603,-0.012344606220722198,0.7180925607681274]","[-0.30055946111679077,-0.13075119256973267,0.7805474996566772]","[0.03479006886482239,0.1489151269197464,0.6945751309394836,0.7029789090156555]",1.1920928955078125e-07,0.0,0.0,False,False,0.004568934440612793
269,5,18,False,"[0.11090724170207977,1.4704489707946777,1.227115511894226,-1.1314728260040283,0.005222827196121216,1.2649686336517334,0.6803373694419861,0.026867642998695374,-0.007410824298858643,0.03660786151885986,-0.001070445403456688,-0.006197899580001831,-0.014575481414794922,0.9854335784912109]","[0.11015113443136215,1.4712016582489014,1.227806806564331,-1.1317720413208008,0.004903306718915701,1.265415906906128]",0.029342878609895706,"[0.02685810625553131,-0.005970329511910677,0.03644989803433418,-0.0015961268218234181,-0.005993827246129513,-0.014127231203019619]",0.043301232159137726,"[-0.32844072580337524,-0.18771480023860931,1.0286414623260498,0.6970405578613281,-0.07653901726007462,0.680166482925415,0.21365804970264435]","[0.2977462708950043,-0.3549976944923401,0.9342097043991089,0.6952294707298279,0.009673736058175564,-0.01935429684817791,0.7184619903564453]","[-0.30055946111679077,-0.130751371383667,0.7805474400520325]","[0.03478849679231644,0.14891718327999115,0.694570779800415,0.7029827833175659]",5.960464477539063e-08,0.0,0.0,False,False,0.002862144261598587
270,5,19,False,"[0.11327360570430756,1.4241366386413574,1.1822364330291748,-1.0916571617126465,-0.0006787776947021484,1.2203632593154907,0.690131664276123,0.025124147534370422,-0.003624141216278076,0.031193792819976807,0.002996649593114853,-0.012786418199539185,-0.01961389183998108,0.9852298498153687]","[0.11295443028211594,1.4295145273208618,1.187738299369812,-1.0969221591949463,2.055841832770966e-05,1.226110816001892]",0.028516724705696106,"[0.025342656299471855,-0.0038631344214081764,0.0317092128098011,0.002370302565395832,-0.011925225146114826,-0.01891482248902321]",0.043261002749204636,"[-0.32847198843955994,-0.19523519277572632,1.0284738540649414,0.6934801936149597,-0.07808905094861984,0.674559473991394,0.24074198305606842]","[0.2977069616317749,-0.3545437157154083,0.9328262209892273,0.6936719417572021,0.0069457292556762695,-0.020131370052695274,0.7199761271476746]","[-0.3005593717098236,-0.13075099885463715,0.7805474996566772]","[0.03478771075606346,0.14891596138477325,0.6945809125900269,0.7029731273651123]",1.1920928955078125e-07,0.0,0.0,False,False,0.009721517562866211
271,5,20,False,"[0.11761152744293213,1.417758584022522,1.1743850708007812,-1.1012234687805176,-0.007833480834960938,1.2247225046157837,0.6577650904655457,0.022499866783618927,0.0050615668296813965,0.03192538022994995,0.0064492253586649895,-0.014619112014770508,-0.01777470111846924,0.9832648038864136]","[0.11712034046649933,1.4192094802856445,1.1758030652999878,-1.1007782220840454,-0.0068484218791127205,1.2248986959457397]",0.027294820174574852,"[0.022839218378067017,0.003997013904154301,0.031926512718200684,0.0059324270114302635,-0.014273172244429588,-0.017920225858688354]",0.043197233229875565,"[-0.32935386896133423,-0.19857262074947357,1.0275472402572632,0.6904608607292175,-0.08187080174684525,0.6770144104957581,0.2412722259759903]","[0.2978663444519043,-0.3540393114089966,0.932648777961731,0.6937364935874939,0.005808690097182989,-0.018369879573583603,0.7199710607528687]","[-0.30055949091911316,-0.13075131177902222,0.7805474400520325]","[0.03478707745671272,0.14891166985034943,0.6945716142654419,0.7029832601547241]",5.960464477539063e-08,0.0,0.0,False,False,0.002879619598388672
272,5,21,False,"[0.12229080498218536,1.4340676069259644,1.19954514503479,-1.122854232788086,0.0009049177169799805,1.237144947052002,0.62800532579422,0.02344614267349243,-0.011508047580718994,0.03867977857589722,0.0028724968433380127,-0.01352265477180481,-0.014961868524551392,0.984081506729126]","[0.12169935554265976,1.432295322418213,1.1967341899871826,-1.1199783086776733,-8.705539221409708e-05,1.2355811595916748]",0.025892503559589386,"[0.02337225154042244,-0.009725799784064293,0.038024693727493286,0.0033276057802140713,-0.013618581928312778,-0.015339030884206295]",0.04317321255803108,"[-0.33059966564178467,-0.19632722437381744,1.029776692390442,0.6927760243415833,-0.08379191160202026,0.6766718626022339,0.23485179245471954]","[0.2978661358356476,-0.35539254546165466,0.9354997873306274,0.693692147731781,0.012827458791434765,-0.02348659746348858,0.7197741866111755]","[-0.300559401512146,-0.13075116276741028,0.7805474400520325]","[0.03478601202368736,0.14891424775123596,0.6945757865905762,0.7029786109924316]",5.960464477539063e-08,0.0,0.0,False,False,0.004765748977661133
273,5,22,False,"[0.12770070135593414,1.4199597835540771,1.1767163276672363,-1.1056513786315918,0.0029524564743041992,1.2390090227127075,0.6126152276992798,0.021966703236103058,0.004533529281616211,0.03765636682510376,0.008451252244412899,-0.01436924934387207,-0.016733676195144653,0.9857410192489624]","[0.12703551352024078,1.4214378595352173,1.1790552139282227,-1.107547402381897,0.0025538925547152758,1.2385728359222412]",0.02477385848760605,"[0.022134006023406982,0.002891367534175515,0.03758169338107109,0.007755623664706945,-0.01427160482853651,-0.01655561290681362]",0.04319613799452782,"[-0.33158090710639954,-0.19879725575447083,1.0277689695358276,0.6932117342948914,-0.08254605531692505,0.6754871606826782,0.23740392923355103]","[0.29794439673423767,-0.35450074076652527,0.9348301291465759,0.6939551830291748,0.00932273268699646,-0.020902061834931374,0.7196543216705322]","[-0.3005593717098236,-0.13075096905231476,0.7805474996566772]","[0.03478797897696495,0.14891529083251953,0.6945818066596985,0.702972412109375]",1.1920928955078125e-07,0.0,0.0,False,False,0.0040673017501831055
274,5,23,False,"[0.12950336933135986,1.4115675687789917,1.170284390449524,-1.1073366403579712,0.0007632970809936523,1.2072877883911133,0.5934625267982483,0.022610709071159363,-0.019692659378051758,0.038519442081451416,0.008179320953786373,-0.013460278511047363,-0.02434307336807251,0.9819037914276123]","[0.12924142181873322,1.412651538848877,1.1713284254074097,-1.1074118614196777,0.0009854092495515943,1.211279034614563]",0.02366374246776104,"[0.02255341038107872,-0.017072508111596107,0.03855053707957268,0.008183577097952366,-0.013564874418079853,-0.023350302129983902]",0.04312586411833763,"[-0.3318990468978882,-0.20103004574775696,1.027705192565918,0.6911892890930176,-0.09230709075927734,0.6725224852561951,0.24789150059223175]","[0.29795852303504944,-0.3559752404689789,0.9366925954818726,0.693977952003479,0.01455848291516304,-0.030848516151309013,0.7191877365112305]","[-0.30055946111679077,-0.13075141608715057,0.7805474400520325]","[0.03478698059916496,0.14891308546066284,0.6945691108703613,0.7029854655265808]",5.960464477539063e-08,0.0,0.0,False,False,0.00624537467956543
275,5,24,False,"[0.13532328605651855,1.4109020233154297,1.1603667736053467,-1.0894241333007812,-0.00237390398979187,1.230269432067871,0.6036175489425659,0.01960357278585434,-0.0001799464225769043,0.03667902946472168,0.016597535461187363,-0.01969131827354431,-0.019739747047424316,0.984255313873291]","[0.1346590220928192,1.4112085103988647,1.1616579294204712,-1.091714859008789,-0.001963061047717929,1.2278441190719604]",0.023215552791953087,"[0.01996278390288353,-0.002137193689122796,0.03679054602980614,0.01548089925199747,-0.018910536542534828,-0.0202005747705698]",0.04313407838344574,"[-0.33337026834487915,-0.20093563199043274,1.0257394313812256,0.6901962757110596,-0.08573312312364578,0.6747559309005737,0.2469477355480194]","[0.29802432656288147,-0.35483312606811523,0.9356865882873535,0.6930240988731384,0.012247901409864426,-0.026497596874833107,0.7203230261802673]","[-0.30055952072143555,-0.13075146079063416,0.7805474996566772]","[0.03479267656803131,0.1489184945821762,0.6945680975914001,0.7029849886894226]",1.1920928955078125e-07,0.0,0.0,False,False,0.0037932395935058594
276,5,25,False,"[0.13322259485721588,1.416597604751587,1.170566439628601,-1.1065856218338013,0.0015586614608764648,1.2227003574371338,0.591895341873169,0.022974923253059387,-0.004306614398956299,0.04358327388763428,0.012470808811485767,-0.023059427738189697,-0.0173799991607666,0.9797054529190063]","[0.1333695650100708,1.4158941507339478,1.1695164442062378,-1.104682207107544,0.0011170305078849196,1.223357915878296]",0.022711358964443207,"[0.0226286593824625,-0.004090365022420883,0.04289448261260986,0.01290210522711277,-0.022541150450706482,-0.01773996651172638]",0.04304058849811554,"[-0.3330029845237732,-0.20056676864624023,1.0265194177627563,0.6912773847579956,-0.0903562530875206,0.6739541888237,0.2444525510072708]","[0.29767853021621704,-0.35540735721588135,0.9376523494720459,0.6906998753547668,0.015048244036734104,-0.02757488563656807,0.7224587202072144]","[-0.3005594313144684,-0.13075102865695953,0.7805474996566772]","[0.034789472818374634,0.14891836047172546,0.694580078125,0.7029733657836914]",1.1920928955078125e-07,0.0,0.0,False,False,0.0029679536819458008
277,5,26,False,"[0.13815154135227203,1.4090420007705688,1.1636964082717896,-1.097547173500061,-0.0021454691886901855,1.2243341207504272,0.5844261646270752,0.01957898586988449,-0.006429553031921387,0.036934077739715576,0.012226018123328686,-0.023234456777572632,-0.02391129732131958,0.9765155911445618]","[0.13763606548309326,1.4098286628723145,1.1644071340560913,-1.0984731912612915,-0.001742766471579671,1.2242088317871094]",0.022240454331040382,"[0.019940251484513283,-0.0061086611822247505,0.0375203900039196,0.012267348356544971,-0.02314191311597824,-0.023124128580093384]",0.04292142391204834,"[-0.3340250253677368,-0.20161336660385132,1.0266611576080322,0.6897549629211426,-0.0889335498213768,0.6743001937866211,0.24829019606113434]","[0.2979104220867157,-0.35515230894088745,0.9359216094017029,0.6915151476860046,0.011736767366528511,-0.028134489431977272,0.7217183709144592]","[-0.3005593717098236,-0.13075070083141327,0.7805474400520325]","[0.03478648141026497,0.14891622960567474,0.694588303565979,0.7029658555984497]",5.960464477539063e-08,0.0,0.0,False,False,0.0017147846519947052
278,5,27,False,"[0.13742199540138245,1.4076814651489258,1.1539089679718018,-1.0944395065307617,0.001807868480682373,1.2056598663330078,0.6035566329956055,0.021107502281665802,-0.009564876556396484,0.044889628887176514,0.017553415149450302,-0.021601825952529907,-0.02444303035736084,0.9813969135284424]","[0.13743856549263,1.408001184463501,1.1550854444503784,-1.0949913263320923,0.0013577707577496767,1.2080267667770386]",0.022390522062778473,"[0.020966751500964165,-0.009222698397934437,0.0441967137157917,0.01694999635219574,-0.021798929199576378,-0.02427520789206028]",0.04294829070568085,"[-0.3337634205818176,-0.20248611271381378,1.0246140956878662,0.6901466846466064,-0.09588823467493057,0.671539306640625,0.252066969871521]","[0.2978678047657013,-0.35589855909347534,0.9388654232025146,0.6915404796600342,0.016475465148687363,-0.033638741821050644,0.7213658690452576]","[-0.30055922269821167,-0.13075079023838043,0.7805474996566772]","[0.034782733768224716,0.14891715347766876,0.6945875883102417,0.702966570854187]",1.1920928955078125e-07,0.0,0.0,False,False,0.0037026405334472656
279,5,28,False,"[0.12503525614738464,1.3578368425369263,1.1255521774291992,-1.069764256477356,0.004570066928863525,1.150410532951355,0.5805907249450684,0.022298544645309448,-0.013729989528656006,0.043142735958099365,0.019189350306987762,-0.022914975881576538,-0.02762708067893982,0.978586733341217]","[0.12639251351356506,1.363356113433838,1.129288911819458,-1.0730960369110107,0.004192610736936331,1.1577636003494263]",0.021981487050652504,"[0.022144785150885582,-0.013175263069570065,0.043208666145801544,0.018889490514993668,-0.022776952013373375,-0.027199994772672653]",0.042905282229185104,"[-0.3299767076969147,-0.20972788333892822,1.0281301736831665,0.6903679370880127,-0.09491292387247086,0.6609377264976501,0.2784690260887146]","[0.29773375391960144,-0.3561307191848755,0.9390109777450562,0.6907471418380737,0.017210308462381363,-0.03643294796347618,0.7219728231430054]","[-0.30055949091911316,-0.13075125217437744,0.7805474996566772]","[0.03479018807411194,0.148917093873024,0.6945737600326538,0.7029798626899719]",1.1920928955078125e-07,0.0,0.0,False,False,0.01149904727935791
280,5,29,False,"[0.13496878743171692,1.3530592918395996,1.1102052927017212,-1.0650320053100586,0.0060020387172698975,1.1557767391204834,0.6021483540534973,0.017722412943840027,-0.013790309429168701,0.04928618669509888,0.01663004234433174,-0.02427545189857483,-0.03799843788146973,0.9810851812362671]","[0.13402362167835236,1.3545070886611938,1.1122239828109741,-1.0661580562591553,0.005751620512455702,1.1560271978378296]",0.022184504196047783,"[0.018246937543153763,-0.013738962821662426,0.048621322959661484,0.01694633811712265,-0.024078762158751488,-0.03662152588367462]",0.04293845593929291,"[-0.3314390182495117,-0.2123667299747467,1.0255423784255981,0.6897690296173096,-0.09849981218576431,0.6599228978157043,0.2811014950275421]","[0.29807037115097046,-0.356573224067688,0.9406927824020386,0.6917284727096558,0.015291508287191391,-0.041313789784908295,0.7208126783370972]","[-0.30055955052375793,-0.1307515650987625,0.7805474400520325]","[0.03479304164648056,0.14891885221004486,0.6945656538009644,0.7029873728752136]",5.960464477539063e-08,0.0,0.0,False,False,0.004521608352661133
281,5,30,False,"[0.13339605927467346,1.3480992317199707,1.1127680540084839,-1.059004783630371,0.006319016218185425,1.1511834859848022,0.6071785092353821,0.018148057162761688,-0.016789913177490234,0.04870337247848511,0.014100718311965466,-0.021153301000595093,-0.044348329305648804,0.9785372614860535]","[0.13346335291862488,1.3487530946731567,1.1128162145614624,-1.0598936080932617,0.006248850375413895,1.1518011093139648]",0.02240919880568981,"[0.01815398596227169,-0.016412118449807167,0.048646923154592514,0.014451669529080391,-0.02152390405535698,-0.04336351901292801]",0.04289684072136879,"[-0.3312537670135498,-0.21262869238853455,1.0271304845809937,0.6898722648620605,-0.09522518515586853,0.657991886138916,0.28645241260528564]","[0.29815635085105896,-0.3567538857460022,0.9406570792198181,0.6927298903465271,0.013045432046055794,-0.04376143589615822,0.719749927520752]","[-0.3005593717098236,-0.13075114786624908,0.7805474400520325]","[0.03478500619530678,0.14891394972801208,0.6945769190788269,0.7029776573181152]",5.960464477539063e-08,0.0,0.0,False,False,0.001675248146057129
282,5,31,False,"[0.12993809580802917,1.3184396028518677,1.0875704288482666,-1.0332920551300049,0.008284330368041992,1.125781774520874,0.6029555201530457,0.01896074414253235,-0.024380207061767578,0.04643529653549194,0.017674755305051804,-0.02480870485305786,-0.03357428312301636,0.9813907146453857]","[0.1303279995918274,1.3219339847564697,1.090605616569519,-1.0367650985717773,0.008033369667828083,1.1291028261184692]",0.02248959429562092,"[0.01887120120227337,-0.023448510095477104,0.046721450984478,0.017272621393203735,-0.02439381554722786,-0.03482307866215706]",0.042934026569128036,"[-0.32989761233329773,-0.216792032122612,1.0274014472961426,0.690001368522644,-0.09201138466596603,0.6514237523078918,0.30179300904273987]","[0.2980140447616577,-0.3571556806564331,0.9407939314842224,0.6913083791732788,0.018791796639561653,-0.04354576766490936,0.7210015654563904]","[-0.300559401512146,-0.13075093924999237,0.7805474996566772]","[0.03478812426328659,0.14891478419303894,0.694582462310791,0.7029718160629272]",1.1920928955078125e-07,0.0,0.0,False,False,0.006219744682312012
283,5,32,False,"[0.13761192560195923,1.3273863792419434,1.1039302349090576,-1.0606777667999268,0.006014227867126465,1.1450626850128174,0.580854594707489,0.017015814781188965,-0.028635621070861816,0.0426098108291626,0.007947198115289211,-0.015921086072921753,-0.034294575452804565,0.9857486486434937]","[0.13680487871170044,1.326767921447754,1.1022415161132812,-1.0576432943344116,0.006255928426980972,1.1430244445800781]",0.022020703181624413,"[0.01721714809536934,-0.027988817542791367,0.04299793764948845,0.009100502356886864,-0.016988588497042656,-0.03436079993844032]",0.04305844008922577,"[-0.33145037293434143,-0.21705587208271027,1.0290250778198242,0.6890090703964233,-0.09441329538822174,0.6552234292030334,0.2950165867805481]","[0.29838132858276367,-0.357113778591156,0.9390838146209717,0.6946290135383606,0.016384029760956764,-0.040641333907842636,0.7180322408676147]","[-0.30055946111679077,-0.13075116276741028,0.7805474996566772]","[0.034789785742759705,0.14891542494297028,0.6945762634277344,0.70297771692276]",1.1920928955078125e-07,0.0,0.0,False,False,0.0047599077224731445
284,5,33,False,"[0.12212079763412476,1.27895188331604,1.0607314109802246,-1.0088937282562256,0.006343722343444824,1.0724647045135498,0.5982071161270142,0.02094481885433197,-0.03808563947677612,0.04320669174194336,0.01102376263588667,-0.012879669666290283,-0.03102797269821167,0.9813248515129089]","[0.123758465051651,1.2844091653823853,1.065812349319458,-1.0152112245559692,0.006363682448863983,1.0814708471298218]",0.02215549722313881,"[0.020497025921940804,-0.036929674446582794,0.04327903315424919,0.010813682340085506,-0.01340530812740326,-0.03145291656255722]",0.04302695021033287,"[-0.3276202082633972,-0.2229626476764679,1.0290234088897705,0.6883928775787354,-0.0938919335603714,0.6409575939178467,0.32630157470703125]","[0.298194944858551,-0.3578149974346161,0.9399921894073486,0.6946134567260742,0.021368136629462242,-0.043343301862478256,0.7177581191062927]","[-0.30055952072143555,-0.1307515799999237,0.7805473208427429]","[0.034788839519023895,0.14891435205936432,0.6945644021034241,0.7029896974563599]",-5.960464477539063e-08,0.0,0.0,False,False,0.014085531234741211
285,5,34,False,"[0.1284487545490265,1.267221450805664,1.0446627140045166,-1.0090126991271973,0.006285309791564941,1.0617226362228394,0.5874974131584167,0.01692870259284973,-0.03606009483337402,0.048445820808410645,0.013439229689538479,-0.018046289682388306,-0.048786044120788574,0.9816540479660034]","[0.1279338002204895,1.2693103551864624,1.0470080375671387,-1.0099159479141235,0.006283558905124664,1.064239263534546]",0.021979566663503647,"[0.017360307276248932,-0.036179929971694946,0.047876909375190735,0.013128134422004223,-0.01745464839041233,-0.04657594859600067]",0.04302224516868591,"[-0.32810139656066895,-0.2267162948846817,1.0269883871078491,0.6868501305580139,-0.10057508200407028,0.6377456188201904,0.3337695002555847]","[0.29837316274642944,-0.35816892981529236,0.941705048084259,0.6943747401237488,0.018185755237936974,-0.05106588825583458,0.7175688147544861]","[-0.30055949091911316,-0.1307513415813446,0.7805474996566772]","[0.03479050472378731,0.14891482889652252,0.6945710778236389,0.7029829025268555]",1.1920928955078125e-07,0.0,0.0,False,False,0.004446983337402344
286,5,35,False,"[0.12723495066165924,1.2072192430496216,0.9965106248855591,-0.9531353712081909,0.007586389780044556,1.0242325067520142,0.6084319353103638,0.016230441629886627,-0.05482584238052368,0.03914213180541992,-0.0005481140688061714,-0.006025731563568115,-0.02951103448867798,0.983991265296936]","[0.1273200660943985,1.2142199277877808,1.0027318000793457,-0.9605033993721008,0.0074206627905368805,1.0293371677398682]",0.022331560030579567,"[0.016338039189577103,-0.05256715789437294,0.040021371096372604,0.0011418960057199001,-0.007466363254934549,-0.031686827540397644]",0.04306931048631668,"[-0.3268689513206482,-0.23497846722602844,1.0271061658859253,0.6861299276351929,-0.09052561223506927,0.6235445737838745,0.36362454295158386]","[0.29876330494880676,-0.3585955798625946,0.9390908479690552,0.6982054710388184,0.02221951074898243,-0.04429426044225693,0.7141801714897156]","[-0.3005593419075012,-0.13075095415115356,0.7805474996566772]","[0.034788280725479126,0.14891831576824188,0.6945825219154358,0.7029710412025452]",1.1920928955078125e-07,0.0,0.0,False,False,0.0128401517868042
287,5,36,False,"[0.12477225065231323,1.215389609336853,0.9979864358901978,-0.956630527973175,0.0037755072116851807,1.013083815574646,0.5815190672874451,0.017042234539985657,-0.04389214515686035,0.04571729898452759,-4.016607999801636e-05,-0.012004703283309937,-0.04792666435241699,0.9878507852554321]","[0.12507250905036926,1.215432047843933,0.9983923435211182,-0.9571478366851807,0.004241480492055416,1.0151560306549072]",0.021953130140900612,"[0.0169698316603899,-0.0449497252702713,0.0451190322637558,0.00013688633043784648,-0.011433569714426994,-0.04585559293627739]",0.043174054473638535,"[-0.32649165391921997,-0.2348121702671051,1.0257397890090942,0.6847183704376221,-0.09546200931072235,0.622368574142456,0.36702191829681396]","[0.29858851432800293,-0.35846924781799316,0.9401580691337585,0.69672691822052,0.016005653887987137,-0.0482051819562912,0.7155358791351318]","[-0.3005593419075012,-0.13075107336044312,0.7805474996566772]","[0.03478725999593735,0.1489170640707016,0.6945793032646179,0.7029745578765869]",1.1920928955078125e-07,0.0,0.0,False,False,0.0032427608966827393
288,5,37,False,"[0.11550134420394897,1.1946995258331299,0.9852510690689087,-0.937519371509552,0.008054763078689575,0.9853202104568481,0.5830045938491821,0.019500501453876495,-0.05142664909362793,0.043949902057647705,0.008316942490637302,-0.009802550077438354,-0.04514425992965698,0.9829375743865967]","[0.11657446622848511,1.1970033645629883,0.9869412183761597,-0.9400398135185242,0.0075921970419585705,0.989127516746521]",0.021758880466222763,"[0.019199492409825325,-0.05067526921629906,0.044134095311164856,0.007291714195162058,-0.010013854131102562,-0.045235857367515564]",0.043138910084962845,"[-0.3242826759815216,-0.2369948923587799,1.0266844034194946,0.6865136623382568,-0.09305118769407272,0.6133973002433777,0.37918877601623535]","[0.2984335124492645,-0.3588809370994568,0.9409252405166626,0.6963294744491577,0.02051018364727497,-0.05210651084780693,0.7155343294143677]","[-0.30055952072143555,-0.13075152039527893,0.7805473208427429]","[0.03478844836354256,0.14891402423381805,0.6945660710334778,0.7029882073402405]",-5.960464477539063e-08,0.0,0.0,False,False,0.00595402717590332
289,5,38,False,"[0.10762429237365723,1.1433485746383667,0.9378344416618347,-0.8821038603782654,0.01588374376296997,0.9200434684753418,0.6055759787559509,0.01598479598760605,-0.06626743078231812,0.058248162269592285,0.007350885309278965,-0.007059872150421143,-0.05041643977165222,0.9840856790542603]","[0.10862758755683899,1.1495314836502075,0.9437613487243652,-0.8896105885505676,0.014850441366434097,0.9288579225540161]",0.02215106040239334,"[0.016357917338609695,-0.06450336426496506,0.056791868060827255,0.00744542945176363,-0.007427331060171127,-0.04975540190935135]",0.04314442351460457,"[-0.32164058089256287,-0.24355025589466095,1.0252057313919067,0.6885655522346497,-0.09155147522687912,0.5910200476646423,0.41011103987693787]","[0.29880499839782715,-0.3611356019973755,0.9461307525634766,0.6980139017105103,0.028340496122837067,-0.06302373111248016,0.7127420902252197]","[-0.3005594313144684,-0.13075128197669983,0.7805473804473877]","[0.03478643298149109,0.1489148736000061,0.6945725083351135,0.7029817700386047]",0.0,0.0,0.0,False,False,0.013787269592285156
290,5,39,False,"[0.11318790912628174,1.150522232055664,0.9424679279327393,-0.9008631706237793,0.005363732576370239,0.9373003244400024,0.5799378156661987,0.016472406685352325,-0.05807715654373169,0.04792910814285278,-0.009441082365810871,0.00015401840209960938,-0.05480453372001648,0.9817284941673279]","[0.11269319802522659,1.1504830121994019,0.9424636363983154,-0.8994768857955933,0.006556181702762842,0.9362199902534485]",0.021801263093948364,"[0.01644435152411461,-0.05869051069021225,0.04858587309718132,-0.007427456323057413,-0.0008052358170971274,-0.05416069179773331]",0.043084677308797836,"[-0.32262757420539856,-0.24446624517440796,1.0242109298706055,0.6849279403686523,-0.09453268349170685,0.5968513488769531,0.40706950426101685]","[0.29896557331085205,-0.3597361445426941,0.9415643215179443,0.7007074356079102,0.01660056971013546,-0.0542815737426281,0.7111870050430298]","[-0.3005593717098236,-0.13075095415115356,0.7805474996566772]","[0.03478758782148361,0.1489156186580658,0.6945821642875671,0.7029719948768616]",1.1920928955078125e-07,0.0,0.0,False,False,0.003619011491537094
291,5,40,False,"[0.1017569750547409,1.0967274904251099,0.8925201892852783,-0.8353548049926758,0.017057180404663086,0.8825267553329468,0.5957209467887878,0.017529629170894623,-0.06596249341964722,0.05380827188491821,0.001422334462404251,0.002549886703491211,-0.04352483153343201,0.9783935546875]","[0.10298173874616623,1.1028484106063843,0.8986547589302063,-0.8436204195022583,0.01574810966849327,0.8893797993659973]",0.021960699930787086,"[0.01739341951906681,-0.06520384550094604,0.053465720266103745,0.000389817520044744,0.002125958912074566,-0.044880881905555725]",0.042984992265701294,"[-0.31971728801727295,-0.2504861354827881,1.0225036144256592,0.6889585256576538,-0.08616168051958084,0.5744325518608093,0.43351972103118896]","[0.29898327589035034,-0.36078065633773804,0.9443960189819336,0.701115071773529,0.02675841748714447,-0.057600341737270355,0.7102138996124268]","[-0.30055949091911316,-0.13075147569179535,0.7805473208427429]","[0.034787409007549286,0.14891357719898224,0.6945672035217285,0.7029871940612793]",-5.960464477539063e-08,0.0,0.0,False,False,0.012765169143676758
292,5,41,False,"[0.09120158851146698,1.0425260066986084,0.8318138718605042,-0.7876770496368408,0.02504238486289978,0.818430483341217,0.5949289202690125,0.01432850956916809,-0.061177194118499756,0.05503600835800171,0.009020629338920116,-0.0007889866828918457,-0.04907059669494629,0.9795108437538147]","[0.09253378212451935,1.0495126247406006,0.8396826982498169,-0.7950230240821838,0.023890726268291473,0.8274840116500854]",0.022051984444260597,"[0.014696002006530762,-0.061642032116651535,0.05482430011034012,0.007917257957160473,-0.000414983369410038,-0.048535868525505066]",0.04294649884104729,"[-0.3165798783302307,-0.2590470612049103,1.0165597200393677,0.6921861171722412,-0.08901756256818771,0.550652027130127,0.4579700231552124]","[0.29914939403533936,-0.3607155978679657,0.9453240633010864,0.7011480927467346,0.027261432260274887,-0.06087018549442291,0.70988929271698]","[-0.30055946111679077,-0.1307513266801834,0.7805474996566772]","[0.03479032963514328,0.14891499280929565,0.6945710778236389,0.7029829025268555]",1.1920928955078125e-07,0.0,0.0,False,False,0.014157593250274658
293,5,42,False,"[0.08926869928836823,1.0140305757522583,0.8178758025169373,-0.7610296607017517,0.022826462984085083,0.797048807144165,0.5973241925239563,0.011470772325992584,-0.084891676902771,0.04790771007537842,-0.008016930893063545,0.01682513952255249,-0.054092615842819214,0.9795104265213013]","[0.08965214341878891,1.0180073976516724,0.8206590414047241,-0.7653804421424866,0.022966861724853516,0.80092853307724]",0.022084366530179977,"[0.01181618683040142,-0.08211011439561844,0.04862352833151817,-0.006018219515681267,0.014651782810688019,-0.05338304862380028]",0.042929332703351974,"[-0.31571298837661743,-0.26280835270881653,1.0176960229873657,0.6921414732933044,-0.08199413865804672,0.5363697409629822,0.47594600915908813]","[0.2998528480529785,-0.3615509569644928,0.9433363080024719,0.7075657844543457,0.025776199996471405,-0.06226661801338196,0.7034265995025635]","[-0.3005593419075012,-0.13075102865695953,0.7805474996566772]","[0.034787386655807495,0.14891967177391052,0.6945809721946716,0.7029722929000854]",1.1920928955078125e-07,0.0,0.0,False,False,0.007274746894836426
294,5,43,False,"[0.07893767952919006,0.9456162452697754,0.7520124912261963,-0.6829569339752197,0.04480278491973877,0.7187062501907349,0.6184206008911133,0.01170254498720169,-0.08811962604522705,0.05236154794692993,0.0008604582399129868,0.024511724710464478,-0.04544782638549805,0.984139084815979]","[0.08013185858726501,0.9539734125137329,0.760250985622406,-0.6936206817626953,0.04205742105841637,0.7291980385780334]",0.02264067903161049,"[0.011694421991705894,-0.08746568858623505,0.05206022039055824,3.7305497244233266e-05,0.023268423974514008,-0.046459052711725235]",0.0430089607834816,"[-0.31271183490753174,-0.2709069550037384,1.0136759281158447,0.6997610330581665,-0.07709116488695145,0.49774274230003357,0.5065998435020447]","[0.3001232147216797,-0.36239999532699585,0.9454180598258972,0.7103238701820374,0.03367426618933678,-0.06470417976379395,0.7000851035118103]","[-0.300559401512146,-0.13075095415115356,0.7805474400520325]","[0.034785136580467224,0.14891178905963898,0.6945821642875671,0.702972948551178]",5.960464477539063e-08,0.0,0.0,False,False,0.016418397426605225
295,5,44,False,"[0.07584953308105469,0.920795202255249,0.721939742565155,-0.6513015031814575,0.035258710384368896,0.6967083215713501,0.6164743304252625,0.012162521481513977,-0.06998270750045776,0.0550532341003418,0.0004805075004696846,0.015359640121459961,-0.0492265522480011,0.9771327972412109]","[0.0763678103685379,0.9246688485145569,0.7264617681503296,-0.6567866802215576,0.03612710162997246,0.7008506059646606]",0.022890111431479454,"[0.01212373934686184,-0.07201151549816132,0.05460527911782265,0.0003924124175682664,0.016358239576220512,-0.048873964697122574]",0.0429035983979702,"[-0.3119165599346161,-0.27467724680900574,1.0099910497665405,0.6981460452079773,-0.0740501806139946,0.48472172021865845,0.5216832160949707]","[0.2998735308647156,-0.3614261746406555,0.9452435970306396,0.7079688310623169,0.02822471782565117,-0.06141966953873634,0.7030014395713806]","[-0.3005593419075012,-0.13075117766857147,0.7805474400520325]","[0.03478675335645676,0.14891959726810455,0.694576621055603,0.7029765844345093]",5.960464477539063e-08,0.0,0.0,False,False,0.008417010307312012
296,5,45,False,"[0.059416934847831726,0.8752777576446533,0.6802911758422852,-0.594017505645752,0.05592885613441467,0.632036030292511,0.6045665144920349,0.013384230434894562,-0.07951080799102783,0.049138665199279785,0.0020807068794965744,0.02807086706161499,-0.045124948024749756,0.973588228225708]","[0.06133948639035225,0.8809281587600708,0.6859429478645325,-0.6020804047584534,0.053456179797649384,0.6408176422119141]",0.0227978378534317,"[0.01321224495768547,-0.0786217749118805,0.04978470131754875,0.0018591734115034342,0.026588261127471924,-0.045602381229400635]",0.04277696833014488,"[-0.308473140001297,-0.2794637084007263,1.0074599981307983,0.7072413563728333,-0.07057619839906693,0.45111992955207825,0.5397400856018066]","[0.30007416009902954,-0.3614928424358368,0.9442369341850281,0.7110904455184937,0.030732160434126854,-0.061061035841703415,0.6997694969177246]","[-0.3005593717098236,-0.1307508945465088,0.7805474996566772]","[0.03478818014264107,0.14891505241394043,0.6945840120315552,0.7029702663421631]",1.1920928955078125e-07,0.0,0.0,False,False,0.013733506202697754
297,5,46,False,"[0.06445008516311646,0.8577232360839844,0.667792797088623,-0.5725341439247131,0.05127546191215515,0.623684823513031,0.6235580444335938,0.0075148046016693115,-0.10431778430938721,0.049343228340148926,-0.007523770444095135,0.03686508536338806,-0.04957336187362671,0.9757576584815979]","[0.06409915536642075,0.8603928685188293,0.670011043548584,-0.5763182044029236,0.05154333636164665,0.6258664131164551]",0.023116521537303925,"[0.008164964616298676,-0.10131070762872696,0.04946283623576164,-0.0062949820421636105,0.03557838872075081,-0.04906567931175232]",0.04274296015501022,"[-0.3088630437850952,-0.2815997004508972,1.0072036981582642,0.7059109807014465,-0.06521037966012955,0.4398086965084076,0.551366925239563]","[0.3007949888706207,-0.3631529211997986,0.9448837637901306,0.7158220410346985,0.03459855169057846,-0.06694932281970978,0.6942042112350464]","[-0.30055949091911316,-0.13075125217437744,0.7805474996566772]","[0.03479018062353134,0.1489151418209076,0.6945734024047852,0.7029805779457092]",1.1920928955078125e-07,0.0,0.0,False,False,0.0058937668800354
298,5,47,False,"[0.05134442448616028,0.8020922541618347,0.6007051467895508,-0.51835697889328,0.054637640714645386,0.5598809123039246,0.6033360362052917,0.00824788212776184,-0.10081493854522705,0.05707228183746338,-0.013230189681053162,0.03612235188484192,-0.05545574426651001,0.9613583087921143]","[0.05282896012067795,0.8088846206665039,0.6088014245033264,-0.5259498953819275,0.05427226051688194,0.5683023929595947]",0.022953497245907784,"[0.008236540481448174,-0.10088048875331879,0.05617604777216911,-0.012331546284258366,0.036053430289030075,-0.05464119836688042]",0.04239910468459129,"[-0.30649611353874207,-0.2888343036174774,0.9985259771347046,0.7089478373527527,-0.06819232553243637,0.41294482350349426,0.5676435232162476]","[0.3008077144622803,-0.3637518286705017,0.946487545967102,0.7160522937774658,0.03270182013511658,-0.06895066052675247,0.6938626766204834]","[-0.30055952072143555,-0.13075141608715057,0.7805474996566772]","[0.0347914844751358,0.14891432225704193,0.6945688128471375,0.7029852271080017]",1.1920928955078125e-07,0.0,0.0,False,False,0.014117717742919922
299,5,48,False,"[0.042210377752780914,0.7354849576950073,0.5406486988067627,-0.4366705119609833,0.06629979610443115,0.49014994502067566,0.6283414363861084,0.007460832595825195,-0.09000897407531738,0.060313284397125244,-0.008400853723287582,0.030317217111587524,-0.05006909370422363,0.9751690626144409]","[0.0434318371117115,0.7438403367996216,0.5490413904190063,-0.4481116831302643,0.06479586660861969,0.5001196265220642]",0.02331610582768917,"[0.007563680410385132,-0.09128673374652863,0.05981290712952614,-0.008902577683329582,0.03104390576481819,-0.050652723759412766]",0.042499154806137085,"[-0.30437150597572327,-0.2957625985145569,0.993837833404541,0.7150320410728455,-0.06012420728802681,0.36866238713264465,0.5909333229064941]","[0.3007180690765381,-0.3634030818939209,0.9473766088485718,0.7145145535469055,0.03311607241630554,-0.06688226014375687,0.6956284642219543]","[-0.300559401512146,-0.13075082004070282,0.7805474996566772]","[0.034789834171533585,0.14892035722732544,0.6945855021476746,0.7029675245285034]",1.1920928955078125e-07,0.0,0.0,False,False,0.017745286226272583
300,5,49,False,"[0.024434790015220642,0.6073691844940186,0.42405152320861816,-0.31298279762268066,0.06463849544525146,0.37715619802474976,0.6565638184547424,0.005061998963356018,-0.09318304061889648,0.048904240131378174,-0.013824883848428726,0.020296454429626465,-0.057308465242385864,0.9710193276405334]","[0.026669276878237724,0.6230261921882629,0.4391201138496399,-0.33039888739585876,0.06469684839248657,0.3928440809249878]",0.024194156751036644,"[0.005378771107643843,-0.09289401024580002,0.05002722144126892,-0.013268416747450829,0.02165803872048855,-0.05646035075187683]",0.04247425124049187,"[-0.30142638087272644,-0.3091390132904053,0.9822551608085632,0.7199060916900635,-0.04831903427839279,0.29903319478034973,0.6244834065437317]","[0.3006300926208496,-0.36244943737983704,0.9438381791114807,0.7122629284858704,0.02633446455001831,-0.06491582095623016,0.6984080076217651]","[-0.30055931210517883,-0.13075114786624908,0.7805474400520325]","[0.03478291630744934,0.1489153951406479,0.6945770382881165,0.7029773592948914]",5.960464477539063e-08,0.0,0.0,False,True,0.027080416679382324
