update step=0 qpos=[5.115576473709027e-13, -1.1561168578941706e-15, 1.7672687317415835e-17, 7.853411024860463e-16, -9.987140238074121e-13, 2.5006567996865847e-12, 1.0, 5.115578100012286e-13, -1.1561144226744473e-15, 1.7668519981489792e-17, 7.853378731729349e-16, -9.987125059243707e-13, 2.5006539807609363e-12, 1.0]
pred step=0 action=[[-0.021843362599611282, 0.02667897939682007, 0.010095298290252686, -0.04381804168224335, -0.031565457582473755, 0.07523569464683533, 1.015548825263977, 0.001056089997291565, -0.04648643732070923, 0.006063938140869141, -0.056128811091184616, -0.010247021913528442, -0.0279121994972229, 0.9999039173126221]] left_gripper=1.015548825263977 right_gripper=0.9999039173126221
update step=1 qpos=[-0.019223427399992943, 0.02360711805522442, 0.008648660033941269, -0.03831600025296211, -0.02752268686890602, 0.06564421206712723, 1.0, 0.0009565225336700678, -0.040956974029541016, 0.005281269084662199, -0.0489671528339386, -0.008957880549132824, -0.024354327470064163, 0.9999039173126221]
pred step=1 action=[[-0.021808456629514694, 0.07550126314163208, 0.03972867131233215, -0.06811601668596268, -0.03578677773475647, 0.12267372012138367, 1.0208466053009033, 0.0008689165115356445, -0.050952136516571045, 0.004204750061035156, -0.05401788651943207, -0.008915603160858154, -0.023882389068603516, 1.0033599138259888]] left_gripper=1.0208466053009033 right_gripper=1.0033599138259888
update step=2 qpos=[-0.021499445661902428, 0.06931986659765244, 0.03614461421966553, -0.06427346169948578, -0.03473164141178131, 0.11540666967630386, 1.0, 0.0008794061723165214, -0.04976227879524231, 0.004294723272323608, -0.05338460952043533, -0.008921580389142036, -0.023943951353430748, 1.0]
pred step=2 action=[[-0.020340219140052795, 0.13769567012786865, 0.08136281371116638, -0.11662591248750687, -0.043263643980026245, 0.20003479719161987, 1.038806676864624, 0.0004988014698028564, -0.04585188627243042, -0.0001957416534423828, -0.0465833805501461, -0.0034269094467163086, -0.01870405673980713, 1.007664680480957]] left_gripper=1.038806676864624 right_gripper=1.007664680480957
update step=3 qpos=[-0.020472431555390358, 0.12962700426578522, 0.07595620304346085, -0.10993508994579315, -0.04217725619673729, 0.18924829363822937, 1.0, 0.0005316142924129963, -0.04630320146679878, 0.0003000751312356442, -0.04747040569782257, -0.0041199433617293835, -0.01937170885503292, 1.0]
pred step=3 action=[[-0.020556043833494186, 0.22924089431762695, 0.14519432187080383, -0.1768234819173813, -0.04887905716896057, 0.2936132550239563, 1.0502800941467285, 0.0004668980836868286, -0.042975664138793945, -0.003912687301635742, -0.04040173813700676, 0.0028848648071289062, -0.0140036940574646, 1.0144615173339844]] left_gripper=1.0502800941467285 right_gripper=1.0144615173339844
update step=4 qpos=[-0.020552275702357292, 0.21745821833610535, 0.13704268634319305, -0.1682184785604477, -0.04801879823207855, 0.28031229972839355, 1.0, 0.0004592183977365494, -0.04337069019675255, -0.0034083877690136433, -0.04130968451499939, 0.0020007349085062742, -0.014687370508909225, 1.0]
pred step=4 action=[[-0.02837776392698288, 0.39496636390686035, 0.2624939978122711, -0.2627197206020355, -0.04659566283226013, 0.43785086274147034, 1.0481669902801514, -0.003909066319465637, -0.06101524829864502, -0.010313689708709717, -0.048273663967847824, 0.0025427639484405518, 0.003008544445037842, 1.0198603868484497]] left_gripper=1.0481669902801514 right_gripper=1.0198603868484497
update step=5 qpos=[-0.027502354234457016, 0.3738473951816559, 0.24798575043678284, -0.2504159212112427, -0.04674278572201729, 0.41777274012565613, 1.0, -0.0034000161103904247, -0.058911681175231934, -0.009526719339191914, -0.04739900678396225, 0.0024856827221810818, 0.0007531804731115699, 1.0]
pred step=5 action=[[-0.028161924332380295, 0.5220752358436584, 0.3531026244163513, -0.34874510765075684, -0.04524695873260498, 0.5609699487686157, 1.0783125162124634, -0.005006328225135803, -0.04968142509460449, -0.0045015811920166016, -0.03969242051243782, 0.007533550262451172, 0.009895622730255127, 1.0196613073349]] left_gripper=1.0783125162124634 right_gripper=1.0196613073349
update step=6 qpos=[-0.028130540624260902, 0.5047305226325989, 0.34067097306251526, -0.33604705333709717, -0.04541701823472977, 0.5427222847938538, 1.0, -0.004829877987504005, -0.050814010202884674, -0.005000039469450712, -0.04064096137881279, 0.006900024600327015, 0.008731366135179996, 1.0]
pred step=6 action=[[-0.03532710671424866, 0.702627420425415, 0.48975542187690735, -0.46164730191230774, -0.04114800691604614, 0.7235990166664124, 1.087934970855713, -0.007481202483177185, -0.033487915992736816, -0.004991769790649414, -0.033685896545648575, 0.0082930326461792, 0.008786916732788086, 1.0250558853149414]] left_gripper=1.087934970855713 right_gripper=1.0250558853149414
update step=7 qpos=[-0.03454665094614029, 0.6746107339859009, 0.4728412926197052, -0.44518914818763733, -0.04166366904973984, 0.6997102499008179, 1.0, -0.007172401063144207, -0.0355180948972702, -0.005052392370998859, -0.03459876775741577, 0.008122565224766731, 0.008780634962022305, 1.0]
pred step=7 action=[[-0.03824351727962494, 0.904453694820404, 0.6442422866821289, -0.6023141145706177, -0.04959601163864136, 0.920782208442688, 1.1036540269851685, -0.007709503173828125, -0.031000733375549316, -0.002252638339996338, -0.03926800563931465, 0.008300691843032837, -0.002995699644088745, 1.0400816202163696]] left_gripper=1.1036540269851685 right_gripper=1.0400816202163696
update step=8 qpos=[-0.037804536521434784, 0.8550359606742859, 0.6251787543296814, -0.5818209648132324, -0.048584334552288055, 0.8795660734176636, 1.0, -0.007645555771887302, -0.03153941035270691, -0.002568612340837717, -0.03866714984178543, 0.008278004825115204, -0.0014942255802452564, 1.0]
pred step=8 action=[[-0.03427847474813461, 1.0707327127456665, 0.7633475065231323, -0.7129033803939819, -0.048059314489364624, 1.1155527830123901, 1.087190866470337, -0.012345880270004272, -0.03545421361923218, -0.01612645387649536, -0.03402487188577652, 0.006615817546844482, 0.008436828851699829, 1.027858853340149]] left_gripper=1.087190866470337 right_gripper=1.027858853340149
update step=9 qpos=[-0.03469925746321678, 1.032173752784729, 0.7480010390281677, -0.695810854434967, -0.04813066124916077, 1.0627480745315552, 1.0, -0.011791781522333622, -0.03494315966963768, -0.014644697308540344, -0.03467612341046333, 0.006836476270109415, 0.007170496508479118, 1.0]
pred step=9 action=[[-0.04282856360077858, 1.185360074043274, 0.8536043167114258, -0.79195237159729, -0.04425165057182312, 1.1901096105575562, 1.109075665473938, -0.007360190153121948, -0.0363956093788147, -0.0003027915954589844, -0.02922980487346649, 0.012577086687088013, 0.015013307332992554, 1.0374011993408203]] left_gripper=1.109075665473938 right_gripper=1.0374011993408203
update step=10 qpos=[-0.041937608271837234, 1.167443871498108, 0.841533362865448, -0.7792350053787231, -0.044727668166160583, 1.1738840341567993, 1.0, -0.007894622161984444, -0.0363316535949707, -0.0017000085208564997, -0.029805641621351242, 0.011843579821288586, 0.014013759791851044, 1.0]
pred step=10 action=[[-0.04592079669237137, 1.4150159358978271, 1.0284311771392822, -0.8985095024108887, -0.03795304894447327, 1.3767969608306885, 1.129927396774292, -0.004776075482368469, -0.009776413440704346, -0.006918191909790039, -0.015779294073581696, 0.005766749382019043, 0.006623029708862305, 1.0529367923736572]] left_gripper=1.129927396774292 right_gripper=1.0529367923736572
update step=11 qpos=[-0.04550565406680107, 1.3501274585723877, 1.0053892135620117, -0.8829963803291321, -0.03879513964056969, 1.3459376096725464, 1.0, -0.0051273163408041, -0.012844573706388474, -0.006510660517960787, -0.01765156351029873, 0.006527909077703953, 0.0075649539940059185, 1.0]
pred step=11 action=[[-0.05735139548778534, 1.5385026931762695, 1.1005254983901978, -0.948317289352417, -0.02612444758415222, 1.4527593851089478, 1.1536197662353516, 0.004458189010620117, 0.022105157375335693, 0.005939066410064697, -0.012475498020648956, -0.005068719387054443, -0.0026372969150543213, 1.0633032321929932]] left_gripper=1.1536197662353516 right_gripper=1.0633032321929932
update step=12 qpos=[-0.056054048240184784, 1.5137523412704468, 1.0898491144180298, -0.9394369721412659, -0.027713371440768242, 1.4391440153121948, 1.0, 0.003359579248353839, 0.017922352999448776, 0.0045888060703873634, -0.013097415678203106, -0.003623919328674674, -0.001338705769740045, 1.0]
pred step=12 action=[[-0.04504340887069702, 1.6683220863342285, 1.1898034811019897, -1.0263614654541016, -0.018278658390045166, 1.5799245834350586, 1.1356498003005981, 0.0007291734218597412, 0.017544925212860107, 0.004792392253875732, -0.013944929465651512, -0.0010888874530792236, 0.011455535888671875, 1.061767339706421]] left_gripper=1.1356498003005981 right_gripper=1.061767339706421
update step=13 qpos=[-0.046292807906866074, 1.6497472524642944, 1.178675889968872, -1.0146938562393188, -0.019496124237775803, 1.5619678497314453, 1.0, 0.001032635453157127, 0.017602864652872086, 0.004750580992549658, -0.013841703534126282, -0.0014034759951755404, 0.009824269451200962, 1.0]
pred step=13 action=[[-0.04056478664278984, 1.7543377876281738, 1.2572495937347412, -1.0834249258041382, -0.020265907049179077, 1.6611964702606201, 1.0817004442214966, -0.0010376572608947754, 0.008305013179779053, 0.0060471296310424805, -0.02191060781478882, 0.0018153786659240723, 0.013593077659606934, 1.0601319074630737]] left_gripper=1.0817004442214966 right_gripper=1.0601319074630737
update step=14 qpos=[-0.04122273996472359, 1.7416092157363892, 1.248404860496521, -1.0742676258087158, -0.02017502300441265, 1.6485445499420166, 1.0, -0.0008026543655432761, 0.009403997100889683, 0.005898690782487392, -0.02087404765188694, 0.001413483521901071, 0.013113641180098057, 1.0]
pred step=14 action=[[-0.031018611043691635, 1.7711000442504883, 1.263311505317688, -1.0864765644073486, -0.02867916226387024, 1.6902673244476318, 1.0552337169647217, -0.0025099366903305054, -0.00011968612670898438, -0.0017558932304382324, -0.017810974270105362, 0.0035378634929656982, 0.016977161169052124, 1.0586415529251099]] left_gripper=1.0552337169647217 right_gripper=1.0586415529251099
update step=15 qpos=[-0.03210429847240448, 1.7673170566558838, 1.2618224620819092, -1.0848077535629272, -0.0276195015758276, 1.6849493980407715, 1.0, -0.002315058372914791, 0.001026440178975463, -0.0009013928356580436, -0.018224775791168213, 0.0032735897693783045, 0.016485102474689484, 1.0]
pred step=15 action=[[-0.052145883440971375, 1.8762315511703491, 1.3140456676483154, -1.117095708847046, -0.009507209062576294, 1.7418899536132812, 1.0460091829299927, -0.003362715244293213, 0.001682579517364502, 0.004892289638519287, -0.015084683895111084, 0.013091117143630981, 0.0011386871337890625, 1.0562617778778076]] left_gripper=1.0460091829299927 right_gripper=1.0562617778778076
update step=16 qpos=[-0.050067078322172165, 1.8637789487838745, 1.3079679012298584, -1.1125786304473877, -0.011765833012759686, 1.7346264123916626, 1.0, -0.0032583943102508783, 0.0015610246919095516, 0.00432198541238904, -0.015439185313880444, 0.011850938200950623, 0.003096179338172078, 1.0]
pred step=16 action=[[-0.03530781343579292, 1.8871842622756958, 1.3330378532409668, -1.1305341720581055, -0.02058836817741394, 1.7954903841018677, 1.0054309368133545, -0.004511401057243347, -0.017895042896270752, -0.0015915632247924805, -0.025480445474386215, 0.010459721088409424, 0.013630807399749756, 1.051593542098999]] left_gripper=1.0054309368133545 right_gripper=1.051593542098999
update step=17 qpos=[-0.036719657480716705, 1.883679747581482, 1.3305991888046265, -1.1280988454818726, -0.019504813477396965, 1.7877285480499268, 1.0, -0.004363630432635546, -0.015552712604403496, -0.0009940693853423, -0.02423134259879589, 0.010640122927725315, 0.012287029065191746, 1.0]
pred step=17 action=[[-0.0387946255505085, 1.928754210472107, 1.3645269870758057, -1.1513845920562744, -0.022096067667007446, 1.8283783197402954, 0.9054722785949707, -0.005179151892662048, -0.0308111310005188, -0.004719913005828857, -0.024599045515060425, 0.016125619411468506, 0.02058163285255432, 1.052499771118164]] left_gripper=0.9054722785949707 right_gripper=1.052499771118164
update step=18 qpos=[-0.038666825741529465, 1.9235800504684448, 1.3604758977890015, -1.148254156112671, -0.021757781505584717, 1.823196291923523, 0.9054722785949707, -0.005096506793051958, -0.029018303379416466, -0.004244633484631777, -0.02454008162021637, 0.015435030683875084, 0.01952510140836239, 1.0]
pred step=18 action=[[-0.03633098304271698, 1.939702033996582, 1.3678178787231445, -1.1556692123413086, -0.019122153520584106, 1.836762547492981, 0.8673008680343628, -0.008504316210746765, -0.04658323526382446, -0.0020078420639038086, -0.025133009999990463, 0.018572688102722168, 0.016947269439697266, 1.0469619035720825]] left_gripper=0.8673008680343628 right_gripper=1.0469619035720825
update step=19 qpos=[-0.036566004157066345, 1.937624216079712, 1.3670750856399536, -1.1546719074249268, -0.019461361691355705, 1.8350335359573364, 0.8673008680343628, -0.008111097849905491, -0.04453528672456741, -0.002183865988627076, -0.025015205144882202, 0.018183276057243347, 0.01727692037820816, 1.0]
pred step=19 action=[[-0.044538404792547226, 1.9494794607162476, 1.3600003719329834, -1.1553778648376465, -0.023337751626968384, 1.854832410812378, 0.7766966819763184, -0.008685380220413208, -0.05344676971435547, -0.017750978469848633, -0.01141477469354868, 0.018845349550247192, 0.017074942588806152, 1.0452406406402588]] left_gripper=0.7766966819763184 right_gripper=1.0452406406402588
update step=20 qpos=[-0.0434475839138031, 1.9474291801452637, 1.3618338108062744, -1.154784917831421, -0.023451998829841614, 1.8521125316619873, 0.7766966819763184, -0.00861980952322483, -0.05234316736459732, -0.01604197733104229, -0.013207877986133099, 0.018763072788715363, 0.017100732773542404, 1.0]
pred step=20 action=[[-0.04024520516395569, 1.940361499786377, 1.3549894094467163, -1.150726079940796, -0.03218907117843628, 1.8922299146652222, 0.6618249416351318, -0.010950997471809387, -0.0592915415763855, -0.02929311990737915, -0.011599468067288399, 0.01617729663848877, 0.02690678834915161, 1.0444936752319336]] left_gripper=0.6618249416351318 right_gripper=1.0444936752319336
update step=21 qpos=[-0.040542587637901306, 1.9411640167236328, 1.3558050394058228, -1.1512798070907593, -0.03109239973127842, 1.8871159553527832, 0.6618249416351318, -0.010673251934349537, -0.05844603106379509, -0.027786852791905403, -0.011843555606901646, 0.0165100134909153, 0.025656672194600105, 1.0]
pred step=21 action=[[-0.03730275109410286, 1.9584007263183594, 1.372870683670044, -1.1621570587158203, -0.03543877601623535, 1.8989264965057373, 0.5710151791572571, -0.012074336409568787, -0.06739610433578491, -0.022840380668640137, -0.017686855047941208, 0.022315382957458496, 0.02985227108001709, 1.0467548370361328]] left_gripper=0.5710151791572571 right_gripper=1.0467548370361328
update step=22 qpos=[-0.037658270448446274, 1.9564499855041504, 1.3708126544952393, -1.1606993675231934, -0.03489242494106293, 1.8974210023880005, 0.5710151791572572, -0.011923164129257202, -0.06638675183057785, -0.023283468559384346, -0.01688661053776741, 0.02158500999212265, 0.029318340122699738, 1.0]
pred step=22 action=[[-0.043210651725530624, 1.953689455986023, 1.3567944765090942, -1.1494574546813965, -0.03857553005218506, 1.8857983350753784, 0.5340125560760498, -0.011760741472244263, -0.057054102420806885, -0.025577247142791748, -0.01807078719139099, 0.020398616790771484, 0.02299630641937256, 1.0436335802078247]] left_gripper=0.5340125560760498 right_gripper=1.0436335802078247
update step=23 qpos=[-0.042320746928453445, 1.952667236328125, 1.35983407497406, -1.1506260633468628, -0.03811793401837349, 1.8872803449630737, 0.5340125560760498, -0.011776444502174854, -0.05811936780810356, -0.025426283478736877, -0.017966093495488167, 0.02054782398045063, 0.023802420124411583, 1.0]
pred step=23 action=[[-0.03898737207055092, 1.9591500759124756, 1.3608977794647217, -1.1605751514434814, -0.03913414478302002, 1.8893711566925049, 0.45871129631996155, -0.01121288537979126, -0.06191146373748779, -0.025658369064331055, -0.01414799690246582, 0.026644736528396606, 0.022138625383377075, 1.0412944555282593]] left_gripper=0.45871129631996155 right_gripper=1.0412944555282593
update step=24 qpos=[-0.039545610547065735, 1.9567400217056274, 1.3622063398361206, -1.158907413482666, -0.0388750284910202, 1.88910710811615, 0.45871129631996155, -0.011291591450572014, -0.06148822605609894, -0.02555086649954319, -0.014608880504965782, 0.025872759521007538, 0.022350789979100227, 1.0]
pred step=24 action=[[-0.03488007187843323, 1.959631085395813, 1.3583396673202515, -1.1407592296600342, -0.03953516483306885, 1.9137890338897705, 0.3779667615890503, -0.01659870147705078, -0.06492912769317627, -0.031153202056884766, -0.009758397936820984, 0.02597329020500183, 0.026354193687438965, 1.0373778343200684]] left_gripper=0.3779667615890503 right_gripper=1.0373778343200684
update step=25 qpos=[-0.036722879856824875, 1.956703782081604, 1.3607264757156372, -1.1432205438613892, -0.03838634863495827, 1.910766839981079, 0.3779667615890503, -0.015975965186953545, -0.06450587511062622, -0.03053249605000019, -0.010396079160273075, 0.025972094386816025, 0.025844264775514603, 1.0]
pred step=25 action=[[-0.033591531217098236, 1.9377706050872803, 1.3620378971099854, -1.1510531902313232, -0.04327654838562012, 1.906042456626892, 0.3127398192882538, -0.012439459562301636, -0.07814943790435791, -0.0350990891456604, -0.004811478313058615, 0.022656172513961792, 0.03850889205932617, 1.0357483625411987]] left_gripper=0.3127398192882538 right_gripper=1.0357483625411987
update step=26 qpos=[-0.03393139690160751, 1.939805507659912, 1.3619384765625, -1.1501063108444214, -0.04266102984547615, 1.906647801399231, 0.3127398192882538, -0.012851127423346043, -0.07655027508735657, -0.034501813352108, -0.00550460908561945, 0.023069923743605614, 0.03689396753907204, 1.0]
pred step=26 action=[[-0.03482259064912796, 1.943717360496521, 1.341764211654663, -1.141998529434204, -0.03650158643722534, 1.91770339012146, 0.32305988669395447, -0.015938058495521545, -0.06375813484191895, -0.035792410373687744, -0.007980099879205227, 0.018452942371368408, 0.03484722971916199, 1.0331544876098633]] left_gripper=0.32305988669395447 right_gripper=1.0331544876098633
update step=27 qpos=[-0.033023204654455185, 1.935616135597229, 1.3516814708709717, -1.1416257619857788, -0.03880777955055237, 1.9161312580108643, 0.32305988669395447, -0.01556432619690895, -0.06524505466222763, -0.03573513403534889, -0.007703991606831551, 0.019042018800973892, 0.03510874882340431, 1.0]
pred step=27 action=[[-0.029665905982255936, 1.9475044012069702, 1.378779411315918, -1.1769614219665527, -0.054949045181274414, 1.920566201210022, 0.25296056270599365, -0.016344189643859863, -0.07002180814743042, -0.034484028816223145, -0.0207851342856884, 0.029379069805145264, 0.03432917594909668, 1.0396735668182373]] left_gripper=0.25296056270599365 right_gripper=1.0396735668182373
update step=28 qpos=[-0.030851352959871292, 1.946336269378662, 1.3761571645736694, -1.1714160442352295, -0.05216230824589729, 1.9200220108032227, 0.25296056270599365, -0.016274427995085716, -0.06945349276065826, -0.03462986648082733, -0.019115693867206573, 0.028073953464627266, 0.03442918509244919, 1.0]
pred step=28 action=[[-0.036841388791799545, 1.93425452709198, 1.3507044315338135, -1.159130334854126, -0.04707932472229004, 1.895707130432129, 0.23699718713760376, -0.013801753520965576, -0.06092303991317749, -0.03531455993652344, -0.0009395582601428032, 0.02650025486946106, 0.028353571891784668, 1.0336387157440186]] left_gripper=0.23699718713760376 right_gripper=1.0336387157440186
update step=29 qpos=[-0.033215902745723724, 1.9334614276885986, 1.3580355644226074, -1.1579437255859375, -0.050622519105672836, 1.8984668254852295, 0.25919820597326315, -0.014088362455368042, -0.06196373701095581, -0.03515596687793732, -0.0032372567802667618, 0.026694005355238914, 0.029127834364771843, 1.0]
pred step=29 action=[[-0.03219689056277275, 1.9304739236831665, 1.3813296556472778, -1.1839795112609863, -0.053682565689086914, 1.9134820699691772, 0.18836432695388794, -0.014777049422264099, -0.06425392627716064, -0.033307433128356934, -0.015694230794906616, 0.030061841011047363, 0.03341737389564514, 1.0363801717758179]] left_gripper=0.18836432695388794 right_gripper=1.0363801717758179
update step=30 qpos=[-0.03262567147612572, 1.9310129880905151, 1.3789790868759155, -1.1798685789108276, -0.053011342883110046, 1.9115601778030396, 0.2282667067039896, -0.014703185297548771, -0.06395965814590454, -0.033586110919713974, -0.01412068773061037, 0.029637983068823814, 0.03287043049931526, 1.0]
pred step=30 action=[[-0.03172743692994118, 1.9316343069076538, 1.3731439113616943, -1.1790871620178223, -0.048575520515441895, 1.9173469543457031, 0.21156299114227295, -0.01613183319568634, -0.06802535057067871, -0.041577279567718506, -0.008645459078252316, 0.021993786096572876, 0.03602343797683716, 1.0368953943252563]] left_gripper=0.21156299114227295 right_gripper=1.0368953943252563
update step=31 qpos=[-0.031179392710328102, 1.9288184642791748, 1.3774877786636353, -1.177612543106079, -0.049690503627061844, 1.9165210723876953, 0.21156299114227295, -0.015949487686157227, -0.06748244911432266, -0.0363413542509079, -0.009338504634797573, 0.02296345680952072, 0.03562135621905327, 1.0]
pred step=31 action=[[-0.035470593720674515, 1.9375760555267334, 1.3721179962158203, -1.172959327697754, -0.04787248373031616, 1.9106553792953491, 0.1916106939315796, -0.016304463148117065, -0.06062018871307373, -0.03213608264923096, -0.011186575517058372, 0.027252554893493652, 0.03478071093559265, 1.0315821170806885]] left_gripper=0.1916106939315796 right_gripper=1.0315821170806885
update step=32 qpos=[-0.033481206744909286, 1.931548833847046, 1.3783038854599, -1.1717551946640015, -0.04973762854933739, 1.911247730255127, 0.1916106939315796, -0.016271358355879784, -0.061434730887413025, -0.032638151198625565, -0.010948561131954193, 0.02671053633093834, 0.034888315945863724, 1.0]
pred step=32 action=[[-0.03019629791378975, 1.9382375478744507, 1.3759812116622925, -1.181394100189209, -0.04743534326553345, 1.9096267223358154, 0.1384197473526001, -0.014153644442558289, -0.07094621658325195, -0.03878200054168701, -0.002661722246557474, 0.025211423635482788, 0.04157519340515137, 1.0348213911056519]] left_gripper=0.1384197473526001 right_gripper=1.0348213911056519
update step=33 qpos=[-0.03093861974775791, 1.9340031147003174, 1.3805017471313477, -1.1785764694213867, -0.04735526069998741, 1.9098070859909058, 0.20263646799657078, -0.014400451444089413, -0.06974060833454132, -0.03630770370364189, -0.003741692518815398, 0.02539779059588909, 0.04072237387299538, 1.0]
pred step=33 action=[[-0.02566780149936676, 1.9118646383285522, 1.3804899454116821, -1.1869046688079834, -0.05761289596557617, 1.9243910312652588, 0.11356920003890991, -0.019953638315200806, -0.0580977201461792, -0.03032052516937256, -0.017547031864523888, 0.0331595242023468, 0.03138607740402222, 1.031080961227417]] left_gripper=0.11356920003890991 right_gripper=1.031080961227417
update step=34 qpos=[-0.026644084602594376, 1.9145443439483643, 1.3809237480163574, -1.1853537559509277, -0.05607767030596733, 1.9225327968597412, 0.19319225345496777, -0.019315138459205627, -0.059449996799230576, -0.031121201813220978, -0.01581299677491188, 0.03218834474682808, 0.03257766738533974, 1.0]
pred step=34 action=[[-0.02739020809531212, 1.9248360395431519, 1.3844966888427734, -1.1894850730895996, -0.053118765354156494, 1.9293066263198853, 0.09141290187835693, -0.018381237983703613, -0.06505495309829712, -0.03786575794219971, -0.011950317770242691, 0.029861778020858765, 0.04110613465309143, 1.0358073711395264]] left_gripper=0.09141290187835693 right_gripper=1.0358073711395264
update step=35 qpos=[-0.027333678677678108, 1.9230839014053345, 1.3855763673782349, -1.1879680156707764, -0.05347390100359917, 1.9284491539001465, 0.10569581694349094, -0.018487710505723953, -0.06419776380062103, -0.03635292872786522, -0.012597620487213135, 0.030155707150697708, 0.04001816734671593, 1.0]
pred step=35 action=[[-0.02307172492146492, 1.925771951675415, 1.3969874382019043, -1.2100341320037842, -0.05887362360954285, 1.9274970293045044, 0.09726864099502563, -0.016952306032180786, -0.07751083374023438, -0.037798404693603516, -0.012483675964176655, 0.02643895149230957, 0.046805769205093384, 1.038269281387329]] left_gripper=0.09726864099502563 right_gripper=1.038269281387329
update step=36 qpos=[-0.024126548320055008, 1.9251923561096191, 1.3965235948562622, -1.206420660018921, -0.057800669223070145, 1.9276399612426758, 0.09726864099502563, -0.017126480117440224, -0.07594997435808182, -0.036247558891773224, -0.012453358620405197, 0.026906374841928482, 0.045940469950437546, 1.0]
pred step=36 action=[[-0.02465761825442314, 1.9351850748062134, 1.4126567840576172, -1.2185313701629639, -0.06437033414840698, 1.9261912107467651, 0.045269131660461426, -0.016804009675979614, -0.07454848289489746, -0.03643006086349487, -0.011182649992406368, 0.03372576832771301, 0.0413033664226532, 1.0370149612426758]] left_gripper=0.045269131660461426 right_gripper=1.0370149612426758
update step=37 qpos=[-0.024883585050702095, 1.933611273765564, 1.4110215902328491, -1.2169761657714844, -0.06340215355157852, 1.9263880252838135, 0.04526913166046142, -0.01685492880642414, -0.07472163438796997, -0.03625463321805, -0.011347275227308273, 0.0328623503446579, 0.041895292699337006, 1.0]
pred step=37 action=[[-0.022718213498592377, 1.9327279329299927, 1.4183297157287598, -1.2284960746765137, -0.06818124651908875, 1.9339354038238525, 0.031386733055114746, -0.01860824227333069, -0.07603597640991211, -0.036759912967681885, -0.017801202833652496, 0.032016485929489136, 0.042877376079559326, 1.0365087985992432]] left_gripper=0.031386733055114746 right_gripper=1.0365087985992432
update step=38 qpos=[-0.02339867129921913, 1.9322729110717773, 1.417899489402771, -1.2269203662872314, -0.0673382580280304, 1.9329904317855835, 0.03138673305511473, -0.018400754779577255, -0.07585110515356064, -0.03624655678868294, -0.016998298466205597, 0.032127536833286285, 0.042752038687467575, 1.0]
pred step=38 action=[[-0.021092064678668976, 1.9138888120651245, 1.4266002178192139, -1.2398838996887207, -0.0722951591014862, 1.9305959939956665, 0.013744771480560303, -0.01789042353630066, -0.07356035709381104, -0.02986365556716919, -0.026185840368270874, 0.033264726400375366, 0.037387341260910034, 1.0336889028549194]] left_gripper=0.013744771480560303 right_gripper=1.0336889028549194
update step=39 qpos=[-0.021491391584277153, 1.9161945581436157, 1.4256751537322998, -1.238024353981018, -0.0715542808175087, 1.9309158325195312, 0.013744771480560292, -0.01795235089957714, -0.07384081184864044, -0.03059772402048111, -0.02500026300549507, 0.03311939910054207, 0.038071323186159134, 1.0]
pred step=39 action=[[-0.01759669929742813, 1.9148375988006592, 1.4332202672958374, -1.249654769897461, -0.07886743545532227, 1.922189712524414, -0.055943071842193604, -0.01609480381011963, -0.07434582710266113, -0.03144180774688721, -0.024797316640615463, 0.03577813506126404, 0.0398581326007843, 1.0335712432861328]] left_gripper=-0.055943071842193604 right_gripper=1.0335712432861328
update step=40 qpos=[-0.018003664910793304, 1.9152218103408813, 1.4321357011795044, -1.2481930255889893, -0.07794713973999023, 1.9233038425445557, 0.0, -0.016318630427122116, -0.07427486777305603, -0.03137054666876793, -0.024833202362060547, 0.035438649356365204, 0.03963005170226097, 1.0]
pred step=40 action=[[-0.023836053907871246, 1.915408968925476, 1.4523499011993408, -1.2651309967041016, -0.08124661445617676, 1.9166580438613892, -0.01729130744934082, -0.016020283102989197, -0.0767291784286499, -0.026690244674682617, -0.025806285440921783, 0.03866663575172424, 0.03444889187812805, 1.033841848373413]] left_gripper=-0.01729130744934082 right_gripper=1.033841848373413
update step=41 qpos=[-0.023257430642843246, 1.915331244468689, 1.4499456882476807, -1.2629408836364746, -0.08081512898206711, 1.9175059795379639, 0.0, -0.01606127806007862, -0.07646213471889496, -0.02717694640159607, -0.02565191499888897, 0.0382576547563076, 0.035109713673591614, 1.0]
pred step=41 action=[[-0.022097785025835037, 1.9103795289993286, 1.4404664039611816, -1.263920545578003, -0.0748729407787323, 1.9108567237854004, -0.056124866008758545, -0.017624810338020325, -0.07054048776626587, -0.030377328395843506, -0.02639995515346527, 0.03552067279815674, 0.035632312297821045, 1.0352081060409546]] left_gripper=-0.056124866008758545 right_gripper=1.0352081060409546
update step=42 qpos=[-0.02218950167298317, 1.9111113548278809, 1.441461205482483, -1.2638568878173828, -0.07563245296478271, 1.9117058515548706, 0.0, -0.01743505522608757, -0.07120471447706223, -0.030106622725725174, -0.02634637989103794, 0.03586984798312187, 0.035565365105867386, 1.0]
pred step=42 action=[[-0.02532704919576645, 1.9072035551071167, 1.4627394676208496, -1.2986383438110352, -0.08299645781517029, 1.9113352298736572, -0.053099095821380615, -0.017533183097839355, -0.07241946458816528, -0.03441900014877319, -0.03985216096043587, 0.032992273569107056, 0.03541204333305359, 1.0330631732940674]] left_gripper=-0.053099095821380615 right_gripper=1.0330631732940674
update step=43 qpos=[-0.02499351091682911, 1.9074418544769287, 1.4601939916610718, -1.294240117073059, -0.08205872774124146, 1.9113842248916626, 0.0, -0.01751585304737091, -0.07224150002002716, -0.034000083804130554, -0.03816933184862137, 0.03335607796907425, 0.0354313924908638, 1.0]
pred step=43 action=[[-0.030803535133600235, 1.8899182081222534, 1.4703691005706787, -1.3100059032440186, -0.08143392205238342, 1.8883929252624512, -0.06393516063690186, -0.014020979404449463, -0.0710228681564331, -0.024810194969177246, -0.052791766822338104, 0.03276717662811279, 0.03200677037239075, 1.026914358139038]] left_gripper=-0.06393516063690186 right_gripper=1.026914358139038
update step=44 qpos=[-0.03018958494067192, 1.891976237297058, 1.4690903425216675, -1.3080452680587769, -0.0815039873123169, 1.8913280963897705, 0.0, -0.014430063776671886, -0.07119754701852798, -0.025817692279815674, -0.0508924163877964, 0.032834138721227646, 0.032442912459373474, 1.0]
pred step=44 action=[[-0.02830996736884117, 1.9024585485458374, 1.4570224285125732, -1.2882981300354004, -0.07879763841629028, 1.8956769704818726, -0.06949776411056519, -0.015495941042900085, -0.08178019523620605, -0.04325824975967407, -0.034159086644649506, 0.026333898305892944, 0.04257097840309143, 1.029404640197754]] left_gripper=-0.06949776411056519 right_gripper=1.029404640197754
update step=45 qpos=[-0.028471581637859344, 1.9017045497894287, 1.4582854509353638, -1.290777564048767, -0.07914581149816513, 1.895119071006775, 0.0, -0.015357566997408867, -0.08020871877670288, -0.03623313084244728, -0.03645312786102295, 0.027158673852682114, 0.04127930849790573, 1.0]
pred step=45 action=[[-0.027291037142276764, 1.8923511505126953, 1.4855351448059082, -1.3171143531799316, -0.08135926723480225, 1.8842029571533203, -0.06346231698989868, -0.01323622465133667, -0.08703041076660156, -0.0337522029876709, -0.05335821956396103, 0.028180718421936035, 0.03658851981163025, 1.0282498598098755]] left_gripper=-0.06346231698989868 right_gripper=1.0282498598098755
update step=46 qpos=[-0.02741912566125393, 1.892978549003601, 1.482509732246399, -1.3137339353561401, -0.0810806155204773, 1.8855961561203003, 0.0, -0.013487083837389946, -0.08618827164173126, -0.034145645797252655, -0.051225535571575165, 0.028046516701579094, 0.0371868871152401, 1.0]
pred step=46 action=[[-0.02556818351149559, 1.8800474405288696, 1.4958751201629639, -1.3470149040222168, -0.09245064854621887, 1.8647371530532837, -0.1093633770942688, -0.010347127914428711, -0.07952284812927246, -0.028185606002807617, -0.06955629587173462, 0.026659131050109863, 0.031482994556427, 1.0191502571105957]] left_gripper=-0.1093633770942688 right_gripper=1.0191502571105957
update step=47 qpos=[-0.02574480138719082, 1.8816897869110107, 1.4940465688705444, -1.3428657054901123, -0.0910143181681633, 1.867401123046875, 0.0, -0.010711957700550556, -0.08029471337795258, -0.028953617438673973, -0.06723655760288239, 0.026827625930309296, 0.03220946341753006, 1.0]
pred step=47 action=[[-0.030677415430545807, 1.892809271812439, 1.48982572555542, -1.3510048389434814, -0.07214182615280151, 1.854097604751587, -0.0887671709060669, -0.011736318469047546, -0.06988173723220825, -0.03546398878097534, -0.06989459693431854, 0.03127911686897278, 0.016215264797210693, 1.0237526893615723]] left_gripper=-0.0887671709060669 right_gripper=1.0237526893615723
update step=48 qpos=[-0.030222246423363686, 1.8918431997299194, 1.4900891780853271, -1.349988341331482, -0.07452293485403061, 1.8557941913604736, 0.0, -0.011621744371950626, -0.07107122242450714, -0.03481949493288994, -0.06961469352245331, 0.030716288834810257, 0.018254471942782402, 1.0]
pred step=48 action=[[-0.02455444261431694, 1.8862898349761963, 1.5208231210708618, -1.3559958934783936, -0.05692940950393677, 1.8401495218276978, -0.09125155210494995, -0.009288236498832703, -0.07016295194625854, -0.028544843196868896, -0.06407070904970169, 0.03404298424720764, 0.01249396800994873, 1.021977424621582]] left_gripper=-0.09125155210494995 right_gripper=1.021977424621582
update step=49 qpos=[-0.025132859125733376, 1.8865971565246582, 1.5174400806427002, -1.3551160097122192, -0.05916900187730789, 1.8421417474746704, 0.0, -0.009568857029080391, -0.07033611088991165, -0.02909809909760952, -0.06470987945795059, 0.0336175374686718, 0.0132276127114892, 1.0]
pred step=49 action=[[-0.024947278201580048, 1.8780150413513184, 1.5116057395935059, -1.361250877380371, -0.051422327756881714, 1.824925422668457, -0.1052701473236084, -0.006508767604827881, -0.07647812366485596, -0.030700623989105225, -0.08842942118644714, 0.036529362201690674, 0.009738296270370483, 1.0141879320144653]] left_gripper=-0.1052701473236084 right_gripper=1.0141879320144653
update step=50 qpos=[-0.025010183453559875, 1.879305362701416, 1.5120810270309448, -1.3605371713638306, -0.0524018220603466, 1.8271228075027466, 0.0, -0.006873373873531818, -0.07567897439002991, -0.03071005828678608, -0.08546903729438782, 0.03615500032901764, 0.010182608850300312, 1.0]
pred step=50 action=[[-0.03347542881965637, 1.934596061706543, 1.6463170051574707, -1.3394017219543457, -0.03195962309837341, 1.7584559917449951, 0.14090406894683838, -0.004234999418258667, -0.08946335315704346, -0.06442111730575562, 0.023405596613883972, 0.03016677498817444, 0.01351436972618103, 1.0338687896728516]] left_gripper=0.14090406894683838 right_gripper=1.0338687896728516
update step=51 qpos=[-0.0325847864151001, 1.9282500743865967, 1.6308494806289673, -1.3412508964538574, -0.03452357277274132, 1.7671982049942017, 0.14090406894683838, -0.004535594955086708, -0.08794351667165756, -0.03613929823040962, 0.009857485070824623, 0.030918387696146965, 0.013089600019156933, 1.0]
pred step=51 action=[[-0.035563189536333084, 1.9325141906738281, 1.6292603015899658, -1.3245368003845215, -0.02525690197944641, 1.7569739818572998, 0.13943809270858765, -0.004481807351112366, -0.08373594284057617, -0.06631547212600708, 0.02225916087627411, 0.03126838803291321, 0.013174235820770264, 1.0295672416687012]] left_gripper=0.13943809270858765 right_gripper=1.0295672416687012
update step=52 qpos=[-0.0351833701133728, 1.9324334859848022, 1.6293433904647827, -1.326603651046753, -0.026431767269968987, 1.7582734823226929, 0.13943809270858765, -0.004490869585424662, -0.08528343588113785, -0.03622571378946304, 0.020653296262025833, 0.031223474070429802, 0.013163695111870766, 1.0]
pred step=52 action=[[-0.04479095712304115, 1.9187649488449097, 1.61100435256958, -1.309964895248413, -0.016963988542556763, 1.733768343925476, 0.10590314865112305, -0.003684327006340027, -0.09061527252197266, -0.06376713514328003, 0.017545130103826523, 0.031854093074798584, 0.015925735235214233, 1.033705234527588]] left_gripper=0.10590314865112305 right_gripper=1.033705234527588
update step=53 qpos=[-0.04379207268357277, 1.9202892780303955, 1.6132935285568237, -1.3121261596679688, -0.01814722828567028, 1.7368954420089722, 0.10590314865112305, -0.0037827701307833195, -0.08958353847265244, -0.03614078834652901, 0.017854508012533188, 0.031773123890161514, 0.015573621727526188, 1.0]
pred step=53 action=[[-0.044191207736730576, 1.917548656463623, 1.593618392944336, -1.2950921058654785, -0.012017995119094849, 1.7214834690093994, 0.12357908487319946, -0.004610180854797363, -0.08293783664703369, -0.05837208032608032, 0.016192469745874405, 0.03024214506149292, 0.013343214988708496, 1.0297753810882568]] left_gripper=0.12357908487319946 right_gripper=1.0297753810882568
update step=54 qpos=[-0.044065337628126144, 1.9179953336715698, 1.5959515571594238, -1.2972898483276367, -0.012802067212760448, 1.7234487533569336, 0.12357908487319946, -0.004511398728936911, -0.08471539616584778, -0.03629958629608154, 0.016376225277781487, 0.030436957255005836, 0.013627639971673489, 1.0]
pred step=54 action=[[-0.04853290691971779, 1.8949602842330933, 1.5634746551513672, -1.2759709358215332, -0.00777021050453186, 1.7075482606887817, 0.0953071117401123, -0.00635121762752533, -0.08616232872009277, -0.06034725904464722, 0.01285784412175417, 0.03339022397994995, 0.019781947135925293, 1.033803939819336]] left_gripper=0.0953071117401123 right_gripper=1.033803939819336
update step=55 qpos=[-0.048080794513225555, 1.8975415229797363, 1.5674477815628052, -1.2787960767745972, -0.008400069549679756, 1.709578514099121, 0.0953071117401123, -0.006144027225673199, -0.08584456890821457, -0.03622184693813324, 0.0132553456351161, 0.03302129730582237, 0.01899762824177742, 1.0]
pred step=55 action=[[-0.039978377521038055, 1.8872264623641968, 1.5585284233093262, -1.2696712017059326, -0.002761751413345337, 1.709745168685913, 0.07640588283538818, -0.006100162863731384, -0.08604085445404053, -0.05663573741912842, 0.010136102326214314, 0.03518176078796387, 0.016942381858825684, 1.0319440364837646]] left_gripper=0.07640588283538818 right_gripper=1.0319440364837646
update step=56 qpos=[-0.04077883064746857, 1.888494610786438, 1.559581995010376, -1.27086341381073, -0.003496258519589901, 1.7097227573394775, 0.07640588283538818, -0.006111763417720795, -0.0860670953989029, -0.036255430430173874, 0.01051394920796156, 0.03490862250328064, 0.017204824835062027, 1.0]
pred step=56 action=[[-0.046902384608983994, 1.8655776977539062, 1.528998613357544, -1.2374176979064941, 0.0150052011013031, 1.6842842102050781, 0.05070263147354126, -0.0047417134046554565, -0.0901784896850586, -0.05695253610610962, 0.011937129311263561, 0.03868800401687622, 0.022951215505599976, 1.0326205492019653]] left_gripper=0.05070263147354126 right_gripper=1.0326205492019653
update step=57 qpos=[-0.046376168727874756, 1.8683651685714722, 1.532694697380066, -1.2417434453964233, 0.012676536105573177, 1.6875308752059937, 0.05070263147354126, -0.0049135382287204266, -0.08945859223604202, -0.03620130196213722, 0.01177576370537281, 0.038208574056625366, 0.02221864089369774, 1.0]
pred step=57 action=[[-0.041613221168518066, 1.8567802906036377, 1.5167028903961182, -1.2307653427124023, 0.014816850423812866, 1.686279058456421, 0.04772990942001343, -0.0036294013261795044, -0.08193683624267578, -0.056864142417907715, 0.00909270066767931, 0.03855794668197632, 0.022330164909362793, 1.0289738178253174]] left_gripper=0.04772990942001343 right_gripper=1.0289738178253174
update step=58 qpos=[-0.042046524584293365, 1.8582054376602173, 1.5185784101486206, -1.2322211265563965, 0.014530596323311329, 1.6864382028579712, 0.047729909420013435, -0.0037832045927643776, -0.08366551995277405, -0.03629832714796066, 0.009399334900081158, 0.03851136565208435, 0.02231607772409916, 1.0]
pred step=58 action=[[-0.05113476514816284, 1.8416097164154053, 1.4974579811096191, -1.208052396774292, 0.0342404842376709, 1.6573717594146729, 0.010786652565002441, -0.0049310773611068726, -0.08361172676086426, -0.05161231756210327, 0.0038774171844124794, 0.03995820879936218, 0.023429065942764282, 1.0296602249145508]] left_gripper=0.010786652565002441 right_gripper=1.0296602249145508
update step=59 qpos=[-0.05027531459927559, 1.843596339225769, 1.5000296831130981, -1.211173176765442, 0.0317627377808094, 1.661081314086914, 0.010786652565002447, -0.004800739232450724, -0.08379485458135605, -0.03625590354204178, 0.004556016996502876, 0.03977776691317558, 0.023287327960133553, 1.0]
pred step=59 action=[[-0.04888013005256653, 1.837141990661621, 1.4834651947021484, -1.2071104049682617, 0.0374525785446167, 1.650091290473938, -0.01568382978439331, -0.0003862828016281128, -0.07413113117218018, -0.05098086595535278, 0.0019374918192625046, 0.04264459013938904, 0.022651702165603638, 1.0275375843048096]] left_gripper=-0.01568382978439331 right_gripper=1.0275375843048096
update step=60 qpos=[-0.04895850270986557, 1.837971806526184, 1.4853626489639282, -1.207700490951538, 0.036721326410770416, 1.6514928340911865, 0.0, -0.0009125323849730194, -0.07588107138872147, -0.03633638843894005, 0.00222830125130713, 0.04227332025766373, 0.02273249439895153, 1.0]
pred step=60 action=[[-0.040150463581085205, 1.827989935874939, 1.4701595306396484, -1.1875889301300049, 0.04093766212463379, 1.6351675987243652, -0.021528959274291992, -6.882846355438232e-05, -0.07475638389587402, -0.0531039834022522, 0.005705350078642368, 0.04629230499267578, 0.030815184116363525, 1.0261622667312622]] left_gripper=-0.021528959274291992 right_gripper=1.0261622667312622
update step=61 qpos=[-0.04107009246945381, 1.8291327953338623, 1.4720606803894043, -1.1901646852493286, 0.04038602486252785, 1.637249231338501, 0.0, -0.000178827132913284, -0.07547696679830551, -0.03634949401021004, 0.005264982581138611, 0.04578366130590439, 0.029784847050905228, 1.0]
pred step=61 action=[[-0.04610320180654526, 1.8071733713150024, 1.4407145977020264, -1.1665611267089844, 0.051592886447906494, 1.6223140954971313, -0.04751884937286377, 0.0002202838659286499, -0.07936668395996094, -0.05685991048812866, 0.00398620031774044, 0.053626954555511475, 0.03479379415512085, 1.0281987190246582]] left_gripper=-0.04751884937286377 right_gripper=1.0281987190246582
update step=62 qpos=[-0.0456681102514267, 1.809767484664917, 1.4444591999053955, -1.1696727275848389, 0.05018603429198265, 1.6242212057113647, 0.0, 0.00015384834841825068, -0.07869146019220352, -0.036302387714385986, 0.004152566660195589, 0.052635885775089264, 0.03415606543421745, 1.0]
pred step=62 action=[[-0.04729045554995537, 1.8138004541397095, 1.4481396675109863, -1.1834070682525635, 0.03965166211128235, 1.6182693243026733, -0.07320374250411987, 0.0004176795482635498, -0.06916153430938721, -0.05088639259338379, 0.010627943091094494, 0.049036771059036255, 0.03353056311607361, 1.0251542329788208]] left_gripper=-0.07320374250411987 right_gripper=1.0251542329788208
update step=63 qpos=[-0.047061704099178314, 1.8133430480957031, 1.4476176500320435, -1.1816779375076294, 0.04098765179514885, 1.61902916431427, 0.0, 0.00039211646071635187, -0.07096932828426361, -0.03637886047363281, 0.009794838726520538, 0.04949136823415756, 0.033610280603170395, 1.0]
pred step=63 action=[[-0.04903341457247734, 1.7946077585220337, 1.4167230129241943, -1.1364023685455322, 0.06617110967636108, 1.5928099155426025, -0.0759131908416748, 0.00045439600944519043, -0.06766879558563232, -0.054698646068573, 0.0038951989263296127, 0.055068761110305786, 0.033509135246276855, 1.0224485397338867]] left_gripper=-0.0759131908416748 right_gripper=1.0224485397338867
update step=64 qpos=[-0.0488763228058815, 1.7968480587005615, 1.4205451011657715, -1.142190933227539, 0.06297984719276428, 1.5961549282073975, 0.0, 0.00043314433423802257, -0.06889813393354416, -0.03642308712005615, 0.00461468193680048, 0.054363396018743515, 0.03352227061986923, 1.0]
pred step=64 action=[[-0.05068895220756531, 1.8003185987472534, 1.4120478630065918, -1.129953145980835, 0.06336259841918945, 1.5719327926635742, -0.08617067337036133, 5.5730342864990234e-06, -0.06155651807785034, -0.057333409786224365, 0.005220521241426468, 0.05795496702194214, 0.03457510471343994, 1.0213961601257324]] left_gripper=-0.08617067337036133 right_gripper=1.0213961601257324
update step=65 qpos=[-0.05047312751412392, 1.8000075817108154, 1.413057565689087, -1.1314964294433594, 0.06331569701433182, 1.5750213861465454, 0.0, 4.5280878111952916e-05, -0.06338600814342499, -0.036485541611909866, 0.005120211746543646, 0.057502228766679764, 0.03444107249379158, 1.0]
pred step=65 action=[[-0.04935699328780174, 1.7910014390945435, 1.4041213989257812, -1.134455680847168, 0.061736464500427246, 1.591044306755066, -0.08012950420379639, -0.0009952038526535034, -0.05141019821166992, -0.04256618022918701, 0.0064313774928450584, 0.05660468339920044, 0.032347530126571655, 1.021986961364746]] left_gripper=-0.08012950420379639 right_gripper=1.021986961364746
update step=66 qpos=[-0.049461428076028824, 1.791905403137207, 1.4052163362503052, -1.134142279624939, 0.06193399429321289, 1.5890003442764282, 0.0, -0.0008712346898391843, -0.05309327691793442, -0.0364755280315876, 0.006228906102478504, 0.05671987310051918, 0.032614417374134064, 1.0]
pred step=66 action=[[-0.05968073010444641, 1.782607913017273, 1.394574761390686, -1.1150063276290894, 0.08457490801811218, 1.5558713674545288, -0.06846225261688232, 0.0005361586809158325, -0.044452667236328125, -0.04695165157318115, 0.0016144728288054466, 0.04986080527305603, 0.026309996843338013, 1.0237798690795898]] left_gripper=-0.06846225261688232 right_gripper=1.0237798690795898
update step=67 qpos=[-0.05867280066013336, 1.783754587173462, 1.3958868980407715, -1.1174466609954834, 0.08172532916069031, 1.560099720954895, 0.0, 0.0003849564236588776, -0.04590290039777756, -0.03655606135725975, 0.0021559863816946745, 0.050723906606435776, 0.02711295709013939, 1.0]
pred step=67 action=[[-0.061104267835617065, 1.7720040082931519, 1.379472017288208, -1.087925910949707, 0.08431428670883179, 1.550468921661377, -0.0891004204750061, -0.0007906854152679443, -0.047479867935180664, -0.05062061548233032, 0.007131877355277538, 0.06318950653076172, 0.034361958503723145, 1.0245285034179688]] left_gripper=-0.0891004204750061 right_gripper=1.0245285034179688
update step=68 qpos=[-0.06078772619366646, 1.773463249206543, 1.3814895153045654, -1.0916874408721924, 0.08398433029651642, 1.5516958236694336, 0.0, -0.0006806302117183805, -0.047262366861104965, -0.03654085844755173, 0.0065102106891572475, 0.06161671131849289, 0.03343837708234787, 1.0]
pred step=68 action=[[-0.06759127974510193, 1.7811063528060913, 1.3840253353118896, -1.074218988418579, 0.11186879873275757, 1.5125685930252075, -0.050646960735321045, -2.3692846298217773e-06, -0.03982001543045044, -0.04290878772735596, 0.0042753079906105995, 0.055728912353515625, 0.03075537085533142, 1.0270332098007202]] left_gripper=-0.050646960735321045 right_gripper=1.0270332098007202
update step=69 qpos=[-0.06691838055849075, 1.7803248167037964, 1.3837941884994507, -1.0763566493988037, 0.10834458470344543, 1.5175586938858032, 0.0, -7.037705654511228e-05, -0.04097624495625496, -0.03656519949436188, 0.004527500830590725, 0.05647209659218788, 0.031097257509827614, 1.0]
pred step=69 action=[[-0.07139285653829575, 1.7721776962280273, 1.3648207187652588, -1.049581527709961, 0.11789707839488983, 1.497070550918579, -0.05619436502456665, -0.0006376355886459351, -0.03918600082397461, -0.03924781084060669, 0.0072314003482460976, 0.05515366792678833, 0.02879217267036438, 1.0241200923919678]] left_gripper=-0.05619436502456665 right_gripper=1.0241200923919678
update step=70 qpos=[-0.07089594006538391, 1.7731437683105469, 1.3671706914901733, -1.0530014038085938, 0.11669061332941055, 1.499682903289795, 0.0, -0.0005680207978002727, -0.0395379476249218, -0.03654943034052849, 0.006890575867146254, 0.05532069504261017, 0.029085902497172356, 1.0]
pred step=70 action=[[-0.08149087429046631, 1.776279091835022, 1.3888814449310303, -1.0623903274536133, 0.1212945282459259, 1.4844050407409668, -0.0440061092376709, -0.0008184313774108887, -0.043164968490600586, -0.041277289390563965, -0.002689637243747711, 0.05876091122627258, 0.025929540395736694, 1.030949592590332]] left_gripper=-0.0440061092376709 right_gripper=1.030949592590332
update step=71 qpos=[-0.08036181330680847, 1.775827407836914, 1.3863849639892578, -1.0611099004745483, 0.12073312699794769, 1.486352801322937, 0.0, -0.0007962901145219803, -0.04265344887971878, -0.03653395175933838, -0.0014915585052222013, 0.058326274156570435, 0.026332028210163116, 1.0]
pred step=71 action=[[-0.08388199657201767, 1.7798175811767578, 1.3791807889938354, -1.0348024368286133, 0.14138269424438477, 1.460212230682373, -0.05117267370223999, 0.0003860294818878174, -0.03168153762817383, -0.03442537784576416, 0.007476736791431904, 0.05186083912849426, 0.03280991315841675, 1.030213713645935]] left_gripper=-0.05117267370223999 right_gripper=1.030213713645935
update step=72 qpos=[-0.08349073678255081, 1.7796006202697754, 1.3800363540649414, -1.0381042957305908, 0.1387609988451004, 1.4635454416275024, 0.0, 0.0002599781728349626, -0.03299935162067413, -0.03463366627693176, 0.00634380429983139, 0.052676357328891754, 0.03198331594467163, 1.0]
pred step=72 action=[[-0.0929722934961319, 1.7895965576171875, 1.3807530403137207, -1.0149753093719482, 0.15114812552928925, 1.436936616897583, -0.029201984405517578, 0.00167180597782135, -0.024132609367370605, -0.031235575675964355, 0.0049284882843494415, 0.05469834804534912, 0.025283902883529663, 1.0263789892196655]] left_gripper=-0.029201984405517578 right_gripper=1.0263789892196655
update step=73 qpos=[-0.091970294713974, 1.7884433269500732, 1.3808348178863525, -1.017814040184021, 0.14959271252155304, 1.44032883644104, 0.0, 0.001503473031334579, -0.025179041549563408, -0.031649552285671234, 0.005105916876345873, 0.0544385202229023, 0.02613823674619198, 1.0]
pred step=73 action=[[-0.0946408063173294, 1.7664377689361572, 1.354704737663269, -0.9712851047515869, 0.17393577098846436, 1.4015663862228394, -0.012010931968688965, -0.0012492537498474121, -0.01267331838607788, -0.029069364070892334, 0.0009180046617984772, 0.04786032438278198, 0.028966188430786133, 1.0270626544952393]] left_gripper=-0.012010931968688965 right_gripper=1.0270626544952393
update step=74 qpos=[-0.09434828907251358, 1.7689721584320068, 1.358027458190918, -0.9772148132324219, 0.17084847390651703, 1.4065109491348267, 0.0, -0.0009121447801589966, -0.014139920473098755, -0.029419319704174995, 0.0014338096370920539, 0.04869747534394264, 0.028605028986930847, 1.0]
pred step=74 action=[[-0.10134903341531754, 1.7696342468261719, 1.3578541278839111, -0.9757785201072693, 0.16178932785987854, 1.3905272483825684, -0.014994621276855469, 0.00013594329357147217, -0.008103132247924805, -0.019658446311950684, -0.009787872433662415, 0.04825112223625183, 0.023704349994659424, 1.0222160816192627]] left_gripper=-0.014994621276855469 right_gripper=1.0222160816192627
update step=75 qpos=[-0.10057157278060913, 1.7696791887283325, 1.357800841331482, -0.9759624600410461, 0.16294895112514496, 1.3925658464431763, 0.0, 1.4266338439483661e-05, -0.008835638873279095, -0.02076433040201664, -0.00833147019147873, 0.04830450192093849, 0.024329019710421562, 1.0]
pred step=75 action=[[-0.09345577657222748, 1.7578749656677246, 1.3661798238754272, -0.9789842963218689, 0.1617976427078247, 1.4056626558303833, -0.017875611782073975, -0.0024626851081848145, -0.013081610202789307, -0.017290472984313965, -0.00801149383187294, 0.05267733335494995, 0.029232382774353027, 1.0271461009979248]] left_gripper=-0.017875611782073975 right_gripper=1.0271461009979248
update step=76 qpos=[-0.09415337443351746, 1.7591562271118164, 1.3652530908584595, -0.9785850048065186, 0.16192859411239624, 1.4039897918701172, 0.0, -0.0021817749366164207, -0.012587393634021282, -0.017671531066298485, -0.008033965714275837, 0.0521303229033947, 0.028607556596398354, 1.0]
pred step=76 action=[[-0.12039455771446228, 1.7649824619293213, 1.347261905670166, -0.9129597544670105, 0.20049819350242615, 1.3355002403259277, 0.01692652702331543, 0.003397420048713684, 0.007232785224914551, -0.01255333423614502, -0.014867851510643959, 0.039438456296920776, 0.02414742112159729, 1.0229376554489136]] left_gripper=0.01692652702331543 right_gripper=1.0229376554489136
update step=77 qpos=[-0.11776372045278549, 1.764750599861145, 1.3495060205459595, -0.9212086796760559, 0.19564807415008545, 1.3442397117614746, 0.016926527023315444, 0.002769849728792906, 0.004916371311992407, -0.013255774974822998, -0.01402958668768406, 0.041030850261449814, 0.024714669212698936, 1.0]
pred step=77 action=[[-0.12447425723075867, 1.7570501565933228, 1.3297028541564941, -0.8664533495903015, 0.21373552083969116, 1.299200177192688, 0.02594989538192749, 0.0023844540119171143, 0.02171987295150757, -0.009746849536895752, -0.016403889283537865, 0.04663640260696411, 0.02636304497718811, 1.0165369510650635]] left_gripper=0.02594989538192749 right_gripper=1.0165369510650635
update step=78 qpos=[-0.1236203983426094, 1.757922649383545, 1.3323594331741333, -0.8733463883399963, 0.21143630146980286, 1.3049423694610596, 0.02594989538192749, 0.0024195718578994274, 0.019734758883714676, -0.01017346978187561, -0.016110779717564583, 0.04592752084136009, 0.026152905076742172, 1.0]
pred step=78 action=[[-0.12703090906143188, 1.7596055269241333, 1.323246717453003, -0.8403294086456299, 0.22775979340076447, 1.2772774696350098, 0.035552024841308594, 0.002290666103363037, 0.02405846118927002, 0.0011430978775024414, -0.019366752356290817, 0.041690677404403687, 0.030211269855499268, 1.0186009407043457]] left_gripper=0.035552024841308594 right_gripper=1.0186009407043457
update step=79 qpos=[-0.12665171921253204, 1.7595155239105225, 1.3244422674179077, -0.8444768190383911, 0.22568678855895996, 1.2808045148849487, 0.03555202484130861, 0.0023136758245527744, 0.023503558710217476, -7.188236486399546e-05, -0.018897106871008873, 0.04222735017538071, 0.029693640768527985, 1.0]
pred step=79 action=[[-0.1453534960746765, 1.744715690612793, 1.2979583740234375, -0.7471500635147095, 0.28154879808425903, 1.188625454902649, 0.06696546077728271, 0.005532875657081604, 0.07029891014099121, 0.021432042121887207, -0.0065814414992928505, 0.012828975915908813, 0.024063289165496826, 1.0123958587646484]] left_gripper=0.06696546077728271 right_gripper=1.0123958587646484
update step=80 qpos=[-0.1434805542230606, 1.7466078996658325, 1.301514744758606, -0.7594180703163147, 0.2744852900505066, 1.2003862857818604, 0.06696546077728273, 0.005218816455453634, 0.06472393125295639, 0.01897948421537876, -0.008109363727271557, 0.016536898910999298, 0.024778930470347404, 1.0]
pred step=80 action=[[-0.1536889672279358, 1.7425739765167236, 1.2869374752044678, -0.7018113732337952, 0.28980085253715515, 1.141343355178833, 0.07108867168426514, 0.006183147430419922, 0.08342671394348145, 0.029967069625854492, -0.008987640962004662, 0.012892425060272217, 0.033913493156433105, 1.0115365982055664]] left_gripper=0.07108867168426514 right_gripper=1.0115365982055664
update step=81 qpos=[-0.15249082446098328, 1.7432893514633179, 1.2888023853302002, -0.7090801000595093, 0.28785431385040283, 1.1488720178604126, 0.07108867168426514, 0.006077950820326805, 0.08122851699590683, 0.02865123189985752, -0.008870059624314308, 0.013349940069019794, 0.032748185098171234, 1.0]
pred step=81 action=[[-0.17067599296569824, 1.7291167974472046, 1.2453093528747559, -0.643214225769043, 0.316690057516098, 1.0691372156143188, 0.07809430360794067, 0.007731035351753235, 0.0830221176147461, 0.03437727689743042, -0.017005590721964836, 0.014735698699951172, 0.034228235483169556, 1.010211706161499]] left_gripper=0.07809430360794067 right_gripper=1.010211706161499
update step=82 qpos=[-0.16878093779087067, 1.73088538646698, 1.2506287097930908, -0.6516473293304443, 0.3130578398704529, 1.0793119668960571, 0.07809430360794066, 0.00753427529707551, 0.0828198492527008, 0.03368065878748894, -0.01596594788134098, 0.014557115733623505, 0.03403984755277634, 1.0]
pred step=82 action=[[-0.17777082324028015, 1.7130635976791382, 1.2110381126403809, -0.5399259924888611, 0.3628253638744354, 1.0085433721542358, 0.08051633834838867, 0.005716487765312195, 0.07962644100189209, 0.016362011432647705, -0.017170488834381104, 0.019851595163345337, 0.03518342971801758, 1.006821870803833]] left_gripper=0.08051633834838867 right_gripper=1.006821870803833
update step=83 qpos=[-0.1767866313457489, 1.7152243852615356, 1.2161740064620972, -0.5540772080421448, 0.35650455951690674, 1.0175707340240479, 0.08051633834838867, 0.005918858572840691, 0.08009058982133865, 0.018182961270213127, -0.017116980627179146, 0.01918630115687847, 0.03503831848502159, 1.0]
pred step=83 action=[[-0.20115603506565094, 1.699221134185791, 1.1735560894012451, -0.38551047444343567, 0.4409675896167755, 0.8697874546051025, 0.07688194513320923, 0.017266646027565002, 0.1348785161972046, 0.05003762245178223, 0.010333810932934284, -0.02292618155479431, 0.0401364266872406, 0.9945807456970215]] left_gripper=0.07688194513320923 right_gripper=0.9945807456970215
update step=84 qpos=[-0.19867441058158875, 1.7014710903167725, 1.1791014671325684, -0.40693792700767517, 0.4302578866481781, 0.8886461853981018, 0.07688194513320924, 0.016024069860577583, 0.12822161614894867, 0.04674498364329338, 0.007006377913057804, -0.017625465989112854, 0.0394824743270874, 0.9945807456970214]
pred step=84 action=[[-0.216505229473114, 1.6852836608886719, 1.13747239112854, -0.29678475856781006, 0.4947059154510498, 0.8053393363952637, 0.096782386302948, 0.020838260650634766, 0.1745840311050415, 0.06906455755233765, 0.036389660090208054, -0.05857768654823303, 0.04984673857688904, 0.9940825700759888]] left_gripper=0.096782386302948 right_gripper=0.9940825700759888
update step=85 qpos=[-0.2145806849002838, 1.6874334812164307, 1.142589807510376, -0.31082719564437866, 0.4865383803844452, 0.8159683346748352, 0.096782386302948, 0.020362025126814842, 0.16908633708953857, 0.06653554737567902, 0.032699260860681534, -0.05341165512800217, 0.04852261021733284, 0.9940825700759888]
pred step=85 action=[[-0.24185693264007568, 1.6477065086364746, 1.0572530031204224, -0.07173146307468414, 0.6039868593215942, 0.639117956161499, 0.0764237642288208, 0.02979031205177307, 0.18805038928985596, 0.07777854800224304, 0.05039239302277565, -0.06855112314224243, 0.05531710386276245, 0.9908048510551453]] left_gripper=0.0764237642288208 right_gripper=0.9908048510551453
update step=86 qpos=[-0.23916541039943695, 1.6523069143295288, 1.0670069456100464, -0.1275215744972229, 0.5891879200935364, 0.6622195839881897, 0.0764237642288208, 0.02871769852936268, 0.18580761551856995, 0.07650420069694519, 0.04816918820142746, -0.06665825843811035, 0.05444926768541336, 0.9908048510551453]
pred step=86 action=[[-0.2672748565673828, 1.634739875793457, 1.0288801193237305, 0.04676589369773865, 0.6732819080352783, 0.5557446479797363, 0.08953440189361572, 0.043903909623622894, 0.22906428575515747, 0.09705790877342224, 0.07157617807388306, -0.11835215985774994, 0.061701834201812744, 0.9874831438064575]] left_gripper=0.08953440189361572 right_gripper=0.9874831438064575
update step=87 qpos=[-0.2642824351787567, 1.6370007991790771, 1.0337061882019043, 0.02427755855023861, 0.6626358032226562, 0.569335401058197, 0.08953440189361572, 0.042234886437654495, 0.2239232063293457, 0.09477324038743973, 0.06865187734365463, -0.1118464395403862, 0.0607728511095047, 0.9874831438064575]
pred step=87 action=[[-0.2780994176864624, 1.5965306758880615, 0.9849250316619873, 0.11339019238948822, 0.720525860786438, 0.47735393047332764, 0.07382071018218994, 0.05461700260639191, 0.2980225086212158, 0.1445693075656891, 0.1195557489991188, -0.1964074820280075, 0.06290885806083679, 0.9888623952865601]] left_gripper=0.07382071018218994 right_gripper=0.9888623952865601
update step=88 qpos=[-0.27661943435668945, 1.6013456583023071, 0.9906274080276489, 0.1019398421049118, 0.7132368087768555, 0.48909619450569153, 0.07382071018218994, 0.053348761051893234, 0.28912046551704407, 0.13922931253910065, 0.11328199505805969, -0.18573695421218872, 0.06263077259063721, 0.98886239528656]
pred step=88 action=[[-0.30159294605255127, 1.581362247467041, 0.9300093054771423, 0.2971673309803009, 0.8151377439498901, 0.3653058409690857, 0.06998538970947266, 0.064083993434906, 0.32113903760910034, 0.13818836212158203, 0.14295178651809692, -0.22939229011535645, 0.06991815567016602, 0.9846733808517456]] left_gripper=0.06998538970947266 right_gripper=0.9846733808517456
update step=89 qpos=[-0.299115926027298, 1.5838079452514648, 0.9371467232704163, 0.2692515254020691, 0.8022871613502502, 0.3811149597167969, 0.06998538970947266, 0.06292100995779037, 0.3175148665904999, 0.13806739449501038, 0.1390814483165741, -0.22389309108257294, 0.06898611783981323, 0.9846733808517456]
pred step=89 action=[[-0.323481023311615, 1.5548222064971924, 0.8780962228775024, 0.4578312039375305, 0.8957459926605225, 0.24173346161842346, 0.07639086246490479, 0.07755905389785767, 0.35552704334259033, 0.16131949424743652, 0.16919013857841492, -0.27270621061325073, 0.07941439747810364, 0.9907852411270142]] left_gripper=0.07639086246490479 right_gripper=0.9907852411270142
update step=90 qpos=[-0.32101044058799744, 1.55808687210083, 0.8851591348648071, 0.4320196509361267, 0.8839895129203796, 0.25953352451324463, 0.07639086246490479, 0.07594865560531616, 0.35094350576400757, 0.1589125096797943, 0.16547243297100067, -0.2665596306324005, 0.0780804380774498, 0.9907852411270142]
pred step=90 action=[[-0.345782995223999, 1.5510947704315186, 0.8646628856658936, 0.5260693430900574, 0.953123927116394, 0.17610274255275726, 0.06176882982254028, 0.11016154289245605, 0.5343614220619202, 0.2545209228992462, 0.2771305441856384, -0.4232355058193207, 0.08312028646469116, 0.9682691097259521]] left_gripper=0.06176882982254028 right_gripper=0.9682691097259521
update step=91 qpos=[-0.34319978952407837, 1.5519670248031616, 0.8670150637626648, 0.514074444770813, 0.9444210529327393, 0.18675558269023895, 0.06176882982254028, 0.10648421198129654, 0.5116744041442871, 0.24445943534374237, 0.26329681277275085, -0.40343210101127625, 0.08246751129627228, 0.9682691097259521]
pred step=91 action=[[-0.34472212195396423, 1.5347093343734741, 0.8419169187545776, 0.5574061870574951, 0.9602371454238892, 0.15949758887290955, 0.04969191551208496, 0.1221325621008873, 0.5548795461654663, 0.2719986140727997, 0.3025689721107483, -0.45540758967399597, 0.08658158779144287, 0.9817091226577759]] left_gripper=0.04969191551208496 right_gripper=0.9817091226577759
update step=92 qpos=[-0.3445127010345459, 1.5367122888565063, 0.844805896282196, 0.5518686771392822, 0.9582692980766296, 0.16297782957553864, 0.04969191551208496, 0.12041685730218887, 0.549909234046936, 0.2688007950782776, 0.2976006269454956, -0.4488537609577179, 0.08605348318815231, 0.9817091226577759]
pred step=92 action=[[-0.3505994379520416, 1.5049965381622314, 0.7970367670059204, 0.6518511176109314, 0.9964979887008667, 0.09207308292388916, 0.06356525421142578, 0.131625235080719, 0.6075035333633423, 0.2885568141937256, 0.3543376624584198, -0.5043307542800903, 0.09116879105567932, 0.9855393767356873]] left_gripper=0.06356525421142578 right_gripper=0.9855393767356873
update step=93 qpos=[-0.3500477969646454, 1.5084158182144165, 0.8027151226997375, 0.639143705368042, 0.9917454719543457, 0.10113469511270523, 0.0635652542114258, 0.13042683899402618, 0.6007795929908752, 0.28640279173851013, 0.3471452295780182, -0.49730774760246277, 0.09051259607076645, 0.9855393767356871]
pred step=93 action=[[-0.35585668683052063, 1.5018439292907715, 0.7909414768218994, 0.6700969934463501, 1.0087753534317017, 0.0748850405216217, 0.0506628155708313, 0.1531892865896225, 0.7073033452033997, 0.33957719802856445, 0.41339054703712463, -0.5840654373168945, 0.09422647953033447, 0.9856764674186707]] left_gripper=0.0506628155708313 right_gripper=0.9856764674186707
update step=94 qpos=[-0.3552432358264923, 1.5026758909225464, 0.7922132015228271, 0.6661347150802612, 1.0066463947296143, 0.07823581248521805, 0.0506628155708313, 0.15069392323493958, 0.694762647151947, 0.333851158618927, 0.40508678555488586, -0.5730671882629395, 0.09374842047691345, 0.9856764674186707]
pred step=94 action=[[-0.36288654804229736, 1.5143908262252808, 0.7784003019332886, 0.7216846942901611, 1.0549641847610474, 0.034571439027786255, 0.0553356409072876, 0.17460963129997253, 0.8150969743728638, 0.38195526599884033, 0.4857715368270874, -0.669957160949707, 0.09496468305587769, 0.9877671003341675]] left_gripper=0.0553356409072876 right_gripper=0.9877671003341675
update step=95 qpos=[-0.36214232444763184, 1.5130099058151245, 0.779970645904541, 0.7145883440971375, 1.0488622188568115, 0.04014987498521805, 0.0553356409072876, 0.17200186848640442, 0.8010497689247131, 0.37675848603248596, 0.47556647658348083, -0.6576550602912903, 0.09480467438697815, 0.9877671003341674]
pred step=95 action=[[-0.36642569303512573, 1.5205966234207153, 0.775181770324707, 0.7557500004768372, 1.070300579071045, 0.018496841192245483, 0.0415913462638855, 0.20299293100833893, 0.9556208848953247, 0.4527137279510498, 0.5720735192298889, -0.77294921875, 0.09759166836738586, 0.9854685664176941]] left_gripper=0.0415913462638855 right_gripper=0.9854685664176941
update step=96 qpos=[-0.36598289012908936, 1.5195603370666504, 0.7758484482765198, 0.7505378127098083, 1.0675930976867676, 0.021263685077428818, 0.04159134626388549, 0.19958508014678955, 0.937422513961792, 0.4446471929550171, 0.5599414110183716, -0.7582704424858093, 0.09722944349050522, 0.9854685664176942]
pred step=96 action=[[-0.3699289560317993, 1.5142648220062256, 0.756131112575531, 0.7884852290153503, 1.0837348699569702, -0.002103358507156372, 0.05302196741104126, 0.19973036646842957, 0.9448346495628357, 0.44892406463623047, 0.563980221748352, -0.7642906904220581, 0.09376600384712219, 0.9915494918823242]] left_gripper=0.05302196741104126 right_gripper=0.9915494918823242
update step=97 qpos=[-0.36954057216644287, 1.514789342880249, 0.7584316730499268, 0.7836582660675049, 1.0817301273345947, 0.000883685250300914, 0.05302196741104125, 0.1997358500957489, 0.9439417123794556, 0.4485195279121399, 0.5634940266609192, -0.7635297775268555, 0.09420685470104218, 0.9915494918823242]
pred step=97 action=[[-0.3635849356651306, 1.4789042472839355, 0.7416234612464905, 0.7663455009460449, 1.0610729455947876, -0.004916459321975708, 0.061836302280426025, 0.2096298336982727, 0.9921838045120239, 0.47778403759002686, 0.5942686200141907, -0.8008032441139221, 0.09306082129478455, 0.9941304922103882]] left_gripper=0.061836302280426025 right_gripper=0.9941304922103882
update step=98 qpos=[-0.3641971945762634, 1.4829177856445312, 0.7436540722846985, 0.7685974836349487, 1.0637331008911133, -0.004177626222372055, 0.061836302280426025, 0.20854590833187103, 0.9865598678588867, 0.4745482802391052, 0.590386688709259, -0.7960500121116638, 0.09320449084043503, 0.9941304922103882]
pred step=98 action=[[-0.361845999956131, 1.4860671758651733, 0.7436273097991943, 0.775894045829773, 1.06527578830719, -0.006943345069885254, 0.07146501541137695, 0.21984724700450897, 1.0511903762817383, 0.5038172602653503, 0.628939151763916, -0.8416776657104492, 0.09720227122306824, 0.994192898273468]] left_gripper=0.07146501541137695 right_gripper=0.994192898273468
update step=99 qpos=[-0.3621010184288025, 1.4858624935150146, 0.7435067892074585, 0.7749255299568176, 1.065070390701294, -0.006591133773326874, 0.07146501541137695, 0.21861550211906433, 1.0437343120574951, 0.5005481243133545, 0.624028742313385, -0.8358527421951294, 0.09669046849012375, 0.994192898273468]
pred step=99 action=[[-0.3648117184638977, 1.4736003875732422, 0.7164856195449829, 0.7957767844200134, 1.0773998498916626, -0.024694770574569702, 0.07813793420791626, 0.22214290499687195, 1.056967854499817, 0.4910992980003357, 0.638394296169281, -0.846228837966919, 0.09972316026687622, 0.9981841444969177]] left_gripper=0.07813793420791626 right_gripper=0.9981841444969177
update step=100 qpos=[-0.36456993222236633, 1.4749590158462524, 0.7195812463760376, 0.7931113839149475, 1.0758928060531616, -0.022379979491233826, 0.07813793420791626, 0.22176718711853027, 1.0554440021514893, 0.49219831824302673, 0.636534571647644, -0.8449221849441528, 0.09933482110500336, 0.9981841444969177]
pred step=100 action=[[-0.3628345727920532, 1.6804172992706299, 0.8285481929779053, 0.7438583374023438, 1.2573474645614624, 0.08387234807014465, 9.298324584960938e-06, 0.3574673533439636, 1.701453685760498, 0.7887108325958252, 0.9080414772033691, -1.2555073499679565, -0.035563141107559204, 0.35512521862983704]] left_gripper=9.298324584960938e-06 right_gripper=0.35512521862983704
update step=101 qpos=[-0.36323630809783936, 1.642431378364563, 0.8169046640396118, 0.750550389289856, 1.2334097623825073, 0.07031815499067307, 9.29832458495991e-06, 0.3418809175491333, 1.2507051229476929, 0.6731496453285217, 0.8226336240768433, -1.040026068687439, -0.018362894654273987, 0.6609183518974869]
pred step=101 action=[[-0.35400882363319397, 1.676271915435791, 0.8307020664215088, 0.6806222200393677, 1.2314224243164062, 0.11256721615791321, 0.03505796194076538, 0.3500674366950989, 1.6668583154678345, 0.786664605140686, 0.8487197160720825, -1.2072622776031494, -0.05795368552207947, 0.30763527750968933]] left_gripper=0.03505796194076538 right_gripper=0.30763527750968933
update step=102 qpos=[-0.35500890016555786, 1.6714130640029907, 0.8298845291137695, 0.6896931529045105, 1.2316323518753052, 0.10717474669218063, 0.035057961940765395, 0.3493610620498657, 1.4404361248016357, 0.7739592790603638, 0.8456661105155945, -1.1859323978424072, -0.052920326590538025, 0.5185806665155622]
pred step=102 action=[[-0.3549429476261139, 1.6691535711288452, 0.8323153257369995, 0.692180335521698, 1.2170370817184448, 0.1091790497303009, 0.05360090732574463, 0.34915077686309814, 1.669029712677002, 0.7800315022468567, 0.8482480645179749, -1.2134677171707153, -0.05584430694580078, 0.31396809220314026]] left_gripper=0.05360090732574463 right_gripper=0.31396809220314026
update step=103 qpos=[-0.3549700379371643, 1.669079303741455, 0.832317054271698, 0.6919353604316711, 1.2188904285430908, 0.10892640799283981, 0.05360090732574463, 0.349114328622818, 1.6171602010726929, 0.7800849080085754, 0.8480378985404968, -1.209912657737732, -0.05547107383608818, 0.38033800649422184]
pred step=103 action=[[-0.3422730267047882, 1.6467050313949585, 0.8328984975814819, 0.6555524468421936, 1.1744983196258545, 0.12713322043418884, 0.09033513069152832, 0.3338806927204132, 1.6243500709533691, 0.7505897879600525, 0.7943746447563171, -1.1664326190948486, -0.060509294271469116, 0.34022077918052673]] left_gripper=0.09033513069152832 right_gripper=0.34022077918052673
update step=104 qpos=[-0.34356048703193665, 1.6493487358093262, 0.8328533172607422, 0.6602010130882263, 1.180119276046753, 0.12480398267507553, 0.09033513069152833, 0.33551520109176636, 1.6219720840454102, 0.7553138732910156, 0.8014994859695435, -1.171961784362793, -0.059865646064281464, 0.34022077918052673]
pred step=104 action=[[-0.3492814004421234, 1.6455039978027344, 0.8269336223602295, 0.6627029776573181, 1.1855809688568115, 0.12620005011558533, 0.08651959896087646, 0.3436613976955414, 1.6567811965942383, 0.7578253149986267, 0.8325911164283752, -1.194779634475708, -0.04818728566169739, 0.34401562809944153]] left_gripper=0.08651959896087646 right_gripper=0.34401562809944153
update step=105 qpos=[-0.3487401306629181, 1.646073341369629, 0.8274893760681152, 0.6623499989509583, 1.1849110126495361, 0.12602385878562927, 0.08651959896087646, 0.34284353256225586, 1.6525672674179077, 0.7576804161071777, 0.828629732131958, -1.1918643712997437, -0.04968160390853882, 0.34401562809944153]
pred step=105 action=[[-0.33086854219436646, 1.6299676895141602, 0.8364241719245911, 0.6033206582069397, 1.1414481401443481, 0.14918848872184753, 0.1446702480316162, 0.3253882825374603, 1.6128287315368652, 0.7466698288917542, 0.7426722049713135, -1.1326872110366821, -0.07919692993164062, 0.3507425785064697]] left_gripper=0.1446702480316162 right_gripper=0.3507425785064697
update step=106 qpos=[-0.33267226815223694, 1.6318882703781128, 0.8354101181030273, 0.6108554601669312, 1.1469249725341797, 0.14622297883033752, 0.1446702480316162, 0.32715317606925964, 1.6172617673873901, 0.7481457591056824, 0.7536785006523132, -1.1402009725570679, -0.07541941851377487, 0.3507425785064697]
pred step=106 action=[[-0.3168566823005676, 1.6132960319519043, 0.8370052576065063, 0.5560776591300964, 1.074965000152588, 0.1703750640153885, 0.17530542612075806, 0.31002843379974365, 1.5534330606460571, 0.725065290927887, 0.6894614696502686, -1.0691606998443604, -0.08773069083690643, 0.3543477952480316]] left_gripper=0.17530542612075806 right_gripper=0.3543477952480316
update step=107 qpos=[-0.31849005818367004, 1.6156291961669922, 0.8367581963539124, 0.5630344152450562, 1.084066390991211, 0.16728417575359344, 0.17530542612075806, 0.3118009865283966, 1.560770034790039, 0.7277959585189819, 0.6976725459098816, -1.0782134532928467, -0.08615367114543915, 0.3543477952480316]
pred step=107 action=[[-0.3137638568878174, 1.5969064235687256, 0.8430151343345642, 0.5410091876983643, 1.0617966651916504, 0.17938458919525146, 0.219282865524292, 0.3120332360267639, 1.5749624967575073, 0.7260921001434326, 0.6886542439460754, -1.081547737121582, -0.08327199518680573, 0.39873623847961426]] left_gripper=0.219282865524292 right_gripper=0.39873623847961426
update step=108 qpos=[-0.3142963945865631, 1.5990707874298096, 0.8422925472259521, 0.5438371300697327, 1.0646250247955322, 0.1778390258550644, 0.21928286552429202, 0.3120352625846863, 1.573685884475708, 0.7259917259216309, 0.6896924376487732, -1.081105351448059, -0.08363653719425201, 0.39873623847961426]
pred step=108 action=[[-0.3030751347541809, 1.5760188102722168, 0.8395633697509766, 0.5091850757598877, 1.0327606201171875, 0.19316203892230988, 0.24726536870002747, 0.3061574101448059, 1.5741170644760132, 0.7364773750305176, 0.6319100856781006, -1.0550751686096191, -0.11256378889083862, 0.40747034549713135]] left_gripper=0.24726536870002747 right_gripper=0.40747034549713135
update step=109 qpos=[-0.3042353093624115, 1.5788516998291016, 0.8397373557090759, 0.5135704874992371, 1.0368022918701172, 0.19120217859745026, 0.24726536870002747, 0.30674368143081665, 1.574052095413208, 0.7353086471557617, 0.6392822861671448, -1.0583512783050537, -0.10886453092098236, 0.40747034549713135]
pred step=109 action=[[-0.2897225618362427, 1.5671991109848022, 0.8474624156951904, 0.43587201833724976, 0.9892858266830444, 0.22421583533287048, 0.27370119094848633, 0.2991693913936615, 1.5492892265319824, 0.7414016723632812, 0.5870505571365356, -1.0181379318237305, -0.13135308027267456, 0.402800589799881]] left_gripper=0.27370119094848633 right_gripper=0.402800589799881
update step=110 qpos=[-0.291221022605896, 1.5687757730484009, 0.8463596105575562, 0.4457258880138397, 0.9952847957611084, 0.2199924886226654, 0.27370119094848633, 0.2999380826950073, 1.5520968437194824, 0.7407577633857727, 0.5937418341636658, -1.0232383012771606, -0.12847864627838135, 0.402800589799881]
pred step=110 action=[[-0.27807220816612244, 1.5154786109924316, 0.8389337062835693, 0.4457470178604126, 0.9371895790100098, 0.21864990890026093, 0.31141141057014465, 0.2862570881843567, 1.5272057056427002, 0.7272598743438721, 0.539335310459137, -0.9891178011894226, -0.1456557810306549, 0.4520131051540375]] left_gripper=0.31141141057014465 right_gripper=0.4520131051540375
update step=111 qpos=[-0.279415488243103, 1.5214204788208008, 0.8400524258613586, 0.4458296298980713, 0.944579541683197, 0.2188223898410797, 0.3114114105701446, 0.2876933515071869, 1.5302870273590088, 0.7286000847816467, 0.5461957454681396, -0.99344801902771, -0.14345751702785492, 0.45201310515403753]
pred step=111 action=[[-0.262148380279541, 1.495408535003662, 0.8384758830070496, 0.3766416311264038, 0.8696717023849487, 0.24736875295639038, 0.3463919162750244, 0.27293145656585693, 1.501653790473938, 0.7392749786376953, 0.46462371945381165, -0.9357219338417053, -0.1778409481048584, 0.4635322093963623]] left_gripper=0.3463919162750244 right_gripper=0.4635322093963623
update step=112 qpos=[-0.26389122009277344, 1.4989423751831055, 0.838191568851471, 0.38533464074134827, 0.8791444301605225, 0.24371448159217834, 0.34639191627502436, 0.2744446098804474, 1.5049771070480347, 0.7380151748657227, 0.4750395119190216, -0.9430279731750488, -0.17344385385513306, 0.4635322093963623]
pred step=112 action=[[-0.26182591915130615, 1.5133297443389893, 0.8558816909790039, 0.36812204122543335, 0.900958776473999, 0.2370874434709549, 0.35594555735588074, 0.2761746048927307, 1.506401538848877, 0.7343268394470215, 0.4760114848613739, -0.9478994607925415, -0.16414140164852142, 0.4632564187049866]] left_gripper=0.35594555735588074 right_gripper=0.4632564187049866
update step=113 qpos=[-0.2621305584907532, 1.5117181539535522, 0.8537628650665283, 0.370316743850708, 0.8981657028198242, 0.2379319816827774, 0.35594555735588074, 0.27602922916412354, 1.5063869953155518, 0.7346017360687256, 0.47583290934562683, -0.9472840428352356, -0.16532960534095764, 0.4632564187049866]
pred step=113 action=[[-0.25398802757263184, 1.5015302896499634, 0.8548799753189087, 0.3749650716781616, 0.8815922737121582, 0.23308338224887848, 0.3843305706977844, 0.27438443899154663, 1.5178985595703125, 0.7664647698402405, 0.45438146591186523, -0.9486809968948364, -0.18139562010765076, 0.4495809078216553]] left_gripper=0.3843305706977844 right_gripper=0.4495809078216553
update step=114 qpos=[-0.2548273503780365, 1.5026390552520752, 0.8548448085784912, 0.37440481781959534, 0.8836847543716431, 0.2337009459733963, 0.3843305706977844, 0.2745440602302551, 1.5165170431137085, 0.7628626823425293, 0.4571852684020996, -0.9484654068946838, -0.1793416440486908, 0.4495809078216553]
pred step=114 action=[[-0.23803313076496124, 1.480797529220581, 0.849846363067627, 0.31403210759162903, 0.8477052450180054, 0.2654123902320862, 0.4041765332221985, 0.2614438533782959, 1.483912467956543, 0.7438573837280273, 0.4161600172519684, -0.9164966940879822, -0.19053974747657776, 0.47019368410110474]] left_gripper=0.4041765332221985 right_gripper=0.47019368410110474
update step=115 qpos=[-0.23978164792060852, 1.4834784269332886, 0.8501966595649719, 0.3216623365879059, 0.8522564172744751, 0.26135826110839844, 0.4041765332221985, 0.26281294226646423, 1.4877699613571167, 0.7458965182304382, 0.4213280975818634, -0.9205679893493652, -0.1891069859266281, 0.47019368410110474]
pred step=115 action=[[-0.22830352187156677, 1.4634226560592651, 0.8611992597579956, 0.25851336121559143, 0.8196840882301331, 0.28519201278686523, 0.4065012037754059, 0.2548743188381195, 1.459630012512207, 0.7487664222717285, 0.3722645342350006, -0.8807224035263062, -0.20922650396823883, 0.45985257625579834]] left_gripper=0.4065012037754059 right_gripper=0.45985257625579834
update step=116 qpos=[-0.2295088917016983, 1.4657466411590576, 0.8598143458366394, 0.2665580213069916, 0.8238081336021423, 0.2821453809738159, 0.4065012037754059, 0.2556818425655365, 1.4628629684448242, 0.7483915686607361, 0.37852606177330017, -0.8857834935188293, -0.2066546231508255, 0.45985257625579834]
pred step=116 action=[[-0.23298582434654236, 1.4949966669082642, 0.882127046585083, 0.26429519057273865, 0.8406864404678345, 0.28706657886505127, 0.4204826354980469, 0.2587212920188904, 1.490250587463379, 0.7870587706565857, 0.376162588596344, -0.9104991555213928, -0.21738213300704956, 0.4457063674926758]] left_gripper=0.4204826354980469 right_gripper=0.4457063674926758
update step=117 qpos=[-0.2326572984457016, 1.4917956590652466, 0.8794400095939636, 0.26458656787872314, 0.8385106921195984, 0.2864378094673157, 0.4204826354980469, 0.25842875242233276, 1.4872030019760132, 0.7825391292572021, 0.3765086233615875, -0.9073157906532288, -0.216012105345726, 0.4457063674926758]
pred step=117 action=[[-0.20472580194473267, 1.4709028005599976, 0.8874418139457703, 0.19564658403396606, 0.7935069799423218, 0.3154452443122864, 0.4329918324947357, 0.24438655376434326, 1.4507851600646973, 0.7778299450874329, 0.3086889088153839, -0.8502427935600281, -0.25679683685302734, 0.43267184495925903]] left_gripper=0.4329918324947357 right_gripper=0.43267184495925903
update step=118 qpos=[-0.2076050490140915, 1.473240613937378, 0.8864966630935669, 0.20444869995117188, 0.7991722226142883, 0.3117341697216034, 0.43299183249473566, 0.2458004504442215, 1.4550392627716064, 0.7782446146011353, 0.31730496883392334, -0.8574884533882141, -0.25158581137657166, 0.43267184495925903]
pred step=118 action=[[-0.20768995583057404, 1.464275598526001, 0.8782556056976318, 0.22961944341659546, 0.7988353967666626, 0.3092808425426483, 0.4372299909591675, 0.2489182949066162, 1.4685922861099243, 0.7943720817565918, 0.3373016119003296, -0.8819758296012878, -0.2451038360595703, 0.44547003507614136]] left_gripper=0.4372299909591675 right_gripper=0.44547003507614136
update step=119 qpos=[-0.20775501430034637, 1.465362548828125, 0.8791974782943726, 0.22639323770999908, 0.7988914251327515, 0.3095981180667877, 0.4372299909591675, 0.24864041805267334, 1.4670851230621338, 0.7925007343292236, 0.3347761631011963, -0.8788506388664246, -0.24593421816825867, 0.44547003507614136]
pred step=119 action=[[-0.1941823661327362, 1.4509685039520264, 0.8859759569168091, 0.17847010493278503, 0.769582986831665, 0.3405921459197998, 0.4681037664413452, 0.23625002801418304, 1.4417283535003662, 0.8051478862762451, 0.27468815445899963, -0.8350434303283691, -0.26862412691116333, 0.43297743797302246]] left_gripper=0.4681037664413452 right_gripper=0.43297743797302246
update step=120 qpos=[-0.19557535648345947, 1.4527097940444946, 0.885032057762146, 0.18455691635608673, 0.773280918598175, 0.33663129806518555, 0.4681037664413452, 0.23749709129333496, 1.4446910619735718, 0.8035945892333984, 0.2823601961135864, -0.8405885100364685, -0.2657211720943451, 0.43297743797302246]
pred step=120 action=[[-0.17906439304351807, 1.4130442142486572, 0.8724533319473267, 0.14342138171195984, 0.710712730884552, 0.33409106731414795, 0.46799033880233765, 0.22024889290332794, 1.4036660194396973, 0.8002163171768188, 0.21607987582683563, -0.783664345741272, -0.30510425567626953, 0.44286173582077026]] left_gripper=0.46799033880233765 right_gripper=0.44286173582077026
update step=121 qpos=[-0.18073254823684692, 1.4176304340362549, 0.8738039135932922, 0.14860841631889343, 0.7186457514762878, 0.33441075682640076, 0.46799033880233765, 0.22202643752098083, 1.4085150957107544, 0.8003714680671692, 0.22446970641613007, -0.7908821702003479, -0.3000727891921997, 0.44286173582077026]
pred step=121 action=[[-0.1806071400642395, 1.4185535907745361, 0.8902627825737, 0.15437671542167664, 0.7396804690361023, 0.3499215543270111, 0.47147080302238464, 0.22557353973388672, 1.429802417755127, 0.8250807523727417, 0.21723593771457672, -0.808137059211731, -0.30475008487701416, 0.4280529022216797]] left_gripper=0.47147080302238464 right_gripper=0.4280529022216797
update step=122 qpos=[-0.1806977540254593, 1.4185400009155273, 0.8882867693901062, 0.15366576611995697, 0.7370039820671082, 0.34794318675994873, 0.47147080302238464, 0.22523640096187592, 1.4275147914886475, 0.8220887780189514, 0.2181667983531952, -0.8059221506118774, -0.3041531443595886, 0.4280529022216797]
pred step=122 action=[[-0.17030596733093262, 1.3956897258758545, 0.894914984703064, 0.10414077341556549, 0.699235200881958, 0.36840689182281494, 0.4882051944732666, 0.21539974212646484, 1.3959944248199463, 0.8186622262001038, 0.16139015555381775, -0.7578389644622803, -0.3234046697616577, 0.43957287073135376]] left_gripper=0.4882051944732666 right_gripper=0.43957287073135376
update step=123 qpos=[-0.17134273052215576, 1.3984428644180298, 0.893929660320282, 0.11041322350502014, 0.7040172219276428, 0.365790992975235, 0.4882051944732666, 0.2163708508014679, 1.399587631225586, 0.8189718127250671, 0.16860057413578033, -0.7639477849006653, -0.32094287872314453, 0.43957287073135376]
pred step=123 action=[[-0.15728917717933655, 1.3818473815917969, 0.9038881063461304, 0.09466023743152618, 0.6711176633834839, 0.3828115165233612, 0.48677948117256165, 0.21231681108474731, 1.3764920234680176, 0.8189731240272522, 0.1629006266593933, -0.7506250739097595, -0.31728219985961914, 0.4437815546989441]] left_gripper=0.48677948117256165 right_gripper=0.4437815546989441
update step=124 qpos=[-0.15874753892421722, 1.3838657140731812, 0.902634859085083, 0.09667113423347473, 0.6752612590789795, 0.38063672184944153, 0.48677948117256165, 0.2127462476491928, 1.3791605234146118, 0.8189371228218079, 0.16362310945987701, -0.7523221373558044, -0.3177497088909149, 0.4437815546989441]
pred step=124 action=[[-0.13094356656074524, 1.30000638961792, 0.8895640969276428, -0.0072191208600997925, 0.5749253034591675, 0.4156387150287628, 0.5266402363777161, 0.1728726625442505, 1.3014503717422485, 0.8231679201126099, -0.0032357284799218178, -0.6416510343551636, -0.39608073234558105, 0.46720242500305176]] left_gripper=0.5266402363777161 right_gripper=0.46720242500305176
update step=125 qpos=[-0.13371914625167847, 1.309624195098877, 0.8908151984214783, 0.005898948758840561, 0.5876405239105225, 0.411163330078125, 0.5266402363777161, 0.17693905532360077, 1.310447335243225, 0.8222554326057434, 0.01794854737818241, -0.6556466221809387, -0.38606831431388855, 0.46720242500305176]
pred step=125 action=[[-0.10291455686092377, 1.2404628992080688, 0.8875110745429993, -0.11166051030158997, 0.48362404108047485, 0.4591631293296814, 0.5285999774932861, 0.15680287778377533, 1.2319254875183105, 0.8174669742584229, -0.09435189515352249, -0.5546639561653137, -0.4200616478919983, 0.47216862440109253]] left_gripper=0.5285999774932861 right_gripper=0.47216862440109253
update step=126 qpos=[-0.1060316264629364, 1.2486215829849243, 0.8872950673103333, -0.09688521176576614, 0.49676933884620667, 0.45302873849868774, 0.5285999774932861, 0.15881521999835968, 1.2409628629684448, 0.8176260590553284, -0.08019549399614334, -0.5674728751182556, -0.4157187342643738, 0.47216862440109253]
pred step=126 action=[[-0.09435734152793884, 1.2127392292022705, 0.8737009763717651, -0.12983684241771698, 0.46016401052474976, 0.46917039155960083, 0.5451593399047852, 0.14880961179733276, 1.228972315788269, 0.8323187828063965, -0.15858162939548492, -0.5239371061325073, -0.46923673152923584, 0.4687599837779999]] left_gripper=0.5451593399047852 right_gripper=0.4687599837779999
update step=127 qpos=[-0.09557759761810303, 1.2170182466506958, 0.8749371767044067, -0.12578974664211273, 0.46479350328445435, 0.46711063385009766, 0.5451593399047852, 0.14983437955379486, 1.230627417564392, 0.8300538063049316, -0.1487184315919876, -0.5294356942176819, -0.46240338683128357, 0.4687599837779999]
pred step=127 action=[[-0.07528617978096008, 1.1710203886032104, 0.8846853375434875, -0.2201666384935379, 0.37107229232788086, 0.5082153677940369, 0.5905595421791077, 0.12783406674861908, 1.1818156242370605, 0.8451005220413208, -0.24829724431037903, -0.43333864212036133, -0.5168583989143372, 0.47738486528396606]] left_gripper=0.5905595421791077 right_gripper=0.47738486528396606
update step=128 qpos=[-0.07729379087686539, 1.1762501001358032, 0.8832429051399231, -0.20823916792869568, 0.382922887802124, 0.5029636025428772, 0.5905595421791077, 0.13004451990127563, 1.1872576475143433, 0.8431650996208191, -0.23566272854804993, -0.4454970359802246, -0.5099040865898132, 0.47738486528396606]
pred step=128 action=[[-0.064541295170784, 1.1265265941619873, 0.8863828778266907, -0.24803125858306885, 0.34005096554756165, 0.5140544176101685, 0.6039555072784424, 0.11254704743623734, 1.1434532403945923, 0.8295643329620361, -0.2961229383945465, -0.4005378186702728, -0.5106620788574219, 0.4982362389564514]] left_gripper=0.6039555072784424 right_gripper=0.4982362389564514
update step=129 qpos=[-0.06585432589054108, 1.132244348526001, 0.8858153223991394, -0.2430485337972641, 0.3454682528972626, 0.5126382112503052, 0.6039555072784424, 0.11438928544521332, 1.1485899686813354, 0.8306891918182373, -0.28863319754600525, -0.4062099754810333, -0.5105631947517395, 0.49823623895645147]
pred step=129 action=[[-0.046453092247247696, 1.0784580707550049, 0.8715024590492249, -0.3469558358192444, 0.27794569730758667, 0.5455241203308105, 0.6152595281600952, 0.09860789030790329, 1.1294150352478027, 0.8621501922607422, -0.40996053814888, -0.33205145597457886, -0.5792138576507568, 0.5071998834609985]] left_gripper=0.6152595281600952 right_gripper=0.5071998834609985
update step=130 qpos=[-0.04844548925757408, 1.0847617387771606, 0.8724616169929504, -0.3340364098548889, 0.28647199273109436, 0.5413240194320679, 0.6152595281600952, 0.1002037301659584, 1.13153874874115, 0.8580507040023804, -0.3945934474468231, -0.34142935276031494, -0.570447564125061, 0.5071998834609985]
pred step=130 action=[[-0.03114882856607437, 1.0224438905715942, 0.8486789464950562, -0.39796528220176697, 0.20665425062179565, 0.5611928701400757, 0.6416344046592712, 0.07557492703199387, 1.0683640241622925, 0.8638541102409363, -0.4902096092700958, -0.2678823173046112, -0.6394442319869995, 0.5376002192497253]] left_gripper=0.6416344046592712 right_gripper=0.5376002192497253
update step=131 qpos=[-0.03288494050502777, 1.0293889045715332, 0.8512294888496399, -0.39004936814308167, 0.21673870086669922, 0.5586559772491455, 0.6416344046592712, 0.07815930247306824, 1.0753655433654785, 0.8629304766654968, -0.47820669412612915, -0.27716705203056335, -0.6306396722793579, 0.5376002192497253]
pred step=131 action=[[-0.02474205568432808, 0.9962983727455139, 0.8519167900085449, -0.40865233540534973, 0.18393100798130035, 0.5677477121353149, 0.6506662368774414, 0.07154347002506256, 1.0696089267730713, 0.8719500303268433, -0.5187660455703735, -0.24539479613304138, -0.6543861031532288, 0.5381652116775513]] left_gripper=0.6506662368774414 right_gripper=0.5381652116775513
update step=132 qpos=[-0.025578109547495842, 1.0000377893447876, 0.851766049861908, -0.4063403010368347, 0.1880701780319214, 0.5665870308876038, 0.6506662368774414, 0.07221487164497375, 1.0704827308654785, 0.8704570531845093, -0.5137171149253845, -0.24940277636051178, -0.6513577103614807, 0.5381652116775513]
pred step=132 action=[[-0.009396225214004517, 0.9459151029586792, 0.8363232016563416, -0.46142977476119995, 0.1335250586271286, 0.5900781750679016, 0.6616458892822266, 0.05749385803937912, 1.0309051275253296, 0.8705595135688782, -0.5783316493034363, -0.195334792137146, -0.6662447452545166, 0.5446946620941162]] left_gripper=0.6616458892822266 right_gripper=0.5446946620941162
update step=133 qpos=[-0.01109106745570898, 0.9520629644393921, 0.8377940654754639, -0.45463988184928894, 0.14040328562259674, 0.5870795249938965, 0.6616458892822267, 0.05902355909347534, 1.0352232456207275, 0.8703835010528564, -0.5702501535415649, -0.20216265320777893, -0.664343535900116, 0.5446946620941162]
pred step=133 action=[[0.0021136775612831116, 0.9079171419143677, 0.8334954977035522, -0.5271426439285278, 0.07715359330177307, 0.6033695936203003, 0.6847458481788635, 0.0372188463807106, 0.9954847097396851, 0.882983922958374, -0.6838499903678894, -0.1253402978181839, -0.7149391174316406, 0.5733587145805359]] left_gripper=0.6847458481788635 right_gripper=0.5733587145805359
update step=134 qpos=[0.000772685743868351, 0.912865161895752, 0.8336554169654846, -0.518120527267456, 0.08513667434453964, 0.6012904644012451, 0.6847458481788635, 0.039505232125520706, 0.9998607635498047, 0.8810344934463501, -0.6696339249610901, -0.1350303590297699, -0.7084813117980957, 0.573358714580536]
pred step=134 action=[[0.014292865991592407, 0.858091413974762, 0.7819986343383789, -0.5089653730392456, 0.05574771761894226, 0.5830708146095276, 0.7136498689651489, 0.03349626809358597, 0.9991228580474854, 0.900290846824646, -0.7084077000617981, -0.10405148565769196, -0.7512885332107544, 0.5826466083526611]] left_gripper=0.7136498689651489 right_gripper=0.5826466083526611
update step=135 qpos=[0.012829898856580257, 0.8643781542778015, 0.7878773212432861, -0.5103902220726013, 0.05943327397108078, 0.5853949189186096, 0.7136498689651489, 0.03411257639527321, 0.999221920967102, 0.8978255987167358, -0.7035090327262878, -0.10796216875314713, -0.7458284497261047, 0.5826466083526611]
pred step=135 action=[[0.0068090856075286865, 0.8404636979103088, 0.7891567945480347, -0.5376202464103699, 0.03304293751716614, 0.5861032009124756, 0.7356212735176086, 0.0209224671125412, 0.9496755003929138, 0.8800273537635803, -0.743582010269165, -0.08764410018920898, -0.7295029163360596, 0.6077407598495483]] left_gripper=0.7356212735176086 right_gripper=0.6077407598495483
update step=136 qpos=[0.007569377776235342, 0.8430278897285461, 0.7890280485153198, -0.534196138381958, 0.03640148788690567, 0.5860130786895752, 0.7356212735176086, 0.022373689338564873, 0.9551567435264587, 0.881973147392273, -0.7387073636054993, -0.09019263088703156, -0.7315875291824341, 0.6077407598495483]
pred step=136 action=[[0.016206860542297363, 0.7927020192146301, 0.7392290830612183, -0.5576295852661133, 0.004915446043014526, 0.5786089301109314, 0.7454419136047363, 0.010750964283943176, 0.9465451836585999, 0.8930059671401978, -0.7934633493423462, -0.05450114607810974, -0.7719885110855103, 0.6355067491531372]] left_gripper=0.7454419136047363 right_gripper=0.6355067491531372
update step=137 qpos=[0.015295579098165035, 0.7985102534294128, 0.744679868221283, -0.5549759268760681, 0.008882928639650345, 0.5795544385910034, 0.7454419136047363, 0.012005947530269623, 0.9474900960922241, 0.8914221525192261, -0.7866120338439941, -0.058999694883823395, -0.7668325304985046, 0.6355067491531372]
pred step=137 action=[[0.02000635862350464, 0.8096338510513306, 0.754458487033844, -0.5746156573295593, -0.0010239183902740479, 0.5992790460586548, 0.7394385933876038, 0.006800338625907898, 0.9627354741096497, 0.9002164602279663, -0.8059576749801636, -0.035588979721069336, -0.8081189393997192, 0.6258271932601929]] left_gripper=0.7394385933876038 right_gripper=0.6258271932601929
update step=138 qpos=[0.01948269084095955, 0.8082465529441833, 0.7533674836158752, -0.5720788836479187, 0.00021802395349368453, 0.596761167049408, 0.7394385933876038, 0.007350146304816008, 0.9610537886619568, 0.8990322947502136, -0.8035030961036682, -0.03854120150208473, -0.8028528690338135, 0.625827193260193]
pred step=138 action=[[0.005921512842178345, 0.7821977734565735, 0.7397897243499756, -0.5475171804428101, 0.013011187314987183, 0.568112850189209, 0.7528599500656128, 0.011562705039978027, 0.9623904824256897, 0.9023106098175049, -0.8016913533210754, -0.05691409111022949, -0.7723774313926697, 0.6422931551933289]] left_gripper=0.7528599500656128 right_gripper=0.6422931551933289
update step=139 qpos=[0.00746668828651309, 0.7851043343544006, 0.7415697574615479, -0.5506482124328613, 0.011421974748373032, 0.571770966053009, 0.7528599500656128, 0.011114952154457569, 0.9621724486351013, 0.9020240306854248, -0.8018873333930969, -0.054594650864601135, -0.7762678265571594, 0.6422931551933289]
pred step=139 action=[[0.018301136791706085, 0.7498010993003845, 0.7115405201911926, -0.5532755851745605, -0.010069876909255981, 0.564123809337616, 0.7756902575492859, -0.0017294436693191528, 0.9309226274490356, 0.8885713219642639, -0.8263363838195801, -0.016821682453155518, -0.7872669696807861, 0.6358277201652527]] left_gripper=0.7756902575492859 right_gripper=0.6358277201652527
update step=140 qpos=[0.017100894823670387, 0.7538851499557495, 0.7148727774620056, -0.5531178116798401, -0.0073734186589717865, 0.5650967955589294, 0.7756902575492859, -0.00034375928225927055, 0.9343732595443726, 0.8900549411773682, -0.8233810067176819, -0.021579766646027565, -0.7858612537384033, 0.6358277201652528]
pred step=140 action=[[0.005018733441829681, 0.7387416362762451, 0.706343948841095, -0.5436056852340698, -0.01247549057006836, 0.5426006317138672, 0.7816538214683533, 0.0033840686082839966, 0.9433206915855408, 0.8973500728607178, -0.8286428451538086, -0.028054624795913696, -0.8022578358650208, 0.6616136431694031]] left_gripper=0.7816538214683533 right_gripper=0.6616136431694031
update step=141 qpos=[0.006443479098379612, 0.740415096282959, 0.7074408531188965, -0.5448261499404907, -0.011804914101958275, 0.5454716086387634, 0.7816538214683533, 0.002971541602164507, 0.9423496723175049, 0.8964306116104126, -0.8279568552970886, -0.027241477742791176, -0.8001676797866821, 0.6616136431694031]
pred step=141 action=[[0.007095262408256531, 0.706337571144104, 0.674705445766449, -0.5383696556091309, -0.017689138650894165, 0.5322929620742798, 0.804591715335846, -0.00465722382068634, 0.9000747799873352, 0.8633178472518921, -0.8164569139480591, -0.012928575277328491, -0.8021012544631958, 0.6831961870193481]] left_gripper=0.804591715335846 right_gripper=0.6831961870193481
update step=142 qpos=[0.007037666626274586, 0.7102672457695007, 0.6784284114837646, -0.5393481850624084, -0.01694549433887005, 0.5339736938476562, 0.804591715335846, -0.003812696086242795, 0.9048222899436951, 0.8672387599945068, -0.8180815577507019, -0.01472550816833973, -0.8018558621406555, 0.6831961870193481]
pred step=142 action=[[0.017428018152713776, 0.6849167346954346, 0.6543227434158325, -0.5402222871780396, -0.034775733947753906, 0.5353734493255615, 0.813521683216095, -0.01062077283859253, 0.8974648118019104, 0.8797544240951538, -0.8396578431129456, -0.0031865835189819336, -0.8284530639648438, 0.6744700074195862]] left_gripper=0.813521683216095 right_gripper=0.6744700074195862
update step=143 qpos=[0.016263695433735847, 0.687786877155304, 0.6571068167686462, -0.5402184128761292, -0.03254391998052597, 0.5351925492286682, 0.813521683216095, -0.009854682721197605, 0.8982044458389282, 0.8782810568809509, -0.8369184136390686, -0.004634916316717863, -0.8250593543052673, 0.6744700074195862]
pred step=143 action=[[-3.609806299209595e-05, 0.6482914686203003, 0.6226794123649597, -0.4893023371696472, -0.018696516752243042, 0.48483479022979736, 0.8135097026824951, -0.005244895815849304, 0.8888084292411804, 0.8435351252555847, -0.7982434630393982, -0.019663304090499878, -0.793001651763916, 0.687438428401947]] left_gripper=0.8135097026824951 right_gripper=0.687438428401947
update step=144 qpos=[0.001847907085902989, 0.6527789831161499, 0.6269546747207642, -0.4958175718784332, -0.02041887305676937, 0.4912605285644531, 0.8135097026824951, -0.005754583049565554, 0.8901439309120178, 0.8474876880645752, -0.8032584190368652, -0.017764847725629807, -0.7970939874649048, 0.687438428401947]
pred step=144 action=[[0.00463075190782547, 0.6367316246032715, 0.6178231239318848, -0.5031328797340393, -0.02135610580444336, 0.49581456184387207, 0.8250875473022461, -0.009200066328048706, 0.8475629687309265, 0.8144209384918213, -0.7773677706718445, -0.011649847030639648, -0.7825735807418823, 0.6887723207473755]] left_gripper=0.8250875473022461 right_gripper=0.6887723207473755
update step=145 qpos=[0.004304707515984774, 0.6385742425918579, 0.6188071966171265, -0.5022670030593872, -0.021241039037704468, 0.495231568813324, 0.8250875473022461, -0.008820144459605217, 0.8522825241088867, 0.8185147047042847, -0.7807536721229553, -0.012416393496096134, -0.7844245433807373, 0.6887723207473755]
pred step=145 action=[[-0.014278516173362732, 0.590630054473877, 0.5453553795814514, -0.4051040709018707, 0.009155899286270142, 0.4193858206272125, 0.8188729286193848, -0.0004886537790298462, 0.8226450681686401, 0.7672197818756104, -0.7092600464820862, -0.0364396870136261, -0.7124437093734741, 0.693541407585144]] left_gripper=0.8188729286193848 right_gripper=0.693541407585144
update step=146 qpos=[-0.012156457640230656, 0.596278190612793, 0.5540881156921387, -0.4176146686077118, 0.005342093296349049, 0.4290638566017151, 0.8188729286193848, -0.001421732478775084, 0.8262434601783752, 0.7732933759689331, -0.7184513211250305, -0.03340652957558632, -0.721626877784729, 0.693541407585144]
pred step=146 action=[[-0.003873102366924286, 0.5309077501296997, 0.49864497780799866, -0.38923415541648865, -0.018541812896728516, 0.39065489172935486, 0.8574193120002747, -0.011326029896736145, 0.7901974320411682, 0.7435192465782166, -0.7135761976242065, -0.01082119345664978, -0.739418625831604, 0.736405074596405]] left_gripper=0.8574193120002747 right_gripper=0.736405074596405
update step=147 qpos=[-0.004776566755026579, 0.5383375883102417, 0.5052699446678162, -0.39298105239868164, -0.015542659908533096, 0.3955475091934204, 0.8574193120002745, -0.010225196368992329, 0.7942320108413696, 0.747040867805481, -0.7143243551254272, -0.013661558739840984, -0.7371450066566467, 0.7364050745964049]
pred step=147 action=[[-0.014642111957073212, 0.4912831783294678, 0.42746299505233765, -0.30764198303222656, 0.007042288780212402, 0.3393612802028656, 0.8575519323348999, -0.0005849897861480713, 0.745714008808136, 0.6750391125679016, -0.6331234574317932, -0.032114267349243164, -0.6697413921356201, 0.7255140542984009]] left_gripper=0.8575519323348999 right_gripper=0.7255140542984009
update step=148 qpos=[-0.013520725071430206, 0.4968169331550598, 0.43663015961647034, -0.3186732828617096, 0.004197616595774889, 0.3465280532836914, 0.8575519323348999, -0.0016875051660463214, 0.7514316439628601, 0.6835609674453735, -0.6436248421669006, -0.029789304360747337, -0.6783434748649597, 0.725514054298401]
pred step=148 action=[[-0.002954244613647461, 0.4227304756641388, 0.36300039291381836, -0.270667165517807, -0.005845308303833008, 0.30785423517227173, 0.8792908787727356, -0.0035246610641479492, 0.7028811573982239, 0.6272465586662292, -0.5899533033370972, -0.03075656294822693, -0.6438854932785034, 0.7443681359291077]] left_gripper=0.8792908787727356 right_gripper=0.7443681359291077
update step=149 qpos=[-0.004158930387347937, 0.43124398589134216, 0.37178725004196167, -0.27691715955734253, -0.004603460431098938, 0.31278160214424133, 0.8792908787727356, -0.0033186161890625954, 0.7084355354309082, 0.6340149641036987, -0.5969042181968689, -0.03062640316784382, -0.6482781171798706, 0.7443681359291077]
pred step=149 action=[[-0.0008347183465957642, 0.3656558394432068, 0.30343085527420044, -0.2419317662715912, -0.012087017297744751, 0.2750400900840759, 0.8857399225234985, -0.005547136068344116, 0.6592520475387573, 0.5755689144134521, -0.5529902577400208, -0.017131537199020386, -0.6335582733154297, 0.7576147317886353]] left_gripper=0.8857399225234985 right_gripper=0.7576147317886353
update step=150 qpos=[-0.0011947705643251538, 0.37326791882514954, 0.3114619553089142, -0.2465427666902542, -0.011154409497976303, 0.27985066175460815, 0.8857399225234985, -0.005326206795871258, 0.6649346947669983, 0.5824519395828247, -0.558744490146637, -0.018831832334399223, -0.6354347467422485, 0.7576147317886353]
pred step=150 action=[[-0.04575631022453308, 1.1406364440917969, 0.7902475595474243, -0.7294659614562988, 0.10648512840270996, 0.7502568960189819, 0.9356323480606079, -0.0034190118312835693, 0.02092355489730835, 0.02333146333694458, -0.012817404232919216, -0.008741229772567749, 0.007146745920181274, 1.0265049934387207]] left_gripper=0.9356323480606079 right_gripper=1.0265049934387207
update step=151 qpos=[-0.040800366550683975, 0.5689150094985962, 0.5022501349449158, -0.445015013217926, 0.09169162064790726, 0.4774682819843292, 0.9356323480606079, -0.0036643450148403645, 0.4678049683570862, 0.3852831721305847, -0.3592623472213745, -0.010018241591751575, -0.43572673201560974, 1.0]
pred step=151 action=[[-0.050485555082559586, 1.1583263874053955, 0.7987926006317139, -0.7327498197555542, 0.11366510391235352, 0.7504405975341797, 0.91922926902771, -0.005830168724060059, 0.007564067840576172, 0.010059118270874023, -0.0023168246261775494, -0.00850638747215271, 0.018614143133163452, 1.027153491973877]] left_gripper=0.91922926902771 right_gripper=1.027153491973877
update step=152 qpos=[-0.04941331595182419, 0.7685767412185669, 0.6946495175361633, -0.6343894004821777, 0.11091163009405136, 0.6658516526222229, 0.9192292690277098, -0.005584067665040493, 0.2689855098724365, 0.18873727321624756, -0.16527242958545685, -0.008686761371791363, -0.23776733875274658, 1.0]
pred step=152 action=[[-0.05453430488705635, 1.1621067523956299, 0.7995270490646362, -0.7398181557655334, 0.11609908938407898, 0.7410299777984619, 0.9022513628005981, -0.004722714424133301, -0.008573472499847412, -0.0029147863388061523, 0.0091028967872262, -0.008858591318130493, 0.02615252137184143, 1.0215767621994019]] left_gripper=0.9022513628005981 right_gripper=1.0215767621994019
update step=153 qpos=[-0.053993433713912964, 0.9619379639625549, 0.7874035239219666, -0.7262266874313354, 0.11548376083374023, 0.7314605116844177, 0.9022513628005981, -0.004833524581044912, 0.08097083866596222, 0.023086443543434143, -0.013435098342597485, -0.008828445337712765, -0.05048132687807083, 1.0]
pred step=153 action=[[-0.055160511285066605, 1.1664259433746338, 0.7902710437774658, -0.738092839717865, 0.11700171232223511, 0.7254741191864014, 0.8812819719314575, -0.002107173204421997, -0.009783446788787842, -0.012028396129608154, 0.023201588541269302, -0.012552231550216675, 0.028183817863464355, 1.0178685188293457]] left_gripper=0.8812819719314575 right_gripper=1.0178685188293457
update step=154 qpos=[-0.05501323565840721, 1.1338236331939697, 0.7904646396636963, -0.7363466620445251, 0.11680002510547638, 0.7262383103370667, 0.8812819719314575, -0.002434245077893138, 0.0006568219396285713, -0.007188850082457066, 0.018742728978395462, -0.012076347135007381, 0.018169967457652092, 1.0]
pred step=154 action=[[-0.05962281674146652, 1.1643292903900146, 0.7906324863433838, -0.7396063208580017, 0.12355686724185944, 0.7170524597167969, 0.8559429049491882, -0.0007793903350830078, -0.01326686143875122, -0.016640961170196533, 0.035046301782131195, -0.013795614242553711, 0.03284168243408203, 1.0183284282684326]] left_gripper=0.8559429049491882 right_gripper=1.0183284282684326
update step=155 qpos=[-0.059105053544044495, 1.1601409912109375, 0.791525661945343, -0.7389521598815918, 0.12271365523338318, 0.7182226181030273, 0.8559429049491882, -0.0009720475063659251, -0.011629677377641201, -0.015533918514847755, 0.03296445682644844, -0.013579953461885452, 0.030974585562944412, 1.0]
pred step=155 action=[[-0.057571105659008026, 1.1660429239273071, 0.7839528322219849, -0.7398129105567932, 0.1263928860425949, 0.7177298069000244, 0.8448390960693359, -0.000795707106590271, -0.01870429515838623, -0.020985960960388184, 0.038041289895772934, -0.014280349016189575, 0.033775269985198975, 1.0146043300628662]] left_gripper=0.8448390960693359 right_gripper=1.0146043300628662
update step=156 qpos=[-0.05775264650583267, 1.1653236150741577, 0.7848849892616272, -0.7397087812423706, 0.12592290341854095, 0.7177920341491699, 0.8448390960693359, -0.0008151975343935192, -0.017865164205431938, -0.02034950628876686, 0.03738845884799957, -0.01419195719063282, 0.03341882675886154, 1.0]
pred step=156 action=[[-0.05952824652194977, 1.1562141180038452, 0.7691558599472046, -0.7354646921157837, 0.12979623675346375, 0.7050868272781372, 0.8161711096763611, 0.00039893388748168945, -0.025645852088928223, -0.028866171836853027, 0.049556054174900055, -0.017416000366210938, 0.036157697439193726, 1.0121662616729736]] left_gripper=0.8161711096763611 right_gripper=1.0121662616729736
update step=157 qpos=[-0.05933297425508499, 1.1572356224060059, 0.7710083723068237, -0.7360610961914062, 0.12930990755558014, 0.7067087292671204, 0.8161711096763611, 0.00026255787815898657, -0.02472914569079876, -0.027845345437526703, 0.048001084476709366, -0.017010722309350967, 0.035808265209198, 1.0]
pred step=157 action=[[-0.05972365289926529, 1.15788733959198, 0.7667158842086792, -0.7435258626937866, 0.12819145619869232, 0.700634241104126, 0.7816863656044006, 0.000770270824432373, -0.0324939489364624, -0.03499162197113037, 0.04660111293196678, -0.012602418661117554, 0.038088440895080566, 1.010195255279541]] left_gripper=0.7816863656044006 right_gripper=1.010195255279541
update step=158 qpos=[-0.05967504903674126, 1.1577951908111572, 0.7671852707862854, -0.7426044940948486, 0.12833450734615326, 0.7014087438583374, 0.7816863656044006, 0.0007014775765128434, -0.03155681490898132, -0.034194476902484894, 0.04675727337598801, -0.013160590082406998, 0.03779809921979904, 1.0]
pred step=158 action=[[-0.06128106266260147, 1.1644989252090454, 0.7660871148109436, -0.7471097111701965, 0.1338832676410675, 0.7088008522987366, 0.7636287212371826, 0.0009197741746902466, -0.03377079963684082, -0.03695720434188843, 0.056207478046417236, -0.017172127962112427, 0.04120844602584839, 1.0059740543365479]] left_gripper=0.7636287212371826 right_gripper=1.0059740543365479
update step=159 qpos=[-0.06111389398574829, 1.163733720779419, 0.7661897540092468, -0.7465423345565796, 0.1331842839717865, 0.7078585624694824, 0.7636287212371826, 0.0009019446442835033, -0.03350306302309036, -0.036480218172073364, 0.054981742054224014, -0.01666484959423542, 0.04077347368001938, 1.0]
pred step=159 action=[[-0.06486702710390091, 1.1732850074768066, 0.7710298299789429, -0.7593395709991455, 0.13192760944366455, 0.7037039399147034, 0.7499520778656006, 0.0028318464756011963, -0.03721630573272705, -0.03533583879470825, 0.05646873265504837, -0.01642093062400818, 0.03957164287567139, 1.0043530464172363]] left_gripper=0.7499520778656006 right_gripper=1.0043530464172363
update step=160 qpos=[-0.06443660706281662, 1.172169804573059, 0.7704328298568726, -0.7577052116394043, 0.13209599256515503, 0.7042347192764282, 0.7499520778656005, 0.0026048999279737473, -0.036783959716558456, -0.03544950485229492, 0.056291818618774414, -0.01645612344145775, 0.039724837988615036, 1.0]
pred step=160 action=[[-0.06240066885948181, 1.1632704734802246, 0.7606332302093506, -0.7510220408439636, 0.12856462597846985, 0.6917787790298462, 0.7273850440979004, 0.003347530961036682, -0.038471341133117676, -0.04218244552612305, 0.05486240237951279, -0.014246046543121338, 0.04022499918937683, 1.0049389600753784]] left_gripper=0.7273850440979004 right_gripper=1.0049389600753784
update step=161 qpos=[-0.06261976063251495, 1.1642786264419556, 0.7618089914321899, -0.7519017457962036, 0.12900613248348236, 0.693367063999176, 0.7273850440979004, 0.003255547257140279, -0.038191307336091995, -0.036457210779190063, 0.05504199489951134, -0.014526818878948689, 0.04016125947237015, 1.0]
pred step=161 action=[[-0.06628347933292389, 1.1778823137283325, 0.7672526836395264, -0.7646120190620422, 0.1327514350414276, 0.7014411687850952, 0.7215611934661865, 0.004124641418457031, -0.041533052921295166, -0.04007238149642944, 0.056922055780887604, -0.014274418354034424, 0.039314866065979004, 0.9990365505218506]] left_gripper=0.7215611934661865 right_gripper=0.9990365505218506
update step=162 qpos=[-0.06587819010019302, 1.1763426065444946, 0.7665377259254456, -0.7629907131195068, 0.13228543102741241, 0.7004116177558899, 0.7215611934661865, 0.00402184808626771, -0.04110516235232353, -0.03641697019338608, 0.05670023337006569, -0.014308102428913116, 0.03942270949482918, 0.9990365505218506]
pred step=162 action=[[-0.06129980832338333, 1.173882246017456, 0.7576804161071777, -0.7663018107414246, 0.12409144639968872, 0.6934249997138977, 0.7061170935630798, 0.0036816000938415527, -0.042445361614227295, -0.048458874225616455, 0.05865611135959625, -0.009851634502410889, 0.03976327180862427, 0.9989815950393677]] left_gripper=0.7061170935630798 right_gripper=0.9989815950393677
update step=163 qpos=[-0.06179859861731529, 1.1741665601730347, 0.7586768269538879, -0.7659237384796143, 0.12511800229549408, 0.6943156719207764, 0.7061170935630798, 0.003711493918672204, -0.04220385104417801, -0.036441437900066376, 0.05840964615345001, -0.010414152406156063, 0.03972011059522629, 0.9989815950393677]
pred step=163 action=[[-0.06346552073955536, 1.1853605508804321, 0.7696926593780518, -0.7799729108810425, 0.12630656361579895, 0.7023727893829346, 0.6789968013763428, 0.00373879075050354, -0.03906702995300293, -0.053780555725097656, 0.05829666554927826, -0.011086076498031616, 0.038802504539489746, 1.0003116130828857]] left_gripper=0.6789968013763428 right_gripper=1.0003116130828857
update step=164 qpos=[-0.06328030675649643, 1.1840226650238037, 0.7684186697006226, -0.7781495451927185, 0.12616108357906342, 0.7013446092605591, 0.6789968013763428, 0.003735265927389264, -0.0402388796210289, -0.036516185849905014, 0.05830046534538269, -0.011000966653227806, 0.03891947865486145, 1.0]
pred step=164 action=[[-0.060880377888679504, 1.1600055694580078, 0.752262532711029, -0.7703917026519775, 0.12341447174549103, 0.6815661787986755, 0.662592351436615, 0.0032676011323928833, -0.04727095365524292, -0.05543607473373413, 0.057997576892375946, -0.009970039129257202, 0.042883217334747314, 0.9980148077011108]] left_gripper=0.662592351436615 right_gripper=0.9980148077011108
update step=165 qpos=[-0.06114228069782257, 1.1627264022827148, 0.754184901714325, -0.771450936794281, 0.12375768274068832, 0.6840897798538208, 0.662592351436615, 0.0033181565813720226, -0.04620911553502083, -0.036435939371585846, 0.05806419998407364, -0.010099032893776894, 0.04237787425518036, 0.9980148077011108]
pred step=165 action=[[-0.06087798625230789, 1.1767585277557373, 0.7546387910842896, -0.7741506099700928, 0.12806552648544312, 0.6901744604110718, 0.6741333603858948, 0.005610078573226929, -0.041650354862213135, -0.05126750469207764, 0.06391678750514984, -0.01437002420425415, 0.04128861427307129, 0.9968469142913818]] left_gripper=0.6741333603858948 right_gripper=0.9968469142913818
update step=166 qpos=[-0.06091872975230217, 1.1752253770828247, 0.7544892430305481, -0.7738072276115417, 0.12751691043376923, 0.6893970370292664, 0.6741333603858948, 0.0053481548093259335, -0.042892295867204666, -0.03647106513381004, 0.06317713856697083, -0.013834875077009201, 0.041427191346883774, 0.9968469142913818]
pred step=166 action=[[-0.06341549754142761, 1.1683813333511353, 0.7563372850418091, -0.770142674446106, 0.1260737180709839, 0.6811626553535461, 0.6642321944236755, 0.005527615547180176, -0.04439115524291992, -0.05371624231338501, 0.06194213032722473, -0.011992871761322021, 0.041353046894073486, 0.9969727993011475]] left_gripper=0.6642321944236755 right_gripper=0.9969727993011475
update step=167 qpos=[-0.06312490254640579, 1.169079303741455, 0.7562575340270996, -0.7705790996551514, 0.12626339495182037, 0.6822139024734497, 0.6642321944236755, 0.005501780658960342, -0.044019248336553574, -0.03645101934671402, 0.06210366636514664, -0.012226425111293793, 0.04136253148317337, 0.9969727993011475]
pred step=167 action=[[-0.061302103102207184, 1.1717411279678345, 0.7562265396118164, -0.7772836089134216, 0.12492722272872925, 0.6794692277908325, 0.6373545527458191, 0.00585310161113739, -0.047207653522491455, -0.05534476041793823, 0.06227633357048035, -0.011976897716522217, 0.04422628879547119, 0.9958813190460205]] left_gripper=0.6373545527458191 right_gripper=0.9958813190460205
update step=168 qpos=[-0.061506666243076324, 1.171481728553772, 0.7561310529708862, -0.7764559984207153, 0.12509186565876007, 0.6798183917999268, 0.6373545527458191, 0.0058092521503567696, -0.04663028195500374, -0.03641794994473457, 0.06225967034697533, -0.012008663266897202, 0.04386114701628685, 0.9958813190460205]
pred step=168 action=[[-0.061784155666828156, 1.1673510074615479, 0.7498869895935059, -0.7699015140533447, 0.12684687972068787, 0.6719002723693848, 0.6271893978118896, 0.006779924035072327, -0.04629296064376831, -0.05541294813156128, 0.06680404394865036, -0.013607531785964966, 0.042446643114089966, 0.9959453344345093]] left_gripper=0.6271893978118896 right_gripper=0.9959453344345093
update step=169 qpos=[-0.061753880232572556, 1.1678264141082764, 0.7506409287452698, -0.7707480788230896, 0.126624196767807, 0.6729102730751038, 0.6271893978118896, 0.006667583715170622, -0.04650544002652168, -0.03644155338406563, 0.0662340596318245, -0.013407587073743343, 0.042626917362213135, 0.9959453344345093]
pred step=169 action=[[-0.061404913663864136, 1.143907904624939, 0.7372168302536011, -0.7593356966972351, 0.12286794185638428, 0.6495940685272217, 0.6305309534072876, 0.0064336806535720825, -0.05210202932357788, -0.05839437246322632, 0.06441225111484528, -0.010616213083267212, 0.04245671629905701, 0.9961309432983398]] left_gripper=0.6305309534072876 right_gripper=0.9961309432983398
update step=170 qpos=[-0.06142980232834816, 1.1466026306152344, 0.7388692498207092, -0.7608324885368347, 0.12334312498569489, 0.6525683403015137, 0.6305309534072876, 0.006453598849475384, -0.05116237699985504, -0.03638952225446701, 0.06467095762491226, -0.01096870843321085, 0.04247850179672241, 0.9961309432983398]
pred step=170 action=[[-0.06103893369436264, 1.1268675327301025, 0.7264665365219116, -0.7521873712539673, 0.1212930977344513, 0.6447068452835083, 0.6395045518875122, 0.0061825960874557495, -0.054486989974975586, -0.059673845767974854, 0.06574933230876923, -0.013022154569625854, 0.04326716065406799, 0.9949895143508911]] left_gripper=0.6395045518875122 right_gripper=0.9949895143508911
update step=171 qpos=[-0.06107759475708008, 1.1291321516036987, 0.7279191613197327, -0.7533435225486755, 0.12155217677354813, 0.6457092761993408, 0.6395045518875123, 0.0062163821421563625, -0.05378870293498039, -0.03634463623166084, 0.0656077116727829, -0.012761849910020828, 0.04316647723317146, 0.9949895143508911]
pred step=171 action=[[-0.06190630793571472, 1.1197054386138916, 0.7312331199645996, -0.7544796466827393, 0.11995053291320801, 0.6363938450813293, 0.6235291361808777, 0.006729692220687866, -0.05634981393814087, -0.0598483681678772, 0.06518261879682541, -0.012327134609222412, 0.04321974515914917, 0.9946327209472656]] left_gripper=0.6235291361808777 right_gripper=0.9946327209472656
update step=172 qpos=[-0.06180545687675476, 1.12073814868927, 0.7308988571166992, -0.754327654838562, 0.12015661597251892, 0.6375818848609924, 0.6235291361808777, 0.0066664270125329494, -0.05577296391129494, -0.0363202840089798, 0.06521578133106232, -0.012383272871375084, 0.043212972581386566, 0.9946327209472657]
pred step=172 action=[[-0.061179619282484055, 1.129579782485962, 0.729661226272583, -0.7546869516372681, 0.12032398581504822, 0.6439738273620605, 0.6242963671684265, 0.007344558835029602, -0.052393972873687744, -0.05785113573074341, 0.06997818499803543, -0.012994080781936646, 0.04275473952293396, 0.9923233985900879]] left_gripper=0.6242963671684265 right_gripper=0.9923233985900879
update step=173 qpos=[-0.061253469437360764, 1.1286578178405762, 0.7296894788742065, -0.7546576857566833, 0.12029935419559479, 0.6431578993797302, 0.6242963671684265, 0.007263946812599897, -0.05379612371325493, -0.03638994321227074, 0.06937797367572784, -0.012918279506266117, 0.04281304404139519, 0.9923233985900879]
pred step=173 action=[[-0.06258540600538254, 1.1261465549468994, 0.7290165424346924, -0.752058744430542, 0.12413190305233002, 0.6299641132354736, 0.6111136674880981, 0.007861360907554626, -0.0497591495513916, -0.05756521224975586, 0.07049547135829926, -0.015483886003494263, 0.0435795783996582, 0.9951120615005493]] left_gripper=0.6111136674880981 right_gripper=0.9951120615005493
update step=174 qpos=[-0.06243770942091942, 1.1263941526412964, 0.7291647791862488, -0.7523768544197083, 0.12364941835403442, 0.6316478848457336, 0.6111136674880981, 0.007794291712343693, -0.051212552934885025, -0.036418549716472626, 0.07034395635128021, -0.015160739421844482, 0.04348162189126015, 0.9951120615005493]
pred step=174 action=[[-0.05928976833820343, 1.1293675899505615, 0.7303739786148071, -0.7532121539115906, 0.11968520283699036, 0.6358864903450012, 0.6115403175354004, 0.00741693377494812, -0.0541226863861084, -0.06000256538391113, 0.06972968578338623, -0.011984497308731079, 0.04519093036651611, 0.9953284859657288]] left_gripper=0.6115403175354004 right_gripper=0.9953284859657288
update step=175 qpos=[-0.05964125692844391, 1.129042387008667, 0.7302120327949524, -0.7531020045280457, 0.12017982453107834, 0.6353441476821899, 0.6115403175354004, 0.0074526420794427395, -0.053461186587810516, -0.036341700702905655, 0.06978233903646469, -0.012385218404233456, 0.04497327655553818, 0.9953284859657288]
pred step=175 action=[[-0.06047537922859192, 1.1043517589569092, 0.7227131724357605, -0.7513899803161621, 0.11854739487171173, 0.6276993751525879, 0.6145337820053101, 0.006860688328742981, -0.055171966552734375, -0.06034815311431885, 0.06814082711935043, -0.01620429754257202, 0.04618948698043823, 0.9964902400970459]] left_gripper=0.6145337820053101 right_gripper=0.9964902400970459
update step=176 qpos=[-0.0603758804500103, 1.1071009635925293, 0.7236731648445129, -0.7516481876373291, 0.11875922232866287, 0.6286758184432983, 0.6145337820053101, 0.006935677491128445, -0.05472582206130028, -0.036325495690107346, 0.06830808520317078, -0.01572014018893242, 0.04603433236479759, 0.9964902400970459]
pred step=176 action=[[-0.060244008898735046, 1.1032543182373047, 0.7163284420967102, -0.7424920797348022, 0.11776520311832428, 0.6232455968856812, 0.6138853430747986, 0.007708266377449036, -0.05587446689605713, -0.06239992380142212, 0.06838662922382355, -0.014684826135635376, 0.04644539952278137, 0.9935352802276611]] left_gripper=0.6138853430747986 right_gripper=0.9935352802276611
update step=177 qpos=[-0.060255106538534164, 1.1037652492523193, 0.7171291708946228, -0.7436863780021667, 0.11788860708475113, 0.6239380240440369, 0.6138853430747986, 0.007613056804984808, -0.055589497089385986, -0.036281831562519073, 0.06830776482820511, -0.01481753122061491, 0.04639308899641037, 0.9935352802276611]
pred step=177 action=[[-0.062057945877313614, 1.0998175144195557, 0.7170288562774658, -0.7429285645484924, 0.1217077225446701, 0.6165177822113037, 0.6119280457496643, 0.008456774055957794, -0.05469566583633423, -0.06065160036087036, 0.0714978352189064, -0.015775859355926514, 0.04499658942222595, 0.9945406913757324]] left_gripper=0.6119280457496643 right_gripper=0.9945406913757324
update step=178 qpos=[-0.06185837462544441, 1.1002404689788818, 0.7170810699462891, -0.7430208325386047, 0.12122870981693268, 0.6174647212028503, 0.6119280457496643, 0.008357379585504532, -0.055384453386068344, -0.0363275483250618, 0.07104050368070602, -0.015656616538763046, 0.04517454281449318, 0.9945406913757324]
pred step=178 action=[[-0.06002737581729889, 1.0748114585876465, 0.6972938179969788, -0.7249999046325684, 0.1165364533662796, 0.5973432064056396, 0.6163567900657654, 0.008317172527313232, -0.05503511428833008, -0.061165034770965576, 0.06973514705896378, -0.017039000988006592, 0.044701963663101196, 0.994196891784668]] left_gripper=0.6163567900657654 right_gripper=0.994196891784668
update step=179 qpos=[-0.06022093445062637, 1.0777363777160645, 0.6996444463729858, -0.7273593544960022, 0.11712545901536942, 0.5999099612236023, 0.6163567900657654, 0.008322753943502903, -0.05524444952607155, -0.03631289675831795, 0.06982722133398056, -0.016864363104104996, 0.04476212337613106, 0.9941968917846681]
pred step=179 action=[[-0.05982637777924538, 1.0710303783416748, 0.7016791105270386, -0.7322993278503418, 0.12144431471824646, 0.6013122797012329, 0.6248989105224609, 0.008628994226455688, -0.055610060691833496, -0.057314515113830566, 0.07234121859073639, -0.020927727222442627, 0.04714581370353699, 0.9942810535430908]] left_gripper=0.6248989105224609 right_gripper=0.9942810535430908
update step=180 qpos=[-0.05988278239965439, 1.071759819984436, 0.7014579772949219, -0.7316756248474121, 0.12089868634939194, 0.6011327505111694, 0.6248989105224609, 0.008599082008004189, -0.055684175342321396, -0.03634362295269966, 0.0720357820391655, -0.02041463553905487, 0.04684155806899071, 0.9942810535430908]
pred step=180 action=[[-0.0597577765583992, 1.0641841888427734, 0.7005743980407715, -0.7340459823608398, 0.1135389655828476, 0.5910811424255371, 0.6240930557250977, 0.007754653692245483, -0.06294989585876465, -0.05875426530838013, 0.07106507569551468, -0.016308724880218506, 0.04389861226081848, 0.9944930672645569]] left_gripper=0.6240930557250977 right_gripper=0.9944930672645569
update step=181 qpos=[-0.05975272133946419, 1.0650476217269897, 0.7006607055664062, -0.7337641716003418, 0.11447110772132874, 0.5923632383346558, 0.6240930557250978, 0.007843834348022938, -0.06182209774851799, -0.03627483546733856, 0.07121926546096802, -0.016826707869768143, 0.04427419602870941, 0.994493067264557]
pred step=181 action=[[-0.06034635007381439, 1.045656442642212, 0.6859980821609497, -0.714839518070221, 0.1171436756849289, 0.5800905227661133, 0.6236360669136047, 0.00847025215625763, -0.06432759761810303, -0.05910617113113403, 0.07220356166362762, -0.01749497652053833, 0.04562082886695862, 0.9942019581794739]] left_gripper=0.6236360669136047 right_gripper=0.9942019581794739
update step=182 qpos=[-0.060280993580818176, 1.0478945970535278, 0.687762975692749, -0.717285692691803, 0.11680524796247482, 0.5816564559936523, 0.6236360669136047, 0.008395586162805557, -0.06383110582828522, -0.03624070808291435, 0.07207145541906357, -0.01741129346191883, 0.0454489141702652, 0.9942019581794739]
pred step=182 action=[[-0.05971255898475647, 1.0340988636016846, 0.6860212087631226, -0.7167375087738037, 0.11609318852424622, 0.5733349919319153, 0.613355815410614, 0.008420117199420929, -0.06165051460266113, -0.061819374561309814, 0.07041193544864655, -0.018471837043762207, 0.044482290744781494, 0.9937034845352173]] left_gripper=0.613355815410614 right_gripper=0.9937034845352173
update step=183 qpos=[-0.05977476388216019, 1.0356405973434448, 0.6862667202949524, -0.7168197631835938, 0.11618377268314362, 0.5743960738182068, 0.613355815410614, 0.008417177014052868, -0.06295207887887955, -0.036229707300662994, 0.07053308188915253, -0.01833808794617653, 0.044605594128370285, 0.9937034845352173]
pred step=183 action=[[-0.06005357578396797, 0.9849283695220947, 0.6543089151382446, -0.6820927858352661, 0.1124882847070694, 0.5339914560317993, 0.629551887512207, 0.008176930248737335, -0.07083004713058472, -0.06492495536804199, 0.0690130889415741, -0.015968739986419678, 0.043561697006225586, 0.995559573173523]] left_gripper=0.629551887512207 right_gripper=0.995559573173523
update step=184 qpos=[-0.06000221148133278, 0.9907283782958984, 0.6581812500953674, -0.6866050362586975, 0.11295552551746368, 0.5391466617584229, 0.629551887512207, 0.008198391646146774, -0.06952627748250961, -0.03609561175107956, 0.06913189589977264, -0.016267985105514526, 0.04369496554136276, 0.995559573173523]
pred step=184 action=[[-0.058455802500247955, 0.972277045249939, 0.6447829604148865, -0.6817511320114136, 0.10989370942115784, 0.5250877737998962, 0.6511957049369812, 0.008537627756595612, -0.07369649410247803, -0.058209896087646484, 0.07327920198440552, -0.018840134143829346, 0.04324847459793091, 0.9920957684516907]] left_gripper=0.6511957049369812 right_gripper=0.9920957684516907
update step=185 qpos=[-0.05862393602728844, 0.9744213819503784, 0.6462888121604919, -0.6824387311935425, 0.11027736216783524, 0.5268794298171997, 0.6511957049369812, 0.00850092712789774, -0.07294997572898865, -0.03612209111452103, 0.0727861225605011, -0.018515700474381447, 0.04330507665872574, 0.9920957684516908]
pred step=185 action=[[-0.05737539008259773, 0.9291520714759827, 0.6270838975906372, -0.6639170050621033, 0.10718721151351929, 0.5027526021003723, 0.6428859233856201, 0.006982922554016113, -0.08192241191864014, -0.06212657690048218, 0.06610491126775742, -0.014729678630828857, 0.041804224252700806, 0.9955190420150757]] left_gripper=0.6428859233856201 right_gripper=0.9955190420150757
update step=186 qpos=[-0.05750662833452225, 0.9342613220214844, 0.6295093297958374, -0.6663236618041992, 0.1075771227478981, 0.5058301091194153, 0.6428859233856201, 0.007151908706873655, -0.08052745461463928, -0.03597691282629967, 0.06687460094690323, -0.015205616131424904, 0.04199596121907234, 0.9955190420150757]
pred step=186 action=[[-0.05539953336119652, 0.9285688996315002, 0.6165321469306946, -0.6569349765777588, 0.10747770965099335, 0.49564099311828613, 0.6518943905830383, 0.008610956370830536, -0.08313751220703125, -0.06019318103790283, 0.06637432426214218, -0.01387074589729309, 0.043460190296173096, 0.9961510896682739]] left_gripper=0.6518943905830383 right_gripper=0.9961510896682739
update step=187 qpos=[-0.05563984811306, 0.9293195009231567, 0.6179227828979492, -0.6581931114196777, 0.10748273879289627, 0.496939480304718, 0.6518943905830383, 0.00843406468629837, -0.08247844129800797, -0.035977426916360855, 0.06639530509710312, -0.014041987247765064, 0.04327342286705971, 0.9961510896682739]
pred step=187 action=[[-0.05546867102384567, 0.9242818355560303, 0.6105767488479614, -0.6485154032707214, 0.10741178691387177, 0.4959554970264435, 0.654281735420227, 0.008155174553394318, -0.07860636711120605, -0.06015801429748535, 0.06607130169868469, -0.014718592166900635, 0.044133394956588745, 0.9967907667160034]] left_gripper=0.654281735420227 right_gripper=0.9967907667160034
update step=188 qpos=[-0.055486906319856644, 0.9248515367507935, 0.611491322517395, -0.649750292301178, 0.10741947591304779, 0.4960806369781494, 0.654281735420227, 0.0081869475543499, -0.08011818677186966, -0.036038290709257126, 0.0660465657711029, -0.01463236566632986, 0.04402387514710426, 0.9967907667160034]
pred step=188 action=[[-0.056340187788009644, 0.8496668338775635, 0.5690128803253174, -0.5993088483810425, 0.10961636900901794, 0.44157087802886963, 0.669940710067749, 0.009172648191452026, -0.08113992214202881, -0.060501158237457275, 0.0642690360546112, -0.016947537660598755, 0.03933170437812805, 0.9953503608703613]] left_gripper=0.669940710067749 right_gripper=0.9953503608703613
update step=189 qpos=[-0.05623195320367813, 0.8582203984260559, 0.5743073225021362, -0.6058043241500854, 0.10933946073055267, 0.44852593541145325, 0.669940710067749, 0.009059897623956203, -0.08084961771965027, -0.03599120303988457, 0.06443911790847778, -0.016657596454024315, 0.03992975875735283, 0.9953503608703613]
pred step=189 action=[[-0.055832818150520325, 0.8467341661453247, 0.5660167932510376, -0.5994534492492676, 0.10847517848014832, 0.437732458114624, 0.6693608164787292, 0.008822470903396606, -0.08334636688232422, -0.06130039691925049, 0.06424861401319504, -0.013275623321533203, 0.038451582193374634, 0.9933704137802124]] left_gripper=0.6693608164787292 right_gripper=0.9933704137802124
update step=190 qpos=[-0.0558745451271534, 0.8481006622314453, 0.5669072866439819, -0.6003071665763855, 0.10858293622732162, 0.439106822013855, 0.6693608164787292, 0.008841988630592823, -0.08271102607250214, -0.03595661371946335, 0.06420604139566422, -0.01370304636657238, 0.03864006698131561, 0.9933704137802124]
pred step=190 action=[[-0.05435723811388016, 0.8189936876296997, 0.5437099933624268, -0.571200430393219, 0.11427757143974304, 0.4186896085739136, 0.6647461652755737, 0.009392663836479187, -0.08774816989898682, -0.06304430961608887, 0.06465702503919601, -0.012589335441589355, 0.03704023361206055, 0.9957287311553955]] left_gripper=0.6647461652755737 right_gripper=0.9957287311553955
update step=191 qpos=[-0.0545409619808197, 0.8223538398742676, 0.5465149879455566, -0.5749499201774597, 0.1135517880320549, 0.42129412293434143, 0.6647461652755737, 0.00932377204298973, -0.08680181950330734, -0.0358826220035553, 0.06452534347772598, -0.01273121777921915, 0.03724421560764313, 0.9957287311553955]
pred step=191 action=[[-0.05294748395681381, 0.7604734897613525, 0.5043879747390747, -0.535681962966919, 0.10876418650150299, 0.3915824294090271, 0.6933013200759888, 0.009393975138664246, -0.08264148235321045, -0.057809293270111084, 0.06576629728078842, -0.017567217350006104, 0.03664398193359375, 0.9906262755393982]] left_gripper=0.6933013200759888 right_gripper=0.9906262755393982
update step=192 qpos=[-0.05311547964811325, 0.7675832509994507, 0.50946044921875, -0.5407814383506775, 0.10936670750379562, 0.3953724205493927, 0.6933013200759888, 0.009393630549311638, -0.08415132015943527, -0.03601349517703056, 0.06559931486845016, -0.01695612072944641, 0.03672013431787491, 0.9906262755393981]
pred step=192 action=[[-0.04998432472348213, 0.7279494404792786, 0.4859623312950134, -0.5136514902114868, 0.10568971931934357, 0.3616258203983307, 0.6981303095817566, 0.008922740817070007, -0.08998346328735352, -0.06293487548828125, 0.061334989964962006, -0.011044472455978394, 0.03376379609107971, 0.9947510957717896]] left_gripper=0.6981303095817566 right_gripper=0.9947510957717896
update step=193 qpos=[-0.05033145099878311, 0.7324976921081543, 0.4888305962085724, -0.517145037651062, 0.10614580661058426, 0.36592867970466614, 0.6981303095817566, 0.008964783512055874, -0.08893238753080368, -0.0358549989759922, 0.061789318919181824, -0.011791407130658627, 0.034141164273023605, 0.9947510957717896]
pred step=193 action=[[-0.05100569128990173, 0.6513537764549255, 0.4319645166397095, -0.44751548767089844, 0.10648989677429199, 0.3050510287284851, 0.7199814319610596, 0.008902512490749359, -0.09774839878082275, -0.06368100643157959, 0.060044437646865845, -0.009305715560913086, 0.032497555017471313, 0.9942212700843811]] left_gripper=0.7199814319610596 right_gripper=0.9942212700843811
update step=194 qpos=[-0.05091142654418945, 0.6607187986373901, 0.43886759877204895, -0.4564710259437561, 0.10644365847110748, 0.31281644105911255, 0.7199814319610596, 0.008902829140424728, -0.0963635966181755, -0.03574597090482712, 0.060195546597242355, -0.009619594551622868, 0.032707180827856064, 0.994221270084381]
pred step=194 action=[[-0.04885759949684143, 0.6693600416183472, 0.44748827815055847, -0.470298171043396, 0.10945646464824677, 0.3249407112598419, 0.7087762355804443, 0.00975005328655243, -0.09230375289916992, -0.06186938285827637, 0.06485878676176071, -0.014572620391845703, 0.03263571858406067, 0.9902925491333008]] left_gripper=0.7087762355804443 right_gripper=0.9902925491333008
update step=195 qpos=[-0.049108169972896576, 0.6683427691459656, 0.4464278519153595, -0.4685274064540863, 0.10907222330570221, 0.323390930891037, 0.7087762355804443, 0.009658209048211575, -0.09389770776033401, -0.035813119262456894, 0.06416993588209152, -0.013948204927146435, 0.032644420862197876, 0.9902925491333008]
pred step=195 action=[[-0.05212390422821045, 0.6056303977966309, 0.400443971157074, -0.40779098868370056, 0.11554384231567383, 0.2689104676246643, 0.7235513925552368, 0.011025875806808472, -0.09248530864715576, -0.061313748359680176, 0.06276310980319977, -0.014997094869613647, 0.0314640998840332, 0.9926880598068237]] left_gripper=0.7235513925552368 right_gripper=0.9926880598068237
update step=196 qpos=[-0.05177197605371475, 0.6128906607627869, 0.406039297580719, -0.4155851900577545, 0.11472824215888977, 0.275862455368042, 0.7235513925552368, 0.010865448974072933, -0.09350855648517609, -0.03583339601755142, 0.06286890059709549, -0.01486776489764452, 0.03161444887518883, 0.9926880598068237]
pred step=196 action=[[-0.04419191554188728, 0.5887458920478821, 0.3939143419265747, -0.39797455072402954, 0.10333259403705597, 0.2661702036857605, 0.7429674863815308, 0.0087413489818573, -0.105049729347229, -0.059989333152770996, 0.057862766087055206, -0.008564621210098267, 0.030050456523895264, 0.9913738965988159]] left_gripper=0.7429674863815308 right_gripper=0.9913738965988159
update step=197 qpos=[-0.04505111277103424, 0.591520369052887, 0.39541980624198914, -0.4002187252044678, 0.10475736111402512, 0.2674020528793335, 0.7429674863815308, 0.008976985700428486, -0.1034117192029953, -0.035688791424036026, 0.058460529893636703, -0.009357411414384842, 0.030250350013375282, 0.9913738965988159]
pred step=197 action=[[-0.04489155486226082, 0.5005858540534973, 0.31655341386795044, -0.32756155729293823, 0.10392272472381592, 0.20369739830493927, 0.7571657299995422, 0.011225387454032898, -0.10270977020263672, -0.06069803237915039, 0.05595286190509796, -0.004600852727890015, 0.027511507272720337, 0.9876514673233032]] left_gripper=0.7571657299995422 right_gripper=0.9876514673233032
update step=198 qpos=[-0.044894080609083176, 0.5112014412879944, 0.3258581757545471, -0.3369866907596588, 0.10402330011129379, 0.21182434260845184, 0.7571657299995422, 0.010948820039629936, -0.10341877490282059, -0.03569064289331436, 0.05619406700134277, -0.005206299014389515, 0.02786082588136196, 0.9876514673233032]
pred step=198 action=[[-0.04147320240736008, 0.47655534744262695, 0.3076421022415161, -0.30608707666397095, 0.10860379040241241, 0.18561644852161407, 0.7651205658912659, 0.010379649698734283, -0.10509157180786133, -0.059471845626831055, 0.04805944114923477, -0.009401887655258179, 0.02387183904647827, 0.9912585020065308]] left_gripper=0.7651205658912659 right_gripper=0.9912585020065308
update step=199 qpos=[-0.04187772423028946, 0.4804822504520416, 0.3100658655166626, -0.3099735677242279, 0.10801568627357483, 0.18895624577999115, 0.7651205658912659, 0.0104543911293149, -0.10466697812080383, -0.03567368537187576, 0.04902257025241852, -0.0088706836104393, 0.02438010275363922, 0.9912585020065308]
pred step=199 action=[[-0.03924413025379181, 0.3981429636478424, 0.23968222737312317, -0.24852648377418518, 0.09458698332309723, 0.13845506310462952, 0.7949647307395935, 0.009079113602638245, -0.10353171825408936, -0.05982315540313721, 0.043286457657814026, -0.00711861252784729, 0.02002692222595215, 0.9872621893882751]] left_gripper=0.7949647307395935 right_gripper=0.9872621893882751
update step=200 qpos=[-0.039514150470495224, 0.40781205892562866, 0.24792277812957764, -0.25650346279144287, 0.0962766706943512, 0.14489541947841644, 0.7949647307395934, 0.00923615600913763, -0.10443577170372009, -0.035696182399988174, 0.0439290776848793, -0.007338095922023058, 0.02058200165629387, 0.9872621893882753]
pred step=200 action=[[-0.08401849120855331, 0.8692096471786499, 0.6199685335159302, -0.5475246906280518, -0.05917522311210632, 0.6270338296890259, 0.9880033135414124, -0.010981857776641846, -0.07710134983062744, -0.03683382272720337, -0.010386141017079353, 0.02490764856338501, 0.006280958652496338, 1.0445225238800049]] left_gripper=0.9880033135414124 right_gripper=1.0445225238800049
update step=201 qpos=[-0.07842960208654404, 0.59967041015625, 0.4348524212837219, -0.4474310874938965, -0.03943391889333725, 0.3427622616291046, 0.9880033135414124, -0.008665014989674091, -0.08008522540330887, -0.03592804819345474, -0.003808744950219989, 0.020869646221399307, 0.008107911795377731, 1.0]
pred step=201 action=[[-0.0922025591135025, 0.969514012336731, 0.6834367513656616, -0.5903782844543457, -0.0525738000869751, 0.6922516226768494, 0.9889830946922302, -0.013274073600769043, -0.07982027530670166, -0.039277076721191406, -0.01292884536087513, 0.030624061822891235, 0.007809162139892578, 1.0412312746047974]] left_gripper=0.9889830946922302 right_gripper=1.0412312746047974
update step=202 qpos=[-0.09054570645093918, 0.7944121956825256, 0.6189731359481812, -0.5727363228797913, -0.05087908357381821, 0.5368038415908813, 0.9889830946922302, -0.012756619602441788, -0.07990411669015884, -0.03595956414937973, -0.011810420081019402, 0.029403066262602806, 0.007847601547837257, 1.0]
pred step=202 action=[[-0.1021079421043396, 1.0811231136322021, 0.7588716745376587, -0.6573373079299927, -0.04639473557472229, 0.7643464803695679, 0.9875355362892151, -0.012654274702072144, -0.07839131355285645, -0.03628498315811157, -0.014692425727844238, 0.03515881299972534, 0.009086966514587402, 1.0369410514831543]] left_gripper=0.9875355362892151 right_gripper=1.0369410514831543
update step=203 qpos=[-0.10078419744968414, 0.9808328151702881, 0.7430649399757385, -0.6461695432662964, -0.046937961131334305, 0.7184038758277893, 0.9875355362892151, -0.012679146602749825, -0.07857368886470795, -0.03595723956823349, -0.014342155307531357, 0.03443201258778572, 0.008929278701543808, 1.0]
pred step=203 action=[[-0.11344395577907562, 1.1862757205963135, 0.8320176601409912, -0.7067535519599915, -0.043488144874572754, 0.8201658725738525, 0.9914328455924988, -0.012393802404403687, -0.07683658599853516, -0.03779882192611694, -0.018343092873692513, 0.039156198501586914, 0.007639050483703613, 1.0366387367248535]] left_gripper=0.9914328455924988 right_gripper=1.0366387367248535
update step=204 qpos=[-0.11202536523342133, 1.1536493301391602, 0.822394609451294, -0.6986097693443298, -0.043898019939661026, 0.8072060942649841, 0.9914328455924987, -0.012436984106898308, -0.07711251080036163, -0.03598545864224434, -0.017854616045951843, 0.0385587140917778, 0.007803841959685087, 1.0]
pred step=204 action=[[-0.13488014042377472, 1.3033227920532227, 0.9197800159454346, -0.7695134878158569, -0.04485940933227539, 0.8893564939498901, 0.9699225425720215, -0.012815192341804504, -0.07520461082458496, -0.045883119106292725, -0.0179489403963089, 0.03729438781738281, 0.014543801546096802, 1.0337021350860596]] left_gripper=0.9699225425720215 right_gripper=1.0337021350860596
update step=205 qpos=[-0.13229286670684814, 1.2856073379516602, 0.9090391993522644, -0.7598967552185059, -0.04469616338610649, 0.8788843154907227, 0.9699225425720215, -0.012769989669322968, -0.07589851319789886, -0.03604963794350624, -0.017944078892469406, 0.03745602071285248, 0.013684379868209362, 1.0]
pred step=205 action=[[-0.14556728303432465, 1.4325356483459473, 0.9875038266181946, -0.83136385679245, -0.032373249530792236, 0.96257483959198, 0.9588257670402527, -0.00936979055404663, -0.07610130310058594, -0.039500534534454346, -0.01199798472225666, 0.035114675760269165, 0.01692250370979309, 1.0273032188415527]] left_gripper=0.9588257670402527 right_gripper=1.0273032188415527
update step=206 qpos=[-0.14411520957946777, 1.4155431985855103, 0.9785318374633789, -0.8218056559562683, -0.03391135483980179, 0.9519053101539612, 0.9588257670402527, -0.009765354916453362, -0.07607866078615189, -0.036004018038511276, -0.012732012197375298, 0.035404082387685776, 0.016509568318724632, 1.0]
pred step=206 action=[[-0.16164065897464752, 1.5181951522827148, 1.0666075944900513, -0.8863345980644226, -0.03213024139404297, 1.01055908203125, 0.9536304473876953, -0.009040400385856628, -0.08417606353759766, -0.04584670066833496, -0.006809393409639597, 0.0371117889881134, 0.019339799880981445, 1.0318224430084229]] left_gripper=0.9536304473876953 right_gripper=1.0318224430084229
update step=207 qpos=[-0.15969710052013397, 1.505822777748108, 1.0567809343338013, -0.8776459693908691, -0.03232423588633537, 1.0030808448791504, 0.9536304473876952, -0.009130171500146389, -0.08314789831638336, -0.035945117473602295, -0.007514810189604759, 0.036894746124744415, 0.01897924579679966, 1.0]
pred step=207 action=[[-0.1687638908624649, 1.6227755546569824, 1.1260104179382324, -0.9423134922981262, -0.03346443176269531, 1.0689030885696411, 0.9068946838378906, -0.007131725549697876, -0.0943671464920044, -0.04837089776992798, -0.004954202100634575, 0.04077759385108948, 0.02519315481185913, 1.0267250537872314]] left_gripper=0.9068946838378906 right_gripper=1.0267250537872314
update step=208 qpos=[-0.1677538901567459, 1.609289526939392, 1.1179249286651611, -0.933708667755127, -0.03330628201365471, 1.0605093240737915, 0.9068946838378907, -0.007377202622592449, -0.09294626861810684, -0.03582706302404404, -0.005232681520283222, 0.0402839370071888, 0.024401208385825157, 1.0]
pred step=208 action=[[-0.17629081010818481, 1.6632764339447021, 1.1513087749481201, -0.9703807830810547, -0.031284332275390625, 1.10513436794281, 0.8558545112609863, -0.00982607901096344, -0.09896016120910645, -0.05919080972671509, -0.0035970760509371758, 0.0383705198764801, 0.03206914663314819, 1.0233004093170166]] left_gripper=0.8558545112609863 right_gripper=1.0233004093170166
update step=209 qpos=[-0.1753654181957245, 1.6566139459609985, 1.1476798057556152, -0.9655154943466187, -0.0315249040722847, 1.099446177482605, 0.8558545112609864, -0.009538229554891586, -0.09798391163349152, -0.03578579053282738, -0.003801005892455578, 0.038618478924036026, 0.03109203837811947, 1.0]
pred step=209 action=[[-0.18093715608119965, 1.7074254751205444, 1.182905673980713, -0.9990002512931824, -0.026314914226531982, 1.1235485076904297, 0.8396540284156799, -0.005238339304924011, -0.10460913181304932, -0.05126619338989258, -0.0020222351886332035, 0.03854969143867493, 0.03554654121398926, 1.0190128087997437]] left_gripper=0.8396540284156799 right_gripper=1.0190128087997437
update step=210 qpos=[-0.18033216893672943, 1.7014065980911255, 1.1788444519042969, -0.9945615530014038, -0.026966137811541557, 1.1204756498336792, 0.8396540284156799, -0.0057472363114356995, -0.10368730127811432, -0.03568773716688156, -0.00221853400580585, 0.03855039179325104, 0.03497867286205292, 1.0]
pred step=210 action=[[-0.18831101059913635, 1.7636573314666748, 1.2225995063781738, -1.0243158340454102, -0.039153337478637695, 1.143797516822815, 0.7938122749328613, -0.00681053102016449, -0.11441266536712646, -0.06968492269515991, 0.004420023411512375, 0.04247856140136719, 0.034496039152145386, 1.0233154296875]] left_gripper=0.7938122749328613 right_gripper=1.0233154296875
update step=211 qpos=[-0.18741342425346375, 1.7563575506210327, 1.217559814453125, -1.020280122756958, -0.037596821784973145, 1.1408215761184692, 0.7938122749328613, -0.006696815136820078, -0.11284933984279633, -0.035482827574014664, 0.003549737622961402, 0.04198414832353592, 0.034558217972517014, 1.0]
pred step=211 action=[[-0.1952725350856781, 1.792038917541504, 1.2362818717956543, -1.0297667980194092, -0.03944823145866394, 1.1547620296478271, 0.7781094312667847, -0.002119988203048706, -0.10896515846252441, -0.06933313608169556, 0.006191028282046318, 0.040973156690597534, 0.03673359751701355, 1.0225272178649902]] left_gripper=0.7781094312667847 right_gripper=1.0225272178649902
update step=212 qpos=[-0.19441254436969757, 1.7877495288848877, 1.2342448234558105, -1.0284112691879272, -0.039202846586704254, 1.1529837846755981, 0.7781094312667847, -0.0026611103676259518, -0.11044075340032578, -0.03556768596172333, 0.005774658173322678, 0.041092146188020706, 0.03645576536655426, 1.0]
pred step=212 action=[[-0.19532817602157593, 1.8136680126190186, 1.2643574476242065, -1.0646531581878662, -0.04418677091598511, 1.1714071035385132, 0.7237594723701477, -0.004582017660140991, -0.11439406871795654, -0.07062649726867676, 0.005682036280632019, 0.04060077667236328, 0.034361839294433594, 1.0189595222473145]] left_gripper=0.7237594723701477 right_gripper=1.0189595222473145
update step=213 qpos=[-0.19519145786762238, 1.8104275465011597, 1.260863184928894, -1.059948444366455, -0.04355515167117119, 1.1690573692321777, 0.7237594723701478, -0.004357670433819294, -0.11356247216463089, -0.03546774387359619, 0.0056229992769658566, 0.040666308254003525, 0.03462902829051018, 1.0]
pred step=213 action=[[-0.19934582710266113, 1.835219144821167, 1.2848756313323975, -1.0806338787078857, -0.04689410328865051, 1.1802880764007568, 0.6364626884460449, -0.006121382117271423, -0.12154662609100342, -0.08259081840515137, 0.003892548382282257, 0.041945457458496094, 0.03433769941329956, 1.0162315368652344]] left_gripper=0.6364626884460449 right_gripper=1.0162315368652344
update step=214 qpos=[-0.1989016830921173, 1.8323115110397339, 1.282034158706665, -1.0779078006744385, -0.04646322876214981, 1.1788560152053833, 0.6364626884460449, -0.005920829717069864, -0.12034664303064346, -0.03536025807261467, 0.004080223385244608, 0.04178750887513161, 0.03437493368983269, 1.0]
pred step=214 action=[[-0.19699808955192566, 1.8298014402389526, 1.2868167161941528, -1.0865764617919922, -0.05224752426147461, 1.1820316314697266, 0.5848575234413147, -0.007927358150482178, -0.13194239139556885, -0.08584529161453247, 0.003407217562198639, 0.045067548751831055, 0.036007851362228394, 1.014776587486267]] left_gripper=0.5848575234413147 right_gripper=1.014776587486267
update step=215 qpos=[-0.19716529548168182, 1.8299453258514404, 1.2863129377365112, -1.0854765176773071, -0.05151964724063873, 1.1816269159317017, 0.5848575234413147, -0.007702989969402552, -0.13032889366149902, -0.035204268991947174, 0.0034807154443114996, 0.04465765133500099, 0.0358000174164772, 1.0]
pred step=215 action=[[-0.20398621261119843, 1.8467059135437012, 1.2825798988342285, -1.0797691345214844, -0.048739850521087646, 1.1856818199157715, 0.5763364434242249, -0.005518063902854919, -0.11936748027801514, -0.0761445164680481, 0.005273462273180485, 0.039727598428726196, 0.034343868494033813, 1.012471079826355]] left_gripper=0.5763364434242249 right_gripper=1.012471079826355
update step=216 qpos=[-0.2032923400402069, 1.8449770212173462, 1.282928466796875, -1.0804672241210938, -0.04907875880599022, 1.1851651668548584, 0.5763364434242249, -0.00576992379501462, -0.1218326985836029, -0.03531980141997337, 0.0050119380466639996, 0.04034656658768654, 0.03452904522418976, 1.0]
pred step=216 action=[[-0.2027818113565445, 1.8576372861862183, 1.2977875471115112, -1.0889055728912354, -0.04863843321800232, 1.1873615980148315, 0.559295117855072, -0.005442917346954346, -0.12781548500061035, -0.07536792755126953, 0.005175353027880192, 0.0406518280506134, 0.03582543134689331, 1.0127372741699219]] left_gripper=0.559295117855072 right_gripper=1.0127372741699219
update step=217 qpos=[-0.20279932022094727, 1.8559632301330566, 1.2961812019348145, -1.0877481698989868, -0.04869893193244934, 1.1870801448822021, 0.559295117855072, -0.00548572326079011, -0.1268136352300644, -0.03525842726230621, 0.005107128992676735, 0.040612511336803436, 0.03566006198525429, 1.0]
pred step=217 action=[[-0.20645080506801605, 1.8586572408676147, 1.3139479160308838, -1.0986518859863281, -0.05132555961608887, 1.1927751302719116, 0.49366647005081177, -0.007054820656776428, -0.13088083267211914, -0.0786556601524353, 0.003153739497065544, 0.041515499353408813, 0.036036938428878784, 1.0107967853546143]] left_gripper=0.49366647005081177 right_gripper=1.0107967853546143
update step=218 qpos=[-0.20606891810894012, 1.8582572937011719, 1.3118973970413208, -1.0972111225128174, -0.05098508298397064, 1.1920485496520996, 0.49366647005081177, -0.006876020692288876, -0.13009344041347504, -0.035203270614147186, 0.003347894875332713, 0.04140470549464226, 0.03598909080028534, 1.0]
pred step=218 action=[[-0.20456086099147797, 1.8580464124679565, 1.3030354976654053, -1.0942877531051636, -0.047587573528289795, 1.1901947259902954, 0.4407375156879425, -0.006218567490577698, -0.13003170490264893, -0.07742410898208618, 0.009217974729835987, 0.0381104052066803, 0.03767061233520508, 1.011824131011963]] left_gripper=0.4407375156879425 right_gripper=1.011824131011963
update step=219 qpos=[-0.20470435917377472, 1.8582220077514648, 1.3039733171463013, -1.0946998596191406, -0.04802292585372925, 1.1904319524765015, 0.4407375156879425, -0.006294148042798042, -0.13032230734825134, -0.035222433507442474, 0.008445576764643192, 0.038525793701410294, 0.0374559722840786, 1.0]
pred step=219 action=[[-0.20567923784255981, 1.8435364961624146, 1.3048638105392456, -1.1035925149917603, -0.04922202229499817, 1.1828529834747314, 0.39720049500465393, -0.006699115037918091, -0.13091552257537842, -0.08145356178283691, 0.011187654919922352, 0.040999144315719604, 0.03346681594848633, 1.0147649049758911]] left_gripper=0.39720049500465393 right_gripper=1.0147649049758911
update step=220 qpos=[-0.20558106899261475, 1.845036268234253, 1.3048361539840698, -1.1025012731552124, -0.049066126346588135, 1.1838210821151733, 0.39720049500465393, -0.006659974809736013, -0.1308167427778244, -0.03519592434167862, 0.010805266909301281, 0.0406867191195488, 0.03397562354803085, 1.0]
pred step=220 action=[[-0.20327961444854736, 1.8330392837524414, 1.2982468605041504, -1.101074457168579, -0.05393180251121521, 1.1876944303512573, 0.3589836061000824, -0.005169197916984558, -0.12789642810821533, -0.08213239908218384, 0.007282429374754429, 0.03901836276054382, 0.03658381104469299, 1.010972261428833]] left_gripper=0.3589836061000824 right_gripper=1.010972261428833
update step=221 qpos=[-0.2035040408372879, 1.8345407247543335, 1.2989249229431152, -1.1013174057006836, -0.05331946909427643, 1.1872007846832275, 0.3589836061000824, -0.005346165504306555, -0.12939968705177307, -0.03526715934276581, 0.0076487441547214985, 0.03922666609287262, 0.03625078871846199, 1.0]
pred step=221 action=[[-0.20788432657718658, 1.8484432697296143, 1.3224995136260986, -1.1136977672576904, -0.05370050668716431, 1.1871082782745361, 0.30788782238960266, -0.006630793213844299, -0.12984871864318848, -0.07872617244720459, 0.009658274240791798, 0.03917020559310913, 0.03650429844856262, 1.0133492946624756]] left_gripper=0.30788782238960266 right_gripper=1.0133492946624756
update step=222 qpos=[-0.20743930339813232, 1.846875548362732, 1.3196885585784912, -1.1120315790176392, -0.05364333838224411, 1.1871196031570435, 0.30788782238960266, -0.006483376957476139, -0.12981554865837097, -0.03521768003702164, 0.009362880140542984, 0.03917986527085304, 0.03647216036915779, 1.0]
pred step=222 action=[[-0.20740577578544617, 1.8495169878005981, 1.3175218105316162, -1.1106314659118652, -0.0561184287071228, 1.1866165399551392, 0.2906405031681061, -0.005721956491470337, -0.1200178861618042, -0.07764327526092529, 0.008852674625813961, 0.036459147930145264, 0.03871774673461914, 1.0116935968399048]] left_gripper=0.2906405031681061 right_gripper=1.0116935968399048
update step=223 qpos=[-0.20738042891025543, 1.8492649793624878, 1.3177480697631836, -1.1108129024505615, -0.055807046592235565, 1.1866806745529175, 0.2906405031681061, -0.005811042618006468, -0.12238874286413193, -0.03531206399202347, 0.008882725611329079, 0.03680196776986122, 0.03843115642666817, 1.0]
pred step=223 action=[[-0.20088034868240356, 1.8426580429077148, 1.3081132173538208, -1.1086757183074951, -0.04772093892097473, 1.1765495538711548, 0.24082046747207642, -0.004628986120223999, -0.1196526288986206, -0.07763296365737915, 0.020885303616523743, 0.03422302007675171, 0.03425675630569458, 1.01290762424469]] left_gripper=0.24082046747207642 right_gripper=1.01290762424469
update step=224 qpos=[-0.20156940817832947, 1.843373417854309, 1.3092681169509888, -1.1089917421340942, -0.04875878617167473, 1.1778419017791748, 0.24082046747207642, -0.0047667911276221275, -0.12103921175003052, -0.03540319204330444, 0.019351128488779068, 0.03454578295350075, 0.034788817167282104, 1.0]
pred step=224 action=[[-0.2095363289117813, 1.8508546352386475, 1.331071138381958, -1.1262309551239014, -0.05556103587150574, 1.1823174953460693, 0.2181159257888794, -0.007158204913139343, -0.12164092063903809, -0.07743585109710693, 0.009890922345221043, 0.0374736487865448, 0.03273990750312805, 1.0125019550323486]] left_gripper=0.2181159257888794 right_gripper=1.0125019550323486
update step=225 qpos=[-0.20872275531291962, 1.849914312362671, 1.3285059928894043, -1.1239761114120483, -0.05467994883656502, 1.1817466020584106, 0.21811592578887942, -0.006885783281177282, -0.12157870084047318, -0.03535819426178932, 0.011014195159077644, 0.03710797801613808, 0.033001210540533066, 1.0]
pred step=225 action=[[-0.20437711477279663, 1.8370652198791504, 1.3282651901245117, -1.1290510892868042, -0.05737152695655823, 1.1819353103637695, 0.16960859298706055, -0.005140140652656555, -0.12221705913543701, -0.07347476482391357, 0.012790675275027752, 0.03569972515106201, 0.03593355417251587, 1.0103063583374023]] left_gripper=0.16960859298706055 right_gripper=1.0103063583374023
update step=226 qpos=[-0.20478039979934692, 1.8385357856750488, 1.328265905380249, -1.1284520626068115, -0.057042330503463745, 1.181911826133728, 0.16960859298706055, -0.005347214173525572, -0.12197387963533401, -0.03533407673239708, 0.012505882419645786, 0.03587494045495987, 0.03555936738848686, 1.0]
pred step=226 action=[[-0.2047303169965744, 1.836829423904419, 1.3241075277328491, -1.1294808387756348, -0.05601450800895691, 1.1866546869277954, 0.16510504484176636, -0.006358116865158081, -0.11571168899536133, -0.07707840204238892, 0.013438900001347065, 0.0346221923828125, 0.03538423776626587, 1.0066611766815186]] left_gripper=0.16510504484176636 right_gripper=1.0066611766815186
update step=227 qpos=[-0.20476287603378296, 1.8371671438217163, 1.3244825601577759, -1.1293857097625732, -0.05614221468567848, 1.1860504150390625, 0.16510504484176639, -0.006240164395421743, -0.11759471893310547, -0.0354326032102108, 0.013193626888096333, 0.034782081842422485, 0.03540671244263649, 1.0]
pred step=227 action=[[-0.20780068635940552, 1.8544059991836548, 1.3478608131408691, -1.145089864730835, -0.05635848641395569, 1.18242609500885, 0.1499810814857483, -0.005673393607139587, -0.11550343036651611, -0.07392293214797974, 0.014121693558990955, 0.035618215799331665, 0.03446498513221741, 1.0079046487808228]] left_gripper=0.1499810814857483 right_gripper=1.0079046487808228
update step=228 qpos=[-0.20748133957386017, 1.8523694276809692, 1.3451088666915894, -1.1429953575134277, -0.05632684379816055, 1.1828875541687012, 0.1499810814857483, -0.005746061913669109, -0.11671070009469986, -0.035474661737680435, 0.013956836424767971, 0.03551120311021805, 0.034585002809762955, 1.0]
pred step=228 action=[[-0.20379874110221863, 1.8369892835617065, 1.328644037246704, -1.1353559494018555, -0.05356931686401367, 1.165082335472107, 0.1347743272781372, -0.0054858773946762085, -0.11332786083221436, -0.07498931884765625, 0.02027316391468048, 0.03332194685935974, 0.03319147229194641, 1.0110079050064087]] left_gripper=0.1347743272781372 right_gripper=1.0110079050064087
update step=229 qpos=[-0.20416483283042908, 1.8387278318405151, 1.3306125402450562, -1.136406660079956, -0.053927041590213776, 1.1673544645309448, 0.1347743272781372, -0.005516001954674721, -0.114866241812706, -0.03550192713737488, 0.019420981407165527, 0.03359784930944443, 0.033368926495313644, 1.0]
pred step=229 action=[[-0.20458123087882996, 1.8380088806152344, 1.3604590892791748, -1.1603100299835205, -0.054024964570999146, 1.175504207611084, 0.0977972149848938, -0.004046440124511719, -0.10620498657226562, -0.06971228122711182, 0.01840246096253395, 0.030924856662750244, 0.033161163330078125, 1.00688898563385]] left_gripper=0.0977972149848938 right_gripper=1.00688898563385
update step=230 qpos=[-0.20455820858478546, 1.837975263595581, 1.3569517135620117, -1.157206416130066, -0.05400960519909859, 1.174462914466858, 0.0977972149848938, -0.0042174640111625195, -0.1083417609333992, -0.03552962467074394, 0.018477967008948326, 0.03125965967774391, 0.03318722918629646, 1.0]
pred step=230 action=[[-0.20465941727161407, 1.840576410293579, 1.3707020282745361, -1.1742465496063232, -0.05658036470413208, 1.1763367652893066, 0.11017513275146484, -0.003566563129425049, -0.10020065307617188, -0.06808644533157349, 0.018510278314352036, 0.029327988624572754, 0.03044992685317993, 1.008713960647583]] left_gripper=0.11017513275146484 right_gripper=1.008713960647583
update step=231 qpos=[-0.20464204251766205, 1.840438723564148, 1.3689013719558716, -1.1720805168151855, -0.05625370889902115, 1.1760984659194946, 0.11017513275146484, -0.0036418491508811712, -0.10224917531013489, -0.03564368560910225, 0.01835200935602188, 0.029570089653134346, 0.030798757448792458, 1.0]
pred step=231 action=[[-0.2068594992160797, 1.8401821851730347, 1.372403860092163, -1.1708390712738037, -0.05605855584144592, 1.1690841913223267, 0.08766031265258789, -0.005025744438171387, -0.11516928672790527, -0.0732882022857666, 0.015074432827532291, 0.035018712282180786, 0.032698601484298706, 1.0088837146759033]] left_gripper=0.08766031265258789 right_gripper=1.0088837146759033
update step=232 qpos=[-0.20662932097911835, 1.8402576446533203, 1.3719805479049683, -1.1709808111190796, -0.056079477071762085, 1.169979214668274, 0.08766031265258789, -0.004877825733274221, -0.11330844461917877, -0.035473793745040894, 0.015450399369001389, 0.03433315083384514, 0.032456718385219574, 1.0]
pred step=232 action=[[-0.20545458793640137, 1.8398758172988892, 1.3819782733917236, -1.1767549514770508, -0.053438395261764526, 1.1646209955215454, 0.06655746698379517, -0.00491766631603241, -0.10495603084564209, -0.0693238377571106, 0.013605409301817417, 0.030163168907165527, 0.03271248936653137, 1.0091235637664795]] left_gripper=0.06655746698379517 right_gripper=1.0091235637664795
update step=233 qpos=[-0.20556876063346863, 1.8398988246917725, 1.3808034658432007, -1.1759939193725586, -0.05377689749002457, 1.1653037071228027, 0.06655746698379517, -0.0049085235223174095, -0.10709530115127563, -0.03554825857281685, 0.01378354150801897, 0.030690796673297882, 0.03267965465784073, 1.0]
pred step=233 action=[[-0.202403724193573, 1.8212108612060547, 1.3844020366668701, -1.1880877017974854, -0.05415716767311096, 1.1578640937805176, 0.029463231563568115, -0.004868790507316589, -0.10842287540435791, -0.06858867406845093, 0.02173979952931404, 0.03470897674560547, 0.027124077081680298, 1.011006474494934]] left_gripper=0.029463231563568115 right_gripper=1.011006474494934
update step=234 qpos=[-0.2027343213558197, 1.8232966661453247, 1.383959412574768, -1.1866090297698975, -0.054113030433654785, 1.1588144302368164, 0.02946323156356811, -0.004884133115410805, -0.10800536721944809, -0.03555244952440262, 0.02067282423377037, 0.0342000350356102, 0.02783268876373768, 1.0]
pred step=234 action=[[-0.19809317588806152, 1.8241575956344604, 1.3969526290893555, -1.1963512897491455, -0.052624404430389404, 1.1524090766906738, 0.021256089210510254, -0.0028286874294281006, -0.1007997989654541, -0.06281542778015137, 0.022989928722381592, 0.029440999031066895, 0.029476076364517212, 1.011702537536621]] left_gripper=0.021256089210510254 right_gripper=1.011702537536621
update step=235 qpos=[-0.19859685003757477, 1.8242387771606445, 1.3952761888504028, -1.1950942277908325, -0.052820950746536255, 1.1532255411148071, 0.021256089210510257, -0.003064360935240984, -0.10272826254367828, -0.035666532814502716, 0.02257191762328148, 0.030038652941584587, 0.02926591783761978, 1.0]
pred step=235 action=[[-0.195146381855011, 1.8227540254592896, 1.4099360704421997, -1.2145106792449951, -0.04837435483932495, 1.1454923152923584, 0.03972524404525757, -0.0027306079864501953, -0.10904228687286377, -0.06182461977005005, 0.017254546284675598, 0.03139835596084595, 0.027393072843551636, 1.013845443725586]] left_gripper=0.03972524404525757 right_gripper=1.013845443725586
update step=236 qpos=[-0.19553914666175842, 1.8228973150253296, 1.4081403017044067, -1.212041974067688, -0.04894150421023369, 1.1464788913726807, 0.03972524404525758, -0.002774950582534075, -0.10794826596975327, -0.03559202328324318, 0.017844710499048233, 0.031225232407450676, 0.027632081881165504, 1.0]
pred step=236 action=[[-0.2006072700023651, 1.8345383405685425, 1.414837121963501, -1.2139966487884521, -0.043125808238983154, 1.1394033432006836, 0.015682458877563477, -0.001927211880683899, -0.1057584285736084, -0.05842876434326172, 0.019534263759851456, 0.03607460856437683, 0.02109178900718689, 1.0153565406799316]] left_gripper=0.015682458877563477 right_gripper=1.0153565406799316
update step=237 qpos=[-0.20010769367218018, 1.8333561420440674, 1.4139569997787476, -1.2137054204940796, -0.04385202005505562, 1.140305757522583, 0.01568245887756347, -0.0020393352024257183, -0.10708510130643845, -0.03569464012980461, 0.01931830309331417, 0.03545929864048958, 0.0219257902354002, 1.0]
pred step=237 action=[[-0.19929589331150055, 1.807260513305664, 1.4028551578521729, -1.2020342350006104, -0.03696581721305847, 1.1209592819213867, 0.011306464672088623, -0.0011039972305297852, -0.1124267578125, -0.05827444791793823, 0.018024984747171402, 0.0371839702129364, 0.020989030599594116, 1.0218226909637451]] left_gripper=0.011306464672088623 right_gripper=1.0218226909637451
update step=238 qpos=[-0.19935892522335052, 1.8100873231887817, 1.4043394327163696, -1.2035733461380005, -0.03784206509590149, 1.1234278678894043, 0.011306464672088637, -0.0012203669175505638, -0.11153549700975418, -0.035602983087301254, 0.01821388676762581, 0.036964479833841324, 0.02110821008682251, 1.0]
pred step=238 action=[[-0.19739273190498352, 1.817413091659546, 1.4284849166870117, -1.2102930545806885, -0.026607006788253784, 1.1087361574172974, -0.025598227977752686, -0.0007627606391906738, -0.10368239879608154, -0.051099181175231934, 0.024059195071458817, 0.03272956609725952, 0.01899552345275879, 1.0184118747711182]] left_gripper=-0.025598227977752686 right_gripper=1.0184118747711182
update step=239 qpos=[-0.19762083888053894, 1.816757082939148, 1.425537347793579, -1.2093429565429688, -0.028036363422870636, 1.1106081008911133, 0.0, -0.000809476594440639, -0.10533074289560318, -0.035672761499881744, 0.023308061063289642, 0.03326360508799553, 0.01926450990140438, 1.0]
pred step=239 action=[[-0.19783179461956024, 1.8066611289978027, 1.4242178201675415, -1.1994526386260986, -0.015844225883483887, 1.08124840259552, -0.04589718580245972, 0.0027015507221221924, -0.09869098663330078, -0.04588794708251953, 0.019978124648332596, 0.03267824649810791, 0.01758521795272827, 1.0194859504699707]] left_gripper=-0.04589718580245972 right_gripper=1.0194859504699707
update step=240 qpos=[-0.19783782958984375, 1.8078985214233398, 1.4243956804275513, -1.2007064819335938, -0.0173889622092247, 1.0849937200546265, 0.0, 0.0022891995031386614, -0.09990467131137848, -0.03572170436382294, 0.020366735756397247, 0.03274467587471008, 0.017798827961087227, 1.0]
pred step=240 action=[[-0.1984041929244995, 1.8041877746582031, 1.4231250286102295, -1.1855528354644775, 0.0017264485359191895, 1.0565067529678345, -0.06036621332168579, 0.0052840858697891235, -0.10617935657501221, -0.04968136548995972, 0.026626233011484146, 0.03464627265930176, 0.013492345809936523, 1.0207524299621582]] left_gripper=-0.06036621332168579 right_gripper=1.0207524299621582
update step=241 qpos=[-0.19837450981140137, 1.8047600984573364, 1.4232834577560425, -1.1874480247497559, -0.0006975138676352799, 1.0601396560668945, 0.0, 0.00492729851976037, -0.10533551871776581, -0.03565605729818344, 0.02587275765836239, 0.034399427473545074, 0.014041267335414886, 1.0]
pred step=241 action=[[-0.19125019013881683, 1.7900865077972412, 1.4126819372177124, -1.157984972000122, 0.023677587509155273, 1.0437524318695068, -0.05180215835571289, 0.0043444037437438965, -0.09570419788360596, -0.039081871509552, 0.021770935505628586, 0.02105569839477539, 0.012822896242141724, 1.020789384841919]] left_gripper=-0.05180215835571289 right_gripper=1.020789384841919
update step=242 qpos=[-0.19202451407909393, 1.7918572425842285, 1.414052963256836, -1.1617157459259033, 0.02057100459933281, 1.0458400249481201, 0.0, 0.004440948832780123, -0.0969681367278099, -0.03572177141904831, 0.022243762388825417, 0.022743092849850655, 0.012977116741240025, 1.0]
pred step=242 action=[[-0.19311213493347168, 1.7829214334487915, 1.417191505432129, -1.1415536403656006, 0.039007216691970825, 1.0119595527648926, -0.0351259708404541, 0.004145890474319458, -0.09845006465911865, -0.03570789098739624, 0.02031179890036583, 0.019357651472091675, 0.01596832275390625, 1.0238972902297974]] left_gripper=-0.0351259708404541 right_gripper=1.0238972902297974
update step=243 qpos=[-0.1930607110261917, 1.7840766906738281, 1.4168860912322998, -1.144059658050537, 0.03667346015572548, 1.0162808895111084, 0.0, 0.004187328275293112, -0.09826906025409698, -0.03568762168288231, 0.02055537886917591, 0.01978558488190174, 0.015586692839860916, 1.0]
pred step=243 action=[[-0.19657470285892487, 1.7628166675567627, 1.3925503492355347, -1.0741463899612427, 0.08498965203762054, 0.9766559600830078, -0.019370198249816895, 0.006364554166793823, -0.11159992218017578, -0.03578132390975952, 0.01242880616337061, 0.02556920051574707, 0.013776153326034546, 1.0287981033325195]] left_gripper=-0.019370198249816895 right_gripper=1.0287981033325195
update step=244 qpos=[-0.19629161059856415, 1.7655823230743408, 1.3956207036972046, -1.0829858779907227, 0.07886378467082977, 0.9817094802856445, 0.0, 0.006096486933529377, -0.110021211206913, -0.0355234369635582, 0.013481651432812214, 0.024833623319864273, 0.014007341116666794, 1.0]
pred step=244 action=[[-0.19111725687980652, 1.7595189809799194, 1.3746976852416992, -1.0579347610473633, 0.08516518771648407, 0.9681408405303955, -0.015742361545562744, 0.004719078540802002, -0.11179852485656738, -0.034839630126953125, 0.017710860818624496, 0.02078041434288025, 0.015624552965164185, 1.018225908279419]] left_gripper=-0.015742361545562744 right_gripper=1.018225908279419
update step=245 qpos=[-0.1916208118200302, 1.76042902469635, 1.3771398067474365, -1.0611542463302612, 0.08434928953647614, 0.9698693156242371, 0.0, 0.004889310337603092, -0.11160022765398026, -0.03489219769835472, 0.017183784395456314, 0.02129596658051014, 0.0154181569814682, 1.0]
pred step=245 action=[[-0.1936531364917755, 1.7416017055511475, 1.3493361473083496, -0.9699360728263855, 0.1579287201166153, 0.9017183780670166, -0.04582393169403076, 0.011416628956794739, -0.09994041919708252, -0.02625584602355957, 0.016030166298151016, 0.02295517921447754, 0.01574265956878662, 1.0232096910476685]] left_gripper=-0.04582393169403076 right_gripper=1.0232096910476685
update step=246 qpos=[-0.1936102658510208, 1.7439206838607788, 1.3530524969100952, -0.9814258217811584, 0.1485968828201294, 0.910412609577179, 0.0, 0.01064547710120678, -0.10133682191371918, -0.027244631201028824, 0.016195999458432198, 0.02273225039243698, 0.015700899064540863, 1.0]
pred step=246 action=[[-0.1809338629245758, 1.7223942279815674, 1.3369636535644531, -0.9426021575927734, 0.17564275860786438, 0.868137001991272, -0.045380473136901855, 0.013847306370735168, -0.09816873073577881, -0.013240694999694824, 0.008759495802223682, 0.029349327087402344, 0.006919354200363159, 1.0156245231628418]] left_gripper=-0.045380473136901855 right_gripper=1.0156245231628418
update step=247 qpos=[-0.18224994838237762, 1.7250423431396484, 1.3389592170715332, -0.9475418329238892, 0.17218060791492462, 0.8735259175300598, 0.0, 0.013459274545311928, -0.0985720232129097, -0.014816027134656906, 0.009755216538906097, 0.028505561873316765, 0.0080390814691782, 1.0]
pred step=247 action=[[-0.1864127814769745, 1.7051875591278076, 1.2725193500518799, -0.819240927696228, 0.24184761941432953, 0.7971522808074951, -0.0511358380317688, 0.01705045998096466, -0.1004178524017334, -0.01252448558807373, 0.016376778483390808, 0.025452405214309692, 0.004002481698989868, 1.0092045068740845]] left_gripper=-0.0511358380317688 right_gripper=1.0092045068740845
update step=248 qpos=[-0.1861697882413864, 1.7080098390579224, 1.2806406021118164, -0.8355733752250671, 0.23300625383853912, 0.8068978786468506, 0.0, 0.016634993255138397, -0.10019566118717194, -0.012800260446965694, 0.015539377927780151, 0.02583102136850357, 0.004516247194260359, 1.0]
pred step=248 action=[[-0.19597318768501282, 1.6878811120986938, 1.218169927597046, -0.619788408279419, 0.3553943932056427, 0.7098482847213745, -0.04929620027542114, 0.025946438312530518, -0.0818319320678711, 0.010463297367095947, 0.020056020468473434, 0.016305148601531982, 0.002266824245452881, 1.000539779663086]] left_gripper=-0.04929620027542114 right_gripper=1.000539779663086
update step=249 qpos=[-0.1951463669538498, 1.6903183460235596, 1.2254260778427124, -0.6579647660255432, 0.339891254901886, 0.7222341895103455, 0.0, 0.02487119473516941, -0.08408190310001373, 0.007914149202406406, 0.01957543194293976, 0.017489882186055183, 0.002552065532654524, 1.0]
pred step=249 action=[[-0.18295341730117798, 1.6380863189697266, 1.172967553138733, -0.606549859046936, 0.3391667902469635, 0.6924741268157959, -0.031269609928131104, 0.022317200899124146, -0.09635031223297119, 0.004267394542694092, 0.005313624627888203, 0.023080140352249146, -0.008157432079315186, 0.9941682815551758]] left_gripper=-0.031269609928131104 right_gripper=0.9941682815551758
update step=250 qpos=[-0.18409442901611328, 1.6441493034362793, 1.179233431816101, -0.613247275352478, 0.33923208713531494, 0.6962679028511047, 0.0, 0.022609639912843704, -0.09481314569711685, 0.004477798473089933, 0.007065820042043924, 0.02237643487751484, -0.006791659165173769, 0.9941682815551758]
pred step=250 action=[[-0.21273992955684662, 1.9117467403411865, 1.6346280574798584, -1.265406608581543, 0.044161438941955566, 1.127106785774231, 0.2636294364929199, 0.0001564621925354004, -0.09204208850860596, -0.0511479377746582, -0.020327769219875336, 0.04799488186836243, -0.000999361276626587, 1.0181291103363037]] left_gripper=0.2636294364929199 right_gripper=1.0181291103363037
update step=251 qpos=[-0.20948010683059692, 1.8200912475585938, 1.372692584991455, -0.8105703592300415, 0.1497327983379364, 0.8924956321716309, 0.2636294364929199, 0.0027608040254563093, -0.09066629409790039, -0.03995188698172569, -0.017413074150681496, 0.04479318857192993, -0.0017372628208249807, 1.0]
pred step=251 action=[[-0.20895051956176758, 1.9166185855865479, 1.6317963600158691, -1.257936716079712, 0.05969512462615967, 1.1211234331130981, 0.2799173891544342, -0.0004021376371383667, -0.0947192907333374, -0.05243128538131714, -0.023389235138893127, 0.05404743552207947, -0.003068894147872925, 1.0117287635803223]] left_gripper=0.2799173891544342 right_gripper=1.0117287635803223
update step=252 qpos=[-0.20876964926719666, 1.9044959545135498, 1.5531058311462402, -1.006338357925415, 0.07108080387115479, 1.0743191242218018, 0.2799173891544342, -5.466463335324079e-05, -0.09400928020477295, -0.0361378937959671, -0.022621145471930504, 0.05288641154766083, -0.0028979280032217503, 1.0]
pred step=252 action=[[-0.20874667167663574, 1.9066864252090454, 1.6187307834625244, -1.2347500324249268, 0.07354424893856049, 1.101258635520935, 0.25980979204177856, -0.002349838614463806, -0.10102629661560059, -0.0559006929397583, -0.03031906858086586, 0.05956566333770752, -0.0009016692638397217, 1.0115982294082642]] left_gripper=0.25980979204177856 right_gripper=1.0115982294082642
update step=253 qpos=[-0.20884694159030914, 1.907002329826355, 1.6109189987182617, -1.1868764162063599, 0.07322761416435242, 1.0978319644927979, 0.25980979204177856, -0.0020964862778782845, -0.0999438688158989, -0.03610046207904816, -0.02933605946600437, 0.05872724577784538, -0.0011555860983207822, 1.0]
pred step=253 action=[[-0.20169037580490112, 1.8994829654693604, 1.6006669998168945, -1.202392578125, 0.09618830680847168, 1.0778390169143677, 0.2581065595149994, -0.0028263330459594727, -0.0990222692489624, -0.054644107818603516, -0.03711622580885887, 0.062257587909698486, -0.0016674399375915527, 1.0087292194366455]] left_gripper=0.2581065595149994 right_gripper=1.0087292194366455
update step=254 qpos=[-0.20245034992694855, 1.9006297588348389, 1.6016167402267456, -1.200560212135315, 0.09326101094484329, 1.0803929567337036, 0.2581065595149994, -0.0027498865965753794, -0.09979522973299026, -0.03612281382083893, -0.03616323694586754, 0.06181317940354347, -0.0016019250033423305, 1.0]
pred step=254 action=[[-0.19342389702796936, 1.8808101415634155, 1.5722875595092773, -1.162825107574463, 0.12682466208934784, 1.0569748878479004, 0.23616397380828857, -0.004406049847602844, -0.10346400737762451, -0.055782318115234375, -0.04273103550076485, 0.06129959225654602, -0.007620006799697876, 1.0074310302734375]] left_gripper=0.23616397380828857 right_gripper=1.0074310302734375
update step=255 qpos=[-0.1944608837366104, 1.8831740617752075, 1.5759153366088867, -1.1676726341247559, 0.12255382537841797, 1.0599619150161743, 0.23616397380828857, -0.004211167339235544, -0.1027943342924118, -0.03605847433209419, -0.04191269725561142, 0.061367396265268326, -0.006852691061794758, 1.0]
pred step=255 action=[[-0.18602482974529266, 1.880865216255188, 1.5681231021881104, -1.1344022750854492, 0.1555301994085312, 1.0428011417388916, 0.2261456549167633, -0.0037045180797576904, -0.1063305139541626, -0.05337047576904297, -0.04732155427336693, 0.06288081407546997, -0.01308336853981018, 1.0043035745620728]] left_gripper=0.2261456549167633 right_gripper=1.0043035745620728
update step=256 qpos=[-0.18701903522014618, 1.8812838792800903, 1.569155216217041, -1.1385726928710938, 0.15133513510227203, 1.044987678527832, 0.2261456549167633, -0.0037677923683077097, -0.10568758845329285, -0.036017466336488724, -0.046640798449516296, 0.06268784403800964, -0.012289276346564293, 1.0]
pred step=256 action=[[-0.17969194054603577, 1.845045566558838, 1.4935691356658936, -1.025330901145935, 0.20736247301101685, 0.9855983257293701, 0.21664279699325562, -0.005910232663154602, -0.12093651294708252, -0.0606992244720459, -0.05645512044429779, 0.07661810517311096, -0.006190061569213867, 1.0071288347244263]] left_gripper=0.21664279699325562 right_gripper=1.0071288347244263
update step=257 qpos=[-0.18059837818145752, 1.849539041519165, 1.50291907787323, -1.0397934913635254, 0.20023439824581146, 0.9931759834289551, 0.21664279699325562, -0.005690302699804306, -0.11884542554616928, -0.03590011969208717, -0.055265069007873535, 0.07486285269260406, -0.006966711021959782, 1.0]
pred step=257 action=[[-0.16887575387954712, 1.8472682237625122, 1.4927036762237549, -1.024078369140625, 0.21598178148269653, 0.99161696434021, 0.20288202166557312, -0.0017375349998474121, -0.10605418682098389, -0.053581058979034424, -0.04903080314397812, 0.06371384859085083, -0.008389443159103394, 1.000980019569397]] left_gripper=0.20288202166557312 right_gripper=1.000980019569397
update step=258 qpos=[-0.17014001309871674, 1.8475285768508911, 1.4939895868301392, -1.0260698795318604, 0.21396546065807343, 0.9918117523193359, 0.20288202166557312, -0.0021813632920384407, -0.10831596702337265, -0.0359949991106987, -0.04984239488840103, 0.0651155486702919, -0.0082089276984334, 1.0]
pred step=258 action=[[-0.1685505211353302, 1.8318754434585571, 1.4653992652893066, -0.9615232348442078, 0.24576520919799805, 0.9512909650802612, 0.17389625310897827, -0.004690021276473999, -0.11433184146881104, -0.05160951614379883, -0.054726190865039825, 0.06236371397972107, -0.01215362548828125, 1.006937026977539]] left_gripper=0.17389625310897827 right_gripper=1.006937026977539
update step=259 qpos=[-0.16886548697948456, 1.8338172435760498, 1.4690451622009277, -0.9697068333625793, 0.2417299598455429, 0.9564616084098816, 0.17389625310897827, -0.004389376845210791, -0.11339367926120758, -0.03593450039625168, -0.054099880158901215, 0.06271536648273468, -0.011650696396827698, 1.0]
pred step=259 action=[[-0.15654468536376953, 1.820289969444275, 1.4319700002670288, -0.9068822860717773, 0.27541929483413696, 0.9335672855377197, 0.16188234090805054, -0.0010304152965545654, -0.1132732629776001, -0.05428057909011841, -0.04861651733517647, 0.05429008603096008, -0.012033581733703613, 1.0057599544525146]] left_gripper=0.16188234090805054 right_gripper=1.0057599544525146
update step=260 qpos=[-0.15786674618721008, 1.8220475912094116, 1.4365439414978027, -0.9148885011672974, 0.27111300826072693, 0.9364855885505676, 0.16188234090805054, -0.0014098515966907144, -0.11341734975576401, -0.035961419343948364, -0.0493028461933136, 0.05534806102514267, -0.011985749006271362, 1.0]
pred step=260 action=[[-0.15671396255493164, 1.8070908784866333, 1.399356484413147, -0.8427184224128723, 0.29944005608558655, 0.8948771953582764, 0.18283969163894653, -0.004294276237487793, -0.1294870376586914, -0.05640357732772827, -0.057432159781455994, 0.06567910313606262, -0.007874637842178345, 1.0055453777313232]] left_gripper=0.18283969163894653 right_gripper=1.0055453777313232
update step=261 qpos=[-0.15696534514427185, 1.8089187145233154, 1.404045820236206, -0.8518914580345154, 0.2958444654941559, 0.9001867175102234, 0.18283969163894653, -0.003978455439209938, -0.12737444043159485, -0.03592105209827423, -0.05637875944375992, 0.06437952071428299, -0.008397777564823627, 1.0]
pred step=261 action=[[-0.15130403637886047, 1.7881654500961304, 1.3493807315826416, -0.7653988003730774, 0.34090256690979004, 0.86396324634552, 0.14916658401489258, -0.0037465840578079224, -0.13219165802001953, -0.06023377180099487, -0.05479346960783005, 0.06838366389274597, 0.004385590553283691, 1.010552167892456]] left_gripper=0.14916658401489258 right_gripper=1.010552167892456
update step=262 qpos=[-0.15195898711681366, 1.7907191514968872, 1.356127142906189, -0.7764520645141602, 0.33516621589660645, 0.8685853481292725, 0.14916658401489258, -0.0037872756365686655, -0.1313084214925766, -0.035888951271772385, -0.05503637716174126, 0.06787945330142975, 0.0027564424090087414, 1.0]
pred step=262 action=[[-0.14485803246498108, 1.7865369319915771, 1.3409979343414307, -0.7638267278671265, 0.33224689960479736, 0.8521329164505005, 0.1535547971725464, -0.0015380233526229858, -0.11454737186431885, -0.05757683515548706, -0.0487750805914402, 0.05673050880432129, 0.008699178695678711, 1.0130527019500732]] left_gripper=0.1535547971725464 right_gripper=1.0130527019500732
update step=263 qpos=[-0.14559374749660492, 1.7869682312011719, 1.3428572416305542, -0.7654555439949036, 0.3326050043106079, 0.8542300462722778, 0.15355479717254641, -0.0017829096177592874, -0.11746293306350708, -0.03599822521209717, -0.04960107058286667, 0.05813564732670784, 0.00794108398258686, 1.0]
pred step=263 action=[[-0.14272430539131165, 1.7695770263671875, 1.3078017234802246, -0.6988189816474915, 0.36964914202690125, 0.8197050094604492, 0.12165403366088867, -0.0011992007493972778, -0.12769591808319092, -0.06628453731536865, -0.05584953352808952, 0.06321778893470764, 0.008563905954360962, 1.0143394470214844]] left_gripper=0.12165403366088867 right_gripper=1.0143394470214844
update step=264 qpos=[-0.1431468278169632, 1.771646499633789, 1.3121970891952515, -0.7073158621788025, 0.36494430899620056, 0.8241119980812073, 0.12165403366088867, -0.0012808006722480059, -0.12611691653728485, -0.0358407236635685, -0.0551382414996624, 0.06257355213165283, 0.008485044352710247, 1.0]
pred step=264 action=[[-0.14354866743087769, 1.7672170400619507, 1.2965129613876343, -0.6654121279716492, 0.387023001909256, 0.7922824621200562, 0.1289539933204651, -0.0016719251871109009, -0.1226428747177124, -0.06642943620681763, -0.057832617312669754, 0.06902649998664856, 0.01773226261138916, 1.014901041984558]] left_gripper=0.1289539933204651 right_gripper=1.014901041984558
update step=265 qpos=[-0.14354170858860016, 1.7678332328796387, 1.2984933853149414, -0.6707268357276917, 0.38421696424484253, 0.7963433265686035, 0.1289539933204651, -0.001644174917601049, -0.12410502135753632, -0.035909503698349, -0.057583436369895935, 0.06821275502443314, 0.016553670167922974, 1.0]
pred step=265 action=[[-0.14696040749549866, 1.7390108108520508, 1.2556276321411133, -0.5971076488494873, 0.40599769353866577, 0.7546459436416626, 0.1425708532333374, -0.0020600706338882446, -0.11527788639068604, -0.054193079471588135, -0.04803849756717682, 0.05647122859954834, 0.017439693212509155, 1.0158212184906006]] left_gripper=0.1425708532333374 right_gripper=1.0158212184906006
update step=266 qpos=[-0.14663369953632355, 1.7424237728118896, 1.2609153985977173, -0.6065348386764526, 0.4032394587993622, 0.7599688768386841, 0.1425708532333374, -0.001990200951695442, -0.11719552427530289, -0.03597411885857582, -0.049246467649936676, 0.05795637518167496, 0.01732650399208069, 1.0]
pred step=266 action=[[-0.15030965209007263, 1.7336004972457886, 1.2301983833312988, -0.5643898248672485, 0.4259283244609833, 0.7340537905693054, 0.13102281093597412, 0.0012890547513961792, -0.1053011417388916, -0.056559085845947266, -0.050055015832185745, 0.050839126110076904, 0.015700072050094604, 1.0175479650497437]] left_gripper=0.13102281093597412 right_gripper=1.0175479650497437
update step=267 qpos=[-0.14993415772914886, 1.7347729206085205, 1.2338520288467407, -0.5698181986808777, 0.4230501353740692, 0.7373612523078918, 0.13102281093597412, 0.0009159978362731636, -0.10754372924566269, -0.03604784607887268, -0.04999132454395294, 0.05173087120056152, 0.015906566753983498, 1.0]
pred step=267 action=[[-0.14969956874847412, 1.7202274799346924, 1.2242720127105713, -0.5464587211608887, 0.4175284504890442, 0.7113217115402222, 0.13382601737976074, -0.0024612843990325928, -0.11434948444366455, -0.06428086757659912, -0.05709736421704292, 0.055182844400405884, 0.016756772994995117, 1.0205920934677124]] left_gripper=0.13382601737976074 right_gripper=1.0205920934677124
update step=268 qpos=[-0.14966364204883575, 1.7218340635299683, 1.2255558967590332, -0.549422025680542, 0.41822707653045654, 0.7146437168121338, 0.13382601737976074, -0.002073592972010374, -0.11314594000577927, -0.03588167950510979, -0.05629407986998558, 0.054752688854932785, 0.016648851335048676, 1.0]
pred step=268 action=[[-0.15419888496398926, 1.7089712619781494, 1.2037415504455566, -0.5048089623451233, 0.42997026443481445, 0.677716851234436, 0.14127832651138306, 0.0013009756803512573, -0.09975004196166992, -0.057209670543670654, -0.05386485159397125, 0.04284024238586426, 0.01373201608657837, 1.0187938213348389]] left_gripper=0.14127832651138306 right_gripper=1.0187938213348389
update step=269 qpos=[-0.15375448763370514, 1.7106411457061768, 1.2063448429107666, -0.5105284452438354, 0.4284839630126953, 0.6824299097061157, 0.14127832651138306, 0.0009262192179448903, -0.10217469930648804, -0.036109887063503265, -0.05421075224876404, 0.044338811188936234, 0.014102738350629807, 1.0]
pred step=269 action=[[-0.15826717019081116, 1.7020281553268433, 1.1906218528747559, -0.45422011613845825, 0.45637041330337524, 0.6599583029747009, 0.15103524923324585, 0.0025787353515625, -0.08713948726654053, -0.03979969024658203, -0.03333168104290962, 0.017577528953552246, 0.01965770125389099, 1.0204980373382568]] left_gripper=0.15103524923324585 right_gripper=1.0204980373382568
update step=270 qpos=[-0.15781259536743164, 1.7031209468841553, 1.1926510334014893, -0.461363285779953, 0.45283252000808716, 0.6628265976905823, 0.15103524923324585, 0.002439465606585145, -0.08911243081092834, -0.03613722324371338, -0.0359647199511528, 0.0209561288356781, 0.018947508186101913, 1.0]
pred step=270 action=[[-0.15413936972618103, 1.6970137357711792, 1.1838160753250122, -0.44815438985824585, 0.4563063085079193, 0.6606016159057617, 0.14141839742660522, -0.0016416162252426147, -0.10562920570373535, -0.0485689640045166, -0.057279396802186966, 0.029231339693069458, 0.00985860824584961, 1.025408387184143]] left_gripper=0.14141839742660522 right_gripper=1.025408387184143
update step=271 qpos=[-0.15448147058486938, 1.69780695438385, 1.1848289966583252, -0.4498614966869354, 0.4558534324169159, 0.6608844995498657, 0.14141839742660522, -0.00117832503747195, -0.10348396003246307, -0.036027755588293076, -0.05458744615316391, 0.02819092757999897, 0.011018550954759121, 1.0]
pred step=271 action=[[-0.15747539699077606, 1.6825339794158936, 1.1797094345092773, -0.4348989427089691, 0.451497882604599, 0.6383345127105713, 0.14955776929855347, 0.0034651756286621094, -0.07391715049743652, -0.032273948192596436, -0.036598388105630875, 0.008600294589996338, 0.024345099925994873, 1.0230162143707275]] left_gripper=0.14955776929855347 right_gripper=1.0230162143707275
update step=272 qpos=[-0.15717540681362152, 1.684309482574463, 1.1803553104400635, -0.43681415915489197, 0.45206204056739807, 0.6412128806114197, 0.14955776929855347, 0.0029576406814157963, -0.07744603604078293, -0.0326768197119236, -0.03888782858848572, 0.011069179512560368, 0.022643856704235077, 1.0]
pred step=272 action=[[-0.15929538011550903, 1.694821834564209, 1.1796565055847168, -0.4310901463031769, 0.45887982845306396, 0.6515951752662659, 0.13152974843978882, 0.009644784033298492, -0.05256032943725586, -0.02561134099960327, -0.02487192489206791, -0.005737900733947754, 0.022631198167800903, 1.0194838047027588]] left_gripper=0.13152974843978882 right_gripper=1.0194838047027588
update step=273 qpos=[-0.15907151997089386, 1.693779468536377, 1.1796486377716064, -0.4318249523639679, 0.4580078721046448, 0.6502694487571716, 0.13152974843978882, 0.008895354345440865, -0.055537331849336624, -0.02636967971920967, -0.026634469628334045, -0.0036284446250647306, 0.022631699219346046, 1.0]
pred step=273 action=[[-0.16797111928462982, 1.6575443744659424, 1.1384780406951904, -0.3472827076911926, 0.473929762840271, 0.5745177268981934, 0.14502257108688354, 0.00779472291469574, -0.05090421438217163, -0.02396303415298462, -0.032732218503952026, -0.015476197004318237, 0.008565545082092285, 1.0224298238754272]] left_gripper=0.14502257108688354 right_gripper=1.0224298238754272
update step=274 qpos=[-0.16706180572509766, 1.661647915840149, 1.1436885595321655, -0.35806846618652344, 0.4719350039958954, 0.5841900706291199, 0.14502257108688354, 0.00795209500938654, -0.05143203213810921, -0.024298157542943954, -0.03196888789534569, -0.013979791663587093, 0.010358276776969433, 1.0]
pred step=274 action=[[-0.16729328036308289, 1.6531082391738892, 1.1397294998168945, -0.3653446435928345, 0.44406479597091675, 0.5931490659713745, 0.15570956468582153, 0.00920017808675766, -0.041957855224609375, -0.013933062553405762, -0.018151728436350822, -0.02337437868118286, 0.01578381657600403, 1.0138587951660156]] left_gripper=0.15570956468582153 right_gripper=1.0138587951660156
update step=275 qpos=[-0.16714967787265778, 1.6543223857879639, 1.1399648189544678, -0.3644842803478241, 0.4475920796394348, 0.59200119972229, 0.15570956468582153, 0.009072273038327694, -0.043146464973688126, -0.01497680600732565, -0.019842198118567467, -0.02218983881175518, 0.015090646222233772, 1.0]
pred step=275 action=[[-0.16450659930706024, 1.6453930139541626, 1.1378889083862305, -0.3571549654006958, 0.44639426469802856, 0.5924587249755859, 0.1456323266029358, 0.011157512664794922, -0.030252933502197266, -0.0037773847579956055, -0.019130203872919083, -0.04097318649291992, 0.008719384670257568, 1.0194456577301025]] left_gripper=0.1456323266029358 right_gripper=1.0194456577301025
update step=276 qpos=[-0.16478994488716125, 1.6464266777038574, 1.1381527185440063, -0.35809221863746643, 0.44654229283332825, 0.5924010872840881, 0.1456323266029358, 0.010952883400022984, -0.031782325357198715, -0.005098506808280945, -0.019204305484890938, -0.038605157285928726, 0.009530679322779179, 1.0]
pred step=276 action=[[-0.16455531120300293, 1.6481037139892578, 1.1318482160568237, -0.3555014431476593, 0.4440196752548218, 0.6041527986526489, 0.1461104154586792, 0.015686966478824615, -0.0034843087196350098, 0.003001391887664795, 0.0008367346599698067, -0.05558508634567261, 0.01062437891960144, 1.007367491722107]] left_gripper=0.1461104154586792 right_gripper=1.007367491722107
update step=277 qpos=[-0.16459228098392487, 1.6480120420455933, 1.1325064897537231, -0.3558656573295593, 0.4443381428718567, 0.6026538014411926, 0.1461104154586792, 0.015166639350354671, -0.006855183281004429, 0.002099852077662945, -0.0016991718439385295, -0.05344931408762932, 0.010483196005225182, 1.0]
pred step=277 action=[[-0.17089244723320007, 1.6536668539047241, 1.1264491081237793, -0.33406880497932434, 0.4472839832305908, 0.5777510404586792, 0.17104804515838623, 0.019648849964141846, 0.01717478036880493, 0.011821508407592773, 0.002679402008652687, -0.07267096638679504, 0.006821036338806152, 1.014939308166504]] left_gripper=0.17104804515838623 right_gripper=1.014939308166504
update step=278 qpos=[-0.17023511230945587, 1.6529653072357178, 1.1273044347763062, -0.3368127942085266, 0.4469185769557953, 0.5809305310249329, 0.17104804515838623, 0.019164051860570908, 0.014327650889754295, 0.010686596855521202, 0.0021306993439793587, -0.07025197893381119, 0.0072865900583565235, 1.0]
pred step=278 action=[[-0.17633840441703796, 1.6193244457244873, 1.0956597328186035, -0.2799035310745239, 0.4505172073841095, 0.5336347818374634, 0.1634628176689148, 0.025339722633361816, 0.03670072555541992, 0.0192716121673584, 0.009737818501889706, -0.07625040411949158, 0.009780645370483398, 1.0041701793670654]] left_gripper=0.1634628176689148 right_gripper=1.0041701793670654
update step=279 qpos=[-0.1756782978773117, 1.623140811920166, 1.099599838256836, -0.28718501329421997, 0.45008230209350586, 0.5396726131439209, 0.1634628176689148, 0.024627653881907463, 0.03404224291443825, 0.018296586349606514, 0.008783679455518723, -0.07550492882728577, 0.009461648762226105, 1.0]
pred step=279 action=[[-0.185804083943367, 1.6278574466705322, 1.0847227573394775, -0.2400297224521637, 0.4799400568008423, 0.5287951231002808, 0.1666569709777832, 0.03416120260953903, 0.09379369020462036, 0.04856783151626587, 0.04801524057984352, -0.13306304812431335, 0.010203272104263306, 0.9967954754829407]] left_gripper=0.1666569709777832 right_gripper=0.9967954754829407
update step=280 qpos=[-0.18477089703083038, 1.6275725364685059, 1.086442470550537, -0.24605973064899445, 0.47615987062454224, 0.5301845073699951, 0.1666569709777832, 0.03316119685769081, 0.08659858256578445, 0.04534773528575897, 0.043146442621946335, -0.12580367922782898, 0.01010465994477272, 0.9967954754829407]
pred step=280 action=[[-0.18926653265953064, 1.6074812412261963, 1.0606716871261597, -0.19069422781467438, 0.48036840558052063, 0.49283379316329956, 0.17782533168792725, 0.037621960043907166, 0.11353200674057007, 0.057991087436676025, 0.061466142535209656, -0.1393233686685562, 0.009041279554367065, 0.988507866859436]] left_gripper=0.17782533168792725 right_gripper=0.988507866859436
update step=281 qpos=[-0.1887349635362625, 1.6097166538238525, 1.0639359951019287, -0.19774433970451355, 0.47984522581100464, 0.49760255217552185, 0.17782533168792725, 0.03712794557213783, 0.1103692352771759, 0.05649222806096077, 0.05914325267076492, -0.13762491941452026, 0.009175903163850307, 0.988507866859436]
pred step=281 action=[[-0.2012770175933838, 1.6174299716949463, 1.0739822387695312, -0.16221848130226135, 0.495830774307251, 0.4720878005027771, 0.19147348403930664, 0.04983736574649811, 0.18545126914978027, 0.09703165292739868, 0.0888095423579216, -0.1987455040216446, 0.012285470962524414, 0.9926473498344421]] left_gripper=0.19147348403930664 right_gripper=0.9926473498344421
update step=282 qpos=[-0.1999533325433731, 1.6166998147964478, 1.0728659629821777, -0.16668011248111725, 0.4938095510005951, 0.4753440022468567, 0.19147348403930664, 0.0484708771109581, 0.17648078501224518, 0.09257031232118607, 0.08515636622905731, -0.19103674590587616, 0.011885177344083786, 0.9926473498344421]
pred step=282 action=[[-0.20253951847553253, 1.601320743560791, 1.0520304441452026, -0.14833320677280426, 0.5099623203277588, 0.46950435638427734, 0.1916303038597107, 0.05176819860935211, 0.18778574466705322, 0.09989017248153687, 0.07913699746131897, -0.19927622377872467, 0.018556922674179077, 0.9984181523323059]] left_gripper=0.1916303038597107 right_gripper=0.9984181523323059
update step=283 qpos=[-0.20224368572235107, 1.6031503677368164, 1.0544307231903076, -0.15073871612548828, 0.5079237818717957, 0.4702506959438324, 0.1916303038597107, 0.05139981955289841, 0.1865362673997879, 0.09886548668146133, 0.07986441999673843, -0.19824263453483582, 0.01770646870136261, 0.9984181523323059]
pred step=283 action=[[-0.21060170233249664, 1.5717837810516357, 1.0123260021209717, -0.07978056371212006, 0.5137943029403687, 0.40663227438926697, 0.20385289192199707, 0.05627644807100296, 0.21042239665985107, 0.11288765072822571, 0.0972651019692421, -0.2162560373544693, 0.012763947248458862, 0.993202805519104]] left_gripper=0.20385289192199707 right_gripper=0.993202805519104
update step=284 qpos=[-0.20971649885177612, 1.5753859281539917, 1.0174317359924316, -0.088877834379673, 0.5130806565284729, 0.4147556722164154, 0.20385289192199707, 0.055741552263498306, 0.2075537145137787, 0.11139799654483795, 0.09510982781648636, -0.21398624777793884, 0.013392956927418709, 0.993202805519104]
pred step=284 action=[[-0.2297845482826233, 1.6117653846740723, 1.0307399034500122, -0.02846366912126541, 0.5762828588485718, 0.40765807032585144, 0.21623709797859192, 0.08738602697849274, 0.37485677003860474, 0.19815769791603088, 0.1936330944299698, -0.3593132495880127, 0.033732205629348755, 0.9889520406723022]] left_gripper=0.21623709797859192 right_gripper=0.9889520406723022
update step=285 qpos=[-0.2277250587940216, 1.6077210903167725, 1.0293596982955933, -0.03605824336409569, 0.5682644844055176, 0.40856602787971497, 0.21623709797859192, 0.08396834135055542, 0.3548096716403961, 0.18899333477020264, 0.181433767080307, -0.3409556746482849, 0.031130028888583183, 0.9889520406723022]
pred step=285 action=[[-0.23090451955795288, 1.6250593662261963, 1.0361651182174683, 0.001981303095817566, 0.5995538234710693, 0.4062865078449249, 0.23543095588684082, 0.10476985573768616, 0.457366019487381, 0.2468496859073639, 0.23712092638015747, -0.4193761348724365, 0.04350230097770691, 0.9713060855865479]] left_gripper=0.23543095588684082 right_gripper=0.9713060855865479
update step=286 qpos=[-0.23050083220005035, 1.6229593753814697, 1.0356262922286987, -0.0027670939452946186, 0.5955655574798584, 0.4065787196159363, 0.23543095588684082, 0.10248566418886185, 0.445348858833313, 0.24033933877944946, 0.23014816641807556, -0.40946611762046814, 0.041922688484191895, 0.9713060855865479]
pred step=286 action=[[-0.25753360986709595, 1.6327013969421387, 1.0199428796768188, 0.10903041064739227, 0.6732217073440552, 0.3516777455806732, 0.22615817189216614, 0.13971973955631256, 0.6267869472503662, 0.32554489374160767, 0.3412640392780304, -0.5464276075363159, 0.052189260721206665, 0.9632379412651062]] left_gripper=0.22615817189216614 right_gripper=0.9632379412651062
update step=287 qpos=[-0.2548230290412903, 1.6315642595291138, 1.0221339464187622, 0.09485703706741333, 0.6634065508842468, 0.3586951792240143, 0.22615817189216614, 0.13562288880348206, 0.6047348976135254, 0.31648728251457214, 0.3273845911026001, -0.5290830135345459, 0.05087313801050186, 0.9632379412651061]
pred step=287 action=[[-0.26296645402908325, 1.6178820133209229, 0.9993506669998169, 0.15013167262077332, 0.6926041841506958, 0.32614096999168396, 0.21916598081588745, 0.14864318072795868, 0.6693353652954102, 0.3481787145137787, 0.3528614640235901, -0.5734905004501343, 0.05083656311035156, 0.9633234739303589]] left_gripper=0.21916598081588745 right_gripper=0.9633234739303589
update step=288 qpos=[-0.26199376583099365, 1.6194740533828735, 1.0021052360534668, 0.14307646453380585, 0.6889156699180603, 0.3302978277206421, 0.21916598081588748, 0.14720618724822998, 0.6619110107421875, 0.34454217553138733, 0.34963783621788025, -0.5678622126579285, 0.0508415661752224, 0.963323473930359]
pred step=288 action=[[-0.2754826545715332, 1.6113828420639038, 0.978095293045044, 0.22033748030662537, 0.7484867572784424, 0.30812445282936096, 0.22660329937934875, 0.1790776252746582, 0.8369917273521423, 0.43217238783836365, 0.4510165750980377, -0.7054752111434937, 0.06169292330741882, 0.9565011262893677]] left_gripper=0.22660329937934875 right_gripper=0.9565011262893677
update step=289 qpos=[-0.27414175868034363, 1.6123278141021729, 0.9810041785240173, 0.21048444509506226, 0.7409666776657104, 0.3109622299671173, 0.22660329937934875, 0.1756000518798828, 0.8163356184959412, 0.42289742827415466, 0.4383423924446106, -0.6879741549491882, 0.06030308082699776, 0.9565011262893677]
pred step=289 action=[[-0.2923274636268616, 1.591094732284546, 0.9474971294403076, 0.3151950240135193, 0.8036239147186279, 0.26867055892944336, 0.2541208863258362, 0.2073686271905899, 0.9690860509872437, 0.4977162480354309, 0.5454660654067993, -0.7995774745941162, 0.07970026135444641, 0.9371465444564819]] left_gripper=0.2541208863258362 right_gripper=0.9371465444564819
update step=290 qpos=[-0.29047444462776184, 1.593475341796875, 0.951597273349762, 0.30186450481414795, 0.7957361936569214, 0.27407974004745483, 0.2541208863258362, 0.20386123657226562, 0.9511494040489197, 0.48978620767593384, 0.5319875478744507, -0.7853589057922363, 0.07721948623657227, 0.9371465444564819]
pred step=290 action=[[-0.30065441131591797, 1.5830681324005127, 0.940719723701477, 0.3364309072494507, 0.8106071949005127, 0.25330305099487305, 0.2568264603614807, 0.21545636653900146, 1.001754879951477, 0.5190478563308716, 0.5524587035179138, -0.8101722598075867, 0.08166363835334778, 0.9001580476760864]] left_gripper=0.2568264603614807 right_gripper=0.9001580476760864
update step=291 qpos=[-0.2995045781135559, 1.5844248533248901, 0.9418996572494507, 0.3319968581199646, 0.8087425231933594, 0.25595638155937195, 0.2568264603614807, 0.21415841579437256, 0.995867908000946, 0.5158547759056091, 0.5498989820480347, -0.8070025444030762, 0.08109705150127411, 0.9001580476760864]
pred step=291 action=[[-0.31070685386657715, 1.559597373008728, 0.908074140548706, 0.38209617137908936, 0.8509582281112671, 0.22023946046829224, 0.2460501790046692, 0.22827135026454926, 1.057170033454895, 0.5483659505844116, 0.5797878503799438, -0.8604434132575989, 0.08580413460731506, 0.909250795841217]] left_gripper=0.2460501790046692 right_gripper=0.909250795841217
update step=292 qpos=[-0.3095899522304535, 1.5624125003814697, 0.9120173454284668, 0.3756760060787201, 0.8456702828407288, 0.22480528056621552, 0.2460501790046692, 0.22673927247524261, 1.0500608682632446, 0.5447517037391663, 0.5760068297386169, -0.8536332249641418, 0.08520190417766571, 0.909250795841217]
pred step=292 action=[[-0.3034166991710663, 1.5315158367156982, 0.8750154972076416, 0.4117361307144165, 0.8497328758239746, 0.20329707860946655, 0.2666540741920471, 0.2393966019153595, 1.0886118412017822, 0.5690107345581055, 0.6073792576789856, -0.8857727646827698, 0.08213123679161072, 0.9180428981781006]] left_gripper=0.2666540741920471 right_gripper=0.9180428981781006
update step=293 qpos=[-0.30401915311813354, 1.5350675582885742, 0.8793038725852966, 0.4070988595485687, 0.8492512106895447, 0.20604442059993744, 0.2666540741920471, 0.23800590634346008, 1.0840526819229126, 0.5664035081863403, 0.6034396290779114, -0.8816831111907959, 0.08251876384019852, 0.9180428981781006]
pred step=293 action=[[-0.310660183429718, 1.5120174884796143, 0.853089451789856, 0.46191614866256714, 0.8648852109909058, 0.16926027834415436, 0.2805754542350769, 0.24572734534740448, 1.1162313222885132, 0.5866811275482178, 0.6172293424606323, -0.8934073448181152, 0.08475199341773987, 0.8994262218475342]] left_gripper=0.2805754542350769 right_gripper=0.8994262218475342
update step=294 qpos=[-0.31000617146492004, 1.514609456062317, 0.8561930656433105, 0.4549292325973511, 0.8629543781280518, 0.17396095395088196, 0.2805754542350769, 0.24485407769680023, 1.1125425100326538, 0.5843954682350159, 0.6154817938804626, -0.8918948769569397, 0.08446699380874634, 0.8994262218475342]
pred step=294 action=[[-0.31017765402793884, 1.5086534023284912, 0.8221981525421143, 0.4858267307281494, 0.887059211730957, 0.1685030311346054, 0.30009913444519043, 0.2529165744781494, 1.167268991470337, 0.6089730262756348, 0.6483862996101379, -0.9359562993049622, 0.08343818783760071, 0.9028797149658203]] left_gripper=0.30009913444519043 right_gripper=0.9028797149658203
update step=295 qpos=[-0.3101913630962372, 1.509492039680481, 0.8259754776954651, 0.48179909586906433, 0.8840318322181702, 0.16920246183872223, 0.30009913444519043, 0.25206416845321655, 1.1609578132629395, 0.6062198281288147, 0.6441931128501892, -0.9303231835365295, 0.08356713503599167, 0.9028797149658203]
pred step=295 action=[[-0.32526344060897827, 1.4771174192428589, 0.7842833995819092, 0.5674943923950195, 0.9298300743103027, 0.11762726306915283, 0.25937631726264954, 0.27675318717956543, 1.2506399154663086, 0.6462542414665222, 0.6962379813194275, -0.9747214913368225, 0.08398449420928955, 0.8523927927017212]] left_gripper=0.25937631726264954 right_gripper=0.8523927927017212
update step=296 qpos=[-0.3237755298614502, 1.4803951978683472, 0.7894537448883057, 0.5566566586494446, 0.9241258502006531, 0.12422402948141098, 0.25937631726264954, 0.2739945650100708, 1.240234375, 0.6418744325637817, 0.6896167993545532, -0.9690247774124146, 0.08392731100320816, 0.8523927927017212]
pred step=296 action=[[-0.3201831877231598, 1.4470982551574707, 0.7524581551551819, 0.5844511985778809, 0.9183298349380493, 0.09742075204849243, 0.28119638562202454, 0.27720171213150024, 1.2308259010314941, 0.6465327739715576, 0.6919519305229187, -0.9587223529815674, 0.08272147178649902, 0.8541942834854126]] left_gripper=0.28119638562202454 right_gripper=0.8541942834854126
update step=297 qpos=[-0.3205314874649048, 1.450998067855835, 0.7566429376602173, 0.5808672904968262, 0.9191146492958069, 0.10084264725446701, 0.28119638562202454, 0.27683693170547485, 1.2315876483917236, 0.6463218927383423, 0.6917674541473389, -0.9600432515144348, 0.0828716903924942, 0.8541942834854126]
pred step=297 action=[[-0.32057273387908936, 1.3942251205444336, 0.7044516801834106, 0.6122475862503052, 0.9120886325836182, 0.06337165832519531, 0.2928963005542755, 0.2803690433502197, 1.2430427074432373, 0.6514539122581482, 0.6985183954238892, -0.9535115957260132, 0.07703480124473572, 0.8371805548667908]] left_gripper=0.2928963005542755 right_gripper=0.8371805548667908
update step=298 qpos=[-0.3205929100513458, 1.4005571603775024, 0.710570216178894, 0.6082645654678345, 0.9130793213844299, 0.06815972179174423, 0.2928963005542755, 0.27994993329048157, 1.2418655157089233, 0.6507696509361267, 0.6976228356361389, -0.954327404499054, 0.07778017222881317, 0.8371805548667908]
pred step=298 action=[[-0.31349629163742065, 1.3595489263534546, 0.6785600185394287, 0.6302183866500854, 0.9044032096862793, 0.05405494570732117, 0.3156645894050598, 0.2817929685115814, 1.2450231313705444, 0.6550829410552979, 0.7110128998756409, -0.9532833099365234, 0.08276605606079102, 0.8355553150177002]] left_gripper=0.3156645894050598 right_gripper=0.8355553150177002
update step=299 qpos=[-0.3142613172531128, 1.364222526550293, 0.6822452545166016, 0.627424955368042, 0.9055509567260742, 0.05585716664791107, 0.3156645894050598, 0.28158408403396606, 1.244581699371338, 0.6546764373779297, 0.7093369364738464, -0.953411877155304, 0.08212774991989136, 0.8355553150177002]
pred step=299 action=[[-0.31264257431030273, 1.3234821557998657, 0.6250903606414795, 0.6585350036621094, 0.9055432081222534, 0.04065048694610596, 0.3243948817253113, 0.27938157320022583, 1.235868215560913, 0.6353877186775208, 0.7295905351638794, -0.9561721682548523, 0.08793404698371887, 0.8422905802726746]] left_gripper=0.3243948817253113 right_gripper=0.8422905802726746
