update step=0 qpos=[5.115576473709027e-13, -1.1561168578941706e-15, 1.7672687317415835e-17, 7.853411024860463e-16, -9.987140238074121e-13, 2.5006567996865847e-12, 1.0, 5.115578100012286e-13, -1.1561144226744473e-15, 1.7668519981489792e-17, 7.853378731729349e-16, -9.987125059243707e-13, 2.5006539807609363e-12, 1.0]
pred step=0 action=[[-0.01658692955970764, -0.07660871744155884, -0.05561727285385132, 0.005376756191253662, -0.020809412002563477, -0.06449177861213684, 0.9905989170074463, 0.1277531385421753, 0.08442634344100952, 0.08739796280860901, -0.07894326001405716, 0.04388001561164856, -0.09675905108451843, 0.9594157934188843]] left_gripper=0.9905989170074463 right_gripper=0.9594157934188843
update step=1 qpos=[-0.014582592993974686, -0.06623799353837967, -0.03639299422502518, 0.00391798559576273, -0.01815721206367016, -0.05626946687698364, 0.9905989170074463, 0.11268271505832672, 0.07433120161294937, 0.07732301950454712, -0.06870103627443314, 0.038064971566200256, -0.08443427085876465, 0.9594157934188842]
pred step=1 action=[[-0.01568407565355301, -0.08280718326568604, -0.05763977766036987, 0.005941048264503479, -0.020681798458099365, -0.05821061134338379, 0.9927842617034912, 0.13607145845890045, 0.09744316339492798, 0.09486451745033264, -0.08379203826189041, 0.04920259118080139, -0.10592272877693176, 0.9696980714797974]] left_gripper=0.9927842617034912 right_gripper=0.9696980714797974
update step=2 qpos=[-0.015549072995781898, -0.08062801510095596, -0.03629766404628754, 0.005745642818510532, -0.020361848175525665, -0.05796636641025543, 0.9927842617034912, 0.13332870602607727, 0.09481930732727051, 0.09256487339735031, -0.0819188803434372, 0.047743264585733414, -0.10319053381681442, 0.9696980714797974]
pred step=2 action=[[-0.015049025416374207, -0.08201539516448975, -0.05459260940551758, 0.006922364234924316, -0.020790308713912964, -0.050747305154800415, 0.9975088834762573, 0.14939427375793457, 0.1310737133026123, 0.1240406334400177, -0.10605742037296295, 0.05681729316711426, -0.12682107090950012, 0.9751198887825012]] left_gripper=0.9975088834762573 right_gripper=0.9751198887825012
update step=3 qpos=[-0.015105892904102802, -0.08172013610601425, -0.036276038736104965, 0.0067855361849069595, -0.020736422389745712, -0.05166786536574364, 0.9975088834762573, 0.1474991887807846, 0.12677668035030365, 0.12037406116724014, -0.10292641073465347, 0.05563425272703171, -0.12381114065647125, 0.9751198887825012]
pred step=3 action=[[-0.015762314200401306, -0.08546632528305054, -0.056156158447265625, 0.007070094347000122, -0.021321892738342285, -0.040002912282943726, 1.0013505220413208, 0.16975732147693634, 0.19468581676483154, 0.16941577196121216, -0.13178052008152008, 0.060324400663375854, -0.15632687509059906, 0.9862085580825806]] left_gripper=1.0013505220413208 right_gripper=0.9862085580825806
update step=4 qpos=[-0.01568349078297615, -0.08481393754482269, -0.03624248132109642, 0.007044307421892881, -0.021245287731289864, -0.04148975759744644, 1.0, 0.16714726388454437, 0.1866655945777893, 0.1636960804462433, -0.12801888585090637, 0.059680867940187454, -0.15218567848205566, 0.9862085580825806]
pred step=4 action=[[-0.017595164477825165, -0.06900650262832642, -0.04790598154067993, 0.01154819130897522, -0.0182245671749115, -0.03256648778915405, 1.0079946517944336, 0.20096932351589203, 0.2923327684402466, 0.2409360408782959, -0.18833748996257782, 0.06235802173614502, -0.2003781497478485, 0.999426007270813]] left_gripper=1.0079946517944336 right_gripper=0.999426007270813
update step=5 qpos=[-0.017376918345689774, -0.07136581838130951, -0.03635706007480621, 0.010937757790088654, -0.018601391464471817, -0.03370317444205284, 1.0, 0.1970142424106598, 0.2798948585987091, 0.2318890541791916, -0.18051975965499878, 0.06194191053509712, -0.19424134492874146, 0.999426007270813]
pred step=5 action=[[-0.015867508947849274, -0.06132477521896362, -0.04306292533874512, 0.0120515376329422, -0.014178484678268433, -0.022601395845413208, 1.020082712173462, 0.23741009831428528, 0.38607633113861084, 0.3208301067352295, -0.23620976507663727, 0.06663662195205688, -0.2518762946128845, 1.0048280954360962]] left_gripper=1.020082712173462 right_gripper=1.0048280954360962
update step=6 qpos=[-0.016055328771471977, -0.06278936564922333, -0.036401230841875076, 0.011879937723279, -0.014738878235220909, -0.02401619777083397, 1.0, 0.23268736898899078, 0.3735780119895935, 0.3105476200580597, -0.2288977950811386, 0.06595014780759811, -0.24453718960285187, 1.0]
pred step=6 action=[[-0.01530832052230835, -0.052411675453186035, -0.029863595962524414, 0.013325154781341553, -0.013615041971206665, -0.01569986343383789, 1.0268369913101196, 0.27999284863471985, 0.5235179662704468, 0.43821415305137634, -0.31891143321990967, 0.07143312692642212, -0.31859883666038513, 1.027300477027893]] left_gripper=1.0268369913101196 right_gripper=1.027300477027893
update step=7 qpos=[-0.015399175696074963, -0.05366556718945503, -0.030572066083550453, 0.01316571980714798, -0.013757257722318172, -0.016759570688009262, 1.0, 0.27446800470352173, 0.5059272050857544, 0.42344027757644653, -0.30710145831108093, 0.0706305056810379, -0.3091675937175751, 1.0]
pred step=7 action=[[-0.013711735606193542, -0.0555572509765625, -0.036543309688568115, 0.01133127510547638, -0.014398157596588135, -0.004846483469009399, 1.040192723274231, 0.3330976963043213, 0.6773535013198853, 0.5523658394813538, -0.38531216979026794, 0.08620128035545349, -0.3898201882839203, 1.0480083227157593]] left_gripper=1.040192723274231 right_gripper=1.0480083227157593
update step=8 qpos=[-0.01391003467142582, -0.055292483419179916, -0.0359414666891098, 0.011523576453328133, -0.014319045469164848, -0.00636511342599988, 1.0, 0.32623082399368286, 0.6574000120162964, 0.5375078916549683, -0.37493178248405457, 0.08409879356622696, -0.37955108284950256, 1.0]
pred step=8 action=[[-0.01974431797862053, -0.041375577449798584, -0.013024389743804932, 0.011876776814460754, -0.017189055681228638, -0.0146217942237854, 1.0349775552749634, 0.384378582239151, 0.8403852581977844, 0.6756865382194519, -0.4619485139846802, 0.06578096747398376, -0.46023693680763245, 1.0631098747253418]] left_gripper=1.0349775552749634 right_gripper=1.0631098747253418
update step=9 qpos=[-0.019051771610975266, -0.04312744364142418, -0.015460595488548279, 0.011947859078645706, -0.016815539449453354, -0.013568103313446045, 1.0, 0.3776739537715912, 0.8181955814361572, 0.6599273681640625, -0.4503304660320282, 0.0679696798324585, -0.4499644637107849, 1.0]
pred step=9 action=[[-0.016777753829956055, -0.038224875926971436, -0.020216047763824463, 0.01506081223487854, -0.017443418502807617, -0.005667686462402344, 1.0405187606811523, 0.4196220934391022, 0.9783937931060791, 0.7908531427383423, -0.5442313551902771, 0.08625563979148865, -0.5522488355636597, 1.0774654150009155]] left_gripper=1.0405187606811523 right_gripper=1.0774654150009155
update step=10 qpos=[-0.01704532839357853, -0.038729678839445114, -0.019853420555591583, 0.014594607055187225, -0.017367644235491753, -0.006675567477941513, 1.0, 0.4147534668445587, 0.959743082523346, 0.7758839130401611, -0.5317286849021912, 0.08384310454130173, -0.5392172336578369, 1.0]
pred step=10 action=[[-0.020128019154071808, -0.03782916069030762, -0.0026640892028808594, 0.011183038353919983, -0.014355689287185669, -0.0028899312019348145, 1.0422024726867676, 0.4912090599536896, 1.1841073036193848, 0.9566042423248291, -0.6669836044311523, 0.08860695362091064, -0.656925618648529, 1.1050922870635986]] left_gripper=1.0422024726867676 right_gripper=1.1050922870635986
update step=11 qpos=[-0.01977238431572914, -0.038018401712179184, -0.004467853810638189, 0.01171781774610281, -0.01472979225218296, -0.003371721599251032, 1.0, 0.48238587379455566, 1.1380107402801514, 0.9360761046409607, -0.6491788029670715, 0.08786153048276901, -0.641934335231781, 1.0]
pred step=11 action=[[-0.024737350642681122, -0.0238264799118042, -0.009187459945678711, 0.017453521490097046, -0.008773714303970337, 0.008860915899276733, 1.045298457145691, 0.5354949235916138, 1.3571374416351318, 1.075202226638794, -0.7518588304519653, 0.09317237138748169, -0.748751163482666, 1.125708818435669]] left_gripper=1.045298457145691 right_gripper=1.125708818435669
update step=12 qpos=[-0.024167856201529503, -0.02543230541050434, -0.008831067010760307, 0.016646407544612885, -0.009514781646430492, 0.007302426267415285, 1.0, 0.5294079780578613, 1.3155118227005005, 1.0602009296417236, -0.7382491827011108, 0.09241094440221786, -0.7351435422897339, 1.0]
pred step=12 action=[[-0.02361532673239708, -0.021411478519439697, -0.008132994174957275, 0.020759597420692444, -0.003767251968383789, -0.001841425895690918, 1.058113694190979, 0.5760742425918579, 1.489323377609253, 1.2106776237487793, -0.8331530690193176, 0.10455754399299622, -0.8301805257797241, 1.0791757106781006]] left_gripper=1.058113694190979 right_gripper=1.0791757106781006
update step=13 qpos=[-0.023691892623901367, -0.021913498640060425, -0.008138799108564854, 0.020256852731108665, -0.004495305474847555, -0.0006747183506377041, 1.0, 0.570745587348938, 1.4681529998779297, 1.194112777709961, -0.8201606273651123, 0.10295677930116653, -0.818065345287323, 1.0]
pred step=13 action=[[-0.01987583190202713, -0.026611626148223877, 0.00397104024887085, 0.01739610731601715, 0.0002631545066833496, 0.0046246349811553955, 1.0514684915542603, 0.6279019117355347, 1.6028149127960205, 1.3040094375610352, -0.906582236289978, 0.10969570279121399, -0.890975832939148, 1.0988409519195557]] left_gripper=1.0514684915542603 right_gripper=1.0988409519195557
update step=14 qpos=[-0.02033465914428234, -0.026107408106327057, 0.0026855976320803165, 0.017830943688750267, -0.000344982574461028, 0.003948472440242767, 1.0, 0.6214807629585266, 1.5865840911865234, 1.2916423082351685, -0.8949571847915649, 0.10875354707241058, -0.8816866278648376, 1.0]
pred step=14 action=[[-0.025358840823173523, -0.022748291492462158, 0.0008737444877624512, 0.015651434659957886, -0.0009852051734924316, 0.004617869853973389, 1.0374071598052979, 0.639954686164856, 1.6657238006591797, 1.351250171661377, -0.9376886487007141, 0.10170230269432068, -0.9307101964950562, 1.0875513553619385]] left_gripper=1.0374071598052979 right_gripper=1.0875513553619385
update step=15 qpos=[-0.024766484275460243, -0.023092234507203102, 0.0009402274154126644, 0.01588047295808792, -0.0008939597173593938, 0.004533217754215002, 1.0, 0.6377879977226257, 1.6559083461761475, 1.3446934223175049, -0.9318791627883911, 0.10258814692497253, -0.9244600534439087, 1.0]
pred step=15 action=[[-0.025800175964832306, -0.012473881244659424, 0.0002860426902770996, 0.019140198826789856, 0.006475329399108887, -0.005147606134414673, 1.0548831224441528, 0.6794352531433105, 1.8005050420761108, 1.444516658782959, -0.9756391644477844, 0.10343930125236511, -0.9731913805007935, 1.0342092514038086]] left_gripper=1.0548831224441528 right_gripper=1.0342092514038086
update step=16 qpos=[-0.025693316012620926, -0.013729377649724483, 0.00035965139977633953, 0.01871512085199356, 0.005544885527342558, -0.003912754822522402, 1.0, 0.6747515797615051, 1.7831369638442993, 1.433455228805542, -0.9693328738212585, 0.10328845679759979, -0.9669743180274963, 1.0]
pred step=16 action=[[-0.02668241783976555, -0.022967517375946045, 0.003750324249267578, 0.017971888184547424, 0.00915566086769104, -0.013804107904434204, 1.0468796491622925, 0.7052861452102661, 1.843247413635254, 1.4775021076202393, -0.9934515357017517, 0.09748426079750061, -0.9951285123825073, 1.002848505973816]] left_gripper=1.0468796491622925 right_gripper=1.002848505973816
update step=17 qpos=[-0.0265730619430542, -0.02190820872783661, 0.0034505112562328577, 0.01810908317565918, 0.008700704202055931, -0.012543143704533577, 1.0, 0.7017526626586914, 1.8352997303009033, 1.472963809967041, -0.9900431036949158, 0.09820016473531723, -0.9915381669998169, 1.0]
pred step=17 action=[[-0.02891046553850174, -0.021689653396606445, 0.0031987428665161133, 0.023792356252670288, 0.011058986186981201, -0.028117597103118896, 1.0334872007369995, 0.7536517381668091, 1.9593586921691895, 1.5630552768707275, -1.0428104400634766, 0.09243848919868469, -1.0564420223236084, 0.9019439220428467]] left_gripper=1.0334872007369995 right_gripper=0.9019439220428467
update step=18 qpos=[-0.028638925403356552, -0.02171027660369873, 0.00321103073656559, 0.02306423895061016, 0.010763954371213913, -0.026132065802812576, 1.0, 0.7477313280105591, 1.944304347038269, 1.5529288053512573, -1.0354846715927124, 0.09312312304973602, -1.0481635332107544, 0.9019439220428466]
pred step=18 action=[[-0.02583147957921028, -0.007302224636077881, 0.004763364791870117, 0.0264207124710083, 0.017017394304275513, -0.022901147603988647, 1.0487475395202637, 0.7479267120361328, 1.967828392982483, 1.5918161869049072, -1.0579267740249634, 0.10095730423927307, -1.074352741241455, 0.8981233239173889]] left_gripper=1.0487475395202637 right_gripper=0.8981233239173889
update step=19 qpos=[-0.026174571365118027, -0.008997127413749695, 0.004549994599074125, 0.02597838081419468, 0.016221823170781136, -0.0233137309551239, 1.0, 0.7472683191299438, 1.9642459154129028, 1.5876872539520264, -1.0548617839813232, 0.10001908987760544, -1.0710090398788452, 0.8981233239173889]
pred step=19 action=[[-0.024249110370874405, -0.025930821895599365, -0.0015361905097961426, 0.03286130726337433, 0.012402325868606567, -0.03286951780319214, 1.0177966356277466, 0.76210618019104, 1.948899269104004, 1.5861024856567383, -1.0825378894805908, 0.10404929518699646, -1.0906388759613037, 0.8209820985794067]] left_gripper=1.0177966356277466 right_gripper=0.8209820985794067
update step=20 qpos=[-0.024466386064887047, -0.023942966014146805, -0.0007589809829369187, 0.03200199082493782, 0.012880602851510048, -0.03165137767791748, 1.0, 0.7605982422828674, 1.9507524967193604, 1.5860793590545654, -1.0791488885879517, 0.10350351780653, -1.088143229484558, 0.8209820985794068]
pred step=20 action=[[-0.022516071796417236, -0.034823477268218994, -0.006382584571838379, 0.02689884603023529, 0.009867727756500244, -0.02799054980278015, 1.0203324556350708, 0.7658637762069702, 1.9827498197555542, 1.5760300159454346, -1.0646971464157104, 0.09693032503128052, -1.086735486984253, 0.8010585308074951]] left_gripper=1.0203324556350708 right_gripper=0.8010585308074951
update step=21 qpos=[-0.02273925207555294, -0.033512819558382034, -0.00578616326674819, 0.027525220066308975, 0.01024474948644638, -0.028458133339881897, 1.0, 0.7651447653770447, 1.9791334867477417, 1.5772939920425415, -1.0664513111114502, 0.09777149558067322, -1.0869135856628418, 0.8010585308074951]
pred step=21 action=[[-0.023120295256376266, -0.039352595806121826, -0.005904674530029297, 0.036250606179237366, 0.012349128723144531, -0.03345209360122681, 1.018092393875122, 0.7967789173126221, 2.0537796020507812, 1.6379668712615967, -1.0870113372802734, 0.09620484709739685, -1.1281850337982178, 0.6398187875747681]] left_gripper=1.018092393875122 right_gripper=0.6398187875747681
update step=22 qpos=[-0.023079119622707367, -0.03870008885860443, -0.0057873958721756935, 0.03517438843846321, 0.012083240784704685, -0.03281499072909355, 1.0, 0.7933204770088196, 2.0443778038024902, 1.6312601566314697, -1.083974838256836, 0.09636999666690826, -1.1229170560836792, 0.6398187875747681]
pred step=22 action=[[-0.0223190076649189, -0.04059422016143799, -0.01227647066116333, 0.03067740797996521, 0.009973019361495972, -0.03411072492599487, 1.018009901046753, 0.7939069271087646, 2.0718421936035156, 1.6366846561431885, -1.0954687595367432, 0.10563784837722778, -1.1368533372879028, 0.5811623334884644]] left_gripper=1.018009901046753 right_gripper=0.5811623334884644
update step=23 qpos=[-0.022403869777917862, -0.04032129794359207, -0.011643658392131329, 0.0311993807554245, 0.010238086804747581, -0.03394602611660957, 1.0, 0.793369472026825, 2.0681405067443848, 1.6362980604171753, -1.093927025794983, 0.10449851304292679, -1.1350747346878052, 0.5811623334884644]
pred step=23 action=[[-0.019318237900733948, -0.039961397647857666, -0.009423792362213135, 0.04412071406841278, 0.006645411252975464, -0.03926089406013489, 1.0151113271713257, 0.8096919059753418, 2.0559864044189453, 1.6755454540252686, -1.1275640726089478, 0.10861030220985413, -1.1665723323822021, 0.459951788187027]] left_gripper=1.0151113271713257 right_gripper=0.459951788187027
update step=24 qpos=[-0.019672773778438568, -0.040062665939331055, -0.009525828994810581, 0.042527176439762115, 0.007092676591128111, -0.038583748042583466, 1.0, 0.80800461769104, 2.0572702884674072, 1.6708749532699585, -1.1232200860977173, 0.10806211829185486, -1.162556767463684, 0.4599517881870269]
pred step=24 action=[[-0.02237008884549141, -0.0461118221282959, -0.009306907653808594, 0.03134898841381073, 0.002662956714630127, -0.03479599952697754, 1.010013222694397, 0.8004916906356812, 2.0859010219573975, 1.6609447002410889, -1.110960841178894, 0.10536381602287292, -1.1549792289733887, 0.4343147277832031]] left_gripper=1.010013222694397 right_gripper=0.4343147277832031
update step=25 qpos=[-0.022043855860829353, -0.045363519340753555, -0.009419742040336132, 0.03275168687105179, 0.0032282164320349693, -0.03527926653623581, 1.0, 0.8010426759719849, 2.0828847885131836, 1.6620692014694214, -1.1124550104141235, 0.1057378426194191, -1.155943751335144, 0.4343147277832031]
pred step=25 action=[[-0.016771361231803894, -0.04479855298995972, -0.003905355930328369, 0.046976134181022644, 0.0010770559310913086, -0.033702969551086426, 1.0174517631530762, 0.817757248878479, 2.0559029579162598, 1.6530098915100098, -1.1045775413513184, 0.09938278794288635, -1.1285353899002075, 0.346917062997818]] left_gripper=1.0174517631530762 right_gripper=0.346917062997818
update step=26 qpos=[-0.017387213185429573, -0.04492489993572235, -0.0043957470916211605, 0.04522387310862541, 0.0013385070487856865, -0.03390426188707352, 1.0, 0.8161616325378418, 2.058697462081909, 1.6543704271316528, -1.1056016683578491, 0.10015265643596649, -1.132034182548523, 0.346917062997818]
pred step=26 action=[[-0.02216547355055809, -0.04235434532165527, -0.013025224208831787, 0.038170263171195984, -0.0030409693717956543, -0.03981673717498779, 1.0226118564605713, 0.8106098175048828, 2.080362319946289, 1.674701452255249, -1.1133012771606445, 0.09708118438720703, -1.1591495275497437, 0.24877500534057617]] left_gripper=1.0226118564605713 right_gripper=0.24877500534057617
update step=27 qpos=[-0.0215928815305233, -0.04257182031869888, -0.012239080853760242, 0.038981396704912186, -0.0024791983887553215, -0.03906284645199776, 1.0, 0.8109437227249146, 2.0780951976776123, 1.6721290349960327, -1.1122310161590576, 0.0974988043308258, -1.155685544013977, 0.24877500534057617]
pred step=27 action=[[-0.02074344828724861, -0.037653446197509766, -0.008095502853393555, 0.03347310423851013, -0.004045307636260986, -0.03323754668235779, 1.0208470821380615, 0.8115144968032837, 2.096790075302124, 1.6955289840698242, -1.1292508840560913, 0.10818254947662354, -1.1610709428787231, 0.24994754791259766]] left_gripper=1.0208470821380615 right_gripper=0.24994754791259766
update step=28 qpos=[-0.020841458812355995, -0.03826798126101494, -0.008499346673488617, 0.034202318638563156, -0.0038485380355268717, -0.033980678766965866, 1.0, 0.8115278482437134, 2.0943715572357178, 1.6928213834762573, -1.1269893646240234, 0.10682200640439987, -1.1603840589523315, 0.24994754791259766]
pred step=28 action=[[-0.01851385086774826, -0.04486113786697388, -0.011402904987335205, 0.038728222250938416, -0.0044959187507629395, -0.03296443819999695, 1.0148597955703735, 0.8191214799880981, 2.07920503616333, 1.6986634731292725, -1.1308695077896118, 0.10932117700576782, -1.1668578386306763, 0.1741262972354889]] left_gripper=1.0148597955703735 right_gripper=0.1741262972354889
update step=29 qpos=[-0.018786126747727394, -0.04408334568142891, -0.011046039871871471, 0.0381549671292305, -0.004418703727424145, -0.03309396281838417, 1.0, 0.8183247447013855, 2.0810389518737793, 1.6979318857192993, -1.1303938627243042, 0.10899219661951065, -1.1660335063934326, 0.17412629723548892]
pred step=29 action=[[-0.01895274966955185, -0.043547749519348145, -0.015176057815551758, 0.037197887897491455, -0.007470667362213135, -0.031561195850372314, 1.0208760499954224, 0.8138158321380615, 2.101595640182495, 1.7206308841705322, -1.1550891399383545, 0.11317068338394165, -1.1750296354293823, 0.14708560705184937]] left_gripper=1.0208760499954224 right_gripper=0.14708560705184937
update step=30 qpos=[-0.018926657736301422, -0.04358874261379242, -0.014752145856618881, 0.0372924767434597, -0.007084546610713005, -0.03175676241517067, 1.0, 0.8141696453094482, 2.0992929935455322, 1.7177627086639404, -1.151893138885498, 0.11265627294778824, -1.1738810539245605, 0.14708560705184937]
pred step=30 action=[[-0.01918455958366394, -0.04505562782287598, -0.01491004228591919, 0.04075673222541809, -0.005951911211013794, -0.037098824977874756, 1.0215988159179688, 0.8104029893875122, 2.078864097595215, 1.7034132480621338, -1.152220606803894, 0.10782468318939209, -1.1634783744812012, 0.13490384817123413]] left_gripper=1.0215988159179688 right_gripper=0.13490384817123413
update step=31 qpos=[-0.01915600523352623, -0.04490381479263306, -0.014830770902335644, 0.040334075689315796, -0.006095330696552992, -0.03641756996512413, 1.0, 0.8108797669410706, 2.0811767578125, 1.7051475048065186, -1.1522771120071411, 0.10843576490879059, -1.1648083925247192, 0.13490384817123413]
pred step=31 action=[[-0.020330380648374557, -0.04113507270812988, -0.009539186954498291, 0.038223594427108765, -0.006413072347640991, -0.031101852655410767, 1.0255180597305298, 0.8080627918243408, 2.0988516807556152, 1.7156848907470703, -1.1429647207260132, 0.10710397362709045, -1.1766657829284668, 0.1146993637084961]] left_gripper=1.0255180597305298 right_gripper=0.1146993637084961
update step=32 qpos=[-0.020192328840494156, -0.04159184545278549, -0.010138900019228458, 0.03850799426436424, -0.006369858514517546, -0.031779732555150986, 1.0, 0.8084174990653992, 2.096897602081299, 1.714449405670166, -1.1440423727035522, 0.10727538913488388, -1.1751501560211182, 0.1146993637084961]
pred step=32 action=[[-0.02055327221751213, -0.03196448087692261, -0.007938146591186523, 0.038248345255851746, -0.007718920707702637, -0.038248270750045776, 1.0212100744247437, 0.8155230283737183, 2.0861382484436035, 1.696190357208252, -1.1167969703674316, 0.09404319524765015, -1.1438627243041992, 0.08770990371704102]] left_gripper=1.0212100744247437 right_gripper=0.08770990371704102
update step=33 qpos=[-0.02050730027258396, -0.03308988735079765, -0.008238045498728752, 0.03826726973056793, -0.0075484830886125565, -0.03742337226867676, 1.0, 0.8148384690284729, 2.0873324871063232, 1.6985509395599365, -1.1202621459960938, 0.09570837765932083, -1.1478551626205444, 0.08770990371704102]
pred step=33 action=[[-0.016901403665542603, -0.04893416166305542, -0.008746206760406494, 0.03827930986881256, -0.008865296840667725, -0.025423109531402588, 1.022946834564209, 0.8077099323272705, 2.077469825744629, 1.7187449932098389, -1.153502106666565, 0.11652296781539917, -1.174431324005127, 0.02550715208053589]] left_gripper=1.022946834564209 right_gripper=0.02550715208053589
update step=34 qpos=[-0.017324116080999374, -0.04707995429635048, -0.008616218343377113, 0.038308337330818176, -0.008704732172191143, -0.026953797787427902, 1.0, 0.8082929253578186, 2.078709363937378, 1.7161250114440918, -1.1493170261383057, 0.11390168219804764, -1.1710395812988281, 0.025507152080535896]
pred step=34 action=[[-0.018923483788967133, -0.04073053598403931, -0.01013338565826416, 0.037054598331451416, -0.00897487998008728, -0.028596967458724976, 1.0297784805297852, 0.8174329996109009, 2.097597599029541, 1.7455668449401855, -1.1682612895965576, 0.105584055185318, -1.172109603881836, 0.017667114734649658]] left_gripper=1.0297784805297852 right_gripper=0.017667114734649658
update step=35 qpos=[-0.018733931705355644, -0.04145273193717003, -0.010043827816843987, 0.0371808186173439, -0.008937944658100605, -0.02838677167892456, 1.0, 0.8166176080703735, 2.0955357551574707, 1.7419174909591675, -1.1657557487487793, 0.10661736875772476, -1.1719740629196167, 0.017667114734649655]
pred step=35 action=[[-0.016125082969665527, -0.04433298110961914, -0.011320948600769043, 0.03512685000896454, -0.012013465166091919, -0.028033047914505005, 1.024902582168579, 0.8126991987228394, 2.0739874839782715, 1.731827974319458, -1.1608541011810303, 0.10495355725288391, -1.1665899753570557, -0.014479994773864746]] left_gripper=1.024902582168579 right_gripper=-0.014479994773864746
update step=36 qpos=[-0.016425734385848045, -0.04399583861231804, -0.011155287735164165, 0.03539133444428444, -0.011629918590188026, -0.028078647330403328, 1.0, 0.8129435181617737, 2.0765573978424072, 1.733028531074524, -1.161547064781189, 0.10518117994070053, -1.1672775745391846, 0.0]
pred step=36 action=[[-0.016391314566135406, -0.04814988374710083, -0.017935991287231445, 0.026639103889465332, -0.01511085033416748, -0.021925657987594604, 1.021864891052246, 0.818145751953125, 2.0968196392059326, 1.7641451358795166, -1.1802780628204346, 0.11314526200294495, -1.195718765258789, -0.02883058786392212]] left_gripper=1.021864891052246 right_gripper=-0.02883058786392212
update step=37 qpos=[-0.01638844795525074, -0.04761648178100586, -0.017247216776013374, 0.027708495035767555, -0.014670594595372677, -0.022710353136062622, 1.0, 0.817651629447937, 2.0945537090301514, 1.7603098154067993, -1.1777907609939575, 0.11212357878684998, -1.1920887231826782, 0.0]
pred step=37 action=[[-0.017420686781406403, -0.043841540813446045, -0.010972023010253906, 0.04140366613864899, -0.007144033908843994, -0.023715317249298096, 1.038251280784607, 0.8149521350860596, 2.0945329666137695, 1.772099256515503, -1.190558671951294, 0.11607301235198975, -1.192063570022583, -0.06039309501647949]] left_gripper=1.038251280784607 right_gripper=-0.06039309501647949
update step=38 qpos=[-0.01731478050351143, -0.044365234673023224, -0.011506617069244385, 0.03973100334405899, -0.00809340551495552, -0.02358631230890751, 1.0, 0.8151494264602661, 2.094491958618164, 1.7706636190414429, -1.1889235973358154, 0.1155829206109047, -1.1920676231384277, 0.0]
pred step=38 action=[[-0.019076302647590637, -0.03854990005493164, -0.009603023529052734, 0.03261175751686096, -0.008954077959060669, -0.02210375666618347, 1.0372916460037231, 0.8040276765823364, 2.0899157524108887, 1.7853856086730957, -1.2182174921035767, 0.12034964561462402, -1.1981728076934814, -0.10611337423324585]] left_gripper=1.0372916460037231 right_gripper=-0.10611337423324585
update step=39 qpos=[-0.018867770209908485, -0.03919656202197075, -0.009942630305886269, 0.03348512575030327, -0.008841157890856266, -0.022292712703347206, 1.0, 0.8052379488945007, 2.0905466079711914, 1.7834237813949585, -1.2145392894744873, 0.11975732445716858, -1.1973952054977417, 0.0]
pred step=39 action=[[-0.018528081476688385, -0.045597612857818604, -0.01550525426864624, 0.0225285142660141, -0.01620471477508545, -0.018727630376815796, 1.028577208518982, 0.8025121688842773, 2.086376190185547, 1.7777469158172607, -1.212205410003662, 0.12628251314163208, -1.2109214067459106, -0.1410233974456787]] left_gripper=1.028577208518982 right_gripper=-0.1410233974456787
update step=40 qpos=[-0.01855362392961979, -0.04480411857366562, -0.014939501881599426, 0.02388790063560009, -0.015274410136044025, -0.01918259635567665, 1.0, 0.8029727935791016, 2.086986780166626, 1.7783616781234741, -1.2125369310379028, 0.12544488906860352, -1.2091971635818481, 0.0]
pred step=40 action=[[-0.0206858292222023, -0.04252016544342041, -0.016279995441436768, 0.02405056357383728, -0.011922776699066162, -0.006564527750015259, 1.0358375310897827, 0.8083568811416626, 2.097881317138672, 1.7780139446258545, -1.2001001834869385, 0.12565797567367554, -1.186163067817688, -0.10273927450180054]] left_gripper=1.0358375310897827 right_gripper=-0.10273927450180054
update step=41 qpos=[-0.020443517714738846, -0.04280175641179085, -0.01609487272799015, 0.024032142013311386, -0.012341097928583622, -0.008172675035893917, 1.0, 0.8078283667564392, 2.0965511798858643, 1.7781703472137451, -1.201611042022705, 0.12562257051467896, -1.189101219177246, 0.0]
pred step=41 action=[[-0.02268942818045616, -0.03492331504821777, -0.016647517681121826, 0.026628047227859497, -0.013496577739715576, -0.01546815037727356, 1.0394632816314697, 0.8037970066070557, 2.094050407409668, 1.7979912757873535, -1.2200403213500977, 0.11864757537841797, -1.184898018836975, -0.16124838590621948]] left_gripper=1.0394632816314697 right_gripper=-0.16124838590621948
update step=42 qpos=[-0.02242262288928032, -0.03585418686270714, -0.016589593142271042, 0.02628866210579872, -0.013346558436751366, -0.014537252485752106, 1.0, 0.8041430711746216, 2.0942978858947754, 1.7955776453018188, -1.21766996383667, 0.11954526603221893, -1.1854326725006104, 0.0]
pred step=42 action=[[-0.020332101732492447, -0.04325598478317261, -0.022299110889434814, 0.024270132184028625, -0.015682607889175415, -0.01983901858329773, 1.0347716808319092, 0.8013343811035156, 2.079488754272461, 1.8016266822814941, -1.2376949787139893, 0.11779659986495972, -1.1975243091583252, -0.15180760622024536]] left_gripper=1.0347716808319092 right_gripper=-0.15180760622024536
update step=43 qpos=[-0.020572641864418983, -0.042364344000816345, -0.021657591685652733, 0.02451065368950367, -0.015392275527119637, -0.019163794815540314, 1.0, 0.8016926050186157, 2.0814621448516846, 1.8006658554077148, -1.235230803489685, 0.11801468580961227, -1.19598388671875, 0.0]
pred step=43 action=[[-0.021871168166399002, -0.042249083518981934, -0.013644635677337646, 0.03623558580875397, -0.010407775640487671, -0.017664581537246704, 1.0404492616653442, 0.7997434139251709, 2.0787694454193115, 1.830643653869629, -1.283378005027771, 0.13021227717399597, -1.211940884590149, -0.1638074517250061]] left_gripper=1.0404492616653442 right_gripper=-0.1638074517250061
update step=44 qpos=[-0.021728821098804474, -0.042336415499448776, -0.014392434619367123, 0.03481830283999443, -0.011035066097974777, -0.017855575308203697, 1.0, 0.7999685406684875, 2.0792596340179443, 1.8267204761505127, -1.2773035764694214, 0.1286628395318985, -1.2099086046218872, 0.0]
pred step=44 action=[[-0.02026805654168129, -0.0334935188293457, -0.00957024097442627, 0.030881598591804504, -0.011702299118041992, -0.02158033847808838, 1.0389316082000732, 0.7978513240814209, 2.063537120819092, 1.807011365890503, -1.2337782382965088, 0.11327856779098511, -1.18950355052948, -0.1444215178489685]] left_gripper=1.0389316082000732 right_gripper=-0.1444215178489685
update step=45 qpos=[-0.020437944680452347, -0.034509096294641495, -0.01022979523986578, 0.031361307948827744, -0.011620991863310337, -0.021105526015162468, 1.0, 0.7981399893760681, 2.0657126903533936, 1.8094357252120972, -1.2392940521240234, 0.11523169279098511, -1.192106008529663, 0.0]
pred step=45 action=[[-0.022313542664051056, -0.0379558801651001, -0.01843702793121338, 0.02805386483669281, -0.011285722255706787, -0.014296799898147583, 1.0419951677322388, 0.7845923900604248, 2.0615031719207764, 1.8196585178375244, -1.2575000524520874, 0.11659038066864014, -1.2076953649520874, -0.1924951672554016]] left_gripper=1.0419951677322388 right_gripper=-0.1924951672554016
update step=46 qpos=[-0.02209440805017948, -0.03750413656234741, -0.017578372731804848, 0.02842743881046772, -0.011323654092848301, -0.015164872631430626, 1.0, 0.7860195636749268, 2.062065839767456, 1.8183056116104126, -1.255210518836975, 0.11643704026937485, -1.2057054042816162, 0.0]
pred step=46 action=[[-0.022191397845745087, -0.04080003499984741, -0.02971559762954712, 0.03077627718448639, -0.010302871465682983, -0.01625150442123413, 1.040504813194275, 0.7823054790496826, 2.046841621398926, 1.8367373943328857, -1.280245304107666, 0.11174193024635315, -1.2252287864685059, -0.21555012464523315]] left_gripper=1.040504813194275 right_gripper=-0.21555012464523315
update step=47 qpos=[-0.02218240685760975, -0.04038696736097336, -0.028340591117739677, 0.03043690323829651, -0.01043170690536499, -0.016112573444843292, 1.0, 0.7829136252403259, 2.04885196685791, 1.8343027830123901, -1.2771048545837402, 0.11232554167509079, -1.222740888595581, 0.0]
pred step=47 action=[[-0.02338331565260887, -0.04225301742553711, -0.019639670848846436, 0.025204330682754517, -0.012774884700775146, -0.011034876108169556, 1.0385735034942627, 0.7843637466430664, 2.0402750968933105, 1.81821608543396, -1.2464845180511475, 0.11243057250976562, -1.2079445123672485, -0.22334516048431396]] left_gripper=1.0385735034942627 right_gripper=-0.22334516048431396
update step=48 qpos=[-0.02323826588690281, -0.042091432958841324, -0.020507019013166428, 0.025935456156730652, -0.012475649826228619, -0.01168233435600996, 1.0, 0.7842541337013245, 2.0416109561920166, 1.8201340436935425, -1.2503713369369507, 0.11241177469491959, -1.2098324298858643, 0.0]
pred step=48 action=[[-0.020918920636177063, -0.04436147212982178, -0.03061014413833618, 0.03151203691959381, -0.011163324117660522, -0.0016227960586547852, 1.0359104871749878, 0.7660621404647827, 2.034493923187256, 1.8125419616699219, -1.2258415222167969, 0.09881088137626648, -1.2159708738327026, -0.2088143229484558]] left_gripper=1.0359104871749878 right_gripper=-0.2088143229484558
update step=49 qpos=[-0.02119545266032219, -0.04404047131538391, -0.02955547906458378, 0.03074323758482933, -0.011332707479596138, -0.002905206521973014, 1.0, 0.7679620385169983, 2.0354015827178955, 1.8135584592819214, -1.2289217710494995, 0.10056877881288528, -1.2151837348937988, 0.0]
pred step=49 action=[[-0.019224144518375397, -0.04898422956466675, -0.045193612575531006, 0.028066962957382202, -0.016846686601638794, 0.003682076930999756, 1.0278085470199585, 0.7502782344818115, 2.0088467597961426, 1.7870383262634277, -1.1988725662231445, 0.07693153619766235, -1.1969492435455322, -0.22237014770507812]] left_gripper=1.0278085470199585 right_gripper=-0.22237014770507812
update step=50 qpos=[-0.019444789737462997, -0.048349037766456604, -0.04347546771168709, 0.02834075503051281, -0.01615285687148571, 0.002842201618477702, 1.0, 0.7524034380912781, 2.0121898651123047, 1.7902394533157349, -1.2027615308761597, 0.07993897795677185, -1.199276089668274, 0.0]
pred step=50 action=[[-0.007351711392402649, 0.008503317832946777, 0.00620800256729126, 0.008858636021614075, 0.01716628670692444, -0.004677802324295044, 1.0181894302368164, 0.7137234210968018, 1.988786220550537, 1.7357292175292969, -1.3383219242095947, 0.14766210317611694, -0.8377945423126221, 0.33304789662361145]] left_gripper=1.0181894302368164 right_gripper=0.33304789662361145
update step=51 qpos=[-0.008837579749524593, 0.0018033745000138879, 0.00016989999858196825, 0.011344259604811668, 0.012928989715874195, -0.0037177891936153173, 1.0, 0.7176225185394287, 1.99154531955719, 1.7413532733917236, -1.3217579126358032, 0.1391218900680542, -1.005776286125183, 0.3330478966236114]
pred step=51 action=[[-0.011460721492767334, 0.019639968872070312, 0.020171940326690674, 0.0005247890949249268, 0.02025851607322693, -0.01006588339805603, 1.0150103569030762, 0.7090897560119629, 1.9947792291641235, 1.7673447132110596, -1.3566681146621704, 0.135109543800354, -0.836760401725769, 0.3339102566242218]] left_gripper=1.0150103569030762 right_gripper=0.3339102566242218
update step=52 qpos=[-0.011165027506649494, 0.017571894451975822, 0.017715677618980408, 0.001902918447740376, 0.01933833211660385, -0.009256263263523579, 1.0, 0.7105425596237183, 1.9941378831863403, 1.7642351388931274, -1.3522049188613892, 0.13559956848621368, -0.8584299087524414, 0.33391025662422186]
pred step=52 action=[[-0.014819115400314331, 0.019962430000305176, 0.03188088536262512, -0.002557799220085144, 0.022431671619415283, -0.01058727502822876, 1.023635745048523, 0.7002447843551636, 2.014657497406006, 1.788738489151001, -1.3719916343688965, 0.1224256157875061, -0.8445103168487549, 0.3297068178653717]] left_gripper=1.023635745048523 right_gripper=0.3297068178653717
update step=53 qpos=[-0.01439682673662901, 0.01966269500553608, 0.030261894688010216, -0.001946869189850986, 0.022048480808734894, -0.010417330078780651, 1.0, 0.7014517188072205, 2.0123465061187744, 1.7856881618499756, -1.3693968057632446, 0.12410629540681839, -0.8462769985198975, 0.3297068178653717]
pred step=53 action=[[-0.016139790415763855, 0.023623943328857422, 0.044563740491867065, -0.005397424101829529, 0.019896745681762695, -0.014252781867980957, 1.0157700777053833, 0.6934159994125366, 2.0262928009033203, 1.8097736835479736, -1.369744896888733, 0.09279528260231018, -0.8378725051879883, 0.3086753487586975]] left_gripper=1.0157700777053833 right_gripper=0.3086753487586975
update step=54 qpos=[-0.015930650755763054, 0.02313961461186409, 0.04291851073503494, -0.004917889833450317, 0.020171986892819405, -0.01376381330192089, 1.0, 0.6944334506988525, 2.0245378017425537, 1.8069969415664673, -1.3695709705352783, 0.09677084535360336, -0.8389422297477722, 0.3086753487586975]
pred step=54 action=[[-0.014361225068569183, -0.0072286128997802734, 0.03657400608062744, -0.00325988233089447, 0.006860852241516113, -0.020003825426101685, 1.022051215171814, 0.673466682434082, 2.0057921409606934, 1.751753330230713, -1.2835657596588135, 0.035861849784851074, -0.8141127824783325, 0.27292510867118835]] left_gripper=1.022051215171814 right_gripper=0.27292510867118835
update step=55 qpos=[-0.014518296346068382, -0.0036272890865802765, 0.03729914128780365, -0.0034707034938037395, 0.008539324626326561, -0.01920933835208416, 1.0, 0.6758155822753906, 2.008229970932007, 1.7586839199066162, -1.2944844961166382, 0.04361741989850998, -0.8172765374183655, 0.27292510867118835]
pred step=55 action=[[-0.020255886018276215, 0.005789577960968018, 0.047081977128982544, 0.0015090107917785645, 0.009230703115463257, -0.01664796471595764, 1.0146472454071045, 0.6404815912246704, 1.999714970588684, 1.7358176708221436, -1.228479266166687, -0.01127663254737854, -0.8102792501449585, 0.26140835881233215]] left_gripper=1.0146472454071045 right_gripper=0.26140835881233215
update step=56 qpos=[-0.01958264410495758, 0.004643606953322887, 0.04599986597895622, 0.000912124291062355, 0.009154090657830238, -0.016974255442619324, 1.0, 0.6444791555404663, 2.0008018016815186, 1.7388876676559448, -1.2367620468139648, -0.004273970145732164, -0.8111653923988342, 0.26140835881233215]
pred step=56 action=[[-0.02086462825536728, 0.0045122504234313965, 0.04011008143424988, 0.012785941362380981, 0.01503610610961914, -0.018546193838119507, 1.0274415016174316, 0.6102362871170044, 1.9958107471466064, 1.6848046779632568, -1.1417970657348633, -0.0706004798412323, -0.7780147790908813, 0.2587583661079407]] left_gripper=1.0274415016174316 right_gripper=0.2587583661079407
update step=57 qpos=[-0.020726662129163742, 0.004554587882012129, 0.040746353566646576, 0.011246933601796627, 0.014295230619609356, -0.01834515668451786, 1.0, 0.6143442392349243, 1.9965933561325073, 1.69168221950531, -1.1537983417510986, -0.06215907260775566, -0.7822408080101013, 0.2587583661079407]
pred step=57 action=[[-0.0144805908203125, -0.01645195484161377, 0.03170713782310486, 0.011242598295211792, 0.002798706293106079, -0.029160290956497192, 1.0139983892440796, 0.5918266773223877, 1.9723248481750488, 1.6393482685089111, -1.031277060508728, -0.14618805050849915, -0.74754798412323, 0.2033112347126007]] left_gripper=1.0139983892440796 right_gripper=0.2033112347126007
update step=58 qpos=[-0.015190579928457737, -0.013968237675726414, 0.03277311101555824, 0.01123841293156147, 0.0042384169064462185, -0.027782751247286797, 1.0, 0.5947104096412659, 1.9752994775772095, 1.6461797952651978, -1.0467498302459717, -0.13552118837833405, -0.7519719004631042, 0.2033112347126007]
pred step=58 action=[[-0.017537131905555725, -0.009600460529327393, 0.024898827075958252, 0.026751190423965454, 0.007249981164932251, -0.024856537580490112, 1.0080764293670654, 0.5535895824432373, 1.9260294437408447, 1.5633121728897095, -0.8788420557975769, -0.22841832041740417, -0.70711350440979, 0.2165568768978119]] left_gripper=1.0080764293670654 right_gripper=0.2165568768978119
update step=59 qpos=[-0.01726641319692135, -0.010116520337760448, 0.025823257863521576, 0.02475711889564991, 0.006873450707644224, -0.025229761376976967, 1.0, 0.5581969618797302, 1.9324082136154175, 1.5736790895462036, -0.90025794506073, -0.21656621992588043, -0.7128328084945679, 0.2165568768978119]
pred step=59 action=[[-0.01083444058895111, -0.013864874839782715, 0.010077297687530518, 0.03515730798244476, 0.0024698376655578613, -0.03318771719932556, 1.006724238395691, 0.5087790489196777, 1.8910956382751465, 1.4568095207214355, -0.6821419596672058, -0.337843120098114, -0.6571987867355347, 0.19810256361961365]] left_gripper=1.006724238395691 right_gripper=0.19810256361961365
update step=60 qpos=[-0.011580992490053177, -0.013390026986598969, 0.011860842816531658, 0.033782560378313065, 0.0030130113009363413, -0.03217383846640587, 1.0, 0.514511227607727, 1.8962092399597168, 1.4703431129455566, -0.7214291095733643, -0.3224196434020996, -0.6642987132072449, 0.19810256361961365]
pred step=60 action=[[-0.012714207172393799, -0.02273881435394287, 0.0010497570037841797, 0.039621978998184204, -0.0033956170082092285, -0.03958204388618469, 1.004424810409546, 0.474256306886673, 1.8632588386535645, 1.3992094993591309, -0.5494478940963745, -0.4314200282096863, -0.6257848143577576, 0.1743730902671814]] left_gripper=1.004424810409546 right_gripper=0.1743730902671814
update step=61 qpos=[-0.012566214427351952, -0.02164365164935589, 0.0023570123594254255, 0.038872167468070984, -0.002584625966846943, -0.03863825649023056, 1.0, 0.47909703850746155, 1.8673920631408691, 1.4082168340682983, -0.5715469121932983, -0.41755229234695435, -0.6307002305984497, 0.1743730902671814]
pred step=61 action=[[-0.00634823739528656, -0.03230351209640503, -0.003843069076538086, 0.04011829197406769, -0.011475235223770142, -0.040743738412857056, 0.9992549419403076, 0.4424441158771515, 1.827393889427185, 1.3078436851501465, -0.3725711703300476, -0.5148485898971558, -0.5686513185501099, 0.14717507362365723]] left_gripper=0.9992549419403076 right_gripper=0.14717507362365723
update step=62 qpos=[-0.007060714531689882, -0.031050527468323708, -0.0030892593786120415, 0.03996087238192558, -0.010364671237766743, -0.040476780384778976, 0.9992549419403076, 0.4467342793941498, 1.8324248790740967, 1.3197888135910034, -0.4019581377506256, -0.5024712681770325, -0.5765737891197205, 0.14717507362365723]
pred step=62 action=[[-0.005658090114593506, -0.023537397384643555, -0.00973975658416748, 0.04737313091754913, -0.012977749109268188, -0.044335633516311646, 0.9965393543243408, 0.40992143750190735, 1.798438549041748, 1.2575507164001465, -0.27229174971580505, -0.5790867209434509, -0.5642131567001343, 0.13052189350128174]] left_gripper=0.9965393543243408 right_gripper=0.13052189350128174
update step=63 qpos=[-0.0058158268220722675, -0.0244100671261549, -0.009003964252769947, 0.04639642685651779, -0.012651411816477776, -0.043844085186719894, 0.9965393543243408, 0.41413262486457825, 1.8025559186935425, 1.2652157545089722, -0.28885024785995483, -0.5693293213844299, -0.5657933950424194, 0.13052189350128174]
pred step=63 action=[[-0.004301309585571289, -0.031079888343811035, -0.02304232120513916, 0.046746835112571716, -0.025138020515441895, -0.05075696110725403, 0.9834094047546387, 0.38306912779808044, 1.7566287517547607, 1.1789473295211792, -0.12110628932714462, -0.6685227155685425, -0.5008416175842285, 0.10086148977279663]] left_gripper=0.9834094047546387 right_gripper=0.10086148977279663
update step=64 qpos=[-0.0044526634737849236, -0.03025444783270359, -0.02147228643298149, 0.04665209725499153, -0.023563940078020096, -0.04987681657075882, 0.9834094047546387, 0.38669487833976746, 1.762190341949463, 1.189383625984192, -0.1426817625761032, -0.6559222936630249, -0.5091400742530823, 0.10086148977279663]
pred step=64 action=[[-0.003161914646625519, -0.02323073148727417, -0.015700817108154297, 0.04184676706790924, -0.027602195739746094, -0.03991812467575073, 0.9828974008560181, 0.3675978183746338, 1.729027509689331, 1.138931393623352, -0.033149607479572296, -0.7154394388198853, -0.48632144927978516, 0.07501828670501709]] left_gripper=0.9828974008560181 right_gripper=0.07501828670501709
update step=65 qpos=[-0.0033058354165405035, -0.024102723225951195, -0.01628119871020317, 0.04249342158436775, -0.027094049379229546, -0.04118848964571953, 0.9828974008560181, 0.3698540925979614, 1.7330375909805298, 1.1449710130691528, -0.04717429354786873, -0.7078927755355835, -0.48923906683921814, 0.07501828670501709]
pred step=65 action=[[-0.0024312883615493774, -0.02316904067993164, -0.011249423027038574, 0.04814828932285309, -0.01807984709739685, -0.04208984971046448, 0.9827418327331543, 0.35597819089889526, 1.7216966152191162, 1.1214351654052734, 0.014258555136620998, -0.7401970028877258, -0.4720126986503601, 0.0578000545501709]] left_gripper=0.9827418327331543 right_gripper=0.0578000545501709
update step=66 qpos=[-0.002552136778831482, -0.02330651320517063, -0.011766443960368633, 0.047461047768592834, -0.019221197813749313, -0.04197395220398903, 0.9827418327331543, 0.3575732409954071, 1.7231872081756592, 1.1241923570632935, 0.006390689872205257, -0.7360875606536865, -0.474214106798172, 0.05780005455017089]
pred step=66 action=[[-0.0013149678707122803, -0.025024771690368652, -0.02314084768295288, 0.04820798337459564, -0.03862673044204712, -0.04355841875076294, 0.9681715965270996, 0.3158668875694275, 1.6769546270370483, 1.01460862159729, 0.2140972912311554, -0.8696605563163757, -0.39733418822288513, 0.0321691632270813]] left_gripper=0.9681715965270996 right_gripper=0.0321691632270813
update step=67 qpos=[-0.0014203436439856887, -0.024754991754889488, -0.021973636001348495, 0.04803984612226486, -0.03617611899971962, -0.04335784912109375, 0.9681715965270996, 0.32039281725883484, 1.6823176145553589, 1.0273374319076538, 0.18074318766593933, -0.8527389764785767, -0.40715473890304565, 0.03216916322708129]
pred step=67 action=[[0.001436762511730194, -0.028937578201293945, -0.02245509624481201, 0.04745672643184662, -0.042557716369628906, -0.04271474480628967, 0.9706639051437378, 0.31123054027557373, 1.661978006362915, 0.9993519186973572, 0.24708552658557892, -0.8850271701812744, -0.4006478488445282, 0.01406949758529663]] left_gripper=0.9706639051437378 right_gripper=0.01406949758529663
update step=68 qpos=[0.0011149029014632106, -0.028474584221839905, -0.02230958268046379, 0.047557979822158813, -0.041758231818675995, -0.04279753565788269, 0.9706639051437378, 0.3124106824398041, 1.6643078327178955, 1.0026766061782837, 0.23862220346927643, -0.8809688687324524, -0.4014831781387329, 0.01406949758529663]
pred step=68 action=[[-0.0005137994885444641, -0.028894484043121338, -0.02873152494430542, 0.05341695249080658, -0.03864562511444092, -0.047445476055145264, 0.9696611762046814, 0.29889658093452454, 1.6504926681518555, 0.9556363821029663, 0.3406003713607788, -0.9525672793388367, -0.35548365116119385, -0.008312582969665527]] left_gripper=0.9696611762046814 right_gripper=-0.008312582969665527
update step=69 qpos=[-0.00032781806658022106, -0.02882782183587551, -0.028019510209560394, 0.05264534056186676, -0.03903675451874733, -0.04685255140066147, 0.9696611762046814, 0.3004508316516876, 1.6521029472351074, 0.9611636996269226, 0.32754871249198914, -0.9435070157051086, -0.36136484146118164, 0.0]
pred step=69 action=[[0.00045777857303619385, -0.02663564682006836, -0.02754443883895874, 0.05428217351436615, -0.03913694620132446, -0.04528909921646118, 0.961540699005127, 0.3023165166378021, 1.6365724802017212, 0.9496017098426819, 0.3432442545890808, -0.9299941658973694, -0.34905385971069336, 0.02124333381652832]] left_gripper=0.961540699005127 right_gripper=0.02124333381652832
update step=70 qpos=[0.0003651547012850642, -0.026910951361060143, -0.02755948156118393, 0.05408526211977005, -0.039125341922044754, -0.04548872262239456, 0.961540699005127, 0.30213549733161926, 1.6383174657821655, 0.9509952068328857, 0.3412497937679291, -0.931739866733551, -0.350625216960907, 0.02124333381652831]
pred step=70 action=[[0.002343006432056427, -0.03063046932220459, -0.029556751251220703, 0.04273606836795807, -0.047449856996536255, -0.04670187830924988, 0.9659836888313293, 0.2999821901321411, 1.6275898218154907, 0.9300892353057861, 0.37174496054649353, -0.9487309455871582, -0.339747816324234, 0.020624101161956787]] left_gripper=0.9659836888313293 right_gripper=0.020624101161956787
update step=71 qpos=[0.002128175925463438, -0.030159424990415573, -0.02940140850841999, 0.044154826551675797, -0.046402040868997574, -0.046547822654247284, 0.9659836888313293, 0.30023685097694397, 1.6288787126541138, 0.9324711561203003, 0.36781880259513855, -0.9465967416763306, -0.34113943576812744, 0.020624101161956784]
pred step=71 action=[[-0.0031300559639930725, -0.014680564403533936, -0.019539058208465576, 0.05657877027988434, -0.03241506218910217, -0.04165855050086975, 0.9595301151275635, 0.3017560839653015, 1.6283034086227417, 0.9287777543067932, 0.40192338824272156, -0.964250385761261, -0.3237079083919525, 0.0032199621200561523]] left_gripper=0.9595301151275635 right_gripper=0.0032199621200561523
update step=72 qpos=[-0.002541413065046072, -0.016577966511249542, -0.020538201555609703, 0.05505466088652611, -0.03417197987437248, -0.04228058084845543, 0.9595301151275635, 0.3016211688518524, 1.628316044807434, 0.9292809963226318, 0.39759624004364014, -0.9620164632797241, -0.3259356617927551, 0.0032199621200561463]
pred step=72 action=[[-0.00033780932426452637, -0.022456586360931396, -0.02174323797225952, 0.045936957001686096, -0.03974193334579468, -0.04839456081390381, 0.9635802507400513, 0.29996639490127563, 1.631519079208374, 0.9253226518630981, 0.4125666618347168, -0.9794479012489319, -0.31654834747314453, -0.016526639461517334]] left_gripper=0.9635802507400513 right_gripper=-0.016526639461517334
update step=73 qpos=[-0.0005855445051565766, -0.021716244518756866, -0.02171156369149685, 0.047067493200302124, -0.03904222697019577, -0.04761532321572304, 0.9635802507400513, 0.300155907869339, 1.631195306777954, 0.9257473945617676, 0.4106442332267761, -0.97723388671875, -0.3177470564842224, 0.0]
pred step=73 action=[[-0.0010949745774269104, -0.018616080284118652, -0.021938562393188477, 0.053653135895729065, -0.033472806215286255, -0.04254019260406494, 0.9657458066940308, 0.29972565174102783, 1.6218863725662231, 0.9142552614212036, 0.4436773657798767, -0.9913617372512817, -0.3083846867084503, -0.015277862548828125]] left_gripper=0.9657458066940308 right_gripper=-0.015277862548828125
update step=74 qpos=[-0.0010467671090736985, -0.018999218940734863, -0.02187146246433258, 0.05282377824187279, -0.03417544439435005, -0.04318719729781151, 0.9657458066940308, 0.2998013496398926, 1.622847557067871, 0.9156879782676697, 0.43948763608932495, -0.9895912408828735, -0.30958378314971924, 0.0]
pred step=74 action=[[-0.0004929527640342712, -0.023388147354125977, -0.027013659477233887, 0.05159205198287964, -0.043451905250549316, -0.045645833015441895, 0.9659265279769897, 0.29923534393310547, 1.612971544265747, 0.9068427085876465, 0.44827815890312195, -0.9888646602630615, -0.297233909368515, -0.013374626636505127]] left_gripper=0.9659265279769897 right_gripper=-0.013374626636505127
update step=75 qpos=[-0.0005388574791140854, -0.022845853120088577, -0.02646397240459919, 0.051724862307310104, -0.04228049889206886, -0.045332785695791245, 0.9659265279769897, 0.2992917597293854, 1.6141668558120728, 0.9078195691108704, 0.44713878631591797, -0.988972008228302, -0.2988106310367584, 0.0]
pred step=75 action=[[-0.00014778971672058105, -0.015339910984039307, -0.024616539478302002, 0.052439361810684204, -0.03350549936294556, -0.04086974263191223, 0.9718778133392334, 0.3017345070838928, 1.6080574989318848, 0.9147709608078003, 0.4285437762737274, -0.9743250608444214, -0.3175559341907501, -0.025700807571411133]] left_gripper=0.9718778133392334 right_gripper=-0.025700807571411133
update step=76 qpos=[-0.0002120233402820304, -0.01624079793691635, -0.02480781264603138, 0.05235425755381584, -0.034615401178598404, -0.04143834114074707, 0.9718778133392334, 0.3014534115791321, 1.608810544013977, 0.9139203429222107, 0.4309186339378357, -0.9761864542961121, -0.3151615560054779, 0.0]
pred step=76 action=[[-0.0009612441062927246, -0.012734949588775635, -0.023399293422698975, 0.05825278162956238, -0.029085129499435425, -0.04349133372306824, 0.9741597771644592, 0.29445624351501465, 1.6127338409423828, 0.9081158638000488, 0.4451955556869507, -0.985742449760437, -0.303296834230423, -0.017350494861602783]] left_gripper=0.9741597771644592 right_gripper=-0.017350494861602783
update step=77 qpos=[-0.0008845835691317916, -0.01316477358341217, -0.023523233830928802, 0.05751505494117737, -0.029782140627503395, -0.04322894290089607, 0.9741597771644592, 0.29519909620285034, 1.6123615503311157, 0.9087421894073486, 0.4433494210243225, -0.9845141172409058, -0.30481213331222534, 0.0]
pred step=77 action=[[-0.0006576105952262878, -0.008083641529083252, -0.026048004627227783, 0.05700273811817169, -0.02464500069618225, -0.04104030132293701, 0.978756308555603, 0.29431530833244324, 1.6074411869049072, 0.8979911804199219, 0.4764811098575592, -1.0012552738189697, -0.2867887020111084, -0.017249107360839844]] left_gripper=0.978756308555603 right_gripper=-0.017249107360839844
update step=78 qpos=[-0.0006953619886189699, -0.00865933671593666, -0.025820156559348106, 0.05703883618116379, -0.025294089689850807, -0.04131912440061569, 0.978756308555603, 0.29446423053741455, 1.6078755855560303, 0.8993465900421143, 0.4722796380519867, -0.9991496205329895, -0.28909263014793396, 0.0]
pred step=78 action=[[-0.005078375339508057, 0.010082542896270752, -0.013326108455657959, 0.05980139970779419, -0.015576362609863281, -0.03406834602355957, 0.9745118021965027, 0.30353131890296936, 1.6135361194610596, 0.9243830442428589, 0.4385963976383209, -0.967599093914032, -0.3107149600982666, -0.020865559577941895]] left_gripper=0.9745118021965027 right_gripper=-0.020865559577941895
update step=79 qpos=[-0.004584751557558775, 0.007813895121216774, -0.014674798585474491, 0.05949830636382103, -0.016794390976428986, -0.03499157726764679, 0.9745118021965027, 0.30250367522239685, 1.612987756729126, 0.9214349985122681, 0.4429120421409607, -0.9715836644172668, -0.3079500198364258, 0.0]
pred step=79 action=[[-0.008733183145523071, 0.03061002492904663, -0.0025781989097595215, 0.06905783712863922, 0.007018476724624634, -0.03218737244606018, 0.9800451993942261, 0.3015281856060028, 1.6109124422073364, 0.9033645391464233, 0.47521522641181946, -0.9915695190429688, -0.27742037177085876, -0.008024394512176514]] left_gripper=0.9800451993942261 right_gripper=-0.008024394512176514
update step=80 qpos=[-0.008296512998640537, 0.027890276163816452, -0.003946498967707157, 0.06786762177944183, 0.0040181418880820274, -0.03254261240363121, 0.9800451993942261, 0.3016493320465088, 1.6111831665039062, 0.9054394364356995, 0.4710634648799896, -0.9890465140342712, -0.2813209295272827, 0.0]
pred step=80 action=[[-0.009025365114212036, 0.052312612533569336, 0.006240367889404297, 0.07817089557647705, 0.02161252498626709, -0.021738767623901367, 0.986912190914154, 0.3012591600418091, 1.6080266237258911, 0.9031224250793457, 0.49295011162757874, -0.9952837824821472, -0.2702024281024933, -0.0005109310150146484]] left_gripper=0.986912190914154 right_gripper=-0.0005109310150146484
update step=81 qpos=[-0.008978469297289848, 0.04941309243440628, 0.005070818122476339, 0.07687313109636307, 0.019392888993024826, -0.023114915937185287, 0.9869121909141539, 0.301303505897522, 1.6082828044891357, 0.9034931659698486, 0.4901919662952423, -0.9944977164268494, -0.27162250876426697, 0.0]
pred step=81 action=[[-0.01905178278684616, 0.0904356837272644, 0.034516870975494385, 0.08628201484680176, 0.051256000995635986, -0.008414685726165771, 0.9851871132850647, 0.3111557364463806, 1.613326072692871, 0.9053623676300049, 0.5068420171737671, -0.9859181642532349, -0.27070358395576477, 0.00956493616104126]] left_gripper=0.9851871132850647 right_gripper=0.00956493616104126
update step=82 qpos=[-0.017937645316123962, 0.08550678938627243, 0.03125490993261337, 0.08517784625291824, 0.047251082956790924, -0.010285567492246628, 0.9851871132850647, 0.31009912490844727, 1.6128156185150146, 0.905133843421936, 0.504716694355011, -0.9870126247406006, -0.2708219289779663, 0.009564936161041246]
pred step=82 action=[[-0.034781333059072495, 0.1735619306564331, 0.07982581853866577, 0.10944409668445587, 0.11827699840068817, 0.01405489444732666, 0.9917881488800049, 0.3047954738140106, 1.6149914264678955, 0.914633572101593, 0.4945209324359894, -0.9767464995384216, -0.2853986918926239, 0.017335832118988037]] left_gripper=0.9917881488800049 right_gripper=0.017335832118988037
update step=83 qpos=[-0.03295638784766197, 0.16307303309440613, 0.07436909526586533, 0.10646969825029373, 0.10933232307434082, 0.010957425460219383, 0.9917881488800049, 0.3052966594696045, 1.6147550344467163, 0.9135488867759705, 0.49583759903907776, -0.9780213832855225, -0.2835361063480377, 0.01733583211898805]
pred step=83 action=[[-0.028874829411506653, 0.13617205619812012, 0.050019651651382446, 0.09395694732666016, 0.07641419768333435, -0.001607447862625122, 0.9900872707366943, 0.31105852127075195, 1.6069884300231934, 0.888752818107605, 0.5172397494316101, -0.9829837083816528, -0.2541426122188568, 0.019851744174957275]] left_gripper=0.9900872707366943 right_gripper=0.019851744174957275
update step=84 qpos=[-0.02928720973432064, 0.13952702283859253, 0.05246638506650925, 0.09539566189050674, 0.08057137578725815, -6.759851203241851e-06, 0.9900872707366943, 0.3105051815509796, 1.6079022884368896, 0.8915923833847046, 0.5144678354263306, -0.9823985695838928, -0.2578980028629303, 0.019851744174957286]
pred step=84 action=[[-0.0678480789065361, 0.32966530323028564, 0.1698020100593567, 0.16786611080169678, 0.23913612961769104, 0.04393342137336731, 0.9946202039718628, 0.31443583965301514, 1.6225409507751465, 0.9106717109680176, 0.5258235335350037, -0.979824423789978, -0.2548457980155945, 0.04052627086639404]] left_gripper=0.9946202039718628 right_gripper=0.04052627086639404
update step=85 qpos=[-0.06367217004299164, 0.30490830540657043, 0.15752312541007996, 0.15920595824718475, 0.21914799511432648, 0.03834201395511627, 0.9946202039718628, 0.31396812200546265, 1.6207674741744995, 0.9085860848426819, 0.52442866563797, -0.9801183938980103, -0.2552335858345032, 0.04052627086639404]
pred step=85 action=[[-0.08578827977180481, 0.44494685530662537, 0.2253774106502533, 0.19452938437461853, 0.3206809163093567, 0.07081088423728943, 1.0001461505889893, 0.3127495050430298, 1.6176433563232422, 0.9139959812164307, 0.5444077253341675, -0.9758141040802002, -0.24398896098136902, 0.05171835422515869]] left_gripper=1.0001461505889893 right_gripper=0.05171835422515869
update step=86 qpos=[-0.08341226726770401, 0.428627610206604, 0.21748919785022736, 0.19008608162403107, 0.3078596591949463, 0.06667612493038177, 1.0, 0.3128563463687897, 1.6179944276809692, 0.9134281277656555, 0.5418899059295654, -0.9763488173484802, -0.24542482197284698, 0.051718354225158705]
pred step=86 action=[[-0.12462542951107025, 0.5950093269348145, 0.3034343719482422, 0.2415320873260498, 0.43469470739364624, 0.09951505064964294, 0.9990382194519043, 0.3255932629108429, 1.636023759841919, 0.9230883121490479, 0.5427300930023193, -0.9713112115859985, -0.2434978187084198, 0.05087381601333618]] left_gripper=0.9990382194519043 right_gripper=0.05087381601333618
update step=87 qpos=[-0.12006447464227676, 0.575398862361908, 0.2940387427806854, 0.23521137237548828, 0.41867300868034363, 0.09533446282148361, 0.9990382194519043, 0.32423684000968933, 1.6341185569763184, 0.9218757152557373, 0.5425924062728882, -0.9719409346580505, -0.2437424510717392, 0.050873816013336175]
pred step=87 action=[[-0.13429643213748932, 0.6651459336280823, 0.33430492877960205, 0.2598327398300171, 0.4845901131629944, 0.11053383350372314, 1.0120097398757935, 0.3247116208076477, 1.62980055809021, 0.9080263376235962, 0.5553407073020935, -0.9785104990005493, -0.2170087695121765, 0.0803571343421936]] left_gripper=1.0120097398757935 right_gripper=0.0803571343421936
update step=88 qpos=[-0.13277281820774078, 0.6547755599021912, 0.3297082185745239, 0.25673580169677734, 0.4762416481971741, 0.10859773308038712, 1.0, 0.324632465839386, 1.6301573514938354, 0.9097309112548828, 0.5537242889404297, -0.9776931405067444, -0.22042207419872284, 0.0803571343421936]
pred step=88 action=[[-0.16745589673519135, 0.819827675819397, 0.41936054825782776, 0.3064643144607544, 0.6116848587989807, 0.14082512259483337, 1.015026569366455, 0.3288189172744751, 1.6304702758789062, 0.9072598814964294, 0.5762515664100647, -0.9946887493133545, -0.19092826545238495, 0.07679468393325806]] left_gripper=1.015026569366455 right_gripper=0.07679468393325806
update step=89 qpos=[-0.16368192434310913, 0.8004195690155029, 0.40965136885643005, 0.3003794848918915, 0.5945053696632385, 0.13671928644180298, 1.0, 0.3283998370170593, 1.6303527355194092, 0.9076024293899536, 0.5733967423439026, -0.9925439953804016, -0.19469377398490906, 0.07679468393325806]
pred step=89 action=[[-0.18527060747146606, 0.9332054853439331, 0.4706243574619293, 0.33818426728248596, 0.6845569610595703, 0.16710972785949707, 1.0176624059677124, 0.32637032866477966, 1.6330113410949707, 0.9022834300994873, 0.567721962928772, -0.9794480204582214, -0.18402327597141266, 0.103557288646698]] left_gripper=1.0176624059677124 right_gripper=0.103557288646698
update step=90 qpos=[-0.18292959034442902, 0.9178338646888733, 0.4638911187648773, 0.3334718942642212, 0.6730964779853821, 0.16323545575141907, 1.0, 0.3265363872051239, 1.6327928304672241, 0.9028538465499878, 0.568414568901062, -0.9811012744903564, -0.18538156151771545, 0.103557288646698]
pred step=90 action=[[-0.2043483853340149, 0.9927762746810913, 0.5029409527778625, 0.3585175573825836, 0.7369157075881958, 0.1821231096982956, 1.0136995315551758, 0.32727497816085815, 1.6384879350662231, 0.8898361921310425, 0.5940998792648315, -0.9876435995101929, -0.16146054863929749, 0.11026054620742798]] left_gripper=1.0136995315551758 right_gripper=0.11026054620742798
update step=91 qpos=[-0.2020067274570465, 0.9840110540390015, 0.4987175166606903, 0.3554275631904602, 0.7288175821304321, 0.1797187179327011, 1.0, 0.3272229731082916, 1.6377390623092651, 0.8914232850074768, 0.5908236503601074, -0.9868230819702148, -0.16451548039913177, 0.11026054620742796]
pred step=91 action=[[-0.2203732281923294, 1.0758265256881714, 0.5503925085067749, 0.3702579736709595, 0.8047575950622559, 0.18083219230175018, 1.0222759246826172, 0.3293749690055847, 1.628401517868042, 0.8750640749931335, 0.6297602653503418, -1.011782169342041, -0.14444051682949066, 0.08958274126052856]] left_gripper=1.0222759246826172 right_gripper=0.08958274126052856
update step=92 qpos=[-0.2183910310268402, 1.0652004480361938, 0.5446199774742126, 0.36844754219055176, 0.795081377029419, 0.18068981170654297, 1.0, 0.32919883728027344, 1.629263997077942, 0.877090334892273, 0.6248365044593811, -1.008654236793518, -0.14700782299041748, 0.08958274126052856]
pred step=92 action=[[-0.22690661251544952, 1.1363847255706787, 0.5846077799797058, 0.3692924380302429, 0.835657000541687, 0.21580559015274048, 1.017383337020874, 0.32785913348197937, 1.6202776432037354, 0.8772127628326416, 0.6162484884262085, -1.0021556615829468, -0.15816961228847504, 0.12844312191009521]] left_gripper=1.017383337020874 right_gripper=0.12844312191009521
update step=93 qpos=[-0.22599174082279205, 1.1281672716140747, 0.5801371932029724, 0.36924898624420166, 0.8304584622383118, 0.2113245576620102, 1.0, 0.3279702067375183, 1.6213674545288086, 0.8771547079086304, 0.6173424124717712, -1.0029851198196411, -0.15674357116222382, 0.12844312191009521]
pred step=93 action=[[-0.22211815416812897, 1.106740951538086, 0.5686321258544922, 0.3623450696468353, 0.805910587310791, 0.21791283786296844, 1.0065237283706665, 0.32238078117370605, 1.601313829421997, 0.8565518856048584, 0.6111925840377808, -0.9871006011962891, -0.1506725698709488, 0.13078880310058594]] left_gripper=1.0065237283706665 right_gripper=0.13078880310058594
update step=94 qpos=[-0.22252076864242554, 1.1090680360794067, 0.5701151490211487, 0.363259881734848, 0.8090419173240662, 0.21707525849342346, 1.0, 0.3229573965072632, 1.603685736656189, 0.8588745594024658, 0.6119444370269775, -0.9891430735588074, -0.1514473706483841, 0.13078880310058594]
pred step=94 action=[[-0.24947237968444824, 1.2224575281143188, 0.6340122222900391, 0.3821146488189697, 0.9027024507522583, 0.24365030229091644, 1.0191441774368286, 0.3213629424571991, 1.6124324798583984, 0.8510082960128784, 0.6590937972068787, -1.0217753648757935, -0.12862733006477356, 0.13840657472610474]] left_gripper=1.0191441774368286 right_gripper=0.13840657472610474
update step=95 qpos=[-0.24653667211532593, 1.2094273567199707, 0.6267796754837036, 0.3797855079174042, 0.8907433152198792, 0.240260049700737, 1.0, 0.32160112261772156, 1.6113711595535278, 0.8519452214241028, 0.6530866622924805, -1.0176379680633545, -0.13154469430446625, 0.13840657472610474]
pred step=95 action=[[-0.2596844732761383, 1.25104820728302, 0.6447317004203796, 0.4070286750793457, 0.9247347116470337, 0.25439709424972534, 1.003612756729126, 0.32452192902565, 1.601326584815979, 0.8309972882270813, 0.6930340528488159, -1.025132179260254, -0.09264881908893585, 0.15109390020370483]] left_gripper=1.003612756729126 right_gripper=0.15109390020370483
update step=96 qpos=[-0.25826379656791687, 1.2460763454437256, 0.642936646938324, 0.4036366939544678, 0.920412540435791, 0.2526000738143921, 1.0, 0.3242361545562744, 1.6023553609848022, 0.8335064649581909, 0.6879611015319824, -1.0242232084274292, -0.097617007791996, 0.15109390020370483]
pred step=96 action=[[-0.2673260569572449, 1.2775012254714966, 0.660432755947113, 0.4208448529243469, 0.9475363492965698, 0.25230926275253296, 0.9879961013793945, 0.3204188346862793, 1.5739738941192627, 0.8161584138870239, 0.711676836013794, -1.0278956890106201, -0.06740128993988037, 0.16177144646644592]] left_gripper=0.9879961013793945 right_gripper=0.16177144646644592
update step=97 qpos=[-0.2663487195968628, 1.2738186120986938, 0.6585344672203064, 0.4186943769454956, 0.944077730178833, 0.2523490786552429, 0.9879961013793946, 0.32082468271255493, 1.5771043300628662, 0.8182522654533386, 0.7086989879608154, -1.027469277381897, -0.0712594985961914, 0.16177144646644592]
pred step=97 action=[[-0.2794719636440277, 1.313680648803711, 0.6741279363632202, 0.42033517360687256, 0.9721201658248901, 0.24932631850242615, 0.9697679281234741, 0.3212762475013733, 1.5693061351776123, 0.8044473528862, 0.7332798838615417, -1.0256941318511963, -0.045603930950164795, 0.16773808002471924]] left_gripper=0.9697679281234741 right_gripper=0.16773808002471924
update step=98 qpos=[-0.27804237604141235, 1.309156894683838, 0.6723085641860962, 0.4201127290725708, 0.968541145324707, 0.2497105896472931, 0.9697679281234741, 0.3212311267852783, 1.570356845855713, 0.8059211373329163, 0.7301101684570312, -1.025941014289856, -0.04887864366173744, 0.16773808002471924]
pred step=98 action=[[-0.2638324499130249, 1.2785029411315918, 0.659308671951294, 0.4017929434776306, 0.9327824115753174, 0.27448099851608276, 0.9581574201583862, 0.30204933881759644, 1.5162248611450195, 0.7892478704452515, 0.7022205591201782, -1.0056705474853516, -0.050406962633132935, 0.22361516952514648]] left_gripper=0.9581574201583862 right_gripper=0.22361516952514648
update step=99 qpos=[-0.2653444707393646, 1.28183114528656, 0.6610062122344971, 0.4041813611984253, 0.9373273849487305, 0.2713208496570587, 0.9581574201583862, 0.3040497303009033, 1.522292971611023, 0.791314423084259, 0.7058465480804443, -1.0082672834396362, -0.05020909756422043, 0.22361516952514648]
pred step=99 action=[[-0.2730709910392761, 1.3152705430984497, 0.6757045984268188, 0.39531534910202026, 0.95176100730896, 0.2797369062900543, 0.9502588510513306, 0.2997815012931824, 1.4889717102050781, 0.7352217435836792, 0.7615506649017334, -1.0208873748779297, -0.0016634464263916016, 0.2166004478931427]] left_gripper=0.9502588510513306 right_gripper=0.2166004478931427
update step=100 qpos=[-0.27222397923469543, 1.3116222620010376, 0.6738393306732178, 0.3963976204395294, 0.9498981833457947, 0.27866092324256897, 0.9502588510513306, 0.30031275749206543, 1.4929840564727783, 0.7414730787277222, 0.754378080368042, -1.0193737745285034, -0.007866431027650833, 0.2166004478931427]
pred step=100 action=[[-0.1751684844493866, 1.6158833503723145, 1.1419178247451782, -0.17826847732067108, 0.8142638206481934, 0.8813223838806152, 0.22438424825668335, 0.24349240958690643, 0.9372245669364929, 0.43313032388687134, 0.5055349469184875, -0.8004682064056396, -0.01957494020462036, 0.854022204875946]] left_gripper=0.22438424825668335 right_gripper=0.854022204875946
update step=101 qpos=[-0.18605229258537292, 1.4957021474838257, 0.8662324547767639, 0.19786755740642548, 0.8312802314758301, 0.4780236482620239, 0.6047779511522363, 0.24945659935474396, 1.2993578910827637, 0.5549336075782776, 0.5700536966323853, -0.8402079939842224, -0.01806716062128544, 0.5463322234650453]
pred step=101 action=[[-0.13986432552337646, 1.5780012607574463, 1.1273568868637085, -0.24542281031608582, 0.7471809387207031, 0.9112256765365601, 0.2357386350631714, 0.22139854729175568, 0.860042154788971, 0.39177852869033813, 0.4591473937034607, -0.734268844127655, -0.025490880012512207, 0.8577980995178223]] left_gripper=0.2357386350631714 right_gripper=0.8577980995178223
update step=102 qpos=[-0.14517024159431458, 1.568179965019226, 1.0476551055908203, 0.0025303661823272705, 0.7577366232872009, 0.6750883460044861, 0.4593684189849429, 0.22429141402244568, 1.106082558631897, 0.41077402234077454, 0.47293251752853394, -0.7476910352706909, -0.024528473615646362, 0.6924143602450689]
pred step=102 action=[[-0.10596659034490585, 1.573346734046936, 1.1544723510742188, -0.3582058250904083, 0.6671667098999023, 0.9892680644989014, 0.24756968021392822, 0.2057982236146927, 0.7924273014068604, 0.37139105796813965, 0.4071151614189148, -0.6698848009109497, -0.030311644077301025, 0.8603672385215759]] left_gripper=0.24756968021392822 right_gripper=0.8603672385215759
update step=103 qpos=[-0.11019165813922882, 1.5737888813018799, 1.1415168046951294, -0.1885460466146469, 0.6785155534744263, 0.8668937683105469, 0.3245428504767241, 0.20768126845359802, 0.9187218546867371, 0.37668806314468384, 0.4155343174934387, -0.6796687245368958, -0.0295619685202837, 0.8245418182677694]
pred step=103 action=[[-0.06394164264202118, 1.5668354034423828, 1.1962053775787354, -0.509103536605835, 0.5536033511161804, 1.0703175067901611, 0.2647548019886017, 0.17906609177589417, 0.701302170753479, 0.3454476594924927, 0.3333507776260376, -0.58188396692276, -0.0533178448677063, 0.8822491765022278]] left_gripper=0.2647548019886017 right_gripper=0.8822491765022278
update step=104 qpos=[-0.0687178373336792, 1.5685679912567139, 1.189414143562317, -0.3792218565940857, 0.569311797618866, 1.0392837524414062, 0.2647548019886017, 0.18211565911769867, 0.7400920391082764, 0.3488598167896271, 0.3436448276042938, -0.5941787958145142, -0.050270527601242065, 0.8822491765022278]
pred step=104 action=[[-0.0314936563372612, 1.4935312271118164, 1.1568832397460938, -0.5509088635444641, 0.474392294883728, 1.0787965059280396, 0.2681173086166382, 0.15886789560317993, 0.6186343431472778, 0.30448853969573975, 0.28835591673851013, -0.5091912746429443, -0.05622512102127075, 0.8950462341308594]] left_gripper=0.2681173086166382 right_gripper=0.8950462341308594
update step=105 qpos=[-0.03531965985894203, 1.501924991607666, 1.1599987745285034, -0.5294305086135864, 0.4864136278629303, 1.0737648010253906, 0.2681173086166382, 0.16141916811466217, 0.6328495144844055, 0.3091704547405243, 0.2952732443809509, -0.5199634432792664, -0.055463243275880814, 0.8950462341308594]
pred step=105 action=[[0.011212311685085297, 1.5021107196807861, 1.2031996250152588, -0.7015426754951477, 0.3590942621231079, 1.2053217887878418, 0.26387208700180054, 0.12496080994606018, 0.5034031867980957, 0.2551156282424927, 0.20402519404888153, -0.4042968451976776, -0.08072099089622498, 0.9171628952026367]] left_gripper=0.26387208700180054 right_gripper=0.9171628952026367
update step=106 qpos=[0.006468696054071188, 1.5021883249282837, 1.1973330974578857, -0.6795862913131714, 0.3751482367515564, 1.1885294914245605, 0.26387208700180054, 0.1289997547864914, 0.5184599161148071, 0.26116856932640076, 0.2155507206916809, -0.41890817880630493, -0.07749193906784058, 0.9171628952026367]
pred step=106 action=[[0.049811363220214844, 1.482193112373352, 1.2091847658157349, -0.7948178648948669, 0.27546313405036926, 1.268014669418335, 0.29963958263397217, 0.10324155539274216, 0.42055922746658325, 0.22208750247955322, 0.1414819061756134, -0.3300696611404419, -0.08616575598716736, 0.9398690462112427]] left_gripper=0.29963958263397217 right_gripper=0.9398690462112427
update step=107 qpos=[0.04533122852444649, 1.4843376874923706, 1.2073067426681519, -0.7803768515586853, 0.2880209982395172, 1.2578767538070679, 0.29963958263397217, 0.10607697814702988, 0.4319438636302948, 0.22652187943458557, 0.15084980428218842, -0.3412800133228302, -0.08505439758300781, 0.9398690462112428]
pred step=107 action=[[0.07726715505123138, 1.496364951133728, 1.2739509344100952, -0.9264606833457947, 0.1867164969444275, 1.3598196506500244, 0.24839437007904053, 0.08486215770244598, 0.3648359775543213, 0.20316720008850098, 0.0657833144068718, -0.2676410675048828, -0.12871883809566498, 0.9368419051170349]] left_gripper=0.24839437007904053 right_gripper=0.9368419051170349
update step=108 qpos=[0.07398151606321335, 1.4948363304138184, 1.2655394077301025, -0.9079297184944153, 0.19950425624847412, 1.3468137979507446, 0.24839437007904053, 0.08719873428344727, 0.37272727489471436, 0.2056327760219574, 0.07652050256729126, -0.2769259512424469, -0.12314379215240479, 0.9368419051170349]
pred step=108 action=[[0.09731695055961609, 1.4859619140625, 1.2715033292770386, -0.9689266681671143, 0.1518930047750473, 1.3916561603546143, 0.2739199697971344, 0.07940687239170074, 0.33390259742736816, 0.1926458179950714, 0.03828050568699837, -0.23947229981422424, -0.13483551144599915, 0.93855881690979]] left_gripper=0.2739199697971344 right_gripper=0.93855881690979
update step=109 qpos=[0.094859778881073, 1.4870445728302002, 1.270390510559082, -0.9613461494445801, 0.157879039645195, 1.3859410285949707, 0.2739199697971344, 0.08024192601442337, 0.3384159505367279, 0.19414231181144714, 0.04312838986515999, -0.24419863522052765, -0.13334402441978455, 0.93855881690979]
pred step=109 action=[[0.11936399340629578, 1.490783929824829, 1.2980283498764038, -1.0441774129867554, 0.0986960381269455, 1.452573537826538, 0.2489052414894104, 0.05970137566328049, 0.27574241161346436, 0.16261601448059082, -0.0032672840170562267, -0.18385736644268036, -0.14598608016967773, 0.9288324117660522]] left_gripper=0.2489052414894104 right_gripper=0.9288324117660522
update step=110 qpos=[0.11682724207639694, 1.4902116060256958, 1.2944291830062866, -1.0337475538253784, 0.10614823549985886, 1.4440749883651733, 0.2489052414894104, 0.06198561564087868, 0.2831546366214752, 0.16606329381465912, 0.002525784308090806, -0.19145332276821136, -0.14436925947666168, 0.9288324117660522]
pred step=110 action=[[0.16295725107192993, 1.5400785207748413, 1.3680765628814697, -1.1632325649261475, 0.03776249289512634, 1.5638549327850342, 0.20753201842308044, 0.04155652970075607, 0.17381638288497925, 0.11564904451370239, -0.06317267566919327, -0.11162258684635162, -0.15963299572467804, 0.9328017830848694]] left_gripper=0.20753201842308044 right_gripper=0.9328017830848694
update step=111 qpos=[0.15806478261947632, 1.5342379808425903, 1.3588871955871582, -1.1467164754867554, 0.04633387550711632, 1.5485724210739136, 0.20753201842308044, 0.04378926753997803, 0.1867036372423172, 0.1213340312242508, -0.05494680255651474, -0.12168222665786743, -0.15768156945705414, 0.9328017830848694]
pred step=111 action=[[0.17526501417160034, 1.5063843727111816, 1.3381998538970947, -1.1456515789031982, 0.011191219091415405, 1.568811058998108, 0.1779429316520691, 0.03331708908081055, 0.16301923990249634, 0.10313233733177185, -0.07133786380290985, -0.0857953131198883, -0.163072869181633, 0.9208707809448242]] left_gripper=0.1779429316520691 right_gripper=0.9208707809448242
update step=112 qpos=[0.17343026399612427, 1.5093989372253418, 1.340728521347046, -1.1459299325942993, 0.015611623413860798, 1.5662367343902588, 0.1779429316520691, 0.03446591645479202, 0.16577543318271637, 0.10529071092605591, -0.06927914917469025, -0.09030698239803314, -0.16238291561603546, 0.9208707809448242]
pred step=112 action=[[0.20999380946159363, 1.5400023460388184, 1.3856992721557617, -1.231393814086914, -0.02263540029525757, 1.6668241024017334, 0.16418850421905518, 0.015220291912555695, 0.10019540786743164, 0.07892531156539917, -0.10437566787004471, -0.040629297494888306, -0.17037490010261536, 0.917373776435852]] left_gripper=0.16418850421905518 right_gripper=0.917373776435852
update step=113 qpos=[0.2060922384262085, 1.5364878177642822, 1.379980444908142, -1.2205337285995483, -0.01786886528134346, 1.653990626335144, 0.16418850421905518, 0.01737345941364765, 0.10795459151268005, 0.08192231506109238, -0.09996917843818665, -0.04687029495835304, -0.1693512350320816, 0.917373776435852]
pred step=113 action=[[0.21494874358177185, 1.5320591926574707, 1.3985233306884766, -1.2495083808898926, -0.026878416538238525, 1.6697814464569092, 0.12211596965789795, 0.01658434420824051, 0.09430420398712158, 0.07722160220146179, -0.11186029016971588, -0.03143477439880371, -0.1736173927783966, 0.9081279039382935]] left_gripper=0.12211596965789795 right_gripper=0.9081279039382935
update step=114 qpos=[0.2139599323272705, 1.5323346853256226, 1.396357536315918, -1.2458455562591553, -0.02575114741921425, 1.6677720546722412, 0.12211596965789795, 0.016641316935420036, 0.09588663280010223, 0.07780888676643372, -0.11034370213747025, -0.03338149935007095, -0.17307281494140625, 0.9081279039382933]
pred step=114 action=[[0.22520679235458374, 1.5227932929992676, 1.3851290941238403, -1.2384769916534424, -0.03548988699913025, 1.667008399963379, 0.16035491228103638, 0.012727998197078705, 0.08186054229736328, 0.07536593079566956, -0.12289547175168991, -0.027183949947357178, -0.1759050488471985, 0.915402889251709]] left_gripper=0.16035491228103638 right_gripper=0.915402889251709
update step=115 qpos=[0.22400778532028198, 1.5240895748138428, 1.386350393295288, -1.239469051361084, -0.03428023308515549, 1.6671063899993896, 0.16035491228103638, 0.013174496591091156, 0.08351773768663406, 0.07563428580760956, -0.12130402028560638, -0.027959315106272697, -0.17554330825805664, 0.915402889251709]
pred step=115 action=[[0.22934135794639587, 1.5252621173858643, 1.382014274597168, -1.2433111667633057, -0.03136599063873291, 1.6749364137649536, 0.12689167261123657, 0.011124104261398315, 0.08503556251525879, 0.07499772310256958, -0.11328407377004623, -0.02700069546699524, -0.17421354353427887, 0.9046491384506226]] left_gripper=0.12689167261123657 right_gripper=0.9046491384506226
update step=116 qpos=[0.22874301671981812, 1.5251610279083252, 1.3824670314788818, -1.242853045463562, -0.03174638748168945, 1.6739379167556763, 0.12689167261123657, 0.011361651122570038, 0.0848396047949791, 0.07511794567108154, -0.11429338902235031, -0.027116768062114716, -0.17438285052776337, 0.9046491384506226]
pred step=116 action=[[0.23283055424690247, 1.5241806507110596, 1.3705267906188965, -1.232436180114746, -0.033102333545684814, 1.6729968786239624, 0.1602049469947815, 0.009422048926353455, 0.08694988489151001, 0.08381658792495728, -0.12611094117164612, -0.02397388219833374, -0.18822164833545685, 0.9084934592247009]] left_gripper=0.1602049469947815 right_gripper=0.9084934592247009
update step=117 qpos=[0.23238715529441833, 1.5243141651153564, 1.3719594478607178, -1.2337801456451416, -0.03293878212571144, 1.6731172800064087, 0.16020494699478147, 0.009645553305745125, 0.08669093996286392, 0.08280295133590698, -0.12458641082048416, -0.024369126185774803, -0.18645648658275604, 0.9084934592247009]
pred step=117 action=[[0.2340565323829651, 1.5249383449554443, 1.3778376579284668, -1.2437748908996582, -0.03201448917388916, 1.6672844886779785, 0.15914303064346313, 0.008169583976268768, 0.08621609210968018, 0.08364003896713257, -0.13502511382102966, -0.02194690704345703, -0.19405263662338257, 0.9093714952468872]] left_gripper=0.15914303064346313 right_gripper=0.9093714952468872
update step=118 qpos=[0.2338695079088211, 1.5247443914413452, 1.3771737813949585, -1.2425036430358887, -0.032134126871824265, 1.6680288314819336, 0.15914303064346313, 0.00833890400826931, 0.08630102127790451, 0.083455890417099, -0.13372106850147247, -0.02225133404135704, -0.1930845081806183, 0.9093714952468872]
pred step=118 action=[[0.23812976479530334, 1.5103332996368408, 1.3480267524719238, -1.214874267578125, -0.029032230377197266, 1.650732159614563, 0.22490248084068298, 0.005322933197021484, 0.0950096845626831, 0.09355956315994263, -0.14591069519519806, -0.02129402756690979, -0.21395480632781982, 0.9132705926895142]] left_gripper=0.22490248084068298 right_gripper=0.9132705926895142
update step=119 qpos=[0.23766425251960754, 1.5121310949325562, 1.3514803647994995, -1.2184574604034424, -0.029435066506266594, 1.6529388427734375, 0.224902480840683, 0.005678619723767042, 0.09396564215421677, 0.09239301830530167, -0.14433683454990387, -0.021411502733826637, -0.21129342913627625, 0.9132705926895143]
pred step=119 action=[[0.23250430822372437, 1.5073001384735107, 1.3453822135925293, -1.2113449573516846, -0.026559561491012573, 1.6539593935012817, 0.26708438992500305, 0.0032359063625335693, 0.09091657400131226, 0.09295827150344849, -0.14766010642051697, -0.015301823616027832, -0.21846042573451996, 0.9169838428497314]] left_gripper=0.26708438992500305 right_gripper=0.9169838428497314
update step=120 qpos=[0.23304973542690277, 1.5078141689300537, 1.3461551666259766, -1.212259292602539, -0.026912052184343338, 1.6538289785385132, 0.26708438992500305, 0.003510889131575823, 0.09128694236278534, 0.09286536276340485, -0.14724299311637878, -0.016070228070020676, -0.21754693984985352, 0.9169838428497314]
pred step=120 action=[[0.23659685254096985, 1.5188846588134766, 1.3506615161895752, -1.2206416130065918, -0.026577234268188477, 1.6620252132415771, 0.23356571793556213, 0.004472389817237854, 0.09013372659683228, 0.08808106184005737, -0.14003591239452362, -0.01933005452156067, -0.21098369359970093, 0.9079281091690063]] left_gripper=0.23356571793556213 right_gripper=0.9079281091690063
update step=121 qpos=[0.23621761798858643, 1.5176588296890259, 1.350059986114502, -1.2195594310760498, -0.02662825398147106, 1.6609790325164795, 0.23356571793556213, 0.00436435965821147, 0.09027766436338425, 0.08863295614719391, -0.14096572995185852, -0.018918462097644806, -0.2118212729692459, 0.9079281091690063]
pred step=121 action=[[0.2341269850730896, 1.497144103050232, 1.3298231363296509, -1.2012031078338623, -0.022733986377716064, 1.6432703733444214, 0.3073744475841522, 0.0014071762561798096, 0.09782284498214722, 0.09916958212852478, -0.1529429703950882, -0.013780683279037476, -0.22844189405441284, 0.9142619967460632]] left_gripper=0.3073744475841522 right_gripper=0.9142619967460632
update step=122 qpos=[0.2343398928642273, 1.4993983507156372, 1.3323452472686768, -1.203603982925415, -0.02322196401655674, 1.6455310583114624, 0.3073744475841522, 0.001747208763845265, 0.09691166132688522, 0.0979631319642067, -0.15139001607894897, -0.01442665234208107, -0.22632147371768951, 0.9142619967460632]
pred step=122 action=[[0.2346133291721344, 1.500049352645874, 1.325575351715088, -1.1996054649353027, -0.024251163005828857, 1.6466765403747559, 0.2971014380455017, -0.00011505186557769775, 0.09353899955749512, 0.09131619334220886, -0.14114807546138763, -0.01266595721244812, -0.22072617709636688, 0.9056304693222046]] left_gripper=0.2971014380455017 right_gripper=0.9056304693222046
update step=123 qpos=[0.2345888763666153, 1.500105857849121, 1.3262935876846313, -1.2001328468322754, -0.024122193455696106, 1.6465296745300293, 0.2971014380455017, 9.810530173126608e-05, 0.09395698457956314, 0.09206622838973999, -0.14247308671474457, -0.012883561663329601, -0.2214401364326477, 0.9056304693222046]
pred step=123 action=[[0.2359527051448822, 1.516972303390503, 1.3222728967666626, -1.1933951377868652, -0.025753706693649292, 1.639033555984497, 0.363296777009964, -0.0002794116735458374, 0.0943603515625, 0.09616521000862122, -0.15099100768566132, -0.016504108905792236, -0.2227732390165329, 0.923865795135498]] left_gripper=0.363296777009964 right_gripper=0.923865795135498
update step=124 qpos=[0.23580963909626007, 1.515122890472412, 1.3227335214614868, -1.1942062377929688, -0.025550082325935364, 1.6399887800216675, 0.363296777009964, -0.000227622440434061, 0.09430292248725891, 0.09569438546895981, -0.14989550411701202, -0.01604589819908142, -0.22260314226150513, 0.923865795135498]
pred step=124 action=[[0.22362560033798218, 1.4793012142181396, 1.280604362487793, -1.155705213546753, -0.01372942328453064, 1.6105868816375732, 0.44578108191490173, -9.107589721679688e-05, 0.1118011474609375, 0.10361602902412415, -0.15790203213691711, -0.010598033666610718, -0.24983423948287964, 0.918116569519043]] left_gripper=0.44578108191490173 right_gripper=0.918116569519043
update step=125 qpos=[0.2249036580324173, 1.4832314252853394, 1.2858343124389648, -1.1607210636138916, -0.015199133194983006, 1.6143407821655273, 0.44578108191490173, -0.00011318105680402368, 0.10974667966365814, 0.10264361649751663, -0.1568865329027176, -0.011290657334029675, -0.2463618516921997, 0.918116569519043]
pred step=125 action=[[0.23468545079231262, 1.5307199954986572, 1.3041267395019531, -1.1826410293579102, -0.01916751265525818, 1.6355608701705933, 0.4379977583885193, 8.216500282287598e-05, 0.09480488300323486, 0.09781533479690552, -0.14754599332809448, -0.020262569189071655, -0.22341105341911316, 0.932158887386322]] left_gripper=0.4379977583885193 right_gripper=0.932158887386322
update step=126 qpos=[0.23363731801509857, 1.5255292654037476, 1.3017443418502808, -1.1797345876693726, -0.018687032163143158, 1.6328489780426025, 0.4379977583885193, 7.336115959333256e-05, 0.09654927998781204, 0.09845618903636932, -0.14871738851070404, -0.019125379621982574, -0.22633929550647736, 0.932158887386322]
pred step=126 action=[[0.22965815663337708, 1.5106613636016846, 1.285559892654419, -1.160710096359253, -0.015968650579452515, 1.6091032028198242, 0.46238571405410767, 0.0001642853021621704, 0.10424160957336426, 0.09968945384025574, -0.1518821269273758, -0.01735234260559082, -0.23345041275024414, 0.9297342300415039]] left_gripper=0.46238571405410767 right_gripper=0.9297342300415039
update step=127 qpos=[0.230078786611557, 1.5120853185653687, 1.2877531051635742, -1.1631479263305664, -0.01633027382194996, 1.6121374368667603, 0.46238571405410767, 0.00015148878446780145, 0.10335329920053482, 0.09948167949914932, -0.15149758756160736, -0.017578285187482834, -0.23254255950450897, 0.9297342300415039]
pred step=127 action=[[0.22191840410232544, 1.5226755142211914, 1.2843737602233887, -1.164135217666626, -0.01097598671913147, 1.5935620069503784, 0.5323684811592102, 0.0007481276988983154, 0.1145322322845459, 0.11121359467506409, -0.16122914850711823, -0.019937604665756226, -0.2404865026473999, 0.9360315799713135]] left_gripper=0.5323684811592102 right_gripper=0.9360315799713135
update step=128 qpos=[0.2270171344280243, 1.5158332586288452, 1.2902361154556274, -1.1640511751174927, -0.01561778225004673, 1.5963160991668701, 0.5323684811592102, 0.0006848477642051876, 0.11318939924240112, 0.10988185554742813, -0.15995728969573975, -0.01964154839515686, -0.23947395384311676, 0.9360315799713135]
pred step=128 action=[[0.21699145436286926, 1.4744594097137451, 1.2529146671295166, -1.136864423751831, -0.006122320890426636, 1.5580270290374756, 0.5901445746421814, 0.0011142641305923462, 0.11473679542541504, 0.11080697178840637, -0.1613701581954956, -0.01798272132873535, -0.24776458740234375, 0.9405730962753296]] left_gripper=0.5901445746421814 right_gripper=0.9405730962753296
update step=129 qpos=[0.2184831202030182, 1.4791581630706787, 1.2574894428253174, -1.1404021978378296, -0.007655021268874407, 1.5629491806030273, 0.5901445746421813, 0.0010622168192639947, 0.11457160115242004, 0.11065736413002014, -0.1612013876438141, -0.01819463074207306, -0.24670788645744324, 0.9405730962753296]
pred step=129 action=[[0.20679736137390137, 1.4717414379119873, 1.2418856620788574, -1.1283245086669922, -0.0025272369384765625, 1.5266997814178467, 0.6571127772331238, -0.002150610089302063, 0.12963134050369263, 0.1267520785331726, -0.1705026924610138, -0.018891900777816772, -0.2742537260055542, 0.9556723833084106]] left_gripper=0.6571127772331238 right_gripper=0.9556723833084106
update step=130 qpos=[0.21034279465675354, 1.4697165489196777, 1.2468379735946655, -1.1296354532241821, -0.005768807604908943, 1.531682014465332, 0.6571127772331238, -0.001766397850587964, 0.12782269716262817, 0.12492521107196808, -0.1692713052034378, -0.018800456076860428, -0.27074116468429565, 0.9556723833084106]
pred step=130 action=[[0.20977908372879028, 1.4681427478790283, 1.2492109537124634, -1.127241849899292, -0.00622132420539856, 1.543428659439087, 0.6646098494529724, 0.0012085288763046265, 0.11863762140274048, 0.1190837025642395, -0.17257237434387207, -0.016363054513931274, -0.2642214298248291, 0.9462538957595825]] left_gripper=0.6646098494529724 right_gripper=0.9462538957595825
update step=131 qpos=[0.20983800292015076, 1.4683340787887573, 1.248937964439392, -1.1275349855422974, -0.0061647011898458, 1.5419284105300903, 0.6646098494529724, 0.0008526642341166735, 0.11976359039545059, 0.1196644976735115, -0.17219339311122894, -0.01667705923318863, -0.2650545835494995, 0.9462538957595825]
pred step=131 action=[[0.2043493688106537, 1.4403486251831055, 1.2218772172927856, -1.1097080707550049, -0.01004934310913086, 1.506690263748169, 0.6987136006355286, -0.0013902932405471802, 0.11834651231765747, 0.11840394139289856, -0.15685886144638062, -0.022475481033325195, -0.2559460997581482, 0.9563195705413818]] left_gripper=0.6987136006355286 right_gripper=0.9563195705413818
update step=132 qpos=[0.20495621860027313, 1.4435580968856812, 1.2251003980636597, -1.112093210220337, -0.0095444917678833, 1.5111888647079468, 0.6987136006355286, -0.0011165038449689746, 0.118477001786232, 0.11866435408592224, -0.15877819061279297, -0.021735865622758865, -0.2571069896221161, 0.9563195705413818]
pred step=132 action=[[0.20408257842063904, 1.4468203783035278, 1.2248049974441528, -1.112752914428711, -0.011361360549926758, 1.508628487586975, 0.7366703748703003, -0.001588091254234314, 0.10148781538009644, 0.11422669887542725, -0.16452406346797943, -0.019327282905578613, -0.2463894486427307, 0.9653204679489136]] left_gripper=0.7366703748703003 right_gripper=0.9653204679489136
update step=133 qpos=[0.20414747297763824, 1.445288062095642, 1.2262201309204102, -1.1124849319458008, -0.011123514734208584, 1.508959412574768, 0.7366703748703003, -0.0015398485120385885, 0.10350356251001358, 0.11470742523670197, -0.16380730271339417, -0.019630415365099907, -0.2477554976940155, 0.9653204679489135]
pred step=133 action=[[0.19213750958442688, 1.4024739265441895, 1.1895804405212402, -1.0865851640701294, -0.007611632347106934, 1.4503021240234375, 0.7781968712806702, -0.0021474212408065796, 0.1082543134689331, 0.11736723780632019, -0.16879324615001678, -0.018582046031951904, -0.24918951094150543, 0.9687601923942566]] left_gripper=0.7781968712806702 right_gripper=0.9687601923942566
update step=134 qpos=[0.19343183934688568, 1.407327651977539, 1.1939986944198608, -1.0900366306304932, -0.008034066297113895, 1.4577895402908325, 0.7781968712806702, -0.002078025136142969, 0.10769537836313248, 0.11703483015298843, -0.16816119849681854, -0.018713563680648804, -0.2490060180425644, 0.9687601923942566]
pred step=134 action=[[0.195948988199234, 1.3885810375213623, 1.176387071609497, -1.0817203521728516, -0.01147371530532837, 1.4436750411987305, 0.7857268452644348, -0.0027752071619033813, 0.11427593231201172, 0.12303277850151062, -0.16779999434947968, -0.021518796682357788, -0.2571980655193329, 0.978142261505127]] left_gripper=0.7857268452644348 right_gripper=0.978142261505127
update step=135 qpos=[0.19569078087806702, 1.3908430337905884, 1.1783684492111206, -1.08287513256073, -0.011044571176171303, 1.4454737901687622, 0.7857268452644348, -0.0026860216166824102, 0.11348193883895874, 0.12237513065338135, -0.1678217649459839, -0.021163465455174446, -0.25615352392196655, 0.978142261505127]
pred step=135 action=[[0.1890777051448822, 1.3320231437683105, 1.1442759037017822, -1.0419793128967285, -0.0074881911277771, 1.4067620038986206, 0.8204342126846313, -0.0014138519763946533, 0.09089779853820801, 0.11268404126167297, -0.16749978065490723, -0.014803886413574219, -0.23679879307746887, 0.9866880178451538]] left_gripper=0.8204342126846313 right_gripper=0.9866880178451538
update step=136 qpos=[0.1897958219051361, 1.338617205619812, 1.1485724449157715, -1.047299861907959, -0.007922666147351265, 1.4117015600204468, 0.8204342126846313, -0.0015799750108271837, 0.09357739239931107, 0.11378609389066696, -0.1675640195608139, -0.015608545392751694, -0.23926688730716705, 0.9866880178451538]
pred step=136 action=[[0.18248167634010315, 1.2843570709228516, 1.096503734588623, -1.0151574611663818, -0.018215060234069824, 1.3361700773239136, 0.8160496950149536, -0.004732996225357056, 0.09247881174087524, 0.11458984017372131, -0.15689590573310852, -0.02064499258995056, -0.2352035641670227, 1.0010688304901123]] left_gripper=0.8160496950149536 right_gripper=1.0010688304901123
update step=137 qpos=[0.18332643806934357, 1.2907720804214478, 1.102501392364502, -1.0194947719573975, -0.016893651336431503, 1.3458070755004883, 0.8160496950149536, -0.004353232681751251, 0.09257455170154572, 0.11458562314510345, -0.15822327136993408, -0.02000049315392971, -0.2357204109430313, 1.0]
pred step=137 action=[[0.1850687861442566, 1.2807445526123047, 1.1005473136901855, -1.0212202072143555, -0.016080260276794434, 1.3425253629684448, 0.8448233008384705, -0.00298231840133667, 0.08429187536239624, 0.11247718334197998, -0.15790747106075287, -0.018151938915252686, -0.23963093757629395, 1.0060546398162842]] left_gripper=0.8448233008384705 right_gripper=1.0060546398162842
update step=138 qpos=[0.1848747879266739, 1.2819210290908813, 1.1007294654846191, -1.0210365056991577, -0.016187623143196106, 1.3429405689239502, 0.8448233008384705, -0.0031468085944652557, 0.08527646958827972, 0.11270475387573242, -0.15795384347438812, -0.018389185890555382, -0.23913227021694183, 1.0]
pred step=138 action=[[0.16581298410892487, 1.1792664527893066, 1.012323260307312, -0.9507094621658325, -0.019835203886032104, 1.220511555671692, 0.8572760820388794, -0.006298050284385681, 0.07052528858184814, 0.11656996607780457, -0.1658458709716797, -0.01547357439994812, -0.2378588616847992, 1.0215815305709839]] left_gripper=0.8572760820388794 right_gripper=1.0215815305709839
update step=139 qpos=[0.1679544299840927, 1.1908143758773804, 1.0230655670166016, -0.9599812030792236, -0.019325891509652138, 1.2361342906951904, 0.8572760820388794, -0.005933823063969612, 0.07223804295063019, 0.11616884917020798, -0.1648118644952774, -0.01583581045269966, -0.23802076280117035, 1.0]
pred step=139 action=[[0.16483329236507416, 1.1509573459625244, 0.9917911887168884, -0.9218493103981018, -0.014584183692932129, 1.2132377624511719, 0.863298237323761, -0.004905968904495239, 0.060152292251586914, 0.10797131061553955, -0.16271854937076569, -0.015153676271438599, -0.22291377186775208, 1.0200917720794678]] left_gripper=0.863298237323761 right_gripper=1.0200917720794678
update step=140 qpos=[0.16517870128154755, 1.155657172203064, 0.9954639077186584, -0.9268096685409546, -0.015179568901658058, 1.2161537408828735, 0.863298237323761, -0.005031428299844265, 0.06160799413919449, 0.10885515064001083, -0.16302111744880676, -0.015240170992910862, -0.22484007477760315, 1.0]
pred step=140 action=[[0.14535270631313324, 1.0125573873519897, 0.866830587387085, -0.8246569037437439, -0.028121888637542725, 1.0855202674865723, 0.8745998740196228, -0.009781137108802795, 0.04363828897476196, 0.10922294855117798, -0.1469501554965973, -0.017821162939071655, -0.2113916277885437, 1.0318604707717896]] left_gripper=0.8745998740196228 right_gripper=1.0318604707717896
update step=141 qpos=[0.14764809608459473, 1.028664469718933, 0.8823950886726379, -0.8380947113037109, -0.026434825733304024, 1.1021894216537476, 0.8745998740196228, -0.009220371022820473, 0.045685965567827225, 0.10938483476638794, -0.14892451465129852, -0.017482701689004898, -0.2131047397851944, 1.0]
pred step=141 action=[[0.13434596359729767, 0.9753560423851013, 0.8339403867721558, -0.7963653206825256, -0.02439764142036438, 1.027945876121521, 0.8859728574752808, -0.011064931750297546, 0.056601107120513916, 0.10671854019165039, -0.13872496783733368, -0.022413820028305054, -0.2217443287372589, 1.0354695320129395]] left_gripper=0.8859728574752808 right_gripper=1.0354695320129395
update step=142 qpos=[0.13588182628154755, 0.9815130233764648, 0.8396451473236084, -0.8018442392349243, -0.02462787926197052, 1.0374126434326172, 0.8859728574752808, -0.010837569832801819, 0.05535617470741272, 0.10692978650331497, -0.1400601714849472, -0.02178780734539032, -0.2206423580646515, 1.0]
pred step=142 action=[[0.12692150473594666, 0.8708163499832153, 0.7450889945030212, -0.7185144424438477, -0.026003539562225342, 0.937949538230896, 0.877181887626648, -0.013478308916091919, 0.007744312286376953, 0.08359742164611816, -0.1267736554145813, -0.007582992315292358, -0.17768904566764832, 1.0309654474258423]] left_gripper=0.877181887626648 right_gripper=1.0309654474258423
update step=143 qpos=[0.12798278033733368, 0.8833566308021545, 0.7565146684646606, -0.7294003963470459, -0.025813626125454903, 0.9506351351737976, 0.8771818876266478, -0.013205035589635372, 0.013352230191230774, 0.08639710396528244, -0.12847641110420227, -0.00936752650886774, -0.1831647753715515, 1.0]
pred step=143 action=[[0.10808542370796204, 0.7535437941551208, 0.6341955065727234, -0.6199102997779846, -0.024924546480178833, 0.7928633689880371, 0.8982899188995361, -0.01566442847251892, -0.012205421924591064, 0.0636974573135376, -0.10465981066226959, -0.004424870014190674, -0.15903156995773315, 1.0296449661254883]] left_gripper=0.8982899188995361 right_gripper=1.0296449661254883
update step=144 qpos=[0.11043429374694824, 0.7683647274971008, 0.6488515138626099, -0.6341764330863953, -0.025002416223287582, 0.8129855990409851, 0.8982899188995361, -0.015390890650451183, -0.009187839925289154, 0.0663796216249466, -0.10772067308425903, -0.005039820913225412, -0.16210578382015228, 1.0]
pred step=144 action=[[0.10436026751995087, 0.7108953595161438, 0.5889005064964294, -0.579255998134613, -0.029237866401672363, 0.7593360543251038, 0.9208530783653259, -0.016528934240341187, -0.013069450855255127, 0.06645989418029785, -0.10419373959302902, -0.01175004243850708, -0.16427552700042725, 1.0383025407791138]] left_gripper=0.9208530783653259 right_gripper=1.0383025407791138
update step=145 qpos=[0.10509426891803741, 0.7174906730651855, 0.596057653427124, -0.5863850712776184, -0.028694454580545425, 0.7661718130111694, 0.9208530783653259, -0.01638203114271164, -0.012648296542465687, 0.06653871387243271, -0.10461312532424927, -0.010899137705564499, -0.16399787366390228, 1.0]
pred step=145 action=[[0.07754024863243103, 0.5144537687301636, 0.4265992343425751, -0.4259013533592224, -0.02888578176498413, 0.5415576696395874, 0.9149775505065918, -0.015539422631263733, -0.04534649848937988, 0.043856024742126465, -0.08238077163696289, -0.0069083571434021, -0.12902706861495972, 1.0285595655441284]] left_gripper=0.9149775505065918 right_gripper=1.0285595655441284
update step=146 qpos=[0.08076783269643784, 0.5457965731620789, 0.44658806920051575, -0.4467240869998932, -0.02880859561264515, 0.5854979753494263, 0.9149775505065918, -0.015652459114789963, -0.041469015181064606, 0.046521540731191635, -0.08524058014154434, -0.007409906946122646, -0.13348571956157684, 1.0]
pred step=146 action=[[0.0684426873922348, 0.42471063137054443, 0.34803980588912964, -0.34861260652542114, -0.03387567400932312, 0.4509633481502533, 0.9303207397460938, -0.017299026250839233, -0.056255042552948, 0.03418487310409546, -0.07416982203722, -0.001967787742614746, -0.12269166111946106, 1.0331965684890747]] left_gripper=0.9303207397460938 right_gripper=1.0331965684890747
update step=147 qpos=[0.06993410736322403, 0.43862178921699524, 0.359989732503891, -0.36122968792915344, -0.033228859305381775, 0.46810340881347656, 0.9303207397460938, -0.017118429765105247, -0.054514963179826736, 0.03565805032849312, -0.07558846473693848, -0.0026503303088247776, -0.12406565994024277, 1.0]
pred step=147 action=[[0.05562017858028412, 0.34943318367004395, 0.2772195339202881, -0.28730297088623047, -0.03478565812110901, 0.36178213357925415, 0.9294834733009338, -0.013738438487052917, -0.06440210342407227, 0.030059456825256348, -0.07375174760818481, 0.0017412006855010986, -0.11182890832424164, 1.029792070388794]] left_gripper=0.9294834733009338 right_gripper=1.029792070388794
update step=148 qpos=[0.05733002349734306, 0.3598036766052246, 0.2870711386203766, -0.296853631734848, -0.034574516117572784, 0.37533485889434814, 0.9294834733009338, -0.01414717547595501, -0.06323939561843872, 0.03073536418378353, -0.07398620247840881, 0.001181610394269228, -0.11338851600885391, 1.0]
pred step=148 action=[[0.051371216773986816, 0.29315823316574097, 0.23721444606781006, -0.24657270312309265, -0.04563698172569275, 0.3085136413574219, 0.9338599443435669, -0.01517564058303833, -0.0682031512260437, 0.026254892349243164, -0.07485982775688171, -0.001464754343032837, -0.10247094929218292, 1.0261549949645996]] left_gripper=0.9338599443435669 right_gripper=1.0261549949645996
update step=149 qpos=[0.052109379321336746, 0.3008589744567871, 0.24333061277866364, -0.2529941499233246, -0.04423796385526657, 0.3170282244682312, 0.9338599443435669, -0.01505045872181654, -0.06760751456022263, 0.02675778977572918, -0.07476259022951126, -0.0011267141671851277, -0.10386237502098083, 1.0]
pred step=149 action=[[0.04048684984445572, 0.20443493127822876, 0.16477540135383606, -0.18037758767604828, -0.042861372232437134, 0.22186389565467834, 0.9427915215492249, -0.014465540647506714, -0.07250231504440308, 0.0129241943359375, -0.07185451686382294, 0.005095541477203369, -0.10544782876968384, 1.0367965698242188]] left_gripper=0.9427915215492249 right_gripper=1.0367965698242188
update step=150 qpos=[0.04186952859163284, 0.21572662889957428, 0.17412123084068298, -0.1897297203540802, -0.04302769899368286, 0.233995720744133, 0.9427915215492249, -0.014547188766300678, -0.07188188284635544, 0.014450965449213982, -0.07228151708841324, 0.004307679366320372, -0.1052449494600296, 1.0]
pred step=150 action=[[-0.03988523781299591, 0.06759035587310791, 0.03007933497428894, -0.04080072045326233, -0.002493053674697876, 0.04382935166358948, 1.0350584983825684, 0.17036448419094086, 0.2741903066635132, 0.1895357072353363, -0.18822121620178223, 0.047626227140426636, -0.20277708768844604, 0.9161033630371094]] left_gripper=1.0350584983825684 right_gripper=0.9161033630371094
update step=151 qpos=[-0.030354032292962074, 0.08503228425979614, 0.04719475656747818, -0.059931427240371704, -0.007471966091543436, 0.07011806219816208, 1.0, 0.14729556441307068, 0.1174355000257492, 0.16900089383125305, -0.17286783456802368, 0.04183986783027649, -0.1903546154499054, 0.9161033630371094]
pred step=151 action=[[-0.032794930040836334, 0.04058384895324707, 0.011409938335418701, -0.015308476984500885, -0.007855355739593506, 0.033588677644729614, 1.038322925567627, 0.18642030656337738, 0.30878162384033203, 0.20656517148017883, -0.22358553111553192, 0.05304783582687378, -0.22892209887504578, 0.9341524839401245]] left_gripper=1.038322925567627 right_gripper=0.9341524839401245
update step=152 qpos=[-0.03251681849360466, 0.04567449167370796, 0.016030065715312958, -0.020907696336507797, -0.007802955806255341, 0.03823614865541458, 1.0, 0.18184582889080048, 0.28345680236816406, 0.20153890550136566, -0.2172752469778061, 0.05154181271791458, -0.22401776909828186, 0.9341524839401245]
pred step=152 action=[[-0.03260461986064911, 0.0417555570602417, 0.013186454772949219, -0.011588603258132935, -0.009340286254882812, 0.04267159104347229, 1.046386480331421, 0.21095114946365356, 0.3824900984764099, 0.2653466761112213, -0.2685132920742035, 0.05754584074020386, -0.26990658044815063, 0.9363921880722046]] left_gripper=1.046386480331421 right_gripper=0.9363921880722046
update step=153 qpos=[-0.03259209170937538, 0.04217761009931564, 0.013613908551633358, -0.012747623026371002, -0.009145593270659447, 0.042104147374629974, 1.0, 0.20754507184028625, 0.37068459391593933, 0.25829899311065674, -0.261755108833313, 0.05672227218747139, -0.26406219601631165, 0.9363921880722046]
pred step=153 action=[[-0.03158991411328316, 0.02959311008453369, 0.00014919042587280273, 0.00514926016330719, -0.012807071208953857, 0.02828460931777954, 1.0543549060821533, 0.23983299732208252, 0.4871813952922821, 0.3345298171043396, -0.3143983781337738, 0.05638572573661804, -0.31131112575531006, 0.9503506422042847]] left_gripper=1.0543549060821533 right_gripper=0.9503506422042847
update step=154 qpos=[-0.03169786557555199, 0.031089704483747482, 0.001728647737763822, 0.0028510610572993755, -0.012348217889666557, 0.03004636988043785, 1.0, 0.23607076704502106, 0.4735170602798462, 0.325655072927475, -0.30751723051071167, 0.056353334337472916, -0.3052956461906433, 0.9503506422042847]
pred step=154 action=[[-0.03252364322543144, 0.039141714572906494, 0.0050841569900512695, 0.000369831919670105, -0.010193884372711182, 0.029309481382369995, 1.0621674060821533, 0.2815471887588501, 0.6267398595809937, 0.438468337059021, -0.3856154680252075, 0.06654468178749084, -0.37226617336273193, 0.9556877613067627]] left_gripper=1.0621674060821533 right_gripper=0.9556877613067627
update step=155 qpos=[-0.0324307382106781, 0.038176655769348145, 0.004708695691078901, 0.0006939916638657451, -0.010464890860021114, 0.02940298244357109, 1.0, 0.27622488141059875, 0.6087514162063599, 0.4254676401615143, -0.37533673644065857, 0.06515217572450638, -0.36373820900917053, 0.9556877613067627]
pred step=155 action=[[-0.028980858623981476, 0.042923569679260254, -0.004672706127166748, 0.00462794303894043, -0.011702895164489746, 0.025002747774124146, 1.064145803451538, 0.3025585412979126, 0.7031795382499695, 0.4833216071128845, -0.4182872772216797, 0.0706469714641571, -0.40500521659851074, 0.9470223784446716]] left_gripper=1.064145803451538 right_gripper=0.9470223784446716
update step=156 qpos=[-0.029382383450865746, 0.04240455850958824, -0.003673309925943613, 0.0040727825835347176, -0.011553684249520302, 0.025563303381204605, 1.0, 0.2994926869869232, 0.6923086047172546, 0.47644346952438354, -0.4126838147640228, 0.06988592445850372, -0.39975303411483765, 0.9470223784446716]
pred step=156 action=[[-0.02949710190296173, 0.05056816339492798, 0.007008731365203857, 0.010059744119644165, -0.010766327381134033, 0.023587584495544434, 1.0713434219360352, 0.3428099453449249, 0.8339639902114868, 0.5917733907699585, -0.4971989095211029, 0.08121922612190247, -0.46530163288116455, 0.9497354030609131]] left_gripper=1.0713434219360352 right_gripper=0.9497354030609131
update step=157 qpos=[-0.02948448248207569, 0.04952476546168327, 0.005955181550234556, 0.009374759159982204, -0.010866084136068821, 0.023839252069592476, 1.0, 0.3377566635608673, 0.8173720836639404, 0.5785467624664307, -0.4860232174396515, 0.07968652248382568, -0.45695406198501587, 0.9497354030609131]
pred step=157 action=[[-0.02991751953959465, 0.034315526485443115, 0.0053591132164001465, 0.00914718210697174, -0.011033624410629272, 0.03335040807723999, 1.0708354711532593, 0.38663724064826965, 0.9723582863807678, 0.6974143385887146, -0.5784861445426941, 0.0940600037574768, -0.5326840877532959, 0.9441521763801575]] left_gripper=1.0708354711532593 right_gripper=0.9441521763801575
update step=158 qpos=[-0.02986803464591503, 0.03612590208649635, 0.0054109892807900906, 0.009180980734527111, -0.011010415852069855, 0.03213769197463989, 1.0, 0.3809547424316406, 0.9543861150741577, 0.6836413741111755, -0.5662786960601807, 0.09212926030158997, -0.5230411291122437, 0.9441521763801575]
pred step=158 action=[[-0.02988787740468979, 0.047442495822906494, 0.004355907440185547, 0.020519688725471497, -0.005664706230163574, 0.016065895557403564, 1.0747404098510742, 0.4342665374279022, 1.1080764532089233, 0.7787138223648071, -0.6400054097175598, 0.085198312997818, -0.5564559698104858, 0.9093567132949829]] left_gripper=1.0747404098510742 right_gripper=0.9093567132949829
update step=159 qpos=[-0.02989429421722889, 0.04610934108495712, 0.004456637892872095, 0.019060863181948662, -0.006342137232422829, 0.01811576634645462, 1.0, 0.42814669013023376, 1.0903892517089844, 0.7677451968193054, -0.6301862597465515, 0.0859585553407669, -0.5522106289863586, 0.9093567132949829]
pred step=159 action=[[-0.028854571282863617, 0.04063206911087036, 0.000276029109954834, 0.014837533235549927, -0.00542876124382019, 0.028472572565078735, 1.081115484237671, 0.45415326952934265, 1.1775453090667725, 0.8479316234588623, -0.6986305117607117, 0.10150623321533203, -0.6183973550796509, 0.9077187776565552]] left_gripper=1.081115484237671 right_gripper=0.9077187776565552
update step=160 qpos=[-0.02898009866476059, 0.04129860922694206, 0.0007270383648574352, 0.015357828699052334, -0.0055447774939239025, 0.027151307091116905, 1.0, 0.4511767327785492, 1.167237639427185, 0.8388161063194275, -0.6895706653594971, 0.09947843849658966, -0.6099634766578674, 0.9077187776565552]
pred step=160 action=[[-0.02562548965215683, 0.03241235017776489, 0.005284726619720459, 0.03274236619472504, -0.004284292459487915, 0.010485261678695679, 1.079170823097229, 0.49416840076446533, 1.2527334690093994, 0.9043550491333008, -0.747144341468811, 0.10829871892929077, -0.647063136100769, 0.8837517499923706]] left_gripper=1.079170823097229 right_gripper=0.8837517499923706
update step=161 qpos=[-0.026019398123025894, 0.03338228166103363, 0.004973747301846743, 0.030612628906965256, -0.0044525498524308205, 0.012610245496034622, 1.0, 0.4892914295196533, 1.2429182529449463, 0.8966692090034485, -0.7395477890968323, 0.10708457231521606, -0.6423450112342834, 0.8837517499923706]
pred step=161 action=[[-0.024578411132097244, 0.031034409999847412, -0.006381571292877197, 0.02587433159351349, -7.238984107971191e-05, 0.014931350946426392, 1.081735610961914, 0.5087941884994507, 1.345655083656311, 0.9518426656723022, -0.7914295196533203, 0.11416137218475342, -0.6854861974716187, 0.8747607469558716]] left_gripper=1.081735610961914 right_gripper=0.8747607469558716
update step=162 qpos=[-0.024756161496043205, 0.0314067117869854, -0.005297011695802212, 0.026382634416222572, -0.0006286534480750561, 0.014634773135185242, 1.0, 0.5065904855728149, 1.3339067697525024, 0.9453795552253723, -0.7845408320426941, 0.1132219061255455, -0.679989755153656, 0.8747607469558716]
pred step=162 action=[[-0.02503255009651184, 0.035831570625305176, -0.003296077251434326, 0.022605255246162415, -0.003940671682357788, 0.006472498178482056, 1.0881544351577759, 0.5127477645874023, 1.3573018312454224, 0.9693624973297119, -0.8024762868881226, 0.11251196265220642, -0.6838887929916382, 0.82100510597229]] left_gripper=1.0881544351577759 right_gripper=0.82100510597229
update step=163 qpos=[-0.024991918355226517, 0.035278670489788055, -0.0034576032776385546, 0.023107340559363365, -0.0035221928264945745, 0.007513075601309538, 1.0, 0.5120639801025391, 1.3542604446411133, 0.9668919444084167, -0.8000348210334778, 0.1125941276550293, -0.6833933591842651, 0.82100510597229]
pred step=163 action=[[-0.023265324532985687, 0.021211326122283936, 0.010859549045562744, 0.020637601613998413, -0.0019934475421905518, 0.008917361497879028, 1.0797921419143677, 0.540247917175293, 1.3927092552185059, 0.9962995648384094, -0.8326990008354187, 0.1230403482913971, -0.7027508020401001, 0.7760461568832397]] left_gripper=1.0797921419143677 right_gripper=0.7760461568832397
update step=164 qpos=[-0.023471591994166374, 0.022797822952270508, 0.009392173029482365, 0.02105620875954628, -0.0021903214510530233, 0.008737786673009396, 1.0, 0.5371090769767761, 1.3883401155471802, 0.9927546381950378, -0.8284401297569275, 0.12165115773677826, -0.7002890110015869, 0.7760461568832397]
pred step=164 action=[[-0.02102147787809372, 0.010953307151794434, 0.011008977890014648, 0.03212113678455353, -0.008321434259414673, -0.005542248487472534, 1.069674015045166, 0.5450410842895508, 1.396493673324585, 1.0021915435791016, -0.8400419354438782, 0.11463755369186401, -0.69623202085495, 0.7383816838264465]] left_gripper=1.069674015045166 right_gripper=0.7383816838264465
update step=165 qpos=[-0.021294252946972847, 0.012356170453131199, 0.010814866051077843, 0.030725985765457153, -0.007553227711468935, -0.0037221929524093866, 1.0, 0.5441709756851196, 1.395442008972168, 1.001160979270935, -0.8385241031646729, 0.11551127582788467, -0.6967520713806152, 0.7383816838264465]
pred step=165 action=[[-0.02363346889615059, 0.02611410617828369, 0.010972917079925537, 0.017111390829086304, -0.00033789873123168945, 0.0022250711917877197, 1.0773494243621826, 0.5537999272346497, 1.463071584701538, 1.036545991897583, -0.8605971932411194, 0.11212381720542908, -0.7179199457168579, 0.7052958607673645]] left_gripper=1.0773494243621826 right_gripper=0.7052958607673645
update step=166 qpos=[-0.02337343990802765, 0.02456020936369896, 0.010746669955551624, 0.018774963915348053, -0.0012450511567294598, 0.0014668538933619857, 1.0, 0.5527467727661133, 1.4554849863052368, 1.0323172807693481, -0.8575841784477234, 0.11253132671117783, -0.7152206301689148, 0.7052958607673645]
pred step=166 action=[[-0.02084691822528839, 0.019039571285247803, 0.016519546508789062, 0.022072747349739075, -0.002791374921798706, -0.00853121280670166, 1.0682883262634277, 0.561037540435791, 1.4479634761810303, 1.0340416431427002, -0.858279287815094, 0.10596907138824463, -0.7070861458778381, 0.6550797820091248]] left_gripper=1.0682883262634277 right_gripper=0.6550797820091248
update step=167 qpos=[-0.02113969437777996, 0.01962933875620365, 0.016018401831388474, 0.021719995886087418, -0.0026016964111477137, -0.007256560027599335, 1.0, 0.5601407885551453, 1.448486089706421, 1.034151315689087, -0.8581443428993225, 0.10678605735301971, -0.7081255912780762, 0.6550797820091248]
pred step=167 action=[[-0.022107992321252823, 0.008547365665435791, 0.02062380313873291, 0.03041490912437439, -0.0030684173107147217, -0.021715939044952393, 1.0538725852966309, 0.5786893367767334, 1.484659194946289, 1.056502342224121, -0.8755952715873718, 0.10139110684394836, -0.7256216406822205, 0.5856674313545227]] left_gripper=1.0538725852966309 right_gripper=0.5856674313545227
update step=168 qpos=[-0.021991148591041565, 0.00982612930238247, 0.020169561728835106, 0.029353389516472816, -0.003009392414242029, -0.0198728796094656, 1.0, 0.5766695141792297, 1.4806774854660034, 1.0537402629852295, -0.8732780814170837, 0.10203175246715546, -0.7233933210372925, 0.5856674313545227]
pred step=168 action=[[-0.02076040953397751, 0.012860596179962158, 0.023287713527679443, 0.023124486207962036, 0.0015694499015808105, -0.01204577088356018, 1.057531476020813, 0.5691035985946655, 1.4767898321151733, 1.056075096130371, -0.8755898475646973, 0.10404092073440552, -0.7235110998153687, 0.5707595944404602]] left_gripper=1.057531476020813 right_gripper=0.5707595944404602
update step=169 qpos=[-0.020915288478136063, 0.012535753659904003, 0.02282111905515194, 0.023894155398011208, 0.0009890762157738209, -0.013044224120676517, 1.0, 0.5698989629745483, 1.4770498275756836, 1.0559555292129517, -0.8752729892730713, 0.10380850732326508, -0.7234945893287659, 0.5707595944404602]
pred step=169 action=[[-0.019923385232686996, -0.0009365081787109375, 0.020222485065460205, 0.03413212299346924, -0.00836077332496643, -0.026401400566101074, 1.0432769060134888, 0.5690705180168152, 1.447759747505188, 1.0403597354888916, -0.8660025596618652, 0.10390076041221619, -0.7197625637054443, 0.5496377944946289]] left_gripper=1.0432769060134888 right_gripper=0.5496377944946289
update step=170 qpos=[-0.02001912333071232, 0.0006266889977268875, 0.02061712183058262, 0.03285899758338928, -0.0071823569014668465, -0.024698713794350624, 1.0, 0.5691640973091125, 1.4510549306869507, 1.0422371625900269, -0.8672704100608826, 0.10389000922441483, -0.7202394008636475, 0.549637794494629]
pred step=170 action=[[-0.019425392150878906, 0.00561368465423584, 0.02036905288696289, 0.023743435740470886, -0.006910085678100586, -0.01729506254196167, 1.0412709712982178, 0.5684908628463745, 1.4609603881835938, 1.033919095993042, -0.8642555475234985, 0.09729117155075073, -0.7172338366508484, 0.5236442685127258]] left_gripper=1.0412709712982178 right_gripper=0.5236442685127258
update step=171 qpos=[-0.01949598826467991, 0.0050652651116251945, 0.02027854323387146, 0.02486528642475605, -0.0069455779157578945, -0.018239691853523254, 1.0, 0.5685786604881287, 1.4600645303726196, 1.0346964597702026, -0.8646764159202576, 0.09812616556882858, -0.7176176309585571, 0.5236442685127258]
pred step=171 action=[[-0.020717889070510864, -0.002623438835144043, 0.020896613597869873, 0.02388836443424225, -0.007215708494186401, -0.024235248565673828, 1.0346707105636597, 0.5768443942070007, 1.4769847393035889, 1.0530495643615723, -0.8774677515029907, 0.09646099805831909, -0.7278845310211182, 0.4752364158630371]] left_gripper=1.0346707105636597 right_gripper=0.4752364158630371
update step=172 qpos=[-0.020573176443576813, -0.001739236176945269, 0.020894357934594154, 0.024038899689912796, -0.007179802283644676, -0.023470386862754822, 1.0, 0.5759505033493042, 1.4749038219451904, 1.0510107278823853, -0.8757433891296387, 0.09665422886610031, -0.7265756130218506, 0.4752364158630372]
pred step=172 action=[[-0.020644061267375946, 0.006403982639312744, 0.020856857299804688, 0.01281873881816864, -0.004323840141296387, -0.01986217498779297, 1.0318819284439087, 0.5726526975631714, 1.49208664894104, 1.0598368644714355, -0.8877311944961548, 0.09420743584632874, -0.7411569356918335, 0.4518685042858124]] left_gripper=1.0318819284439087 right_gripper=0.4518685042858124
update step=173 qpos=[-0.020641963928937912, 0.005485489498823881, 0.02073516696691513, 0.014203814789652824, -0.004684338346123695, -0.02032230794429779, 1.0, 0.5730124115943909, 1.4901552200317383, 1.0587329864501953, -0.886175274848938, 0.09452473372220993, -0.7392966747283936, 0.4518685042858124]
pred step=173 action=[[-0.018420547246932983, 0.001420140266418457, 0.026162415742874146, 0.02151671051979065, -0.006428033113479614, -0.03239604830741882, 1.0219731330871582, 0.5809729099273682, 1.4783334732055664, 1.0705573558807373, -0.8893417119979858, 0.09338578581809998, -0.7416983842849731, 0.4179953336715698]] left_gripper=1.0219731330871582 right_gripper=0.4179953336715698
update step=174 qpos=[-0.01867654360830784, 0.0018381467089056969, 0.02569759264588356, 0.020650574937462807, -0.006213299930095673, -0.030856819823384285, 1.0, 0.5801185369491577, 1.4794704914093018, 1.069376826286316, -0.8888871669769287, 0.09351330250501633, -0.7413936257362366, 0.4179953336715698]
pred step=174 action=[[-0.019805189222097397, 0.00433194637298584, 0.0219995379447937, 0.020589277148246765, -0.007967859506607056, -0.030880898237228394, 1.0233078002929688, 0.5700404644012451, 1.4827897548675537, 1.054913878440857, -0.8834907412528992, 0.09180539846420288, -0.7403776049613953, 0.42274731397628784]] left_gripper=1.0233078002929688 right_gripper=0.42274731397628784
update step=175 qpos=[-0.019668394699692726, 0.004083676263689995, 0.0223108921200037, 0.02055232971906662, -0.007744112517684698, -0.0308784618973732, 1.0, 0.5711250901222229, 1.4827015399932861, 1.0563623905181885, -0.8842542171478271, 0.09204380959272385, -0.7405064702033997, 0.4227473139762878]
pred step=175 action=[[-0.017458908259868622, 0.006832122802734375, 0.026212841272354126, 0.014398649334907532, 0.0003217458724975586, -0.029115527868270874, 1.0202935934066772, 0.5802375078201294, 1.4823592901229858, 1.0532779693603516, -0.875251829624176, 0.079802006483078, -0.7286942601203918, 0.38635531067848206]] left_gripper=1.0202935934066772 right_gripper=0.38635531067848206
update step=176 qpos=[-0.017735371366143227, 0.006493990309536457, 0.025785308331251144, 0.015196984633803368, -0.0007020341581664979, -0.029339969158172607, 1.0, 0.5792853236198425, 1.4822940826416016, 1.0537893772125244, -0.8763641715049744, 0.08133228123188019, -0.7302026748657227, 0.38635531067848206]
pred step=176 action=[[-0.019053280353546143, 0.008096158504486084, 0.024652540683746338, 0.019037902355194092, -0.0026252567768096924, -0.029859542846679688, 1.0221096277236938, 0.5743884444236755, 1.4934606552124023, 1.0708997249603271, -0.8954702019691467, 0.08110091090202332, -0.7453435659408569, 0.3659285008907318]] left_gripper=1.0221096277236938 right_gripper=0.3659285008907318
update step=177 qpos=[-0.018894245848059654, 0.007909759879112244, 0.024781271815299988, 0.018544038757681847, -0.0023790819104760885, -0.029793206602334976, 1.0, 0.5749145150184631, 1.4921362400054932, 1.0688621997833252, -0.8929949998855591, 0.08114130049943924, -0.743410050868988, 0.3659285008907318]
pred step=177 action=[[-0.018788479268550873, 0.012726187705993652, 0.029745668172836304, 0.011611342430114746, -0.004367709159851074, -0.027031123638153076, 1.0203830003738403, 0.5747874975204468, 1.489501714706421, 1.0809714794158936, -0.9021922945976257, 0.08693328499794006, -0.7455015182495117, 0.3720206022262573]] left_gripper=1.0203830003738403 right_gripper=0.3720206022262573
update step=178 qpos=[-0.01879720762372017, 0.012155058793723583, 0.029160942882299423, 0.012500838376581669, -0.004116400144994259, -0.02738342620432377, 1.0, 0.5747941732406616, 1.4897279739379883, 1.0795905590057373, -0.9009945392608643, 0.08619958162307739, -0.7452351450920105, 0.3720206022262573]
pred step=178 action=[[-0.01966509222984314, 0.00925058126449585, 0.02584207057952881, 0.01911430060863495, -0.0035020411014556885, -0.033695876598358154, 1.0107470750808716, 0.575884222984314, 1.479670763015747, 1.0723447799682617, -0.89716637134552, 0.08335244655609131, -0.7463465929031372, 0.3558080792427063]] left_gripper=1.0107470750808716 right_gripper=0.3558080792427063
update step=179 qpos=[-0.019563626497983932, 0.009594828821718693, 0.02623765729367733, 0.018268801271915436, -0.0035788000095635653, -0.032890815287828445, 1.0, 0.5757734179496765, 1.480898141860962, 1.0731257200241089, -0.8977060914039612, 0.08370939642190933, -0.746205747127533, 0.3558080792427063]
pred step=179 action=[[-0.019686702638864517, 0.011240780353546143, 0.030158013105392456, 0.011646300554275513, -0.0026034414768218994, -0.025945693254470825, 1.0146019458770752, 0.5738515853881836, 1.4882521629333496, 1.0824055671691895, -0.9100423455238342, 0.08377832174301147, -0.7503538131713867, 0.3610665500164032]] left_gripper=1.0146019458770752 right_gripper=0.3610665500164032
update step=180 qpos=[-0.019675228744745255, 0.011043569073081017, 0.029697224497795105, 0.01249682903289795, -0.0027256321627646685, -0.026831384748220444, 1.0, 0.5740593671798706, 1.4874221086502075, 1.0812561511993408, -0.9084567427635193, 0.08377339690923691, -0.7498242259025574, 0.3610665500164032]
pred step=180 action=[[-0.019079148769378662, 0.013679921627044678, 0.030261307954788208, 0.014734134078025818, -0.0016555488109588623, -0.033014118671417236, 1.0175153017044067, 0.5690460205078125, 1.4843862056732178, 1.0807366371154785, -0.9077578783035278, 0.08297741413116455, -0.752536416053772, 0.34968283772468567]] left_gripper=1.0175153017044067 right_gripper=0.34968283772468567
update step=181 qpos=[-0.019150564447045326, 0.013369194231927395, 0.030194060876965523, 0.014448384754359722, -0.0017926469445228577, -0.03222550079226494, 1.0, 0.5695931911468506, 1.484709620475769, 1.080818772315979, -0.9078511595726013, 0.08308958262205124, -0.7521897554397583, 0.34968283772468567]
pred step=181 action=[[-0.020909950137138367, 0.009637296199798584, 0.031319111585617065, 0.012602567672729492, -0.0032774507999420166, -0.023662686347961426, 1.0158741474151611, 0.565720796585083, 1.4763562679290771, 1.0705509185791016, -0.8985390663146973, 0.07923409342765808, -0.7459908127784729, 0.3422924280166626]] left_gripper=1.0158741474151611 right_gripper=0.3422924280166626
update step=182 qpos=[-0.020701352506875992, 0.010072928853332996, 0.031201904639601707, 0.012846947647631168, -0.003085170639678836, -0.02475462295114994, 1.0, 0.5661515593528748, 1.4773452281951904, 1.0717540979385376, -0.8997607231140137, 0.07973083853721619, -0.7467814683914185, 0.3422924280166626]
pred step=182 action=[[-0.021231073886156082, 0.015497982501983643, 0.03649178147315979, 0.005498513579368591, -0.0035265684127807617, -0.030483752489089966, 1.0061086416244507, 0.5688537955284119, 1.480660319328308, 1.0735172033309937, -0.9038347005844116, 0.07775953412055969, -0.7472139000892639, 0.3188856244087219]] left_gripper=1.0061086416244507 right_gripper=0.3188856244087219
update step=183 qpos=[-0.021167311817407608, 0.014861393719911575, 0.03584904223680496, 0.0064354450441896915, -0.003470511408522725, -0.02975286915898323, 1.0, 0.5685684084892273, 1.4802900552749634, 1.0732835531234741, -0.903314471244812, 0.0780019760131836, -0.7471590638160706, 0.3188856244087219]
pred step=183 action=[[-0.019792258739471436, 0.0049591064453125, 0.032922714948654175, 0.015021905303001404, -0.00532117486000061, -0.028312206268310547, 1.004944086074829, 0.5612137317657471, 1.458035945892334, 1.062840223312378, -0.9031072854995728, 0.08608165383338928, -0.7541378736495972, 0.32645708322525024]] left_gripper=1.004944086074829 right_gripper=0.32645708322525024
update step=184 qpos=[-0.019950449466705322, 0.006113535724580288, 0.033319052308797836, 0.01394463051110506, -0.0050898222252726555, -0.028496410697698593, 1.0, 0.5619858503341675, 1.4604660272598267, 1.0641244649887085, -0.9032065868377686, 0.08507523685693741, -0.7532466650009155, 0.32645708322525024]
pred step=184 action=[[-0.021611932665109634, 0.0070119500160217285, 0.03671082854270935, 0.013872876763343811, -0.0033339262008666992, -0.03070726990699768, 1.0070750713348389, 0.5661287307739258, 1.4728642702102661, 1.0836116075515747, -0.9138220548629761, 0.0773383378982544, -0.7552850842475891, 0.3255193829536438]] left_gripper=1.0070750713348389 right_gripper=0.3255193829536438
update step=185 qpos=[-0.02141975238919258, 0.006898935418576002, 0.03632277995347977, 0.01389309298247099, -0.003552952315658331, -0.0304250568151474, 1.0, 0.5657047033309937, 1.471510410308838, 1.0812640190124512, -0.9124047756195068, 0.07830851525068283, -0.7550258040428162, 0.3255193829536438]
pred step=185 action=[[-0.01866748183965683, 0.009014129638671875, 0.039763301610946655, 0.008838161826133728, -0.004301398992538452, -0.030222594738006592, 1.0044044256210327, 0.5547019243240356, 1.4337449073791504, 1.0654926300048828, -0.9030677080154419, 0.08266851305961609, -0.7399589419364929, 0.3189884126186371]] left_gripper=1.0044044256210327 right_gripper=0.3189884126186371
update step=186 qpos=[-0.01898953691124916, 0.008771808817982674, 0.03933526948094368, 0.009480755776166916, -0.004212183877825737, -0.030248815193772316, 1.0, 0.5558679103851318, 1.4379297494888306, 1.0674662590026855, -0.9043487906455994, 0.0821438729763031, -0.7418797612190247, 0.3189884126186371]
pred step=186 action=[[-0.019471675157546997, 0.0017300248146057129, 0.02948516607284546, 0.009790435433387756, -0.008906155824661255, -0.023923248052597046, 1.0002785921096802, 0.5595811605453491, 1.447622537612915, 1.075533390045166, -0.9105136394500732, 0.07897603511810303, -0.7589462995529175, 0.3212481737136841]] left_gripper=1.0002785921096802 right_gripper=0.3212481737136841
update step=187 qpos=[-0.019405808299779892, 0.002599743427708745, 0.030552154406905174, 0.009706918150186539, -0.008311325684189796, -0.024729998782277107, 1.0, 0.5591973662376404, 1.4467227458953857, 1.0743935108184814, -0.9097245931625366, 0.0793653130531311, -0.7567692399024963, 0.3212481737136841]
pred step=187 action=[[-0.01938793808221817, 0.001163184642791748, 0.03643578290939331, 0.01701204478740692, -0.006627321243286133, -0.02140328288078308, 1.0050067901611328, 0.5647876262664795, 1.458125114440918, 1.0876108407974243, -0.9227530360221863, 0.0810680091381073, -0.7612115144729614, 0.31742987036705017]] left_gripper=1.0050067901611328 right_gripper=0.31742987036705017
update step=188 qpos=[-0.019394081085920334, 0.00126570591237396, 0.03591911122202873, 0.016147561371326447, -0.006839975714683533, -0.02182699181139469, 1.0, 0.5641722083091736, 1.4567726850509644, 1.0860620737075806, -0.9210489392280579, 0.08083993941545486, -0.7606463432312012, 0.31742987036705017]
pred step=188 action=[[-0.022174648940563202, 0.012807965278625488, 0.04425990581512451, 0.013979002833366394, -0.0038027167320251465, -0.016989022493362427, 1.002077579498291, 0.5445917844772339, 1.4163239002227783, 1.0738427639007568, -0.9126061797142029, 0.07811561226844788, -0.7547969818115234, 0.327975869178772]] left_gripper=1.002077579498291 right_gripper=0.327975869178772
update step=189 qpos=[-0.021854478865861893, 0.011453285813331604, 0.04324847459793091, 0.014257875271141529, -0.004180374089628458, -0.01760520227253437, 1.0, 0.5467059016227722, 1.4207470417022705, 1.0754728317260742, -0.9137543439865112, 0.07850977033376694, -0.7555400729179382, 0.32797586917877203]
pred step=189 action=[[-0.02134641632437706, 0.008637547492980957, 0.041080325841903687, 0.005094319581985474, -0.0088881254196167, -0.022914141416549683, 0.9943934679031372, 0.5500657558441162, 1.4307602643966675, 1.0820775032043457, -0.9239290356636047, 0.08769819140434265, -0.7703979015350342, 0.2887899875640869]] left_gripper=0.9943934679031372 right_gripper=0.2887899875640869
update step=190 qpos=[-0.021396305412054062, 0.009008496068418026, 0.0412382148206234, 0.0062285978347063065, -0.008294589817523956, -0.022237401455640793, 0.9943934679031372, 0.5496940612792969, 1.42987859249115, 1.0810338258743286, -0.9226537942886353, 0.08652109652757645, -0.7685033082962036, 0.2887899875640869]
pred step=190 action=[[-0.02112456038594246, 0.0005078911781311035, 0.034060120582580566, 0.01731693744659424, -0.0056917667388916016, -0.008529186248779297, 0.9937179088592529, 0.5395580530166626, 1.3916065692901611, 1.0537244081497192, -0.8878930807113647, 0.07617247104644775, -0.7385198473930359, 0.3287503719329834]] left_gripper=0.9937179088592529 right_gripper=0.3287503719329834
update step=191 qpos=[-0.021163593977689743, 0.001495879958383739, 0.03495582938194275, 0.015910455957055092, -0.006019876804202795, -0.01027705892920494, 0.9937179088592529, 0.5406730771064758, 1.3958642482757568, 1.0571720600128174, -0.892382800579071, 0.07751168310642242, -0.7423439025878906, 0.3287503719329834]
pred step=191 action=[[-0.022595658898353577, 0.008246183395385742, 0.03688603639602661, 0.011551007628440857, -0.0031145811080932617, -0.013412147760391235, 0.9926514625549316, 0.5348339080810547, 1.388720154762268, 1.0507559776306152, -0.8864368200302124, 0.07060319185256958, -0.7402685880661011, 0.31131812930107117]] left_gripper=0.9926514625549316 right_gripper=0.31131812930107117
update step=192 qpos=[-0.022432824596762657, 0.00745525723323226, 0.03663269057869911, 0.012098364531993866, -0.003479105420410633, -0.01301143690943718, 0.9926514625549316, 0.5354936122894287, 1.3896815776824951, 1.051393985748291, -0.8872368931770325, 0.07148967683315277, -0.7405314445495605, 0.31131812930107117]
pred step=192 action=[[-0.021711569279432297, 0.011560320854187012, 0.04521644115447998, 0.003137350082397461, -0.0032483339309692383, -0.009896993637084961, 0.9849717617034912, 0.5295501947402954, 1.3701649904251099, 1.053078293800354, -0.8995806574821472, 0.06964406371116638, -0.7503589987754822, 0.33126533031463623]] left_gripper=0.9849717617034912 right_gripper=0.33126533031463623
update step=193 qpos=[-0.021797405555844307, 0.011057731695473194, 0.04424812272191048, 0.004305051639676094, -0.003278381424024701, -0.01029425673186779, 0.9849717617034912, 0.5302078723907471, 1.3722577095031738, 1.0529178380966187, -0.8980579972267151, 0.06988969445228577, -0.7491048574447632, 0.3312653303146363]
pred step=193 action=[[-0.023686282336711884, 0.014538764953613281, 0.06053704023361206, -0.0016297996044158936, -0.001273423433303833, -0.009342283010482788, 0.98228919506073, 0.5252479314804077, 1.3482356071472168, 1.0461218357086182, -0.8997113108634949, 0.08213457465171814, -0.7485413551330566, 0.3325040340423584]] left_gripper=0.98228919506073 right_gripper=0.3325040340423584
update step=194 qpos=[-0.02346842922270298, 0.014085683971643448, 0.05872549116611481, -0.0008107273024506867, -0.0015229260316118598, -0.00946318544447422, 0.98228919506073, 0.5257620215415955, 1.3510017395019531, 1.0468566417694092, -0.8995876908302307, 0.08059359341859818, -0.7486137747764587, 0.33250403404235834]
pred step=194 action=[[-0.021933432668447495, 0.017033696174621582, 0.053563088178634644, 0.0007347017526626587, -0.001991182565689087, -0.0068433284759521484, 0.9858230352401733, 0.5172861814498901, 1.3386826515197754, 1.0354397296905518, -0.8771989345550537, 0.06763884425163269, -0.7387052774429321, 0.33694618940353394]] left_gripper=0.9858230352401733 right_gripper=0.33694618940353394
update step=195 qpos=[-0.02211330085992813, 0.016751738265156746, 0.0540054552257061, 0.00047730523510836065, -0.001934580272063613, -0.007177476305514574, 0.9858230352401733, 0.5182511210441589, 1.340232491493225, 1.0367591381072998, -0.880075216293335, 0.06930074095726013, -0.7399677634239197, 0.33694618940353394]
pred step=195 action=[[-0.023810219019651413, 0.008595883846282959, 0.048827797174453735, -0.00022129714488983154, -0.0027291178703308105, -0.0034896433353424072, 0.9734374284744263, 0.5081802606582642, 1.2998425960540771, 1.020374059677124, -0.8631573915481567, 0.06848949193954468, -0.7279114723205566, 0.3433891534805298]] left_gripper=0.9734374284744263 right_gripper=0.3433891534805298
update step=196 qpos=[-0.023609613999724388, 0.009554533287882805, 0.04945171996951103, -0.00013470335397869349, -0.0026249156799167395, -0.003959593828767538, 0.9734374284744263, 0.5092855095863342, 1.3043385744094849, 1.0224565267562866, -0.8653837442398071, 0.06861679255962372, -0.7294476628303528, 0.3433891534805298]
pred step=196 action=[[-0.021967463195323944, 0.015403807163238525, 0.05538579821586609, 0.012932971119880676, -0.0035789906978607178, -0.0002868771553039551, 0.9733620882034302, 0.496878981590271, 1.2455511093139648, 0.9998149275779724, -0.844257652759552, 0.0609135627746582, -0.7125186920166016, 0.3593404293060303]] left_gripper=0.9733620882034302 right_gripper=0.3593404293060303
update step=197 qpos=[-0.022159257903695107, 0.014658241532742977, 0.054831430315971375, 0.011321782134473324, -0.003461193758994341, -0.000755170127376914, 0.9733620882034302, 0.49825969338417053, 1.2522213459014893, 1.0025745630264282, -0.8470767140388489, 0.06191985681653023, -0.7146766185760498, 0.3593404293060303]
pred step=197 action=[[-0.02418689802289009, 0.004074037075042725, 0.05317983031272888, -0.0008981674909591675, -0.0009033381938934326, -0.0013275146484375, 0.9579776525497437, 0.4822888970375061, 1.1992590427398682, 0.9736249446868896, -0.8199938535690308, 0.06832453608512878, -0.7020594477653503, 0.3457276523113251]] left_gripper=0.9579776525497437 right_gripper=0.3457276523113251
update step=198 qpos=[-0.023953508585691452, 0.005364416632801294, 0.05326514691114426, 0.000629042973741889, -0.001222781604155898, -0.0012540100142359734, 0.9579776525497437, 0.4840388894081116, 1.2054193019866943, 0.9769799113273621, -0.8235992789268494, 0.06755239516496658, -0.703666090965271, 0.3457276523113251]
pred step=198 action=[[-0.019434325397014618, 0.024474740028381348, 0.05632704496383667, 0.0010036081075668335, 0.0035687386989593506, 0.009322255849838257, 0.9505006074905396, 0.4606507420539856, 1.1560139656066895, 0.948590874671936, -0.7802720665931702, 0.03935953974723816, -0.6794062852859497, 0.37934383749961853]] left_gripper=0.9505006074905396 right_gripper=0.37934383749961853
update step=199 qpos=[-0.019976552575826645, 0.02222694642841816, 0.05593885853886604, 0.0009412923827767372, 0.002955636940896511, 0.007973670028150082, 0.9505006074905396, 0.46332597732543945, 1.1617352962493896, 0.9520211219787598, -0.7858781814575195, 0.042990248650312424, -0.6824968457221985, 0.37934383749961853]
pred step=199 action=[[-0.016141071915626526, 0.019253015518188477, 0.04122203588485718, 0.002870321273803711, -0.0005785822868347168, 0.015355616807937622, 0.9467426538467407, 0.43649259209632874, 1.0904988050460815, 0.8979277610778809, -0.7366253733634949, 0.023292750120162964, -0.660056471824646, 0.4038013815879822]] left_gripper=0.9467426538467407 right_gripper=0.4038013815879822
update step=200 qpos=[-0.016584746539592743, 0.01965726539492607, 0.042834438383579254, 0.002559027634561062, -0.00013835934805683792, 0.01441437192261219, 0.9467426538467407, 0.43953636288642883, 1.0986695289611816, 0.9043509364128113, -0.7431043386459351, 0.02585527114570141, -0.662915050983429, 0.4038013815879821]
pred step=200 action=[[-0.020734190940856934, 0.023973047733306885, -0.008581817150115967, -0.007215917110443115, 0.032704055309295654, 0.04992601275444031, 1.0472711324691772, 0.36458516120910645, 1.461411952972412, 1.1841118335723877, -0.8927100300788879, 0.12403860688209534, -0.6917212605476379, 0.9638283252716064]] left_gripper=1.0472711324691772 right_gripper=0.9638283252716064
update step=201 qpos=[-0.02031644620001316, 0.02370545081794262, -0.003113794606178999, -0.006259080953896046, 0.028563959524035454, 0.045401591807603836, 1.0, 0.3729715943336487, 1.2812063694000244, 1.087669014930725, -0.8740522861480713, 0.11172689497470856, -0.6880373954772949, 0.7224712096430637]
pred step=201 action=[[-0.021060306578874588, 0.019841909408569336, -0.010836303234100342, -0.007316902279853821, 0.02963811159133911, 0.04313081502914429, 1.0505177974700928, 0.3651541471481323, 1.5189296007156372, 1.2316080331802368, -0.9166442155838013, 0.11710622906684875, -0.7322993278503418, 0.9682530164718628]] left_gripper=1.0505177974700928 right_gripper=0.9682530164718628
update step=202 qpos=[-0.02097715623676777, 0.020176097750663757, -0.009582865051925182, -0.007101467810571194, 0.029506010934710503, 0.04342229664325714, 1.0, 0.3661113381385803, 1.4612412452697754, 1.2162753343582153, -0.9106983542442322, 0.1164599061012268, -0.726645827293396, 0.8618923721490084]
pred step=202 action=[[-0.022448595613241196, 0.0216558575630188, -0.0099983811378479, -0.0052260905504226685, 0.03676709532737732, 0.04025977849960327, 1.057724118232727, 0.3762539029121399, 1.6161503791809082, 1.3163882493972778, -0.9706014394760132, 0.11555439233779907, -0.7885291576385498, 0.9557496309280396]] left_gripper=1.057724118232727 right_gripper=0.9557496309280396
update step=203 qpos=[-0.022290747612714767, 0.021460797637701035, -0.009897761978209019, -0.005452137440443039, 0.035851988941431046, 0.04066348448395729, 1.0, 0.37516316771507263, 1.5971959829330444, 1.3055815696716309, -0.9622414112091064, 0.1156664714217186, -0.7806304097175598, 0.9557496309280396]
pred step=203 action=[[-0.023770399391651154, 0.015891611576080322, -0.01806044578552246, -0.00255371630191803, 0.030062079429626465, 0.022483736276626587, 1.058194875717163, 0.3723548352718353, 1.680583119392395, 1.3600564002990723, -1.0032680034637451, 0.11686056852340698, -0.8233367204666138, 0.9475346803665161]] left_gripper=1.058194875717163 right_gripper=0.9475346803665161
update step=204 qpos=[-0.0235824603587389, 0.01657400093972683, -0.017152410000562668, -0.0029518587980419397, 0.030795283615589142, 0.02480126917362213, 1.0, 0.37263333797454834, 1.6700654029846191, 1.3542332649230957, -0.99767005443573, 0.11672834306955338, -0.8178873062133789, 0.9475346803665161]
pred step=204 action=[[-0.025816023349761963, 0.01653498411178589, -0.007181286811828613, 0.0001933276653289795, 0.029249459505081177, 0.005825668573379517, 1.0512257814407349, 0.3664618134498596, 1.7240533828735352, 1.3834675550460815, -1.0299534797668457, 0.10914534330368042, -0.8506770133972168, 0.9394361972808838]] left_gripper=1.0512257814407349 right_gripper=0.9394361972808838
update step=205 qpos=[-0.025548240169882774, 0.016471797600388527, -0.008176499046385288, -0.00013308291090652347, 0.02944680117070675, 0.008244255557656288, 1.0, 0.36715468764305115, 1.7173527479171753, 1.3802590370178223, -1.0256590843200684, 0.11012119799852371, -0.846494734287262, 0.9394361972808838]
pred step=205 action=[[-0.024485528469085693, 0.019861459732055664, -0.007508814334869385, 0.007123112678527832, 0.028076589107513428, 0.012016743421554565, 1.0495409965515137, 0.36604058742523193, 1.8039746284484863, 1.4438382387161255, -1.0649765729904175, 0.10805368423461914, -0.8985024690628052, 0.8991103172302246]] left_gripper=1.0495409965515137 right_gripper=0.8991103172302246
update step=206 qpos=[-0.024607978761196136, 0.01947665959596634, -0.007632363121956587, 0.006187198683619499, 0.028247851878404617, 0.01153463777154684, 1.0, 0.3662120997905731, 1.7935000658035278, 1.4366296529769897, -1.0595886707305908, 0.10832103341817856, -0.8918666839599609, 0.8991103172302246]
pred step=206 action=[[-0.02534889429807663, 0.02110511064529419, -0.003913402557373047, 0.011568069458007812, 0.030732452869415283, 0.007600545883178711, 1.0479446649551392, 0.3595789670944214, 1.8352235555648804, 1.464682936668396, -1.0867300033569336, 0.10463535785675049, -0.9070935249328613, 0.8859475255012512]] left_gripper=1.0479446649551392 right_gripper=0.8859475255012512
update step=207 qpos=[-0.02526635304093361, 0.020891332998871803, -0.004294125363230705, 0.010907751508057117, 0.030419332906603813, 0.008102558553218842, 1.0, 0.36029052734375, 1.8298307657241821, 1.461653470993042, -1.0831105709075928, 0.10511913895606995, -0.9051511287689209, 0.8859475255012511]
pred step=207 action=[[-0.021449699997901917, 0.014889538288116455, -0.011873602867126465, 0.02504543960094452, 0.0196835994720459, 0.008530974388122559, 1.0393497943878174, 0.36855393648147583, 1.9235804080963135, 1.5308459997177124, -1.132493495941162, 0.1106610894203186, -0.9766311645507812, 0.8177042007446289]] left_gripper=1.0393497943878174 right_gripper=0.8177042007446289
update step=208 qpos=[-0.02187555655837059, 0.015609396621584892, -0.010995791293680668, 0.02323126792907715, 0.02103297784924507, 0.008475180715322495, 1.0, 0.3677290380001068, 1.9122977256774902, 1.522861123085022, -1.1258227825164795, 0.10994520783424377, -0.9675129055976868, 0.8177042007446289]
pred step=208 action=[[-0.02285103127360344, 0.012317955493927002, -0.008574366569519043, 0.0311526358127594, 0.02075454592704773, -0.0021177828311920166, 1.0322027206420898, 0.3684237003326416, 1.9513943195343018, 1.556296467781067, -1.1567482948303223, 0.10318624973297119, -0.9872642755508423, 0.7825877070426941]] left_gripper=1.0322027206420898 right_gripper=0.7825877070426941
update step=209 qpos=[-0.02273380197584629, 0.012669891119003296, -0.008758933283388615, 0.03018280677497387, 0.020789682865142822, -0.0007670982740819454, 1.0, 0.36828580498695374, 1.9461358785629272, 1.5526683330535889, -1.1526470184326172, 0.10405278205871582, -0.984746515750885, 0.7825877070426941]
pred step=209 action=[[-0.020510930567979813, 0.00921332836151123, -0.015335321426391602, 0.038558170199394226, 0.011337727308273315, 0.0009283125400543213, 1.0283012390136719, 0.36644500494003296, 1.989188313484192, 1.5928869247436523, -1.1950831413269043, 0.11003386974334717, -1.0252866744995117, 0.6909408569335938]] left_gripper=1.0283012390136719 right_gripper=0.6909408569335938
update step=210 qpos=[-0.020752552896738052, 0.009645398706197739, -0.014618546701967716, 0.03746519610285759, 0.012528044171631336, 0.000710845401044935, 1.0, 0.36662057042121887, 1.9838858842849731, 1.5881266593933105, -1.1895456314086914, 0.10928048193454742, -1.020115613937378, 0.6909408569335938]
pred step=210 action=[[-0.019524328410625458, -0.002972245216369629, -0.010101914405822754, 0.045704469084739685, 0.013951510190963745, -0.012280076742172241, 1.0268921852111816, 0.36274591088294983, 2.030647039413452, 1.6400017738342285, -1.2396763563156128, 0.09662598371505737, -1.0349112749099731, 0.6400584578514099]] left_gripper=1.0268921852111816 right_gripper=0.6400584578514099
update step=211 qpos=[-0.01966952346265316, -0.001542744692414999, -0.010454701259732246, 0.04472799971699715, 0.013766965828835964, -0.010623693466186523, 1.0, 0.3632049858570099, 2.0248048305511475, 1.6338783502578735, -1.2331252098083496, 0.0982368141412735, -1.033024549484253, 0.6400584578514099]
pred step=211 action=[[-0.01959211379289627, -0.001924753189086914, -0.013113439083099365, 0.04222065210342407, 0.007137000560760498, -0.015672534704208374, 1.0211220979690552, 0.35730981826782227, 2.0498008728027344, 1.6418051719665527, -1.2445615530014038, 0.10422056913375854, -1.0605865716934204, 0.6272490620613098]] left_gripper=1.0211220979690552 right_gripper=0.6272490620613098
update step=212 qpos=[-0.019586430862545967, -0.0018327393336221576, -0.01293226983398199, 0.04249720275402069, 0.007974180392920971, -0.015029942616820335, 1.0, 0.3579529821872711, 2.0466501712799072, 1.6409564018249512, -1.2430503368377686, 0.10346933454275131, -1.057070255279541, 0.6272490620613098]
pred step=212 action=[[-0.0149458646774292, -0.006017804145812988, -0.022393405437469482, 0.051647499203681946, 0.005398094654083252, -0.01904889941215515, 1.0269935131072998, 0.34871309995651245, 2.069540023803711, 1.6739230155944824, -1.2836031913757324, 0.11746758222579956, -1.0845600366592407, 0.4891163110733032]] left_gripper=1.0269935131072998 right_gripper=0.4891163110733032
update step=213 qpos=[-0.015484760515391827, -0.005514629650861025, -0.021292410790920258, 0.0504617840051651, 0.005713419523090124, -0.018537359312176704, 1.0, 0.3497384786605835, 2.066509246826172, 1.6700172424316406, -1.278381109237671, 0.11570332199335098, -1.0810539722442627, 0.4891163110733033]
pred step=213 action=[[-0.014042124152183533, -0.009726285934448242, -0.002811908721923828, 0.046595633029937744, 0.006090939044952393, -0.028591156005859375, 1.0200772285461426, 0.35652032494544983, 2.095395088195801, 1.696794033050537, -1.3057442903518677, 0.11634284257888794, -1.0911623239517212, 0.46279168128967285]] left_gripper=1.0200772285461426 right_gripper=0.46279168128967285
update step=214 qpos=[-0.014210290275514126, -0.009322513826191425, -0.0047357273288071156, 0.04720446839928627, 0.006038885563611984, -0.027309587225317955, 1.0, 0.3559470772743225, 2.0919034481048584, 1.6935644149780273, -1.3021763563156128, 0.11624255776405334, -1.0898749828338623, 0.46279168128967285]
pred step=214 action=[[-0.013936609029769897, -0.012354433536529541, -0.010011374950408936, 0.04822330176830292, 0.001943737268447876, -0.02749428153038025, 1.0169646739959717, 0.3429490327835083, 2.08632493019104, 1.68216872215271, -1.2959930896759033, 0.11041533946990967, -1.0868839025497437, 0.42676204442977905]] left_gripper=1.0169646739959717 right_gripper=0.42676204442977905
update step=215 qpos=[-0.013959834352135658, -0.011925415135920048, -0.009576963260769844, 0.04803123697638512, 0.002460598014295101, -0.02747156098484993, 1.0, 0.3442000150680542, 2.0868098735809326, 1.6836426258087158, -1.2968132495880127, 0.11118357628583908, -1.0872644186019897, 0.42676204442977905]
pred step=215 action=[[-0.01514539122581482, -0.012545287609100342, -0.014692246913909912, 0.05090060830116272, 0.002026379108428955, -0.023759305477142334, 1.0207428932189941, 0.34189867973327637, 2.0937910079956055, 1.6990723609924316, -1.3090980052947998, 0.10864606499671936, -1.109055519104004, 0.3664032220840454]] left_gripper=1.0207428932189941 right_gripper=0.3664032220840454
update step=216 qpos=[-0.015005637891590595, -0.012467694468796253, -0.014099945314228535, 0.0505218431353569, 0.002083835192024708, -0.024232536554336548, 1.0, 0.3423260450363159, 2.09295392036438, 1.6971955299377441, -1.3074994087219238, 0.10895776748657227, -1.1062755584716797, 0.36640322208404535]
pred step=216 action=[[-0.013968706130981445, -0.020237445831298828, -0.016406714916229248, 0.04813966155052185, -0.003642052412033081, -0.023586273193359375, 1.0209102630615234, 0.3308437466621399, 2.1012234687805176, 1.715308427810669, -1.322805643081665, 0.10629013180732727, -1.1111814975738525, 0.2858998775482178]] left_gripper=1.0209102630615234 right_gripper=0.2858998775482178
update step=217 qpos=[-0.014079098589718342, -0.01932416297495365, -0.016113771125674248, 0.048449501395225525, -0.0029203463345766068, -0.023668939247727394, 1.0, 0.3320704400539398, 2.10024094581604, 1.7131016254425049, -1.3208158016204834, 0.10664527863264084, -1.1105551719665527, 0.2858998775482178]
pred step=217 action=[[-0.01634117215871811, -0.03126811981201172, -0.009984612464904785, 0.04963403940200806, -0.009124457836151123, -0.02546510100364685, 1.0158209800720215, 0.32723498344421387, 2.0949866771698, 1.7268500328063965, -1.3490769863128662, 0.10285162925720215, -1.1193835735321045, 0.19332227110862732]] left_gripper=1.0158209800720215 right_gripper=0.19332227110862732
update step=218 qpos=[-0.016062458977103233, -0.029903117567300797, -0.010573208332061768, 0.04954425245523453, -0.008336399681866169, -0.025236232206225395, 1.0, 0.32790249586105347, 2.0955650806427, 1.7250889539718628, -1.3455296754837036, 0.103326715528965, -1.1182597875595093, 0.19332227110862735]
pred step=218 action=[[-0.015672840178012848, -0.036466777324676514, -0.007856488227844238, 0.05097995698451996, -0.009010851383209229, -0.023469120264053345, 1.01053786277771, 0.31624919176101685, 2.0823593139648438, 1.716313123703003, -1.342532992362976, 0.10015097260475159, -1.134893774986267, 0.14693135023117065]] left_gripper=1.01053786277771 right_gripper=0.14693135023117065
update step=219 qpos=[-0.015717709437012672, -0.035686857998371124, -0.00818873941898346, 0.05080559477210045, -0.008926588110625744, -0.023694587871432304, 1.0, 0.31751686334609985, 2.0840823650360107, 1.7172678709030151, -1.3429757356643677, 0.10056678205728531, -1.1327722072601318, 0.14693135023117065]
pred step=219 action=[[-0.014374516904354095, -0.041773200035095215, -0.005934655666351318, 0.04951278865337372, -0.013098329305648804, -0.028055846691131592, 1.0070364475250244, 0.3217945396900177, 2.069427013397217, 1.7321672439575195, -1.3692888021469116, 0.10723131895065308, -1.1390272378921509, 0.1599857211112976]] left_gripper=1.0070364475250244 right_gripper=0.1599857211112976
update step=220 qpos=[-0.014523283578455448, -0.04105474427342415, -0.0061971163377165794, 0.04968809336423874, -0.012574397027492523, -0.027500106021761894, 1.0, 0.3214999735355377, 2.0711803436279297, 1.7302515506744385, -1.365993857383728, 0.10636557638645172, -1.138232946395874, 0.1599857211112976]
pred step=220 action=[[-0.015320181846618652, -0.03664487600326538, -0.006361484527587891, 0.04351726174354553, -0.013676315546035767, -0.025948554277420044, 1.0080431699752808, 0.31787365674972534, 2.073735237121582, 1.7024450302124023, -1.3398240804672241, 0.0961180329322815, -1.1233724355697632, 0.12436258792877197]] left_gripper=1.0080431699752808 right_gripper=0.12436258792877197
update step=221 qpos=[-0.015223946422338486, -0.03713589534163475, -0.006430250592529774, 0.04427322745323181, -0.013535657897591591, -0.02614658884704113, 1.0, 0.3182094097137451, 2.0738139152526855, 1.7056864500045776, -1.3431740999221802, 0.09742770344018936, -1.1252683401107788, 0.12436258792877197]
pred step=221 action=[[-0.015118323266506195, -0.04350936412811279, -0.0025191307067871094, 0.047746121883392334, -0.0162774920463562, -0.02646145224571228, 1.0033855438232422, 0.31167757511138916, 2.0757803916931152, 1.732672929763794, -1.377719759941101, 0.1063179075717926, -1.141577124595642, 0.07798153162002563]] left_gripper=1.0033855438232422 right_gripper=0.07798153162002563
update step=222 qpos=[-0.015125371515750885, -0.042798493057489395, -0.0028581381775438786, 0.04735220968723297, -0.01593124307692051, -0.026421422138810158, 1.0, 0.3123813569545746, 2.075178384780884, 1.7295002937316895, -1.3733137845993042, 0.10519850254058838, -1.139495849609375, 0.07798153162002563]
pred step=222 action=[[-0.014850690960884094, -0.0423775315284729, -0.008561134338378906, 0.04297351837158203, -0.014025568962097168, -0.025330334901809692, 0.9966161251068115, 0.298514187335968, 2.057760715484619, 1.6966819763183594, -1.3489049673080444, 0.0946391224861145, -1.1303255558013916, 0.05188697576522827]] left_gripper=0.9966161251068115 right_gripper=0.05188697576522827
update step=223 qpos=[-0.014886803925037384, -0.042371559888124466, -0.008040455169975758, 0.04347468912601471, -0.014267087914049625, -0.02546936459839344, 0.9966161251068115, 0.3000478744506836, 2.060079574584961, 1.7005407810211182, -1.3521060943603516, 0.09599393606185913, -1.131496548652649, 0.05188697576522827]
pred step=223 action=[[-0.01531238853931427, -0.05169862508773804, -0.015740275382995605, 0.04460945725440979, -0.022607505321502686, -0.021898478269577026, 0.9991798400878906, 0.29740703105926514, 2.0384325981140137, 1.749253273010254, -1.412667155265808, 0.10380300879478455, -1.1662702560424805, -0.019591987133026123]] left_gripper=0.9991798400878906 right_gripper=-0.019591987133026123
update step=224 qpos=[-0.01524592936038971, -0.05059552192687988, -0.01482345163822174, 0.04445726051926613, -0.021552029997110367, -0.02235422655940056, 0.9991798400878906, 0.2978407144546509, 2.0407967567443848, 1.743327260017395, -1.404978632926941, 0.10280238091945648, -1.161835789680481, 0.0]
pred step=224 action=[[-0.01331869512796402, -0.0450817346572876, -0.007683396339416504, 0.04028451442718506, -0.021359562873840332, -0.03384065628051758, 0.9967396259307861, 0.2959950268268585, 2.0418190956115723, 1.7136244773864746, -1.3822182416915894, 0.09966257214546204, -1.143157958984375, 0.025538265705108643]] left_gripper=0.9967396259307861 right_gripper=0.025538265705108643
update step=225 qpos=[-0.013544079847633839, -0.04576379060745239, -0.008456118404865265, 0.0408465676009655, -0.0213896743953228, -0.03237615153193474, 0.9967396259307861, 0.29622578620910645, 2.042464256286621, 1.7168772220611572, -1.3851547241210938, 0.1000596135854721, -1.145542860031128, 0.025538265705108643]
pred step=225 action=[[-0.013187006115913391, -0.05260908603668213, -0.00846773386001587, 0.04062552750110626, -0.016834020614624023, -0.027237623929977417, 0.9946585893630981, 0.2951420247554779, 2.0271782875061035, 1.723548412322998, -1.3834688663482666, 0.09828320145606995, -1.1435197591781616, -0.02166229486465454]] left_gripper=0.9946585893630981 right_gripper=-0.02166229486465454
update step=226 qpos=[-0.013238594867289066, -0.05179533362388611, -0.008469711057841778, 0.0406576432287693, -0.017409972846508026, -0.02789308689534664, 0.9946585893630981, 0.2952776849269867, 2.0286343097686768, 1.7229697704315186, -1.3836675882339478, 0.09851008653640747, -1.143776535987854, 0.0]
pred step=226 action=[[-0.01375984400510788, -0.0486411452293396, -0.017548799514770508, 0.03459887206554413, -0.01980319619178772, -0.029693782329559326, 0.9893102645874023, 0.2721351981163025, 2.003800392150879, 1.73799729347229, -1.414487361907959, 0.09755244851112366, -1.1699448823928833, -0.058729708194732666]] left_gripper=0.9893102645874023 right_gripper=-0.058729708194732666
update step=227 qpos=[-0.013693438842892647, -0.048949532210826874, -0.016654590144753456, 0.035296760499477386, -0.019499626010656357, -0.029464060440659523, 0.9893102645874023, 0.27450552582740784, 2.0069406032562256, 1.7359576225280762, -1.410652995109558, 0.09771262854337692, -1.1666064262390137, 0.0]
pred step=227 action=[[-0.014882169663906097, -0.046073853969573975, -0.009510278701782227, 0.036304399371147156, -0.01662275195121765, -0.0285092294216156, 0.993931233882904, 0.28145748376846313, 2.027583122253418, 1.7544257640838623, -1.4221645593643188, 0.09770745038986206, -1.1628764867782593, -0.03613770008087158]] left_gripper=0.993931233882904 right_gripper=-0.03613770008087158
update step=228 qpos=[-0.014748567715287209, -0.04647807404398918, -0.010181083343923092, 0.03623805195093155, -0.01698392443358898, -0.02863074466586113, 0.993931233882904, 0.2810091972351074, 2.025552749633789, 1.75199294090271, -1.4206178188323975, 0.09767604619264603, -1.1633541584014893, 0.0]
pred step=228 action=[[-0.013658590614795685, -0.052114903926849365, -0.014360606670379639, 0.03645172715187073, -0.024360328912734985, -0.024529993534088135, 0.9905340075492859, 0.27490848302841187, 1.9795293807983398, 1.7392022609710693, -1.4203938245773315, 0.09057551622390747, -1.159761905670166, -0.0596088171005249]] left_gripper=0.9905340075492859 right_gripper=-0.0596088171005249
update step=229 qpos=[-0.013772419653832912, -0.05141805484890938, -0.013942609541118145, 0.03639834746718407, -0.023429550230503082, -0.025053346529603004, 0.9905340075492859, 0.27544423937797546, 1.9846954345703125, 1.74088454246521, -1.4205509424209595, 0.09149177372455597, -1.1602216958999634, 0.0]
pred step=229 action=[[-0.015290163457393646, -0.04542899131774902, -0.01122063398361206, 0.02346542477607727, -0.02373749017715454, -0.024031519889831543, 0.9872029423713684, 0.27372413873672485, 1.9882229566574097, 1.7626137733459473, -1.4455376863479614, 0.09010851383209229, -1.1819157600402832, -0.06251442432403564]] left_gripper=0.9872029423713684 right_gripper=-0.06251442432403564
update step=230 qpos=[-0.015110754407942295, -0.046120889484882355, -0.011596240103244781, 0.02509603649377823, -0.023696014657616615, -0.02416142262518406, 0.9872029423713684, 0.27397236227989197, 1.9883131980895996, 1.7596409320831299, -1.442352056503296, 0.09027963131666183, -1.179148554801941, 0.0]
pred step=230 action=[[-0.013233974575996399, -0.050938963890075684, -0.016745567321777344, 0.03106825053691864, -0.027402281761169434, -0.029237478971481323, 0.9929776191711426, 0.2568355202674866, 1.9559566974639893, 1.7423839569091797, -1.421571969985962, 0.0725230872631073, -1.1761709451675415, -0.06602698564529419]] left_gripper=0.9929776191711426 right_gripper=-0.06602698564529419
update step=231 qpos=[-0.01344671193510294, -0.05037269368767738, -0.016118481755256653, 0.03030567243695259, -0.026938186958432198, -0.02859070524573326, 0.9929776191711426, 0.2586234211921692, 1.9598431587219238, 1.7445145845413208, -1.4242782592773438, 0.07480509579181671, -1.1765507459640503, 0.0]
pred step=231 action=[[-0.013761036098003387, -0.04936826229095459, -0.020126044750213623, 0.03332538902759552, -0.026318848133087158, -0.022982865571975708, 0.9882030487060547, 0.253493994474411, 1.9448179006576538, 1.6886579990386963, -1.3421350717544556, 0.05111154913902283, -1.153462529182434, -0.0540928840637207]] left_gripper=0.9882030487060547 right_gripper=-0.0540928840637207
update step=232 qpos=[-0.013725653290748596, -0.04948004335165024, -0.01967421919107437, 0.03292624652385712, -0.02639607898890972, -0.02369803562760353, 0.9882030487060546, 0.25423452258110046, 1.947143316268921, 1.6954344511032104, -1.352567195892334, 0.054115306586027145, -1.1564058065414429, 0.0]
pred step=232 action=[[-0.014698393642902374, -0.043655216693878174, -0.008817195892333984, 0.025574490427970886, -0.02731245756149292, -0.020732074975967407, 0.9911033511161804, 0.2599394917488098, 1.947067379951477, 1.7291934490203857, -1.4002704620361328, 0.05988892912864685, -1.1388193368911743, -0.04916661977767944]] left_gripper=0.9911033511161804 right_gripper=-0.04916661977767944
update step=233 qpos=[-0.014582542702555656, -0.04437956213951111, -0.010010208934545517, 0.02655389904975891, -0.027194282039999962, -0.02110986039042473, 0.9911033511161804, 0.2593764066696167, 1.9466989040374756, 1.7251588106155396, -1.3942021131515503, 0.05913989245891571, -1.1410644054412842, 0.0]
pred step=233 action=[[-0.014873206615447998, -0.05227386951446533, -0.01960080862045288, 0.0315500944852829, -0.030268818140029907, -0.024030476808547974, 0.9853896498680115, 0.24715746939182281, 1.9023720026016235, 1.666494607925415, -1.3163574934005737, 0.0180051326751709, -1.1213427782058716, -0.04958176612854004]] left_gripper=0.9853896498680115 right_gripper=-0.04958176612854004
update step=234 qpos=[-0.01483265683054924, -0.051297616213560104, -0.01857195422053337, 0.03087005764245987, -0.029880069196224213, -0.02365819551050663, 0.9853896498680115, 0.2484220564365387, 1.9080432653427124, 1.673600435256958, -1.3263459205627441, 0.02325269766151905, -1.1238566637039185, 0.0]
pred step=234 action=[[-0.01639370620250702, -0.054539263248443604, -0.02416318655014038, 0.02924850583076477, -0.03544449806213379, -0.022396951913833618, 0.9905840158462524, 0.24701157212257385, 1.8913116455078125, 1.6885018348693848, -1.3247612714767456, 0.0035858452320098877, -1.129678726196289, -0.0698210597038269]] left_gripper=0.9905840158462524 right_gripper=-0.0698210597038269
update step=235 qpos=[-0.01619904674589634, -0.05414756387472153, -0.02352624386548996, 0.029438674449920654, -0.034738194197416306, -0.022558139637112617, 0.9905840158462524, 0.24728305637836456, 1.8934062719345093, 1.6867003440856934, -1.3249220848083496, 0.006071964278817177, -1.1289345026016235, 0.0]
pred step=235 action=[[-0.014366596937179565, -0.06091797351837158, -0.02783215045928955, 0.034126728773117065, -0.042572975158691406, -0.01813197135925293, 0.9868946075439453, 0.23175282776355743, 1.8266825675964355, 1.6238219738006592, -1.2474370002746582, -0.023077070713043213, -1.0853195190429688, -0.06883341073989868]] left_gripper=0.9868946075439453 right_gripper=-0.06883341073989868
update step=236 qpos=[-0.014566652476787567, -0.06013058125972748, -0.02728097140789032, 0.03353822976350784, -0.041586294770240784, -0.018696971237659454, 0.9868946075439453, 0.23336371779441833, 1.8349565267562866, 1.6314178705215454, -1.2574443817138672, -0.019343996420502663, -1.0908839702606201, 0.0]
pred step=236 action=[[-0.014523446559906006, -0.06455302238464355, -0.04119312763214111, 0.03413151204586029, -0.051130324602127075, -0.0074239373207092285, 0.9895994663238525, 0.22214390337467194, 1.814345121383667, 1.618215560913086, -1.2270715236663818, -0.048395395278930664, -1.1115710735321045, -0.06935477256774902]] left_gripper=0.9895994663238525 right_gripper=-0.06935477256774902
update step=237 qpos=[-0.014509711414575577, -0.0636478140950203, -0.03637342154979706, 0.03380691260099411, -0.0499228909611702, -0.008861319161951542, 0.9895994663238525, 0.22346732020378113, 1.8172167539596558, 1.6196706295013428, -1.2309521436691284, -0.04469689354300499, -1.1089286804199219, 0.0]
pred step=237 action=[[-0.016675986349582672, -0.05842030048370361, -0.04490166902542114, 0.03323490917682648, -0.05455246567726135, -0.0014210939407348633, 0.9955358505249023, 0.23327071964740753, 1.8147573471069336, 1.6133978366851807, -1.201757788658142, -0.0711083710193634, -1.084640383720398, -0.035916149616241455]] left_gripper=0.9955358505249023 right_gripper=-0.035916149616241455
update step=238 qpos=[-0.016412392258644104, -0.0594593845307827, -0.03643828257918358, 0.033287957310676575, -0.053962595760822296, -0.0023691814858466387, 0.9955358505249023, 0.23237518966197968, 1.8152724504470825, 1.6141905784606934, -1.2054133415222168, -0.06778283417224884, -1.0877405405044556, 0.0]
pred step=238 action=[[-0.015295498073101044, -0.06728625297546387, -0.040953218936920166, 0.035508230328559875, -0.05763840675354004, -0.0052366554737091064, 0.9872643947601318, 0.2142731249332428, 1.7451997995376587, 1.5024272203445435, -1.0204224586486816, -0.16428115963935852, -0.9958486557006836, -0.004734337329864502]] left_gripper=0.9872643947601318 right_gripper=-0.004734337329864502
update step=239 qpos=[-0.015418891794979572, -0.06634102761745453, -0.03634755313396454, 0.03525901213288307, -0.05717688798904419, -0.004871156997978687, 0.9872643947601318, 0.2162105292081833, 1.7537862062454224, 1.5161662101745605, -1.0454752445220947, -0.1519814431667328, -1.0075713396072388, 0.0]
pred step=239 action=[[-0.015852011740207672, -0.06468772888183594, -0.04255443811416626, 0.02933858335018158, -0.06944730877876282, -0.0022349655628204346, 0.9822863340377808, 0.21040698885917664, 1.719835877418518, 1.4718310832977295, -0.9784606099128723, -0.17620770633220673, -0.9957373142242432, -0.040915727615356445]] left_gripper=0.9822863340377808 right_gripper=-0.040915727615356445
update step=240 qpos=[-0.015775756910443306, -0.06515704095363617, -0.03637760132551193, 0.03006572648882866, -0.06789553165435791, -0.0025718517135828733, 0.9822863340377808, 0.21112030744552612, 1.7240837812423706, 1.477189302444458, -0.9870550632476807, -0.17312736809253693, -0.9972441792488098, 0.0]
pred step=240 action=[[-0.015786975622177124, -0.0629625916481018, -0.03966820240020752, 0.03269849717617035, -0.07324087619781494, 0.007960647344589233, 0.9877697229385376, 0.20203915238380432, 1.6789615154266357, 1.4341461658477783, -0.8970352411270142, -0.21893776953220367, -0.9471291303634644, 0.018634140491485596]] left_gripper=0.9877697229385376 right_gripper=0.018634140491485596
update step=241 qpos=[-0.015775712206959724, -0.06338408589363098, -0.03637295216321945, 0.03236448019742966, -0.07256472110748291, 0.006617564707994461, 0.9877697229385376, 0.203081414103508, 1.68451726436615, 1.439495325088501, -0.9085127115249634, -0.21310146152973175, -0.9535230994224548, 0.018634140491485582]
pred step=241 action=[[-0.016933605074882507, -0.06017613410949707, -0.03454625606536865, 0.02697056531906128, -0.06893154978752136, 0.005859017372131348, 0.9781455397605896, 0.20641188323497772, 1.6735306978225708, 1.3961200714111328, -0.8202887773513794, -0.26274925470352173, -0.9058860540390015, -0.00987786054611206]] left_gripper=0.9781455397605896 right_gripper=-0.00987786054611206
update step=242 qpos=[-0.0168047733604908, -0.060547877103090286, -0.03478636220097542, 0.027651265263557434, -0.06938879936933517, 0.005956697277724743, 0.9781455397605896, 0.2061932533979416, 1.6753160953521729, 1.4013609886169434, -0.8315190672874451, -0.25644582509994507, -0.9119635224342346, 0.0]
pred step=242 action=[[-0.01261698454618454, -0.0619848370552063, -0.03819620609283447, 0.017810776829719543, -0.07802203297615051, 0.030299752950668335, 0.9814721345901489, 0.206504225730896, 1.634489893913269, 1.369703769683838, -0.7866180539131165, -0.28338104486465454, -0.9058519601821899, 0.01717597246170044]] left_gripper=0.9814721345901489 right_gripper=0.01717597246170044
update step=243 qpos=[-0.013094720430672169, -0.06171498820185661, -0.03637568652629852, 0.019000280648469925, -0.07693581283092499, 0.027195388451218605, 0.9814721345901489, 0.20648987591266632, 1.6391355991363525, 1.373686671257019, -0.7923988699913025, -0.27997127175331116, -0.9066323041915894, 0.017175972461700443]
pred step=243 action=[[-0.01564241200685501, -0.05754363536834717, -0.02372133731842041, 0.02175125479698181, -0.0714414119720459, 0.026526659727096558, 0.9778313040733337, 0.20220638811588287, 1.5985442399978638, 1.2680516242980957, -0.6269717812538147, -0.3561359643936157, -0.8284329771995544, 0.039264142513275146]] left_gripper=0.9778313040733337 right_gripper=0.039264142513275146
update step=244 qpos=[-0.015353422611951828, -0.058099620044231415, -0.0250497218221426, 0.021472400054335594, -0.07213155180215836, 0.026613568887114525, 0.9778313040733337, 0.20278231799602509, 1.6038720607757568, 1.2807996273040771, -0.6482007503509521, -0.3464384377002716, -0.8384158611297607, 0.03926414251327515]
pred step=244 action=[[-0.010417379438877106, -0.053564369678497314, -0.04167729616165161, 0.016058966517448425, -0.07594949007034302, 0.029017895460128784, 0.9692586660385132, 0.1914658099412918, 1.5756206512451172, 1.2318243980407715, -0.5494118928909302, -0.3927694857120514, -0.803244411945343, 0.037609636783599854]] left_gripper=0.9692586660385132 right_gripper=0.037609636783599854
update step=245 qpos=[-0.010992541909217834, -0.053763605654239655, -0.03646472096443176, 0.016304921358823776, -0.07547226548194885, 0.02871214970946312, 0.9692586660385132, 0.19271478056907654, 1.5788483619689941, 1.238045573234558, -0.5619789958000183, -0.3868652284145355, -0.8077306151390076, 0.037609636783599854]
pred step=245 action=[[-0.016018502414226532, -0.04207479953765869, -0.016934216022491455, 0.02033218741416931, -0.07040095329284668, 0.04605749249458313, 0.972104549407959, 0.19798055291175842, 1.5323820114135742, 1.1792244911193848, -0.42499426007270813, -0.45288872718811035, -0.7450090646743774, 0.05833029747009277]] left_gripper=0.972104549407959 right_gripper=0.05833029747009277
update step=246 qpos=[-0.015440073795616627, -0.04354257136583328, -0.019019953906536102, 0.019915863871574402, -0.07103004306554794, 0.043846774846315384, 0.972104549407959, 0.1975971907377243, 1.5380181074142456, 1.186508297920227, -0.44247621297836304, -0.44452419877052307, -0.7530180811882019, 0.058330297470092766]
pred step=246 action=[[-0.019244015216827393, -0.04002809524536133, -0.010298013687133789, 0.017261892557144165, -0.07894384860992432, 0.05146560072898865, 0.9732315540313721, 0.20220947265625, 1.4962815046310425, 1.1416711807250977, -0.36922383308410645, -0.4825587570667267, -0.7106499671936035, 0.07100695371627808]] left_gripper=0.9732315540313721 right_gripper=0.07100695371627808
update step=247 qpos=[-0.018783088773489, -0.040424030274152756, -0.011380587704479694, 0.01760091446340084, -0.07793425023555756, 0.05049506947398186, 0.9732315540313721, 0.201767697930336, 1.501387596130371, 1.1469252109527588, -0.3786809742450714, -0.4777497351169586, -0.7160592675209045, 0.07100695371627809]
pred step=247 action=[[-0.01984720304608345, -0.018140435218811035, -0.0008074045181274414, 0.009212344884872437, -0.07098135352134705, 0.05642515420913696, 0.9622665643692017, 0.20486438274383545, 1.4622951745986938, 1.0958304405212402, -0.28412485122680664, -0.49481433629989624, -0.6492553353309631, 0.07083535194396973]] left_gripper=0.9622665643692017 right_gripper=0.07083535194396973
update step=248 qpos=[-0.01973778009414673, -0.02075846679508686, -0.002119810087606311, 0.010267294012010098, -0.07185685634613037, 0.05567047372460365, 0.9622665643692017, 0.20453324913978577, 1.467030644416809, 1.1019468307495117, -0.29626554250717163, -0.49265652894973755, -0.6577831506729126, 0.07083535194396973]
pred step=248 action=[[-0.01824682205915451, 0.007092714309692383, 0.013427913188934326, 0.0128898024559021, -0.058681875467300415, 0.0721270740032196, 0.9545444250106812, 0.20190930366516113, 1.4447439908981323, 1.043003797531128, -0.19478760659694672, -0.5278621912002563, -0.6037102937698364, 0.12334185838699341]] left_gripper=0.9545444250106812 right_gripper=0.12334185838699341
update step=249 qpos=[-0.018451759591698647, 0.0037641525268554688, 0.011681976728141308, 0.012594129890203476, -0.06034690514206886, 0.07003006339073181, 0.9545444250106812, 0.20223939418792725, 1.4475265741348267, 1.0500363111495972, -0.20781797170639038, -0.5233880281448364, -0.6106128096580505, 0.12334185838699341]
pred step=249 action=[[-0.019491903483867645, 0.034075379371643066, 0.01789766550064087, 0.004758387804031372, -0.05348345637321472, 0.09538975358009338, 0.9566704034805298, 0.2014496773481369, 1.377172827720642, 0.928579568862915, -0.0268244631588459, -0.5994612574577332, -0.4963405132293701, 0.12673306465148926]] left_gripper=0.9566704034805298 right_gripper=0.12673306465148926
update step=250 qpos=[-0.019387375563383102, 0.030547400936484337, 0.017018068581819534, 0.005704331677407026, -0.05434373766183853, 0.09215836226940155, 0.9566704034805298, 0.20171262323856354, 1.3850821256637573, 0.9432258009910583, -0.05103014409542084, -0.5898694396018982, -0.5109343528747559, 0.12673306465148926]
pred step=250 action=[[-0.023005761206150055, 0.02455615997314453, 0.010983526706695557, -0.03878665715456009, -0.030282557010650635, 0.016534924507141113, 0.969627857208252, 0.4976014494895935, 1.5150988101959229, 1.1848423480987549, -1.0109137296676636, 0.13746264576911926, -0.7766058444976807, 0.43194305896759033]] left_gripper=0.969627857208252 right_gripper=0.43194305896759033
update step=251 qpos=[-0.02262015827000141, 0.025367269292473793, 0.011426635086536407, -0.0332149937748909, -0.03332428261637688, 0.02618061751127243, 0.969627857208252, 0.38251426815986633, 1.5017545223236084, 1.1231008768081665, -0.2462237924337387, -0.39042675495147705, -0.6977013945579529, 0.43194305896759033]
pred step=251 action=[[-0.023286759853363037, 0.0192757248878479, 0.016346096992492676, -0.03990541398525238, -0.0342579185962677, 0.014069974422454834, 0.9747498035430908, 0.5036286115646362, 1.5327332019805908, 1.2165484428405762, -1.032706618309021, 0.12932157516479492, -0.788625955581665, 0.44283026456832886]] left_gripper=0.9747498035430908 right_gripper=0.44283026456832886
update step=252 qpos=[-0.023205867037177086, 0.01992994174361229, 0.01594313606619835, -0.03899240493774414, -0.034138765186071396, 0.015610327012836933, 0.9747498035430908, 0.4898167848587036, 1.5301179885864258, 1.2051730155944824, -0.4426898658275604, -0.19307132065296173, -0.7770434617996216, 0.4428302645683289]
pred step=252 action=[[-0.02450452372431755, 0.016428232192993164, 0.024330973625183105, -0.03858956694602966, -0.03702262043952942, 0.004373729228973389, 0.9840233325958252, 0.5071070790290833, 1.5736063718795776, 1.2574012279510498, -1.0674594640731812, 0.11995270848274231, -0.8143075704574585, 0.42819008231163025]] left_gripper=0.9840233325958252 right_gripper=0.42819008231163025
update step=253 qpos=[-0.02434457279741764, 0.016811823472380638, 0.023421725258231163, -0.038597140461206436, -0.036657076328992844, 0.0058057052083313465, 0.9840233325958252, 0.5047968029975891, 1.5694299936294556, 1.2508212327957153, -0.639487624168396, -0.002073448384180665, -0.8095503449440002, 0.42819008231163025]
pred step=253 action=[[-0.02480844035744667, 0.010718286037445068, 0.036089420318603516, -0.04169975966215134, -0.03908342123031616, -0.0037181973457336426, 0.984289288520813, 0.5128611922264099, 1.6053884029388428, 1.2895381450653076, -1.0758342742919922, 0.09446778893470764, -0.8110224008560181, 0.42799681425094604]] left_gripper=0.984289288520813 right_gripper=0.42799681425094604
update step=254 qpos=[-0.02474774792790413, 0.01140681467950344, 0.034679874777793884, -0.0412486307322979, -0.03877739980816841, -0.002504610223695636, 0.984289288520813, 0.5118235349655151, 1.601456880569458, 1.284866452217102, -0.835129976272583, 0.08223143219947815, -0.8108323812484741, 0.42799681425094604]
pred step=254 action=[[-0.026058007031679153, -0.0001418590545654297, 0.03634220361709595, -0.031044326722621918, -0.041238099336624146, -0.018982678651809692, 0.9884934425354004, 0.5032808780670166, 1.6383342742919922, 1.2775382995605469, -1.0363205671310425, 0.05039501190185547, -0.801865816116333, 0.3971167206764221]] left_gripper=0.9884934425354004 right_gripper=0.3971167206764221
update step=255 qpos=[-0.02589687891304493, 0.0012162348721176386, 0.036172378808259964, -0.03232255205512047, -0.040926773101091385, -0.016882384195923805, 0.9884934425354005, 0.5042399168014526, 1.6341948509216309, 1.277827501296997, -1.0064440965652466, 0.054451603442430496, -0.8030171394348145, 0.3971167206764221]
pred step=255 action=[[-0.029160577803850174, 0.0041106343269348145, 0.047386616468429565, -0.03232956677675247, -0.04216033220291138, -0.01629963517189026, 0.990043044090271, 0.4979686439037323, 1.6854538917541504, 1.3220118284225464, -1.0386184453964233, 0.025872141122817993, -0.819825291633606, 0.4184879660606384]] left_gripper=0.990043044090271 right_gripper=0.4184879660606384
update step=256 qpos=[-0.028774864971637726, 0.0037448483053594828, 0.046118948608636856, -0.032288938760757446, -0.04199798032641411, -0.01637447252869606, 0.990043044090271, 0.4987258017063141, 1.6788190603256226, 1.3172727823257446, -1.0342682600021362, 0.029504423961043358, -0.8176769018173218, 0.4184879660606384]
pred step=256 action=[[-0.02874293178319931, 0.001650094985961914, 0.04192310571670532, -0.022182367742061615, -0.034650325775146484, -0.019281595945358276, 0.9999915957450867, 0.48317307233810425, 1.674706220626831, 1.2846004962921143, -0.9716264605522156, -0.01950240135192871, -0.7816357016563416, 0.39734959602355957]] left_gripper=0.9999915957450867 right_gripper=0.39734959602355957
update step=257 qpos=[-0.028761902824044228, 0.0019229934550821781, 0.04236048087477684, -0.02349129319190979, -0.03557927906513214, -0.018910519778728485, 0.9999915957450868, 0.48492273688316345, 1.6752139329910278, 1.2887696027755737, -0.9795511364936829, -0.013254018500447273, -0.7862309813499451, 0.39734959602355957]
pred step=257 action=[[-0.025322802364826202, -0.003613889217376709, 0.039707452058792114, -0.010291807353496552, -0.035694777965545654, -0.030301541090011597, 0.9911774396896362, 0.4834466874599457, 1.7003858089447021, 1.2919137477874756, -0.9476120471954346, -0.06191051006317139, -0.7756026387214661, 0.365546852350235]] left_gripper=0.9911774396896362 right_gripper=0.365546852350235
update step=258 qpos=[-0.02572541870176792, -0.0029855072498321533, 0.040096111595630646, -0.011950045824050903, -0.03568790853023529, -0.02884981781244278, 0.9911774396896362, 0.4837535619735718, 1.697518229484558, 1.2917696237564087, -0.9515090584754944, -0.05574258044362068, -0.7769553065299988, 0.365546852350235]
pred step=258 action=[[-0.028217162936925888, -0.011724293231964111, 0.033944398164749146, 0.004291504621505737, -0.03942611813545227, -0.01885703206062317, 0.9853143692016602, 0.455697238445282, 1.7095032930374146, 1.2419579029083252, -0.7948746681213379, -0.15117919445037842, -0.7402762770652771, 0.3624614179134369]] left_gripper=0.9853143692016602 right_gripper=0.3624614179134369
update step=259 qpos=[-0.02791760303080082, -0.010703095234930515, 0.03470779210329056, 0.002230399753898382, -0.03894753381609917, -0.020131785422563553, 0.9853143692016602, 0.45885294675827026, 1.708505630493164, 1.2485085725784302, -0.8145676851272583, -0.13900119066238403, -0.7449480295181274, 0.3624614179134369]
pred step=259 action=[[-0.022924628108739853, 0.00022023916244506836, 0.03077453374862671, 0.009601429104804993, -0.03573969006538391, -0.023521512746810913, 0.9866344332695007, 0.4420078992843628, 1.7201095819473267, 1.2216966152191162, -0.7585820555686951, -0.1820317953824997, -0.753887414932251, 0.34464943408966064]] left_gripper=0.9866344332695007 right_gripper=0.34464943408966064
update step=260 qpos=[-0.023518016561865807, -0.0010481862118467689, 0.03117717057466507, 0.008631479926407337, -0.036155253648757935, -0.023089054971933365, 0.9866344332695007, 0.4439677298069, 1.71868896484375, 1.2252272367477417, -0.7656185626983643, -0.1765497326850891, -0.7527432441711426, 0.34464943408966064]
pred step=260 action=[[-0.023472663015127182, -0.014225006103515625, 0.014207959175109863, 0.016900479793548584, -0.03742218017578125, -0.028885871171951294, 0.9871695637702942, 0.43305256962776184, 1.713911771774292, 1.2134435176849365, -0.6772316694259644, -0.24722793698310852, -0.7130615711212158, 0.34814202785491943]] left_gripper=0.9871695637702942 right_gripper=0.34814202785491943
update step=261 qpos=[-0.02347409911453724, -0.012641379609704018, 0.016155334189534187, 0.01580577902495861, -0.03726286068558693, -0.028147203847765923, 0.9871695637702942, 0.4344109296798706, 1.7144122123718262, 1.2153980731964111, -0.6882946491241455, -0.23824509978294373, -0.7181234955787659, 0.34814202785491943]
pred step=261 action=[[-0.01857072114944458, -0.02737867832183838, 0.0006375908851623535, 0.033685699105262756, -0.042023658752441406, -0.03672686219215393, 0.9739638566970825, 0.4129912555217743, 1.7026069164276123, 1.1530483961105347, -0.5423814654350281, -0.32171061635017395, -0.6582891941070557, 0.31011104583740234]] left_gripper=0.9739638566970825 right_gripper=0.31011104583740234
update step=262 qpos=[-0.019136251881718636, -0.02565682865679264, 0.002529868623241782, 0.03140684589743614, -0.041432954370975494, -0.035634249448776245, 0.9739638566970825, 0.4154115617275238, 1.7044477462768555, 1.1607372760772705, -0.5609397888183594, -0.31105947494506836, -0.6659212112426758, 0.31011104583740234]
pred step=262 action=[[-0.015736855566501617, -0.012753725051879883, -0.0033658742904663086, 0.04259248077869415, -0.03807699680328369, -0.039887189865112305, 0.9807720184326172, 0.39594709873199463, 1.7033984661102295, 1.1533915996551514, -0.5218532681465149, -0.3497323989868164, -0.6774028539657593, 0.2869899272918701]] left_gripper=0.9807720184326172 right_gripper=0.2869899272918701
update step=263 qpos=[-0.016141876578330994, -0.014277051202952862, -0.0026872344315052032, 0.0411437451839447, -0.03850848227739334, -0.03934546560049057, 0.9807720184326172, 0.39814332127571106, 1.7034432888031006, 1.1545166969299316, -0.5267518758773804, -0.3447985351085663, -0.6759337782859802, 0.2869899272918701]
pred step=263 action=[[-0.015674307942390442, -0.0235823392868042, -0.022161424160003662, 0.04910467565059662, -0.044357359409332275, -0.05529695749282837, 0.9684345722198486, 0.38992586731910706, 1.6854937076568604, 1.1134021282196045, -0.43590259552001953, -0.40945470333099365, -0.6203628182411194, 0.26612743735313416]] left_gripper=0.9684345722198486 right_gripper=0.26612743735313416
update step=264 qpos=[-0.015715060755610466, -0.02244003303349018, -0.019957993179559708, 0.04803038015961647, -0.04362081363797188, -0.053263984620571136, 0.9684345722198487, 0.3909975588321686, 1.687712550163269, 1.118481993675232, -0.4474949538707733, -0.4012404680252075, -0.6274574995040894, 0.26612743735313416]
pred step=264 action=[[-0.010734513401985168, -0.029676973819732666, -0.018757283687591553, 0.04664088785648346, -0.046337008476257324, -0.05082583427429199, 0.9642852544784546, 0.37870165705680847, 1.6685683727264404, 1.0930628776550293, -0.3747870922088623, -0.45378702878952026, -0.6121881008148193, 0.21946817636489868]] left_gripper=0.9642852544784546 right_gripper=0.21946817636489868
update step=265 qpos=[-0.011313902214169502, -0.02887324057519436, -0.018756749108433723, 0.04686642438173294, -0.046004004776477814, -0.05113815516233444, 0.9642852544784546, 0.38009965419769287, 1.6708457469940186, 1.096279501914978, -0.3840349316596985, -0.44709956645965576, -0.6141359806060791, 0.21946817636489868]
pred step=265 action=[[-0.010126754641532898, -0.02921116352081299, -0.023084044456481934, 0.05435836315155029, -0.041410207748413086, -0.050905466079711914, 0.966484546661377, 0.37375402450561523, 1.6630795001983643, 1.0861914157867432, -0.33359476923942566, -0.4689692556858063, -0.604253888130188, 0.20714071393013]] left_gripper=0.966484546661377 right_gripper=0.20714071393013
update step=266 qpos=[-0.010274878703057766, -0.029160859063267708, -0.022602993994951248, 0.053388211876153946, -0.041993383318185806, -0.05093489587306976, 0.9664845466613768, 0.37449702620506287, 1.664157748222351, 1.0874391794204712, -0.340004563331604, -0.46617987751960754, -0.6055154204368591, 0.20714071393013]
pred step=266 action=[[-0.010449416935443878, -0.026110529899597168, -0.03047811985015869, 0.056493714451789856, -0.054083555936813354, -0.039837539196014404, 0.9581935405731201, 0.35148221254348755, 1.6405644416809082, 1.010803461074829, -0.19276639819145203, -0.5624140501022339, -0.5364351272583008, 0.1802120804786682]] left_gripper=0.9581935405731201 right_gripper=0.1802120804786682
update step=267 qpos=[-0.010405447334051132, -0.026444291695952415, -0.029622690752148628, 0.056058283895254135, -0.05255330726504326, -0.04125320166349411, 0.9581935405731201, 0.3540688455104828, 1.643491268157959, 1.0200978517532349, -0.2116139531135559, -0.5501538515090942, -0.5452554225921631, 0.18021208047866819]
pred step=267 action=[[-0.0067621394991874695, -0.030107438564300537, -0.029021382331848145, 0.05311259627342224, -0.055134356021881104, -0.04159653186798096, 0.9546997547149658, 0.3475474715232849, 1.6386640071868896, 1.0205234289169312, -0.21091769635677338, -0.5487710237503052, -0.5781675577163696, 0.1537763774394989]] left_gripper=0.9546997547149658 right_gripper=0.1537763774394989
update step=268 qpos=[-0.007184355054050684, -0.02969626896083355, -0.029027428478002548, 0.053509682416915894, -0.05481645092368126, -0.04155274108052254, 0.9546997547149658, 0.3482952415943146, 1.6391205787658691, 1.020546555519104, -0.21097776293754578, -0.5489518642425537, -0.5739650726318359, 0.1537763774394989]
pred step=268 action=[[-0.008687160909175873, -0.028969883918762207, -0.03301703929901123, 0.06714040040969849, -0.053330421447753906, -0.03816807270050049, 0.9544040560722351, 0.34172236919403076, 1.6296511888504028, 0.9978052377700806, -0.15659402310848236, -0.587752103805542, -0.5360578894615173, 0.14122885465621948]] left_gripper=0.9544040560722351 right_gripper=0.14122885465621948
update step=269 qpos=[-0.00851360708475113, -0.029065458104014397, -0.032520923763513565, 0.06540486216545105, -0.053514860570430756, -0.03859952092170715, 0.9544040560722351, 0.34251388907432556, 1.6308015584945679, 1.000569224357605, -0.16354921460151672, -0.5828194618225098, -0.5408996343612671, 0.14122885465621948]
pred step=269 action=[[-0.009942784905433655, -0.03430008888244629, -0.033447861671447754, 0.06485474109649658, -0.0535789430141449, -0.04566201567649841, 0.9499915838241577, 0.3488388657569885, 1.612526774406433, 0.9869625568389893, -0.13263490796089172, -0.5703247785568237, -0.5120398998260498, 0.16590026021003723]] left_gripper=0.9499915838241577 right_gripper=0.16590026021003723
update step=270 qpos=[-0.009774234145879745, -0.03368197754025459, -0.033330902457237244, 0.06492995470762253, -0.05356878787279129, -0.044761285185813904, 0.9499915838241577, 0.3481636345386505, 1.6146326065063477, 0.9886384606361389, -0.13658316433429718, -0.5719337463378906, -0.5157236456871033, 0.16590026021003723]
pred step=270 action=[[-0.006164900958538055, -0.035395145416259766, -0.03765314817428589, 0.04952037334442139, -0.06363305449485779, -0.043796420097351074, 0.9504056572914124, 0.3425859808921814, 1.6028172969818115, 0.958726167678833, -0.08434095233678818, -0.6052196025848389, -0.5025148391723633, 0.1619454026222229]] left_gripper=0.9504056572914124 right_gripper=0.1619454026222229
update step=271 qpos=[-0.0065685720182955265, -0.03500603511929512, -0.03657329082489014, 0.05129582807421684, -0.06236828863620758, -0.04392053559422493, 0.9504056572914124, 0.3432181179523468, 1.6042981147766113, 0.9622282385826111, -0.09106428176164627, -0.6009880304336548, -0.5042024850845337, 0.1619454026222229]
pred step=271 action=[[-0.012870386242866516, -0.021735548973083496, -0.021300137042999268, 0.0669536143541336, -0.04520899057388306, -0.03586414456367493, 0.9368277192115784, 0.3492642641067505, 1.6032404899597168, 0.9803003072738647, -0.10431133210659027, -0.5853244662284851, -0.5089708566665649, 0.12496411800384521]] left_gripper=0.9368277192115784 right_gripper=0.12496411800384521
update step=272 qpos=[-0.012165763415396214, -0.023399846628308296, -0.022857947275042534, 0.06505414098501205, -0.04736442491412163, -0.036889683455228806, 0.9368277192115784, 0.34859699010849, 1.6033228635787964, 0.9782232046127319, -0.10256432741880417, -0.5873237252235413, -0.5083611607551575, 0.12496411800384521]
pred step=272 action=[[-0.009949423372745514, -0.024323105812072754, -0.021973848342895508, 0.05204203724861145, -0.05307281017303467, -0.04094153642654419, 0.9318292737007141, 0.3472626805305481, 1.6050151586532593, 0.978130578994751, -0.1078195571899414, -0.593398928642273, -0.5071650743484497, 0.10246974229812622]] left_gripper=0.9318292737007141 right_gripper=0.10246974229812622
update step=273 qpos=[-0.010198993608355522, -0.024143695831298828, -0.02226247265934944, 0.053647950291633606, -0.05235503241419792, -0.04042495787143707, 0.9318292737007141, 0.3474010229110718, 1.604962944984436, 0.9779974818229675, -0.10718921571969986, -0.5926191806793213, -0.507317304611206, 0.10246974229812622]
pred step=273 action=[[-0.014325380325317383, -0.001094520092010498, -0.00820457935333252, 0.061297252774238586, -0.03271746635437012, -0.015171706676483154, 0.9510636329650879, 0.3506874442100525, 1.612112283706665, 0.9825658798217773, -0.08748471736907959, -0.6034649014472961, -0.49508726596832275, 0.09193295240402222]] left_gripper=0.9510636329650879 right_gripper=0.09193295240402222
update step=274 qpos=[-0.013883582316339016, -0.003880856791511178, -0.009718319401144981, 0.0603775754570961, -0.035188354551792145, -0.01839008554816246, 0.951063632965088, 0.3503580093383789, 1.6112560033798218, 0.9821544885635376, -0.08994583040475845, -0.6020874977111816, -0.4966488480567932, 0.09193295240402222]
pred step=274 action=[[-0.012817822396755219, -0.01915663480758667, -0.016445040702819824, 0.05176350474357605, -0.05360749363899231, -0.03130573034286499, 0.9411699771881104, 0.3486618101596832, 1.606522560119629, 0.9840708374977112, -0.09899107366800308, -0.5813367366790771, -0.4934021234512329, 0.08070564270019531]] left_gripper=0.9411699771881104 right_gripper=0.08070564270019531
update step=275 qpos=[-0.012904709205031395, -0.017292456701397896, -0.01578586921095848, 0.05281790345907211, -0.051282014697790146, -0.02965899184346199, 0.9411699771881104, 0.3487805724143982, 1.607090711593628, 0.9838107228279114, -0.09784261882305145, -0.5839643478393555, -0.4938144385814667, 0.08070564270019531]
pred step=275 action=[[-0.01057811826467514, -0.005190610885620117, -0.0025573372840881348, 0.05129590630531311, -0.03901556134223938, -0.012259960174560547, 0.9536353945732117, 0.3533812165260315, 1.596366286277771, 0.9904099702835083, -0.09216226637363434, -0.5881246328353882, -0.49622201919555664, 0.06156790256500244]] left_gripper=0.9536353945732117 right_gripper=0.06156790256500244
update step=276 qpos=[-0.010877971537411213, -0.006677424069494009, -0.003985673654824495, 0.05154629424214363, -0.04056975245475769, -0.014478418044745922, 0.9536353945732117, 0.35292547941207886, 1.5975966453552246, 0.9896671175956726, -0.09286244213581085, -0.5876125693321228, -0.49591612815856934, 0.06156790256500244]
pred step=276 action=[[-0.01877252757549286, 0.022212862968444824, 0.009708106517791748, 0.05429616570472717, -0.020299047231674194, -0.001801908016204834, 0.9532647132873535, 0.3493925929069519, 1.6128112077713013, 0.9931333065032959, -0.08503793925046921, -0.5876584053039551, -0.483957439661026, 0.06684356927871704]] left_gripper=0.9532647132873535 right_gripper=0.06684356927871704
update step=277 qpos=[-0.017888208851218224, 0.018794097006320953, 0.008092383854091167, 0.053954094648361206, -0.022842740640044212, -0.0034151545260101557, 0.9532647132873535, 0.34973275661468506, 1.61128568649292, 0.9926103353500366, -0.08604778349399567, -0.5876204967498779, -0.4854816496372223, 0.06684356927871704]
pred step=277 action=[[-0.017133362591266632, 0.04139488935470581, 0.016768276691436768, 0.04681238532066345, -0.02026611566543579, 0.0051171183586120605, 0.9595671892166138, 0.34713396430015564, 1.610349416732788, 1.0019956827163696, -0.10320791602134705, -0.5792977809906006, -0.49284011125564575, 0.07160311937332153]] left_gripper=0.9595671892166138 right_gripper=0.07160311937332153
update step=278 qpos=[-0.01722991280257702, 0.03874998167157173, 0.01567920111119747, 0.04770335927605629, -0.020590491592884064, 0.004030108451843262, 0.9595671892166138, 0.3474087417125702, 1.6103252172470093, 1.0009713172912598, -0.10098124295473099, -0.5803534388542175, -0.4918992817401886, 0.07160311937332153]
pred step=278 action=[[-0.03628389537334442, 0.09375512599945068, 0.05148637294769287, 0.061063408851623535, 0.024432450532913208, 0.027921468019485474, 0.956244945526123, 0.3631945252418518, 1.6253230571746826, 1.0435346364974976, -0.1599075049161911, -0.5364084243774414, -0.5201214551925659, 0.05127120018005371]] left_gripper=0.956244945526123 right_gripper=0.05127120018005371
update step=279 qpos=[-0.03414361923933029, 0.08713928610086441, 0.04757051542401314, 0.05948767438530922, 0.018782462924718857, 0.02488028258085251, 0.956244945526123, 0.36145052313804626, 1.6236811876296997, 1.0383925437927246, -0.1523323804140091, -0.542002260684967, -0.516517162322998, 0.05127120018005371]
pred step=279 action=[[-0.045586831867694855, 0.1527690291404724, 0.08328196406364441, 0.0585077702999115, 0.06673574447631836, 0.04278409481048584, 0.9666935205459595, 0.35693877935409546, 1.6183218955993652, 1.0281662940979004, -0.11700164526700974, -0.5778261423110962, -0.479433536529541, 0.07431155443191528]] left_gripper=0.9666935205459595 right_gripper=0.07431155443191528
update step=280 qpos=[-0.04434891790151596, 0.14503292739391327, 0.07908562570810318, 0.058665741235017776, 0.060700420290231705, 0.04050622880458832, 0.9666935205459595, 0.35742655396461487, 1.6189953088760376, 1.0294263362884521, -0.12151264399290085, -0.5732628703117371, -0.4841681718826294, 0.07431155443191528]
pred step=280 action=[[-0.05640179663896561, 0.1960347294807434, 0.1124160885810852, 0.08146169781684875, 0.09845501184463501, 0.05849233269691467, 0.9752320051193237, 0.3515506386756897, 1.6267280578613281, 1.0472867488861084, -0.11707890778779984, -0.5735667943954468, -0.48055464029312134, 0.07691836357116699]] left_gripper=0.9752320051193237 right_gripper=0.07691836357116699
update step=281 qpos=[-0.055071521550416946, 0.18995213508605957, 0.10873443633317947, 0.07866665720939636, 0.09370923042297363, 0.05620301514863968, 0.9752320051193237, 0.35216379165649414, 1.625907301902771, 1.0452172756195068, -0.11757995933294296, -0.5735018849372864, -0.4810120463371277, 0.07691836357116699]
pred step=281 action=[[-0.08267342299222946, 0.3061150014400482, 0.17472577095031738, 0.09973368048667908, 0.18330222368240356, 0.09716305136680603, 0.9748746156692505, 0.3661342263221741, 1.6399898529052734, 1.0556167364120483, -0.09120945632457733, -0.5764321684837341, -0.4888618290424347, 0.08632272481918335]] left_gripper=0.9748746156692505 right_gripper=0.08632272481918335
update step=282 qpos=[-0.07963036000728607, 0.2923581898212433, 0.16730087995529175, 0.09720917046070099, 0.17202281951904297, 0.09194733202457428, 0.9748746156692505, 0.3647039532661438, 1.6384773254394531, 1.054460048675537, -0.0945131927728653, -0.5760741829872131, -0.4878625273704529, 0.08632272481918335]
pred step=282 action=[[-0.11084248870611191, 0.4457791745662689, 0.2550728917121887, 0.10610498487949371, 0.27465465664863586, 0.14447391033172607, 0.9739692807197571, 0.3548751771450043, 1.6322999000549316, 1.0662657022476196, -0.11802397668361664, -0.5728440284729004, -0.4964211583137512, 0.08384519815444946]] left_gripper=0.9739692807197571 right_gripper=0.08384519815444946
update step=283 qpos=[-0.10740840435028076, 0.4277159869670868, 0.24517053365707397, 0.10517080128192902, 0.2617155909538269, 0.13778257369995117, 0.9739692807197571, 0.3558167517185211, 1.6330045461654663, 1.064834475517273, -0.11501315236091614, -0.57322758436203, -0.4953261911869049, 0.08384519815444948]
pred step=283 action=[[-0.0968678668141365, 0.37989774346351624, 0.22563707828521729, 0.0848873108625412, 0.2066943645477295, 0.12871134281158447, 0.9786850214004517, 0.35427480936050415, 1.6170251369476318, 1.0534356832504272, -0.13821278512477875, -0.542138397693634, -0.5046409368515015, 0.10082429647445679]] left_gripper=0.9786850214004517 right_gripper=0.10082429647445679
update step=284 qpos=[-0.09799033403396606, 0.385600745677948, 0.22768297791481018, 0.08738407492637634, 0.21364448964595795, 0.1298670619726181, 0.9786850214004517, 0.3544343113899231, 1.6189616918563843, 1.0545670986175537, -0.13535305857658386, -0.5460970997810364, -0.5034518837928772, 0.10082429647445679]
pred step=284 action=[[-0.15357282757759094, 0.6249444484710693, 0.3538256287574768, 0.14441102743148804, 0.40778034925460815, 0.17161767184734344, 0.9761461019515991, 0.3689448833465576, 1.6603405475616455, 1.0750412940979004, -0.06938868761062622, -0.6137816309928894, -0.45796793699264526, 0.07853853702545166]] left_gripper=0.9761461019515991 right_gripper=0.07853853702545166
update step=285 qpos=[-0.14741216599941254, 0.5657496452331543, 0.3410961925983429, 0.13804411888122559, 0.3805457055568695, 0.16631627082824707, 0.976146101951599, 0.3675360381603241, 1.6555789709091187, 1.0729806423187256, -0.07763216644525528, -0.6051772832870483, -0.4637761414051056, 0.07853853702545165]
pred step=285 action=[[-0.16544927656650543, 0.7103775143623352, 0.39875727891921997, 0.15955311059951782, 0.46254491806030273, 0.20696265995502472, 0.962966799736023, 0.35947686433792114, 1.6239124536514282, 1.076108455657959, -0.05108727887272835, -0.6089236736297607, -0.4525473117828369, 0.11639225482940674]] left_gripper=0.962966799736023 right_gripper=0.11639225482940674
update step=286 qpos=[-0.16351106762886047, 0.6937686204910278, 0.39215272665023804, 0.15687665343284607, 0.4521455466747284, 0.2017800509929657, 0.962966799736023, 0.3601992130279541, 1.6275053024291992, 1.0759376287460327, -0.0544019490480423, -0.608432948589325, -0.4539780914783478, 0.11639225482940674]
pred step=286 action=[[-0.2012353092432022, 0.8421114087104797, 0.46242573857307434, 0.17891478538513184, 0.5540345311164856, 0.23503530025482178, 0.9646227359771729, 0.37016600370407104, 1.6653732061386108, 1.0872581005096436, -0.023228071630001068, -0.6418025493621826, -0.46121740341186523, 0.11415958404541016]] left_gripper=0.9646227359771729 right_gripper=0.11415958404541016
update step=287 qpos=[-0.19704583287239075, 0.8248005509376526, 0.45479509234428406, 0.17631544172763824, 0.5411286354064941, 0.23079824447631836, 0.9646227359771729, 0.36921340227127075, 1.661444067955017, 1.085777997970581, -0.027197755873203278, -0.637546181678772, -0.4602947235107422, 0.11415958404541016]
pred step=287 action=[[-0.20559220016002655, 0.882599949836731, 0.4866214990615845, 0.18550840020179749, 0.5753663182258606, 0.23902173340320587, 0.9770926833152771, 0.3715909719467163, 1.6615034341812134, 1.072169303894043, 0.0012073656544089317, -0.6567473411560059, -0.42086929082870483, 0.12092584371566772]] left_gripper=0.9770926833152771 right_gripper=0.12092584371566772
update step=288 qpos=[-0.2046726644039154, 0.8758650422096252, 0.4831657409667969, 0.184440016746521, 0.5710166096687317, 0.2379741221666336, 0.9770926833152771, 0.37130463123321533, 1.6612026691436768, 1.0740644931793213, -0.002366002881899476, -0.6543196439743042, -0.42590296268463135, 0.12092584371566772]
pred step=288 action=[[-0.22488896548748016, 0.9446862936019897, 0.5354493260383606, 0.2014477252960205, 0.626802921295166, 0.26424920558929443, 0.9564247131347656, 0.3692488670349121, 1.6564500331878662, 1.0640816688537598, 0.03475486859679222, -0.6758986115455627, -0.3915398418903351, 0.12325769662857056]] left_gripper=0.9564247131347656 right_gripper=0.12325769662857056
update step=289 qpos=[-0.22266830503940582, 0.936644971370697, 0.5296794772148132, 0.19944463670253754, 0.6197294592857361, 0.26090070605278015, 0.9564247131347656, 0.3694716691970825, 1.6569815874099731, 1.0653570890426636, 0.03003431111574173, -0.6731558442115784, -0.3959251046180725, 0.12325769662857056]
pred step=289 action=[[-0.23345541954040527, 0.9775541424751282, 0.5503338575363159, 0.20430201292037964, 0.642794132232666, 0.2745476961135864, 0.9516224265098572, 0.3671116232872009, 1.6493163108825684, 1.0605679750442505, 0.05232951417565346, -0.6708941459655762, -0.3873049020767212, 0.11712104082107544]] left_gripper=0.9516224265098572 right_gripper=0.11712104082107544
update step=290 qpos=[-0.2322612702846527, 0.9729469418525696, 0.5478991270065308, 0.20369505882263184, 0.639864981174469, 0.27280813455581665, 0.9516224265098573, 0.36735039949417114, 1.6502677202224731, 1.0611411333084106, 0.04948808625340462, -0.6711772680282593, -0.3884042799472809, 0.11712104082107544]
pred step=290 action=[[-0.24543453752994537, 1.0013213157653809, 0.5664544105529785, 0.22398683428764343, 0.6696954965591431, 0.2867353856563568, 0.9421710968017578, 0.3631455898284912, 1.6488242149353027, 1.045894980430603, 0.10456515848636627, -0.6913479566574097, -0.35855555534362793, 0.12552869319915771]] left_gripper=0.9421710968017578 right_gripper=0.12552869319915771
update step=291 qpos=[-0.24399319291114807, 0.9979706406593323, 0.5644896626472473, 0.22148077189922333, 0.6659241914749146, 0.28496336936950684, 0.9421710968017578, 0.3636297285556793, 1.6490710973739624, 1.047754168510437, 0.09754040092229843, -0.6887769103050232, -0.362367182970047, 0.12552869319915771]
pred step=291 action=[[-0.25565075874328613, 1.0669795274734497, 0.6007709503173828, 0.22878512740135193, 0.7226190567016602, 0.28757745027542114, 0.9349175691604614, 0.36229419708251953, 1.6284923553466797, 1.0271031856536865, 0.14900299906730652, -0.7320194244384766, -0.3330208659172058, 0.10858005285263062]] left_gripper=0.9349175691604614 right_gripper=0.10858005285263062
update step=292 qpos=[-0.25441715121269226, 1.0591152906417847, 0.5966004133224487, 0.22789965569972992, 0.7153958082199097, 0.2872430086135864, 0.9349175691604614, 0.36253952980041504, 1.6308152675628662, 1.0296173095703125, 0.1424376368522644, -0.7265579700469971, -0.336770236492157, 0.10858005285263062]
pred step=292 action=[[-0.2589167356491089, 1.0817711353302002, 0.6235917210578918, 0.1981200873851776, 0.7168188095092773, 0.3201594352722168, 0.9126664400100708, 0.3557901382446289, 1.5969398021697998, 1.0160349607467651, 0.15304242074489594, -0.7232643365859985, -0.34335964918136597, 0.15220344066619873]] left_gripper=0.9126664400100708 right_gripper=0.15220344066619873
update step=293 qpos=[-0.25840574502944946, 1.0790959596633911, 0.6205559372901917, 0.20199038088321686, 0.7166312336921692, 0.3159582018852234, 0.9126664400100708, 0.35646793246269226, 1.600985050201416, 1.0175002813339233, 0.15164321660995483, -0.7236963510513306, -0.3425186574459076, 0.15220344066619876]
pred step=293 action=[[-0.2518598437309265, 1.0522685050964355, 0.615627646446228, 0.19141998887062073, 0.6917909979820251, 0.3208008110523224, 0.9128594398498535, 0.34971439838409424, 1.5720325708389282, 1.0062462091445923, 0.1199466809630394, -0.6868613958358765, -0.3487406075000763, 0.15756726264953613]] left_gripper=0.9128594398498535 right_gripper=0.15756726264953613
update step=294 qpos=[-0.2525540292263031, 1.0552781820297241, 0.6162599921226501, 0.19278571009635925, 0.6949468851089478, 0.3201841711997986, 0.9128594398498535, 0.3503758907318115, 1.5756139755249023, 1.0072567462921143, 0.12388184666633606, -0.6915438771247864, -0.34794387221336365, 0.15756726264953613]
pred step=294 action=[[-0.25842422246932983, 1.1028980016708374, 0.6387889385223389, 0.20885083079338074, 0.7364394664764404, 0.32630646228790283, 0.9144120216369629, 0.3400542736053467, 1.5554922819137573, 0.9874334931373596, 0.20265285670757294, -0.7401134967803955, -0.30768102407455444, 0.16345623135566711]] left_gripper=0.9144120216369629 right_gripper=0.16345623135566711
update step=295 qpos=[-0.2578262388706207, 1.0975614786148071, 0.6361199021339417, 0.20681296288967133, 0.7311424016952515, 0.3255252242088318, 0.9144120216369629, 0.34125855565071106, 1.5578275918960571, 0.9898796081542969, 0.19262132048606873, -0.7339447736740112, -0.312825083732605, 0.16345623135566711]
pred step=295 action=[[-0.27576592564582825, 1.13064706325531, 0.6638659238815308, 0.22429591417312622, 0.7725123763084412, 0.3409307599067688, 0.8641502261161804, 0.3450574576854706, 1.552323341369629, 0.9534997344017029, 0.28329983353614807, -0.7601668238639832, -0.2652941346168518, 0.1537296175956726]] left_gripper=0.8641502261161804 right_gripper=0.1537296175956726
update step=296 qpos=[-0.2738230228424072, 1.1267036199569702, 0.6608845591545105, 0.2221793383359909, 0.7672774195671082, 0.3389703035354614, 0.8641502261161804, 0.34473174810409546, 1.553156852722168, 0.9577271342277527, 0.2716781497001648, -0.7568632364273071, -0.2713654637336731, 0.1537296175956726]
pred step=296 action=[[-0.27173078060150146, 1.1352778673171997, 0.6671902537345886, 0.2367192804813385, 0.7774491906166077, 0.3459599018096924, 0.854248046875, 0.33601027727127075, 1.5064873695373535, 0.9279841184616089, 0.3228038549423218, -0.7630090117454529, -0.24152374267578125, 0.17174220085144043]] left_gripper=0.854248046875 right_gripper=0.17174220085144043
update step=297 qpos=[-0.2719811499118805, 1.134310245513916, 0.666495144367218, 0.2348894327878952, 0.776145875453949, 0.34507012367248535, 0.854248046875, 0.3369070291519165, 1.5116491317749023, 0.9316795468330383, 0.316328227519989, -0.7622589468955994, -0.2453349232673645, 0.17174220085144043]
pred step=297 action=[[-0.2725953757762909, 1.142042875289917, 0.656632661819458, 0.22940486669540405, 0.7894371747970581, 0.336425244808197, 0.8181397914886475, 0.33103927969932556, 1.4753204584121704, 0.8861936926841736, 0.3838099241256714, -0.7655472755432129, -0.20278805494308472, 0.17668381333351135]] left_gripper=0.8181397914886475 right_gripper=0.17668381333351135
update step=298 qpos=[-0.27255553007125854, 1.141268253326416, 0.6576257944107056, 0.23003244400024414, 0.787750780582428, 0.337527334690094, 0.8181397914886473, 0.3316831588745117, 1.4797433614730835, 0.8913190364837646, 0.3751106262207031, -0.7651655077934265, -0.20822180807590485, 0.17668381333351135]
pred step=298 action=[[-0.2621002495288849, 1.1235582828521729, 0.6594918370246887, 0.2348247468471527, 0.7700008153915405, 0.3442014455795288, 0.8119344115257263, 0.31230369210243225, 1.4299874305725098, 0.8652076721191406, 0.3912026286125183, -0.7551676034927368, -0.1788063943386078, 0.244469553232193]] left_gripper=0.8119344115257263 right_gripper=0.244469553232193
update step=299 qpos=[-0.2632353901863098, 1.1253780126571655, 0.6595450043678284, 0.23430471122264862, 0.7722429037094116, 0.34335026144981384, 0.8119344115257263, 0.3143307864665985, 1.4356709718704224, 0.8682662844657898, 0.3891479969024658, -0.7564405202865601, -0.1825585514307022, 0.24446955323219302]
pred step=299 action=[[-0.26369529962539673, 1.1483652591705322, 0.6640146970748901, 0.22141975164413452, 0.780531644821167, 0.3612082302570343, 0.8010918498039246, 0.30645951628685, 1.3958417177200317, 0.8087437152862549, 0.46473821997642517, -0.7826186418533325, -0.1375345140695572, 0.2503582537174225]] left_gripper=0.8010918498039246 right_gripper=0.2503582537174225
